approach,data_folder,plot_label,flow_count,run,seed,mean_jain_fairness,p05_jain_fairness,mean_min_max_goodput_ratio,p05_min_max_goodput_ratio,avg_srtt_ms
bbr,bbr,BBRv3,2,1,1,0.8776659914644591,0.636555182779614,0.522042825527534,0.13920134473606408,99.52442080824972
bbr,bbr,BBRv3,2,2,2,0.9324938219356554,0.7933637785998531,0.6476705690948229,0.3241976390657149,130.98331379041247
bbr,bbr,BBRv3,2,3,3,0.9273277823688824,0.7149090926300031,0.6541966971050017,0.22587356388441926,140.2616604626533
bbr,bbr,BBRv3,2,4,4,0.8370603202420605,0.7141594849016837,0.4412518283074388,0.22500154699044436,133.9086538684504
bbr,bbr,BBRv3,2,5,5,0.8956409132062016,0.6563437056555536,0.5791834425151217,0.1603643804362305,116.24065328316611
bbr,bbr,BBRv3,2,6,6,0.8847508961701952,0.6150010437640108,0.5573281918009317,0.1165641861752924,135.95962265328876
bbr,bbr,BBRv3,2,7,7,0.9503867604178318,0.8378398412987648,0.7199082911545147,0.3889491588863284,132.37337343366778
bbr,bbr,BBRv3,2,8,8,0.927569130001314,0.802976224196619,0.6224502388738303,0.3374962998738612,123.04637469899666
bbr,bbr,BBRv3,2,9,9,0.9646004676734803,0.8646606130891069,0.7438498232598864,0.43304492760177915,118.60888213489409
bbr,bbr,BBRv3,2,10,10,0.9260365004713522,0.5925567893519221,0.6823794229737007,0.09337259845950172,132.30439671125976
bbr,bbr,BBRv3,2,11,11,0.9315899538553629,0.7459527019312152,0.649683759479951,0.2629598679447534,133.97603614269786
bbr,bbr,BBRv3,2,12,12,0.9232213624945348,0.6335108325509904,0.6637419244016257,0.13598163317888595,153.9638562653289
bbr,bbr,BBRv3,2,13,13,0.9194003545468162,0.7645938204236727,0.6258919822660088,0.28627875395054714,126.3933023188406
bbr,bbr,BBRv3,2,14,14,0.8287448262833831,0.6236352338891848,0.44052928785682716,0.12558596943251613,134.2668579319955
bbr,bbr,BBRv3,2,15,15,0.9295326132947271,0.8161064302397548,0.6506463613216532,0.35621908619050785,129.11963023968787
bbr,bbr,BBRv3,2,16,16,0.9250466731889393,0.7714341323324412,0.626503366531841,0.2950710475104939,108.3820329431438
bbr,bbr,BBRv3,2,17,17,0.9474813093962232,0.7950504047148793,0.702092539444669,0.32650455244781446,161.01139356744704
bbr,bbr,BBRv3,2,18,18,0.8856155972065487,0.6448517647307731,0.5633548837603235,0.14802569979314395,162.0266494314381
bbr,bbr,BBRv3,2,19,19,0.9128660952680554,0.769223814822958,0.5852964325430321,0.2922123095498531,129.88414375139354
bbr,bbr,BBRv3,2,20,20,0.9527091998986792,0.8543510447069189,0.7044935926847368,0.41553811014189024,129.41991886287624
bbr,bbr,BBRv3,2,21,21,0.9199507961337069,0.7180937528678082,0.6438472768959326,0.22958980076172247,126.03410863991081
bbr,bbr,BBRv3,2,22,22,0.8683185456847027,0.7231859544681005,0.5028822502021211,0.23557160947109254,138.24082890746936
bbr,bbr,BBRv3,2,23,23,0.8393791430124198,0.6447249708772824,0.4723323039158826,0.14789086325695477,123.25020562987736
bbr,bbr,BBRv3,2,24,24,0.9085239097753243,0.714711506606533,0.5727936572235305,0.22564357927746292,116.48295636008922
bbr,bbr,BBRv3,2,25,25,0.8962148604024454,0.7095593314740706,0.564743960824639,0.21967818939716133,167.31807518952064
bbr,bbr,BBRv3,2,26,26,0.923245722716839,0.7644725549602719,0.6235789136336904,0.28612457959662035,130.19508123188405
bbr,bbr,BBRv3,2,27,27,0.8934864988452816,0.6540282153584432,0.5754554642689222,0.15786693224327716,176.23923960423633
bbr,bbr,BBRv3,2,28,28,0.9681189966410202,0.8813537700254972,0.7692853949492245,0.46318979895085816,125.44387865663322
bbr,bbr,BBRv3,2,29,29,0.9164178077290827,0.7176052363646442,0.623739609889081,0.22902910238376686,149.27293971014493
bbr,bbr,BBRv3,2,30,30,0.9096117235064063,0.7402194539553734,0.6126823851227472,0.2559576822783949,123.44433478818283
bbr,bbr,BBRv3,2,31,31,0.9425304492749323,0.7416602254162779,0.7171511195788496,0.25771118420492006,118.62350319397993
bbr,bbr,BBRv3,2,32,32,0.9346288493398335,0.6896877074165165,0.7078894031560687,0.19705372822410844,96.55040595875138
bbr,bbr,BBRv3,2,33,33,0.8738869479067466,0.6695483313685662,0.5477429584989955,0.17472440938541284,123.71959250278707
bbr,bbr,BBRv3,2,34,34,0.8642660665459391,0.7172894974773182,0.4758171862448185,0.22864987875932774,153.7628005239688
bbr,bbr,BBRv3,2,35,35,0.9441034294633311,0.7595133164759982,0.746274721448271,0.27983522419042917,88.87080789297659
bbr,bbr,BBRv3,2,36,36,0.8928362748990444,0.60450573966586,0.5952181295600283,0.10567341851433448,137.56405858416946
bbr,bbr,BBRv3,2,37,37,0.8737287806990351,0.6801229153714341,0.5242210392452555,0.18637997740338177,150.31226183946487
bbr,bbr,BBRv3,2,38,38,0.8962221933557812,0.6874334912940971,0.5576623519825247,0.19453234472959008,153.34547435897434
bbr,bbr,BBRv3,2,39,39,0.8864856980717248,0.5881968989651709,0.573012156338095,0.08889395161873313,177.96057011705688
bbr,bbr,BBRv3,2,40,40,0.9067603867548809,0.7048834061629367,0.6033143261986091,0.21429194167177143,145.357644877369
bbr,bbr,BBRv3,2,41,41,0.9002631429093308,0.6657974178103336,0.6105491645941015,0.17062421996142596,111.220278154961
bbr,bbr,BBRv3,2,42,42,0.8626029513541484,0.6313223027477076,0.5172628557512174,0.1336687383517233,126.40850695652173
bbr,bbr,BBRv3,2,43,43,0.9484273352345864,0.7150771201288755,0.7296500590623157,0.22607375761247234,130.47649420289855
bbr,bbr,BBRv3,2,44,44,0.9172809492519144,0.7944418901497543,0.6048118277944912,0.325671976476832,127.29753381828316
bbr,bbr,BBRv3,2,45,45,0.9330042203317259,0.7691222297914472,0.6595483523227853,0.2920849455727951,127.37216082497213
bbr,bbr,BBRv3,2,46,46,0.9394459560790565,0.7954131159741766,0.6710932616041801,0.32700168717701567,145.37504201226312
bbr,bbr,BBRv3,2,47,47,0.8224346265960364,0.597620396979168,0.44243725694138003,0.09856891206192597,127.59253173913044
bbr,bbr,BBRv3,2,48,48,0.8619960882113602,0.6709804930093387,0.4940612396712666,0.17629452870760975,150.51749638238573
bbr,bbr,BBRv3,2,49,49,0.9460617831425353,0.8495357489836342,0.6725550406012517,0.40761071312255287,148.99518602564103
bbr,bbr,BBRv3,2,50,50,0.836623032713659,0.6871673964099848,0.43677303321628697,0.1942316575253907,148.50701851170567
bbr,bbr,BBRv3,4,1,1,0.837663810830985,0.6111819725128077,0.3952842642114533,0.10746269775030434,105.27054004459309
bbr,bbr,BBRv3,4,2,2,0.8585258784024986,0.6472499790913019,0.4280243952764931,0.1498606695034875,140.44716933110368
bbr,bbr,BBRv3,4,3,3,0.9142721584380854,0.7805499647947639,0.5043773455156313,0.2779375555958876,143.02663338628764
bbr,bbr,BBRv3,4,4,4,0.833724881860922,0.6440154929443966,0.38452068723202554,0.1378255239733881,137.8851692948718
bbr,bbr,BBRv3,4,5,5,0.8729832867407447,0.653406418561517,0.4508266904047621,0.1286951868406472,126.02340923913044
bbr,bbr,BBRv3,4,6,6,0.8318548524685065,0.5185291754678347,0.3634590123544243,0.09954095722530934,144.22456759197325
bbr,bbr,BBRv3,4,7,7,0.87939188034277,0.7342738981596645,0.4255321711069342,0.19713327088359242,135.96631107580825
bbr,bbr,BBRv3,4,8,8,0.8737529000925183,0.6435733736707031,0.4363664519560077,0.19221861294525389,127.8142479710145
bbr,bbr,BBRv3,4,9,9,0.8491670088632975,0.6361326395662843,0.4108273650000032,0.1024616254076016,122.0609909057971
bbr,bbr,BBRv3,4,10,10,0.8834841331505303,0.7377636105480126,0.4423669011164133,0.2134009296933184,138.5630744509476
bbr,bbr,BBRv3,4,11,11,0.8694865505368287,0.6581502867088673,0.41614680202986476,0.1367956268955109,149.99607466555184
bbr,bbr,BBRv3,4,12,12,0.804365420454772,0.5922533399119997,0.31239046784812946,0.11390644351320123,156.8154595039019
bbr,bbr,BBRv3,4,13,13,0.8403808952442506,0.6476588970397074,0.37182717060593906,0.05571096468608694,143.25722913600893
bbr,bbr,BBRv3,4,14,14,0.8201639135336233,0.5433801304823843,0.3608187707354966,0.09920194481719659,142.82272212374582
bbr,bbr,BBRv3,4,15,15,0.8779090004883433,0.7330723136182582,0.430578976640089,0.21469967363756975,140.69614945652174
bbr,bbr,BBRv3,4,16,16,0.8568297444670014,0.6156095191967491,0.42359546007123927,0.12763420222427566,117.23248389910816
bbr,bbr,BBRv3,4,17,17,0.8557805675158814,0.5587436380160142,0.4216806468589578,0.12395092815245458,162.27660014214047
bbr,bbr,BBRv3,4,18,18,0.8240503169175785,0.6713496682606895,0.32091191425577414,0.16105988286656095,169.7747272742475
bbr,bbr,BBRv3,4,19,19,0.9135483187974148,0.7907531125408352,0.4955492382720354,0.2589896820230537,135.4462746070234
bbr,bbr,BBRv3,4,20,20,0.9230141446730425,0.7903239946823153,0.5357975104897167,0.2776920962857815,135.33170517837235
bbr,bbr,BBRv3,4,21,21,0.9013045105235657,0.7606125510094536,0.47854192915676513,0.2270666406103594,132.3676381187291
bbr,bbr,BBRv3,4,22,22,0.8192607091739916,0.6263692797066438,0.3311297437547719,0.18217955902226357,147.26377649386845
bbr,bbr,BBRv3,4,23,23,0.7687287371885598,0.5842204415530048,0.2954488457270768,0.1058137006100024,127.04090640746935
bbr,bbr,BBRv3,4,24,24,0.8587351272663712,0.6644518349410451,0.41011138498808936,0.10876260194120868,134.0160319704571
bbr,bbr,BBRv3,4,25,25,0.8227995576050237,0.6675731893621463,0.35203296468642636,0.15302511003645433,166.50724504180602
bbr,bbr,BBRv3,4,26,26,0.8064234462485342,0.5554714126719119,0.354085519454058,0.13242735172393716,134.03638908862877
bbr,bbr,BBRv3,4,27,27,0.8517372694802599,0.6795564234556688,0.3612174182229225,0.141879091543479,180.4447980936455
bbr,bbr,BBRv3,4,28,28,0.8997787709326063,0.6722090138261521,0.48833671760665764,0.12480725449542104,132.86371710702343
bbr,bbr,BBRv3,4,29,29,0.8651334556932873,0.7177592855446389,0.3718323107863486,0.10717121077793847,158.91299967391305
bbr,bbr,BBRv3,4,30,30,0.7892164361025027,0.5553227791229449,0.3241903116145602,0.12125147807820463,127.11227983277594
bbr,bbr,BBRv3,4,31,31,0.9136103412157153,0.7958174107027836,0.49718362776924946,0.20276165454418565,122.67607606187292
bbr,bbr,BBRv3,4,32,32,0.9231126908978554,0.7860934349579837,0.5320162331285287,0.22251263061539428,99.82312210423635
bbr,bbr,BBRv3,4,33,33,0.8646240160598718,0.7061413651035242,0.3945097557598072,0.08817240762224328,132.3978736928651
bbr,bbr,BBRv3,4,34,34,0.7382257520887076,0.39425330521392815,0.25939440946119086,0.0752119202885445,166.02842081103677
bbr,bbr,BBRv3,4,35,35,0.8046480467943851,0.5937857063793761,0.37442735849830133,0.13018347618297202,91.88468409141582
bbr,bbr,BBRv3,4,36,36,0.7762407310424881,0.2987724521820378,0.3103618646537211,0.018381489264153693,140.39743867335562
bbr,bbr,BBRv3,4,37,37,0.8204386872968233,0.6604876226622801,0.3549793695058817,0.14987334656005627,157.21265802954292
bbr,bbr,BBRv3,4,38,38,0.7712147416330979,0.5120969436100732,0.2840123812274597,0.0673392832242,165.53119653567447
bbr,bbr,BBRv3,4,39,39,0.8657117140046385,0.5758152852325645,0.4373188244458758,0.12262935028944486,170.08741219063543
bbr,bbr,BBRv3,4,40,40,0.8655111608904381,0.6182217131579396,0.4364943799881588,0.15681834708216721,152.14993929208475
bbr,bbr,BBRv3,4,41,41,0.8495005250029226,0.5446711625001508,0.4072348323844012,0.14860653085008677,124.95155603400224
bbr,bbr,BBRv3,4,42,42,0.8443753086853407,0.5017377449313686,0.3947055143725842,0.10051166305270286,139.29244585005574
bbr,bbr,BBRv3,4,43,43,0.8031206136601505,0.5526697192197871,0.3629206229532899,0.1260568315156462,147.1821220401338
bbr,bbr,BBRv3,4,44,44,0.8711963158335659,0.6696913365201654,0.44009235593302926,0.2030626786646818,129.7672671850613
bbr,bbr,BBRv3,4,45,45,0.7665892241904511,0.4972872106073818,0.312608260470109,0.12004836854899677,135.05388103400225
bbr,bbr,BBRv3,4,46,46,0.8834744256506281,0.6123646402658269,0.47802787989033646,0.10781794403715492,150.81146416666667
bbr,bbr,BBRv3,4,47,47,0.8889814627558299,0.7137781246341472,0.4338204214913813,0.17728230023143768,142.10744693979933
bbr,bbr,BBRv3,4,48,48,0.8152221083136659,0.6176916943287463,0.33094977834468353,0.11071659019711445,161.14872847826086
bbr,bbr,BBRv3,4,49,49,0.8099391907669821,0.52427099662826,0.39958714834387354,0.12368928228355132,147.59828414437013
bbr,bbr,BBRv3,4,50,50,0.8013191733658056,0.5450031594664049,0.33707080768463754,0.10733037537445035,153.10590433389072
bbr,bbr,BBRv3,5,1,1,0.8210697200145863,0.3808432158696119,0.4220824574173642,0.053603250992512334,107.71278181270904
bbr,bbr,BBRv3,5,2,2,0.8138230772225654,0.545351332704035,0.3519557644692011,0.12539856858178602,142.50325363433666
bbr,bbr,BBRv3,5,3,3,0.790221212792066,0.537504738830249,0.3175347074067934,0.11562833038204687,148.8800691571906
bbr,bbr,BBRv3,5,4,4,0.9528412283323342,0.8389902040516203,0.6027720916687772,0.28428262226933926,139.4592612084727
bbr,bbr,BBRv3,5,5,5,0.866693034093037,0.5342604725221343,0.4383428602841857,0.100951774252586,126.55257360758083
bbr,bbr,BBRv3,5,6,6,0.8490962504721788,0.5847707515101485,0.39019482645388576,0.09605205200130763,143.73619331326645
bbr,bbr,BBRv3,5,7,7,0.7912965458462257,0.416655033713667,0.37987461067437284,0.08514678617017149,136.9748251081382
bbr,bbr,BBRv3,5,8,8,0.8527362699202414,0.5479827656979921,0.4096296068433546,0.14008814521496563,132.94062338015607
bbr,bbr,BBRv3,5,9,9,0.760199720546142,0.49814395094386754,0.27754186932981817,0.07947016755471274,124.1407209877369
bbr,bbr,BBRv3,5,10,10,0.8676728228733179,0.5768443356060616,0.3985723689205246,0.07955850695804434,136.59213061315495
bbr,bbr,BBRv3,5,11,11,0.8804907178603905,0.7204763967978709,0.4288944472797035,0.20048599980386336,153.4704045618729
bbr,bbr,BBRv3,5,12,12,0.8673026731507664,0.7176551857888667,0.3808245994931183,0.18221473720278386,161.96299855072465
bbr,bbr,BBRv3,5,13,13,0.8640711967101989,0.6686183677941153,0.41261349663276653,0.16928065532453324,137.7134889966555
bbr,bbr,BBRv3,5,14,14,0.6942933768164495,0.39138443032988135,0.3025890793386574,0.07489933900867879,140.21763733333333
bbr,bbr,BBRv3,5,15,15,0.856020411947797,0.6009551666715067,0.4334691644156275,0.14251995755892383,141.9905032374582
bbr,bbr,BBRv3,5,16,16,0.8705926357244751,0.6737411449891673,0.43971929849378805,0.20567103990475036,116.55925744481605
bbr,bbr,BBRv3,5,17,17,0.7595215205058667,0.470250543969806,0.27981025968727896,0.05222842612784163,170.98377320401337
bbr,bbr,BBRv3,5,18,18,0.8186901419414574,0.6168538794866717,0.3348094479924892,0.14074606986188626,175.5727627982163
bbr,bbr,BBRv3,5,19,19,0.8343830428921296,0.5943453841661693,0.3471297997930515,0.12401014235394553,135.28222790858416
bbr,bbr,BBRv3,5,20,20,0.8941478141697939,0.7062871727095396,0.4665315499000634,0.15937115472925187,135.89147967892978
bbr,bbr,BBRv3,5,21,21,0.8306254517365286,0.41721377053223635,0.41439798895282265,0.08925508429073342,137.81099685395765
bbr,bbr,BBRv3,5,22,22,0.7940170210136573,0.44189693212519865,0.3331991024894498,0.08976383615769055,148.5089257056856
bbr,bbr,BBRv3,5,23,23,0.8161209299376285,0.5729880691943697,0.38571045435809015,0.1363900029853402,127.9414221560758
bbr,bbr,BBRv3,5,24,24,0.7568494675230941,0.42378390839906194,0.2971086008239664,0.04938272343761428,130.53126021850613
bbr,bbr,BBRv3,5,25,25,0.8646662211077925,0.6968864222076396,0.38274245682565966,0.1687606329988286,171.23263543143813
bbr,bbr,BBRv3,5,26,26,0.7824399216587945,0.4730410755392236,0.33684249862485205,0.0947502448464663,140.751022180602
bbr,bbr,BBRv3,5,27,27,0.8111863515376914,0.5612458661865262,0.3257164273928535,0.10183570561378232,183.4772401560758
bbr,bbr,BBRv3,5,28,28,0.8830048866511496,0.5934742526453817,0.4582166266203894,0.10783043785551638,128.35823845261984
bbr,bbr,BBRv3,5,29,29,0.7292223632556877,0.4599162159683728,0.24664858100191603,0.08244380595676613,163.34124870234115
bbr,bbr,BBRv3,5,30,30,0.8545369501140063,0.6988003954312799,0.371741463899057,0.10599147034931126,132.75748437458194
bbr,bbr,BBRv3,5,31,31,0.8131955103029482,0.5399983318184285,0.35809768440323375,0.13440923540754032,125.61577047268675
bbr,bbr,BBRv3,5,32,32,0.8884016280876527,0.6353140795925182,0.5058771306258323,0.13389017000391182,104.07770968784837
bbr,bbr,BBRv3,5,33,33,0.8408982314519428,0.6211661621390867,0.38227904878051133,0.14652989508325165,138.6937331527313
bbr,bbr,BBRv3,5,34,34,0.7065767245089497,0.4006694805856783,0.2443509113634252,0.054179959546197115,169.27577399331102
bbr,bbr,BBRv3,5,35,35,0.7791843143488829,0.5575167467951352,0.3272759955608854,0.13073538820868838,96.39850758082498
bbr,bbr,BBRv3,5,36,36,0.8303688394694236,0.5917351430928083,0.3200107565421389,0.07437622619423707,141.21455868896322
bbr,bbr,BBRv3,5,37,37,0.8523845649559577,0.6535670489377655,0.3797273185231569,0.14118691616297932,157.30200865997773
bbr,bbr,BBRv3,5,38,38,0.8081332368401035,0.4605357067559011,0.3300031014833859,0.05173505750522694,155.18865083389076
bbr,bbr,BBRv3,5,39,39,0.8029547698759711,0.5369394663311274,0.3488533620291028,0.10183998686436758,184.95818535117058
bbr,bbr,BBRv3,5,40,40,0.7822810076219299,0.5439864005542969,0.2872250096350372,0.07845617537204493,151.0649754916388
bbr,bbr,BBRv3,5,41,41,0.9031865458229015,0.7459440482915416,0.46606212187733376,0.22909340625209015,124.70755993534003
bbr,bbr,BBRv3,5,42,42,0.8702459569099172,0.6577310895041092,0.4187908234269483,0.10533653486666526,138.97501017837234
bbr,bbr,BBRv3,5,43,43,0.8257148558067638,0.5760965851338323,0.33610376610701215,0.09464210681052956,142.76130598885172
bbr,bbr,BBRv3,5,44,44,0.8130429457712384,0.6125342704497363,0.34676152261807713,0.14508859677086675,130.68271734225195
bbr,bbr,BBRv3,5,45,45,0.830847906082181,0.5945477900367951,0.37696876625912457,0.15429023430687278,139.2327888405797
bbr,bbr,BBRv3,5,46,46,0.804904996429928,0.6160614053346893,0.3055142884275997,0.11939730206063878,156.40507334448162
bbr,bbr,BBRv3,5,47,47,0.8922807701620634,0.7270665513156904,0.445816145043987,0.2128817809839345,136.74169943589743
bbr,bbr,BBRv3,5,48,48,0.88711912416906,0.6981419395912393,0.4177014482048315,0.18297849477593792,159.7175517146042
bbr,bbr,BBRv3,5,49,49,0.7917715016392363,0.5415855801266691,0.3344035448922144,0.0957084504958076,149.74706404682274
bbr,bbr,BBRv3,5,50,50,0.8486035193598152,0.6348036312666998,0.3762591152329778,0.06568552413757393,160.76076376811594
bbr,bbr,BBRv3,7,1,1,0.763620827527241,0.5188475649930344,0.2943542812544683,0.0772940059271277,109.41077383500556
bbr,bbr,BBRv3,7,2,2,0.8608142064979419,0.684951773520648,0.35997593367725433,0.11331502157676066,149.50236260551043
bbr,bbr,BBRv3,7,3,3,0.8445912982263857,0.638166233923327,0.3220012240465539,0.057700623868857534,158.95159836916704
bbr,bbr,BBRv3,7,4,4,0.8547644547507958,0.6846548405292374,0.3370007937555286,0.14533650578955926,143.57112640070076
bbr,bbr,BBRv3,7,5,5,0.8319070478720941,0.5731542933337037,0.37099353500821103,0.07848425394926667,139.660138079312
bbr,bbr,BBRv3,7,6,6,0.8433413251809676,0.3600436410211625,0.370361394785565,0.04792495400959953,144.79797740245263
bbr,bbr,BBRv3,7,7,7,0.7786153221021014,0.37848926483058515,0.35365521125317845,0.057655073942399424,145.96621465360727
bbr,bbr,BBRv3,7,8,8,0.8726349416418328,0.6261265339035863,0.43313849260651155,0.14558124975249806,136.14852825609174
bbr,bbr,BBRv3,7,9,9,0.8670402530444741,0.6832769422620287,0.37883685481744567,0.1425962353024149,129.05809230291447
bbr,bbr,BBRv3,7,10,10,0.7599537294779191,0.4166801832206163,0.3128667539425095,0.07311032200672204,144.1294936056697
bbr,bbr,BBRv3,7,11,11,0.8531605672139504,0.6307803931810618,0.36697454250512307,0.0961973648935585,152.01319334129636
bbr,bbr,BBRv3,7,12,12,0.8640604188257195,0.616816696156825,0.36788419923309895,0.09858364777212801,165.20580077400862
bbr,bbr,BBRv3,7,13,13,0.8555586620829159,0.7102535867142349,0.33151021167179917,0.1354138647692603,145.61784536391147
bbr,bbr,BBRv3,7,14,14,0.8154291782417394,0.5809113991736273,0.32915187319588096,0.12028468789605201,148.63141844879758
bbr,bbr,BBRv3,7,15,15,0.9082448698482168,0.7843751144086779,0.4304481004437441,0.22531265179841542,141.2308781127568
bbr,bbr,BBRv3,7,16,16,0.8089557289082716,0.5083321961292485,0.3305747648941708,0.09582461891972412,120.04608621118014
bbr,bbr,BBRv3,7,17,17,0.8860003420742574,0.7905917670499464,0.38546302315733716,0.22346128097603982,164.24022802357064
bbr,bbr,BBRv3,7,18,18,0.7784223703414381,0.47089045880630565,0.23120070839971057,0.08481260001754043,179.60870256728776
bbr,bbr,BBRv3,7,19,19,0.8330518915664233,0.562376632386833,0.3617771294830525,0.09472446750122326,140.6199131597388
bbr,bbr,BBRv3,7,20,20,0.8933859670336965,0.6609260934041024,0.4367786125573682,0.11179108749873191,137.65615302914475
bbr,bbr,BBRv3,7,21,21,0.8097024165166438,0.5441157373239708,0.35660630920296993,0.10374172258764644,132.01798884695015
bbr,bbr,BBRv3,7,22,22,0.78726382497276,0.5912706349766277,0.27792737047987554,0.09456282345431384,158.62825545309764
bbr,bbr,BBRv3,7,23,23,0.8285991410794045,0.5206133201405072,0.3571532841031631,0.06892658814930118,136.37032809364547
bbr,bbr,BBRv3,7,24,24,0.8279297854785028,0.6416654798139836,0.31675963728053835,0.09571986110134915,129.60279382704252
bbr,bbr,BBRv3,7,25,25,0.8126416204873899,0.5422635733334776,0.2579795637018385,0.07432420790947604,192.37209677974198
bbr,bbr,BBRv3,7,26,26,0.7905287306197224,0.4816173484337223,0.2773813344362018,0.07381947566861852,153.88241135212613
bbr,bbr,BBRv3,7,27,27,0.8333687356563853,0.5446954491217988,0.34220977652577367,0.10958527560669348,188.43524518076129
bbr,bbr,BBRv3,7,28,28,0.8318885013815045,0.5944443438947851,0.31045186490201904,0.12779844702414683,133.139596317885
bbr,bbr,BBRv3,7,29,29,0.8412286467439627,0.629150244442083,0.34171859587587056,0.10425620365875596,166.9535920640229
bbr,bbr,BBRv3,7,30,30,0.8069624136289771,0.47871330754044067,0.33910165944701476,0.0758560297655376,138.65451699315176
bbr,bbr,BBRv3,7,31,31,0.8771613951135332,0.699602813981747,0.40046692441321774,0.17180484517488245,126.25744114827202
bbr,bbr,BBRv3,7,32,32,0.895306450438613,0.6312454403457515,0.47728114297659585,0.16138022587445466,105.41140244306419
bbr,bbr,BBRv3,7,33,33,0.7909553086602356,0.522365482087715,0.3149105551023783,0.10501651332623874,138.3501444895684
bbr,bbr,BBRv3,7,34,34,0.6597328821111033,0.3650361518878547,0.21382912695263917,0.062402611719574834,166.2898571778946
bbr,bbr,BBRv3,7,35,35,0.7339356665580662,0.44488984491600186,0.28325863669861034,0.09925997479125272,96.99419946010512
bbr,bbr,BBRv3,7,36,36,0.7183597834018479,0.24059726317074664,0.2813357425855112,0.02046893913648288,146.0677777384934
bbr,bbr,BBRv3,7,37,37,0.8372417406703677,0.5946304770041968,0.33818302848403337,0.12487689946865144,155.3405960821099
bbr,bbr,BBRv3,7,38,38,0.7316603149061884,0.35880466241059894,0.245823919469433,0.06246531633958295,171.50840764612204
bbr,bbr,BBRv3,7,39,39,0.8348809929801074,0.5752222250350859,0.35133832103675255,0.09872703587018393,184.94745265169612
bbr,bbr,BBRv3,7,40,40,0.8172226704093423,0.3969707680837745,0.3341321672666768,0.04062943366909802,156.9360779391623
bbr,bbr,BBRv3,7,41,41,0.7810583966733674,0.4612320163426128,0.32791012223634763,0.07622221016730447,130.7053266252588
bbr,bbr,BBRv3,7,42,42,0.8167261312100907,0.5684775390472847,0.34532393603771944,0.11128012615180768,140.53531827042522
bbr,bbr,BBRv3,7,43,43,0.8892129396013293,0.6862501342002715,0.417919778901434,0.13493421979435197,140.20774008122314
bbr,bbr,BBRv3,7,44,44,0.819102051712978,0.5500056487751975,0.34097965026139604,0.09753872102798485,136.40149162605513
bbr,bbr,BBRv3,7,45,45,0.8408202672135036,0.569573531465054,0.39354953397858333,0.10092687379897276,144.1359654976907
bbr,bbr,BBRv3,7,46,46,0.7037041637999063,0.38203063176209134,0.25882358533830874,0.065018210869642,152.49828774645644
bbr,bbr,BBRv3,7,47,47,0.8836208990608017,0.6705813560677313,0.43157019061684254,0.09909303413159383,149.00790104475237
bbr,bbr,BBRv3,7,48,48,0.7414312558235208,0.51596789537072,0.2608521842221128,0.08994079387216193,170.62118437012262
bbr,bbr,BBRv3,7,49,49,0.775626630258914,0.5913539489626305,0.28035557825037843,0.08830054705238805,155.6527398646281
bbr,bbr,BBRv3,7,50,50,0.8319086724500451,0.5250821361923951,0.3396221802602359,0.04825538144982625,167.79513078834208
bbr1,bbr1,BBRv1,2,1,1,0.9810730844686657,0.9264510295620684,0.8332873088873294,0.5603570118262235,91.48478963210701
bbr1,bbr1,BBRv1,2,2,2,0.9633780316832424,0.8641119717460245,0.7534974428332477,0.4321548883065279,119.22812329988852
bbr1,bbr1,BBRv1,2,3,3,0.9705564476749324,0.9041541925462425,0.764930853787103,0.5087670487772021,124.8810103734671
bbr1,bbr1,BBRv1,2,4,4,0.9757994714796282,0.9068240283501515,0.8046435365555488,0.5145263451415336,123.57647504459308
bbr1,bbr1,BBRv1,2,5,5,0.9443341289283493,0.7480860023317423,0.7221362047407255,0.26558511562118137,107.63208983277592
bbr1,bbr1,BBRv1,2,6,6,0.9523755180571956,0.7267844041755324,0.7518376913761114,0.23982975863531353,126.35856850613155
bbr1,bbr1,BBRv1,2,7,7,0.9717617811511752,0.8851414541536173,0.8102976536110615,0.47036169141303436,116.87816397993312
bbr1,bbr1,BBRv1,2,8,8,0.9354075026492013,0.630335528411849,0.7028191285935418,0.13262829261642836,119.42448651059087
bbr1,bbr1,BBRv1,2,9,9,0.9671916320264597,0.8692332782667707,0.7746852162538544,0.44106433953683055,115.83177545707915
bbr1,bbr1,BBRv1,2,10,10,0.9545699605028574,0.7187252040828304,0.7529726280450533,0.23033610500546975,118.79900695652174
bbr1,bbr1,BBRv1,2,11,11,0.9385302840850034,0.7189555082360407,0.6918003991599304,0.23060301474131428,152.80512444816054
bbr1,bbr1,BBRv1,2,12,12,0.9555164324987228,0.7924351205725008,0.7487868019675235,0.3229323656414502,134.96412591973245
bbr1,bbr1,BBRv1,2,13,13,0.9612300065221712,0.7892228590426916,0.7717685805744858,0.31857636371819953,122.50719362318841
bbr1,bbr1,BBRv1,2,14,14,0.9581556632462843,0.7174786156165714,0.7616912630890843,0.2288771370042608,119.02449855629877
bbr1,bbr1,BBRv1,2,15,15,0.9623844058116955,0.8715623144492913,0.7456864603424145,0.445214046980994,118.46678244704572
bbr1,bbr1,BBRv1,2,16,16,0.9652898425015788,0.8604080175832347,0.7641818005566463,0.4257310449814191,104.62200395206243
bbr1,bbr1,BBRv1,2,17,17,0.9404713002116366,0.6060002991469902,0.7346653385911037,0.10721898034676906,138.56957703455964
bbr1,bbr1,BBRv1,2,18,18,0.9463562993035793,0.6957584126239686,0.7245711173151276,0.203920302420086,146.02293767001115
bbr1,bbr1,BBRv1,2,19,19,0.9665381486363769,0.8196909290988369,0.7818881057346673,0.3614624923696412,113.02125036231882
bbr1,bbr1,BBRv1,2,20,20,0.9671332571005264,0.8778005010599714,0.7837198669861637,0.45658019396930877,120.99178313266444
bbr1,bbr1,BBRv1,2,21,21,0.9663966468317741,0.8624836459218953,0.7763488285674868,0.42928385272887226,124.74688687848385
bbr1,bbr1,BBRv1,2,22,22,0.9782354655728714,0.936802795245899,0.8057477635407463,0.587671100137934,120.90782313823857
bbr1,bbr1,BBRv1,2,23,23,0.9722097554085591,0.8989940453137762,0.7815436841072713,0.49792508648744116,107.05125251393534
bbr1,bbr1,BBRv1,2,24,24,0.9575366712698847,0.8182273197368878,0.750521291207084,0.3593342731475303,111.71325966555185
bbr1,bbr1,BBRv1,2,25,25,0.9497005751252474,0.8280796550577677,0.7090637458349782,0.37396568327928387,142.75200637123743
bbr1,bbr1,BBRv1,2,26,26,0.9709511253410517,0.8925088818308858,0.781052805511277,0.4847389710104841,117.10122188963209
bbr1,bbr1,BBRv1,2,27,27,0.9742598243983341,0.8961868553193278,0.7995969692501486,0.492146826439425,153.52315718506134
bbr1,bbr1,BBRv1,2,28,28,0.9555680524138944,0.7293539207865178,0.7656577929969681,0.24292761050017755,107.4680128483835
bbr1,bbr1,BBRv1,2,29,29,0.9411848524228428,0.7487569187251409,0.7007955908113662,0.2664129364424145,149.80768234113714
bbr1,bbr1,BBRv1,2,30,30,0.9760932571585268,0.9024730518372812,0.8063245387756298,0.5051916769049504,110.38956146042364
bbr1,bbr1,BBRv1,2,31,31,0.9613749659303568,0.8711175695368131,0.7511756626112647,0.44443978423661173,113.6650240858417
bbr1,bbr1,BBRv1,2,32,32,0.9461356598507286,0.6974808810124578,0.7326308023943631,0.20589181535980652,88.29484691192866
bbr1,bbr1,BBRv1,2,33,33,0.9375797626785068,0.6199924255228008,0.7047118145480646,0.12177173866960399,120.19703333890746
bbr1,bbr1,BBRv1,2,34,34,0.946759323492757,0.6855340968263683,0.7272720514006287,0.19240457285935036,133.1066761928651
bbr1,bbr1,BBRv1,2,35,35,0.9769216876151243,0.897999917412837,0.8091146870485244,0.4958586113781014,84.8110321516165
bbr1,bbr1,BBRv1,2,36,36,0.9572722520865697,0.7674126400028376,0.7630783481088007,0.290657039943433,122.37176714604237
bbr1,bbr1,BBRv1,2,37,37,0.9432760558039069,0.7443416016140982,0.6889559847529702,0.26098597328074724,140.37641227982164
bbr1,bbr1,BBRv1,2,38,38,0.963309086341795,0.7656878096770683,0.7712101937761586,0.28767537003565,141.29357190635452
bbr1,bbr1,BBRv1,2,39,39,0.9798257834534078,0.9261502686096029,0.8083423901674865,0.55960751748393,148.25656837792644
bbr1,bbr1,BBRv1,2,40,40,0.980547962012151,0.9292126842142859,0.8191870571325048,0.5674185783055736,140.44237308807135
bbr1,bbr1,BBRv1,2,41,41,0.9744913840938024,0.9043666357361689,0.8084564564056861,0.5092215814643661,108.96378041248607
bbr1,bbr1,BBRv1,2,42,42,0.9671299905518227,0.8301452861216435,0.7811463509551659,0.377140971924,120.71515986622073
bbr1,bbr1,BBRv1,2,43,43,0.9635616111788454,0.8671885560109339,0.7581689829380194,0.4374577416560391,121.83292339464882
bbr1,bbr1,BBRv1,2,44,44,0.9708046894316579,0.8367240427767547,0.7924537516066555,0.3872155591803877,111.44549003901895
bbr1,bbr1,BBRv1,2,45,45,0.9760929862233759,0.9020286796421196,0.8213072912692464,0.5042575506386319,119.11442076365665
bbr1,bbr1,BBRv1,2,46,46,0.9648147270334198,0.8645846043120397,0.7614008645366036,0.43291294839919586,129.31887462095875
bbr1,bbr1,BBRv1,2,47,47,0.9662349732224462,0.8611195025152748,0.7863307736381476,0.4269489938763442,120.4572450780379
bbr1,bbr1,BBRv1,2,48,48,0.9588031856202023,0.8342487421465955,0.7398526689208724,0.3833757796343575,136.24945748606467
bbr1,bbr1,BBRv1,2,49,49,0.9599778470268956,0.7732862655879552,0.7800936041740573,0.2974869510967097,127.22812167781494
bbr1,bbr1,BBRv1,2,50,50,0.933833007713087,0.6845010889539048,0.6972738876966288,0.19125199972017423,136.58076183389073
bbr1,bbr1,BBRv1,4,1,1,0.9228902279463443,0.6730844858115734,0.5767713604318052,0.07974069721073176,103.16292985785954
bbr1,bbr1,BBRv1,4,2,2,0.9268613005327692,0.6443952280499975,0.6147263871289689,0.15762427892200853,131.8950271516165
bbr1,bbr1,BBRv1,4,3,3,0.9513668622353263,0.8464682877032632,0.6312462457015843,0.30958123951798916,132.74969356465996
bbr1,bbr1,BBRv1,4,4,4,0.9543345254348774,0.835576019502174,0.6558433426996402,0.3445537673557934,136.36949195652176
bbr1,bbr1,BBRv1,4,5,5,0.9082107958119919,0.6041241128097926,0.5575168851395127,0.10087807252501098,125.77799480769231
bbr1,bbr1,BBRv1,4,6,6,0.9101205885490387,0.561805278366914,0.5947006169771621,0.08097751564096421,137.20164542642138
bbr1,bbr1,BBRv1,4,7,7,0.9398292404377899,0.7904766364065561,0.6117164349333176,0.2664265329593795,131.0371140774805
bbr1,bbr1,BBRv1,4,8,8,0.9168722184072922,0.6908214384951541,0.5517482002829606,0.17126688356691983,131.4882912263099
bbr1,bbr1,BBRv1,4,9,9,0.9311546104598983,0.7517617061853923,0.5972480174575003,0.16433982280522103,128.77658744147158
bbr1,bbr1,BBRv1,4,10,10,0.9288326412694162,0.7357114934275504,0.6158740983968177,0.17728387941304208,130.10709057692307
bbr1,bbr1,BBRv1,4,11,11,0.9374137738204288,0.7528441635740324,0.6170081049792625,0.20788212904613104,149.18541878762542
bbr1,bbr1,BBRv1,4,12,12,0.935307655028871,0.7613872742308316,0.591222825211373,0.2344914805735882,148.0609337263099
bbr1,bbr1,BBRv1,4,13,13,0.9379488308195937,0.8143774106675798,0.5897702468264375,0.26783140299219044,123.18978054626533
bbr1,bbr1,BBRv1,4,14,14,0.9472639061395892,0.7571980789785581,0.6313849219046558,0.25118200932618584,124.23917908026756
bbr1,bbr1,BBRv1,4,15,15,0.9352739650461914,0.8017094461328238,0.5720305651321039,0.3348328023145228,125.36457514214047
bbr1,bbr1,BBRv1,4,16,16,0.9463160162398594,0.8227817712968061,0.61791705670937,0.21024719987349122,118.24185635451504
bbr1,bbr1,BBRv1,4,17,17,0.9010926730655698,0.4828233808966623,0.5711085022352915,0.10376154455179924,144.8611249052397
bbr1,bbr1,BBRv1,4,18,18,0.9462756402842295,0.8096093320128556,0.6191384964627327,0.2598357644093784,160.05384474080267
bbr1,bbr1,BBRv1,4,19,19,0.9597481924313694,0.8429349360267695,0.6703372230192078,0.37319006641335783,124.99121116499444
bbr1,bbr1,BBRv1,4,20,20,0.8951035423077892,0.49610680493188325,0.5536552408468861,0.0882287663693852,133.1897534921962
bbr1,bbr1,BBRv1,4,21,21,0.9324263644279867,0.6884683496694366,0.6287035384137225,0.19948599475318676,129.89642369565217
bbr1,bbr1,BBRv1,4,22,22,0.9458472767210057,0.8014421104778137,0.6306282560923948,0.2978162191260915,133.50924702619844
bbr1,bbr1,BBRv1,4,23,23,0.9490262949572233,0.8320061128276796,0.6417321966835186,0.3063886675131136,124.91463346989966
bbr1,bbr1,BBRv1,4,24,24,0.9225815409021562,0.5844263993742698,0.6025284923565232,0.14550050048292248,122.59960307971014
bbr1,bbr1,BBRv1,4,25,25,0.9318556660929164,0.7349925430318237,0.5863612306402506,0.09228459761806877,153.42821059643254
bbr1,bbr1,BBRv1,4,26,26,0.9303924285365998,0.7077174489713663,0.5912992724954655,0.1572858619338047,128.0366000529543
bbr1,bbr1,BBRv1,4,27,27,0.9320088391421509,0.7156466643717053,0.5908718180671771,0.18853505247901112,165.52354336956523
bbr1,bbr1,BBRv1,4,28,28,0.9399302367996492,0.7548964697995394,0.5986506613982897,0.17970888746501468,123.80468758361205
bbr1,bbr1,BBRv1,4,29,29,0.9084315356629933,0.6457062133450059,0.5267014838136478,0.10956957341110315,159.37981041527314
bbr1,bbr1,BBRv1,4,30,30,0.9472602959845783,0.8307310848179671,0.636834193072763,0.30005151049809897,120.83940968784839
bbr1,bbr1,BBRv1,4,31,31,0.9502286783451367,0.813533015550273,0.6423129293467504,0.2425083954950372,118.63053940078038
bbr1,bbr1,BBRv1,4,32,32,0.965600069556069,0.8672672933493591,0.7137303342432921,0.3196151100977548,105.20342763935341
bbr1,bbr1,BBRv1,4,33,33,0.9166558382675828,0.6784707617537269,0.5745013743293697,0.19867632720341732,123.2056837792642
bbr1,bbr1,BBRv1,4,34,34,0.9298970721094675,0.6601704140576161,0.6252018839786917,0.18033817049317,147.78640140468227
bbr1,bbr1,BBRv1,4,35,35,0.9652493482944252,0.8809445745595141,0.694344636541371,0.3990643755893555,93.36799524804906
bbr1,bbr1,BBRv1,4,36,36,0.8997999611835534,0.40835690178656703,0.5679609687411755,0.03882196863815913,131.69556494983274
bbr1,bbr1,BBRv1,4,37,37,0.9258814883647223,0.7151951886311197,0.5630777722372015,0.07376023884317003,153.23457331661092
bbr1,bbr1,BBRv1,4,38,38,0.9077434956900515,0.6496389333210573,0.5382272540924666,0.13401579612899134,141.86563643812707
bbr1,bbr1,BBRv1,4,39,39,0.9204354437112567,0.660625068757104,0.5740382570660749,0.17402270933126376,172.5152496516165
bbr1,bbr1,BBRv1,4,40,40,0.9519431252844037,0.7966394995158517,0.6607633385726622,0.2463055296421876,145.90292682274247
bbr1,bbr1,BBRv1,4,41,41,0.9485708002544745,0.7968463202184883,0.6655840843595288,0.31917898756929175,119.71895587792642
bbr1,bbr1,BBRv1,4,42,42,0.9428599666944916,0.7747479264029448,0.6173264883138316,0.2032540809074997,134.41191324414714
bbr1,bbr1,BBRv1,4,43,43,0.9403787584166278,0.6937299903027049,0.6562611358161723,0.20291233688753074,125.06409017001116
bbr1,bbr1,BBRv1,4,44,44,0.9347118506572959,0.7798806615241387,0.6091710562896417,0.2500167349394863,124.77005959587514
bbr1,bbr1,BBRv1,4,45,45,0.9492988563339094,0.8435361031980158,0.6264245146289702,0.2835302148101425,129.45703924470456
bbr1,bbr1,BBRv1,4,46,46,0.92741408148224,0.6453969486789817,0.6077181791715738,0.1786387869303632,143.98365339186176
bbr1,bbr1,BBRv1,4,47,47,0.9550250033197638,0.8689188027518322,0.639060889920608,0.33827678305243614,134.09613452619845
bbr1,bbr1,BBRv1,4,48,48,0.9432979559902761,0.7658779585115442,0.6292264347686493,0.2542212047310995,142.95964504459312
bbr1,bbr1,BBRv1,4,49,49,0.9428324606837608,0.8238631063461541,0.6551608977371443,0.2947692771815372,134.01914564938684
bbr1,bbr1,BBRv1,4,50,50,0.9206669389585643,0.7201867702093113,0.5747138924707849,0.13927535383306153,140.66096510312153
bbr1,bbr1,BBRv1,5,1,1,0.9267020738401948,0.7160983114767037,0.578404937509719,0.15129249971219205,102.31744929988852
bbr1,bbr1,BBRv1,5,2,2,0.9029783645412435,0.6308301779624756,0.5437264713571858,0.12304799932179221,137.34558552954292
bbr1,bbr1,BBRv1,5,3,3,0.9598523504882485,0.8834839610920443,0.6319819638316467,0.35626731527902683,134.50323256633223
bbr1,bbr1,BBRv1,5,4,4,0.9481093649667408,0.7896857189589868,0.6294440055438029,0.2892776307650153,137.89053878037902
bbr1,bbr1,BBRv1,5,5,5,0.9273242990298721,0.6914886180970292,0.5767238502084572,0.19312617986024,133.26335402006688
bbr1,bbr1,BBRv1,5,6,6,0.9300106271315771,0.780133958819377,0.5605039136123428,0.20412108125348646,142.0659299509476
bbr1,bbr1,BBRv1,5,7,7,0.9382563387942207,0.7177237136242753,0.6201230114024111,0.19417165657283295,134.43698378595317
bbr1,bbr1,BBRv1,5,8,8,0.926262287056743,0.7481235950994982,0.5304705546605084,0.14259815994647373,133.22762335562987
bbr1,bbr1,BBRv1,5,9,9,0.9307157316014476,0.7835739030464883,0.5698633527217473,0.2500913213418902,130.8929103188406
bbr1,bbr1,BBRv1,5,10,10,0.9227797647911764,0.709637524550932,0.5837388686564033,0.11959764215081946,133.1833254804905
bbr1,bbr1,BBRv1,5,11,11,0.9183261660229706,0.7230554319904126,0.5163391165622528,0.1638575823824874,150.35848213377926
bbr1,bbr1,BBRv1,5,12,12,0.8934208080038862,0.5443198648743052,0.5152426755318248,0.10123595967043249,155.20698328205125
bbr1,bbr1,BBRv1,5,13,13,0.9325649073196629,0.7294083301665975,0.5769694963629513,0.14354915607432162,128.60672599554067
bbr1,bbr1,BBRv1,5,14,14,0.9310328366585224,0.7163139236728572,0.5906264363017345,0.181234841569731,126.94342776365663
bbr1,bbr1,BBRv1,5,15,15,0.950945381918832,0.8549838946977979,0.5978811857668869,0.3173785511362492,132.99265355852842
bbr1,bbr1,BBRv1,5,16,16,0.9356743554303348,0.7326070015668911,0.5996712378276418,0.1599274654500066,118.55331135340025
bbr1,bbr1,BBRv1,5,17,17,0.8933728859712471,0.34868044457465913,0.5685791967094539,0.06778536922562654,147.28575272017835
bbr1,bbr1,BBRv1,5,18,18,0.9217662874710038,0.6664972135347592,0.563939008724564,0.16984231859268342,163.33454719955404
bbr1,bbr1,BBRv1,5,19,19,0.9321298293097356,0.6711672591607075,0.6167160576390512,0.14170765085974604,128.31033846599775
bbr1,bbr1,BBRv1,5,20,20,0.9078589766689465,0.4740965396573599,0.5868955956910209,0.07371764621760778,138.58098028316607
bbr1,bbr1,BBRv1,5,21,21,0.9475319831440692,0.7722987619864103,0.627096067673102,0.2305533785240539,130.1952065306577
bbr1,bbr1,BBRv1,5,22,22,0.917966986564809,0.7385502071759311,0.5517200648371748,0.21173079656650642,146.93901556967674
bbr1,bbr1,BBRv1,5,23,23,0.9413654929883671,0.7722730709249657,0.5959900711515392,0.20676544581821368,128.70892021404683
bbr1,bbr1,BBRv1,5,24,24,0.8989979406746602,0.5692993395531155,0.5041922804963853,0.06761329236313303,137.26248490301003
bbr1,bbr1,BBRv1,5,25,25,0.8839382808800055,0.627395956480883,0.480902164931087,0.08925563056639231,170.17500109698994
bbr1,bbr1,BBRv1,5,26,26,0.8816307341875267,0.6360277040230765,0.45551245059603074,0.05676311345205682,137.89487225195097
bbr1,bbr1,BBRv1,5,27,27,0.9265944512056145,0.7357751215201987,0.5394788616854712,0.1694534901910134,168.79625566332217
bbr1,bbr1,BBRv1,5,28,28,0.8954623696265775,0.4330311998458903,0.5495348145769886,0.07415032706348769,127.02274089855072
bbr1,bbr1,BBRv1,5,29,29,0.9165514837711876,0.71854311094211,0.5331856564531676,0.1816131477224732,161.4445656789298
bbr1,bbr1,BBRv1,5,30,30,0.9046787722580907,0.6244549107831427,0.521349616303435,0.0925231471646778,128.63223039687847
bbr1,bbr1,BBRv1,5,31,31,0.9451987353783136,0.7932288417991457,0.591726445776236,0.19383904803938812,123.70008697212931
bbr1,bbr1,BBRv1,5,32,32,0.9204364794791046,0.4324328962951352,0.6594974271514942,0.07488376244786403,101.05050700334448
bbr1,bbr1,BBRv1,5,33,33,0.9193598392469297,0.6662560582591934,0.5625441033431635,0.1298493726864665,128.98525626978818
bbr1,bbr1,BBRv1,5,34,34,0.9518873571100687,0.8593755119647373,0.6229355021645088,0.32820814023571304,146.3080386109253
bbr1,bbr1,BBRv1,5,35,35,0.9613168409419883,0.8430444718702704,0.6839215641516586,0.261220925349878,95.31205516610927
bbr1,bbr1,BBRv1,5,36,36,0.9504253276193234,0.8475426280210651,0.6062309306253282,0.2913322182844383,124.81032365440356
bbr1,bbr1,BBRv1,5,37,37,0.9336127761679918,0.793619666651467,0.5752512628675878,0.23756784384645285,149.62697069342252
bbr1,bbr1,BBRv1,5,38,38,0.9141108798458416,0.5185164677067275,0.5671290004316865,0.07900684645864774,147.09570066443703
bbr1,bbr1,BBRv1,5,39,39,0.9219757497604314,0.7120619115989193,0.5385332814924619,0.15936254118720036,175.7107720691193
bbr1,bbr1,BBRv1,5,40,40,0.9131199745235508,0.44706809276956927,0.601341566498788,0.07326627039697269,151.00530001114828
bbr1,bbr1,BBRv1,5,41,41,0.9270250040098695,0.6477303801549208,0.5939801199271494,0.14656951054423337,124.96425293645484
bbr1,bbr1,BBRv1,5,42,42,0.9302305172695176,0.7297443732310468,0.5876152863753744,0.16859763453567547,137.6318089297659
bbr1,bbr1,BBRv1,5,43,43,0.8963784442078937,0.5913637481541051,0.5083934655865373,0.10174444297522386,137.49587909699
bbr1,bbr1,BBRv1,5,44,44,0.9572155691755283,0.8161536746731259,0.6331352126547707,0.1988919518519922,124.32253988851728
bbr1,bbr1,BBRv1,5,45,45,0.9575950987643164,0.8386217771870701,0.6391022617345576,0.2675328613050896,131.99746298104793
bbr1,bbr1,BBRv1,5,46,46,0.8497498525128481,0.31968143677884586,0.5235364316046246,0.041341755460122344,147.1457817904125
bbr1,bbr1,BBRv1,5,47,47,0.9278547739971734,0.7133098423480858,0.5600398064500702,0.10239884935685556,134.8712971215162
bbr1,bbr1,BBRv1,5,48,48,0.9481470780570849,0.7921501587677161,0.6153859490453066,0.22932508227295337,147.19872125083612
bbr1,bbr1,BBRv1,5,49,49,0.914171414827687,0.6225444014853235,0.579245904175678,0.14645630300263074,138.55082489855073
bbr1,bbr1,BBRv1,5,50,50,0.8930224551254836,0.5923994042300816,0.5110618015750581,0.11460852074299752,147.12051119732442
bbr1,bbr1,BBRv1,7,1,1,0.9190363565660967,0.6755665607977525,0.5332025143957778,0.16499395924823532,107.21574485746136
bbr1,bbr1,BBRv1,7,2,2,0.9199741999632655,0.5655282911275378,0.5383606982379652,0.10201301999934231,142.09228322503583
bbr1,bbr1,BBRv1,7,3,3,0.9263553257626893,0.5882182754731966,0.5836658642682891,0.08136438085355176,149.82402347029782
bbr1,bbr1,BBRv1,7,4,4,0.9409660753600838,0.7704752758759911,0.5887084000392769,0.23559286764984835,151.0026006657111
bbr1,bbr1,BBRv1,7,5,5,0.9242065881546434,0.7756071818235389,0.5039309967642156,0.15341665346153552,138.17647769708555
bbr1,bbr1,BBRv1,7,6,6,0.8783079233470951,0.29423776723506007,0.5065411943868812,0.04616246861203318,148.42481390030258
bbr1,bbr1,BBRv1,7,7,7,0.9251821277655478,0.7266727980909302,0.5409180735792614,0.14895864407775627,142.68034585602803
bbr1,bbr1,BBRv1,7,8,8,0.9173080884136321,0.695222016604657,0.5212963692810736,0.15504023978084489,137.25106483038698
bbr1,bbr1,BBRv1,7,9,9,0.9136097419914794,0.7083058676104461,0.5089127059808284,0.13710652681984273,138.95533972288578
bbr1,bbr1,BBRv1,7,10,10,0.9147255605380467,0.6069931298435189,0.5420426502303151,0.12153401838765981,142.33053786112438
bbr1,bbr1,BBRv1,7,11,11,0.9280837598951898,0.7501946343273638,0.5441967922969845,0.17353356497416483,156.15508488453574
bbr1,bbr1,BBRv1,7,12,12,0.8567923925715699,0.4570110176606014,0.40959868839160973,0.05051963161316566,166.768139256251
bbr1,bbr1,BBRv1,7,13,13,0.9085104397292427,0.617658435593174,0.4967688705445181,0.016197435328403734,142.95728721930246
bbr1,bbr1,BBRv1,7,14,14,0.9338259482059037,0.6896321446559112,0.574184766710666,0.16480457030991041,131.93635250039816
bbr1,bbr1,BBRv1,7,15,15,0.9456103433257156,0.7164291669161746,0.5864459462309516,0.19233515006526125,133.3299877544195
bbr1,bbr1,BBRv1,7,16,16,0.8960997405680191,0.5618706825390467,0.4811443694685346,0.08640722690522977,130.74809054467272
bbr1,bbr1,BBRv1,7,17,17,0.9216265772825906,0.7458182518638433,0.521509535159892,0.2012333084746832,152.9998691941392
bbr1,bbr1,BBRv1,7,18,18,0.8599793452521919,0.31868831550561655,0.462903558934782,0.03966952003020385,177.1981699808887
bbr1,bbr1,BBRv1,7,19,19,0.9070403872401255,0.43113081357084143,0.5413522483553641,0.07850172439165091,140.54082386685778
bbr1,bbr1,BBRv1,7,20,20,0.8821001251538869,0.2914139185905714,0.5245996453684032,0.04510537628728024,142.52607222009874
bbr1,bbr1,BBRv1,7,21,21,0.8875755039363499,0.42703177849424195,0.4996405122838104,0.07051436269212787,138.56743628921802
bbr1,bbr1,BBRv1,7,22,22,0.9442593553070339,0.8025705429567392,0.5674148522647026,0.20781466984937472,147.44057142857145
bbr1,bbr1,BBRv1,7,23,23,0.8863866952389521,0.5480783997040708,0.49848868587939954,0.10058598383657957,148.4323127090301
bbr1,bbr1,BBRv1,7,24,24,0.8850050447414078,0.5939810460156514,0.4616895475718029,0.09200872577505276,138.210739877369
bbr1,bbr1,BBRv1,7,25,25,0.8886960254327747,0.5658542071496027,0.46454124542154623,0.09670585170809584,169.16845014333492
bbr1,bbr1,BBRv1,7,26,26,0.9019741094322846,0.664568578792038,0.48886207536581566,0.15371410212722292,138.09718046026438
bbr1,bbr1,BBRv1,7,27,27,0.915526430918445,0.6982839070222677,0.4899775108613621,0.11495465427110425,180.39026489409142
bbr1,bbr1,BBRv1,7,28,28,0.8684991752349576,0.33610092474543735,0.48419312742867743,0.03398716686846142,135.33246742315654
bbr1,bbr1,BBRv1,7,29,29,0.8894656056379252,0.6405027803818265,0.47311450619826634,0.06754840436337585,167.5444705175983
bbr1,bbr1,BBRv1,7,30,30,0.9288131287875162,0.7434586701743304,0.5521616776296999,0.18768934213098357,133.74181231884057
bbr1,bbr1,BBRv1,7,31,31,0.9004865455379828,0.4635579479208031,0.5221204494358169,0.03528894288830411,133.88265554546902
bbr1,bbr1,BBRv1,7,32,32,0.9356125967371681,0.6661106815619138,0.63133063917301,0.13410038171826147,112.55056686415034
bbr1,bbr1,BBRv1,7,33,33,0.9406291092836745,0.7794268389084517,0.5619799072796317,0.20076891917740058,135.210634209269
bbr1,bbr1,BBRv1,7,34,34,0.8971298353643491,0.4154823727200741,0.5224682355649526,0.0909693692872252,159.38064047459784
bbr1,bbr1,BBRv1,7,35,35,0.969269616371657,0.8716024764155381,0.6958199948705754,0.3021671753457467,102.61516174550088
bbr1,bbr1,BBRv1,7,36,36,0.9011425748648899,0.3630347354565152,0.5405234842702982,0.03975787435732976,137.8576859468068
bbr1,bbr1,BBRv1,7,37,37,0.913802507623708,0.6914073064388743,0.4964080541885983,0.11334830382068202,163.1266874231565
bbr1,bbr1,BBRv1,7,38,38,0.8598891155572591,0.38741914544612877,0.4559303551131382,0.04970317455010491,150.608242071986
bbr1,bbr1,BBRv1,7,39,39,0.9091186236663404,0.6145017929757577,0.49388191939060466,0.09329633762498642,186.29875922599143
bbr1,bbr1,BBRv1,7,40,40,0.9004536460643586,0.32871994827993284,0.5723718910912816,0.053299897180739325,164.3857699394808
bbr1,bbr1,BBRv1,7,41,41,0.9303843212690348,0.7203195580562971,0.5853268091049254,0.12407188629531825,131.80813664596275
bbr1,bbr1,BBRv1,7,42,42,0.8990413111816649,0.6291331754670659,0.49553952031401405,0.11543603368960857,141.547076007326
bbr1,bbr1,BBRv1,7,43,43,0.8990361519554456,0.5896168524422695,0.5008265573893277,0.11824734752441543,147.92277268354835
bbr1,bbr1,BBRv1,7,44,44,0.9527395723756562,0.8426510636409414,0.6151207635359803,0.26683389205824826,128.8948708345278
bbr1,bbr1,BBRv1,7,45,45,0.954348270909094,0.8128847989735968,0.6192939411958029,0.23246227426821928,140.86521881509793
bbr1,bbr1,BBRv1,7,46,46,0.901645723079279,0.589272533126,0.502284353279627,0.12869925006950972,151.75119698359612
bbr1,bbr1,BBRv1,7,47,47,0.9090382121273153,0.564244403345673,0.5201968328586687,0.0605898318978703,146.07118563784041
bbr1,bbr1,BBRv1,7,48,48,0.9336590013278472,0.7417590470954896,0.561936442676502,0.1560107857668671,155.3057510973085
bbr1,bbr1,BBRv1,7,49,49,0.9313976379501878,0.644119105006569,0.5758362210793955,0.1594584067044835,144.1836586526517
bbr1,bbr1,BBRv1,7,50,50,0.8390542143222396,0.35926556540457727,0.42391558405807445,0.06545030176006641,153.2135380936455
cubic,cubic,CUBIC,2,1,1,0.8528114043290091,0.583005922353714,0.5009051221437805,0.08358592453131404,143.04236141583056
cubic,cubic,CUBIC,2,2,2,0.9565293139906743,0.8158419271473946,0.7400294395236823,0.35583471821348156,189.70576673913044
cubic,cubic,CUBIC,2,3,3,0.9205860127476961,0.7169118828400559,0.6244321313677123,0.2282181650469673,212.34372720178374
cubic,cubic,CUBIC,2,4,4,0.9582026464533429,0.838997999213793,0.7537038829896174,0.39080654504416373,194.16042982720177
cubic,cubic,CUBIC,2,5,5,0.9355196459097577,0.7218205062428559,0.7002161263095229,0.23397568963139337,162.42000134336678
cubic,cubic,CUBIC,2,6,6,0.9356986901372206,0.6953055977022534,0.6790803191090019,0.20347635299356562,215.82624918060202
cubic,cubic,CUBIC,2,7,7,0.9375493341376034,0.7784136775943487,0.6846372319259131,0.30417281910327565,180.5699708026756
cubic,cubic,CUBIC,2,8,8,0.9297223870600959,0.7352643171892019,0.680890638245006,0.24997284518076768,179.82799429208472
cubic,cubic,CUBIC,2,9,9,0.934162865008321,0.730599271560091,0.6938976590393247,0.24436997405442454,167.10413494983277
cubic,cubic,CUBIC,2,10,10,0.9587874497705255,0.845171910299382,0.7599721532319111,0.40055617050364284,201.11732434225195
cubic,cubic,CUBIC,2,11,11,0.915639671196985,0.6553566461147866,0.6613994855012909,0.1592991968890243,215.13396487736904
cubic,cubic,CUBIC,2,12,12,0.9219208338753014,0.6216141256839344,0.6910156290669238,0.12346933901227755,207.14288764214047
cubic,cubic,CUBIC,2,13,13,0.9197371934535583,0.578140262341062,0.6425948510888594,0.07862330079511852,192.47069822742475
cubic,cubic,CUBIC,2,14,14,0.9410747403883503,0.722632795928987,0.7395299999903897,0.2349300652319166,178.87034536231886
cubic,cubic,CUBIC,2,15,15,0.9295589267482813,0.7703301790620263,0.6561430438559535,0.29363917422628827,201.97183506688964
cubic,cubic,CUBIC,2,16,16,0.9541849043474174,0.7830591217780011,0.7382065024504433,0.3103167863107308,154.22042245819398
cubic,cubic,CUBIC,2,17,17,0.9591500385411972,0.8537206479517714,0.7323816986935873,0.4144916847431707,234.27165272575246
cubic,cubic,CUBIC,2,18,18,0.9501863169312295,0.6451883947572418,0.7660448504063322,0.14838537879759411,228.74190040691192
cubic,cubic,CUBIC,2,19,19,0.9195596532635402,0.6021961927226794,0.6666094718951275,0.10328738971870775,186.3064214994426
cubic,cubic,CUBIC,2,20,20,0.9270968172796714,0.7032647949208807,0.6745794578457182,0.2124420758624141,193.40244112597546
cubic,cubic,CUBIC,2,21,21,0.9534557352122658,0.8042162225631342,0.7166469135050993,0.33922320400243167,183.61121863433667
cubic,cubic,CUBIC,2,22,22,0.9310845245443022,0.7499518549292935,0.6765895804939397,0.26789495124451324,194.40786152731326
cubic,cubic,CUBIC,2,23,23,0.9033410969903023,0.6056642084060051,0.6008986009023786,0.10687104757148289,176.54166106466
cubic,cubic,CUBIC,2,24,24,0.9419356425337408,0.7360599610522386,0.7059111638098452,0.25092338396261565,179.19380774804904
cubic,cubic,CUBIC,2,25,25,0.9453463511841013,0.7614491814506276,0.731653140558885,0.28231144060770585,226.84415598662207
cubic,cubic,CUBIC,2,26,26,0.8654829771426288,0.6655746805314023,0.5082529162011529,0.1703814617722862,196.13110525083613
cubic,cubic,CUBIC,2,27,27,0.9663705248194318,0.8054322951770305,0.8206301848055458,0.34093466077347667,228.12363424191747
cubic,cubic,CUBIC,2,28,28,0.928348093827833,0.7481561878155901,0.6562864869351059,0.26567601934838964,169.8388285897436
cubic,cubic,CUBIC,2,29,29,0.9342291750698287,0.6778531862062376,0.6836137913593774,0.18386723183107612,211.39687090301
cubic,cubic,CUBIC,2,30,30,0.9406951078769017,0.7149404933040395,0.7382343261862935,0.22592250360850144,169.04253147157192
cubic,cubic,CUBIC,2,31,31,0.9110509083357919,0.7323179352955529,0.6014543647625383,0.2464255940320069,180.10417091415832
cubic,cubic,CUBIC,2,32,32,0.9055685891774188,0.7187542522844771,0.5845418047098999,0.230363078141465,140.84857691750278
cubic,cubic,CUBIC,2,33,33,0.9344637494873383,0.7943961089936726,0.6495250966580658,0.3256082147457188,189.57972479933113
cubic,cubic,CUBIC,2,34,34,0.9174108520342203,0.587473318975417,0.6441741561366149,0.0881601844398803,214.42978958751394
cubic,cubic,CUBIC,2,35,35,0.94757186874266,0.7639881941855546,0.7251738108624675,0.2855070218895182,143.04951694537345
cubic,cubic,CUBIC,2,36,36,0.9306341031211849,0.6563845340173391,0.7117252419690718,0.16042583971168878,197.31969285953176
cubic,cubic,CUBIC,2,37,37,0.9195007616145048,0.7204654954670424,0.638759090954735,0.23236977824718383,211.85904449275364
cubic,cubic,CUBIC,2,38,38,0.9433136931271493,0.7153454981607574,0.717395146032016,0.2263816978931895,231.72977765328875
cubic,cubic,CUBIC,2,39,39,0.9514419253917731,0.8446442425552175,0.7045363998800491,0.3997083831752319,244.86004527313264
cubic,cubic,CUBIC,2,40,40,0.9360295752541955,0.7705253594185832,0.6763976931846508,0.29389160563736944,209.71602833890745
cubic,cubic,CUBIC,2,41,41,0.9481616892314323,0.75764791190205,0.7194001013409607,0.277487649947334,185.45986968227425
cubic,cubic,CUBIC,2,42,42,0.9518765527252504,0.766378600790392,0.7395084081251059,0.28855903105039976,174.96264590858416
cubic,cubic,CUBIC,2,43,43,0.9281373090087137,0.7594352277347911,0.6506293645511654,0.27973697981041884,196.76658103678932
cubic,cubic,CUBIC,2,44,44,0.9488474631082932,0.8026643586155616,0.7073796057116191,0.3370516316019154,181.48308204013378
cubic,cubic,CUBIC,2,45,45,0.949020873159983,0.7802059558877583,0.7153248947182899,0.3065365559088059,191.57282400780377
cubic,cubic,CUBIC,2,46,46,0.9408158212440676,0.8224255594086446,0.6717199793309612,0.365498012121452,208.87639222408026
cubic,cubic,CUBIC,2,47,47,0.9052401024877512,0.6758055691544032,0.6138272911782924,0.1816040836322634,220.8513491638796
cubic,cubic,CUBIC,2,48,48,0.9376052402232259,0.693581760404684,0.7200796613476261,0.20143898685489284,231.3210336399108
cubic,cubic,CUBIC,2,49,49,0.9191584136596854,0.7436804452953445,0.6082158608494166,0.2601762377239945,220.76342683389075
cubic,cubic,CUBIC,2,50,50,0.892280216401911,0.6091721594830178,0.5953735013758708,0.11050530894393065,198.7277167335563
cubic,cubic,CUBIC,4,1,1,0.9056789133797152,0.7138768576327114,0.5111700690602311,0.2093252278905865,164.67705837792641
cubic,cubic,CUBIC,4,2,2,0.9225793810476433,0.7106551534901747,0.5759752237894562,0.23055201998467234,203.89186200947603
cubic,cubic,CUBIC,4,3,3,0.9291840591317505,0.8264497067754532,0.537424215863216,0.20914636091265817,219.28053617056855
cubic,cubic,CUBIC,4,4,4,0.9036436886955608,0.7665635601996473,0.4861910414880576,0.20730517533488596,207.67185411649945
cubic,cubic,CUBIC,4,5,5,0.858952119406538,0.5792417179508091,0.4210304161671351,0.023374286883294536,189.52201427536232
cubic,cubic,CUBIC,4,6,6,0.8470180327721862,0.5094691618089626,0.39511052995317075,0.03157878620475076,222.47858249721293
cubic,cubic,CUBIC,4,7,7,0.8744548616798822,0.4715873668130224,0.4724518727883404,0.10402458567345077,202.52813388238576
cubic,cubic,CUBIC,4,8,8,0.9124451372172098,0.7486729192193429,0.5148049234136053,0.2120719670951664,195.89545938684503
cubic,cubic,CUBIC,4,9,9,0.8927441372694174,0.6940842463323074,0.47695498765496996,0.14622276810572674,195.97465367335562
cubic,cubic,CUBIC,4,10,10,0.9203873290908291,0.7775364164014452,0.5435903728904512,0.2579806137947256,214.4999687513935
cubic,cubic,CUBIC,4,11,11,0.8831746102175957,0.6509649967477306,0.461493083613122,0.1263369116401558,219.18723516443703
cubic,cubic,CUBIC,4,12,12,0.892615746291414,0.6563438945482973,0.49935790744467673,0.16698902230464452,222.99092360925306
cubic,cubic,CUBIC,4,13,13,0.9153374406529037,0.6790172845655721,0.5466540279872917,0.09605153810576185,213.98842121516165
cubic,cubic,CUBIC,4,14,14,0.8970216292269332,0.6574054235020498,0.49682146389641324,0.16518069899097962,199.44094177536232
cubic,cubic,CUBIC,4,15,15,0.9106867283017692,0.7064845785615246,0.5239860421744097,0.2211734349532879,207.86948998049056
cubic,cubic,CUBIC,4,16,16,0.8991853272527404,0.7361039659269395,0.48897295748661224,0.2312650200223398,174.66214124303232
cubic,cubic,CUBIC,4,17,17,0.8640775676735677,0.4188278635722397,0.5322272051621503,0.07101805077257567,241.89399118450388
cubic,cubic,CUBIC,4,18,18,0.9242277871103751,0.6885567501319901,0.5430721229276423,0.15820823980463575,253.56325984113712
cubic,cubic,CUBIC,4,19,19,0.9028099702011176,0.7365641198674584,0.511622256188046,0.24692542593401284,202.6102085702341
cubic,cubic,CUBIC,4,20,20,0.9316511342863107,0.780431180337879,0.563337145712793,0.2557131379050888,198.11318015050165
cubic,cubic,CUBIC,4,21,21,0.9009652937994598,0.6734478024543277,0.5010491480804761,0.20746612004796053,199.35343226031216
cubic,cubic,CUBIC,4,22,22,0.891426392049129,0.6039886280087933,0.5007187748880122,0.13297298219584514,219.5340756382386
cubic,cubic,CUBIC,4,23,23,0.9066100986538167,0.7163757686428781,0.5147434568555707,0.22388575113728204,194.71342746934224
cubic,cubic,CUBIC,4,24,24,0.9102582619119324,0.6744940670655886,0.5277697750081011,0.1533383655855402,189.92883615384613
cubic,cubic,CUBIC,4,25,25,0.8774985264648671,0.631177385588389,0.46311920500444176,0.14049721641993618,251.42782266722406
cubic,cubic,CUBIC,4,26,26,0.918414851392717,0.7254278091372871,0.521766115778224,0.1736641395449581,203.8605631800446
cubic,cubic,CUBIC,4,27,27,0.8659699719477154,0.6001120376817763,0.4904133280898691,0.15386594993989722,248.9678551505017
cubic,cubic,CUBIC,4,28,28,0.9412738646047641,0.8093794994852742,0.590591955037706,0.2634477129341696,171.7214401811594
cubic,cubic,CUBIC,4,29,29,0.9339893514465389,0.7896506965014405,0.5610880435122423,0.2245105163304209,224.93579446209588
cubic,cubic,CUBIC,4,30,30,0.9217262629550771,0.753037195103325,0.5589365626822885,0.16393416078932185,192.53453352006687
cubic,cubic,CUBIC,4,31,31,0.9179491359287811,0.7073676237976462,0.5346263522768921,0.16717785463805032,201.33619527870678
cubic,cubic,CUBIC,4,32,32,0.9251646196894168,0.8211240593639627,0.5314625810875461,0.32388490428112354,150.8846852787068
cubic,cubic,CUBIC,4,33,33,0.9234776455252003,0.7432544742347439,0.5560586654103975,0.22031110913536525,202.00302393255296
cubic,cubic,CUBIC,4,34,34,0.8873913603745542,0.48445602058709997,0.5177546157274331,0.06901548316837057,231.63147533166108
cubic,cubic,CUBIC,4,35,35,0.9211119102532713,0.7479017805979269,0.5489155068455004,0.23276332854589968,152.70700045707918
cubic,cubic,CUBIC,4,36,36,0.894977993531456,0.5675761598062772,0.5000007841454385,0.1059174806475799,206.45170186176142
cubic,cubic,CUBIC,4,37,37,0.9009753377185332,0.7337669473462246,0.5161330664021078,0.18099639947469498,222.72411606466
cubic,cubic,CUBIC,4,38,38,0.8696963797819048,0.4129292443240672,0.48384650733854756,0.06940592357135106,239.97537446209589
cubic,cubic,CUBIC,4,39,39,0.8642505511170805,0.6001595516891166,0.43180723171643404,0.13583521817520214,263.76121452341135
cubic,cubic,CUBIC,4,40,40,0.8850995729330464,0.594743990653726,0.5258580171144801,0.16597527082846422,230.2589069175028
cubic,cubic,CUBIC,4,41,41,0.8817577438147917,0.6354225459026153,0.4844548979728857,0.12482363665094219,198.46079802396878
cubic,cubic,CUBIC,4,42,42,0.8920412627735194,0.6949034116088766,0.4763117760523077,0.16452786739703987,197.25572352285397
cubic,cubic,CUBIC,4,43,43,0.8760978265655109,0.6031790527535276,0.44913082573274704,0.018231096874316607,200.41537172240803
cubic,cubic,CUBIC,4,44,44,0.8879301895762594,0.6946087681726484,0.46859315279734043,0.19284107030594255,201.29409139632108
cubic,cubic,CUBIC,4,45,45,0.9264087503990127,0.7534547220352563,0.5638616071548229,0.24454963678521566,204.733334180602
cubic,cubic,CUBIC,4,46,46,0.8825473193459359,0.6954263064855838,0.44675684006010025,0.15463388199334466,229.08414343924193
cubic,cubic,CUBIC,4,47,47,0.8844939232804511,0.6331329570053661,0.4825276180367146,0.12510404066608627,219.54118796265328
cubic,cubic,CUBIC,4,48,48,0.8876400230100552,0.6737535859949022,0.4845117413548773,0.17461826287473023,243.72659611204014
cubic,cubic,CUBIC,4,49,49,0.9009908524716562,0.6847927028359674,0.5283623289991183,0.1701617629081853,226.80783006131549
cubic,cubic,CUBIC,4,50,50,0.8346984189043961,0.5759852570408005,0.3890221488643944,0.08318265384425834,241.3213622463768
cubic,cubic,CUBIC,5,1,1,0.8784227878029807,0.61885118152229,0.4325345854101179,0.051110699142360376,162.10358659977706
cubic,cubic,CUBIC,5,2,2,0.912695075768172,0.6489521997680322,0.55703631764914,0.14690106659919863,206.07173479152735
cubic,cubic,CUBIC,5,3,3,0.9184876312622288,0.7815785147412503,0.4954475363321802,0.22752723353270726,220.61360086956523
cubic,cubic,CUBIC,5,4,4,0.9055985836403121,0.6636914924747264,0.4857204467633312,0.1879099171331373,207.09920453511705
cubic,cubic,CUBIC,5,5,5,0.8874674581552993,0.6236428309068798,0.43495255918084846,0.10100932523351633,194.9685819308807
cubic,cubic,CUBIC,5,6,6,0.8555885023523857,0.4842460852150977,0.473295527315114,0.08619213229197953,226.9171442073579
cubic,cubic,CUBIC,5,7,7,0.8540067820310242,0.5063355466098963,0.415382823422011,0.10189779201011645,206.09154896544038
cubic,cubic,CUBIC,5,8,8,0.8981475089186854,0.7133905105188614,0.46241501903232385,0.16600512788628274,194.06581377257527
cubic,cubic,CUBIC,5,9,9,0.8784583091154204,0.7242341997218141,0.4105842270334982,0.13196434664139053,199.38001279598663
cubic,cubic,CUBIC,5,10,10,0.928797150112981,0.7760798165103618,0.5424590533005985,0.23069387640846686,218.41224487402457
cubic,cubic,CUBIC,5,11,11,0.8636783983263441,0.6274410070106339,0.4074638723793419,0.1508082018484539,224.5268727759197
cubic,cubic,CUBIC,5,12,12,0.8752384055026423,0.6098854978861075,0.4502176244292779,0.12066730401066454,228.2008547580825
cubic,cubic,CUBIC,5,13,13,0.9035481252164212,0.6688390427393079,0.49285675264283063,0.07809619608013652,240.38632975027872
cubic,cubic,CUBIC,5,14,14,0.8773604298219951,0.6517757430490823,0.419346953678274,0.15479601373408194,205.84515751393536
cubic,cubic,CUBIC,5,15,15,0.90900324728971,0.6715919433429427,0.5032412732460876,0.20071031692696828,211.85900718394652
cubic,cubic,CUBIC,5,16,16,0.891065169398052,0.6578415198062918,0.4656498357018078,0.17192871252669656,178.2485502051282
cubic,cubic,CUBIC,5,17,17,0.8632636538772491,0.4212118352057499,0.4683111531956055,0.045728704455451095,244.77299093199554
cubic,cubic,CUBIC,5,18,18,0.9263510234133753,0.7929295270994579,0.5233460091016662,0.17075737315185413,249.01552101449275
cubic,cubic,CUBIC,5,19,19,0.9006890250620313,0.6984944271031205,0.4886951526195073,0.18490391551206486,205.46083687625418
cubic,cubic,CUBIC,5,20,20,0.9216722824320192,0.7730768377306738,0.5016143769695139,0.21905655467628504,208.35093609587517
cubic,cubic,CUBIC,5,21,21,0.908023327886133,0.6885447952738467,0.4887277107379049,0.16117416961091502,197.1401576923077
cubic,cubic,CUBIC,5,22,22,0.8444729323285642,0.6245811682365643,0.35973512030016264,0.10163278633735953,224.9497362876254
cubic,cubic,CUBIC,5,23,23,0.8716293883032011,0.6940206948988701,0.40070433516145976,0.09245404265580452,198.2072942697882
cubic,cubic,CUBIC,5,24,24,0.8774105429511204,0.6707272317609975,0.4613267678846019,0.15899354580522304,200.00440825195096
cubic,cubic,CUBIC,5,25,25,0.8899085342911379,0.5898279517167617,0.5007006844212364,0.08543382671418126,251.68691731549606
cubic,cubic,CUBIC,5,26,26,0.9125833515455061,0.6897001480399151,0.5128541510514724,0.12870275837928316,205.87204008695653
cubic,cubic,CUBIC,5,27,27,0.8620466332155943,0.595818707243107,0.43214094779105144,0.14699238333346135,259.6260552218506
cubic,cubic,CUBIC,5,28,28,0.9015702189467153,0.6697656034517896,0.481918565960915,0.075616426563873,187.5142139643255
cubic,cubic,CUBIC,5,29,29,0.9305705900750743,0.7608340739173993,0.5377900963968871,0.21187815864151405,232.94403648160537
cubic,cubic,CUBIC,5,30,30,0.9153381150972308,0.739780911060036,0.48944143203203777,0.15819176843912716,204.64768281159417
cubic,cubic,CUBIC,5,31,31,0.8795730318602504,0.688295446231448,0.43132915688796963,0.09369983937462646,205.49179546488296
cubic,cubic,CUBIC,5,32,32,0.8639958906104884,0.6285359090806403,0.42994639256697825,0.14783055085695063,157.26922498104793
cubic,cubic,CUBIC,5,33,33,0.9161377743938245,0.7228164151499791,0.5186979676806478,0.1866153318026306,210.61261829431442
cubic,cubic,CUBIC,5,34,34,0.8352958323448636,0.4688289673474428,0.4047572115554762,0.0676282531557849,234.0521645930881
cubic,cubic,CUBIC,5,35,35,0.9135861548090903,0.7557584465700943,0.4796800309076616,0.24381606532884417,155.265162180602
cubic,cubic,CUBIC,5,36,36,0.8737894849157631,0.6242073010830643,0.4367891049596271,0.1282970181817911,211.17334073132665
cubic,cubic,CUBIC,5,37,37,0.8473129983807394,0.5866724774142424,0.406496314534339,0.14833078563526497,240.32170308584168
cubic,cubic,CUBIC,5,38,38,0.8907391450249156,0.6484604330768198,0.4787384358608829,0.1285907600721899,245.6178030523969
cubic,cubic,CUBIC,5,39,39,0.8817830169237822,0.7033382799291932,0.42725192459558287,0.019502345460330597,269.179046309922
cubic,cubic,CUBIC,5,40,40,0.8401390770885879,0.596014461056351,0.39898761214475814,0.1528513710083734,233.07134702118174
cubic,cubic,CUBIC,5,41,41,0.9031482684825698,0.7348152185238261,0.47021284479507436,0.16451202567931114,196.87672811594206
cubic,cubic,CUBIC,5,42,42,0.9001121946832504,0.7319208282242406,0.47275567798688023,0.21421124532897848,201.0262632084727
cubic,cubic,CUBIC,5,43,43,0.8477709828209705,0.5408069103316219,0.4185973979186714,0.09415840959770697,203.31266053957637
cubic,cubic,CUBIC,5,44,44,0.8871502502634963,0.6687170695291401,0.4456858261903257,0.16352431308973517,200.09521535562988
cubic,cubic,CUBIC,5,45,45,0.9154812875455203,0.6724323304276023,0.5220016078698061,0.19236267737661028,205.72744348049054
cubic,cubic,CUBIC,5,46,46,0.8570558245795858,0.6523469672330497,0.3869360697631821,0.13616206682490745,236.47280316610926
cubic,cubic,CUBIC,5,47,47,0.9185890467984692,0.7597276601000039,0.4975490243296871,0.1947246869308097,216.87087980156076
cubic,cubic,CUBIC,5,48,48,0.9090954397455996,0.713533661913509,0.47012546156061225,0.03263708285889946,244.0356954470457
cubic,cubic,CUBIC,5,49,49,0.9097804638343325,0.7547731026333411,0.4928960117333158,0.22009312359211053,228.05558030100332
cubic,cubic,CUBIC,5,50,50,0.8570568826356137,0.6532789700216961,0.37353245878384644,0.09858620368289447,241.99045284057974
cubic,cubic,CUBIC,7,1,1,0.8964445388262218,0.6693876630742204,0.4350732542998325,0.05875230164599826,172.56812794394014
cubic,cubic,CUBIC,7,2,2,0.8834135624628415,0.6088651670864627,0.41681202457323696,0.1281789383965625,213.55166282210544
cubic,cubic,CUBIC,7,3,3,0.8963091917118239,0.7249291338514747,0.4205419838177654,0.1774585692512651,227.64420281095713
cubic,cubic,CUBIC,7,4,4,0.8929368268485504,0.7202166270049021,0.44831388772143677,0.18694986477179903,212.17697379519035
cubic,cubic,CUBIC,7,5,5,0.8451679631949398,0.6172009677345796,0.33793522592622405,0.10779099025377033,204.65446651696132
cubic,cubic,CUBIC,7,6,6,0.8227506164771461,0.43444596541045705,0.3549062026642425,0.10138764029695022,245.64085417582416
cubic,cubic,CUBIC,7,7,7,0.8609805050638341,0.5392690626710348,0.38634835406279666,0.1111175206013469,209.90866146201623
cubic,cubic,CUBIC,7,8,8,0.9013559288980902,0.7327128827943988,0.4311162061028645,0.12859363553262884,200.57709014652013
cubic,cubic,CUBIC,7,9,9,0.8607479199213467,0.6687286952817332,0.36802731841427067,0.1324652264083263,203.17179091734351
cubic,cubic,CUBIC,7,10,10,0.87024696165447,0.7110948602806763,0.3691019204881156,0.18545490702798398,224.638348541169
cubic,cubic,CUBIC,7,11,11,0.8855770044357583,0.6740916351653052,0.41936730657613863,0.12634768850789818,233.1573265663322
cubic,cubic,CUBIC,7,12,12,0.8767071552573797,0.6679158739681361,0.403973599536678,0.08940173637336604,235.54023759515846
cubic,cubic,CUBIC,7,13,13,0.8852115783834976,0.6349030138807626,0.39449978747305925,0.09596382280020262,226.43784333811115
cubic,cubic,CUBIC,7,14,14,0.8911528074276123,0.7048295408279572,0.43396375028911327,0.170354473326012,208.61170576047138
cubic,cubic,CUBIC,7,15,15,0.9221609380757324,0.7762242192892418,0.46247955339601465,0.20414842314232887,223.9374967240006
cubic,cubic,CUBIC,7,16,16,0.8757950667459579,0.6182226483211294,0.40645480486327784,0.10623221864075333,193.8861098917025
cubic,cubic,CUBIC,7,17,17,0.8333271499539012,0.4313100445468383,0.3567278755717059,0.057945150065874154,248.01174477623826
cubic,cubic,CUBIC,7,18,18,0.8810422607576822,0.6494645893165119,0.3980082893014587,0.1487948840362876,271.7999485555025
cubic,cubic,CUBIC,7,19,19,0.8862072673722635,0.710823803812426,0.40222724580099795,0.18337050030755725,213.07759923554704
cubic,cubic,CUBIC,7,20,20,0.8572920819958398,0.624334716749402,0.3607185956199988,0.13180479225222871,213.17821049689437
cubic,cubic,CUBIC,7,21,21,0.8717323954144399,0.6004731354085,0.39206546323036795,0.13428666793242858,206.92981191272494
cubic,cubic,CUBIC,7,22,22,0.8745280703039795,0.6250614486675314,0.3943690405580742,0.14343960563665858,225.0906938875617
cubic,cubic,CUBIC,7,23,23,0.8864581635347376,0.7242492512463174,0.38641567180208203,0.13263988002413166,203.2318380076445
cubic,cubic,CUBIC,7,24,24,0.8623690756991145,0.610187837727771,0.37657690958890394,0.03527665344369506,206.89633137760788
cubic,cubic,CUBIC,7,25,25,0.886908420818314,0.657739310735691,0.4383755778306107,0.09036062641091358,256.33300728937735
cubic,cubic,CUBIC,7,26,26,0.8795528912028338,0.6293573247451528,0.39603930781233737,0.0998846970295587,214.06178859850294
cubic,cubic,CUBIC,7,27,27,0.9024633543743332,0.7204419711770417,0.46411986028334357,0.15260967473930734,261.95618309444177
cubic,cubic,CUBIC,7,28,28,0.8857642386295845,0.7222900615635459,0.3998698279050454,0.13204552788128024,194.55393806497847
cubic,cubic,CUBIC,7,29,29,0.9002204122322404,0.7148975534347819,0.4194200855344178,0.14260533042992446,244.71242893772893
cubic,cubic,CUBIC,7,30,30,0.8611770913336427,0.6118570801718132,0.37611659173811285,0.056572695969241575,203.03418915432394
cubic,cubic,CUBIC,7,31,31,0.8508567451428303,0.6735086479085876,0.34331544331288444,0.12057649917574627,213.16387595158466
cubic,cubic,CUBIC,7,32,32,0.8883288189458672,0.7469523139267602,0.39904770621014585,0.1836507283541391,158.20764214683865
cubic,cubic,CUBIC,7,33,33,0.8822519889850906,0.6109740422496456,0.4250774885011785,0.15370357943829396,213.08482449753143
cubic,cubic,CUBIC,7,34,34,0.849786030875091,0.5781116440377188,0.3601058391946071,0.10998708464480338,239.6099083070553
cubic,cubic,CUBIC,7,35,35,0.888503971111376,0.6521227948177829,0.42726148691305166,0.15835291900252366,158.9774654785794
cubic,cubic,CUBIC,7,36,36,0.8478008730261674,0.2546044164170245,0.38390908090387066,0.014037295005586278,224.84595387004302
cubic,cubic,CUBIC,7,37,37,0.8873371386185447,0.7056366128881358,0.40890046713601286,0.17171840415442421,240.11165319159105
cubic,cubic,CUBIC,7,38,38,0.8787109433451303,0.4596814877002054,0.44613801514305407,0.04343481605336979,255.5542920926899
cubic,cubic,CUBIC,7,39,39,0.8722259484660655,0.6479110385065716,0.38948572474344234,0.08979305472696433,271.4971085714286
cubic,cubic,CUBIC,7,40,40,0.8470496447715529,0.6572410644347264,0.3285346169009582,0.11117600754873845,241.3538455231725
cubic,cubic,CUBIC,7,41,41,0.8753220241140203,0.7042070342611076,0.3690834718229899,0.1232407794762837,198.00848582895364
cubic,cubic,CUBIC,7,42,42,0.8800563155324632,0.6280758742970228,0.4021814176538418,0.1159282230314882,205.5940976508998
cubic,cubic,CUBIC,7,43,43,0.8852912873889973,0.6433842246178928,0.4522627301595935,0.14451853860621894,204.15779990922124
cubic,cubic,CUBIC,7,44,44,0.8970401164162121,0.7632742127136637,0.39300862648211105,0.17353575201489216,205.33180681796463
cubic,cubic,CUBIC,7,45,45,0.8824921336391621,0.6304217506871584,0.43070085268023833,0.14789325881491816,208.82254590858423
cubic,cubic,CUBIC,7,46,46,0.881871948753113,0.7019893401605233,0.3958934182022375,0.12268773501376422,245.84820332855548
cubic,cubic,CUBIC,7,47,47,0.8914728099890817,0.6848309897891903,0.41134848696145754,0.12431123140481143,226.50473352126136
cubic,cubic,CUBIC,7,48,48,0.8523187306304071,0.5792616684462125,0.388017434986005,0.14233485637624346,251.94867999681477
cubic,cubic,CUBIC,7,49,49,0.9185725652700156,0.7975729873438645,0.4748667159226022,0.20973234547325068,233.87339090301
cubic,cubic,CUBIC,7,50,50,0.7899708308774239,0.5291547449105632,0.2911022744627714,0.07542786386086574,247.01092047937573
frcc,frcc,FRCC,2,1,1,0.6295303112700592,0.5,0.16841656085729764,0.0,149.15455602564103
frcc,frcc,FRCC,2,2,2,0.8580232863318225,0.5124910859061572,0.5522207480888573,0.012493035549292883,77.93625411928652
frcc,frcc,FRCC,2,3,3,0.656875940958034,0.5014912598294674,0.20121725883909936,0.0014912631468269552,136.5846104180602
frcc,frcc,FRCC,2,4,4,0.8161819615830194,0.5210994268675858,0.47895089652130046,0.021108852268471926,135.79533618729096
frcc,frcc,FRCC,2,5,5,0.7427926673866627,0.5033324806794107,0.3457307620514051,0.0033325176889425503,117.1796988684504
frcc,frcc,FRCC,2,6,6,0.812904017808652,0.5175972980960286,0.43125537199628194,0.017602752514718545,131.24920919175028
frcc,frcc,FRCC,2,7,7,0.7009486997042144,0.5106604635857733,0.2578726587299308,0.010661675402358503,129.71841067447048
frcc,frcc,FRCC,2,8,8,0.6491528246940812,0.5,0.19990781595861204,0.0,1213.4566101170567
frcc,frcc,FRCC,2,9,9,0.8174493270773001,0.5331161097204682,0.4609627794458993,0.03315250726370393,127.93944768673356
frcc,frcc,FRCC,2,10,10,0.8165316642877616,0.5035161556795215,0.4980885334487501,0.00351619925375155,111.91768491081383
frcc,frcc,FRCC,2,11,11,0.821728813205716,0.5234768352264005,0.47532399935955794,0.023489796429904407,102.92783318283168
frcc,frcc,FRCC,2,12,12,0.8825166755647911,0.5512541710695389,0.6102496269165332,0.05138952740672531,126.55793071348941
frcc,frcc,FRCC,2,13,13,0.6902639806818196,0.5,0.2585660112813546,0.0,1891.457998890747
frcc,frcc,FRCC,2,14,14,0.8985215461717394,0.5499926051877801,0.6353193736510935,0.05011841726897741,88.65302340022296
frcc,frcc,FRCC,2,15,15,0.9071180912776401,0.5392477586958178,0.6381056152663682,0.03930851240451288,71.23124755295429
frcc,frcc,FRCC,2,16,16,0.6986666884044499,0.5,0.29783405588053935,0.0,1290.7611536677814
frcc,frcc,FRCC,2,17,17,0.5984007670090664,0.5031445745239989,0.11729237560330474,0.0031446056192897414,204.85705768115946
frcc,frcc,FRCC,2,18,18,0.8400996758304029,0.5607915675524136,0.4988395388782673,0.06101790941354144,161.36777137123744
frcc,frcc,FRCC,2,19,19,0.6426182269172116,0.5118389882838443,0.17967234122598744,0.01184065506806476,149.0266478929766
frcc,frcc,FRCC,2,20,20,0.8144442992351003,0.5158228601660056,0.458223065384492,0.015826825336633616,93.18092432552953
frcc,frcc,FRCC,2,21,21,0.6565596878827947,0.5098400526777352,0.20615142420967855,0.009841010644752346,142.27336819955406
frcc,frcc,FRCC,2,22,22,0.7686749978412469,0.5070378435277934,0.3743316746144918,0.007038192155461907,173.68353461538462
frcc,frcc,FRCC,2,23,23,0.6009121737616061,0.5022158084234382,0.12907434547658306,0.002215819319843853,182.69912755852843
frcc,frcc,FRCC,2,24,24,0.5736668076745336,0.5,0.08438810736643068,0.0,1457.4029725250837
frcc,frcc,FRCC,2,25,25,0.6070728693168087,0.5041398697847014,0.1291966348721571,0.004139940745684393,192.7456056354515
frcc,frcc,FRCC,2,26,26,0.72244754848496,0.5058687407380176,0.33531267252164015,0.005868943166055524,129.14176511705682
frcc,frcc,FRCC,2,27,27,0.6347929512057454,0.5,0.16812304778425402,0.0,1485.5017528929766
frcc,frcc,FRCC,2,28,28,0.6654804610277989,0.5014069311730319,0.22493181034566825,0.0014069339580046864,145.01460540691193
frcc,frcc,FRCC,2,29,29,0.6741415180249293,0.5033044356676794,0.24588837730514276,0.0033044717505762906,177.63845068004457
frcc,frcc,FRCC,2,30,30,0.6402123355610028,0.5014578895219438,0.18512386206355408,0.0014578926304439055,193.9674199498328
frcc,frcc,FRCC,2,31,31,0.7917974160868418,0.5025587422214762,0.437035607385266,0.0025587589741963065,96.98171496098105
frcc,frcc,FRCC,2,32,32,0.7900342861743342,0.5110479394879602,0.43819291168766245,0.011049288360453099,75.51457279821628
frcc,frcc,FRCC,2,33,33,0.6505096029592659,0.5036322980606012,0.17982465855644097,0.0036323459859236573,172.52828754738016
frcc,frcc,FRCC,2,34,34,0.6942349441546055,0.5,0.2834185384558034,0.0,552.3584969676699
frcc,frcc,FRCC,2,35,35,0.61139108157648,0.5025135012262845,0.14500189187983412,0.0025135171084877408,137.35124624860646
frcc,frcc,FRCC,2,36,36,0.7260774075514826,0.5036607746082087,0.3294481795451381,0.0036608236685574365,115.64966576923075
frcc,frcc,FRCC,2,37,37,0.6166393945092867,0.5024321883684499,0.1373462683254482,0.002432202761451022,223.74869544035676
frcc,frcc,FRCC,2,38,38,0.8271468716561821,0.5349930714615317,0.48149611904211126,0.03503605695511771,94.18889184503902
frcc,frcc,FRCC,2,39,39,0.5669098478474401,0.5,0.0760314680174737,0.0,606.6989414994425
frcc,frcc,FRCC,2,40,40,0.6213964179962985,0.5096445604895138,0.15034700697033906,0.009645457813894066,185.33976020066888
frcc,frcc,FRCC,2,41,41,0.6655494845735762,0.5041827539335652,0.22993799474668422,0.004182827115206441,132.26237481605352
frcc,frcc,FRCC,2,42,42,0.8288109513938193,0.5165410973547823,0.4931698451736966,0.016545625609299005,102.39510125975474
frcc,frcc,FRCC,2,43,43,0.72300674816969,0.5078816529618303,0.29695611755248613,0.00788214271220564,118.68646928093645
frcc,frcc,FRCC,2,44,44,0.6363770713263587,0.5009828196524815,0.16264498209391937,0.0009828206018226723,174.30409025641026
frcc,frcc,FRCC,2,45,45,0.6366195718816561,0.5009248968271619,0.1752752001810232,0.0009248976193423181,202.74748527313267
frcc,frcc,FRCC,2,46,46,0.625580875499553,0.5023998512990953,0.15532152158133414,0.002399865122795722,144.866679632107
frcc,frcc,FRCC,2,47,47,0.8651334075553143,0.5287580422118344,0.5493000406680513,0.02878186801619677,86.6577642865106
frcc,frcc,FRCC,2,48,48,0.885743627881387,0.6072215273666338,0.5903971365056347,0.10848380643952325,132.39583016164994
frcc,frcc,FRCC,2,49,49,0.6771750037956796,0.514646396342845,0.22301770782855687,0.014649542637691259,196.79787344481605
frcc,frcc,FRCC,2,50,50,0.8440217183452696,0.5157925156186997,0.5210985035925382,0.01579646734828951,133.65653686733555
frcc,frcc,FRCC,4,1,1,0.44001540394713945,0.2613163788945253,0.03952629420179392,0.002020859148974167,122.09332380992196
frcc,frcc,FRCC,4,2,2,0.7216581527877205,0.32350787409535187,0.2715610717207112,0.011188739399973021,83.21752442307692
frcc,frcc,FRCC,4,3,3,0.44150518278475165,0.2667018887386111,0.042183328543281606,0.0006110273425749724,174.78789282608696
frcc,frcc,FRCC,4,4,4,0.6576001751555619,0.3748404794783153,0.16494351084591585,0.004924041935598219,135.82504710423632
frcc,frcc,FRCC,4,5,5,0.7360221362946942,0.39830479911650185,0.25810245796579856,0.006758091218952491,99.41679593924192
frcc,frcc,FRCC,4,6,6,0.6007777207039464,0.331698578273394,0.09341830109716727,0.002997872534423645,128.83288492753624
frcc,frcc,FRCC,4,7,7,0.4724630347800498,0.2754485910756055,0.05676041578166225,0.006077978666371353,160.06868624860647
frcc,frcc,FRCC,4,8,8,0.7410807563468282,0.35064013271914823,0.28463126274026956,0.009797737412088912,123.0864473272018
frcc,frcc,FRCC,4,9,9,0.4218748105894964,0.264965392527671,0.028489944045016997,0.0007483922463327531,180.87833809643254
frcc,frcc,FRCC,4,10,10,0.7464269447572371,0.33238313883799525,0.29237042800865853,0.006840054950678186,106.27025586677816
frcc,frcc,FRCC,4,11,11,0.6939214118557118,0.33349901876971944,0.2738662248965036,0.016045637680652522,120.37403555183947
frcc,frcc,FRCC,4,12,12,0.6579048946262511,0.3325012117113287,0.1460400013507956,0.0,140.7270609587514
frcc,frcc,FRCC,4,13,13,0.707788220725392,0.33625108962239736,0.2478896797586422,0.007979713325948653,109.1388174303233
frcc,frcc,FRCC,4,14,14,0.48932987292167884,0.2978699397369393,0.06325469826549829,0.004237262784198471,172.23113437012262
frcc,frcc,FRCC,4,15,15,0.3781440179156374,0.2736070852082293,0.02297882717552429,0.0,203.95411861204013
frcc,frcc,FRCC,4,16,16,0.5277196286320237,0.2708018670757458,0.12193808855696223,0.0012054395951747036,155.99116063266445
frcc,frcc,FRCC,4,17,17,0.6468717109270248,0.33680761602921233,0.08948225432986644,0.012080374589501971,127.09132979654404
frcc,frcc,FRCC,4,18,18,0.6622416908523041,0.29916842919078845,0.21411072115924829,0.005464336744115998,163.68904695930883
frcc,frcc,FRCC,4,19,19,0.5764578019444935,0.29249532369562714,0.11716153679871286,0.0007971051714927717,153.9927669509476
frcc,frcc,FRCC,4,20,20,0.6863550064689227,0.30678077664436376,0.24753056011977548,0.005127188894992472,98.00438794871795
frcc,frcc,FRCC,4,21,21,0.4029123123895275,0.25,0.026621554773475525,0.0,162.12184438963212
frcc,frcc,FRCC,4,22,22,0.6405880492922397,0.3267033878276543,0.16187584511672415,0.007580572147557614,127.17772964325529
frcc,frcc,FRCC,4,23,23,0.4761616434804972,0.28193221664645657,0.08555962454505708,0.008075163030277948,162.3081189437012
frcc,frcc,FRCC,4,24,24,0.5003942860702674,0.25874356808733756,0.0875808670891024,0.00045278327237443383,151.60581385451505
frcc,frcc,FRCC,4,25,25,0.7355443978853676,0.4086111161847379,0.21748812732012085,0.003877659227851103,148.22874122352286
frcc,frcc,FRCC,4,26,26,0.6202658072810522,0.3247668606566869,0.1268783606932508,0.004780931030568955,128.0811507915273
frcc,frcc,FRCC,4,27,27,0.4845317786277123,0.25898436529107555,0.06866494619246626,0.0016312084551028815,200.51823181995542
frcc,frcc,FRCC,4,28,28,0.48633008728830857,0.2771545471271058,0.06318598646016134,0.0,173.17039511705687
frcc,frcc,FRCC,4,29,29,0.7338993901170514,0.38175392976154826,0.28112393531394775,0.005726569649287128,126.4270857051282
frcc,frcc,FRCC,4,30,30,0.5701795899326643,0.27030049591803856,0.09510318302601453,0.001919004386168768,135.0669256800446
frcc,frcc,FRCC,4,31,31,0.6846101661036609,0.3450202380538737,0.14624393079241452,0.000993878423738218,104.31540154403568
frcc,frcc,FRCC,4,32,32,0.4684444476642403,0.26331358756567286,0.07140664780777556,0.0039646075484854135,132.41260785953176
frcc,frcc,FRCC,4,33,33,0.8507472348230107,0.5324795655755902,0.4237226607545948,0.05823545478018045,90.51150551560758
frcc,frcc,FRCC,4,34,34,0.610174807772778,0.27856198303271695,0.17043577828212497,0.0007540061906579287,140.65632721571905
frcc,frcc,FRCC,4,35,35,0.6691956272771941,0.34626079480711375,0.19405823945079465,0.007663661190839225,90.90490180044594
frcc,frcc,FRCC,4,36,36,0.5077957842888656,0.26222067113248926,0.03647098269662601,0.003027660213203157,133.20926467391303
frcc,frcc,FRCC,4,37,37,0.3984169700448356,0.26387290371906286,0.01877080023806231,0.0013848972972824527,187.54767197324415
frcc,frcc,FRCC,4,38,38,0.4302287653127122,0.2582078007568725,0.04644695123687982,0.0,210.87814881549608
frcc,frcc,FRCC,4,39,39,0.7443902032170686,0.34080086357772327,0.28691142685578974,0.014802265228902626,144.30488880992198
frcc,frcc,FRCC,4,40,40,0.38452157204666987,0.25768892749925904,0.025872735762391852,0.0008746592026104193,216.9704551031215
frcc,frcc,FRCC,4,41,41,0.5845083107364484,0.3149489942282744,0.10951115927540779,0.0012733214350039172,116.98094692865106
frcc,frcc,FRCC,4,42,42,0.5715786230641197,0.25936695756980427,0.13705090995275993,0.002048756805658129,107.35166932552954
frcc,frcc,FRCC,4,43,43,0.7658706093061232,0.42107734519264867,0.24327222382453384,0.010196414474262807,111.12627905239687
frcc,frcc,FRCC,4,44,44,0.5671093387915228,0.2983103159066178,0.07401190070103324,0.006246514416202289,134.63262274804907
frcc,frcc,FRCC,4,45,45,0.4760462338141364,0.26232697772169733,0.05076297657717696,0.0020512955876125917,159.0860543283166
frcc,frcc,FRCC,4,46,46,0.758982465165132,0.4195693296471027,0.28779031287795437,0.007123853730658256,115.52468686176142
frcc,frcc,FRCC,4,47,47,0.46243112030697364,0.27806833515278107,0.046156020937577584,0.0009897412197191777,182.25045447881828
frcc,frcc,FRCC,4,48,48,0.6017836509763527,0.32734203819127033,0.14144369027900672,0.000730475963636455,159.88686142976587
frcc,frcc,FRCC,4,49,49,0.7435155412085425,0.3590416102169943,0.30619718602004353,0.008611977747751997,120.26616513377927
frcc,frcc,FRCC,4,50,50,0.6613379964609953,0.40556348164811223,0.16491611310217805,0.008030858614926016,126.0827284141583
frcc,frcc,FRCC,5,1,1,0.49110051027553664,0.2276364107032264,0.03552873280976156,0.000841087597314782,117.18679572798217
frcc,frcc,FRCC,5,2,2,0.753786560585162,0.4103750285444319,0.20090162976175502,0.009070746186754432,91.19802232775919
frcc,frcc,FRCC,5,3,3,0.43464203132826307,0.2305192047888993,0.038073668820875185,0.000941295435641596,203.07096155406913
frcc,frcc,FRCC,5,4,4,0.8198905930454767,0.49917311585674806,0.32603998597299183,0.03242797555696643,112.04741389297658
frcc,frcc,FRCC,5,5,5,0.5751360777402141,0.20675863481265264,0.1655978783284128,0.0,116.9557082586399
frcc,frcc,FRCC,5,6,6,0.5743244741696685,0.29094783883772907,0.07425059373908553,0.0034418179698619926,127.07276312820514
frcc,frcc,FRCC,5,7,7,0.5216826851762011,0.22535033750953185,0.08438141657467015,0.0020977182794086947,163.08445483612041
frcc,frcc,FRCC,5,8,8,0.6863908961238769,0.330667422902845,0.19184312430240316,0.006297019213456859,114.29200085172798
frcc,frcc,FRCC,5,9,9,0.6191228185519813,0.2295600932772354,0.11437107229774808,0.0,130.18255107915274
frcc,frcc,FRCC,5,10,10,0.40025707947884004,0.21937665798613715,0.0272550707276332,0.0006451981756725648,198.4713908115942
frcc,frcc,FRCC,5,11,11,0.4195443747536563,0.23319933553121172,0.03525479269578844,0.0,2045.007707705686
frcc,frcc,FRCC,5,12,12,0.6452674695571706,0.32127901257915775,0.11199632001555708,0.0,161.93441326867338
frcc,frcc,FRCC,5,13,13,0.6255191084568246,0.2622562994455126,0.18462077001332874,0.0,123.41063489632106
frcc,frcc,FRCC,5,14,14,0.38382643833336666,0.21621544455836292,0.020346349903836384,0.0012762670809331235,181.37841355406914
frcc,frcc,FRCC,5,15,15,0.690464109155227,0.215711264105641,0.1935031884289969,0.0,465.8981667131243
frcc,frcc,FRCC,5,16,16,0.3852553790287753,0.21353115751202612,0.018999158271600296,0.0,1325.4795936142696
frcc,frcc,FRCC,5,17,17,0.5107332058727617,0.2229742566804023,0.06455352560799038,0.0014568124106113796,173.33033004236344
frcc,frcc,FRCC,5,18,18,0.6276390770596675,0.27279659946794493,0.17369926570043012,0.0010185575774252238,171.8348337413601
frcc,frcc,FRCC,5,19,19,0.6147351049154599,0.24832351210147063,0.14736560181931815,0.005744713328457893,139.99618907023412
frcc,frcc,FRCC,5,20,20,0.6227483741790766,0.37301331248251546,0.05554411784001683,0.008530905362268911,103.19659001114826
frcc,frcc,FRCC,5,21,21,0.6423134476665505,0.2664708089636354,0.16849946949416755,0.0,128.85914714827203
frcc,frcc,FRCC,5,22,22,0.7581373841834305,0.34386989252628164,0.28400106216927373,0.01600844205207153,99.43151510813824
frcc,frcc,FRCC,5,23,23,0.7522945355687088,0.44875536367315944,0.2110843813571642,0.021071545554101,92.0623361315496
frcc,frcc,FRCC,5,24,24,0.36638233432494816,0.20612617746523543,0.026071658722672166,0.0,795.3277368985507
frcc,frcc,FRCC,5,25,25,0.7034486957167597,0.4696522129767101,0.16490084331215749,0.0015858628451115618,141.4134566800446
frcc,frcc,FRCC,5,26,26,0.6465512633625345,0.2916293404538498,0.16364443600690573,0.0,110.06343400222966
frcc,frcc,FRCC,5,27,27,0.7571020459191924,0.38680504718294084,0.2000489225762949,0.02061180897897062,120.3868316432553
frcc,frcc,FRCC,5,28,28,0.6181096422528014,0.2951139435352341,0.12908133952756173,0.004963014764510907,123.95355845261983
frcc,frcc,FRCC,5,29,29,0.49172640644112126,0.20692012961967843,0.13380099797039843,0.0,180.00986022296544
frcc,frcc,FRCC,5,30,30,0.5641383264615957,0.2681673211747778,0.04744125479947835,0.0022189361273399215,113.37700167001113
frcc,frcc,FRCC,5,31,31,0.6546846670612175,0.268089805609049,0.17025179123980813,0.0,104.27399088963212
frcc,frcc,FRCC,5,32,32,0.4873861577062078,0.22122007632139692,0.08228849120239438,0.0006746764415649508,117.2648910412486
frcc,frcc,FRCC,5,33,33,0.7996717068763624,0.49150416512807693,0.2767238454104497,0.02636054231302961,103.72640670011147
frcc,frcc,FRCC,5,34,34,0.5853831172321983,0.3121635065979513,0.10297614956447108,0.00635404657720927,145.8799320245262
frcc,frcc,FRCC,5,35,35,0.4677551387819305,0.23406838499423208,0.034531544349673954,0.0009222383664185871,136.069679393534
frcc,frcc,FRCC,5,36,36,0.6004640492526853,0.23223027237613061,0.16748305572856717,0.00054964345405774,129.56537748049055
frcc,frcc,FRCC,5,37,37,0.40328030518794233,0.2103609031767107,0.024100028647113584,0.0,220.7733288606466
frcc,frcc,FRCC,5,38,38,0.4039320716698554,0.2298249660144316,0.018565450197313062,0.0011469520173124402,216.1304227424749
frcc,frcc,FRCC,5,39,39,0.6742272323405908,0.24825573829676395,0.1812127652141515,0.008650436578114241,135.875956845039
frcc,frcc,FRCC,5,40,40,0.5391108784498659,0.21572779570591552,0.04865431363293443,0.0014747977911711257,162.76520285172802
frcc,frcc,FRCC,5,41,41,0.38046386396758475,0.20134846301419107,0.02607393481951508,0.0,257.2148504080268
frcc,frcc,FRCC,5,42,42,0.6435310418384591,0.36726313882023875,0.08998594582338931,0.009383124850620879,105.8937785039019
frcc,frcc,FRCC,5,43,43,0.513566076455755,0.24397976905428778,0.0689215119629452,0.0021010434005143395,139.0471481672241
frcc,frcc,FRCC,5,44,44,0.5113502084233262,0.22023310682815128,0.07456398409971107,0.00037112487387692695,150.44988325975473
frcc,frcc,FRCC,5,45,45,0.6787377505357193,0.3411456358413196,0.15122568116218316,0.007755608941562282,113.90513198662208
frcc,frcc,FRCC,5,46,46,0.7346740240807854,0.4147974525995785,0.1884019167767836,0.02253720162940477,118.93879442363432
frcc,frcc,FRCC,5,47,47,0.40589599281959804,0.20756140136587894,0.06446402531652771,0.0013158352212706559,190.8779969542921
frcc,frcc,FRCC,5,48,48,0.739152825730537,0.46921763643474235,0.16539900601475138,0.006634020987953254,152.78196909253066
frcc,frcc,FRCC,5,49,49,0.504814409444277,0.22656912531317389,0.08454346076659489,0.0017969283397453928,186.55653788851728
frcc,frcc,FRCC,5,50,50,0.6834879011922751,0.3972586672854885,0.19182827450689843,0.011612607038047113,120.64586920401337
frcc,frcc,FRCC,7,1,1,0.5330055096377395,0.2083321321681695,0.04578709920990362,0.0,97.64573561235865
frcc,frcc,FRCC,7,2,2,0.7775052561351835,0.4922470770393354,0.20827174549905647,0.026246191745724606,97.1446393979933
frcc,frcc,FRCC,7,3,3,0.5994196841102202,0.22692164424208314,0.10764038208728285,0.008068961530082958,118.43845313903486
frcc,frcc,FRCC,7,4,4,0.761829338890114,0.4970695273329408,0.19362559396761933,0.020760949879010254,130.16906327759196
frcc,frcc,FRCC,7,5,5,0.6514372078164857,0.32945713595288706,0.09876178919066475,0.0024555101905603745,122.38725309762701
frcc,frcc,FRCC,7,6,6,0.40074650918245164,0.1760740706381473,0.02287795925383102,0.0,139.0845701831502
frcc,frcc,FRCC,7,7,7,0.5241459749093842,0.2389516300914656,0.061088487281479295,0.008931210869080239,160.09104303073738
frcc,frcc,FRCC,7,8,8,0.6875631011268795,0.31448594160150967,0.13071807323641393,0.010679033325762246,126.04305347029779
frcc,frcc,FRCC,7,9,9,0.4674539628687243,0.15032909042418435,0.021069635418398326,0.0,130.8663000111483
frcc,frcc,FRCC,7,10,10,0.6357962714978246,0.24195079767782243,0.1692535425928453,0.0,126.39173085523173
frcc,frcc,FRCC,7,11,11,0.5516962129676994,0.2810987342023141,0.04061110043222308,0.0,140.1191840404523
frcc,frcc,FRCC,7,12,12,0.5649738021716166,0.2715818784653073,0.03382645485794411,0.0049041976707719466,170.58832576365663
frcc,frcc,FRCC,7,13,13,0.6245648254721825,0.2560501613823949,0.13848893906678728,0.003836741325726482,123.18629172957478
frcc,frcc,FRCC,7,14,14,0.5423659329816571,0.29205940629178256,0.054414933073543864,0.004082831544996928,145.59415695492913
frcc,frcc,FRCC,7,15,15,0.6063606381412825,0.17148767400290293,0.15765662786718249,0.002805683988837852,123.01333709348623
frcc,frcc,FRCC,7,16,16,0.6527343951609087,0.3251363860741828,0.1116271872855538,0.0,98.6121116722408
frcc,frcc,FRCC,7,17,17,0.6123216111246846,0.2863265174710321,0.11839365361354098,0.0029393568797691587,151.8386601417423
frcc,frcc,FRCC,7,18,18,0.6741536961162808,0.40236336696027236,0.12265205811403215,0.01242948556241173,161.34521188246535
frcc,frcc,FRCC,7,19,19,0.6913587044870347,0.4182071371814892,0.1355685572850195,0.01538437814155679,117.25747034400383
frcc,frcc,FRCC,7,20,20,0.46909345159545507,0.20217279179912467,0.04651079148212553,0.000829039168136479,132.4091055852843
frcc,frcc,FRCC,7,21,21,0.5780054978780256,0.23717737699969207,0.055518633159787424,0.0020400274110585295,137.5230904363752
frcc,frcc,FRCC,7,22,22,0.7538434879868298,0.3784685635446664,0.20934406715896126,0.015537823147191458,111.53510861920688
frcc,frcc,FRCC,7,23,23,0.619752760995439,0.22350324665364737,0.10896492086266842,0.0,119.38046587832457
frcc,frcc,FRCC,7,24,24,0.6125669057735414,0.3227315992755735,0.09217402412725127,0.0,115.21117567287783
frcc,frcc,FRCC,7,25,25,0.6511613975517772,0.348825612603695,0.08734666553484362,0.003773970437853891,161.62966765727023
frcc,frcc,FRCC,7,26,26,0.5638692656007182,0.24736359849695105,0.07927493356597455,0.007268333163004986,118.9358306673037
frcc,frcc,FRCC,7,27,27,0.6828813905324894,0.32829458413831974,0.11494662436922273,0.011018222643272365,135.56378673833413
frcc,frcc,FRCC,7,28,28,0.6720839445828495,0.3486482192205541,0.15147803288428804,0.0005167865200978499,110.83830271699314
frcc,frcc,FRCC,7,29,29,0.4343576194380529,0.15215577953730128,0.07854823275399642,0.0016947091045558887,202.21253435419655
frcc,frcc,FRCC,7,30,30,0.35838471292121693,0.16550073854630237,0.02089256456260116,0.0,149.76389245899028
frcc,frcc,FRCC,7,31,31,0.6299115859749581,0.27379996300992787,0.12723567262099286,0.0,109.08549616340181
frcc,frcc,FRCC,7,32,32,0.4084398897763144,0.15743200906138274,0.03371334666309569,0.0,121.12194471094124
frcc,frcc,FRCC,7,33,33,0.7513693193911171,0.4743876259737092,0.1426843248169494,0.00727595328066819,106.39293209587514
frcc,frcc,FRCC,7,34,34,0.6033815251910833,0.2985704787267162,0.04585325372623361,0.00042048028643014435,127.56172511864948
frcc,frcc,FRCC,7,35,35,0.3618787881310865,0.1884336510195818,0.02000479366107989,0.0,147.67812109571588
frcc,frcc,FRCC,7,36,36,0.7295823134540852,0.28349371623819847,0.24247817019309215,0.009736064436425244,99.6010286383182
frcc,frcc,FRCC,7,37,37,0.5105795649469034,0.18425427346344242,0.04609325292541101,0.0012470665829457405,150.87811105112277
frcc,frcc,FRCC,7,38,38,0.5426813580076765,0.27544177680644416,0.06122810957070361,0.0,142.8215069788183
frcc,frcc,FRCC,7,39,39,0.5491378774034327,0.2898636523664409,0.0371257657103214,0.004873760341490083,134.721481111642
frcc,frcc,FRCC,7,40,40,0.526105020741273,0.22509750134473708,0.08489984795101906,0.005657060298645545,164.12432313584966
frcc,frcc,FRCC,7,41,41,0.5083376981581625,0.2259918649553941,0.05319869096153569,0.0011358759628944668,120.77666020703933
frcc,frcc,FRCC,7,42,42,0.5188215360436695,0.16588907112092072,0.0910893362793406,0.0014840176307508244,122.66875699315177
frcc,frcc,FRCC,7,43,43,0.48795177097351766,0.2362580013498149,0.027008231369950182,0.001226225532333251,148.03322400860011
frcc,frcc,FRCC,7,44,44,0.3652015244675736,0.15128643790936153,0.04147994286527245,0.0007737530213557159,178.05812143175666
frcc,frcc,FRCC,7,45,45,0.3169070741018556,0.1543882849531958,0.025887543114394222,0.0,196.5501847826087
frcc,frcc,FRCC,7,46,46,0.6581249438936042,0.3708121697815471,0.12511413777976824,0.01647601261856675,124.90923348303872
frcc,frcc,FRCC,7,47,47,0.666257559473546,0.26342720323629765,0.12264072900862423,0.00841272778472926,119.70947887083928
frcc,frcc,FRCC,7,48,48,0.6586414702022503,0.40708066917682634,0.12729852863966948,0.010234379248118203,171.4079064500717
frcc,frcc,FRCC,7,49,49,0.5252572784727179,0.18356340970656787,0.057885409297576525,0.0018560448931382533,149.1136622567288
frcc,frcc,FRCC,7,50,50,0.6885973793774027,0.3968277416183041,0.15019205405192623,0.012825089804134684,129.1868314715719
ma_dreamer_20260609-022904,ma_dreamer_20260609-022904,MA-Dreamer / Tempest / Avg-throughput fairness,2,1,1,0.956982932897105,0.8251647860514302,0.739278001803127,0.3695786981080757,54.95623479251762
ma_dreamer_20260609-022904,ma_dreamer_20260609-022904,MA-Dreamer / Tempest / Avg-throughput fairness,2,2,2,0.9748007706094033,0.8247801621872755,0.8270080777343098,0.3690064842769438,56.696467322988056
ma_dreamer_20260609-022904,ma_dreamer_20260609-022904,MA-Dreamer / Tempest / Avg-throughput fairness,2,3,3,0.9271940510165261,0.7290474999033748,0.6620649702852449,0.24251914078793402,58.730988068910435
ma_dreamer_20260609-022904,ma_dreamer_20260609-022904,MA-Dreamer / Tempest / Avg-throughput fairness,2,4,4,0.9667875557724005,0.8266696755882792,0.7740394149096032,0.3718388109650811,57.01577144171509
ma_dreamer_20260609-022904,ma_dreamer_20260609-022904,MA-Dreamer / Tempest / Avg-throughput fairness,2,5,5,0.9103940494257735,0.6844863881362706,0.5976223196400295,0.19123311297775603,55.53371251748635
ma_dreamer_20260609-022904,ma_dreamer_20260609-022904,MA-Dreamer / Tempest / Avg-throughput fairness,2,6,6,0.8869841829056615,0.6403296501142005,0.5590895816127541,0.14320760294580864,74.3550408469268
ma_dreamer_20260609-022904,ma_dreamer_20260609-022904,MA-Dreamer / Tempest / Avg-throughput fairness,2,7,7,0.9618429127462016,0.8453934075423087,0.7734815404400609,0.40095612683289605,56.892247017807506
ma_dreamer_20260609-022904,ma_dreamer_20260609-022904,MA-Dreamer / Tempest / Avg-throughput fairness,2,8,8,0.9462064754099386,0.7709966346249335,0.7115360644607991,0.294500286174406,65.91448056605608
ma_dreamer_20260609-022904,ma_dreamer_20260609-022904,MA-Dreamer / Tempest / Avg-throughput fairness,2,9,9,0.907053982615206,0.6655052657676569,0.6172364303033501,0.17031121401700008,57.79841655147141
ma_dreamer_20260609-022904,ma_dreamer_20260609-022904,MA-Dreamer / Tempest / Avg-throughput fairness,2,10,10,0.9012727285109361,0.7410952405968384,0.5873783342337835,0.2570221824224905,55.49919541038501
ma_dreamer_20260609-022904,ma_dreamer_20260609-022904,MA-Dreamer / Tempest / Avg-throughput fairness,2,11,11,0.8861676152354114,0.6558521854733114,0.5637135308023319,0.15983389412472523,63.15587186798246
ma_dreamer_20260609-022904,ma_dreamer_20260609-022904,MA-Dreamer / Tempest / Avg-throughput fairness,2,12,12,0.9545503928950251,0.7621723322173137,0.7575037974348753,0.28319902511219197,63.907051676351955
ma_dreamer_20260609-022904,ma_dreamer_20260609-022904,MA-Dreamer / Tempest / Avg-throughput fairness,2,13,13,0.925339771006993,0.7824172134836996,0.6485152925041596,0.30946608809443704,65.84760657274857
ma_dreamer_20260609-022904,ma_dreamer_20260609-022904,MA-Dreamer / Tempest / Avg-throughput fairness,2,14,14,0.9293988841602857,0.7551138817012062,0.6681753140398022,0.2743106799702192,60.45956162248022
ma_dreamer_20260609-022904,ma_dreamer_20260609-022904,MA-Dreamer / Tempest / Avg-throughput fairness,2,15,15,0.8562000466943217,0.7005719081767521,0.4881599417369671,0.20936369234593563,57.363587072392356
ma_dreamer_20260609-022904,ma_dreamer_20260609-022904,MA-Dreamer / Tempest / Avg-throughput fairness,2,16,16,0.9332558240185413,0.7638475456069298,0.6663024709005481,0.2853287526552335,64.74650882636578
ma_dreamer_20260609-022904,ma_dreamer_20260609-022904,MA-Dreamer / Tempest / Avg-throughput fairness,2,17,17,0.8651808836965842,0.6341006741763994,0.5437837771112574,0.13660305085458455,64.04395478461473
ma_dreamer_20260609-022904,ma_dreamer_20260609-022904,MA-Dreamer / Tempest / Avg-throughput fairness,2,18,18,0.9197695987714364,0.6977893804482727,0.6338554787008814,0.20619901336607285,69.33469760114555
ma_dreamer_20260609-022904,ma_dreamer_20260609-022904,MA-Dreamer / Tempest / Avg-throughput fairness,2,19,19,0.888426041693112,0.6872168699097491,0.5530099237553113,0.19428359863697447,60.495480361415545
ma_dreamer_20260609-022904,ma_dreamer_20260609-022904,MA-Dreamer / Tempest / Avg-throughput fairness,2,20,20,0.9216204006263911,0.7736545400127277,0.6162365829488846,0.29794773531752555,58.45926861687355
ma_dreamer_20260609-022904,ma_dreamer_20260609-022904,MA-Dreamer / Tempest / Avg-throughput fairness,2,21,21,0.925046434013012,0.7574598986427226,0.6578337155355453,0.27725025720859053,56.93071500185408
ma_dreamer_20260609-022904,ma_dreamer_20260609-022904,MA-Dreamer / Tempest / Avg-throughput fairness,2,22,22,0.9602774569242681,0.82259284281463,0.7535829925648695,0.36574617204510007,59.56908660126802
ma_dreamer_20260609-022904,ma_dreamer_20260609-022904,MA-Dreamer / Tempest / Avg-throughput fairness,2,23,23,0.9354683620916573,0.7214912539096787,0.6714168269258083,0.23357537604767756,55.59221181276379
ma_dreamer_20260609-022904,ma_dreamer_20260609-022904,MA-Dreamer / Tempest / Avg-throughput fairness,2,24,24,0.943875286356592,0.7540686734416653,0.7286226860208362,0.27300495226689103,59.781920585510846
ma_dreamer_20260609-022904,ma_dreamer_20260609-022904,MA-Dreamer / Tempest / Avg-throughput fairness,2,25,25,0.9220662828888748,0.7430993574641799,0.6300967775193567,0.2594653886855051,65.32995684752757
ma_dreamer_20260609-022904,ma_dreamer_20260609-022904,MA-Dreamer / Tempest / Avg-throughput fairness,2,26,26,0.9327798530928412,0.7626254459842247,0.6847487219202136,0.28377409853377766,57.85742175351389
ma_dreamer_20260609-022904,ma_dreamer_20260609-022904,MA-Dreamer / Tempest / Avg-throughput fairness,2,27,27,0.8836757580001887,0.645305597223715,0.5376784535849555,0.14851989789303333,72.68958869198983
ma_dreamer_20260609-022904,ma_dreamer_20260609-022904,MA-Dreamer / Tempest / Avg-throughput fairness,2,28,28,0.9403178573125613,0.6744703353613848,0.718665814546357,0.18013151904821745,55.977857154162976
ma_dreamer_20260609-022904,ma_dreamer_20260609-022904,MA-Dreamer / Tempest / Avg-throughput fairness,2,29,29,0.8870052952374037,0.6552979224735047,0.5724074138835302,0.15923565582614954,65.03496976464635
ma_dreamer_20260609-022904,ma_dreamer_20260609-022904,MA-Dreamer / Tempest / Avg-throughput fairness,2,30,30,0.8689705618374527,0.6429476990246419,0.5169445412906929,0.14599575773380785,62.7036998559653
ma_dreamer_20260609-022904,ma_dreamer_20260609-022904,MA-Dreamer / Tempest / Avg-throughput fairness,2,31,31,0.9260871127158604,0.7397159932841967,0.6421139416312749,0.25534584865947696,54.40300593112478
ma_dreamer_20260609-022904,ma_dreamer_20260609-022904,MA-Dreamer / Tempest / Avg-throughput fairness,2,32,32,0.9529617972077609,0.8299476927675599,0.7076595501214751,0.37681963598857465,41.8226409022663
ma_dreamer_20260609-022904,ma_dreamer_20260609-022904,MA-Dreamer / Tempest / Avg-throughput fairness,2,33,33,0.9625666230898948,0.8509077171147094,0.7503711286873395,0.4098530225966083,59.3231393501752
ma_dreamer_20260609-022904,ma_dreamer_20260609-022904,MA-Dreamer / Tempest / Avg-throughput fairness,2,34,34,0.9538695034182663,0.8069573671358057,0.7353303230432291,0.34312375646452437,65.53859741291937
ma_dreamer_20260609-022904,ma_dreamer_20260609-022904,MA-Dreamer / Tempest / Avg-throughput fairness,2,35,35,0.9610785777765113,0.8704493096055874,0.7401869997279783,0.44322429839156213,42.731907897326124
ma_dreamer_20260609-022904,ma_dreamer_20260609-022904,MA-Dreamer / Tempest / Avg-throughput fairness,2,36,36,0.9404640100804195,0.7910750885711852,0.6779041557244085,0.3210833958379949,56.99948231177157
ma_dreamer_20260609-022904,ma_dreamer_20260609-022904,MA-Dreamer / Tempest / Avg-throughput fairness,2,37,37,0.8648964902424808,0.6275431073677583,0.5293391213383666,0.12968827639398706,65.41151003968113
ma_dreamer_20260609-022904,ma_dreamer_20260609-022904,MA-Dreamer / Tempest / Avg-throughput fairness,2,38,38,0.9592811704984414,0.8776929443201643,0.7347679679704048,0.45634927206865755,69.70939546393811
ma_dreamer_20260609-022904,ma_dreamer_20260609-022904,MA-Dreamer / Tempest / Avg-throughput fairness,2,39,39,0.9043619371536125,0.6774920531528383,0.5885795888007122,0.18347554401099064,82.26456866764681
ma_dreamer_20260609-022904,ma_dreamer_20260609-022904,MA-Dreamer / Tempest / Avg-throughput fairness,2,40,40,0.9418025735614936,0.7354924798260821,0.7054626246476384,0.25023925493536636,72.66040794937157
ma_dreamer_20260609-022904,ma_dreamer_20260609-022904,MA-Dreamer / Tempest / Avg-throughput fairness,2,41,41,0.9086220224216038,0.6928750634268153,0.6175061106267562,0.20065081405196367,57.01062013107023
ma_dreamer_20260609-022904,ma_dreamer_20260609-022904,MA-Dreamer / Tempest / Avg-throughput fairness,2,42,42,0.8923368975369719,0.7393609714458673,0.5553311307437981,0.2549363137834712,62.521164474693634
ma_dreamer_20260609-022904,ma_dreamer_20260609-022904,MA-Dreamer / Tempest / Avg-throughput fairness,2,43,43,0.8970791873662213,0.7217398602487181,0.5619330044249012,0.23386809032744701,54.11338234372417
ma_dreamer_20260609-022904,ma_dreamer_20260609-022904,MA-Dreamer / Tempest / Avg-throughput fairness,2,44,44,0.9219187721618494,0.7411859575886802,0.648698274638377,0.2571327365244787,52.45597679091994
ma_dreamer_20260609-022904,ma_dreamer_20260609-022904,MA-Dreamer / Tempest / Avg-throughput fairness,2,45,45,0.9346595716715276,0.7486854859182352,0.7036655012844814,0.2663246121912646,57.02451252229382
ma_dreamer_20260609-022904,ma_dreamer_20260609-022904,MA-Dreamer / Tempest / Avg-throughput fairness,2,46,46,0.9083021613188498,0.6572864735103711,0.6079815660117966,0.16138308053456085,65.27468554521928
ma_dreamer_20260609-022904,ma_dreamer_20260609-022904,MA-Dreamer / Tempest / Avg-throughput fairness,2,47,47,0.9216018350742001,0.6721229191281024,0.6624660352611356,0.1775488553788358,58.904359267969426
ma_dreamer_20260609-022904,ma_dreamer_20260609-022904,MA-Dreamer / Tempest / Avg-throughput fairness,2,48,48,0.9380646655398615,0.687495031738124,0.6851641571494758,0.19459645344728282,66.61037256642052
ma_dreamer_20260609-022904,ma_dreamer_20260609-022904,MA-Dreamer / Tempest / Avg-throughput fairness,2,49,49,0.9617969369772061,0.816383094452275,0.7590050800957884,0.3566201681790922,63.54351223268881
ma_dreamer_20260609-022904,ma_dreamer_20260609-022904,MA-Dreamer / Tempest / Avg-throughput fairness,2,50,50,0.9074112169564129,0.7333484789950853,0.61157639265345,0.24766133726538758,69.16903290685994
ma_dreamer_20260609-022904,ma_dreamer_20260609-022904,MA-Dreamer / Tempest / Avg-throughput fairness,4,1,1,0.9437466427989547,0.7967841383515291,0.6352560031909229,0.19705226415408925,60.5957786179282
ma_dreamer_20260609-022904,ma_dreamer_20260609-022904,MA-Dreamer / Tempest / Avg-throughput fairness,4,2,2,0.9690540755292641,0.8662722239743212,0.7043644952470718,0.34925962997768745,63.392356749653416
ma_dreamer_20260609-022904,ma_dreamer_20260609-022904,MA-Dreamer / Tempest / Avg-throughput fairness,4,3,3,0.8942050899981548,0.7244581335946764,0.5029653481732194,0.22085942627012758,64.75377585336673
ma_dreamer_20260609-022904,ma_dreamer_20260609-022904,MA-Dreamer / Tempest / Avg-throughput fairness,4,4,4,0.9271109144356035,0.7250375228401956,0.6180119612816045,0.15857673523108293,82.47982629062491
ma_dreamer_20260609-022904,ma_dreamer_20260609-022904,MA-Dreamer / Tempest / Avg-throughput fairness,4,5,5,0.8925823873072102,0.6163093744359306,0.5288007878340248,0.16178306114507274,81.52222793467149
ma_dreamer_20260609-022904,ma_dreamer_20260609-022904,MA-Dreamer / Tempest / Avg-throughput fairness,4,6,6,0.7988621497900948,0.461838983874039,0.36958292635573126,0.11754853072233472,86.93350320437176
ma_dreamer_20260609-022904,ma_dreamer_20260609-022904,MA-Dreamer / Tempest / Avg-throughput fairness,4,7,7,0.8916712774985418,0.6792129125137183,0.49851817852219027,0.18785857532559644,65.97734133132566
ma_dreamer_20260609-022904,ma_dreamer_20260609-022904,MA-Dreamer / Tempest / Avg-throughput fairness,4,8,8,0.8783396175111079,0.6310713203048979,0.4828421367368016,0.14755629629583528,75.60699217328416
ma_dreamer_20260609-022904,ma_dreamer_20260609-022904,MA-Dreamer / Tempest / Avg-throughput fairness,4,9,9,0.8878376705709955,0.5920802039651221,0.526897579760589,0.1770786334452223,80.14289569610258
ma_dreamer_20260609-022904,ma_dreamer_20260609-022904,MA-Dreamer / Tempest / Avg-throughput fairness,4,10,10,0.8740377395854629,0.6451314183229313,0.47860368113147594,0.2112991020967058,66.0553649363408
ma_dreamer_20260609-022904,ma_dreamer_20260609-022904,MA-Dreamer / Tempest / Avg-throughput fairness,4,11,11,0.9228604100051471,0.6971846095176971,0.6019006944437812,0.21747789816180993,74.59655542119624
ma_dreamer_20260609-022904,ma_dreamer_20260609-022904,MA-Dreamer / Tempest / Avg-throughput fairness,4,12,12,0.9197126729922441,0.7208212567465,0.554698877256709,0.222167427228113,72.77787400713002
ma_dreamer_20260609-022904,ma_dreamer_20260609-022904,MA-Dreamer / Tempest / Avg-throughput fairness,4,13,13,0.9277892654221803,0.753180808607358,0.5849822581872822,0.22695499922784365,66.16534468954389
ma_dreamer_20260609-022904,ma_dreamer_20260609-022904,MA-Dreamer / Tempest / Avg-throughput fairness,4,14,14,0.8700462725843738,0.5659172075602573,0.4995592652689862,0.1505661224724917,73.3649721515801
ma_dreamer_20260609-022904,ma_dreamer_20260609-022904,MA-Dreamer / Tempest / Avg-throughput fairness,4,15,15,0.8780595921927291,0.6656589158891895,0.49931657465975765,0.14248932711152756,63.10772927983067
ma_dreamer_20260609-022904,ma_dreamer_20260609-022904,MA-Dreamer / Tempest / Avg-throughput fairness,4,16,16,0.9230725515441198,0.6352404057696146,0.6031722280336086,0.1795445282749866,77.79373177062274
ma_dreamer_20260609-022904,ma_dreamer_20260609-022904,MA-Dreamer / Tempest / Avg-throughput fairness,4,17,17,0.8031442698725779,0.5275710504754225,0.3701480550669899,0.13989764089388101,83.00789566106698
ma_dreamer_20260609-022904,ma_dreamer_20260609-022904,MA-Dreamer / Tempest / Avg-throughput fairness,4,18,18,0.9072271320832748,0.6535322585131933,0.5383698181893293,0.20186497214237215,83.73871633626084
ma_dreamer_20260609-022904,ma_dreamer_20260609-022904,MA-Dreamer / Tempest / Avg-throughput fairness,4,19,19,0.8110528574607307,0.5593762038925374,0.38660631891810726,0.15445013232672694,75.66883884027928
ma_dreamer_20260609-022904,ma_dreamer_20260609-022904,MA-Dreamer / Tempest / Avg-throughput fairness,4,20,20,0.8922043933118243,0.7037213461540858,0.48829610979019394,0.20706456736996412,68.45522384640071
ma_dreamer_20260609-022904,ma_dreamer_20260609-022904,MA-Dreamer / Tempest / Avg-throughput fairness,4,21,21,0.9050774416096995,0.6033939303095851,0.5769123571315724,0.186734058249164,64.24466585729067
ma_dreamer_20260609-022904,ma_dreamer_20260609-022904,MA-Dreamer / Tempest / Avg-throughput fairness,4,22,22,0.9533507215447259,0.8377941374863344,0.6579691630415765,0.25940910586723814,70.38764403399199
ma_dreamer_20260609-022904,ma_dreamer_20260609-022904,MA-Dreamer / Tempest / Avg-throughput fairness,4,23,23,0.9382636736056058,0.7757362111502242,0.6369397510449065,0.22092939693942323,68.11098835563595
ma_dreamer_20260609-022904,ma_dreamer_20260609-022904,MA-Dreamer / Tempest / Avg-throughput fairness,4,24,24,0.8721606921301962,0.6458258523824195,0.46848056090653567,0.1634731060482098,81.60281808186326
ma_dreamer_20260609-022904,ma_dreamer_20260609-022904,MA-Dreamer / Tempest / Avg-throughput fairness,4,25,25,0.8994086572974352,0.7226616105075238,0.49085765942497517,0.19241212378386904,87.8725603406283
ma_dreamer_20260609-022904,ma_dreamer_20260609-022904,MA-Dreamer / Tempest / Avg-throughput fairness,4,26,26,0.9055631321804325,0.7013180571299261,0.5295344225366766,0.17996501471226622,66.74218834601524
ma_dreamer_20260609-022904,ma_dreamer_20260609-022904,MA-Dreamer / Tempest / Avg-throughput fairness,4,27,27,0.8688717094202616,0.5229502125167896,0.46976806749923466,0.1464153861345578,90.460017073338
ma_dreamer_20260609-022904,ma_dreamer_20260609-022904,MA-Dreamer / Tempest / Avg-throughput fairness,4,28,28,0.9077083078405543,0.5967102639256652,0.5590132923472739,0.1876275772963336,70.67355142816196
ma_dreamer_20260609-022904,ma_dreamer_20260609-022904,MA-Dreamer / Tempest / Avg-throughput fairness,4,29,29,0.878097513097257,0.5423702294636045,0.490175009509656,0.13599861910596064,75.49655832654682
ma_dreamer_20260609-022904,ma_dreamer_20260609-022904,MA-Dreamer / Tempest / Avg-throughput fairness,4,30,30,0.880150103804333,0.6527643332421037,0.486422647203705,0.14241182953057088,70.69487907901029
ma_dreamer_20260609-022904,ma_dreamer_20260609-022904,MA-Dreamer / Tempest / Avg-throughput fairness,4,31,31,0.8490541654582295,0.5949033261899292,0.45746661781235815,0.1656104807942208,65.36749862028577
ma_dreamer_20260609-022904,ma_dreamer_20260609-022904,MA-Dreamer / Tempest / Avg-throughput fairness,4,32,32,0.9078971516230395,0.666579229655933,0.5590846855398681,0.20347072448656464,53.9487559189011
ma_dreamer_20260609-022904,ma_dreamer_20260609-022904,MA-Dreamer / Tempest / Avg-throughput fairness,4,33,33,0.8462567025312834,0.49993804600483494,0.4413896505011883,0.1461240352094263,59.7398232452694
ma_dreamer_20260609-022904,ma_dreamer_20260609-022904,MA-Dreamer / Tempest / Avg-throughput fairness,4,34,34,0.8996929832593817,0.6057386084635483,0.5266485976519616,0.15936895466948653,81.17466094324669
ma_dreamer_20260609-022904,ma_dreamer_20260609-022904,MA-Dreamer / Tempest / Avg-throughput fairness,4,35,35,0.8867620914732796,0.6145507188306032,0.4916245476113852,0.16943624806626376,48.515486263984016
ma_dreamer_20260609-022904,ma_dreamer_20260609-022904,MA-Dreamer / Tempest / Avg-throughput fairness,4,36,36,0.9285577215302169,0.6911474967608469,0.6006872391146428,0.189591072671809,62.567661782151745
ma_dreamer_20260609-022904,ma_dreamer_20260609-022904,MA-Dreamer / Tempest / Avg-throughput fairness,4,37,37,0.8241329288576315,0.48532320505597193,0.4527669368223242,0.14068530659626174,71.92945165271627
ma_dreamer_20260609-022904,ma_dreamer_20260609-022904,MA-Dreamer / Tempest / Avg-throughput fairness,4,38,38,0.9017280771629989,0.5652791488671496,0.5676642227001971,0.17792109197278885,72.24318737989068
ma_dreamer_20260609-022904,ma_dreamer_20260609-022904,MA-Dreamer / Tempest / Avg-throughput fairness,4,39,39,0.9274588202393477,0.712156385065095,0.5865764376522081,0.20446079894215802,100.69135650951551
ma_dreamer_20260609-022904,ma_dreamer_20260609-022904,MA-Dreamer / Tempest / Avg-throughput fairness,4,40,40,0.9096238711066151,0.6124014751559202,0.5702588372884113,0.1822908730002553,82.12446954205097
ma_dreamer_20260609-022904,ma_dreamer_20260609-022904,MA-Dreamer / Tempest / Avg-throughput fairness,4,41,41,0.9242811224757232,0.7313565152286355,0.6067588813040148,0.21387036799180545,65.3547694920548
ma_dreamer_20260609-022904,ma_dreamer_20260609-022904,MA-Dreamer / Tempest / Avg-throughput fairness,4,42,42,0.9072882531041171,0.6435734389035033,0.5884965091284916,0.19990818867593546,78.62496932194485
ma_dreamer_20260609-022904,ma_dreamer_20260609-022904,MA-Dreamer / Tempest / Avg-throughput fairness,4,43,43,0.8998529960153663,0.6526733129619983,0.5084841191374679,0.1617964318916045,67.34357212042038
ma_dreamer_20260609-022904,ma_dreamer_20260609-022904,MA-Dreamer / Tempest / Avg-throughput fairness,4,44,44,0.9060175699790299,0.6279824364189945,0.5647760243459488,0.15420840081566414,62.705126761691595
ma_dreamer_20260609-022904,ma_dreamer_20260609-022904,MA-Dreamer / Tempest / Avg-throughput fairness,4,45,45,0.940976965878262,0.7799534915616239,0.6139508793337713,0.16710476229071142,83.26226135384135
ma_dreamer_20260609-022904,ma_dreamer_20260609-022904,MA-Dreamer / Tempest / Avg-throughput fairness,4,46,46,0.9377155387131404,0.7440729996865403,0.6195871335954803,0.2582998032048708,74.57299840168321
ma_dreamer_20260609-022904,ma_dreamer_20260609-022904,MA-Dreamer / Tempest / Avg-throughput fairness,4,47,47,0.9087536781715516,0.6216684894876758,0.5961467970757833,0.22396313675445445,71.27661256926913
ma_dreamer_20260609-022904,ma_dreamer_20260609-022904,MA-Dreamer / Tempest / Avg-throughput fairness,4,48,48,0.9228349306069527,0.7344303206916007,0.578342506860439,0.21645707532473527,79.21688979809211
ma_dreamer_20260609-022904,ma_dreamer_20260609-022904,MA-Dreamer / Tempest / Avg-throughput fairness,4,49,49,0.9264299342023615,0.7468605311882716,0.5940641638792681,0.24813341611279313,66.0622629113246
ma_dreamer_20260609-022904,ma_dreamer_20260609-022904,MA-Dreamer / Tempest / Avg-throughput fairness,4,50,50,0.8486298401118144,0.618353529965439,0.45002213788941703,0.1347000574624693,97.46983626748816
ma_dreamer_20260609-022904,ma_dreamer_20260609-022904,MA-Dreamer / Tempest / Avg-throughput fairness,5,1,1,0.942262135871661,0.7307438343812178,0.6219214837387331,0.16749820759481795,65.01678712514499
ma_dreamer_20260609-022904,ma_dreamer_20260609-022904,MA-Dreamer / Tempest / Avg-throughput fairness,5,2,2,0.9356147040123662,0.782875786539104,0.570884168996994,0.22075588858631712,67.7830223484983
ma_dreamer_20260609-022904,ma_dreamer_20260609-022904,MA-Dreamer / Tempest / Avg-throughput fairness,5,3,3,0.8860320215945732,0.6937234688590239,0.49109876777576345,0.18210244866493847,67.79967794310268
ma_dreamer_20260609-022904,ma_dreamer_20260609-022904,MA-Dreamer / Tempest / Avg-throughput fairness,5,4,4,0.9394459388967292,0.77214178959745,0.5717034035608928,0.2596010858123207,80.97515842688959
ma_dreamer_20260609-022904,ma_dreamer_20260609-022904,MA-Dreamer / Tempest / Avg-throughput fairness,5,5,5,0.8990811042670358,0.6261485621456659,0.4918193466257368,0.12378945238381249,91.3185561870421
ma_dreamer_20260609-022904,ma_dreamer_20260609-022904,MA-Dreamer / Tempest / Avg-throughput fairness,5,6,6,0.8022764466318059,0.48810147316886165,0.37722848310428003,0.11725748367215595,91.86211167420484
ma_dreamer_20260609-022904,ma_dreamer_20260609-022904,MA-Dreamer / Tempest / Avg-throughput fairness,5,7,7,0.8633900453712753,0.5970791898509054,0.45877981720988864,0.17131707474235064,67.35451106021968
ma_dreamer_20260609-022904,ma_dreamer_20260609-022904,MA-Dreamer / Tempest / Avg-throughput fairness,5,8,8,0.8886912163624993,0.64007448023809,0.48144775207858326,0.17019604716794476,88.04207763926834
ma_dreamer_20260609-022904,ma_dreamer_20260609-022904,MA-Dreamer / Tempest / Avg-throughput fairness,5,9,9,0.8655417831793458,0.5751880587792567,0.4890793300960985,0.1320251448973032,87.0197614486045
ma_dreamer_20260609-022904,ma_dreamer_20260609-022904,MA-Dreamer / Tempest / Avg-throughput fairness,5,10,10,0.8615426297298238,0.6033492937870854,0.44142723052900296,0.19405012277679654,68.51719053342386
ma_dreamer_20260609-022904,ma_dreamer_20260609-022904,MA-Dreamer / Tempest / Avg-throughput fairness,5,11,11,0.8748814565134891,0.5569603073535901,0.4999483028600046,0.18946246941110978,78.50017276870247
ma_dreamer_20260609-022904,ma_dreamer_20260609-022904,MA-Dreamer / Tempest / Avg-throughput fairness,5,12,12,0.8755051252063477,0.576444035507754,0.48155976257114047,0.1289216803786614,101.96429271847481
ma_dreamer_20260609-022904,ma_dreamer_20260609-022904,MA-Dreamer / Tempest / Avg-throughput fairness,5,13,13,0.8931813865674201,0.6190976125703094,0.5235649915387817,0.1764249011976238,71.56522036027128
ma_dreamer_20260609-022904,ma_dreamer_20260609-022904,MA-Dreamer / Tempest / Avg-throughput fairness,5,14,14,0.8974823989206278,0.6697230267306858,0.5378332790068803,0.2060394631418044,67.1143168460314
ma_dreamer_20260609-022904,ma_dreamer_20260609-022904,MA-Dreamer / Tempest / Avg-throughput fairness,5,15,15,0.8929090345517473,0.6134198578926672,0.4938195803285395,0.15709767437579583,65.67739499799582
ma_dreamer_20260609-022904,ma_dreamer_20260609-022904,MA-Dreamer / Tempest / Avg-throughput fairness,5,16,16,0.8987700298334007,0.6034552402128044,0.5242419534946348,0.1652599759016806,80.13610297322144
ma_dreamer_20260609-022904,ma_dreamer_20260609-022904,MA-Dreamer / Tempest / Avg-throughput fairness,5,17,17,0.7945322643976851,0.5402741355130763,0.37073086263069605,0.1354253920324246,83.20802683515119
ma_dreamer_20260609-022904,ma_dreamer_20260609-022904,MA-Dreamer / Tempest / Avg-throughput fairness,5,18,18,0.9160310111456919,0.7117575176672378,0.5173529556581372,0.16727403556152207,92.39306075240899
ma_dreamer_20260609-022904,ma_dreamer_20260609-022904,MA-Dreamer / Tempest / Avg-throughput fairness,5,19,19,0.802183488721562,0.6206155441846978,0.35191256028798834,0.1251644247613459,80.62013906054325
ma_dreamer_20260609-022904,ma_dreamer_20260609-022904,MA-Dreamer / Tempest / Avg-throughput fairness,5,20,20,0.8941180233006636,0.6709218082693257,0.48803362238404097,0.14199643017975438,74.22326567574609
ma_dreamer_20260609-022904,ma_dreamer_20260609-022904,MA-Dreamer / Tempest / Avg-throughput fairness,5,21,21,0.9020450414234427,0.6917386261514907,0.5376808549735025,0.2310207324118407,66.16991750020887
ma_dreamer_20260609-022904,ma_dreamer_20260609-022904,MA-Dreamer / Tempest / Avg-throughput fairness,5,22,22,0.9373111232758191,0.7514957973738124,0.6007840997064103,0.1868167027588627,73.95685091287649
ma_dreamer_20260609-022904,ma_dreamer_20260609-022904,MA-Dreamer / Tempest / Avg-throughput fairness,5,23,23,0.9230316826307637,0.6366807415344431,0.5905387624616787,0.17572627804392194,70.85278819639991
ma_dreamer_20260609-022904,ma_dreamer_20260609-022904,MA-Dreamer / Tempest / Avg-throughput fairness,5,24,24,0.8467226474974953,0.5908277391367341,0.437934278132174,0.13553149350152588,83.44641921711566
ma_dreamer_20260609-022904,ma_dreamer_20260609-022904,MA-Dreamer / Tempest / Avg-throughput fairness,5,25,25,0.8692167645251607,0.5568792725968893,0.4649816871491804,0.14707397546402673,95.94381409973525
ma_dreamer_20260609-022904,ma_dreamer_20260609-022904,MA-Dreamer / Tempest / Avg-throughput fairness,5,26,26,0.9384765927178599,0.7870888564306581,0.5709912033231319,0.23383793334350486,67.39399186340066
ma_dreamer_20260609-022904,ma_dreamer_20260609-022904,MA-Dreamer / Tempest / Avg-throughput fairness,5,27,27,0.8656444398199877,0.5675319480148234,0.4445124478394201,0.15724815408570672,93.25275894792394
ma_dreamer_20260609-022904,ma_dreamer_20260609-022904,MA-Dreamer / Tempest / Avg-throughput fairness,5,28,28,0.914444099328738,0.7098123391890733,0.5248467807031776,0.18354861809395154,81.05609029811228
ma_dreamer_20260609-022904,ma_dreamer_20260609-022904,MA-Dreamer / Tempest / Avg-throughput fairness,5,29,29,0.8422447834817727,0.5378548573358887,0.4298237883968603,0.1387197380368638,80.85013696493866
ma_dreamer_20260609-022904,ma_dreamer_20260609-022904,MA-Dreamer / Tempest / Avg-throughput fairness,5,30,30,0.8761105811485203,0.6515001724215653,0.4569361371688283,0.1664319009259175,71.34601714949581
ma_dreamer_20260609-022904,ma_dreamer_20260609-022904,MA-Dreamer / Tempest / Avg-throughput fairness,5,31,31,0.8931363692620219,0.6653405357011309,0.5012148717336377,0.19815354133738575,72.85944775602272
ma_dreamer_20260609-022904,ma_dreamer_20260609-022904,MA-Dreamer / Tempest / Avg-throughput fairness,5,32,32,0.9194685124438835,0.6770277150047628,0.547852105174593,0.2037831939973247,54.03467698187061
ma_dreamer_20260609-022904,ma_dreamer_20260609-022904,MA-Dreamer / Tempest / Avg-throughput fairness,5,33,33,0.8969397898785318,0.6527445627331458,0.5130332205259313,0.1904730598275745,64.20649900577492
ma_dreamer_20260609-022904,ma_dreamer_20260609-022904,MA-Dreamer / Tempest / Avg-throughput fairness,5,34,34,0.8354768638610346,0.5702419684405579,0.3979008574419704,0.13344187466168828,90.15406314538976
ma_dreamer_20260609-022904,ma_dreamer_20260609-022904,MA-Dreamer / Tempest / Avg-throughput fairness,5,35,35,0.8639875990651389,0.4769094923955338,0.4930180126913109,0.14545337587244456,52.05435903105664
ma_dreamer_20260609-022904,ma_dreamer_20260609-022904,MA-Dreamer / Tempest / Avg-throughput fairness,5,36,36,0.9210735459707897,0.6268681831858791,0.5515902940468033,0.17307163611358678,64.335095930473
ma_dreamer_20260609-022904,ma_dreamer_20260609-022904,MA-Dreamer / Tempest / Avg-throughput fairness,5,37,37,0.8208351776292137,0.5021388711953182,0.4021519583122454,0.14647220224554064,78.8329543373001
ma_dreamer_20260609-022904,ma_dreamer_20260609-022904,MA-Dreamer / Tempest / Avg-throughput fairness,5,38,38,0.8682323130889373,0.5768933768462942,0.4649428453216014,0.17889471667030718,74.60248183577285
ma_dreamer_20260609-022904,ma_dreamer_20260609-022904,MA-Dreamer / Tempest / Avg-throughput fairness,5,39,39,0.9173079038058995,0.7602028639677628,0.5201120667396588,0.21736789349359334,104.70305954588589
ma_dreamer_20260609-022904,ma_dreamer_20260609-022904,MA-Dreamer / Tempest / Avg-throughput fairness,5,40,40,0.9146254572501461,0.7126496217237184,0.5262538169876259,0.15963951979610919,100.245269486009
ma_dreamer_20260609-022904,ma_dreamer_20260609-022904,MA-Dreamer / Tempest / Avg-throughput fairness,5,41,41,0.9038886994456806,0.7031222414695404,0.48175339629085945,0.20836429164945605,76.36297096348191
ma_dreamer_20260609-022904,ma_dreamer_20260609-022904,MA-Dreamer / Tempest / Avg-throughput fairness,5,42,42,0.8617534751312034,0.5814335393668504,0.45463387493594515,0.17241298923730924,80.13868598720373
ma_dreamer_20260609-022904,ma_dreamer_20260609-022904,MA-Dreamer / Tempest / Avg-throughput fairness,5,43,43,0.9037480280770095,0.6948520387678978,0.5250639444982446,0.1532304960964946,77.6881178238152
ma_dreamer_20260609-022904,ma_dreamer_20260609-022904,MA-Dreamer / Tempest / Avg-throughput fairness,5,44,44,0.9126719797948404,0.6102221641998913,0.5544673647611837,0.1556124129572079,64.76882455558467
ma_dreamer_20260609-022904,ma_dreamer_20260609-022904,MA-Dreamer / Tempest / Avg-throughput fairness,5,45,45,0.8927940184984418,0.6246368184674396,0.5034250044819379,0.1597959243837489,83.94233369481817
ma_dreamer_20260609-022904,ma_dreamer_20260609-022904,MA-Dreamer / Tempest / Avg-throughput fairness,5,46,46,0.910891600663058,0.7127800242723569,0.5311127596961992,0.13982423866756588,88.8232865901256
ma_dreamer_20260609-022904,ma_dreamer_20260609-022904,MA-Dreamer / Tempest / Avg-throughput fairness,5,47,47,0.9359477536457069,0.7889256113644173,0.5855983141190777,0.27183154128793613,80.8648243791389
ma_dreamer_20260609-022904,ma_dreamer_20260609-022904,MA-Dreamer / Tempest / Avg-throughput fairness,5,48,48,0.9159445741232393,0.6887363438786086,0.5624883061659093,0.22579906278848272,82.46260832440679
ma_dreamer_20260609-022904,ma_dreamer_20260609-022904,MA-Dreamer / Tempest / Avg-throughput fairness,5,49,49,0.9312472738003862,0.6876930797871383,0.6142667053799018,0.21903744932612493,67.17924259606367
ma_dreamer_20260609-022904,ma_dreamer_20260609-022904,MA-Dreamer / Tempest / Avg-throughput fairness,5,50,50,0.8497332202402951,0.5314952507136844,0.44274293248622,0.13388572475061042,95.49411225321315
ma_dreamer_20260609-022904,ma_dreamer_20260609-022904,MA-Dreamer / Tempest / Avg-throughput fairness,7,1,1,0.8999594532815055,0.663351938471751,0.48936345823002814,0.15232929400823123,67.26402748802894
ma_dreamer_20260609-022904,ma_dreamer_20260609-022904,MA-Dreamer / Tempest / Avg-throughput fairness,7,2,2,0.9044152488964312,0.6591140514617686,0.4841207761570011,0.16902676151954607,78.35006247378656
ma_dreamer_20260609-022904,ma_dreamer_20260609-022904,MA-Dreamer / Tempest / Avg-throughput fairness,7,3,3,0.879166568764743,0.5772117550728518,0.47584187998638566,0.16400725213545878,74.9651524741723
ma_dreamer_20260609-022904,ma_dreamer_20260609-022904,MA-Dreamer / Tempest / Avg-throughput fairness,7,4,4,0.9096193560629838,0.7763596672872174,0.47099048852603687,0.23068267858076455,91.36785657655216
ma_dreamer_20260609-022904,ma_dreamer_20260609-022904,MA-Dreamer / Tempest / Avg-throughput fairness,7,5,5,0.8667218295547006,0.5831260474860749,0.40553673412209357,0.05752864380036801,102.52001007516039
ma_dreamer_20260609-022904,ma_dreamer_20260609-022904,MA-Dreamer / Tempest / Avg-throughput fairness,7,6,6,0.8213127851947257,0.5254278844827683,0.37239964504721795,0.1404953346836489,105.96881393887494
ma_dreamer_20260609-022904,ma_dreamer_20260609-022904,MA-Dreamer / Tempest / Avg-throughput fairness,7,7,7,0.8765622495466584,0.6875127170684328,0.4532698453267446,0.20043899527866352,72.33366934837473
ma_dreamer_20260609-022904,ma_dreamer_20260609-022904,MA-Dreamer / Tempest / Avg-throughput fairness,7,8,8,0.8874548398599641,0.7052334372551753,0.4395922508887593,0.14634107501569205,88.99837873707916
ma_dreamer_20260609-022904,ma_dreamer_20260609-022904,MA-Dreamer / Tempest / Avg-throughput fairness,7,9,9,0.8923605216283541,0.6373199801096093,0.4436235541573716,0.20045646150419735,91.71787059587986
ma_dreamer_20260609-022904,ma_dreamer_20260609-022904,MA-Dreamer / Tempest / Avg-throughput fairness,7,10,10,0.8724208240127909,0.649554088586804,0.4312169289572612,0.1671715625436838,76.34835626478427
ma_dreamer_20260609-022904,ma_dreamer_20260609-022904,MA-Dreamer / Tempest / Avg-throughput fairness,7,11,11,0.8936807504302533,0.6074252933094623,0.4833640835645081,0.17141487814952927,92.4618268294795
ma_dreamer_20260609-022904,ma_dreamer_20260609-022904,MA-Dreamer / Tempest / Avg-throughput fairness,7,12,12,0.8422744761947305,0.5884763366326551,0.39383261498371097,0.11825171761650542,114.05918321140726
ma_dreamer_20260609-022904,ma_dreamer_20260609-022904,MA-Dreamer / Tempest / Avg-throughput fairness,7,13,13,0.890905996573335,0.6735856126741822,0.4524788428694307,0.1748942082488146,81.32922651333061
ma_dreamer_20260609-022904,ma_dreamer_20260609-022904,MA-Dreamer / Tempest / Avg-throughput fairness,7,14,14,0.9061642770866357,0.7579406449312801,0.4666422174357867,0.17032183447419907,96.43708985538989
ma_dreamer_20260609-022904,ma_dreamer_20260609-022904,MA-Dreamer / Tempest / Avg-throughput fairness,7,15,15,0.8972486785459277,0.7205231326350388,0.42824253338773133,0.005228153656925574,72.84153235758315
ma_dreamer_20260609-022904,ma_dreamer_20260609-022904,MA-Dreamer / Tempest / Avg-throughput fairness,7,16,16,0.8776203005292219,0.6789642400258797,0.4321174261038678,0.13143327815863232,90.10195835001382
ma_dreamer_20260609-022904,ma_dreamer_20260609-022904,MA-Dreamer / Tempest / Avg-throughput fairness,7,17,17,0.8533243985516248,0.5309214781518661,0.4206430476500627,0.1682128588447026,80.18690181408188
ma_dreamer_20260609-022904,ma_dreamer_20260609-022904,MA-Dreamer / Tempest / Avg-throughput fairness,7,18,18,0.8993297526427496,0.673081827619362,0.456712304818492,0.143366746652238,101.02065696931564
ma_dreamer_20260609-022904,ma_dreamer_20260609-022904,MA-Dreamer / Tempest / Avg-throughput fairness,7,19,19,0.8516953708593484,0.6335271632934474,0.3739524896714859,0.13594356041928027,105.71414896000057
ma_dreamer_20260609-022904,ma_dreamer_20260609-022904,MA-Dreamer / Tempest / Avg-throughput fairness,7,20,20,0.9056986522920302,0.6926866834823717,0.49069868793338356,0.16412069108211869,84.37100705303494
ma_dreamer_20260609-022904,ma_dreamer_20260609-022904,MA-Dreamer / Tempest / Avg-throughput fairness,7,21,21,0.9099251045347951,0.6688044623900367,0.5032884900134942,0.0792987602167451,76.55406420796484
ma_dreamer_20260609-022904,ma_dreamer_20260609-022904,MA-Dreamer / Tempest / Avg-throughput fairness,7,22,22,0.9265644831464357,0.7008081463621583,0.5455841793710828,0.1894775766367721,83.83524424033907
ma_dreamer_20260609-022904,ma_dreamer_20260609-022904,MA-Dreamer / Tempest / Avg-throughput fairness,7,23,23,0.9017985602134045,0.6228085887558945,0.4945199829651868,0.1586121979418774,90.90087840025606
ma_dreamer_20260609-022904,ma_dreamer_20260609-022904,MA-Dreamer / Tempest / Avg-throughput fairness,7,24,24,0.8419932387313038,0.6473914063506112,0.3753353246513661,0.13228602184419816,88.80590881124007
ma_dreamer_20260609-022904,ma_dreamer_20260609-022904,MA-Dreamer / Tempest / Avg-throughput fairness,7,25,25,0.8646771131263281,0.5727128389896184,0.4292493557923693,0.04666781594617805,100.96021657062047
ma_dreamer_20260609-022904,ma_dreamer_20260609-022904,MA-Dreamer / Tempest / Avg-throughput fairness,7,26,26,0.8864346629280052,0.6273043757464898,0.4674159399409585,0.07779982546486329,89.58996694135101
ma_dreamer_20260609-022904,ma_dreamer_20260609-022904,MA-Dreamer / Tempest / Avg-throughput fairness,7,27,27,0.8715562606098118,0.6742653405485448,0.39852868641591227,0.1472556181367387,106.08076052459319
ma_dreamer_20260609-022904,ma_dreamer_20260609-022904,MA-Dreamer / Tempest / Avg-throughput fairness,7,28,28,0.8890813265478621,0.6501093039348776,0.45633942602201444,0.17481911593473332,86.19375367627187
ma_dreamer_20260609-022904,ma_dreamer_20260609-022904,MA-Dreamer / Tempest / Avg-throughput fairness,7,29,29,0.8483863579037113,0.5540485227184265,0.39700452933725805,0.11984880924068995,99.97391965290568
ma_dreamer_20260609-022904,ma_dreamer_20260609-022904,MA-Dreamer / Tempest / Avg-throughput fairness,7,30,30,0.8842602412196716,0.582558934703783,0.47064747909708693,0.13462521451406195,77.6692895304387
ma_dreamer_20260609-022904,ma_dreamer_20260609-022904,MA-Dreamer / Tempest / Avg-throughput fairness,7,31,31,0.8760329466414423,0.6071216979524038,0.4440951844696289,0.0994958512338987,107.56500746390277
ma_dreamer_20260609-022904,ma_dreamer_20260609-022904,MA-Dreamer / Tempest / Avg-throughput fairness,7,32,32,0.8677735258876693,0.5696964082901995,0.46259297410468025,0.14882307045329685,72.83539723966962
ma_dreamer_20260609-022904,ma_dreamer_20260609-022904,MA-Dreamer / Tempest / Avg-throughput fairness,7,33,33,0.8909385835518663,0.640410767381773,0.4720255119290901,0.16482711827337623,66.53960957058312
ma_dreamer_20260609-022904,ma_dreamer_20260609-022904,MA-Dreamer / Tempest / Avg-throughput fairness,7,34,34,0.8813397775368338,0.6362230486574205,0.4280100695649577,0.12405256443678474,100.1589922643947
ma_dreamer_20260609-022904,ma_dreamer_20260609-022904,MA-Dreamer / Tempest / Avg-throughput fairness,7,35,35,0.9015416646912395,0.6483415316018083,0.5045227995557579,0.17566280816513552,63.221232173466504
ma_dreamer_20260609-022904,ma_dreamer_20260609-022904,MA-Dreamer / Tempest / Avg-throughput fairness,7,36,36,0.90659404058522,0.7023633787259839,0.49642810522156405,0.20482197045932027,74.92190351514334
ma_dreamer_20260609-022904,ma_dreamer_20260609-022904,MA-Dreamer / Tempest / Avg-throughput fairness,7,37,37,0.8239791295539955,0.601037581383888,0.35836842141215525,0.14800408072840548,79.48811160967989
ma_dreamer_20260609-022904,ma_dreamer_20260609-022904,MA-Dreamer / Tempest / Avg-throughput fairness,7,38,38,0.883548217123082,0.6431529348346712,0.46578012243266076,0.16020664189444897,82.80238523787318
ma_dreamer_20260609-022904,ma_dreamer_20260609-022904,MA-Dreamer / Tempest / Avg-throughput fairness,7,39,39,0.915313569765713,0.7410400018676502,0.533576307328197,0.1833588012491056,117.5185337025034
ma_dreamer_20260609-022904,ma_dreamer_20260609-022904,MA-Dreamer / Tempest / Avg-throughput fairness,7,40,40,0.9362226033495676,0.7954469876504456,0.5373268141514616,0.23861723529773202,108.413271923623
ma_dreamer_20260609-022904,ma_dreamer_20260609-022904,MA-Dreamer / Tempest / Avg-throughput fairness,7,41,41,0.9258919926847046,0.7844777366570695,0.5127210912177332,0.1592111065323792,81.06652966583813
ma_dreamer_20260609-022904,ma_dreamer_20260609-022904,MA-Dreamer / Tempest / Avg-throughput fairness,7,42,42,0.8368985782208523,0.5488394031945776,0.378610658832596,0.10839304819118109,91.98595772905942
ma_dreamer_20260609-022904,ma_dreamer_20260609-022904,MA-Dreamer / Tempest / Avg-throughput fairness,7,43,43,0.9023083121091442,0.729695156133828,0.4478985550843138,0.1926058270015566,86.8689807101117
ma_dreamer_20260609-022904,ma_dreamer_20260609-022904,MA-Dreamer / Tempest / Avg-throughput fairness,7,44,44,0.8760550817052174,0.5777049201582655,0.4938251272240287,0.14780486117969438,72.34395041379356
ma_dreamer_20260609-022904,ma_dreamer_20260609-022904,MA-Dreamer / Tempest / Avg-throughput fairness,7,45,45,0.9138903251825196,0.6573435370871249,0.5246092150658089,0.2132229285742422,86.42148425467705
ma_dreamer_20260609-022904,ma_dreamer_20260609-022904,MA-Dreamer / Tempest / Avg-throughput fairness,7,46,46,0.9155935449473582,0.7716987522724,0.5042635577618061,0.1459423468835153,84.52569435908184
ma_dreamer_20260609-022904,ma_dreamer_20260609-022904,MA-Dreamer / Tempest / Avg-throughput fairness,7,47,47,0.9410626832274045,0.8185034392768784,0.5656947294601916,0.2910311114928901,89.04554253316682
ma_dreamer_20260609-022904,ma_dreamer_20260609-022904,MA-Dreamer / Tempest / Avg-throughput fairness,7,48,48,0.9108346259953104,0.6919216351039473,0.5033514092789475,0.15206604976728438,101.98986137899924
ma_dreamer_20260609-022904,ma_dreamer_20260609-022904,MA-Dreamer / Tempest / Avg-throughput fairness,7,49,49,0.9450888459567623,0.8317364871061328,0.567992178680722,0.2810864835535595,79.36191448346005
ma_dreamer_20260609-022904,ma_dreamer_20260609-022904,MA-Dreamer / Tempest / Avg-throughput fairness,7,50,50,0.9102617548315686,0.755041123705225,0.5089854360415317,0.16104923868985327,96.24029633081659
ma_dreamer_credit,ma_dreamer_credit,MA-Dreamer / Tempest / Team fairness + credit,2,1,1,0.9852439429816979,0.9520423238958262,0.8552946090307944,0.6333994878637533,60.347070646406976
ma_dreamer_credit,ma_dreamer_credit,MA-Dreamer / Tempest / Team fairness + credit,2,2,2,0.9916059108174768,0.9754361724189158,0.8958802034805823,0.7261119087107328,62.35751303460103
ma_dreamer_credit,ma_dreamer_credit,MA-Dreamer / Tempest / Team fairness + credit,2,3,3,0.9767852177693849,0.9042566361205419,0.8358070109137326,0.5090096802927113,72.32274375442259
ma_dreamer_credit,ma_dreamer_credit,MA-Dreamer / Tempest / Team fairness + credit,2,4,4,0.9834054354938829,0.9290156577809273,0.8643837668906534,0.5668822104322002,78.44741880516
ma_dreamer_credit,ma_dreamer_credit,MA-Dreamer / Tempest / Team fairness + credit,2,5,5,0.955497464086003,0.7825867500939783,0.7581737269929124,0.30968897119221583,85.47904238631887
ma_dreamer_credit,ma_dreamer_credit,MA-Dreamer / Tempest / Team fairness + credit,2,6,6,0.976122589039655,0.8754876074444823,0.8368391131084254,0.452323084638392,107.57993085284555
ma_dreamer_credit,ma_dreamer_credit,MA-Dreamer / Tempest / Team fairness + credit,2,7,7,0.9686380062816837,0.8924424331883761,0.7542510714979198,0.48460487297420846,82.09004378247289
ma_dreamer_credit,ma_dreamer_credit,MA-Dreamer / Tempest / Team fairness + credit,2,8,8,0.9788206767117148,0.9090065199581207,0.8592156987704906,0.519317895947002,77.29357991276316
ma_dreamer_credit,ma_dreamer_credit,MA-Dreamer / Tempest / Team fairness + credit,2,9,9,0.98379672927438,0.9307911266998684,0.8524091701595793,0.5714863767727654,80.50506429059476
ma_dreamer_credit,ma_dreamer_credit,MA-Dreamer / Tempest / Team fairness + credit,2,10,10,0.9762433315773523,0.88788679157747,0.8218858624182047,0.4756410932501326,70.61792430122779
ma_dreamer_credit,ma_dreamer_credit,MA-Dreamer / Tempest / Team fairness + credit,2,11,11,0.9545573919534565,0.7385675863155369,0.7849815227020531,0.25395869635414453,114.34474948815648
ma_dreamer_credit,ma_dreamer_credit,MA-Dreamer / Tempest / Team fairness + credit,2,12,12,0.96159574793253,0.789495771639371,0.76164857556005,0.3189462453058195,121.09433621858207
ma_dreamer_credit,ma_dreamer_credit,MA-Dreamer / Tempest / Team fairness + credit,2,13,13,0.9815073344864952,0.9299526782720878,0.8460416623906686,0.5693036250883934,70.8750446204119
ma_dreamer_credit,ma_dreamer_credit,MA-Dreamer / Tempest / Team fairness + credit,2,14,14,0.9754646058457209,0.9310288792263803,0.8146735118171228,0.5722666510051314,88.94701923845409
ma_dreamer_credit,ma_dreamer_credit,MA-Dreamer / Tempest / Team fairness + credit,2,15,15,0.9873515305335068,0.9369397568488188,0.8747213239710914,0.5880281601521403,63.91780236360897
ma_dreamer_credit,ma_dreamer_credit,MA-Dreamer / Tempest / Team fairness + credit,2,16,16,0.9734041436974655,0.8510550022568748,0.8160024460341067,0.41009537111901884,73.80566962914276
ma_dreamer_credit,ma_dreamer_credit,MA-Dreamer / Tempest / Team fairness + credit,2,17,17,0.985119375643853,0.9461584537553596,0.8523948817099651,0.6148054346716368,76.88629058926216
ma_dreamer_credit,ma_dreamer_credit,MA-Dreamer / Tempest / Team fairness + credit,2,18,18,0.9780972793337684,0.8935311806745668,0.8214377119339695,0.48679199433071035,104.55451312950387
ma_dreamer_credit,ma_dreamer_credit,MA-Dreamer / Tempest / Team fairness + credit,2,19,19,0.9814592181614921,0.9400146531837023,0.8182747856455825,0.5967301322771703,70.14724315694617
ma_dreamer_credit,ma_dreamer_credit,MA-Dreamer / Tempest / Team fairness + credit,2,20,20,0.9740226034394475,0.9156116203973975,0.793064867978398,0.5342338502696762,74.23812073001143
ma_dreamer_credit,ma_dreamer_credit,MA-Dreamer / Tempest / Team fairness + credit,2,21,21,0.9823845771224546,0.9343815923636137,0.8273698740875987,0.5810606498926735,67.26343785236031
ma_dreamer_credit,ma_dreamer_credit,MA-Dreamer / Tempest / Team fairness + credit,2,22,22,0.9837343526486042,0.9498276522541149,0.8486628321558403,0.6262470021864797,75.87776250865427
ma_dreamer_credit,ma_dreamer_credit,MA-Dreamer / Tempest / Team fairness + credit,2,23,23,0.9842369003248492,0.9274294430361152,0.8562919822299729,0.5628487621883367,78.58678740823504
ma_dreamer_credit,ma_dreamer_credit,MA-Dreamer / Tempest / Team fairness + credit,2,24,24,0.9853659387483447,0.9379433190767148,0.8609907515182748,0.5908178884695797,74.95972057133537
ma_dreamer_credit,ma_dreamer_credit,MA-Dreamer / Tempest / Team fairness + credit,2,25,25,0.9676460321154794,0.797517974858471,0.8068996038586858,0.32989950411774244,85.06913189502328
ma_dreamer_credit,ma_dreamer_credit,MA-Dreamer / Tempest / Team fairness + credit,2,26,26,0.9719714483418517,0.8709872171284453,0.8077484958123202,0.44418925486955957,66.48643845819234
ma_dreamer_credit,ma_dreamer_credit,MA-Dreamer / Tempest / Team fairness + credit,2,27,27,0.9324054651950969,0.67662623673962,0.6886763150821987,0.18250976454852402,166.7240451326488
ma_dreamer_credit,ma_dreamer_credit,MA-Dreamer / Tempest / Team fairness + credit,2,28,28,0.9753523269412322,0.8846866780332011,0.8188100438643203,0.46947474892389623,104.53070672024664
ma_dreamer_credit,ma_dreamer_credit,MA-Dreamer / Tempest / Team fairness + credit,2,29,29,0.9776618027907886,0.9124841247299813,0.8120219531578159,0.5270762504921004,77.37596827661787
ma_dreamer_credit,ma_dreamer_credit,MA-Dreamer / Tempest / Team fairness + credit,2,30,30,0.9563774594092874,0.7827355640260012,0.7524113943323953,0.30990131407881044,83.00389925390485
ma_dreamer_credit,ma_dreamer_credit,MA-Dreamer / Tempest / Team fairness + credit,2,31,31,0.9776275636532727,0.8831731838520231,0.8401922477382697,0.46660485151684916,86.85859254082271
ma_dreamer_credit,ma_dreamer_credit,MA-Dreamer / Tempest / Team fairness + credit,2,32,32,0.9789931651293939,0.9339712113745792,0.806671953386666,0.5799207732278246,44.951783488287134
ma_dreamer_credit,ma_dreamer_credit,MA-Dreamer / Tempest / Team fairness + credit,2,33,33,0.9889671287256647,0.9623130404943855,0.8764415970756615,0.6695938078940998,59.0685686487915
ma_dreamer_credit,ma_dreamer_credit,MA-Dreamer / Tempest / Team fairness + credit,2,34,34,0.9858405295049977,0.947498681822548,0.8522962384849271,0.6189178503945586,65.111967740294
ma_dreamer_credit,ma_dreamer_credit,MA-Dreamer / Tempest / Team fairness + credit,2,35,35,0.9815269523657857,0.9491234079895622,0.8107017160270144,0.6240044723641378,47.68429137241434
ma_dreamer_credit,ma_dreamer_credit,MA-Dreamer / Tempest / Team fairness + credit,2,36,36,0.9870068924198134,0.9628015650319567,0.8717346466788869,0.6715252685854867,67.35477129759603
ma_dreamer_credit,ma_dreamer_credit,MA-Dreamer / Tempest / Team fairness + credit,2,37,37,0.9747339582221503,0.884451022332556,0.8070134100736167,0.4690329213127119,104.1567408423501
ma_dreamer_credit,ma_dreamer_credit,MA-Dreamer / Tempest / Team fairness + credit,2,38,38,0.9872968863662519,0.9520162580490708,0.8746853020171015,0.6333138545675121,78.21760093842391
ma_dreamer_credit,ma_dreamer_credit,MA-Dreamer / Tempest / Team fairness + credit,2,39,39,0.9728486731395685,0.8914357227897916,0.7912503607298265,0.4826123545159811,114.62159884105222
ma_dreamer_credit,ma_dreamer_credit,MA-Dreamer / Tempest / Team fairness + credit,2,40,40,0.978465575223903,0.9042241147420701,0.8315852329725354,0.5089166458584827,119.61232699643018
ma_dreamer_credit,ma_dreamer_credit,MA-Dreamer / Tempest / Team fairness + credit,2,41,41,0.984142339245021,0.9428686361911263,0.8469490272005421,0.6049364387604874,65.10139753397522
ma_dreamer_credit,ma_dreamer_credit,MA-Dreamer / Tempest / Team fairness + credit,2,42,42,0.9701069385492557,0.8433460307976913,0.7900267853779557,0.39763464878253507,135.262056556297
ma_dreamer_credit,ma_dreamer_credit,MA-Dreamer / Tempest / Team fairness + credit,2,43,43,0.9713215629130286,0.8476747864272856,0.8095212035874896,0.4046225248936933,82.67260501342622
ma_dreamer_credit,ma_dreamer_credit,MA-Dreamer / Tempest / Team fairness + credit,2,44,44,0.9862588229176041,0.9538549284305246,0.8491959508760396,0.6394239154740016,57.370663851397666
ma_dreamer_credit,ma_dreamer_credit,MA-Dreamer / Tempest / Team fairness + credit,2,45,45,0.9847802617011439,0.9293715041594333,0.8483183141438623,0.5678624419044549,75.09535109904007
ma_dreamer_credit,ma_dreamer_credit,MA-Dreamer / Tempest / Team fairness + credit,2,46,46,0.9803507742558559,0.9356190973554924,0.8142430674279075,0.5843866028581288,80.29322580053204
ma_dreamer_credit,ma_dreamer_credit,MA-Dreamer / Tempest / Team fairness + credit,2,47,47,0.9690427050880125,0.8337624487831619,0.8021231490887222,0.3826344172791411,72.68775548079198
ma_dreamer_credit,ma_dreamer_credit,MA-Dreamer / Tempest / Team fairness + credit,2,48,48,0.9772945138528504,0.9050352995445965,0.8377394277543018,0.5106701864450669,93.58949118717554
ma_dreamer_credit,ma_dreamer_credit,MA-Dreamer / Tempest / Team fairness + credit,2,49,49,0.9832317682900805,0.9446441383200781,0.846728846709855,0.6102122840235017,76.23679038928249
ma_dreamer_credit,ma_dreamer_credit,MA-Dreamer / Tempest / Team fairness + credit,2,50,50,0.9842732337468529,0.9471004822712625,0.839749926488999,0.6176847552552575,83.86596773674484
ma_dreamer_credit,ma_dreamer_credit,MA-Dreamer / Tempest / Team fairness + credit,4,1,1,0.9725961584066918,0.8593572555249688,0.76273101705006,0.31973619436051287,66.57087596604234
ma_dreamer_credit,ma_dreamer_credit,MA-Dreamer / Tempest / Team fairness + credit,4,2,2,0.9873234705506584,0.9517226106710658,0.798458488719945,0.5526562030037881,59.20542831176776
ma_dreamer_credit,ma_dreamer_credit,MA-Dreamer / Tempest / Team fairness + credit,4,3,3,0.9650634167542701,0.790974011314012,0.6994279320957268,0.23241199546470812,74.98408047979927
ma_dreamer_credit,ma_dreamer_credit,MA-Dreamer / Tempest / Team fairness + credit,4,4,4,0.9571844197729535,0.7789343361510648,0.6879159277791761,0.16892061370273329,80.22226041144094
ma_dreamer_credit,ma_dreamer_credit,MA-Dreamer / Tempest / Team fairness + credit,4,5,5,0.9086174611671146,0.6671237349272239,0.536801673623352,0.1146742393221904,129.8281573872755
ma_dreamer_credit,ma_dreamer_credit,MA-Dreamer / Tempest / Team fairness + credit,4,6,6,0.9531938412171364,0.7704184221626249,0.6676707679099678,0.22642459172493926,108.93145153280147
ma_dreamer_credit,ma_dreamer_credit,MA-Dreamer / Tempest / Team fairness + credit,4,7,7,0.8102777909683797,0.5312593987509968,0.32793158918014376,0.014580378627263003,243.12083090526147
ma_dreamer_credit,ma_dreamer_credit,MA-Dreamer / Tempest / Team fairness + credit,4,8,8,0.9428618182298519,0.7082261652372802,0.650204871225452,0.13425982661762068,108.97100008354454
ma_dreamer_credit,ma_dreamer_credit,MA-Dreamer / Tempest / Team fairness + credit,4,9,9,0.9472806334663368,0.7926379322281514,0.630680518580218,0.2401175000300316,109.93289919232319
ma_dreamer_credit,ma_dreamer_credit,MA-Dreamer / Tempest / Team fairness + credit,4,10,10,0.9601171802937074,0.7472300762722022,0.6931553759734319,0.2154723327768697,83.67966125462394
ma_dreamer_credit,ma_dreamer_credit,MA-Dreamer / Tempest / Team fairness + credit,4,11,11,0.9150079623444907,0.6160891611904145,0.5898880361826904,0.0824112403428876,132.91988026667784
ma_dreamer_credit,ma_dreamer_credit,MA-Dreamer / Tempest / Team fairness + credit,4,12,12,0.8935603388530842,0.5543090057341729,0.5532290871877279,0.04881773837960908,147.53396535347375
ma_dreamer_credit,ma_dreamer_credit,MA-Dreamer / Tempest / Team fairness + credit,4,13,13,0.9394426035393019,0.75979933018115,0.6298713804670842,0.1951149253473298,84.10937481359113
ma_dreamer_credit,ma_dreamer_credit,MA-Dreamer / Tempest / Team fairness + credit,4,14,14,0.964103149122005,0.7918282351348346,0.7169580620737497,0.2394841509124753,89.8482649637354
ma_dreamer_credit,ma_dreamer_credit,MA-Dreamer / Tempest / Team fairness + credit,4,15,15,0.9829712375910806,0.96034083344678,0.7866025429907616,0.5696101316889618,64.90509033689702
ma_dreamer_credit,ma_dreamer_credit,MA-Dreamer / Tempest / Team fairness + credit,4,16,16,0.9679754767741509,0.85032892323116,0.7171174970147556,0.3343185531342631,75.81478302006457
ma_dreamer_credit,ma_dreamer_credit,MA-Dreamer / Tempest / Team fairness + credit,4,17,17,0.9694995242186107,0.8862562091499868,0.7096615620138399,0.3972356761058071,87.95096283039626
ma_dreamer_credit,ma_dreamer_credit,MA-Dreamer / Tempest / Team fairness + credit,4,18,18,0.9522446603477895,0.7522085572307409,0.6758196728491112,0.21257418834231276,111.11691653245131
ma_dreamer_credit,ma_dreamer_credit,MA-Dreamer / Tempest / Team fairness + credit,4,19,19,0.8921567354379696,0.6531210642528859,0.5075753126520669,0.10547986491400592,192.17330988674894
ma_dreamer_credit,ma_dreamer_credit,MA-Dreamer / Tempest / Team fairness + credit,4,20,20,0.9033682990583877,0.6283430119874177,0.5472643987685655,0.07177465975775803,140.5921361648503
ma_dreamer_credit,ma_dreamer_credit,MA-Dreamer / Tempest / Team fairness + credit,4,21,21,0.9725031414559392,0.8973844798486813,0.7186964707310262,0.4003435738783552,77.9869479146848
ma_dreamer_credit,ma_dreamer_credit,MA-Dreamer / Tempest / Team fairness + credit,4,22,22,0.9847121808149124,0.9445390120379565,0.7861301134962757,0.5361422674632019,71.21637020793882
ma_dreamer_credit,ma_dreamer_credit,MA-Dreamer / Tempest / Team fairness + credit,4,23,23,0.9728155611283643,0.8784579821073174,0.7274407895496279,0.38081114292549123,82.33616659740636
ma_dreamer_credit,ma_dreamer_credit,MA-Dreamer / Tempest / Team fairness + credit,4,24,24,0.958333473203824,0.7652084885081671,0.6940485336980344,0.2593175418467043,79.90254586129605
ma_dreamer_credit,ma_dreamer_credit,MA-Dreamer / Tempest / Team fairness + credit,4,25,25,0.9385046498387057,0.7464774634196654,0.6082836503483884,0.1885902926327533,116.41690102305542
ma_dreamer_credit,ma_dreamer_credit,MA-Dreamer / Tempest / Team fairness + credit,4,26,26,0.9625277057774771,0.8011996317085933,0.7082824356986203,0.176363395395705,93.45683133718848
ma_dreamer_credit,ma_dreamer_credit,MA-Dreamer / Tempest / Team fairness + credit,4,27,27,0.8904621190514895,0.5757131045138849,0.49830692878063926,0.06118170113257604,179.94344963623047
ma_dreamer_credit,ma_dreamer_credit,MA-Dreamer / Tempest / Team fairness + credit,4,28,28,0.9382729796580412,0.6760558637058166,0.6324961410101295,0.08741741054771747,97.64933975862623
ma_dreamer_credit,ma_dreamer_credit,MA-Dreamer / Tempest / Team fairness + credit,4,29,29,0.9723238171782672,0.8993764288759613,0.7092343933958434,0.43458040522655056,75.3442164645875
ma_dreamer_credit,ma_dreamer_credit,MA-Dreamer / Tempest / Team fairness + credit,4,30,30,0.9452052835968999,0.8410005287235376,0.5933948334672913,0.2695597861514468,89.81311904515212
ma_dreamer_credit,ma_dreamer_credit,MA-Dreamer / Tempest / Team fairness + credit,4,31,31,0.9687158015446804,0.8477250403573928,0.7340718964526475,0.27061854992884815,87.88351751506195
ma_dreamer_credit,ma_dreamer_credit,MA-Dreamer / Tempest / Team fairness + credit,4,32,32,0.9544653598529199,0.7204406473993021,0.698061352023037,0.15360057731695603,87.87978520267626
ma_dreamer_credit,ma_dreamer_credit,MA-Dreamer / Tempest / Team fairness + credit,4,33,33,0.9839129278070823,0.9338104847226861,0.7739689659845057,0.5071762978597254,60.444987522177996
ma_dreamer_credit,ma_dreamer_credit,MA-Dreamer / Tempest / Team fairness + credit,4,34,34,0.9630722763005634,0.8673664166778492,0.667431707117734,0.3563197759763422,81.705657720371
ma_dreamer_credit,ma_dreamer_credit,MA-Dreamer / Tempest / Team fairness + credit,4,35,35,0.9732797591694095,0.9342393481276208,0.6898536287100742,0.5127315747779705,48.59211011123771
ma_dreamer_credit,ma_dreamer_credit,MA-Dreamer / Tempest / Team fairness + credit,4,36,36,0.973736354632731,0.9207605402775837,0.7105164559442161,0.47778732381132183,68.09570065639174
ma_dreamer_credit,ma_dreamer_credit,MA-Dreamer / Tempest / Team fairness + credit,4,37,37,0.9484785044198418,0.7578597531043433,0.6398957984477723,0.18370616151998032,113.3290049973667
ma_dreamer_credit,ma_dreamer_credit,MA-Dreamer / Tempest / Team fairness + credit,4,38,38,0.9722310013609197,0.8833836458116245,0.7246749685887021,0.3945899801375395,79.22798907664095
ma_dreamer_credit,ma_dreamer_credit,MA-Dreamer / Tempest / Team fairness + credit,4,39,39,0.6961139350955654,0.4360188307013264,0.15602971208244068,0.007192721835953954,335.82207665152276
ma_dreamer_credit,ma_dreamer_credit,MA-Dreamer / Tempest / Team fairness + credit,4,40,40,0.8742457442390628,0.6157170599781708,0.4752070212909166,0.0814709596041475,216.88057730017977
ma_dreamer_credit,ma_dreamer_credit,MA-Dreamer / Tempest / Team fairness + credit,4,41,41,0.9735612010442548,0.9099653006245748,0.7271178898324476,0.4225004244664632,66.9696290489437
ma_dreamer_credit,ma_dreamer_credit,MA-Dreamer / Tempest / Team fairness + credit,4,42,42,0.8917053823857911,0.6391801386041228,0.5096067393553443,0.10271191988216104,165.16288441582688
ma_dreamer_credit,ma_dreamer_credit,MA-Dreamer / Tempest / Team fairness + credit,4,43,43,0.9703002326596031,0.8779758353898454,0.7171499180525032,0.32464942321683166,84.27461724075175
ma_dreamer_credit,ma_dreamer_credit,MA-Dreamer / Tempest / Team fairness + credit,4,44,44,0.9831168049355343,0.9486405268296128,0.7555226399710752,0.539696405636042,59.200111324548715
ma_dreamer_credit,ma_dreamer_credit,MA-Dreamer / Tempest / Team fairness + credit,4,45,45,0.9668964443026637,0.8605115765026548,0.7004001082468148,0.35044542288889025,89.09260761796229
ma_dreamer_credit,ma_dreamer_credit,MA-Dreamer / Tempest / Team fairness + credit,4,46,46,0.9813672832214955,0.9368555096564626,0.7549175236867014,0.5248971939862752,77.256093361356
ma_dreamer_credit,ma_dreamer_credit,MA-Dreamer / Tempest / Team fairness + credit,4,47,47,0.9518613886248644,0.7771958668256399,0.664045470288693,0.19923640931975187,113.60450919314582
ma_dreamer_credit,ma_dreamer_credit,MA-Dreamer / Tempest / Team fairness + credit,4,48,48,0.9381442292978441,0.7296479012648166,0.6238613326279587,0.1493844388538218,147.3338879262426
ma_dreamer_credit,ma_dreamer_credit,MA-Dreamer / Tempest / Team fairness + credit,4,49,49,0.976607576103797,0.9168822835318379,0.7550874918396946,0.515567753616832,77.59028538273509
ma_dreamer_credit,ma_dreamer_credit,MA-Dreamer / Tempest / Team fairness + credit,4,50,50,0.9670601921611607,0.8619412723200056,0.7220348443336678,0.3357960251372566,85.79041496715315
ma_dreamer_credit,ma_dreamer_credit,MA-Dreamer / Tempest / Team fairness + credit,5,1,1,0.96539234456418,0.7912470072135827,0.6963407272311544,0.24114385276014175,61.55095410735129
ma_dreamer_credit,ma_dreamer_credit,MA-Dreamer / Tempest / Team fairness + credit,5,2,2,0.9818156331052308,0.9255773108676033,0.7662369833896989,0.45689010676564057,59.31022827997126
ma_dreamer_credit,ma_dreamer_credit,MA-Dreamer / Tempest / Team fairness + credit,5,3,3,0.9488610814182359,0.7794405637946755,0.6295521088757241,0.15211925435778087,75.68293052990813
ma_dreamer_credit,ma_dreamer_credit,MA-Dreamer / Tempest / Team fairness + credit,5,4,4,0.922245775520539,0.6920535388055334,0.5773936224394591,0.11813073845240114,123.43412966195919
ma_dreamer_credit,ma_dreamer_credit,MA-Dreamer / Tempest / Team fairness + credit,5,5,5,0.8883668919918638,0.682074940850485,0.43759735328426436,0.03429805843963801,131.64590960852487
ma_dreamer_credit,ma_dreamer_credit,MA-Dreamer / Tempest / Team fairness + credit,5,6,6,0.9449008036824523,0.7459549608416652,0.6278897835540385,0.1766512577765508,109.62983421514188
ma_dreamer_credit,ma_dreamer_credit,MA-Dreamer / Tempest / Team fairness + credit,5,7,7,0.9254035769633316,0.6453208549510342,0.5711650355168716,0.08907106955664396,127.97527231928811
ma_dreamer_credit,ma_dreamer_credit,MA-Dreamer / Tempest / Team fairness + credit,5,8,8,0.9236862410017752,0.6965558246878115,0.563308537595126,0.10688652419786744,140.31525580909934
ma_dreamer_credit,ma_dreamer_credit,MA-Dreamer / Tempest / Team fairness + credit,5,9,9,0.7790827822725561,0.3486966271816731,0.3389304174615605,0.012348518351243107,230.83042895242178
ma_dreamer_credit,ma_dreamer_credit,MA-Dreamer / Tempest / Team fairness + credit,5,10,10,0.9519562091198279,0.7789473312872807,0.6318740033363023,0.1620096923025571,84.10189680058511
ma_dreamer_credit,ma_dreamer_credit,MA-Dreamer / Tempest / Team fairness + credit,5,11,11,0.8950430951306578,0.5490426556899426,0.5312911490401248,0.04609545649141154,130.76833817667568
ma_dreamer_credit,ma_dreamer_credit,MA-Dreamer / Tempest / Team fairness + credit,5,12,12,0.8584571213857256,0.601667844948254,0.42594598678600387,0.07667982432827697,191.51314606665125
ma_dreamer_credit,ma_dreamer_credit,MA-Dreamer / Tempest / Team fairness + credit,5,13,13,0.9509185118383077,0.7812873445371153,0.6363153180297303,0.19526216073295466,82.20710787843146
ma_dreamer_credit,ma_dreamer_credit,MA-Dreamer / Tempest / Team fairness + credit,5,14,14,0.9575392416023162,0.8009911171125649,0.656556035835439,0.1335038184698233,90.2540903196635
ma_dreamer_credit,ma_dreamer_credit,MA-Dreamer / Tempest / Team fairness + credit,5,15,15,0.9799536071005135,0.9271122366804219,0.7428338737865149,0.4599332583176056,65.11196716138753
ma_dreamer_credit,ma_dreamer_credit,MA-Dreamer / Tempest / Team fairness + credit,5,16,16,0.9394040317708402,0.7265443540478048,0.620283627156235,0.17443151173196755,90.07674790910876
ma_dreamer_credit,ma_dreamer_credit,MA-Dreamer / Tempest / Team fairness + credit,5,17,17,0.9616683203490296,0.8107587616809333,0.662719227605438,0.29812399787679483,85.28125227218247
ma_dreamer_credit,ma_dreamer_credit,MA-Dreamer / Tempest / Team fairness + credit,5,18,18,0.9575018566657514,0.7969403667191294,0.6536478737335248,0.24553296493240193,111.28695064951144
ma_dreamer_credit,ma_dreamer_credit,MA-Dreamer / Tempest / Team fairness + credit,5,19,19,0.8017910249504422,0.4532503274696035,0.34918541828526173,0.014507691861430127,191.85848098925834
ma_dreamer_credit,ma_dreamer_credit,MA-Dreamer / Tempest / Team fairness + credit,5,20,20,0.942285437732001,0.8238497188034716,0.5761304515056622,0.2676975334604339,109.66988196627396
ma_dreamer_credit,ma_dreamer_credit,MA-Dreamer / Tempest / Team fairness + credit,5,21,21,0.948702638027119,0.7456266145324305,0.6383017437878361,0.16554405999507574,106.97551674703428
ma_dreamer_credit,ma_dreamer_credit,MA-Dreamer / Tempest / Team fairness + credit,5,22,22,0.97544373568953,0.8647573191634281,0.7338904360614402,0.28551411048094394,73.13533888849202
ma_dreamer_credit,ma_dreamer_credit,MA-Dreamer / Tempest / Team fairness + credit,5,23,23,0.9592682954401711,0.777666511880061,0.6692242814625879,0.24842033714425174,86.42157033614599
ma_dreamer_credit,ma_dreamer_credit,MA-Dreamer / Tempest / Team fairness + credit,5,24,24,0.9022142650023549,0.5906275569212665,0.5385532614576535,0.10730721153518985,100.13905942031788
ma_dreamer_credit,ma_dreamer_credit,MA-Dreamer / Tempest / Team fairness + credit,5,25,25,0.9338599201577032,0.7049611145973684,0.5824220953337277,0.12257055958082884,120.31633455973547
ma_dreamer_credit,ma_dreamer_credit,MA-Dreamer / Tempest / Team fairness + credit,5,26,26,0.8454230233257378,0.5556368437865438,0.38524587477675976,0.028257762545444026,203.61559172272192
ma_dreamer_credit,ma_dreamer_credit,MA-Dreamer / Tempest / Team fairness + credit,5,27,27,0.8105668928822296,0.5048864817146913,0.3281876115720448,0.02559935435923011,242.20674473817994
ma_dreamer_credit,ma_dreamer_credit,MA-Dreamer / Tempest / Team fairness + credit,5,28,28,0.648054003808027,0.38477978623383274,0.11289553715206434,0.007845001053489209,254.34685827628496
ma_dreamer_credit,ma_dreamer_credit,MA-Dreamer / Tempest / Team fairness + credit,5,29,29,0.9703502198446483,0.9005816109177739,0.6772489059618734,0.3834182986247218,70.3986135014653
ma_dreamer_credit,ma_dreamer_credit,MA-Dreamer / Tempest / Team fairness + credit,5,30,30,0.943599734742265,0.7689880847497239,0.6174905169491379,0.11923494377552395,90.58544956759017
ma_dreamer_credit,ma_dreamer_credit,MA-Dreamer / Tempest / Team fairness + credit,5,31,31,0.9532681394496668,0.7654426053360142,0.6736178870661134,0.19309007292070132,88.90674488524158
ma_dreamer_credit,ma_dreamer_credit,MA-Dreamer / Tempest / Team fairness + credit,5,32,32,0.9513982561936776,0.7656677259571303,0.6626236053645681,0.14816601448998196,106.00288192668276
ma_dreamer_credit,ma_dreamer_credit,MA-Dreamer / Tempest / Team fairness + credit,5,33,33,0.9769515079703628,0.9181071427367175,0.703417255556642,0.48993134791065873,60.91548538658312
ma_dreamer_credit,ma_dreamer_credit,MA-Dreamer / Tempest / Team fairness + credit,5,34,34,0.9471645910427299,0.8353293244164822,0.6033532078722234,0.2786971570637994,89.69076598486498
ma_dreamer_credit,ma_dreamer_credit,MA-Dreamer / Tempest / Team fairness + credit,5,35,35,0.9682123234453361,0.9021438629691284,0.6718089651902361,0.4364258189058389,49.49220235042028
ma_dreamer_credit,ma_dreamer_credit,MA-Dreamer / Tempest / Team fairness + credit,5,36,36,0.9633951927038545,0.8360007425782296,0.677542525200078,0.2967428871712423,72.35675622471791
ma_dreamer_credit,ma_dreamer_credit,MA-Dreamer / Tempest / Team fairness + credit,5,37,37,0.9256376878655204,0.7098671718070431,0.5507330837088759,0.1292814216946611,132.28863187877775
ma_dreamer_credit,ma_dreamer_credit,MA-Dreamer / Tempest / Team fairness + credit,5,38,38,0.9718719413044066,0.8973733978266677,0.6967903443473563,0.37746376842491747,79.9494213712718
ma_dreamer_credit,ma_dreamer_credit,MA-Dreamer / Tempest / Team fairness + credit,5,39,39,0.5973980390295561,0.3530034693529139,0.08376121196996272,0.0036788307962797276,336.99514933950957
ma_dreamer_credit,ma_dreamer_credit,MA-Dreamer / Tempest / Team fairness + credit,5,40,40,0.826143532242726,0.5083409479048043,0.38014797196672423,0.02951249942655128,209.59214434816946
ma_dreamer_credit,ma_dreamer_credit,MA-Dreamer / Tempest / Team fairness + credit,5,41,41,0.9492134820385163,0.7688593860626303,0.6447240028512373,0.18458780755057533,92.13888281912202
ma_dreamer_credit,ma_dreamer_credit,MA-Dreamer / Tempest / Team fairness + credit,5,42,42,0.810330951683545,0.4417296469293372,0.40511439146235867,0.022932072144637307,165.1114250257898
ma_dreamer_credit,ma_dreamer_credit,MA-Dreamer / Tempest / Team fairness + credit,5,43,43,0.9558024383551034,0.798313484092268,0.6767640220212886,0.1411332522273573,87.79310054957564
ma_dreamer_credit,ma_dreamer_credit,MA-Dreamer / Tempest / Team fairness + credit,5,44,44,0.9570561326033797,0.8502552010322438,0.6549537770277364,0.3047314302775796,86.23411144946662
ma_dreamer_credit,ma_dreamer_credit,MA-Dreamer / Tempest / Team fairness + credit,5,45,45,0.8057681245361427,0.5296549188189634,0.336475622056588,0.042126451892512566,218.04620875458895
ma_dreamer_credit,ma_dreamer_credit,MA-Dreamer / Tempest / Team fairness + credit,5,46,46,0.7704165697570641,0.47926615263380923,0.27899387250977853,0.0028578979374494296,260.41908259878926
ma_dreamer_credit,ma_dreamer_credit,MA-Dreamer / Tempest / Team fairness + credit,5,47,47,0.9544899696352744,0.7858214941021969,0.6526161154323886,0.1926496748421179,100.98309238358281
ma_dreamer_credit,ma_dreamer_credit,MA-Dreamer / Tempest / Team fairness + credit,5,48,48,0.9016359918703972,0.6403846366240428,0.5030724408047472,0.06325962775496152,180.92527911854202
ma_dreamer_credit,ma_dreamer_credit,MA-Dreamer / Tempest / Team fairness + credit,5,49,49,0.97238081104322,0.8661229580104404,0.7335317185763742,0.34302704178756055,82.54592800634195
ma_dreamer_credit,ma_dreamer_credit,MA-Dreamer / Tempest / Team fairness + credit,5,50,50,0.963244840610407,0.8462448134032291,0.6678104414498106,0.29912513729026063,92.3436021806278
ma_dreamer_credit,ma_dreamer_credit,MA-Dreamer / Tempest / Team fairness + credit,7,1,1,0.9565057918340295,0.7682098290044242,0.6733012097649345,0.18792594203408894,61.96971102422825
ma_dreamer_credit,ma_dreamer_credit,MA-Dreamer / Tempest / Team fairness + credit,7,2,2,0.9779164332838495,0.9135526686087178,0.7131048712339524,0.42996089478596083,62.36162174045081
ma_dreamer_credit,ma_dreamer_credit,MA-Dreamer / Tempest / Team fairness + credit,7,3,3,0.944393695185909,0.7070345627008704,0.6326303599833887,0.12473766380584564,76.51254041368843
ma_dreamer_credit,ma_dreamer_credit,MA-Dreamer / Tempest / Team fairness + credit,7,4,4,0.7268595619869129,0.4071638759654456,0.23129721145369905,0.009118343067885799,213.2063327532278
ma_dreamer_credit,ma_dreamer_credit,MA-Dreamer / Tempest / Team fairness + credit,7,5,5,0.6185881966049487,0.3954027083029593,0.0799127629525844,0.0,251.66302911491462
ma_dreamer_credit,ma_dreamer_credit,MA-Dreamer / Tempest / Team fairness + credit,7,6,6,0.8744228515228666,0.5784366486902808,0.4480695367575717,0.06869265432182456,149.87686828771857
ma_dreamer_credit,ma_dreamer_credit,MA-Dreamer / Tempest / Team fairness + credit,7,7,7,0.6556201386137388,0.3782895925054927,0.12881597720350138,0.006992638071038452,247.19539923211454
ma_dreamer_credit,ma_dreamer_credit,MA-Dreamer / Tempest / Team fairness + credit,7,8,8,0.7426396220696172,0.40643465915693,0.19455336601276416,0.008110328887590371,269.4693788874316
ma_dreamer_credit,ma_dreamer_credit,MA-Dreamer / Tempest / Team fairness + credit,7,9,9,0.8762103180191356,0.5236319985637092,0.487238294585736,0.04034411129761102,142.44923093008137
ma_dreamer_credit,ma_dreamer_credit,MA-Dreamer / Tempest / Team fairness + credit,7,10,10,0.8863340047119794,0.6056981183021454,0.3880839674818539,0.04204168843815187,124.8208428540873
ma_dreamer_credit,ma_dreamer_credit,MA-Dreamer / Tempest / Team fairness + credit,7,11,11,0.8310668307585538,0.49998092872761046,0.38396589629776173,0.02380027834437684,184.4309653001521
ma_dreamer_credit,ma_dreamer_credit,MA-Dreamer / Tempest / Team fairness + credit,7,12,12,0.8813160219597099,0.5986550215022903,0.46526279798353565,0.05639071815738246,154.3395699799269
ma_dreamer_credit,ma_dreamer_credit,MA-Dreamer / Tempest / Team fairness + credit,7,13,13,0.9064665203804381,0.6627601145737994,0.4953417854032991,0.10345930457950961,120.18163647353398
ma_dreamer_credit,ma_dreamer_credit,MA-Dreamer / Tempest / Team fairness + credit,7,14,14,0.822388656616929,0.3403596928507271,0.42194913615348734,0.012546133356233401,148.78689628373667
ma_dreamer_credit,ma_dreamer_credit,MA-Dreamer / Tempest / Team fairness + credit,7,15,15,0.9729671006820588,0.8997428069477954,0.6395245708560533,0.3642593130717262,66.00642618482581
ma_dreamer_credit,ma_dreamer_credit,MA-Dreamer / Tempest / Team fairness + credit,7,16,16,0.9460839533830989,0.7193066670582549,0.6054306031541766,0.1628453122701982,85.97846923558082
ma_dreamer_credit,ma_dreamer_credit,MA-Dreamer / Tempest / Team fairness + credit,7,17,17,0.6847752250853049,0.36873886761691804,0.16665381392534007,0.004550918932141928,273.9601229197852
ma_dreamer_credit,ma_dreamer_credit,MA-Dreamer / Tempest / Team fairness + credit,7,18,18,0.8333552588691138,0.41651812154922213,0.40086653950248213,0.02183352862366548,165.10503232388632
ma_dreamer_credit,ma_dreamer_credit,MA-Dreamer / Tempest / Team fairness + credit,7,19,19,0.9472116319916865,0.7683553957980837,0.6265143782171957,0.17550263863258295,91.32690906158982
ma_dreamer_credit,ma_dreamer_credit,MA-Dreamer / Tempest / Team fairness + credit,7,20,20,0.9579756731826906,0.8596481603380353,0.598705165348775,0.31498754733517836,76.14395938907754
ma_dreamer_credit,ma_dreamer_credit,MA-Dreamer / Tempest / Team fairness + credit,7,21,21,0.9188373007954665,0.691585586825592,0.5149378266981772,0.0955228357159323,126.91619839043524
ma_dreamer_credit,ma_dreamer_credit,MA-Dreamer / Tempest / Team fairness + credit,7,22,22,0.8784099549381065,0.5317170940646784,0.4717246669965662,0.027714968418094336,153.29029879982068
ma_dreamer_credit,ma_dreamer_credit,MA-Dreamer / Tempest / Team fairness + credit,7,23,23,0.9507015874597403,0.8132812038940185,0.6129513775730011,0.21330791110278777,87.72886833356914
ma_dreamer_credit,ma_dreamer_credit,MA-Dreamer / Tempest / Team fairness + credit,7,24,24,0.724686205635842,0.35922508607659553,0.26436953477722225,0.007060554383805255,219.15335337498686
ma_dreamer_credit,ma_dreamer_credit,MA-Dreamer / Tempest / Team fairness + credit,7,25,25,0.7982690330887252,0.4280296008640446,0.3163853140165676,0.023865085268346277,217.87861205316312
ma_dreamer_credit,ma_dreamer_credit,MA-Dreamer / Tempest / Team fairness + credit,7,26,26,0.9309585181402193,0.7230960130224727,0.5499341288136587,0.042314555346227994,107.01857784687456
ma_dreamer_credit,ma_dreamer_credit,MA-Dreamer / Tempest / Team fairness + credit,7,27,27,0.7134627233576029,0.352962360092731,0.2307327690283156,0.013465180275880194,274.52205822991084
ma_dreamer_credit,ma_dreamer_credit,MA-Dreamer / Tempest / Team fairness + credit,7,28,28,0.6812075042067407,0.37703588817586864,0.09044539901064817,0.011424371793175295,252.8671044856763
ma_dreamer_credit,ma_dreamer_credit,MA-Dreamer / Tempest / Team fairness + credit,7,29,29,0.9682279232525091,0.8968307203247396,0.6282025955391809,0.3598762166772697,72.5116140241397
ma_dreamer_credit,ma_dreamer_credit,MA-Dreamer / Tempest / Team fairness + credit,7,30,30,0.8849405441271734,0.6103857477322372,0.4431978837740644,0.06083501274241676,148.4904130073813
ma_dreamer_credit,ma_dreamer_credit,MA-Dreamer / Tempest / Team fairness + credit,7,31,31,0.9422281535628146,0.7338383771949684,0.6056496188579532,0.09257875620630814,87.50869731493904
ma_dreamer_credit,ma_dreamer_credit,MA-Dreamer / Tempest / Team fairness + credit,7,32,32,0.9147100468154121,0.6689832523461565,0.5804719087309183,0.08636595663181743,107.69931774938122
ma_dreamer_credit,ma_dreamer_credit,MA-Dreamer / Tempest / Team fairness + credit,7,33,33,0.9669598945491399,0.8666594092969957,0.654842883687373,0.33268536239749374,71.92251260023245
ma_dreamer_credit,ma_dreamer_credit,MA-Dreamer / Tempest / Team fairness + credit,7,34,34,0.7177028118237636,0.4328290681222809,0.17897310621290483,0.013166551867793098,257.2241437559389
ma_dreamer_credit,ma_dreamer_credit,MA-Dreamer / Tempest / Team fairness + credit,7,35,35,0.8348863343716295,0.5658221570308768,0.32755711613883776,0.0,154.09625201293028
ma_dreamer_credit,ma_dreamer_credit,MA-Dreamer / Tempest / Team fairness + credit,7,36,36,0.7354239512610024,0.42866048963131076,0.12988472293625672,0.016267412265937555,265.0353920073826
ma_dreamer_credit,ma_dreamer_credit,MA-Dreamer / Tempest / Team fairness + credit,7,37,37,0.9210580555149568,0.7456113735243305,0.5124311607892614,0.1774458112944486,146.5278277421277
ma_dreamer_credit,ma_dreamer_credit,MA-Dreamer / Tempest / Team fairness + credit,7,38,38,0.9681284536385719,0.9171766638366625,0.6353403132862049,0.40412151336783814,78.68227194776966
ma_dreamer_credit,ma_dreamer_credit,MA-Dreamer / Tempest / Team fairness + credit,7,39,39,0.5392160089997936,0.2852466978221708,0.06526605336266669,0.0,341.456383400614
ma_dreamer_credit,ma_dreamer_credit,MA-Dreamer / Tempest / Team fairness + credit,7,40,40,0.7516401075055419,0.4891608243485324,0.20369121557599446,0.01592550688411714,245.71323004836668
ma_dreamer_credit,ma_dreamer_credit,MA-Dreamer / Tempest / Team fairness + credit,7,41,41,0.9390441641262248,0.7242186766563341,0.600582444670787,0.11519272723551034,94.8880796127133
ma_dreamer_credit,ma_dreamer_credit,MA-Dreamer / Tempest / Team fairness + credit,7,42,42,0.8109105500363353,0.4971901748500542,0.3495509809742481,0.01269722570271072,168.67381459409555
ma_dreamer_credit,ma_dreamer_credit,MA-Dreamer / Tempest / Team fairness + credit,7,43,43,0.5775121320815498,0.34082167503445265,0.08475741415071238,0.0064984142100661295,243.1187950495461
ma_dreamer_credit,ma_dreamer_credit,MA-Dreamer / Tempest / Team fairness + credit,7,44,44,0.9470462091112959,0.8328156235689237,0.6134122224620158,0.24205855636718124,87.65047468124962
ma_dreamer_credit,ma_dreamer_credit,MA-Dreamer / Tempest / Team fairness + credit,7,45,45,0.7503342602884006,0.4759780315715523,0.21126970998429379,0.0,219.23949697029087
ma_dreamer_credit,ma_dreamer_credit,MA-Dreamer / Tempest / Team fairness + credit,7,46,46,0.6928195932520789,0.40280946813710905,0.2149081010997006,0.0,256.85857854796024
ma_dreamer_credit,ma_dreamer_credit,MA-Dreamer / Tempest / Team fairness + credit,7,47,47,0.7542024757099094,0.4396344204056822,0.21848887413691248,0.003089171860841996,243.5486989538943
ma_dreamer_credit,ma_dreamer_credit,MA-Dreamer / Tempest / Team fairness + credit,7,48,48,0.7610191046073543,0.3898674213518682,0.32676326421757634,0.005396801748186971,193.46500690458365
ma_dreamer_credit,ma_dreamer_credit,MA-Dreamer / Tempest / Team fairness + credit,7,49,49,0.9197054846942289,0.6859853499426425,0.5428489998952476,0.09310034637772573,136.40937132675154
ma_dreamer_credit,ma_dreamer_credit,MA-Dreamer / Tempest / Team fairness + credit,7,50,50,0.7263912900205224,0.3834789076014716,0.2102690439656041,0.011633452317713658,271.23483048260266
ma_dreamer_symmetrical,ma_dreamer_symmetrical,MA-Dreamer / Tempest / Team fairness,2,1,1,0.9603586851249591,0.8518560749763093,0.7425870105123915,0.4114137153743178,43.3412058695773
ma_dreamer_symmetrical,ma_dreamer_symmetrical,MA-Dreamer / Tempest / Team fairness,2,2,2,0.9619212925881814,0.8268607040715447,0.7615350454837327,0.3721238816066916,55.61443232648308
ma_dreamer_symmetrical,ma_dreamer_symmetrical,MA-Dreamer / Tempest / Team fairness,2,3,3,0.9670685635855683,0.8419326743943927,0.7777798578612342,0.3953997690587829,55.74623754489794
ma_dreamer_symmetrical,ma_dreamer_symmetrical,MA-Dreamer / Tempest / Team fairness,2,4,4,0.9525152734803267,0.779317916000469,0.7481651155016109,0.30536382218935637,55.2009781897288
ma_dreamer_symmetrical,ma_dreamer_symmetrical,MA-Dreamer / Tempest / Team fairness,2,5,5,0.9462628042030823,0.7736345439528695,0.7040945986967547,0.297921785472496,53.10452946371133
ma_dreamer_symmetrical,ma_dreamer_symmetrical,MA-Dreamer / Tempest / Team fairness,2,6,6,0.9491389689391595,0.7427835508864793,0.7266835595136072,0.25908082383809505,66.95684315797328
ma_dreamer_symmetrical,ma_dreamer_symmetrical,MA-Dreamer / Tempest / Team fairness,2,7,7,0.9661035299087408,0.8510150677241618,0.7818547984800983,0.4100342713033686,55.487466629497916
ma_dreamer_symmetrical,ma_dreamer_symmetrical,MA-Dreamer / Tempest / Team fairness,2,8,8,0.9630491216218676,0.8182181111938222,0.79087765664945,0.35933457445749256,53.70131991731198
ma_dreamer_symmetrical,ma_dreamer_symmetrical,MA-Dreamer / Tempest / Team fairness,2,9,9,0.9713111756653848,0.8055240217377,0.8152941350553461,0.34106496696059924,56.35540096480548
ma_dreamer_symmetrical,ma_dreamer_symmetrical,MA-Dreamer / Tempest / Team fairness,2,10,10,0.9669071866422113,0.8992288465904374,0.751739542820468,0.49839721379123486,54.24180677316305
ma_dreamer_symmetrical,ma_dreamer_symmetrical,MA-Dreamer / Tempest / Team fairness,2,11,11,0.9656569492694952,0.8751052770950591,0.7772170186350174,0.4516144386300548,62.811568198626816
ma_dreamer_symmetrical,ma_dreamer_symmetrical,MA-Dreamer / Tempest / Team fairness,2,12,12,0.957526106936499,0.7611609678424465,0.7575969487259282,0.28192137198209183,60.036605179581116
ma_dreamer_symmetrical,ma_dreamer_symmetrical,MA-Dreamer / Tempest / Team fairness,2,13,13,0.9567686646815126,0.8036706312117602,0.7522983418021113,0.3384573173589708,55.18173142275636
ma_dreamer_symmetrical,ma_dreamer_symmetrical,MA-Dreamer / Tempest / Team fairness,2,14,14,0.9604022168435636,0.8364983309780607,0.7555182959024148,0.3868585052028095,55.787073185980844
ma_dreamer_symmetrical,ma_dreamer_symmetrical,MA-Dreamer / Tempest / Team fairness,2,15,15,0.9602172853951777,0.7426346941246078,0.7983593719252442,0.2588982313931651,56.13549163692977
ma_dreamer_symmetrical,ma_dreamer_symmetrical,MA-Dreamer / Tempest / Team fairness,2,16,16,0.944668400533324,0.7991369158467004,0.6847070387314457,0.33213929999640274,56.97179172391132
ma_dreamer_symmetrical,ma_dreamer_symmetrical,MA-Dreamer / Tempest / Team fairness,2,17,17,0.9806874501152345,0.9218146829452146,0.8244568602460857,0.5489334464670219,63.14319524797986
ma_dreamer_symmetrical,ma_dreamer_symmetrical,MA-Dreamer / Tempest / Team fairness,2,18,18,0.9694817884817932,0.889480901968642,0.7671569602048863,0.47875095378347604,68.48071791615132
ma_dreamer_symmetrical,ma_dreamer_symmetrical,MA-Dreamer / Tempest / Team fairness,2,19,19,0.9617220292451046,0.8557955450993487,0.7477902398476035,0.41794647553090475,53.71985624243939
ma_dreamer_symmetrical,ma_dreamer_symmetrical,MA-Dreamer / Tempest / Team fairness,2,20,20,0.9607918906696213,0.8729593822755519,0.7336125614408181,0.44772156808000996,58.08072223768825
ma_dreamer_symmetrical,ma_dreamer_symmetrical,MA-Dreamer / Tempest / Team fairness,2,21,21,0.9613741374615842,0.8620402416030222,0.7371318773391562,0.42852382604206807,57.34672204560981
ma_dreamer_symmetrical,ma_dreamer_symmetrical,MA-Dreamer / Tempest / Team fairness,2,22,22,0.9778928286383545,0.8567443715750073,0.8482767952654374,0.41953473623019416,58.23397219370871
ma_dreamer_symmetrical,ma_dreamer_symmetrical,MA-Dreamer / Tempest / Team fairness,2,23,23,0.9633162737244102,0.8517200498951685,0.7719399242882139,0.4111871345592376,54.49215614133117
ma_dreamer_symmetrical,ma_dreamer_symmetrical,MA-Dreamer / Tempest / Team fairness,2,24,24,0.9358077105944498,0.7536457352495606,0.6971879120131335,0.2724797140785313,54.30917623255587
ma_dreamer_symmetrical,ma_dreamer_symmetrical,MA-Dreamer / Tempest / Team fairness,2,25,25,0.9450564630717213,0.7691981609352083,0.7109509402987554,0.2921792776256881,63.744077170482456
ma_dreamer_symmetrical,ma_dreamer_symmetrical,MA-Dreamer / Tempest / Team fairness,2,26,26,0.9710839496474013,0.8809197642765422,0.7854325125170757,0.4623489872742976,56.241410988073845
ma_dreamer_symmetrical,ma_dreamer_symmetrical,MA-Dreamer / Tempest / Team fairness,2,27,27,0.9582653231241067,0.8656985701233051,0.7252589549925147,0.43485438032951235,69.48431810321594
ma_dreamer_symmetrical,ma_dreamer_symmetrical,MA-Dreamer / Tempest / Team fairness,2,28,28,0.9608701162974899,0.8605000426244994,0.7428798349283408,0.4258902619018435,51.524541256544836
ma_dreamer_symmetrical,ma_dreamer_symmetrical,MA-Dreamer / Tempest / Team fairness,2,29,29,0.9635377645385563,0.8325253000849416,0.7564255301001139,0.3808061426380262,63.08796884020806
ma_dreamer_symmetrical,ma_dreamer_symmetrical,MA-Dreamer / Tempest / Team fairness,2,30,30,0.9494201426687691,0.8407472485061087,0.6976304703724927,0.393512966352983,55.00974240330041
ma_dreamer_symmetrical,ma_dreamer_symmetrical,MA-Dreamer / Tempest / Team fairness,2,31,31,0.9471465854109196,0.7448915545294328,0.7331665037707463,0.26165824727442355,52.47344978367051
ma_dreamer_symmetrical,ma_dreamer_symmetrical,MA-Dreamer / Tempest / Team fairness,2,32,32,0.9494443651102803,0.838262307848371,0.7005852083941475,0.3896088781962891,43.37164653281763
ma_dreamer_symmetrical,ma_dreamer_symmetrical,MA-Dreamer / Tempest / Team fairness,2,33,33,0.9693062896558153,0.8294131416695109,0.7970592046190651,0.3759791190532475,55.78926242488239
ma_dreamer_symmetrical,ma_dreamer_symmetrical,MA-Dreamer / Tempest / Team fairness,2,34,34,0.9770743277720874,0.8831442512571231,0.8119515425189082,0.4665397381504168,63.79428724859086
ma_dreamer_symmetrical,ma_dreamer_symmetrical,MA-Dreamer / Tempest / Team fairness,2,35,35,0.9659821748198997,0.8270533347569847,0.7833532536849979,0.3724172324210165,40.14325878376949
ma_dreamer_symmetrical,ma_dreamer_symmetrical,MA-Dreamer / Tempest / Team fairness,2,36,36,0.9854471051766761,0.9507027547927035,0.8552628447130286,0.6290444556441845,57.09889577480429
ma_dreamer_symmetrical,ma_dreamer_symmetrical,MA-Dreamer / Tempest / Team fairness,2,37,37,0.9665935489050548,0.8586099488513763,0.7632685230832567,0.42268312257349705,63.837471856920516
ma_dreamer_symmetrical,ma_dreamer_symmetrical,MA-Dreamer / Tempest / Team fairness,2,38,38,0.9815635865606849,0.9241834764003034,0.8576293497230012,0.554702657490439,66.78376438266052
ma_dreamer_symmetrical,ma_dreamer_symmetrical,MA-Dreamer / Tempest / Team fairness,2,39,39,0.9689647823606471,0.853992197008091,0.7986669122357978,0.41494124208844996,74.73751067820905
ma_dreamer_symmetrical,ma_dreamer_symmetrical,MA-Dreamer / Tempest / Team fairness,2,40,40,0.9562129844289455,0.7898490515227448,0.7616643485812106,0.3194247933114003,62.21470709597047
ma_dreamer_symmetrical,ma_dreamer_symmetrical,MA-Dreamer / Tempest / Team fairness,2,41,41,0.9675968750733883,0.8699939420785321,0.7682791118812469,0.4424202281675467,59.26039660599022
ma_dreamer_symmetrical,ma_dreamer_symmetrical,MA-Dreamer / Tempest / Team fairness,2,42,42,0.9554903471219984,0.8455243645630733,0.718091324574789,0.4011240397373265,56.46472632598282
ma_dreamer_symmetrical,ma_dreamer_symmetrical,MA-Dreamer / Tempest / Team fairness,2,43,43,0.9707021523065523,0.8880233816093629,0.7886485524496095,0.4759054571237973,53.58380715036647
ma_dreamer_symmetrical,ma_dreamer_symmetrical,MA-Dreamer / Tempest / Team fairness,2,44,44,0.9794707344965086,0.896931329047911,0.8351515246494134,0.49366948453014525,52.05595610165939
ma_dreamer_symmetrical,ma_dreamer_symmetrical,MA-Dreamer / Tempest / Team fairness,2,45,45,0.9566244185069632,0.7759111553273417,0.7569586385930669,0.3008968877011527,54.03417889469797
ma_dreamer_symmetrical,ma_dreamer_symmetrical,MA-Dreamer / Tempest / Team fairness,2,46,46,0.9549399808966279,0.8346780248629245,0.714874136742548,0.3840434055380695,63.95532946377325
ma_dreamer_symmetrical,ma_dreamer_symmetrical,MA-Dreamer / Tempest / Team fairness,2,47,47,0.9567258971186228,0.7927354417306515,0.7346276357109766,0.32334462508808626,58.67245115326844
ma_dreamer_symmetrical,ma_dreamer_symmetrical,MA-Dreamer / Tempest / Team fairness,2,48,48,0.9531649244915111,0.7870154365303265,0.7374242523881173,0.31560386359802417,65.04831508978774
ma_dreamer_symmetrical,ma_dreamer_symmetrical,MA-Dreamer / Tempest / Team fairness,2,49,49,0.9640549407294632,0.881808111585205,0.7494351660132614,0.464015384435041,57.60539851282866
ma_dreamer_symmetrical,ma_dreamer_symmetrical,MA-Dreamer / Tempest / Team fairness,2,50,50,0.9632478849809498,0.8445402097036793,0.7551639772584536,0.3995407294803688,63.38639831555992
ma_dreamer_symmetrical,ma_dreamer_symmetrical,MA-Dreamer / Tempest / Team fairness,4,1,1,0.9357350712718481,0.598774480916045,0.6696268159498648,0.09401227160243386,52.70350201740304
ma_dreamer_symmetrical,ma_dreamer_symmetrical,MA-Dreamer / Tempest / Team fairness,4,2,2,0.931538560841432,0.7001093442562717,0.6095323124223468,0.12262563395458896,59.00992398174827
ma_dreamer_symmetrical,ma_dreamer_symmetrical,MA-Dreamer / Tempest / Team fairness,4,3,3,0.9300949648352504,0.7841774231663403,0.5656778101115162,0.19261249256405935,67.35520499104761
ma_dreamer_symmetrical,ma_dreamer_symmetrical,MA-Dreamer / Tempest / Team fairness,4,4,4,0.9418439451281265,0.7728255771665554,0.6067023709972379,0.17780888280361035,68.95621010683557
ma_dreamer_symmetrical,ma_dreamer_symmetrical,MA-Dreamer / Tempest / Team fairness,4,5,5,0.933689504121597,0.7879629362757393,0.5500834665995952,0.24269814002508963,65.544228402721
ma_dreamer_symmetrical,ma_dreamer_symmetrical,MA-Dreamer / Tempest / Team fairness,4,6,6,0.904410092931986,0.6919079594759633,0.5326769660064532,0.12111673161209166,80.39300756397633
ma_dreamer_symmetrical,ma_dreamer_symmetrical,MA-Dreamer / Tempest / Team fairness,4,7,7,0.9142119759694841,0.7407987524808709,0.5532590676154392,0.21551793823525062,59.289704048846865
ma_dreamer_symmetrical,ma_dreamer_symmetrical,MA-Dreamer / Tempest / Team fairness,4,8,8,0.912534628458381,0.6578688541852545,0.5813424187922982,0.13820611216791498,62.75951601322726
ma_dreamer_symmetrical,ma_dreamer_symmetrical,MA-Dreamer / Tempest / Team fairness,4,9,9,0.9402878737549578,0.8044197568540802,0.6059484549606535,0.23585105702690506,60.72085924055951
ma_dreamer_symmetrical,ma_dreamer_symmetrical,MA-Dreamer / Tempest / Team fairness,4,10,10,0.931185152952418,0.7292611758977076,0.5865212378675744,0.2206608131141117,59.72122752434747
ma_dreamer_symmetrical,ma_dreamer_symmetrical,MA-Dreamer / Tempest / Team fairness,4,11,11,0.9259527521409533,0.6876692510860308,0.5699604546134146,0.1925376679668306,79.7993138529334
ma_dreamer_symmetrical,ma_dreamer_symmetrical,MA-Dreamer / Tempest / Team fairness,4,12,12,0.945484882505214,0.8396861257559406,0.5917519442269743,0.28808039202661345,78.6802743965108
ma_dreamer_symmetrical,ma_dreamer_symmetrical,MA-Dreamer / Tempest / Team fairness,4,13,13,0.8913481731732884,0.6985333348913225,0.4737616000468148,0.18189607457240548,65.42660107016547
ma_dreamer_symmetrical,ma_dreamer_symmetrical,MA-Dreamer / Tempest / Team fairness,4,14,14,0.951979310015034,0.8314210442368696,0.6325160179053505,0.3374459960039676,71.3849598879317
ma_dreamer_symmetrical,ma_dreamer_symmetrical,MA-Dreamer / Tempest / Team fairness,4,15,15,0.9641962489047412,0.7740222921596357,0.7197347416439428,0.31127817887599163,60.28773561060738
ma_dreamer_symmetrical,ma_dreamer_symmetrical,MA-Dreamer / Tempest / Team fairness,4,16,16,0.9489696217608838,0.7763825780575683,0.6371789218649053,0.26883925271097786,63.81529300375723
ma_dreamer_symmetrical,ma_dreamer_symmetrical,MA-Dreamer / Tempest / Team fairness,4,17,17,0.9285907179365854,0.7685024602747184,0.5693640397096869,0.1564741981259509,70.4265851373959
ma_dreamer_symmetrical,ma_dreamer_symmetrical,MA-Dreamer / Tempest / Team fairness,4,18,18,0.8914363491901566,0.6854733360875019,0.48028227913034127,0.14179094507783574,77.03604942820475
ma_dreamer_symmetrical,ma_dreamer_symmetrical,MA-Dreamer / Tempest / Team fairness,4,19,19,0.9291506153294165,0.7178359204171898,0.5856350308654202,0.22548061939532843,61.09944610828775
ma_dreamer_symmetrical,ma_dreamer_symmetrical,MA-Dreamer / Tempest / Team fairness,4,20,20,0.9137546171535903,0.7356849831702246,0.554671956138062,0.18981320817251032,64.99900748239207
ma_dreamer_symmetrical,ma_dreamer_symmetrical,MA-Dreamer / Tempest / Team fairness,4,21,21,0.8998602025201653,0.6803814099735578,0.5467311631545935,0.21892484483270203,62.234826728707155
ma_dreamer_symmetrical,ma_dreamer_symmetrical,MA-Dreamer / Tempest / Team fairness,4,22,22,0.9224613217812866,0.7681977085562338,0.5636810543689651,0.133151208708775,62.59084406547695
ma_dreamer_symmetrical,ma_dreamer_symmetrical,MA-Dreamer / Tempest / Team fairness,4,23,23,0.9334376522417104,0.7105183603063399,0.6215183350297074,0.2590556188860847,59.29227994017921
ma_dreamer_symmetrical,ma_dreamer_symmetrical,MA-Dreamer / Tempest / Team fairness,4,24,24,0.9420460153709364,0.7832339933153996,0.6264822762111383,0.25503820986077097,67.55849050382433
ma_dreamer_symmetrical,ma_dreamer_symmetrical,MA-Dreamer / Tempest / Team fairness,4,25,25,0.9585623007827526,0.8599431361798912,0.6437680615116333,0.3529577239034393,77.830728289316
ma_dreamer_symmetrical,ma_dreamer_symmetrical,MA-Dreamer / Tempest / Team fairness,4,26,26,0.9354494793818999,0.7623691170334279,0.6162029891765111,0.24218998672186612,64.52106940193607
ma_dreamer_symmetrical,ma_dreamer_symmetrical,MA-Dreamer / Tempest / Team fairness,4,27,27,0.9076199365351926,0.6930257657039034,0.5254986422863415,0.1601578568942535,80.06960661019536
ma_dreamer_symmetrical,ma_dreamer_symmetrical,MA-Dreamer / Tempest / Team fairness,4,28,28,0.9262206319215935,0.7294448818053185,0.578924665650049,0.1548662936989246,60.689298372965794
ma_dreamer_symmetrical,ma_dreamer_symmetrical,MA-Dreamer / Tempest / Team fairness,4,29,29,0.916081610001875,0.779695844450777,0.512390006820601,0.1480424759878153,67.83350214424519
ma_dreamer_symmetrical,ma_dreamer_symmetrical,MA-Dreamer / Tempest / Team fairness,4,30,30,0.9122267059788601,0.7424297522821196,0.5421044765510971,0.12008422087964404,64.44057631036812
ma_dreamer_symmetrical,ma_dreamer_symmetrical,MA-Dreamer / Tempest / Team fairness,4,31,31,0.9226966721448654,0.5808878548164091,0.5921435926706201,0.14266086779333093,63.213328127245305
ma_dreamer_symmetrical,ma_dreamer_symmetrical,MA-Dreamer / Tempest / Team fairness,4,32,32,0.9527506887426717,0.7893961433244432,0.6531789919337482,0.27803484399602746,50.289818621704136
ma_dreamer_symmetrical,ma_dreamer_symmetrical,MA-Dreamer / Tempest / Team fairness,4,33,33,0.9394375623222008,0.7891493792317463,0.6041055233566502,0.21874253376751768,58.834981068764634
ma_dreamer_symmetrical,ma_dreamer_symmetrical,MA-Dreamer / Tempest / Team fairness,4,34,34,0.9340179392720397,0.7585335854853266,0.5905302643731739,0.24810542700178095,72.60734498259302
ma_dreamer_symmetrical,ma_dreamer_symmetrical,MA-Dreamer / Tempest / Team fairness,4,35,35,0.9475925966938996,0.7900562152929478,0.6481627906551823,0.29119273635558934,46.72838936668249
ma_dreamer_symmetrical,ma_dreamer_symmetrical,MA-Dreamer / Tempest / Team fairness,4,36,36,0.9328288453656213,0.719955090907125,0.6063433600045991,0.251092247263893,59.982116900817076
ma_dreamer_symmetrical,ma_dreamer_symmetrical,MA-Dreamer / Tempest / Team fairness,4,37,37,0.9528688377404959,0.8201814296547163,0.6455403491030991,0.30266056305034533,69.82194370827571
ma_dreamer_symmetrical,ma_dreamer_symmetrical,MA-Dreamer / Tempest / Team fairness,4,38,38,0.9275048480304198,0.8041325968117776,0.5448349371122515,0.2588677117299506,73.29436249606766
ma_dreamer_symmetrical,ma_dreamer_symmetrical,MA-Dreamer / Tempest / Team fairness,4,39,39,0.88061299426791,0.707649486902446,0.5028521612102509,0.14084071090192046,92.01971021150032
ma_dreamer_symmetrical,ma_dreamer_symmetrical,MA-Dreamer / Tempest / Team fairness,4,40,40,0.9209018789874878,0.7417749532408723,0.5536236300581785,0.17961978570481887,75.82441194330725
ma_dreamer_symmetrical,ma_dreamer_symmetrical,MA-Dreamer / Tempest / Team fairness,4,41,41,0.9511309544908005,0.8022483966198163,0.6441091908752108,0.23429824660178264,62.72657167106342
ma_dreamer_symmetrical,ma_dreamer_symmetrical,MA-Dreamer / Tempest / Team fairness,4,42,42,0.9492829388436348,0.8241378304088466,0.6205212899778536,0.2500672862610443,66.93939563658991
ma_dreamer_symmetrical,ma_dreamer_symmetrical,MA-Dreamer / Tempest / Team fairness,4,43,43,0.9307194985515567,0.7124102975566814,0.615043355345906,0.15652934807932392,58.609097191469125
ma_dreamer_symmetrical,ma_dreamer_symmetrical,MA-Dreamer / Tempest / Team fairness,4,44,44,0.9276141569392771,0.6819384535395846,0.5904667370990319,0.24405186573445506,55.76857740349701
ma_dreamer_symmetrical,ma_dreamer_symmetrical,MA-Dreamer / Tempest / Team fairness,4,45,45,0.9146756658229538,0.7531123812590741,0.5502614651041791,0.24171698226017865,64.65563972993311
ma_dreamer_symmetrical,ma_dreamer_symmetrical,MA-Dreamer / Tempest / Team fairness,4,46,46,0.89218044280396,0.6539906805728736,0.5232399775630161,0.17425679242886277,69.24005049599297
ma_dreamer_symmetrical,ma_dreamer_symmetrical,MA-Dreamer / Tempest / Team fairness,4,47,47,0.930743547770802,0.7727567330898611,0.5839720856181555,0.25328207628019167,65.77773239694218
ma_dreamer_symmetrical,ma_dreamer_symmetrical,MA-Dreamer / Tempest / Team fairness,4,48,48,0.8754588152954964,0.6388633964813365,0.4907145435032789,0.1635048833052601,75.04741847821839
ma_dreamer_symmetrical,ma_dreamer_symmetrical,MA-Dreamer / Tempest / Team fairness,4,49,49,0.9448840572363728,0.7242447062820602,0.6837824401381914,0.25867354904354356,61.39479019145223
ma_dreamer_symmetrical,ma_dreamer_symmetrical,MA-Dreamer / Tempest / Team fairness,4,50,50,0.9262765439912789,0.7201812292638705,0.57056819575461,0.23818714640534555,78.94616528758455
ma_dreamer_symmetrical,ma_dreamer_symmetrical,MA-Dreamer / Tempest / Team fairness,5,1,1,0.8945619927189326,0.6015231610423795,0.49651417414738624,0.12198751202197099,57.72652300944907
ma_dreamer_symmetrical,ma_dreamer_symmetrical,MA-Dreamer / Tempest / Team fairness,5,2,2,0.8508046002772212,0.5661547193114593,0.3880252042312669,0.12529915009879763,63.266225464851004
ma_dreamer_symmetrical,ma_dreamer_symmetrical,MA-Dreamer / Tempest / Team fairness,5,3,3,0.906152573139686,0.6651812523983303,0.5374276618726208,0.1518652402368338,72.83166972857215
ma_dreamer_symmetrical,ma_dreamer_symmetrical,MA-Dreamer / Tempest / Team fairness,5,4,4,0.9095933947730632,0.6170809925402236,0.5634741509680279,0.15229915801433383,72.70131823824076
ma_dreamer_symmetrical,ma_dreamer_symmetrical,MA-Dreamer / Tempest / Team fairness,5,5,5,0.8943918583510869,0.7309911692519568,0.46558772122924086,0.19930721029114243,80.40077012301383
ma_dreamer_symmetrical,ma_dreamer_symmetrical,MA-Dreamer / Tempest / Team fairness,5,6,6,0.8842472830418681,0.5650721459981953,0.4511785245966745,0.12026191655141644,95.74624474735133
ma_dreamer_symmetrical,ma_dreamer_symmetrical,MA-Dreamer / Tempest / Team fairness,5,7,7,0.9147292589438497,0.7085159879799157,0.5573100045561096,0.22381887382895455,68.95599462135199
ma_dreamer_symmetrical,ma_dreamer_symmetrical,MA-Dreamer / Tempest / Team fairness,5,8,8,0.892347087398154,0.5859510586711761,0.5223432398941503,0.1292262005113219,66.83114877489605
ma_dreamer_symmetrical,ma_dreamer_symmetrical,MA-Dreamer / Tempest / Team fairness,5,9,9,0.9150696615534138,0.7795743851848307,0.49466739506976326,0.2176443378039144,65.88557920856921
ma_dreamer_symmetrical,ma_dreamer_symmetrical,MA-Dreamer / Tempest / Team fairness,5,10,10,0.9260116245785551,0.7712840366401129,0.5458402001125716,0.24284414146532324,64.30252897268824
ma_dreamer_symmetrical,ma_dreamer_symmetrical,MA-Dreamer / Tempest / Team fairness,5,11,11,0.8989445402259385,0.7305874602181917,0.4937856809341588,0.19204125154604323,86.41295626199611
ma_dreamer_symmetrical,ma_dreamer_symmetrical,MA-Dreamer / Tempest / Team fairness,5,12,12,0.9319304088508621,0.7629181729489993,0.5523372046835487,0.21977706027718127,84.94642571529519
ma_dreamer_symmetrical,ma_dreamer_symmetrical,MA-Dreamer / Tempest / Team fairness,5,13,13,0.8761212304414463,0.6340971857080053,0.45473128243675875,0.1566271093295664,65.53951454581735
ma_dreamer_symmetrical,ma_dreamer_symmetrical,MA-Dreamer / Tempest / Team fairness,5,14,14,0.9223530114891022,0.7606603441608366,0.5175101834917409,0.14105754005171525,69.83866972713348
ma_dreamer_symmetrical,ma_dreamer_symmetrical,MA-Dreamer / Tempest / Team fairness,5,15,15,0.9329750948897519,0.7577946136827364,0.5791215548595943,0.18496192395739788,62.56489480935387
ma_dreamer_symmetrical,ma_dreamer_symmetrical,MA-Dreamer / Tempest / Team fairness,5,16,16,0.9345579305891735,0.7920008543404093,0.5746646429434829,0.2275007895684891,74.1350354219165
ma_dreamer_symmetrical,ma_dreamer_symmetrical,MA-Dreamer / Tempest / Team fairness,5,17,17,0.9045705222552478,0.7364274570498586,0.4963461479170337,0.20473268088699995,75.8338894638953
ma_dreamer_symmetrical,ma_dreamer_symmetrical,MA-Dreamer / Tempest / Team fairness,5,18,18,0.8753378719871828,0.6284362766389261,0.4934739174940742,0.14039389720476778,78.64097203354586
ma_dreamer_symmetrical,ma_dreamer_symmetrical,MA-Dreamer / Tempest / Team fairness,5,19,19,0.9187918221754815,0.7335915320861315,0.5255359226561345,0.1580658674679032,67.98533341875822
ma_dreamer_symmetrical,ma_dreamer_symmetrical,MA-Dreamer / Tempest / Team fairness,5,20,20,0.8873697854206019,0.7013214070216091,0.48102189496415787,0.14569315874572705,68.79657974290343
ma_dreamer_symmetrical,ma_dreamer_symmetrical,MA-Dreamer / Tempest / Team fairness,5,21,21,0.9182067550334864,0.7274759320165807,0.547880680935763,0.24972319747391167,66.31342772170314
ma_dreamer_symmetrical,ma_dreamer_symmetrical,MA-Dreamer / Tempest / Team fairness,5,22,22,0.9060419274262098,0.7041040968183402,0.5380193923875206,0.18630454578116346,65.3214815992277
ma_dreamer_symmetrical,ma_dreamer_symmetrical,MA-Dreamer / Tempest / Team fairness,5,23,23,0.9068654428358581,0.7550146999757072,0.4488910293515257,0.11815775080439643,67.75560430968716
ma_dreamer_symmetrical,ma_dreamer_symmetrical,MA-Dreamer / Tempest / Team fairness,5,24,24,0.9312770672852867,0.7386973417195534,0.5782709962454854,0.22800140681361117,73.19029331590414
ma_dreamer_symmetrical,ma_dreamer_symmetrical,MA-Dreamer / Tempest / Team fairness,5,25,25,0.9469027400502074,0.7937920517000422,0.6107907045240819,0.18131959493262936,85.09596846488421
ma_dreamer_symmetrical,ma_dreamer_symmetrical,MA-Dreamer / Tempest / Team fairness,5,26,26,0.9211967836510847,0.7185444942895362,0.5630435206478337,0.2248752770855152,72.0233528777889
ma_dreamer_symmetrical,ma_dreamer_symmetrical,MA-Dreamer / Tempest / Team fairness,5,27,27,0.9005964893794894,0.7435388110619681,0.4729032294219641,0.17535515483091432,91.28139728951258
ma_dreamer_symmetrical,ma_dreamer_symmetrical,MA-Dreamer / Tempest / Team fairness,5,28,28,0.8981259986193224,0.6798916313897152,0.5058024661236085,0.13883435570892622,62.16970664998528
ma_dreamer_symmetrical,ma_dreamer_symmetrical,MA-Dreamer / Tempest / Team fairness,5,29,29,0.8776975577112904,0.657476133546692,0.4325684408928629,0.15348378948432487,71.44192360917981
ma_dreamer_symmetrical,ma_dreamer_symmetrical,MA-Dreamer / Tempest / Team fairness,5,30,30,0.9246036108942968,0.7538177261587797,0.540442106137976,0.1884201018997404,70.80041526658542
ma_dreamer_symmetrical,ma_dreamer_symmetrical,MA-Dreamer / Tempest / Team fairness,5,31,31,0.8770089301702758,0.5465718460979635,0.50717938553709,0.11304671593129408,67.521976265819
ma_dreamer_symmetrical,ma_dreamer_symmetrical,MA-Dreamer / Tempest / Team fairness,5,32,32,0.9246711487745174,0.6278643496336925,0.5825461194133004,0.19793417342968236,55.81864797283656
ma_dreamer_symmetrical,ma_dreamer_symmetrical,MA-Dreamer / Tempest / Team fairness,5,33,33,0.932747344695653,0.8121704588697174,0.551468197115416,0.2023852252279167,60.71901773367917
ma_dreamer_symmetrical,ma_dreamer_symmetrical,MA-Dreamer / Tempest / Team fairness,5,34,34,0.9145514895126102,0.7424893412950094,0.5136713341585024,0.21411696673026437,76.91006513720319
ma_dreamer_symmetrical,ma_dreamer_symmetrical,MA-Dreamer / Tempest / Team fairness,5,35,35,0.9498896599442458,0.8060356529579079,0.6228952651103136,0.28318675262105253,52.38322631783926
ma_dreamer_symmetrical,ma_dreamer_symmetrical,MA-Dreamer / Tempest / Team fairness,5,36,36,0.8903157357687627,0.6725252329300204,0.49183276917266266,0.16147212325054586,63.055763218782275
ma_dreamer_symmetrical,ma_dreamer_symmetrical,MA-Dreamer / Tempest / Team fairness,5,37,37,0.858792725214845,0.6691615567082042,0.40334191567968297,0.15218983983095732,79.60212932206095
ma_dreamer_symmetrical,ma_dreamer_symmetrical,MA-Dreamer / Tempest / Team fairness,5,38,38,0.9111727568767735,0.7594344471966058,0.49778794064131876,0.14501817499140895,75.46498407513651
ma_dreamer_symmetrical,ma_dreamer_symmetrical,MA-Dreamer / Tempest / Team fairness,5,39,39,0.8772260433660999,0.663600265716649,0.47880984554369843,0.1698001775354966,103.16307550654578
ma_dreamer_symmetrical,ma_dreamer_symmetrical,MA-Dreamer / Tempest / Team fairness,5,40,40,0.9047549535431759,0.6521103310404597,0.5413257592515371,0.14802207062896322,78.87188556347931
ma_dreamer_symmetrical,ma_dreamer_symmetrical,MA-Dreamer / Tempest / Team fairness,5,41,41,0.9395956174948795,0.8137834975332839,0.5795272911300123,0.21378415292009084,65.10095175365481
ma_dreamer_symmetrical,ma_dreamer_symmetrical,MA-Dreamer / Tempest / Team fairness,5,42,42,0.9211747104310484,0.6952225971541799,0.5629289057195787,0.1843445817989175,71.18385099880814
ma_dreamer_symmetrical,ma_dreamer_symmetrical,MA-Dreamer / Tempest / Team fairness,5,43,43,0.900396197113112,0.5683401955844041,0.5171734761749356,0.10100038748887578,60.851722666820436
ma_dreamer_symmetrical,ma_dreamer_symmetrical,MA-Dreamer / Tempest / Team fairness,5,44,44,0.9393910481109599,0.806260860615,0.5823343485115997,0.2549167702600525,58.799113404246974
ma_dreamer_symmetrical,ma_dreamer_symmetrical,MA-Dreamer / Tempest / Team fairness,5,45,45,0.9018033772506578,0.679259737464541,0.5441607085433501,0.2114912939185081,71.57066620498568
ma_dreamer_symmetrical,ma_dreamer_symmetrical,MA-Dreamer / Tempest / Team fairness,5,46,46,0.887344020661831,0.6755001801475456,0.5297192692620718,0.20395847863948965,73.10603730351079
ma_dreamer_symmetrical,ma_dreamer_symmetrical,MA-Dreamer / Tempest / Team fairness,5,47,47,0.8898338502083524,0.68098945235725,0.5153754423925977,0.22754191356509287,72.17760133196789
ma_dreamer_symmetrical,ma_dreamer_symmetrical,MA-Dreamer / Tempest / Team fairness,5,48,48,0.8717816508760408,0.5517121619198674,0.4779175353410699,0.1099271537996493,93.45624582089366
ma_dreamer_symmetrical,ma_dreamer_symmetrical,MA-Dreamer / Tempest / Team fairness,5,49,49,0.9328508303852739,0.7919357768875311,0.5480999263864696,0.2243684580956522,66.9856407103501
ma_dreamer_symmetrical,ma_dreamer_symmetrical,MA-Dreamer / Tempest / Team fairness,5,50,50,0.8937650464566813,0.6909907435286916,0.4845023022877164,0.16520850040662244,84.06357000103382
ma_dreamer_symmetrical,ma_dreamer_symmetrical,MA-Dreamer / Tempest / Team fairness,7,1,1,0.8446759330311254,0.4619915049932147,0.4055336806604713,0.10327566350943783,59.7967138964952
ma_dreamer_symmetrical,ma_dreamer_symmetrical,MA-Dreamer / Tempest / Team fairness,7,2,2,0.8008571047841648,0.5645449464725912,0.36490903673665354,0.12018312362511305,64.54116949208849
ma_dreamer_symmetrical,ma_dreamer_symmetrical,MA-Dreamer / Tempest / Team fairness,7,3,3,0.8799631582655998,0.6681875101660781,0.4762999069350848,0.17212951120102812,78.35815258987209
ma_dreamer_symmetrical,ma_dreamer_symmetrical,MA-Dreamer / Tempest / Team fairness,7,4,4,0.909687866461748,0.6231619597981226,0.5129200659492706,0.1731354550634572,80.0267641347806
ma_dreamer_symmetrical,ma_dreamer_symmetrical,MA-Dreamer / Tempest / Team fairness,7,5,5,0.85932853505901,0.5985022286012681,0.4108622784399367,0.1598814757995429,91.04302788078692
ma_dreamer_symmetrical,ma_dreamer_symmetrical,MA-Dreamer / Tempest / Team fairness,7,6,6,0.8217782142172757,0.5707888031749435,0.37675793551718584,0.12704895635605362,102.1925827378543
ma_dreamer_symmetrical,ma_dreamer_symmetrical,MA-Dreamer / Tempest / Team fairness,7,7,7,0.8900798014060471,0.6480864576552154,0.4806262936958685,0.1925381886296487,82.39463246468704
ma_dreamer_symmetrical,ma_dreamer_symmetrical,MA-Dreamer / Tempest / Team fairness,7,8,8,0.8218415938905843,0.5366054276007982,0.3903168828691111,0.11789126598764951,88.27200551712924
ma_dreamer_symmetrical,ma_dreamer_symmetrical,MA-Dreamer / Tempest / Team fairness,7,9,9,0.8923095636149763,0.5649722544137433,0.48706660968390425,0.17835471615824805,78.28580376323453
ma_dreamer_symmetrical,ma_dreamer_symmetrical,MA-Dreamer / Tempest / Team fairness,7,10,10,0.9042244541557978,0.6876297348976561,0.49313050060578867,0.2308118663019029,69.31971661828179
ma_dreamer_symmetrical,ma_dreamer_symmetrical,MA-Dreamer / Tempest / Team fairness,7,11,11,0.849667531384055,0.629812378976472,0.4145560499441872,0.14294626685096634,99.88728667413889
ma_dreamer_symmetrical,ma_dreamer_symmetrical,MA-Dreamer / Tempest / Team fairness,7,12,12,0.9061901538985099,0.6601683022476549,0.4959954595531076,0.10453649627839963,121.89281353706058
ma_dreamer_symmetrical,ma_dreamer_symmetrical,MA-Dreamer / Tempest / Team fairness,7,13,13,0.8445876941154914,0.5575556135872219,0.41279065480459315,0.1552669160485753,73.02018417381638
ma_dreamer_symmetrical,ma_dreamer_symmetrical,MA-Dreamer / Tempest / Team fairness,7,14,14,0.9034110909684016,0.67856223500021,0.47829592396921666,0.12746728020485049,75.16359332037703
ma_dreamer_symmetrical,ma_dreamer_symmetrical,MA-Dreamer / Tempest / Team fairness,7,15,15,0.8865505375310363,0.6987519284983315,0.43548943179317956,0.1374505072296354,64.91984036681168
ma_dreamer_symmetrical,ma_dreamer_symmetrical,MA-Dreamer / Tempest / Team fairness,7,16,16,0.8937599209614588,0.679366511070254,0.46897616190399466,0.19161611360632172,76.91653660013854
ma_dreamer_symmetrical,ma_dreamer_symmetrical,MA-Dreamer / Tempest / Team fairness,7,17,17,0.8463104443859167,0.6570191390168159,0.3899662728587675,0.1662148775910461,87.47674424903947
ma_dreamer_symmetrical,ma_dreamer_symmetrical,MA-Dreamer / Tempest / Team fairness,7,18,18,0.8247278719670247,0.48172608925774113,0.4226188615917074,0.1260672302301059,85.90333319899516
ma_dreamer_symmetrical,ma_dreamer_symmetrical,MA-Dreamer / Tempest / Team fairness,7,19,19,0.90221180277717,0.7068351755491684,0.4797947367888516,0.17031858044124792,81.04510411591629
ma_dreamer_symmetrical,ma_dreamer_symmetrical,MA-Dreamer / Tempest / Team fairness,7,20,20,0.8979170201882973,0.7134697184454375,0.4484629688771851,0.1801918960189205,79.49306864356652
ma_dreamer_symmetrical,ma_dreamer_symmetrical,MA-Dreamer / Tempest / Team fairness,7,21,21,0.8745001875269619,0.591580766985048,0.47744976482325097,0.1777687775959574,74.98472979054334
ma_dreamer_symmetrical,ma_dreamer_symmetrical,MA-Dreamer / Tempest / Team fairness,7,22,22,0.9188499061273717,0.7123404018747305,0.5301667121871606,0.19295632588399203,73.96658567901099
ma_dreamer_symmetrical,ma_dreamer_symmetrical,MA-Dreamer / Tempest / Team fairness,7,23,23,0.880103426435408,0.6384646308851012,0.4608765554597776,0.12960270647671351,83.40404552835038
ma_dreamer_symmetrical,ma_dreamer_symmetrical,MA-Dreamer / Tempest / Team fairness,7,24,24,0.8932693841741072,0.6492710555674797,0.47868464777915154,0.1556319525995141,84.1111793524636
ma_dreamer_symmetrical,ma_dreamer_symmetrical,MA-Dreamer / Tempest / Team fairness,7,25,25,0.8898786522496115,0.6373878231552358,0.44830638594685507,0.1428378458149369,105.27082439831244
ma_dreamer_symmetrical,ma_dreamer_symmetrical,MA-Dreamer / Tempest / Team fairness,7,26,26,0.8846328539594106,0.6875988771839145,0.436294940013892,0.17947099337444425,74.95700716711822
ma_dreamer_symmetrical,ma_dreamer_symmetrical,MA-Dreamer / Tempest / Team fairness,7,27,27,0.8802476947206505,0.6961143582582887,0.4055714393746339,0.17624168484608133,109.80334871310649
ma_dreamer_symmetrical,ma_dreamer_symmetrical,MA-Dreamer / Tempest / Team fairness,7,28,28,0.8941674019699233,0.5688499925352032,0.4968779300166163,0.1059141868370117,70.38195576014698
ma_dreamer_symmetrical,ma_dreamer_symmetrical,MA-Dreamer / Tempest / Team fairness,7,29,29,0.8280273135572055,0.6188585820573682,0.3632795397567428,0.1517547448032245,84.46246355690448
ma_dreamer_symmetrical,ma_dreamer_symmetrical,MA-Dreamer / Tempest / Team fairness,7,30,30,0.9028719716470871,0.7274462929957342,0.4466902288051724,0.161941447390817,79.83237828588551
ma_dreamer_symmetrical,ma_dreamer_symmetrical,MA-Dreamer / Tempest / Team fairness,7,31,31,0.8713089243347149,0.5106478154909989,0.423151477648295,0.11707386537411596,82.60739507858138
ma_dreamer_symmetrical,ma_dreamer_symmetrical,MA-Dreamer / Tempest / Team fairness,7,32,32,0.8908858022547327,0.6921723497067791,0.4498463883211031,0.2127987797623099,61.4277428876545
ma_dreamer_symmetrical,ma_dreamer_symmetrical,MA-Dreamer / Tempest / Team fairness,7,33,33,0.8872318787078317,0.7214762020695145,0.44922548648980903,0.18348129758381088,63.65101949991021
ma_dreamer_symmetrical,ma_dreamer_symmetrical,MA-Dreamer / Tempest / Team fairness,7,34,34,0.8996208670496979,0.6650969860454412,0.48416358630676104,0.193704191829943,90.84680669164992
ma_dreamer_symmetrical,ma_dreamer_symmetrical,MA-Dreamer / Tempest / Team fairness,7,35,35,0.9199110035886342,0.7767794257391589,0.4936492222897162,0.26020741799585834,68.55482947074371
ma_dreamer_symmetrical,ma_dreamer_symmetrical,MA-Dreamer / Tempest / Team fairness,7,36,36,0.8733020652458537,0.6369552219835966,0.4323772379523884,0.14132899027662899,65.36236259120936
ma_dreamer_symmetrical,ma_dreamer_symmetrical,MA-Dreamer / Tempest / Team fairness,7,37,37,0.8566616750831912,0.6899109108246999,0.38452621772640855,0.20575180855803887,91.5863248265557
ma_dreamer_symmetrical,ma_dreamer_symmetrical,MA-Dreamer / Tempest / Team fairness,7,38,38,0.8580377335510456,0.573766315980251,0.44274246480320906,0.10316009160990366,79.80228168438869
ma_dreamer_symmetrical,ma_dreamer_symmetrical,MA-Dreamer / Tempest / Team fairness,7,39,39,0.8507564348774349,0.5096182231380365,0.4605555513897355,0.0934874154780638,128.35221675303958
ma_dreamer_symmetrical,ma_dreamer_symmetrical,MA-Dreamer / Tempest / Team fairness,7,40,40,0.8801920238152958,0.581041209596077,0.46391678894090804,0.11556824227410123,94.25431182162848
ma_dreamer_symmetrical,ma_dreamer_symmetrical,MA-Dreamer / Tempest / Team fairness,7,41,41,0.8928914531331126,0.6150939687991386,0.4607402217907007,0.17417575188862894,72.9900854048341
ma_dreamer_symmetrical,ma_dreamer_symmetrical,MA-Dreamer / Tempest / Team fairness,7,42,42,0.8638485003902576,0.5537638459616221,0.43809246752512865,0.11711382251324634,88.35271959186097
ma_dreamer_symmetrical,ma_dreamer_symmetrical,MA-Dreamer / Tempest / Team fairness,7,43,43,0.8815918439977452,0.6516906994020804,0.42386839672894183,0.15156063562382005,71.80586154701079
ma_dreamer_symmetrical,ma_dreamer_symmetrical,MA-Dreamer / Tempest / Team fairness,7,44,44,0.8968470185207248,0.643268511323786,0.47574689294843314,0.19201255114232307,63.764915643273085
ma_dreamer_symmetrical,ma_dreamer_symmetrical,MA-Dreamer / Tempest / Team fairness,7,45,45,0.9068461153474967,0.6549116154426363,0.500130398476737,0.19354292918989657,96.24764076653477
ma_dreamer_symmetrical,ma_dreamer_symmetrical,MA-Dreamer / Tempest / Team fairness,7,46,46,0.8723160719266533,0.6312976478953287,0.43941553419359025,0.16928503397088593,89.995764307306
ma_dreamer_symmetrical,ma_dreamer_symmetrical,MA-Dreamer / Tempest / Team fairness,7,47,47,0.8587286346675925,0.6299100635414441,0.4349400540193247,0.19301460388059843,76.95513370821338
ma_dreamer_symmetrical,ma_dreamer_symmetrical,MA-Dreamer / Tempest / Team fairness,7,48,48,0.8772084302455403,0.5491652384454394,0.4613125017973447,0.12796463267123553,102.91545703130393
ma_dreamer_symmetrical,ma_dreamer_symmetrical,MA-Dreamer / Tempest / Team fairness,7,49,49,0.8824894616305812,0.634532371388682,0.46697233594787557,0.142280117366273,89.10962388619053
ma_dreamer_symmetrical,ma_dreamer_symmetrical,MA-Dreamer / Tempest / Team fairness,7,50,50,0.8795341894701543,0.63463408871961,0.41560391713939415,0.15693215616825282,97.52091410035665
sa_dreamer_20260521-145020,sa_dreamer_20260521-145020,Single-Agent Dreamer / Tempest / Kalman,2,1,1,0.9370310781505888,0.8540043984631809,0.6390632106411133,0.41496377961952347,42.40276664079276
sa_dreamer_20260521-145020,sa_dreamer_20260521-145020,Single-Agent Dreamer / Tempest / Kalman,2,2,2,0.966672614310786,0.8820629655389579,0.7780994170471061,0.4651898502256262,55.59365275358814
sa_dreamer_20260521-145020,sa_dreamer_20260521-145020,Single-Agent Dreamer / Tempest / Kalman,2,3,3,0.9254964281886207,0.6130967492548106,0.6256586353284924,0.11458187800644279,56.27542966154299
sa_dreamer_20260521-145020,sa_dreamer_20260521-145020,Single-Agent Dreamer / Tempest / Kalman,2,4,4,0.8480655652464918,0.7022754268083348,0.44507976279542505,0.211307768297061,56.22641676146311
sa_dreamer_20260521-145020,sa_dreamer_20260521-145020,Single-Agent Dreamer / Tempest / Kalman,2,5,5,0.8011882281766345,0.6574458321086772,0.376966125680972,0.16155524697743828,51.55674946624019
sa_dreamer_20260521-145020,sa_dreamer_20260521-145020,Single-Agent Dreamer / Tempest / Kalman,2,6,6,0.8753341641311035,0.7745548404877611,0.48065355660611414,0.29912039510129623,64.2155046664777
sa_dreamer_20260521-145020,sa_dreamer_20260521-145020,Single-Agent Dreamer / Tempest / Kalman,2,7,7,0.9596624290665636,0.7991760210319465,0.7582396879254438,0.332190290884296,55.23140595881773
sa_dreamer_20260521-145020,sa_dreamer_20260521-145020,Single-Agent Dreamer / Tempest / Kalman,2,8,8,0.8912585785771826,0.6217752572000534,0.5492127489125037,0.1236367184848201,53.128872347474356
sa_dreamer_20260521-145020,sa_dreamer_20260521-145020,Single-Agent Dreamer / Tempest / Kalman,2,9,9,0.8531724373853878,0.6668333229179151,0.4478408757842889,0.17175769564676968,54.00253481665065
sa_dreamer_20260521-145020,sa_dreamer_20260521-145020,Single-Agent Dreamer / Tempest / Kalman,2,10,10,0.8879619065336773,0.7596289150531387,0.5306449518123793,0.27998111255948754,56.46228516896463
sa_dreamer_20260521-145020,sa_dreamer_20260521-145020,Single-Agent Dreamer / Tempest / Kalman,2,11,11,0.8615240044572455,0.7048755378083206,0.4720613522959203,0.2142828352237826,75.67598487658216
sa_dreamer_20260521-145020,sa_dreamer_20260521-145020,Single-Agent Dreamer / Tempest / Kalman,2,12,12,0.8566033400208622,0.6990271861261372,0.4549821237579596,0.20760525889354728,63.123926585285446
sa_dreamer_20260521-145020,sa_dreamer_20260521-145020,Single-Agent Dreamer / Tempest / Kalman,2,13,13,0.8244539198032421,0.648297394170547,0.4131393897617614,0.15171070334270048,53.637787826694606
sa_dreamer_20260521-145020,sa_dreamer_20260521-145020,Single-Agent Dreamer / Tempest / Kalman,2,14,14,0.7449539317410131,0.6215564776959815,0.2780250341882983,0.12340772052076471,61.62718781824931
sa_dreamer_20260521-145020,sa_dreamer_20260521-145020,Single-Agent Dreamer / Tempest / Kalman,2,15,15,0.965096764512532,0.8799397887636703,0.7663803063988671,0.46065260113980644,56.35163270594191
sa_dreamer_20260521-145020,sa_dreamer_20260521-145020,Single-Agent Dreamer / Tempest / Kalman,2,16,16,0.9148564602770197,0.7191312004211036,0.6194760719159594,0.23080447523818248,49.87275058369822
sa_dreamer_20260521-145020,sa_dreamer_20260521-145020,Single-Agent Dreamer / Tempest / Kalman,2,17,17,0.9259195671691841,0.8018774605276435,0.6177988484528453,0.3359485735230465,62.56805364656567
sa_dreamer_20260521-145020,sa_dreamer_20260521-145020,Single-Agent Dreamer / Tempest / Kalman,2,18,18,0.7685347393968175,0.6518461253887144,0.3057011507032988,0.15551886846978819,67.17652689482325
sa_dreamer_20260521-145020,sa_dreamer_20260521-145020,Single-Agent Dreamer / Tempest / Kalman,2,19,19,0.918030187534904,0.7011716155713567,0.6034756673870936,0.2100475616699253,56.45570449438339
sa_dreamer_20260521-145020,sa_dreamer_20260521-145020,Single-Agent Dreamer / Tempest / Kalman,2,20,20,0.7765738923701677,0.6507960887284739,0.3320597064244204,0.1543916475023876,57.54196677945541
sa_dreamer_20260521-145020,sa_dreamer_20260521-145020,Single-Agent Dreamer / Tempest / Kalman,2,21,21,0.803340289990164,0.6633636480296957,0.36929604315785886,0.16797294023982526,62.2472133964275
sa_dreamer_20260521-145020,sa_dreamer_20260521-145020,Single-Agent Dreamer / Tempest / Kalman,2,22,22,0.7808754111891301,0.6743656235137924,0.3192201290434817,0.18001608235079972,58.791871261633915
sa_dreamer_20260521-145020,sa_dreamer_20260521-145020,Single-Agent Dreamer / Tempest / Kalman,2,23,23,0.9268274828950648,0.7135676364321079,0.6574825876301799,0.22431363657022954,54.690840988695314
sa_dreamer_20260521-145020,sa_dreamer_20260521-145020,Single-Agent Dreamer / Tempest / Kalman,2,24,24,0.8805522067901778,0.746612341380659,0.5042808829715714,0.2637705898003507,53.760366368985714
sa_dreamer_20260521-145020,sa_dreamer_20260521-145020,Single-Agent Dreamer / Tempest / Kalman,2,25,25,0.8382320346614135,0.7145837686683827,0.4206659450586393,0.22553957420001508,63.15207534840596
sa_dreamer_20260521-145020,sa_dreamer_20260521-145020,Single-Agent Dreamer / Tempest / Kalman,2,26,26,0.9610983003282805,0.8275313226855576,0.7335945430361435,0.3731336529411032,59.6936772107854
sa_dreamer_20260521-145020,sa_dreamer_20260521-145020,Single-Agent Dreamer / Tempest / Kalman,2,27,27,0.862182760664435,0.723863299543644,0.4540361994377914,0.2363708184054136,70.26199959390917
sa_dreamer_20260521-145020,sa_dreamer_20260521-145020,Single-Agent Dreamer / Tempest / Kalman,2,28,28,0.9342658690290242,0.8103278059889939,0.6481793754893223,0.3478860407663731,51.23317017578176
sa_dreamer_20260521-145020,sa_dreamer_20260521-145020,Single-Agent Dreamer / Tempest / Kalman,2,29,29,0.8688053456917131,0.7183492526611048,0.4800245459130771,0.22988880359220817,62.12509856188761
sa_dreamer_20260521-145020,sa_dreamer_20260521-145020,Single-Agent Dreamer / Tempest / Kalman,2,30,30,0.8058000045445385,0.6510499724164358,0.36750518965421347,0.1546632005291593,54.83936325537257
sa_dreamer_20260521-145020,sa_dreamer_20260521-145020,Single-Agent Dreamer / Tempest / Kalman,2,31,31,0.8877024188274938,0.7370428143068981,0.5364902730691609,0.2521171912684227,51.27792244580466
sa_dreamer_20260521-145020,sa_dreamer_20260521-145020,Single-Agent Dreamer / Tempest / Kalman,2,32,32,0.9038576619255903,0.7601833147031458,0.5490734056920936,0.2806823656290247,43.24906464642196
sa_dreamer_20260521-145020,sa_dreamer_20260521-145020,Single-Agent Dreamer / Tempest / Kalman,2,33,33,0.8485780546320734,0.7075006771938864,0.45211877273234713,0.21729858879021655,55.79032887385709
sa_dreamer_20260521-145020,sa_dreamer_20260521-145020,Single-Agent Dreamer / Tempest / Kalman,2,34,34,0.7723208899383766,0.6573756955504767,0.3049639106421082,0.16147935860991788,60.15612482427177
sa_dreamer_20260521-145020,sa_dreamer_20260521-145020,Single-Agent Dreamer / Tempest / Kalman,2,35,35,0.9576229706054856,0.8463339946025471,0.7114235272648425,0.4024322192869064,40.07099280870007
sa_dreamer_20260521-145020,sa_dreamer_20260521-145020,Single-Agent Dreamer / Tempest / Kalman,2,36,36,0.8526185657975668,0.7030375371764029,0.46249389252220835,0.21217954834222333,56.45204018650574
sa_dreamer_20260521-145020,sa_dreamer_20260521-145020,Single-Agent Dreamer / Tempest / Kalman,2,37,37,0.8999951621752725,0.7973037280289434,0.5296249339029852,0.32960211202901785,65.5124540365512
sa_dreamer_20260521-145020,sa_dreamer_20260521-145020,Single-Agent Dreamer / Tempest / Kalman,2,38,38,0.8495864132132916,0.7301861443189573,0.45645212181684797,0.243878407941889,63.94290979691296
sa_dreamer_20260521-145020,sa_dreamer_20260521-145020,Single-Agent Dreamer / Tempest / Kalman,2,39,39,0.8571152603028677,0.6385091835276605,0.4888229948419132,0.1412735906290254,93.11209159100483
sa_dreamer_20260521-145020,sa_dreamer_20260521-145020,Single-Agent Dreamer / Tempest / Kalman,2,40,40,0.9124922866794976,0.779331185938902,0.5834723795069301,0.3053810246682801,62.16111336682816
sa_dreamer_20260521-145020,sa_dreamer_20260521-145020,Single-Agent Dreamer / Tempest / Kalman,2,41,41,0.8036903980361714,0.675685251146132,0.35869998255853,0.18147086701668322,49.28703066039138
sa_dreamer_20260521-145020,sa_dreamer_20260521-145020,Single-Agent Dreamer / Tempest / Kalman,2,42,42,0.8845591755754231,0.7407926828073808,0.5030901747777651,0.2566540145931043,57.11387401423528
sa_dreamer_20260521-145020,sa_dreamer_20260521-145020,Single-Agent Dreamer / Tempest / Kalman,2,43,43,0.8360880110846228,0.6210409403125143,0.4585597903208931,0.12286824996658299,53.07759306615423
sa_dreamer_20260521-145020,sa_dreamer_20260521-145020,Single-Agent Dreamer / Tempest / Kalman,2,44,44,0.8708897875202536,0.6990133341949056,0.49968801940401336,0.20758951410885662,52.18450057453318
sa_dreamer_20260521-145020,sa_dreamer_20260521-145020,Single-Agent Dreamer / Tempest / Kalman,2,45,45,0.9013717486547497,0.7494272509029347,0.5723506933064854,0.26724603022299465,55.701238699884826
sa_dreamer_20260521-145020,sa_dreamer_20260521-145020,Single-Agent Dreamer / Tempest / Kalman,2,46,46,0.7940094453544,0.6427462463644091,0.3514816824558377,0.1457808566101208,63.57851471335738
sa_dreamer_20260521-145020,sa_dreamer_20260521-145020,Single-Agent Dreamer / Tempest / Kalman,2,47,47,0.927351556148581,0.7482932743112166,0.6610819132080628,0.26584059818787276,58.258547717997715
sa_dreamer_20260521-145020,sa_dreamer_20260521-145020,Single-Agent Dreamer / Tempest / Kalman,2,48,48,0.8569366405871616,0.6383749061938805,0.46701750990974084,0.14113125326572237,65.7168065465736
sa_dreamer_20260521-145020,sa_dreamer_20260521-145020,Single-Agent Dreamer / Tempest / Kalman,2,49,49,0.947590507084065,0.8448165226416051,0.6895576072145946,0.39998535055404144,60.14435381818829
sa_dreamer_20260521-145020,sa_dreamer_20260521-145020,Single-Agent Dreamer / Tempest / Kalman,2,50,50,0.8582880812107707,0.7273405366167452,0.4541029378874621,0.24048919695112855,60.425052777617424
sa_dreamer_20260521-145020,sa_dreamer_20260521-145020,Single-Agent Dreamer / Tempest / Kalman,4,1,1,0.9243938048881698,0.81185769344392,0.5394192543114356,0.3070039535560813,55.074843669779135
sa_dreamer_20260521-145020,sa_dreamer_20260521-145020,Single-Agent Dreamer / Tempest / Kalman,4,2,2,0.9171374335619629,0.8086702894085325,0.5049753174664786,0.30294353705211946,57.59427099347896
sa_dreamer_20260521-145020,sa_dreamer_20260521-145020,Single-Agent Dreamer / Tempest / Kalman,4,3,3,0.7688640897816039,0.5954864207993726,0.31153285910461986,0.1608113039422794,75.93979437038506
sa_dreamer_20260521-145020,sa_dreamer_20260521-145020,Single-Agent Dreamer / Tempest / Kalman,4,4,4,0.8756206094066461,0.6504705380193415,0.4208649192985043,0.15212263477420235,82.10239352832846
sa_dreamer_20260521-145020,sa_dreamer_20260521-145020,Single-Agent Dreamer / Tempest / Kalman,4,5,5,0.7673923468968137,0.552212936116228,0.32179903691012596,0.1541250076883583,62.17047942943375
sa_dreamer_20260521-145020,sa_dreamer_20260521-145020,Single-Agent Dreamer / Tempest / Kalman,4,6,6,0.7521839539909981,0.510622794848618,0.2663476666915571,0.10131707645091803,88.47102162687511
sa_dreamer_20260521-145020,sa_dreamer_20260521-145020,Single-Agent Dreamer / Tempest / Kalman,4,7,7,0.9039870458236389,0.7575324932271119,0.45253451291678914,0.19411478804831847,82.91304202406175
sa_dreamer_20260521-145020,sa_dreamer_20260521-145020,Single-Agent Dreamer / Tempest / Kalman,4,8,8,0.8293731689080502,0.6083500398193954,0.35249024177473476,0.09294289695707846,95.22230831293044
sa_dreamer_20260521-145020,sa_dreamer_20260521-145020,Single-Agent Dreamer / Tempest / Kalman,4,9,9,0.8948936007546323,0.7769273118044837,0.45983284401483276,0.23884559289280324,58.932089023458104
sa_dreamer_20260521-145020,sa_dreamer_20260521-145020,Single-Agent Dreamer / Tempest / Kalman,4,10,10,0.8157958750434252,0.6794276246787234,0.33246931083684605,0.1696395445896687,65.28806745118813
sa_dreamer_20260521-145020,sa_dreamer_20260521-145020,Single-Agent Dreamer / Tempest / Kalman,4,11,11,0.813128931923111,0.6101508037456802,0.34811342176517984,0.16471909910104243,92.8951183884575
sa_dreamer_20260521-145020,sa_dreamer_20260521-145020,Single-Agent Dreamer / Tempest / Kalman,4,12,12,0.801198304588493,0.483344123423771,0.34787108458034466,0.09482231802402982,109.93141402944727
sa_dreamer_20260521-145020,sa_dreamer_20260521-145020,Single-Agent Dreamer / Tempest / Kalman,4,13,13,0.885363120815648,0.7297649742997716,0.42296786379784,0.1620613224175709,62.9356525605331
sa_dreamer_20260521-145020,sa_dreamer_20260521-145020,Single-Agent Dreamer / Tempest / Kalman,4,14,14,0.7802555268333763,0.5383280698698542,0.2968060118814141,0.10106409086246489,80.87681117295557
sa_dreamer_20260521-145020,sa_dreamer_20260521-145020,Single-Agent Dreamer / Tempest / Kalman,4,15,15,0.9008285245466262,0.74229128977594,0.48414331465173555,0.28923305364813845,58.11977552816879
sa_dreamer_20260521-145020,sa_dreamer_20260521-145020,Single-Agent Dreamer / Tempest / Kalman,4,16,16,0.8536646163916909,0.7042304215538798,0.3770751765514506,0.14079001707447905,65.53540459770421
sa_dreamer_20260521-145020,sa_dreamer_20260521-145020,Single-Agent Dreamer / Tempest / Kalman,4,17,17,0.7873267416225549,0.6018406292900215,0.2997065735369429,0.1417737017406636,75.70917192302643
sa_dreamer_20260521-145020,sa_dreamer_20260521-145020,Single-Agent Dreamer / Tempest / Kalman,4,18,18,0.6267732969589972,0.4525564443511511,0.17145094401119154,0.08026142122726233,77.81633169211973
sa_dreamer_20260521-145020,sa_dreamer_20260521-145020,Single-Agent Dreamer / Tempest / Kalman,4,19,19,0.7661247545951801,0.5872456285587512,0.3022490759613834,0.13636879624791962,71.18876649753649
sa_dreamer_20260521-145020,sa_dreamer_20260521-145020,Single-Agent Dreamer / Tempest / Kalman,4,20,20,0.7735540075338653,0.6234061719715067,0.324499148574006,0.1581338255547383,60.76624675332504
sa_dreamer_20260521-145020,sa_dreamer_20260521-145020,Single-Agent Dreamer / Tempest / Kalman,4,21,21,0.8538921078782592,0.687444300738051,0.41537505277200987,0.19520378632467214,71.36406746569874
sa_dreamer_20260521-145020,sa_dreamer_20260521-145020,Single-Agent Dreamer / Tempest / Kalman,4,22,22,0.9201764317351805,0.818411051558549,0.5050194123090929,0.26716685952611835,78.03996191953276
sa_dreamer_20260521-145020,sa_dreamer_20260521-145020,Single-Agent Dreamer / Tempest / Kalman,4,23,23,0.9261507095769713,0.811535640829376,0.529879140096733,0.269779712864489,65.54390195282896
sa_dreamer_20260521-145020,sa_dreamer_20260521-145020,Single-Agent Dreamer / Tempest / Kalman,4,24,24,0.9143609402192692,0.7376277557384205,0.5283447084439293,0.18747965555518842,72.55946769459013
sa_dreamer_20260521-145020,sa_dreamer_20260521-145020,Single-Agent Dreamer / Tempest / Kalman,4,25,25,0.7880616313689939,0.6468527320390615,0.3170464491068338,0.18981876335589426,76.1530126476847
sa_dreamer_20260521-145020,sa_dreamer_20260521-145020,Single-Agent Dreamer / Tempest / Kalman,4,26,26,0.8873721379136599,0.6980173834161895,0.4374922330613213,0.19046088002400025,80.40670146314994
sa_dreamer_20260521-145020,sa_dreamer_20260521-145020,Single-Agent Dreamer / Tempest / Kalman,4,27,27,0.7573563728418422,0.563244044832455,0.3048082240205349,0.13468476359156167,95.24344469145218
sa_dreamer_20260521-145020,sa_dreamer_20260521-145020,Single-Agent Dreamer / Tempest / Kalman,4,28,28,0.9286744118567947,0.7992443122506422,0.5425384093875528,0.19312706290565557,57.85820392387579
sa_dreamer_20260521-145020,sa_dreamer_20260521-145020,Single-Agent Dreamer / Tempest / Kalman,4,29,29,0.813071623413692,0.7039064605857328,0.29405135483774764,0.14676099638974602,67.00219750058251
sa_dreamer_20260521-145020,sa_dreamer_20260521-145020,Single-Agent Dreamer / Tempest / Kalman,4,30,30,0.7509822626551348,0.5806554355627751,0.29570596589629267,0.12592181218990867,71.94470382635632
sa_dreamer_20260521-145020,sa_dreamer_20260521-145020,Single-Agent Dreamer / Tempest / Kalman,4,31,31,0.8872118826991751,0.7819141784516388,0.43455708165178386,0.24988412640888777,56.5493655858936
sa_dreamer_20260521-145020,sa_dreamer_20260521-145020,Single-Agent Dreamer / Tempest / Kalman,4,32,32,0.8898756567608982,0.6865110707861486,0.4704732934317366,0.14739119793696248,75.85056700292348
sa_dreamer_20260521-145020,sa_dreamer_20260521-145020,Single-Agent Dreamer / Tempest / Kalman,4,33,33,0.7908028079689693,0.6593560253897299,0.3159673278646642,0.15601201352499902,56.714148932356615
sa_dreamer_20260521-145020,sa_dreamer_20260521-145020,Single-Agent Dreamer / Tempest / Kalman,4,34,34,0.7548541086501833,0.6366956801780262,0.2746219748344321,0.1467807548629493,73.53241043196911
sa_dreamer_20260521-145020,sa_dreamer_20260521-145020,Single-Agent Dreamer / Tempest / Kalman,4,35,35,0.8213776550773696,0.6233921377052081,0.3575754002156161,0.1529413753226773,59.512832733572374
sa_dreamer_20260521-145020,sa_dreamer_20260521-145020,Single-Agent Dreamer / Tempest / Kalman,4,36,36,0.8128527601517626,0.6801096836901727,0.3438105184421195,0.17343308266698895,57.654917856729305
sa_dreamer_20260521-145020,sa_dreamer_20260521-145020,Single-Agent Dreamer / Tempest / Kalman,4,37,37,0.8018589544612477,0.6142299071113889,0.3313247007617553,0.14454967905592866,75.54754263035393
sa_dreamer_20260521-145020,sa_dreamer_20260521-145020,Single-Agent Dreamer / Tempest / Kalman,4,38,38,0.7521620298140075,0.5940966421212129,0.3074921116965185,0.17671825450854833,82.80221292428783
sa_dreamer_20260521-145020,sa_dreamer_20260521-145020,Single-Agent Dreamer / Tempest / Kalman,4,39,39,0.7994525739887078,0.6142404411932031,0.36278522862419266,0.10961184404200715,145.73814916478563
sa_dreamer_20260521-145020,sa_dreamer_20260521-145020,Single-Agent Dreamer / Tempest / Kalman,4,40,40,0.7426949328793608,0.5672487328648673,0.26274132355408636,0.12429436576151225,91.33389494055672
sa_dreamer_20260521-145020,sa_dreamer_20260521-145020,Single-Agent Dreamer / Tempest / Kalman,4,41,41,0.8942811340504955,0.7793049111717185,0.45539144265458825,0.19633156879911212,54.614448482447905
sa_dreamer_20260521-145020,sa_dreamer_20260521-145020,Single-Agent Dreamer / Tempest / Kalman,4,42,42,0.818660828871809,0.5915200087368043,0.3604090674717981,0.12455649573831855,85.5818657574233
sa_dreamer_20260521-145020,sa_dreamer_20260521-145020,Single-Agent Dreamer / Tempest / Kalman,4,43,43,0.8815668137149568,0.7481712512623017,0.44304709372914997,0.16748882868939136,55.308912424812014
sa_dreamer_20260521-145020,sa_dreamer_20260521-145020,Single-Agent Dreamer / Tempest / Kalman,4,44,44,0.8326484490420945,0.6928312348106107,0.3948488911366883,0.21440559135797616,54.33182701735843
sa_dreamer_20260521-145020,sa_dreamer_20260521-145020,Single-Agent Dreamer / Tempest / Kalman,4,45,45,0.8671031287623763,0.6970490450050055,0.41379230253335225,0.19497008251102213,77.11386836114752
sa_dreamer_20260521-145020,sa_dreamer_20260521-145020,Single-Agent Dreamer / Tempest / Kalman,4,46,46,0.855262471708705,0.7392733433109046,0.3732108956123892,0.20440455842532942,70.40943408340802
sa_dreamer_20260521-145020,sa_dreamer_20260521-145020,Single-Agent Dreamer / Tempest / Kalman,4,47,47,0.8749112109804895,0.7014253008983914,0.3793370038806389,0.20435793786368112,77.98047951931258
sa_dreamer_20260521-145020,sa_dreamer_20260521-145020,Single-Agent Dreamer / Tempest / Kalman,4,48,48,0.8152505882949245,0.6675702118618126,0.3418551807054597,0.17145552744311837,91.99077005862006
sa_dreamer_20260521-145020,sa_dreamer_20260521-145020,Single-Agent Dreamer / Tempest / Kalman,4,49,49,0.849739994359921,0.6495486000070838,0.38290392567248127,0.16850319651607154,92.33880730037747
sa_dreamer_20260521-145020,sa_dreamer_20260521-145020,Single-Agent Dreamer / Tempest / Kalman,4,50,50,0.7477908090180144,0.543229837329521,0.2910731296061228,0.11770212894281554,73.18239472244905
sa_dreamer_20260521-145020,sa_dreamer_20260521-145020,Single-Agent Dreamer / Tempest / Kalman,5,1,1,0.9276085858976961,0.7776862715081703,0.5183342528121218,0.19992338533610143,55.854192219230335
sa_dreamer_20260521-145020,sa_dreamer_20260521-145020,Single-Agent Dreamer / Tempest / Kalman,5,2,2,0.9150498424656113,0.8031938022711194,0.47737925981300305,0.2683097825664952,59.1752723512904
sa_dreamer_20260521-145020,sa_dreamer_20260521-145020,Single-Agent Dreamer / Tempest / Kalman,5,3,3,0.7801338826327316,0.6073219067533914,0.3090280591941099,0.16386188790301426,81.27003926337208
sa_dreamer_20260521-145020,sa_dreamer_20260521-145020,Single-Agent Dreamer / Tempest / Kalman,5,4,4,0.8881960573821192,0.7386057697160234,0.4367057524379945,0.18253651856806408,84.07808267329098
sa_dreamer_20260521-145020,sa_dreamer_20260521-145020,Single-Agent Dreamer / Tempest / Kalman,5,5,5,0.7370513431179142,0.513866839622641,0.264671715034877,0.10749715542475274,75.54305558211796
sa_dreamer_20260521-145020,sa_dreamer_20260521-145020,Single-Agent Dreamer / Tempest / Kalman,5,6,6,0.6920696739107468,0.4876660399951375,0.2036126965391279,0.09053322251780395,91.5954802099038
sa_dreamer_20260521-145020,sa_dreamer_20260521-145020,Single-Agent Dreamer / Tempest / Kalman,5,7,7,0.8842983596577596,0.7531361752094634,0.42604670543428425,0.206640629167606,92.14569891335549
sa_dreamer_20260521-145020,sa_dreamer_20260521-145020,Single-Agent Dreamer / Tempest / Kalman,5,8,8,0.8025551438072331,0.645540150234559,0.30656987805898883,0.1381894880824879,85.66763886800459
sa_dreamer_20260521-145020,sa_dreamer_20260521-145020,Single-Agent Dreamer / Tempest / Kalman,5,9,9,0.8777330615622513,0.6818330361562097,0.4093399442085756,0.200074235967542,72.52095336760817
sa_dreamer_20260521-145020,sa_dreamer_20260521-145020,Single-Agent Dreamer / Tempest / Kalman,5,10,10,0.7788816957428318,0.6174072322704869,0.28275482020453047,0.10060668335671062,80.29124074844967
sa_dreamer_20260521-145020,sa_dreamer_20260521-145020,Single-Agent Dreamer / Tempest / Kalman,5,11,11,0.80945560044141,0.6116288726559602,0.33513642280233547,0.15065798916638315,96.76709478457327
sa_dreamer_20260521-145020,sa_dreamer_20260521-145020,Single-Agent Dreamer / Tempest / Kalman,5,12,12,0.8352932410215372,0.671451798366945,0.3429935033724862,0.13122568536466486,137.24551173261233
sa_dreamer_20260521-145020,sa_dreamer_20260521-145020,Single-Agent Dreamer / Tempest / Kalman,5,13,13,0.8739441709439489,0.6608700937908278,0.40732007986910435,0.1693945525770565,65.52046932504146
sa_dreamer_20260521-145020,sa_dreamer_20260521-145020,Single-Agent Dreamer / Tempest / Kalman,5,14,14,0.8088707588197072,0.6282355423777791,0.31385466408806684,0.1178077158868524,81.34775278982838
sa_dreamer_20260521-145020,sa_dreamer_20260521-145020,Single-Agent Dreamer / Tempest / Kalman,5,15,15,0.8949570617486684,0.7984439476156269,0.40336790902591546,0.2241258921982249,59.54465504070205
sa_dreamer_20260521-145020,sa_dreamer_20260521-145020,Single-Agent Dreamer / Tempest / Kalman,5,16,16,0.8765399349181003,0.7223890576759999,0.40833245005435903,0.14972932036867131,72.89813986763974
sa_dreamer_20260521-145020,sa_dreamer_20260521-145020,Single-Agent Dreamer / Tempest / Kalman,5,17,17,0.7554313190534416,0.6024382790172514,0.25860187974720406,0.1274834392391259,77.46960528260024
sa_dreamer_20260521-145020,sa_dreamer_20260521-145020,Single-Agent Dreamer / Tempest / Kalman,5,18,18,0.8029707616461456,0.590961368007249,0.2863616345024687,0.11497268218732767,78.88761554606972
sa_dreamer_20260521-145020,sa_dreamer_20260521-145020,Single-Agent Dreamer / Tempest / Kalman,5,19,19,0.8158179282656014,0.6775968057983971,0.31315635465246106,0.1495779667896691,88.63482263844844
sa_dreamer_20260521-145020,sa_dreamer_20260521-145020,Single-Agent Dreamer / Tempest / Kalman,5,20,20,0.748653474402613,0.5301505995250703,0.2982795530873527,0.11845136584822846,67.35259313592442
sa_dreamer_20260521-145020,sa_dreamer_20260521-145020,Single-Agent Dreamer / Tempest / Kalman,5,21,21,0.8370751064108798,0.6892379035035556,0.35723458679141235,0.15532231420563364,73.46473174955538
sa_dreamer_20260521-145020,sa_dreamer_20260521-145020,Single-Agent Dreamer / Tempest / Kalman,5,22,22,0.9209087250339352,0.7596058234664472,0.4969570159175245,0.19242692596917788,82.29911206367818
sa_dreamer_20260521-145020,sa_dreamer_20260521-145020,Single-Agent Dreamer / Tempest / Kalman,5,23,23,0.8881470539778739,0.6941149458607159,0.43085986684435684,0.15177228585080646,77.84767409550908
sa_dreamer_20260521-145020,sa_dreamer_20260521-145020,Single-Agent Dreamer / Tempest / Kalman,5,24,24,0.8708303478364164,0.6990816922625418,0.39280661401445643,0.17487089012815452,83.36136939317939
sa_dreamer_20260521-145020,sa_dreamer_20260521-145020,Single-Agent Dreamer / Tempest / Kalman,5,25,25,0.8000901385421388,0.6320445587045584,0.30405784088765303,0.1428784195569697,87.6563744120255
sa_dreamer_20260521-145020,sa_dreamer_20260521-145020,Single-Agent Dreamer / Tempest / Kalman,5,26,26,0.876036795141091,0.6804361331574075,0.4282411092508261,0.16099159084202233,83.66944997314687
sa_dreamer_20260521-145020,sa_dreamer_20260521-145020,Single-Agent Dreamer / Tempest / Kalman,5,27,27,0.7656984400446009,0.5167295943230507,0.27090452418346267,0.10852241633730376,103.96312822267483
sa_dreamer_20260521-145020,sa_dreamer_20260521-145020,Single-Agent Dreamer / Tempest / Kalman,5,28,28,0.8275418085275044,0.6594733599704046,0.34492363306301127,0.1321260488672099,64.75287107271883
sa_dreamer_20260521-145020,sa_dreamer_20260521-145020,Single-Agent Dreamer / Tempest / Kalman,5,29,29,0.7639662500382447,0.6057890330730605,0.28982169771685967,0.15365525411902534,69.55660876819991
sa_dreamer_20260521-145020,sa_dreamer_20260521-145020,Single-Agent Dreamer / Tempest / Kalman,5,30,30,0.7762548278371616,0.5471142928117869,0.31061970914725073,0.08231015772610539,100.34394556627915
sa_dreamer_20260521-145020,sa_dreamer_20260521-145020,Single-Agent Dreamer / Tempest / Kalman,5,31,31,0.8413198561860533,0.6725884192532761,0.34879324566257025,0.14342625719935664,70.35599610493975
sa_dreamer_20260521-145020,sa_dreamer_20260521-145020,Single-Agent Dreamer / Tempest / Kalman,5,32,32,0.8793134161943108,0.6108045810174475,0.4317371441653378,0.13267364049795013,73.6859049202437
sa_dreamer_20260521-145020,sa_dreamer_20260521-145020,Single-Agent Dreamer / Tempest / Kalman,5,33,33,0.7844150309073807,0.6130104494027329,0.3128753063774114,0.1712617646777733,57.37000830689557
sa_dreamer_20260521-145020,sa_dreamer_20260521-145020,Single-Agent Dreamer / Tempest / Kalman,5,34,34,0.77038495563267,0.5600382942287487,0.2619804206016883,0.12857126240421557,92.01437164086138
sa_dreamer_20260521-145020,sa_dreamer_20260521-145020,Single-Agent Dreamer / Tempest / Kalman,5,35,35,0.8608038760241379,0.6132412517027028,0.3879843782387878,0.10866581279081455,71.52563132600463
sa_dreamer_20260521-145020,sa_dreamer_20260521-145020,Single-Agent Dreamer / Tempest / Kalman,5,36,36,0.8728744353203046,0.7232716913205899,0.40227521855226495,0.22445146768676158,58.17564813576263
sa_dreamer_20260521-145020,sa_dreamer_20260521-145020,Single-Agent Dreamer / Tempest / Kalman,5,37,37,0.8196738123920638,0.6926886226706713,0.34359486201780964,0.1850251458169191,96.03639493167653
sa_dreamer_20260521-145020,sa_dreamer_20260521-145020,Single-Agent Dreamer / Tempest / Kalman,5,38,38,0.7832081070782116,0.5534350998402326,0.32582876828028823,0.13907048936544406,77.18961673066092
sa_dreamer_20260521-145020,sa_dreamer_20260521-145020,Single-Agent Dreamer / Tempest / Kalman,5,39,39,0.8156154639923078,0.5867991198176654,0.3202995898026959,0.09559715559178217,145.87936444844922
sa_dreamer_20260521-145020,sa_dreamer_20260521-145020,Single-Agent Dreamer / Tempest / Kalman,5,40,40,0.8034801374271412,0.5625201185940989,0.3090587693205327,0.11341113079818833,104.5108812907011
sa_dreamer_20260521-145020,sa_dreamer_20260521-145020,Single-Agent Dreamer / Tempest / Kalman,5,41,41,0.837331324401379,0.6610622129997149,0.3377955555389685,0.1745435298394582,78.36278368936235
sa_dreamer_20260521-145020,sa_dreamer_20260521-145020,Single-Agent Dreamer / Tempest / Kalman,5,42,42,0.7563426537452435,0.49990226471471094,0.26636488249022117,0.10675536273494468,97.68766034025651
sa_dreamer_20260521-145020,sa_dreamer_20260521-145020,Single-Agent Dreamer / Tempest / Kalman,5,43,43,0.8529580081376721,0.6305388156292168,0.3654666565298452,0.15035505946834798,65.87084779728903
sa_dreamer_20260521-145020,sa_dreamer_20260521-145020,Single-Agent Dreamer / Tempest / Kalman,5,44,44,0.8658522609365654,0.6949018563220883,0.4055895404824232,0.16208840030028857,65.0507478020177
sa_dreamer_20260521-145020,sa_dreamer_20260521-145020,Single-Agent Dreamer / Tempest / Kalman,5,45,45,0.8674819048742795,0.6655465577040923,0.4047678134880819,0.1751279434660854,94.6184414402276
sa_dreamer_20260521-145020,sa_dreamer_20260521-145020,Single-Agent Dreamer / Tempest / Kalman,5,46,46,0.9350981426431925,0.8421705996952304,0.4989685204334285,0.30468763669779664,73.14649434072115
sa_dreamer_20260521-145020,sa_dreamer_20260521-145020,Single-Agent Dreamer / Tempest / Kalman,5,47,47,0.7851182730059626,0.5706008329742351,0.3101935160506514,0.1222329586369058,88.6503203905613
sa_dreamer_20260521-145020,sa_dreamer_20260521-145020,Single-Agent Dreamer / Tempest / Kalman,5,48,48,0.826510228832769,0.6744811414504837,0.3312527629096109,0.13298129464836353,107.00650795720347
sa_dreamer_20260521-145020,sa_dreamer_20260521-145020,Single-Agent Dreamer / Tempest / Kalman,5,49,49,0.8649026854003591,0.6609986047223401,0.3905698455571853,0.1436122307326767,93.79951402763184
sa_dreamer_20260521-145020,sa_dreamer_20260521-145020,Single-Agent Dreamer / Tempest / Kalman,5,50,50,0.7395539245571172,0.5531678002794875,0.26152513990894843,0.11336228381693145,92.79033074366166
sa_dreamer_20260521-145020,sa_dreamer_20260521-145020,Single-Agent Dreamer / Tempest / Kalman,7,1,1,0.8881251952157466,0.640224271697671,0.40260464655232475,0.1105787294773488,58.721626253755694
sa_dreamer_20260521-145020,sa_dreamer_20260521-145020,Single-Agent Dreamer / Tempest / Kalman,7,2,2,0.9102087958166206,0.759545880513386,0.43206727666554284,0.19138600535964362,62.771086277106384
sa_dreamer_20260521-145020,sa_dreamer_20260521-145020,Single-Agent Dreamer / Tempest / Kalman,7,3,3,0.7929962487852051,0.5572127549534212,0.2923144348134852,0.11345825059324063,95.5640147741058
sa_dreamer_20260521-145020,sa_dreamer_20260521-145020,Single-Agent Dreamer / Tempest / Kalman,7,4,4,0.8813975417005508,0.7190634404052912,0.3715757443221404,0.1362524404224313,106.36040220564522
sa_dreamer_20260521-145020,sa_dreamer_20260521-145020,Single-Agent Dreamer / Tempest / Kalman,7,5,5,0.7612424406856598,0.5587381472216487,0.24501268068576887,0.07973857141883003,95.26033964109085
sa_dreamer_20260521-145020,sa_dreamer_20260521-145020,Single-Agent Dreamer / Tempest / Kalman,7,6,6,0.7515588856214309,0.4862415058133173,0.2285580459139164,0.06968676356480547,106.60011357325142
sa_dreamer_20260521-145020,sa_dreamer_20260521-145020,Single-Agent Dreamer / Tempest / Kalman,7,7,7,0.8249286137187253,0.48442054680872126,0.33280581987446484,0.09787240893612083,121.51158473278956
sa_dreamer_20260521-145020,sa_dreamer_20260521-145020,Single-Agent Dreamer / Tempest / Kalman,7,8,8,0.8222810803267367,0.550161429108009,0.3117314066123972,0.09493689049830013,90.82515790113095
sa_dreamer_20260521-145020,sa_dreamer_20260521-145020,Single-Agent Dreamer / Tempest / Kalman,7,9,9,0.8969484393204558,0.8012091102014697,0.40581704934614715,0.22284345719875998,82.77952197955574
sa_dreamer_20260521-145020,sa_dreamer_20260521-145020,Single-Agent Dreamer / Tempest / Kalman,7,10,10,0.8579984936899132,0.6910701840359198,0.3476344240176951,0.11310755284113139,93.28021132720667
sa_dreamer_20260521-145020,sa_dreamer_20260521-145020,Single-Agent Dreamer / Tempest / Kalman,7,11,11,0.8320893047309725,0.6600227420432734,0.3120204572375555,0.14470397896178297,106.03061135465614
sa_dreamer_20260521-145020,sa_dreamer_20260521-145020,Single-Agent Dreamer / Tempest / Kalman,7,12,12,0.7390488013521932,0.48503893844000306,0.21889146353638086,0.062301369307674596,141.78097434691105
sa_dreamer_20260521-145020,sa_dreamer_20260521-145020,Single-Agent Dreamer / Tempest / Kalman,7,13,13,0.7837377932096219,0.6145134208025624,0.2790870713514948,0.09169671082430648,69.09507396554562
sa_dreamer_20260521-145020,sa_dreamer_20260521-145020,Single-Agent Dreamer / Tempest / Kalman,7,14,14,0.8405156926636094,0.706253620451604,0.3227702473868331,0.12854080574440419,84.68120434514078
sa_dreamer_20260521-145020,sa_dreamer_20260521-145020,Single-Agent Dreamer / Tempest / Kalman,7,15,15,0.8342543500055414,0.7478464586107988,0.2993043232757476,0.19342267168214256,60.2771291182968
sa_dreamer_20260521-145020,sa_dreamer_20260521-145020,Single-Agent Dreamer / Tempest / Kalman,7,16,16,0.8458214769215228,0.6609562640429774,0.325077956695899,0.13615099978539758,75.65552866079922
sa_dreamer_20260521-145020,sa_dreamer_20260521-145020,Single-Agent Dreamer / Tempest / Kalman,7,17,17,0.7764348958739666,0.6075985879493839,0.2536862522305836,0.10145388978197006,94.35940792009123
sa_dreamer_20260521-145020,sa_dreamer_20260521-145020,Single-Agent Dreamer / Tempest / Kalman,7,18,18,0.848854332226486,0.7275596911421632,0.3087526138916499,0.1711350618664529,87.72335047739935
sa_dreamer_20260521-145020,sa_dreamer_20260521-145020,Single-Agent Dreamer / Tempest / Kalman,7,19,19,0.8511600308480051,0.6628087421879613,0.34010630328693137,0.11729475292979247,113.28746057777383
sa_dreamer_20260521-145020,sa_dreamer_20260521-145020,Single-Agent Dreamer / Tempest / Kalman,7,20,20,0.8254957003006795,0.5957336571753682,0.30903333940134853,0.0896488135098567,92.31852209801227
sa_dreamer_20260521-145020,sa_dreamer_20260521-145020,Single-Agent Dreamer / Tempest / Kalman,7,21,21,0.8196262122737872,0.6251532932098729,0.31977921154573097,0.13516676535435504,83.70250875156962
sa_dreamer_20260521-145020,sa_dreamer_20260521-145020,Single-Agent Dreamer / Tempest / Kalman,7,22,22,0.8934488456664963,0.7076760245443169,0.4174428717197897,0.16336109637409155,107.089363503801
sa_dreamer_20260521-145020,sa_dreamer_20260521-145020,Single-Agent Dreamer / Tempest / Kalman,7,23,23,0.8748091862187505,0.6915141253172563,0.3953842161943503,0.17304748884860136,90.8286514134346
sa_dreamer_20260521-145020,sa_dreamer_20260521-145020,Single-Agent Dreamer / Tempest / Kalman,7,24,24,0.8532711978733838,0.626713518203924,0.3387161497988817,0.1233950327142164,85.68257450248896
sa_dreamer_20260521-145020,sa_dreamer_20260521-145020,Single-Agent Dreamer / Tempest / Kalman,7,25,25,0.7918119876778231,0.5106308196680377,0.25885188391548153,0.0713313049245409,162.42007053881096
sa_dreamer_20260521-145020,sa_dreamer_20260521-145020,Single-Agent Dreamer / Tempest / Kalman,7,26,26,0.843349080238233,0.5321718787670833,0.34298692693671634,0.06999989993625338,118.4386785027915
sa_dreamer_20260521-145020,sa_dreamer_20260521-145020,Single-Agent Dreamer / Tempest / Kalman,7,27,27,0.7423023133520674,0.538490386914488,0.20816132395895232,0.061375291297978,174.63992243585076
sa_dreamer_20260521-145020,sa_dreamer_20260521-145020,Single-Agent Dreamer / Tempest / Kalman,7,28,28,0.8066918513623891,0.5490440009206856,0.3035676645161981,0.10313172825294316,69.43823236076769
sa_dreamer_20260521-145020,sa_dreamer_20260521-145020,Single-Agent Dreamer / Tempest / Kalman,7,29,29,0.8383033539223008,0.6670889976033154,0.320336636570519,0.10915175614757375,97.08060422183686
sa_dreamer_20260521-145020,sa_dreamer_20260521-145020,Single-Agent Dreamer / Tempest / Kalman,7,30,30,0.8537878865383266,0.6998609913949164,0.334234981865883,0.15569320033553188,97.54181106442911
sa_dreamer_20260521-145020,sa_dreamer_20260521-145020,Single-Agent Dreamer / Tempest / Kalman,7,31,31,0.9069707608959512,0.7405632115543495,0.4422711486514068,0.17883528649854388,77.42248218942461
sa_dreamer_20260521-145020,sa_dreamer_20260521-145020,Single-Agent Dreamer / Tempest / Kalman,7,32,32,0.887026269183818,0.6579388827012899,0.4121966000922764,0.13202775328247124,86.09156201247308
sa_dreamer_20260521-145020,sa_dreamer_20260521-145020,Single-Agent Dreamer / Tempest / Kalman,7,33,33,0.8100170736292885,0.597932283027407,0.30508861884049676,0.1058672715294939,62.81520860159814
sa_dreamer_20260521-145020,sa_dreamer_20260521-145020,Single-Agent Dreamer / Tempest / Kalman,7,34,34,0.8256966781323052,0.5988331232428368,0.3094728545383313,0.10480135970047033,135.22005613751617
sa_dreamer_20260521-145020,sa_dreamer_20260521-145020,Single-Agent Dreamer / Tempest / Kalman,7,35,35,0.8505762429682846,0.5737826749569921,0.3642821427444792,0.09954983304649752,98.27725271923464
sa_dreamer_20260521-145020,sa_dreamer_20260521-145020,Single-Agent Dreamer / Tempest / Kalman,7,36,36,0.8794110857571044,0.7286946496101362,0.3735872246076848,0.19296547351483231,61.014894839952305
sa_dreamer_20260521-145020,sa_dreamer_20260521-145020,Single-Agent Dreamer / Tempest / Kalman,7,37,37,0.8232123992111104,0.4816969740419552,0.3407507005149752,0.056154488164829944,148.4533064831558
sa_dreamer_20260521-145020,sa_dreamer_20260521-145020,Single-Agent Dreamer / Tempest / Kalman,7,38,38,0.7802403329912886,0.6541041386656271,0.2868798578809389,0.13134495650322203,90.04074963442677
sa_dreamer_20260521-145020,sa_dreamer_20260521-145020,Single-Agent Dreamer / Tempest / Kalman,7,39,39,0.7745403619340582,0.4919110830337723,0.25188468396734703,0.036679768928434,226.29323192415964
sa_dreamer_20260521-145020,sa_dreamer_20260521-145020,Single-Agent Dreamer / Tempest / Kalman,7,40,40,0.7836758161824892,0.5469957024775237,0.2506575351824004,0.06103256473960787,164.54587209930608
sa_dreamer_20260521-145020,sa_dreamer_20260521-145020,Single-Agent Dreamer / Tempest / Kalman,7,41,41,0.7950137384603844,0.6009969398770758,0.26867828754323436,0.09845622770948625,126.88499258502391
sa_dreamer_20260521-145020,sa_dreamer_20260521-145020,Single-Agent Dreamer / Tempest / Kalman,7,42,42,0.7876277191357748,0.554550264777955,0.28451283200731736,0.07675131560553966,106.05740385057075
sa_dreamer_20260521-145020,sa_dreamer_20260521-145020,Single-Agent Dreamer / Tempest / Kalman,7,43,43,0.7949808653282988,0.5631720636588767,0.285061788168645,0.1045125676786666,86.84580260618405
sa_dreamer_20260521-145020,sa_dreamer_20260521-145020,Single-Agent Dreamer / Tempest / Kalman,7,44,44,0.858844157934588,0.7088949666077187,0.3592698614348114,0.15787625590532867,82.75866784540054
sa_dreamer_20260521-145020,sa_dreamer_20260521-145020,Single-Agent Dreamer / Tempest / Kalman,7,45,45,0.8201440446595587,0.5691660768529389,0.29733297324285496,0.10409461163032586,139.49132300562732
sa_dreamer_20260521-145020,sa_dreamer_20260521-145020,Single-Agent Dreamer / Tempest / Kalman,7,46,46,0.778591701147048,0.5382660347523385,0.2846021755277258,0.09046308469620484,110.57033084023519
sa_dreamer_20260521-145020,sa_dreamer_20260521-145020,Single-Agent Dreamer / Tempest / Kalman,7,47,47,0.8217739951654459,0.6394377944595354,0.3052608478335749,0.13767701082157863,109.58600371050692
sa_dreamer_20260521-145020,sa_dreamer_20260521-145020,Single-Agent Dreamer / Tempest / Kalman,7,48,48,0.7700256712059305,0.5221656051565194,0.25794785498079675,0.09115674481297094,129.6439597480713
sa_dreamer_20260521-145020,sa_dreamer_20260521-145020,Single-Agent Dreamer / Tempest / Kalman,7,49,49,0.8753070059192324,0.6957520497157351,0.38313996507958564,0.15352358828912838,106.29968261635388
sa_dreamer_20260521-145020,sa_dreamer_20260521-145020,Single-Agent Dreamer / Tempest / Kalman,7,50,50,0.8176287930242059,0.6204872948647167,0.3028005071606634,0.12883806013882865,99.49916862527678
self_play_dreamer_20260525-152636,self_play_dreamer_20260525-152636,Self-Play Dreamer / Tempest Fairness / Staggered Flows,2,1,1,0.8434051872163142,0.6045184053509884,0.4933826643958963,0.10568582365688475,73.16543852376364
self_play_dreamer_20260525-152636,self_play_dreamer_20260525-152636,Self-Play Dreamer / Tempest Fairness / Staggered Flows,2,2,2,0.8326950849823203,0.6397148844520294,0.4354258304619586,0.14255436915032887,84.54609556694363
self_play_dreamer_20260525-152636,self_play_dreamer_20260525-152636,Self-Play Dreamer / Tempest Fairness / Staggered Flows,2,3,3,0.8600010145781257,0.6480288617445574,0.5005081819504094,0.15142300835494701,102.31445063733504
self_play_dreamer_20260525-152636,self_play_dreamer_20260525-152636,Self-Play Dreamer / Tempest Fairness / Staggered Flows,2,4,4,0.8889782374451859,0.6916802290518544,0.5469265067172694,0.19929349789092732,87.39294114788433
self_play_dreamer_20260525-152636,self_play_dreamer_20260525-152636,Self-Play Dreamer / Tempest Fairness / Staggered Flows,2,5,5,0.859898799041675,0.6187084304386821,0.5078438758697894,0.12043018404430789,83.74226305451374
self_play_dreamer_20260525-152636,self_play_dreamer_20260525-152636,Self-Play Dreamer / Tempest Fairness / Staggered Flows,2,6,6,0.7382333640894088,0.5722977783848568,0.28286334836998855,0.07267970331205849,107.63034279607152
self_play_dreamer_20260525-152636,self_play_dreamer_20260525-152636,Self-Play Dreamer / Tempest Fairness / Staggered Flows,2,7,7,0.9028497455149119,0.6507745767227038,0.6307260474918892,0.15436781522613144,81.63022797959997
self_play_dreamer_20260525-152636,self_play_dreamer_20260525-152636,Self-Play Dreamer / Tempest Fairness / Staggered Flows,2,8,8,0.8476307863010615,0.6225341485617123,0.48635776530627833,0.12443193093569613,93.04573097505519
self_play_dreamer_20260525-152636,self_play_dreamer_20260525-152636,Self-Play Dreamer / Tempest Fairness / Staggered Flows,2,9,9,0.8919397317388208,0.6086493908847607,0.5937867618365935,0.10996330830819288,85.8050219039612
self_play_dreamer_20260525-152636,self_play_dreamer_20260525-152636,Self-Play Dreamer / Tempest Fairness / Staggered Flows,2,10,10,0.7860219721261418,0.6534271279273823,0.34985625399539844,0.15721956832143427,77.57120499592537
self_play_dreamer_20260525-152636,self_play_dreamer_20260525-152636,Self-Play Dreamer / Tempest Fairness / Staggered Flows,2,11,11,0.8667522208595009,0.6438449014001477,0.5354148793727838,0.1469516457130221,93.3386696045295
self_play_dreamer_20260525-152636,self_play_dreamer_20260525-152636,Self-Play Dreamer / Tempest Fairness / Staggered Flows,2,12,12,0.8658378209815468,0.6322747062757911,0.5414247791819761,0.1346737788087211,102.93380983093961
self_play_dreamer_20260525-152636,self_play_dreamer_20260525-152636,Self-Play Dreamer / Tempest Fairness / Staggered Flows,2,13,13,0.8171531537532603,0.5669521270689115,0.4490375076485302,0.06725513883900151,84.57143146023684
self_play_dreamer_20260525-152636,self_play_dreamer_20260525-152636,Self-Play Dreamer / Tempest Fairness / Staggered Flows,2,14,14,0.7818186525103291,0.6016226775930791,0.35013072729765726,0.10269441733959675,92.1269651258313
self_play_dreamer_20260525-152636,self_play_dreamer_20260525-152636,Self-Play Dreamer / Tempest Fairness / Staggered Flows,2,15,15,0.8727001628130748,0.6695707602908765,0.5397197811352138,0.17474897772181272,81.79718226537099
self_play_dreamer_20260525-152636,self_play_dreamer_20260525-152636,Self-Play Dreamer / Tempest Fairness / Staggered Flows,2,16,16,0.79319767321648,0.5823171418841651,0.3685408654045592,0.0828826574435517,91.76497990740674
self_play_dreamer_20260525-152636,self_play_dreamer_20260525-152636,Self-Play Dreamer / Tempest Fairness / Staggered Flows,2,17,17,0.9048196028552312,0.7110278694732982,0.5959768031981489,0.22136949455352634,95.41284553680757
self_play_dreamer_20260525-152636,self_play_dreamer_20260525-152636,Self-Play Dreamer / Tempest Fairness / Staggered Flows,2,18,18,0.8106021476057391,0.6383457281455144,0.39878191518514927,0.14110139133537494,111.6383466391816
self_play_dreamer_20260525-152636,self_play_dreamer_20260525-152636,Self-Play Dreamer / Tempest Fairness / Staggered Flows,2,19,19,0.9006168885184703,0.6935634593229086,0.5891212236011781,0.2014165674654116,87.48665553952205
self_play_dreamer_20260525-152636,self_play_dreamer_20260525-152636,Self-Play Dreamer / Tempest Fairness / Staggered Flows,2,20,20,0.8161265731767317,0.5256984601103413,0.4318829796789134,0.02571545431187646,78.94302800612229
self_play_dreamer_20260525-152636,self_play_dreamer_20260525-152636,Self-Play Dreamer / Tempest Fairness / Staggered Flows,2,21,21,0.8568137075908147,0.6320926297666262,0.499423259001008,0.13448178124675247,79.43003291938464
self_play_dreamer_20260525-152636,self_play_dreamer_20260525-152636,Self-Play Dreamer / Tempest Fairness / Staggered Flows,2,22,22,0.7856326396931798,0.5350120674644258,0.3744990883402087,0.03505511449694066,104.20048206876857
self_play_dreamer_20260525-152636,self_play_dreamer_20260525-152636,Self-Play Dreamer / Tempest Fairness / Staggered Flows,2,23,23,0.8867814178821524,0.6285847765076069,0.5620117044709919,0.13078416384567979,91.87965582584275
self_play_dreamer_20260525-152636,self_play_dreamer_20260525-152636,Self-Play Dreamer / Tempest Fairness / Staggered Flows,2,24,24,0.8226774520155703,0.5892087148573026,0.48642512759308637,0.08993018503184651,95.40178386366627
self_play_dreamer_20260525-152636,self_play_dreamer_20260525-152636,Self-Play Dreamer / Tempest Fairness / Staggered Flows,2,25,25,0.8640917171868332,0.5455358908285615,0.5307639450668925,0.04563070391529967,113.60821193495936
self_play_dreamer_20260525-152636,self_play_dreamer_20260525-152636,Self-Play Dreamer / Tempest Fairness / Staggered Flows,2,26,26,0.8367522529111454,0.6096230471154187,0.45973474976570816,0.11097305760836096,85.69737216588035
self_play_dreamer_20260525-152636,self_play_dreamer_20260525-152636,Self-Play Dreamer / Tempest Fairness / Staggered Flows,2,27,27,0.8293223122280172,0.5970670677418594,0.42266777736029215,0.09799936047039544,106.39062140250635
self_play_dreamer_20260525-152636,self_play_dreamer_20260525-152636,Self-Play Dreamer / Tempest Fairness / Staggered Flows,2,28,28,0.7785000945112112,0.5700212001587195,0.35699958031374684,0.07036792039398056,71.63717905534793
self_play_dreamer_20260525-152636,self_play_dreamer_20260525-152636,Self-Play Dreamer / Tempest Fairness / Staggered Flows,2,29,29,0.8137073482109816,0.601474808092305,0.4137253753691227,0.10254289867935508,100.32554630941604
self_play_dreamer_20260525-152636,self_play_dreamer_20260525-152636,Self-Play Dreamer / Tempest Fairness / Staggered Flows,2,30,30,0.8260772155318074,0.6166921572013851,0.44071790447357967,0.11832607632056678,76.90336476129046
self_play_dreamer_20260525-152636,self_play_dreamer_20260525-152636,Self-Play Dreamer / Tempest Fairness / Staggered Flows,2,31,31,0.8788567780623414,0.6717529838939028,0.5525654695298639,0.17714262969040687,69.38191099800694
self_play_dreamer_20260525-152636,self_play_dreamer_20260525-152636,Self-Play Dreamer / Tempest Fairness / Staggered Flows,2,32,32,0.8425513993022463,0.621949249303279,0.4652083014104463,0.1238192218582338,77.74392829139899
self_play_dreamer_20260525-152636,self_play_dreamer_20260525-152636,Self-Play Dreamer / Tempest Fairness / Staggered Flows,2,33,33,0.7899685344356052,0.6103243030185157,0.37580296551105663,0.1117009719913926,81.45886983443879
self_play_dreamer_20260525-152636,self_play_dreamer_20260525-152636,Self-Play Dreamer / Tempest Fairness / Staggered Flows,2,34,34,0.8519125890671805,0.6484809535476955,0.4644908395397256,0.1519093342940673,102.98672836759076
self_play_dreamer_20260525-152636,self_play_dreamer_20260525-152636,Self-Play Dreamer / Tempest Fairness / Staggered Flows,2,35,35,0.8750273103623553,0.6333894885902631,0.5449770946494917,0.13585140639826157,66.36105915278891
self_play_dreamer_20260525-152636,self_play_dreamer_20260525-152636,Self-Play Dreamer / Tempest Fairness / Staggered Flows,2,36,36,0.7962683923063438,0.6071065095179775,0.36826486307812595,0.1083642419931063,92.2183302928226
self_play_dreamer_20260525-152636,self_play_dreamer_20260525-152636,Self-Play Dreamer / Tempest Fairness / Staggered Flows,2,37,37,0.8683171783135236,0.518866814241801,0.5477731820605425,0.01887353479600657,94.56507098014512
self_play_dreamer_20260525-152636,self_play_dreamer_20260525-152636,Self-Play Dreamer / Tempest Fairness / Staggered Flows,2,38,38,0.876235882428291,0.6957208445479114,0.5298606290923277,0.2038544055584773,93.60300686855423
self_play_dreamer_20260525-152636,self_play_dreamer_20260525-152636,Self-Play Dreamer / Tempest Fairness / Staggered Flows,2,39,39,0.9242612779543447,0.6867162573253505,0.6723027827027697,0.19372538999495195,106.69188746084899
self_play_dreamer_20260525-152636,self_play_dreamer_20260525-152636,Self-Play Dreamer / Tempest Fairness / Staggered Flows,2,40,40,0.8911612580504172,0.6307003023211566,0.5952100574379315,0.13301288308740988,112.56068025654406
self_play_dreamer_20260525-152636,self_play_dreamer_20260525-152636,Self-Play Dreamer / Tempest Fairness / Staggered Flows,2,41,41,0.7683604496532426,0.5631964097538226,0.3314914144737088,0.06345084276963013,81.08688548324908
self_play_dreamer_20260525-152636,self_play_dreamer_20260525-152636,Self-Play Dreamer / Tempest Fairness / Staggered Flows,2,42,42,0.8770413675047081,0.6454705165899698,0.5318025913737195,0.14868658442399724,91.18942717844115
self_play_dreamer_20260525-152636,self_play_dreamer_20260525-152636,Self-Play Dreamer / Tempest Fairness / Staggered Flows,2,43,43,0.8907666939720877,0.6504145059225881,0.6120975781385689,0.1539811491486653,78.50027690411838
self_play_dreamer_20260525-152636,self_play_dreamer_20260525-152636,Self-Play Dreamer / Tempest Fairness / Staggered Flows,2,44,44,0.8692437356438921,0.6639467286559232,0.5224473583746413,0.168607485680112,83.63461676853866
self_play_dreamer_20260525-152636,self_play_dreamer_20260525-152636,Self-Play Dreamer / Tempest Fairness / Staggered Flows,2,45,45,0.8914481029492656,0.6876159804341572,0.5613685143548696,0.19473839358140307,83.36430260752252
self_play_dreamer_20260525-152636,self_play_dreamer_20260525-152636,Self-Play Dreamer / Tempest Fairness / Staggered Flows,2,46,46,0.857770259883259,0.6581578226843783,0.5070498957491609,0.1623252066333164,91.5851980452264
self_play_dreamer_20260525-152636,self_play_dreamer_20260525-152636,Self-Play Dreamer / Tempest Fairness / Staggered Flows,2,47,47,0.8768705523297725,0.6566622859957872,0.5548390149424743,0.16070843454333553,89.86522783422306
self_play_dreamer_20260525-152636,self_play_dreamer_20260525-152636,Self-Play Dreamer / Tempest Fairness / Staggered Flows,2,48,48,0.9112053849828855,0.527348864479133,0.6455034443836176,0.027369431493364047,106.46097849172895
self_play_dreamer_20260525-152636,self_play_dreamer_20260525-152636,Self-Play Dreamer / Tempest Fairness / Staggered Flows,2,49,49,0.8661570358333525,0.6381081575532813,0.5281390440674254,0.14084799198461637,92.40891756964209
self_play_dreamer_20260525-152636,self_play_dreamer_20260525-152636,Self-Play Dreamer / Tempest Fairness / Staggered Flows,2,50,50,0.8039028365649975,0.5179632370345553,0.42001402642195296,0.017969042050821782,95.76057182839591
self_play_dreamer_20260525-152636,self_play_dreamer_20260525-152636,Self-Play Dreamer / Tempest Fairness / Staggered Flows,4,1,1,0.8129208947898068,0.4977665005728655,0.40118971753154636,0.09599082915539678,72.49877379621499
self_play_dreamer_20260525-152636,self_play_dreamer_20260525-152636,Self-Play Dreamer / Tempest Fairness / Staggered Flows,4,2,2,0.846150988504164,0.5421295847810319,0.4290798595227848,0.1008095135284947,86.27140969431446
self_play_dreamer_20260525-152636,self_play_dreamer_20260525-152636,Self-Play Dreamer / Tempest Fairness / Staggered Flows,4,3,3,0.7567442941013884,0.4432100325290996,0.28965204211999745,0.023506766983995557,108.85845566981686
self_play_dreamer_20260525-152636,self_play_dreamer_20260525-152636,Self-Play Dreamer / Tempest Fairness / Staggered Flows,4,4,4,0.8902100596345449,0.7013357144867544,0.45550516236633354,0.13588730274807737,110.48596855537758
self_play_dreamer_20260525-152636,self_play_dreamer_20260525-152636,Self-Play Dreamer / Tempest Fairness / Staggered Flows,4,5,5,0.8182131562860634,0.5294385521186562,0.3969899048922645,0.05236459491004317,102.6037843439757
self_play_dreamer_20260525-152636,self_play_dreamer_20260525-152636,Self-Play Dreamer / Tempest Fairness / Staggered Flows,4,6,6,0.7680626109461813,0.47940459295894483,0.28330847963739036,0.06671322707838477,116.77581462707302
self_play_dreamer_20260525-152636,self_play_dreamer_20260525-152636,Self-Play Dreamer / Tempest Fairness / Staggered Flows,4,7,7,0.8977545793140185,0.6175755183748481,0.5444400030151048,0.17122781955925984,100.22004129915665
self_play_dreamer_20260525-152636,self_play_dreamer_20260525-152636,Self-Play Dreamer / Tempest Fairness / Staggered Flows,4,8,8,0.8445443305111072,0.5523606890593786,0.4065632353969414,0.07915630211920398,95.92144362129117
self_play_dreamer_20260525-152636,self_play_dreamer_20260525-152636,Self-Play Dreamer / Tempest Fairness / Staggered Flows,4,9,9,0.8341142106138025,0.5480449194057779,0.3692462973011543,0.08123966981021584,123.36182363244839
self_play_dreamer_20260525-152636,self_play_dreamer_20260525-152636,Self-Play Dreamer / Tempest Fairness / Staggered Flows,4,10,10,0.8580809210814175,0.5898971382327605,0.40878659483120333,0.08672453293686268,85.20267816300394
self_play_dreamer_20260525-152636,self_play_dreamer_20260525-152636,Self-Play Dreamer / Tempest Fairness / Staggered Flows,4,11,11,0.8203433233589863,0.5469333450306856,0.35800365757845154,0.10162915051265732,118.0077198492558
self_play_dreamer_20260525-152636,self_play_dreamer_20260525-152636,Self-Play Dreamer / Tempest Fairness / Staggered Flows,4,12,12,0.8140477255720989,0.43166268668947627,0.3796796072043655,0.06739473544616363,143.42626985344495
self_play_dreamer_20260525-152636,self_play_dreamer_20260525-152636,Self-Play Dreamer / Tempest Fairness / Staggered Flows,4,13,13,0.8064193984263646,0.4863481035190478,0.357967822708607,0.09069781538295316,87.22667306938028
self_play_dreamer_20260525-152636,self_play_dreamer_20260525-152636,Self-Play Dreamer / Tempest Fairness / Staggered Flows,4,14,14,0.802247759511975,0.4978071715654355,0.3658507040370677,0.08834541376012899,100.69643404686207
self_play_dreamer_20260525-152636,self_play_dreamer_20260525-152636,Self-Play Dreamer / Tempest Fairness / Staggered Flows,4,15,15,0.8486598766205703,0.5687264861587861,0.46440374172743193,0.13655728734648506,86.57033545724578
self_play_dreamer_20260525-152636,self_play_dreamer_20260525-152636,Self-Play Dreamer / Tempest Fairness / Staggered Flows,4,16,16,0.8266261798524313,0.5698901183489223,0.3561762287795016,0.08756371930437638,102.59481487052653
self_play_dreamer_20260525-152636,self_play_dreamer_20260525-152636,Self-Play Dreamer / Tempest Fairness / Staggered Flows,4,17,17,0.7578810574489878,0.4540596217482012,0.3006060429659897,0.06591586906581716,108.6973442010526
self_play_dreamer_20260525-152636,self_play_dreamer_20260525-152636,Self-Play Dreamer / Tempest Fairness / Staggered Flows,4,18,18,0.8823649524496311,0.5960191809426516,0.4674682416367703,0.15186508044409475,105.3595869940565
self_play_dreamer_20260525-152636,self_play_dreamer_20260525-152636,Self-Play Dreamer / Tempest Fairness / Staggered Flows,4,19,19,0.848115850197411,0.6196303650081223,0.4083398189419796,0.09846724446112896,118.02002296695588
self_play_dreamer_20260525-152636,self_play_dreamer_20260525-152636,Self-Play Dreamer / Tempest Fairness / Staggered Flows,4,20,20,0.7793407361405621,0.47232938883013537,0.3229108405203248,0.09362907066534355,87.98435514411334
self_play_dreamer_20260525-152636,self_play_dreamer_20260525-152636,Self-Play Dreamer / Tempest Fairness / Staggered Flows,4,21,21,0.7684291035300309,0.4761809934177552,0.31641237109180564,0.044305890138061195,99.3804689843953
self_play_dreamer_20260525-152636,self_play_dreamer_20260525-152636,Self-Play Dreamer / Tempest Fairness / Staggered Flows,4,22,22,0.8507377933628041,0.5268425412556053,0.44360916038547904,0.06312853421600363,110.99861372621007
self_play_dreamer_20260525-152636,self_play_dreamer_20260525-152636,Self-Play Dreamer / Tempest Fairness / Staggered Flows,4,23,23,0.9085706936887332,0.698780440760894,0.5058803751689671,0.17844099212751027,100.21148030098854
self_play_dreamer_20260525-152636,self_play_dreamer_20260525-152636,Self-Play Dreamer / Tempest Fairness / Staggered Flows,4,24,24,0.8093360701993889,0.5714172596392845,0.3486241409482129,0.06989398202905221,94.75149855455686
self_play_dreamer_20260525-152636,self_play_dreamer_20260525-152636,Self-Play Dreamer / Tempest Fairness / Staggered Flows,4,25,25,0.8007562817378914,0.48281597268839976,0.3396814618216409,0.05203823894850367,123.12281236202168
self_play_dreamer_20260525-152636,self_play_dreamer_20260525-152636,Self-Play Dreamer / Tempest Fairness / Staggered Flows,4,26,26,0.7813282868291225,0.41011465746617015,0.3688703235948692,0.013527092394644077,106.78625203409311
self_play_dreamer_20260525-152636,self_play_dreamer_20260525-152636,Self-Play Dreamer / Tempest Fairness / Staggered Flows,4,27,27,0.8091451993827008,0.5037171519423963,0.35432532175689946,0.07522712737404738,119.77982900085613
self_play_dreamer_20260525-152636,self_play_dreamer_20260525-152636,Self-Play Dreamer / Tempest Fairness / Staggered Flows,4,28,28,0.7945265836871622,0.433909586289678,0.35557900196714587,0.019908902670087558,92.77588472722908
self_play_dreamer_20260525-152636,self_play_dreamer_20260525-152636,Self-Play Dreamer / Tempest Fairness / Staggered Flows,4,29,29,0.756709263688544,0.47973821039603004,0.31687636794313956,0.08910129171670039,110.97766814334096
self_play_dreamer_20260525-152636,self_play_dreamer_20260525-152636,Self-Play Dreamer / Tempest Fairness / Staggered Flows,4,30,30,0.822260376046664,0.5617864019894949,0.355775667381302,0.06793145561062006,100.71275354450569
self_play_dreamer_20260525-152636,self_play_dreamer_20260525-152636,Self-Play Dreamer / Tempest Fairness / Staggered Flows,4,31,31,0.8799375224936263,0.6789731555380515,0.4771073254464495,0.18015185734746045,75.80543130877555
self_play_dreamer_20260525-152636,self_play_dreamer_20260525-152636,Self-Play Dreamer / Tempest Fairness / Staggered Flows,4,32,32,0.8540139606240573,0.5580537725431379,0.48140684239711257,0.12825234243846093,85.5260754457837
self_play_dreamer_20260525-152636,self_play_dreamer_20260525-152636,Self-Play Dreamer / Tempest Fairness / Staggered Flows,4,33,33,0.7284976045709087,0.42122723465632445,0.291203051535657,0.06728178743967594,80.63471494409646
self_play_dreamer_20260525-152636,self_play_dreamer_20260525-152636,Self-Play Dreamer / Tempest Fairness / Staggered Flows,4,34,34,0.7971665193993399,0.5245904179671426,0.323122719621673,0.06872253115272295,119.13111310240973
self_play_dreamer_20260525-152636,self_play_dreamer_20260525-152636,Self-Play Dreamer / Tempest Fairness / Staggered Flows,4,35,35,0.7917279568621609,0.47090975067201835,0.34394820472525417,0.0934048530488684,79.70146294720058
self_play_dreamer_20260525-152636,self_play_dreamer_20260525-152636,Self-Play Dreamer / Tempest Fairness / Staggered Flows,4,36,36,0.8575098023579191,0.565355109125747,0.45122944262855896,0.13109462320405837,88.53210811111782
self_play_dreamer_20260525-152636,self_play_dreamer_20260525-152636,Self-Play Dreamer / Tempest Fairness / Staggered Flows,4,37,37,0.7776297056871107,0.41991822615660895,0.3462472235020717,0.08434877468057221,114.73599743774622
self_play_dreamer_20260525-152636,self_play_dreamer_20260525-152636,Self-Play Dreamer / Tempest Fairness / Staggered Flows,4,38,38,0.8494548000490282,0.5327892283881682,0.4392883201147285,0.0895468581602343,100.61039233022002
self_play_dreamer_20260525-152636,self_play_dreamer_20260525-152636,Self-Play Dreamer / Tempest Fairness / Staggered Flows,4,39,39,0.8383570122793196,0.6713483701806433,0.3523808375976673,0.06244381111420825,134.04751713476102
self_play_dreamer_20260525-152636,self_play_dreamer_20260525-152636,Self-Play Dreamer / Tempest Fairness / Staggered Flows,4,40,40,0.7742558867088871,0.4903546337238582,0.3057512612896851,0.05476072250477911,118.21490771982617
self_play_dreamer_20260525-152636,self_play_dreamer_20260525-152636,Self-Play Dreamer / Tempest Fairness / Staggered Flows,4,41,41,0.8321261418048906,0.46478909940783997,0.4293731120278348,0.08245638718606785,102.34578638052255
self_play_dreamer_20260525-152636,self_play_dreamer_20260525-152636,Self-Play Dreamer / Tempest Fairness / Staggered Flows,4,42,42,0.7782444178077006,0.4684096989706953,0.35927323359957714,0.08903227689006768,100.82764037382941
self_play_dreamer_20260525-152636,self_play_dreamer_20260525-152636,Self-Play Dreamer / Tempest Fairness / Staggered Flows,4,43,43,0.8296459235839616,0.4903943574408303,0.4197387110150918,0.042322609225966645,100.44156852085638
self_play_dreamer_20260525-152636,self_play_dreamer_20260525-152636,Self-Play Dreamer / Tempest Fairness / Staggered Flows,4,44,44,0.8102055019053862,0.5089311141288115,0.36615781724976576,0.10772883721739773,89.41335000374568
self_play_dreamer_20260525-152636,self_play_dreamer_20260525-152636,Self-Play Dreamer / Tempest Fairness / Staggered Flows,4,45,45,0.8187652014717792,0.554516728537151,0.3550883443658829,0.048635786130761104,104.85475325033768
self_play_dreamer_20260525-152636,self_play_dreamer_20260525-152636,Self-Play Dreamer / Tempest Fairness / Staggered Flows,4,46,46,0.9021368493051493,0.6928977334531752,0.5085995455369313,0.19365711333015445,96.03892978533845
self_play_dreamer_20260525-152636,self_play_dreamer_20260525-152636,Self-Play Dreamer / Tempest Fairness / Staggered Flows,4,47,47,0.8075545328355724,0.5720121827825602,0.3654223449422412,0.09287684737857162,97.91005746999448
self_play_dreamer_20260525-152636,self_play_dreamer_20260525-152636,Self-Play Dreamer / Tempest Fairness / Staggered Flows,4,48,48,0.8426667690916246,0.4865980674494127,0.41631311337256577,0.024987414685150387,133.09605524640264
self_play_dreamer_20260525-152636,self_play_dreamer_20260525-152636,Self-Play Dreamer / Tempest Fairness / Staggered Flows,4,49,49,0.8431638484324054,0.5940007548477693,0.4189436389261127,0.11611552437784232,100.76455237696634
self_play_dreamer_20260525-152636,self_play_dreamer_20260525-152636,Self-Play Dreamer / Tempest Fairness / Staggered Flows,4,50,50,0.7655238531680858,0.4542357549586186,0.32587682616529834,0.06801772569576463,111.57292012785115
self_play_dreamer_20260525-152636,self_play_dreamer_20260525-152636,Self-Play Dreamer / Tempest Fairness / Staggered Flows,5,1,1,0.8727737378603725,0.6918621064564205,0.38803242613199646,0.051278191572463425,70.54890568214118
self_play_dreamer_20260525-152636,self_play_dreamer_20260525-152636,Self-Play Dreamer / Tempest Fairness / Staggered Flows,5,2,2,0.8624786713000367,0.5076715162182373,0.4214548360860315,0.03809682034394788,80.63017894077277
self_play_dreamer_20260525-152636,self_play_dreamer_20260525-152636,Self-Play Dreamer / Tempest Fairness / Staggered Flows,5,3,3,0.8134658343513765,0.4998831061827963,0.336503504953273,0.10185295029467804,113.67189013854968
self_play_dreamer_20260525-152636,self_play_dreamer_20260525-152636,Self-Play Dreamer / Tempest Fairness / Staggered Flows,5,4,4,0.8797306997612558,0.7088924415142129,0.41071405317663656,0.11238906202682955,111.82258869698808
self_play_dreamer_20260525-152636,self_play_dreamer_20260525-152636,Self-Play Dreamer / Tempest Fairness / Staggered Flows,5,5,5,0.7813330931061373,0.3915196971358215,0.3374385526515687,0.049425823190262716,108.47356152650313
self_play_dreamer_20260525-152636,self_play_dreamer_20260525-152636,Self-Play Dreamer / Tempest Fairness / Staggered Flows,5,6,6,0.7962391212740282,0.5749359622048898,0.302730742164738,0.05169271938603919,126.27140078239768
self_play_dreamer_20260525-152636,self_play_dreamer_20260525-152636,Self-Play Dreamer / Tempest Fairness / Staggered Flows,5,7,7,0.8791571753561842,0.621164448351372,0.48336381252539734,0.14744658375500413,104.75597954955992
self_play_dreamer_20260525-152636,self_play_dreamer_20260525-152636,Self-Play Dreamer / Tempest Fairness / Staggered Flows,5,8,8,0.859930356119747,0.5318555116683475,0.39164511422418363,0.09790048396376337,95.78653606069562
self_play_dreamer_20260525-152636,self_play_dreamer_20260525-152636,Self-Play Dreamer / Tempest Fairness / Staggered Flows,5,9,9,0.7946753220073847,0.534467175546264,0.26607054063034385,0.054598540066152196,124.20357406202409
self_play_dreamer_20260525-152636,self_play_dreamer_20260525-152636,Self-Play Dreamer / Tempest Fairness / Staggered Flows,5,10,10,0.8475892492647439,0.5902579804730776,0.4079258506642111,0.0887184765829595,101.17914099965598
self_play_dreamer_20260525-152636,self_play_dreamer_20260525-152636,Self-Play Dreamer / Tempest Fairness / Staggered Flows,5,11,11,0.848207181169001,0.6065722201634504,0.37960763757440025,0.10175986558783885,122.95310612134169
self_play_dreamer_20260525-152636,self_play_dreamer_20260525-152636,Self-Play Dreamer / Tempest Fairness / Staggered Flows,5,12,12,0.8184649247802402,0.5102688828225562,0.3342656281017538,0.048169542942193486,155.6718471582313
self_play_dreamer_20260525-152636,self_play_dreamer_20260525-152636,Self-Play Dreamer / Tempest Fairness / Staggered Flows,5,13,13,0.8291350343546776,0.47160558033345484,0.3748803556715623,0.032544289472464266,91.69071152976872
self_play_dreamer_20260525-152636,self_play_dreamer_20260525-152636,Self-Play Dreamer / Tempest Fairness / Staggered Flows,5,14,14,0.7627769848681801,0.4511177387023508,0.2831980471963432,0.07875970253870591,108.1992731749367
self_play_dreamer_20260525-152636,self_play_dreamer_20260525-152636,Self-Play Dreamer / Tempest Fairness / Staggered Flows,5,15,15,0.8423776276324548,0.5749495020379283,0.37060627599723717,0.10268677286886282,90.43484952340131
self_play_dreamer_20260525-152636,self_play_dreamer_20260525-152636,Self-Play Dreamer / Tempest Fairness / Staggered Flows,5,16,16,0.795249017626307,0.5085132661336854,0.2814548317078813,0.03179452501119994,100.61892553717237
self_play_dreamer_20260525-152636,self_play_dreamer_20260525-152636,Self-Play Dreamer / Tempest Fairness / Staggered Flows,5,17,17,0.7593142035669028,0.46554361362753605,0.3041820600845929,0.08820213652187968,113.6085602033761
self_play_dreamer_20260525-152636,self_play_dreamer_20260525-152636,Self-Play Dreamer / Tempest Fairness / Staggered Flows,5,18,18,0.8086967053005579,0.5875945255588984,0.3136790708043769,0.035098376562804914,127.83864175882368
self_play_dreamer_20260525-152636,self_play_dreamer_20260525-152636,Self-Play Dreamer / Tempest Fairness / Staggered Flows,5,19,19,0.8523354407917049,0.6214022669568259,0.35456904938998784,0.062373963707388076,113.39255876714049
self_play_dreamer_20260525-152636,self_play_dreamer_20260525-152636,Self-Play Dreamer / Tempest Fairness / Staggered Flows,5,20,20,0.809661342873202,0.49403455621609815,0.3193839959378048,0.05226001394976526,101.67932833972719
self_play_dreamer_20260525-152636,self_play_dreamer_20260525-152636,Self-Play Dreamer / Tempest Fairness / Staggered Flows,5,21,21,0.8394916475563289,0.5330297225048518,0.3753627140161244,0.04600774663955491,97.0577475964488
self_play_dreamer_20260525-152636,self_play_dreamer_20260525-152636,Self-Play Dreamer / Tempest Fairness / Staggered Flows,5,22,22,0.8526212192589443,0.525567823279546,0.4240931832402871,0.06262805692611703,124.80558696885376
self_play_dreamer_20260525-152636,self_play_dreamer_20260525-152636,Self-Play Dreamer / Tempest Fairness / Staggered Flows,5,23,23,0.7993991764026587,0.49476925816686673,0.3301595335414467,0.033002579460008986,98.09575489476066
self_play_dreamer_20260525-152636,self_play_dreamer_20260525-152636,Self-Play Dreamer / Tempest Fairness / Staggered Flows,5,24,24,0.759216833208784,0.46954593757582985,0.2818276295471055,0.03641221637142564,102.10464270226574
self_play_dreamer_20260525-152636,self_play_dreamer_20260525-152636,Self-Play Dreamer / Tempest Fairness / Staggered Flows,5,25,25,0.8133710375934979,0.5478538504031989,0.32734232251360973,0.052211928810432975,140.21870103402262
self_play_dreamer_20260525-152636,self_play_dreamer_20260525-152636,Self-Play Dreamer / Tempest Fairness / Staggered Flows,5,26,26,0.8218096291557784,0.5214981269105172,0.3905332319380209,0.09856424421646655,99.84193004218805
self_play_dreamer_20260525-152636,self_play_dreamer_20260525-152636,Self-Play Dreamer / Tempest Fairness / Staggered Flows,5,27,27,0.810459044493825,0.5283129959228636,0.3119241367667025,0.06753571903517105,138.02961379644253
self_play_dreamer_20260525-152636,self_play_dreamer_20260525-152636,Self-Play Dreamer / Tempest Fairness / Staggered Flows,5,28,28,0.8167302716784799,0.4969955382133639,0.35425048687672966,0.07089560958278569,97.58064642185361
self_play_dreamer_20260525-152636,self_play_dreamer_20260525-152636,Self-Play Dreamer / Tempest Fairness / Staggered Flows,5,29,29,0.7619726800781343,0.44283040506610916,0.30365801758788585,0.08224548820275115,124.00016484093746
self_play_dreamer_20260525-152636,self_play_dreamer_20260525-152636,Self-Play Dreamer / Tempest Fairness / Staggered Flows,5,30,30,0.8260206701374854,0.5532120541796302,0.3352316285544117,0.12740530759642413,104.37306800192228
self_play_dreamer_20260525-152636,self_play_dreamer_20260525-152636,Self-Play Dreamer / Tempest Fairness / Staggered Flows,5,31,31,0.8472784462703395,0.6076714994443093,0.3571654217394435,0.11630308665185433,88.54270178047747
self_play_dreamer_20260525-152636,self_play_dreamer_20260525-152636,Self-Play Dreamer / Tempest Fairness / Staggered Flows,5,32,32,0.8714472801547978,0.5819311501195087,0.4582883303314418,0.0862896968310596,81.3446187362297
self_play_dreamer_20260525-152636,self_play_dreamer_20260525-152636,Self-Play Dreamer / Tempest Fairness / Staggered Flows,5,33,33,0.7927582085452411,0.5448428509195863,0.30822830852702326,0.13039408250957857,85.55000623111586
self_play_dreamer_20260525-152636,self_play_dreamer_20260525-152636,Self-Play Dreamer / Tempest Fairness / Staggered Flows,5,34,34,0.8047047619178603,0.5626467298992444,0.2907303540671101,0.054809975151818194,144.00488728716942
self_play_dreamer_20260525-152636,self_play_dreamer_20260525-152636,Self-Play Dreamer / Tempest Fairness / Staggered Flows,5,35,35,0.8429759197146279,0.5419150206751554,0.3980852124200504,0.0913255112280667,88.90972677570069
self_play_dreamer_20260525-152636,self_play_dreamer_20260525-152636,Self-Play Dreamer / Tempest Fairness / Staggered Flows,5,36,36,0.8115308183321527,0.514656310817724,0.3482188007096592,0.09624419000102769,97.78768618497669
self_play_dreamer_20260525-152636,self_play_dreamer_20260525-152636,Self-Play Dreamer / Tempest Fairness / Staggered Flows,5,37,37,0.734421362592476,0.3987281330874626,0.30339102669867885,0.08624900638274957,141.49365585245334
self_play_dreamer_20260525-152636,self_play_dreamer_20260525-152636,Self-Play Dreamer / Tempest Fairness / Staggered Flows,5,38,38,0.8348706797439209,0.6355485830888649,0.3451119999563923,0.05546892998154432,100.77809231750129
self_play_dreamer_20260525-152636,self_play_dreamer_20260525-152636,Self-Play Dreamer / Tempest Fairness / Staggered Flows,5,39,39,0.8656969424107576,0.646176353067082,0.369557875494307,0.06290800760375784,145.41998276890834
self_play_dreamer_20260525-152636,self_play_dreamer_20260525-152636,Self-Play Dreamer / Tempest Fairness / Staggered Flows,5,40,40,0.8649105155970754,0.6621795390849995,0.3776284773996798,0.07287154910929389,158.23055178861367
self_play_dreamer_20260525-152636,self_play_dreamer_20260525-152636,Self-Play Dreamer / Tempest Fairness / Staggered Flows,5,41,41,0.8004073858793278,0.5435377934112895,0.3053326035583944,0.0829798142387321,113.20345653700147
self_play_dreamer_20260525-152636,self_play_dreamer_20260525-152636,Self-Play Dreamer / Tempest Fairness / Staggered Flows,5,42,42,0.7566791452461785,0.4147583192433972,0.2974397261778344,0.06119524358716913,105.4650298704593
self_play_dreamer_20260525-152636,self_play_dreamer_20260525-152636,Self-Play Dreamer / Tempest Fairness / Staggered Flows,5,43,43,0.8675073002587772,0.6285227523105696,0.403081929205284,0.16419575230188752,104.08712597806213
self_play_dreamer_20260525-152636,self_play_dreamer_20260525-152636,Self-Play Dreamer / Tempest Fairness / Staggered Flows,5,44,44,0.8739088556689653,0.5625875229705619,0.4582820520885172,0.139697057943103,85.26149962650985
self_play_dreamer_20260525-152636,self_play_dreamer_20260525-152636,Self-Play Dreamer / Tempest Fairness / Staggered Flows,5,45,45,0.811888230887661,0.49098873586162883,0.3802526536061171,0.08779123530980612,117.64304601408269
self_play_dreamer_20260525-152636,self_play_dreamer_20260525-152636,Self-Play Dreamer / Tempest Fairness / Staggered Flows,5,46,46,0.8966686314086072,0.6327990211519292,0.4838475920707947,0.1056623991650233,115.68615583566199
self_play_dreamer_20260525-152636,self_play_dreamer_20260525-152636,Self-Play Dreamer / Tempest Fairness / Staggered Flows,5,47,47,0.9050232159852375,0.685421225484528,0.49204374883269886,0.1748116261669292,114.11836763563451
self_play_dreamer_20260525-152636,self_play_dreamer_20260525-152636,Self-Play Dreamer / Tempest Fairness / Staggered Flows,5,48,48,0.8486595387824952,0.5384786152174557,0.38560464751422574,0.09643178719124597,142.45845149957393
self_play_dreamer_20260525-152636,self_play_dreamer_20260525-152636,Self-Play Dreamer / Tempest Fairness / Staggered Flows,5,49,49,0.8730251947815987,0.6136185812690338,0.4567133070630342,0.14193721565340417,104.77174935846256
self_play_dreamer_20260525-152636,self_play_dreamer_20260525-152636,Self-Play Dreamer / Tempest Fairness / Staggered Flows,5,50,50,0.7733690935141562,0.46754606871503407,0.2904878280040354,0.08619665319123693,111.19814897354108
self_play_dreamer_20260525-152636,self_play_dreamer_20260525-152636,Self-Play Dreamer / Tempest Fairness / Staggered Flows,7,1,1,0.8375369888536686,0.5376147404393761,0.3755623261465125,0.09677287282382917,76.78889744917055
self_play_dreamer_20260525-152636,self_play_dreamer_20260525-152636,Self-Play Dreamer / Tempest Fairness / Staggered Flows,7,2,2,0.8863954830552985,0.7193963588479331,0.4028772651509205,0.06361943211247352,97.46567329918359
self_play_dreamer_20260525-152636,self_play_dreamer_20260525-152636,Self-Play Dreamer / Tempest Fairness / Staggered Flows,7,3,3,0.8253067099661191,0.5632617003222257,0.3346846650503956,0.06639613211391655,120.4042467694566
self_play_dreamer_20260525-152636,self_play_dreamer_20260525-152636,Self-Play Dreamer / Tempest Fairness / Staggered Flows,7,4,4,0.8417225193228821,0.5372849196817402,0.3414681324161781,0.06820163480652398,121.09297803795042
self_play_dreamer_20260525-152636,self_play_dreamer_20260525-152636,Self-Play Dreamer / Tempest Fairness / Staggered Flows,7,5,5,0.7795879661739604,0.449801122843951,0.27398465654233717,0.02377870822537508,124.05186103431909
self_play_dreamer_20260525-152636,self_play_dreamer_20260525-152636,Self-Play Dreamer / Tempest Fairness / Staggered Flows,7,6,6,0.7926948187702022,0.5342450271706957,0.2598336277651446,0.05343106570642123,133.11901881631533
self_play_dreamer_20260525-152636,self_play_dreamer_20260525-152636,Self-Play Dreamer / Tempest Fairness / Staggered Flows,7,7,7,0.8685459469075696,0.5663545352308577,0.41281046716454917,0.07877018422461114,129.27466362617022
self_play_dreamer_20260525-152636,self_play_dreamer_20260525-152636,Self-Play Dreamer / Tempest Fairness / Staggered Flows,7,8,8,0.8299217771741553,0.5910327300159058,0.3056853789799032,0.06827846281984065,109.48534204267983
self_play_dreamer_20260525-152636,self_play_dreamer_20260525-152636,Self-Play Dreamer / Tempest Fairness / Staggered Flows,7,9,9,0.8518050662412985,0.5862874338349415,0.3599454380066776,0.08004974861369972,143.6513260723189
self_play_dreamer_20260525-152636,self_play_dreamer_20260525-152636,Self-Play Dreamer / Tempest Fairness / Staggered Flows,7,10,10,0.8882525585998989,0.6656430873972048,0.4526765201560216,0.10533496605948808,109.03332097732172
self_play_dreamer_20260525-152636,self_play_dreamer_20260525-152636,Self-Play Dreamer / Tempest Fairness / Staggered Flows,7,11,11,0.7719874405819326,0.44339542601938026,0.2504066020030417,0.0616725659198911,132.12006626919683
self_play_dreamer_20260525-152636,self_play_dreamer_20260525-152636,Self-Play Dreamer / Tempest Fairness / Staggered Flows,7,12,12,0.8475247171731565,0.6259104458725989,0.33499726507357863,0.046692187685287816,169.06253902620207
self_play_dreamer_20260525-152636,self_play_dreamer_20260525-152636,Self-Play Dreamer / Tempest Fairness / Staggered Flows,7,13,13,0.8420236556501112,0.5534559545178793,0.3599955854392642,0.05856609910287506,109.86247452017044
self_play_dreamer_20260525-152636,self_play_dreamer_20260525-152636,Self-Play Dreamer / Tempest Fairness / Staggered Flows,7,14,14,0.8405683188872368,0.54280291988779,0.33759705088132513,0.07953215096273555,109.76128621118156
self_play_dreamer_20260525-152636,self_play_dreamer_20260525-152636,Self-Play Dreamer / Tempest Fairness / Staggered Flows,7,15,15,0.8456275167648419,0.6073742940565758,0.32030812756279925,0.05888047661457226,94.25160781748313
self_play_dreamer_20260525-152636,self_play_dreamer_20260525-152636,Self-Play Dreamer / Tempest Fairness / Staggered Flows,7,16,16,0.8087619770031681,0.45162710198519,0.28413933305030026,0.059975392463705576,104.42637510055457
self_play_dreamer_20260525-152636,self_play_dreamer_20260525-152636,Self-Play Dreamer / Tempest Fairness / Staggered Flows,7,17,17,0.7537081489882934,0.4777637835103801,0.24855015850487808,0.05023397274996386,121.18438346521657
self_play_dreamer_20260525-152636,self_play_dreamer_20260525-152636,Self-Play Dreamer / Tempest Fairness / Staggered Flows,7,18,18,0.8318822973198149,0.5846638560833549,0.29397391248018884,0.04500160717941415,151.561771142531
self_play_dreamer_20260525-152636,self_play_dreamer_20260525-152636,Self-Play Dreamer / Tempest Fairness / Staggered Flows,7,19,19,0.765916095257226,0.5120055448892217,0.22447319195645893,0.05294995791436037,132.36188744817136
self_play_dreamer_20260525-152636,self_play_dreamer_20260525-152636,Self-Play Dreamer / Tempest Fairness / Staggered Flows,7,20,20,0.8949209047349131,0.6227648690073697,0.4564885006820614,0.07426452173988407,111.00122602434358
self_play_dreamer_20260525-152636,self_play_dreamer_20260525-152636,Self-Play Dreamer / Tempest Fairness / Staggered Flows,7,21,21,0.8911795169058483,0.6878780621438949,0.4405506669900214,0.08334441048896593,113.1320175592275
self_play_dreamer_20260525-152636,self_play_dreamer_20260525-152636,Self-Play Dreamer / Tempest Fairness / Staggered Flows,7,22,22,0.8811822584029502,0.5887480638307143,0.4402681157810589,0.12379706946670571,134.27233761960264
self_play_dreamer_20260525-152636,self_play_dreamer_20260525-152636,Self-Play Dreamer / Tempest Fairness / Staggered Flows,7,23,23,0.84421047283841,0.5695878539237714,0.36660189727519576,0.05254051896980213,116.94741879678055
self_play_dreamer_20260525-152636,self_play_dreamer_20260525-152636,Self-Play Dreamer / Tempest Fairness / Staggered Flows,7,24,24,0.806372756445857,0.5438223989695483,0.2925026567526036,0.06687358134309083,109.24549772068882
self_play_dreamer_20260525-152636,self_play_dreamer_20260525-152636,Self-Play Dreamer / Tempest Fairness / Staggered Flows,7,25,25,0.8497402390341123,0.5852159400833806,0.3391446916063927,0.057472987535986654,156.77564873666833
self_play_dreamer_20260525-152636,self_play_dreamer_20260525-152636,Self-Play Dreamer / Tempest Fairness / Staggered Flows,7,26,26,0.8211503738459506,0.5476344088646721,0.30815528257370733,0.06207323685944994,116.42207075056821
self_play_dreamer_20260525-152636,self_play_dreamer_20260525-152636,Self-Play Dreamer / Tempest Fairness / Staggered Flows,7,27,27,0.755397162534052,0.4333439831510884,0.24225452560445124,0.06430801489090342,167.6804407757727
self_play_dreamer_20260525-152636,self_play_dreamer_20260525-152636,Self-Play Dreamer / Tempest Fairness / Staggered Flows,7,28,28,0.8397277225755236,0.562893318674419,0.32292916069647637,0.08793102177016542,99.26045116311343
self_play_dreamer_20260525-152636,self_play_dreamer_20260525-152636,Self-Play Dreamer / Tempest Fairness / Staggered Flows,7,29,29,0.8862006059397235,0.682412297975733,0.4183779485538828,0.12375488689083604,120.76239964011938
self_play_dreamer_20260525-152636,self_play_dreamer_20260525-152636,Self-Play Dreamer / Tempest Fairness / Staggered Flows,7,30,30,0.8508113749463003,0.6030694751593251,0.342839321838191,0.04143230803628999,121.17555327737357
self_play_dreamer_20260525-152636,self_play_dreamer_20260525-152636,Self-Play Dreamer / Tempest Fairness / Staggered Flows,7,31,31,0.8045884428582891,0.42736245170180565,0.29259289091792173,0.07640249619623225,98.02310784326252
self_play_dreamer_20260525-152636,self_play_dreamer_20260525-152636,Self-Play Dreamer / Tempest Fairness / Staggered Flows,7,32,32,0.836199497649271,0.5780585310246634,0.4000975021824601,0.07899591549563012,82.9239316987066
self_play_dreamer_20260525-152636,self_play_dreamer_20260525-152636,Self-Play Dreamer / Tempest Fairness / Staggered Flows,7,33,33,0.8156872294754929,0.5181446643409537,0.3204325969006276,0.1093313476594558,87.95510643038814
self_play_dreamer_20260525-152636,self_play_dreamer_20260525-152636,Self-Play Dreamer / Tempest Fairness / Staggered Flows,7,34,34,0.7589579419821846,0.4658031281936394,0.24281171588443684,0.04146825880260052,174.2792536217166
self_play_dreamer_20260525-152636,self_play_dreamer_20260525-152636,Self-Play Dreamer / Tempest Fairness / Staggered Flows,7,35,35,0.8311633349166707,0.48477612623753336,0.3780298127804773,0.08074934577426739,97.27676305713032
self_play_dreamer_20260525-152636,self_play_dreamer_20260525-152636,Self-Play Dreamer / Tempest Fairness / Staggered Flows,7,36,36,0.899280412029802,0.7011415449714837,0.4143780970806403,0.12369144415461776,102.67310275897253
self_play_dreamer_20260525-152636,self_play_dreamer_20260525-152636,Self-Play Dreamer / Tempest Fairness / Staggered Flows,7,37,37,0.8634856866069747,0.624533108473585,0.37950308372827163,0.05000967494281206,131.49937758385386
self_play_dreamer_20260525-152636,self_play_dreamer_20260525-152636,Self-Play Dreamer / Tempest Fairness / Staggered Flows,7,38,38,0.7844434265984352,0.3643724126099517,0.3133124690620261,0.03164994757014085,112.19812911917582
self_play_dreamer_20260525-152636,self_play_dreamer_20260525-152636,Self-Play Dreamer / Tempest Fairness / Staggered Flows,7,39,39,0.8343154895699721,0.5745516012130115,0.3118616124616585,0.055953732895744714,168.41297780844522
self_play_dreamer_20260525-152636,self_play_dreamer_20260525-152636,Self-Play Dreamer / Tempest Fairness / Staggered Flows,7,40,40,0.8350770960973884,0.6441288799952475,0.2845720934904184,0.060427925919132534,155.09562697030077
self_play_dreamer_20260525-152636,self_play_dreamer_20260525-152636,Self-Play Dreamer / Tempest Fairness / Staggered Flows,7,41,41,0.7425749776668252,0.3779738196330897,0.26066470101056904,0.036903348789839203,114.72538141465482
self_play_dreamer_20260525-152636,self_play_dreamer_20260525-152636,Self-Play Dreamer / Tempest Fairness / Staggered Flows,7,42,42,0.7922063202298139,0.5291250953336932,0.2647974464052142,0.054610951553705295,117.27771157925342
self_play_dreamer_20260525-152636,self_play_dreamer_20260525-152636,Self-Play Dreamer / Tempest Fairness / Staggered Flows,7,43,43,0.8051663445160753,0.5329402903134762,0.3015027118163734,0.08237030573257059,118.2535926538575
self_play_dreamer_20260525-152636,self_play_dreamer_20260525-152636,Self-Play Dreamer / Tempest Fairness / Staggered Flows,7,44,44,0.8582701980882216,0.4895913489262899,0.40503946013676956,0.1185475073050813,95.43430729349264
self_play_dreamer_20260525-152636,self_play_dreamer_20260525-152636,Self-Play Dreamer / Tempest Fairness / Staggered Flows,7,45,45,0.8032781434449031,0.41967556245976423,0.31249768809164413,0.04180664685910799,148.49884240630558
self_play_dreamer_20260525-152636,self_play_dreamer_20260525-152636,Self-Play Dreamer / Tempest Fairness / Staggered Flows,7,46,46,0.875758624286607,0.5715178172462267,0.4314164295313352,0.09500620054313555,125.95760643365654
self_play_dreamer_20260525-152636,self_play_dreamer_20260525-152636,Self-Play Dreamer / Tempest Fairness / Staggered Flows,7,47,47,0.8633826848193102,0.7248613093439354,0.3436030519442592,0.0698405579740354,119.15056660812108
self_play_dreamer_20260525-152636,self_play_dreamer_20260525-152636,Self-Play Dreamer / Tempest Fairness / Staggered Flows,7,48,48,0.8601557967291327,0.6296271305321771,0.35737349532126833,0.06313259668636859,152.3535208643195
self_play_dreamer_20260525-152636,self_play_dreamer_20260525-152636,Self-Play Dreamer / Tempest Fairness / Staggered Flows,7,49,49,0.8685117740182591,0.45097652808415617,0.42942443543415304,0.08619720623238317,122.30244957824316
self_play_dreamer_20260525-152636,self_play_dreamer_20260525-152636,Self-Play Dreamer / Tempest Fairness / Staggered Flows,7,50,50,0.848173411518501,0.5471804787861683,0.3545202291132482,0.06461222648072272,121.16957533766401
