[orch] n_parallel=15
[orch] run_dir=/its/home/mm2350/extra/Olympusv2/olympus/models/ma_dreamer_20260612-201515
[learner] [learner] device=cuda
[learner] [learner] manager on port 6301 (MA-Dreamer agents<=4 local_latent=8x8 global_latent=8x8 horizon=15 R_fair_weight=25 credit=False alpha=0.5 over_weight=50)
[learner] SAO_MANAGER_KEY=d3d34c4d605ec9c3cf69866dbefcd6c6
[learner] [learner] running
[orch] learner ready addr=127.0.0.1:6301
[orch] MARL collection ceiling~1875 transitions/s (15 slots x 50Hz); batch threshold=50000 -> learner updates >= ~26.7s apart
[orch] mode=multi-agent  environment=config  pool=56  shuffle=True
[slot=0] ep=0  flows=4  bw=100Mbps  delay=10ms  duration=120s  delays=[0.0, 15.1, 5.0, 6.8]  lifetimes=[39.0, 48.8, 115.0, 101.7]
[slot=1] ep=1  flows=4  bw=20Mbps  delay=20ms  duration=120s  delays=[0.0, 19.3, 14.9, 21.5]  lifetimes=[86.8, 69.2, 105.1, 54.4]
[slot=2] ep=2  flows=3  bw=100Mbps  delay=60ms  duration=120s  delays=[0.0, 13.5, 14.9]  lifetimes=[120.0, 51.8, 63.4]
[slot=3] ep=3  flows=3  bw=80Mbps  delay=10ms  duration=120s  delays=[0.0, 1.4, 9.4]  lifetimes=[120.0, 90.2, 58.9]
[slot=4] ep=4  flows=1  bw=20Mbps  delay=30ms  duration=120s  simul  lifetimes=[120.0]
[slot=5] ep=5  flows=1  bw=100Mbps  delay=40ms  duration=120s  simul  lifetimes=[120.0]
[slot=7] ep=7  flows=2  bw=20Mbps  delay=60ms  duration=120s  delays=[0.0, 8.8]  lifetimes=[98.6, 111.2]
[slot=6] ep=6  flows=1  bw=50Mbps  delay=10ms  duration=120s  simul  lifetimes=[120.0]
[slot=11] ep=11  flows=2  bw=60Mbps  delay=80ms  duration=120s  delays=[0.0, 14.7]  lifetimes=[103.1, 105.3][slot=8] ep=8  flows=1  bw=40Mbps  delay=80ms  duration=120s  simul  lifetimes=[120.0]

[slot=14] ep=14  flows=4  bw=60Mbps  delay=60ms  duration=120s  delays=[0.0, 20.3, 17.6, 2.5]  lifetimes=[86.4, 58.9, 79.9, 117.5][slot=12] ep=12  flows=4  bw=80Mbps  delay=20ms  duration=120s  delays=[0.0, 1.3, 4.7, 12.3]  lifetimes=[84.3, 77.8, 82.8, 107.7]

[slot=10] ep=10  flows=3  bw=60Mbps  delay=70ms  duration=120s  delays=[0.0, 11.9, 12.6]  lifetimes=[89.1, 108.1, 63.3]
[slot=9] ep=9  flows=2  bw=20Mbps  delay=50ms  duration=120s  delays=[0.0, 23.9]  lifetimes=[120.0, 79.2]
[slot=13] ep=13  flows=2  bw=80Mbps  delay=50ms  duration=120s  delays=[0.0, 2.1]  lifetimes=[54.8, 117.9]
[sao-listener] cport=23600 worker=/its/home/mm2350/extra/Olympusv2/olympus/algorithms/ma_dreamer/worker.py scan=20ms target_cc=astraea single_flow=1 no_state_pipe=1
[sao-listener] cport=23800 worker=/its/home/mm2350/extra/Olympusv2/olympus/algorithms/ma_dreamer/worker.py scan=20ms target_cc=astraea single_flow=1 no_state_pipe=1
[sao-listener] cport=23400 worker=/its/home/mm2350/extra/Olympusv2/olympus/algorithms/ma_dreamer/worker.py scan=20ms target_cc=astraea single_flow=1 no_state_pipe=1
[sao-listener] cport=23500 worker=/its/home/mm2350/extra/Olympusv2/olympus/algorithms/ma_dreamer/worker.py scan=20ms target_cc=astraea single_flow=1 no_state_pipe=1
[sao-listener] cport=23900 worker=/its/home/mm2350/extra/Olympusv2/olympus/algorithms/ma_dreamer/worker.py scan=20ms target_cc=astraea single_flow=1 no_state_pipe=1
[sao-listener] cport=24100 worker=/its/home/mm2350/extra/Olympusv2/olympus/algorithms/ma_dreamer/worker.py scan=20ms target_cc=astraea single_flow=1 no_state_pipe=1
[sao-listener] cport=24300 worker=/its/home/mm2350/extra/Olympusv2/olympus/algorithms/ma_dreamer/worker.py scan=20ms target_cc=astraea single_flow=1 no_state_pipe=1
[sao-listener] cport=23700 worker=/its/home/mm2350/extra/Olympusv2/olympus/algorithms/ma_dreamer/worker.py scan=20ms target_cc=astraea single_flow=1 no_state_pipe=1
[sao-listener] cport=23901 worker=/its/home/mm2350/extra/Olympusv2/olympus/algorithms/ma_dreamer/worker.py scan=20ms target_cc=astraea single_flow=1 no_state_pipe=1
[sao-listener] cport=24101 worker=/its/home/mm2350/extra/Olympusv2/olympus/algorithms/ma_dreamer/worker.py scan=20ms target_cc=astraea single_flow=1 no_state_pipe=1
[sao-listener] cport=24301 worker=/its/home/mm2350/extra/Olympusv2/olympus/algorithms/ma_dreamer/worker.py scan=20ms target_cc=astraea single_flow=1 no_state_pipe=1
[sao-listener] cport=23701 worker=/its/home/mm2350/extra/Olympusv2/olympus/algorithms/ma_dreamer/worker.py scan=20ms target_cc=astraea single_flow=1 no_state_pipe=1
[sao-listener] cport=24000 worker=/its/home/mm2350/extra/Olympusv2/olympus/algorithms/ma_dreamer/worker.py scan=20ms target_cc=astraea single_flow=1 no_state_pipe=1
[sao-listener] cport=23300 worker=/its/home/mm2350/extra/Olympusv2/olympus/algorithms/ma_dreamer/worker.py scan=20ms target_cc=astraea single_flow=1 no_state_pipe=1
[sao-listener] cport=23200 worker=/its/home/mm2350/extra/Olympusv2/olympus/algorithms/ma_dreamer/worker.py scan=20ms target_cc=astraea single_flow=1 no_state_pipe=1
[sao-listener] cport=24001 worker=/its/home/mm2350/extra/Olympusv2/olympus/algorithms/ma_dreamer/worker.py scan=20ms target_cc=astraea single_flow=1 no_state_pipe=1
[sao-listener] cport=23301 worker=/its/home/mm2350/extra/Olympusv2/olympus/algorithms/ma_dreamer/worker.py scan=20ms target_cc=astraea single_flow=1 no_state_pipe=1
[sao-listener] cport=23201 worker=/its/home/mm2350/extra/Olympusv2/olympus/algorithms/ma_dreamer/worker.py scan=20ms target_cc=astraea single_flow=1 no_state_pipe=1
[sao-listener] cport=24002 worker=/its/home/mm2350/extra/Olympusv2/olympus/algorithms/ma_dreamer/worker.py scan=20ms target_cc=astraea single_flow=1 no_state_pipe=1
[sao-listener] cport=23302 worker=/its/home/mm2350/extra/Olympusv2/olympus/algorithms/ma_dreamer/worker.py scan=20ms target_cc=astraea single_flow=1 no_state_pipe=1
[sao-listener] cport=23202 worker=/its/home/mm2350/extra/Olympusv2/olympus/algorithms/ma_dreamer/worker.py scan=20ms target_cc=astraea single_flow=1 no_state_pipe=1
[sao-listener] cport=23100 worker=/its/home/mm2350/extra/Olympusv2/olympus/algorithms/ma_dreamer/worker.py scan=20ms target_cc=astraea single_flow=1 no_state_pipe=1
[sao-listener] cport=23000 worker=/its/home/mm2350/extra/Olympusv2/olympus/algorithms/ma_dreamer/worker.py scan=20ms target_cc=astraea single_flow=1 no_state_pipe=1
[sao-listener] cport=24200 worker=/its/home/mm2350/extra/Olympusv2/olympus/algorithms/ma_dreamer/worker.py scan=20ms target_cc=astraea single_flow=1 no_state_pipe=1
[sao-listener] cport=23101 worker=/its/home/mm2350/extra/Olympusv2/olympus/algorithms/ma_dreamer/worker.py scan=20ms target_cc=astraea single_flow=1 no_state_pipe=1
[sao-listener] cport=23001 worker=/its/home/mm2350/extra/Olympusv2/olympus/algorithms/ma_dreamer/worker.py scan=20ms target_cc=astraea single_flow=1 no_state_pipe=1
[sao-listener] cport=24400 worker=/its/home/mm2350/extra/Olympusv2/olympus/algorithms/ma_dreamer/worker.py scan=20ms target_cc=astraea single_flow=1 no_state_pipe=1
[sao-listener] cport=24201 worker=/its/home/mm2350/extra/Olympusv2/olympus/algorithms/ma_dreamer/worker.py scan=20ms target_cc=astraea single_flow=1 no_state_pipe=1
[sao-listener] cport=23102 worker=/its/home/mm2350/extra/Olympusv2/olympus/algorithms/ma_dreamer/worker.py scan=20ms target_cc=astraea single_flow=1 no_state_pipe=1
[sao-listener] cport=24202 worker=/its/home/mm2350/extra/Olympusv2/olympus/algorithms/ma_dreamer/worker.py scan=20ms target_cc=astraea single_flow=1 no_state_pipe=1
[sao-listener] cport=24401 worker=/its/home/mm2350/extra/Olympusv2/olympus/algorithms/ma_dreamer/worker.py scan=20ms target_cc=astraea single_flow=1 no_state_pipe=1
[sao-listener] cport=23103 worker=/its/home/mm2350/extra/Olympusv2/olympus/algorithms/ma_dreamer/worker.py scan=20ms target_cc=astraea single_flow=1 no_state_pipe=1
[sao-listener] cport=23002 worker=/its/home/mm2350/extra/Olympusv2/olympus/algorithms/ma_dreamer/worker.py scan=20ms target_cc=astraea single_flow=1 no_state_pipe=1
[sao-listener] cport=24203 worker=/its/home/mm2350/extra/Olympusv2/olympus/algorithms/ma_dreamer/worker.py scan=20ms target_cc=astraea single_flow=1 no_state_pipe=1
[sao-listener] cport=23003 worker=/its/home/mm2350/extra/Olympusv2/olympus/algorithms/ma_dreamer/worker.py scan=20ms target_cc=astraea single_flow=1 no_state_pipe=1
[sao-listener] cport=24402 worker=/its/home/mm2350/extra/Olympusv2/olympus/algorithms/ma_dreamer/worker.py scan=20ms target_cc=astraea single_flow=1 no_state_pipe=1
[sao-listener] cport=24403 worker=/its/home/mm2350/extra/Olympusv2/olympus/algorithms/ma_dreamer/worker.py scan=20ms target_cc=astraea single_flow=1 no_state_pipe=1
[sao-listener] new flow 1 10.0.0.1:23400->10.0.0.2:5205 cc=astraea pid=1632537 child=1632976
[sao-listener] single-flow mode: attached worker; stopping ss scans
[sao-listener flow 1] cport=23400 cc=astraea worker active
[sao-listener] new flow 1 10.0.0.1:23900->10.0.0.3:5210 cc=astraea pid=1632678 child=1633102
[sao-listener] single-flow mode: attached worker; stopping ss scans
[sao-listener flow 1] cport=23900 cc=astraea worker active
[sao-listener] new flow 1 10.0.0.1:24200->10.0.0.5:5213 cc=astraea pid=1632977 child=1633258
[sao-listener] single-flow mode: attached worker; stopping ss scans
[sao-listener flow 1] cport=24200 cc=astraea worker active
[worker alg=ma_dreamer reward=tempest_fairness_ma cport=23400 agent=0 group=slot4_ep4 flow=1] started interval=20ms det=0 latent=8x8
[worker alg=ma_dreamer reward=tempest_fairness_ma cport=23900 agent=0 group=slot9_ep9 flow=1] started interval=20ms det=0 latent=8x8
[worker alg=ma_dreamer reward=tempest_fairness_ma cport=24200 agent=0 group=slot12_ep12 flow=1] started interval=20ms det=0 latent=8x8
[sao-listener] new flow 1 10.0.0.1:23800->10.0.0.2:5209 cc=astraea pid=1632516 child=1638209
[sao-listener] single-flow mode: attached worker; stopping ss scans
[sao-listener flow 1] cport=23800 cc=astraea worker active
[sao-listener] new flow 1 10.0.0.1:23600->10.0.0.2:5207 cc=astraea pid=1632508 child=1638289
[sao-listener] single-flow mode: attached worker; stopping ss scans
[sao-listener flow 1] cport=23600 cc=astraea worker active
[sao-listener] new flow 1 10.0.0.1:23700->10.0.0.3:5208 cc=astraea pid=1632698 child=1638410
[sao-listener] single-flow mode: attached worker; stopping ss scans
[sao-listener flow 1] cport=23700 cc=astraea worker active
[sao-listener] new flow 1 10.0.0.1:23000->10.0.0.5:5201 cc=astraea pid=1632994 child=1638527
[sao-listener] single-flow mode: attached worker; stopping ss scans
[sao-listener flow 1] cport=23000 cc=astraea worker active
[sao-listener] new flow 1 10.0.0.1:24100->10.0.0.3:5212 cc=astraea pid=1632690 child=1638593
[sao-listener] single-flow mode: attached worker; stopping ss scans
[sao-listener flow 1] cport=24100 cc=astraea worker active
[sao-listener] new flow 1 10.0.0.1:23100->10.0.0.5:5202 cc=astraea pid=1632953 child=1638675
[sao-listener] single-flow mode: attached worker; stopping ss scans
[sao-listener flow 1] cport=23100 cc=astraea worker active
[learner] [learner] hb buf=272/400000 recv=272 (54/s) groups=3
[sao-listener] new flow 1 10.0.0.1:24000->10.0.0.4:5211 cc=astraea pid=1632813 child=1638774
[sao-listener flow 1] cport=24000 cc=astraea worker active
[sao-listener] single-flow mode: attached worker; stopping ss scans
[sao-listener] new flow 1 10.0.0.1:23200->10.0.0.4:5203 cc=astraea pid=1632830 child=1638893
[sao-listener] single-flow mode: attached worker; stopping ss scans
[sao-listener flow 1] cport=23200 cc=astraea worker active
[sao-listener] new flow 1 10.0.0.1:23300->10.0.0.4:5204 cc=astraea pid=1632814 child=1638998
[sao-listener] single-flow mode: attached worker; stopping ss scans
[sao-listener flow 1] cport=23300 cc=astraea worker active
[sao-listener] new flow 1 10.0.0.1:24400->10.0.0.5:5215 cc=astraea pid=1633024 child=1639000
[sao-listener] single-flow mode: attached worker; stopping ss scans
[sao-listener flow 1] cport=24400 cc=astraea worker active
[sao-listener] new flow 1 10.0.0.1:24300->10.0.0.3:5214 cc=astraea pid=1632697 child=1639007
[sao-listener] single-flow mode: attached worker; stopping ss scans
[sao-listener flow 1] cport=24300 cc=astraea worker active
[sao-listener] new flow 1 10.0.0.1:23500->10.0.0.2:5206 cc=astraea pid=1632560 child=1639015
[sao-listener] single-flow mode: attached worker; stopping ss scans
[sao-listener flow 1] cport=23500 cc=astraea worker active
[worker alg=ma_dreamer reward=tempest_fairness_ma cport=23800 agent=0 group=slot8_ep8 flow=1] started interval=20ms det=0 latent=8x8
[worker alg=ma_dreamer reward=tempest_fairness_ma cport=23600 agent=0 group=slot6_ep6 flow=1] started interval=20ms det=0 latent=8x8
[sao-listener] new flow 1 10.0.0.2:23301->10.0.0.5:5204 cc=astraea pid=1634671 child=1639852
[sao-listener] single-flow mode: attached worker; stopping ss scans
[sao-listener flow 1] cport=23301 cc=astraea worker active
[sao-listener] new flow 1 10.0.0.2:24301->10.0.0.4:5214 cc=astraea pid=1635649 child=1639858
[sao-listener] single-flow mode: attached worker; stopping ss scans
[sao-listener flow 1] cport=24301 cc=astraea worker active
[sao-listener] new flow 1 10.0.0.2:24201->10.0.0.6:5213 cc=astraea pid=1634847 child=1639968
[sao-listener] single-flow mode: attached worker; stopping ss scans
[sao-listener flow 1] cport=24201 cc=astraea worker active
[worker alg=ma_dreamer reward=tempest_fairness_ma cport=23700 agent=0 group=slot7_ep7 flow=1] started interval=20ms det=0 latent=8x8
[worker alg=ma_dreamer reward=tempest_fairness_ma cport=24100 agent=0 group=slot11_ep11 flow=1] started interval=20ms det=0 latent=8x8
[worker alg=ma_dreamer reward=tempest_fairness_ma cport=23000 agent=0 group=slot0_ep0 flow=1] started interval=20ms det=0 latent=8x8
[worker alg=ma_dreamer reward=tempest_fairness_ma cport=23100 agent=0 group=slot1_ep1 flow=1] started interval=20ms det=0 latent=8x8
[worker alg=ma_dreamer reward=tempest_fairness_ma cport=24000 agent=0 group=slot10_ep10 flow=1] started interval=20ms det=0 latent=8x8
[worker alg=ma_dreamer reward=tempest_fairness_ma cport=23200 agent=0 group=slot2_ep2 flow=1] started interval=20ms det=0 latent=8x8
[worker alg=ma_dreamer reward=tempest_fairness_ma cport=23500 agent=0 group=slot5_ep5 flow=1] started interval=20ms det=0 latent=8x8
[worker alg=ma_dreamer reward=tempest_fairness_ma cport=24400 agent=0 group=slot14_ep14 flow=1] started interval=20ms det=0 latent=8x8
[worker alg=ma_dreamer reward=tempest_fairness_ma cport=24300 agent=0 group=slot13_ep13 flow=1] started interval=20ms det=0 latent=8x8
[worker alg=ma_dreamer reward=tempest_fairness_ma cport=23300 agent=0 group=slot3_ep3 flow=1] started interval=20ms det=0 latent=8x8
[sao-listener] new flow 1 10.0.0.3:24202->10.0.0.7:5213 cc=astraea pid=1640161 child=1640640
[sao-listener] single-flow mode: attached worker; stopping ss scans
[sao-listener flow 1] cport=24202 cc=astraea worker active
[worker alg=ma_dreamer reward=tempest_fairness_ma cport=24301 agent=1 group=slot13_ep13 flow=1] started interval=20ms det=0 latent=8x8
[worker alg=ma_dreamer reward=tempest_fairness_ma cport=24201 agent=1 group=slot12_ep12 flow=1] started interval=20ms det=0 latent=8x8
[worker alg=ma_dreamer reward=tempest_fairness_ma cport=23301 agent=1 group=slot3_ep3 flow=1] started interval=20ms det=0 latent=8x8
[sao-listener] new flow 1 10.0.0.4:24403->10.0.0.8:5215 cc=astraea pid=1637016 child=1641044
[sao-listener] single-flow mode: attached worker; stopping ss scans
[sao-listener flow 1] cport=24403 cc=astraea worker active
[worker alg=ma_dreamer reward=tempest_fairness_ma cport=24202 agent=2 group=slot12_ep12 flow=1] started interval=20ms det=0 latent=8x8
[worker alg=ma_dreamer reward=tempest_fairness_ma cport=24403 agent=3 group=slot14_ep14 flow=1] started interval=20ms det=0 latent=8x8
[sao-listener] new flow 1 10.0.0.3:23002->10.0.0.7:5201 cc=astraea pid=1640504 child=1642043
[sao-listener] single-flow mode: attached worker; stopping ss scans
[sao-listener flow 1] cport=23002 cc=astraea worker active
[sao-listener] new flow 1 10.0.0.4:23003->10.0.0.8:5201 cc=astraea pid=1641608 child=1642379
[sao-listener] single-flow mode: attached worker; stopping ss scans
[sao-listener flow 1] cport=23003 cc=astraea worker active
[learner] [learner] hb buf=3696/400000 recv=3424 (682/s) groups=15
[worker alg=ma_dreamer reward=tempest_fairness_ma cport=23002 agent=2 group=slot0_ep0 flow=1] started interval=20ms det=0 latent=8x8
[worker alg=ma_dreamer reward=tempest_fairness_ma cport=23003 agent=3 group=slot0_ep0 flow=1] started interval=20ms det=0 latent=8x8
[sao-listener] new flow 1 10.0.0.2:23701->10.0.0.4:5208 cc=astraea pid=1642670 child=1643376
[sao-listener] single-flow mode: attached worker; stopping ss scans
[sao-listener flow 1] cport=23701 cc=astraea worker active
[sao-listener] new flow 1 10.0.0.3:23302->10.0.0.6:5204 cc=astraea pid=1643009 child=1643711
[sao-listener] single-flow mode: attached worker; stopping ss scans
[sao-listener flow 1] cport=23302 cc=astraea worker active
[worker alg=ma_dreamer reward=tempest_fairness_ma cport=23701 agent=1 group=slot7_ep7 flow=1] started interval=20ms det=0 latent=8x8
[worker alg=ma_dreamer reward=tempest_fairness_ma cport=23302 agent=2 group=slot3_ep3 flow=1] started interval=20ms det=0 latent=8x8
[sao-listener] new flow 1 10.0.0.2:24001->10.0.0.5:5211 cc=astraea pid=1644255 child=1644594
[sao-listener] single-flow mode: attached worker; stopping ss scans
[sao-listener flow 1] cport=24001 cc=astraea worker active
[sao-listener] new flow 1 10.0.0.3:24002->10.0.0.6:5211 cc=astraea pid=1644526 child=1644857
[sao-listener] single-flow mode: attached worker; stopping ss scans
[sao-listener flow 1] cport=24002 cc=astraea worker active
[learner] [learner] hb buf=9360/400000 recv=5664 (1133/s) groups=15
[worker alg=ma_dreamer reward=tempest_fairness_ma cport=24001 agent=1 group=slot10_ep10 flow=1] started interval=20ms det=0 latent=8x8
[sao-listener] new flow 1 10.0.0.4:24203->10.0.0.8:5213 cc=astraea pid=1644465 child=1645147
[sao-listener] single-flow mode: attached worker; stopping ss scans
[sao-listener flow 1] cport=24203 cc=astraea worker active
[orch] link change t=15.0s bw=None delay=20.0
[orch] link change t=15.0s bw=None delay=40.0
[orch] link change t=15.0s bw=10.0 delay=None
[orch] link change t=15.0s bw=50.0 delay=80.0
[orch] link change t=15.0s bw=10.0 delay=None
[orch] link change t=15.0s bw=30.0 delay=160.0
[orch] link change t=15.0s bw=None delay=30.0
[orch] link change t=15.0s bw=160.0 delay=25.0
[worker alg=ma_dreamer reward=tempest_fairness_ma cport=24002 agent=2 group=slot10_ep10 flow=1] started interval=20ms det=0 latent=8x8
[orch] link change t=15.0s bw=120.0 delay=35.0
[orch] link change t=15.0s bw=None delay=5.0
[orch] link change t=15.0s bw=50.0 delay=120.0
[orch] link change t=15.0s bw=40.0 delay=None
[orch] link change t=15.0s bw=200.0 delay=5.0
[orch] link change t=15.0s bw=160.0 delay=None
[orch] link change t=15.0s bw=30.0 delay=None
[worker alg=ma_dreamer reward=tempest_fairness_ma cport=24203 agent=3 group=slot12_ep12 flow=1] started interval=20ms det=0 latent=8x8
[sao-listener] new flow 1 10.0.0.2:23201->10.0.0.5:5203 cc=astraea pid=1644944 child=1645889
[sao-listener] single-flow mode: attached worker; stopping ss scans
[sao-listener flow 1] cport=23201 cc=astraea worker active
[sao-listener] new flow 1 10.0.0.3:23102->10.0.0.7:5202 cc=astraea pid=1645675 child=1645972
[sao-listener] single-flow mode: attached worker; stopping ss scans
[sao-listener flow 1] cport=23102 cc=astraea worker active
[worker alg=ma_dreamer reward=tempest_fairness_ma cport=23201 agent=1 group=slot2_ep2 flow=1] started interval=20ms det=0 latent=8x8
[worker alg=ma_dreamer reward=tempest_fairness_ma cport=23102 agent=2 group=slot1_ep1 flow=1] started interval=20ms det=0 latent=8x8
[sao-listener] new flow 1 10.0.0.2:23001->10.0.0.6:5201 cc=astraea pid=1645722 child=1646638
[sao-listener] single-flow mode: attached worker; stopping ss scans
[sao-listener flow 1] cport=23001 cc=astraea worker active
[sao-listener] new flow 1 10.0.0.2:24101->10.0.0.4:5212 cc=astraea pid=1645496 child=1646719
[sao-listener] single-flow mode: attached worker; stopping ss scans
[sao-listener flow 1] cport=24101 cc=astraea worker active
[sao-listener] new flow 1 10.0.0.3:23202->10.0.0.6:5203 cc=astraea pid=1645623 child=1646846
[sao-listener] single-flow mode: attached worker; stopping ss scans
[sao-listener flow 1] cport=23202 cc=astraea worker active
[learner] [learner] hb buf=16128/400000 recv=6768 (1350/s) groups=15
[worker alg=ma_dreamer reward=tempest_fairness_ma cport=23001 agent=1 group=slot0_ep0 flow=1] started interval=20ms det=0 latent=8x8
[worker alg=ma_dreamer reward=tempest_fairness_ma cport=24101 agent=1 group=slot11_ep11 flow=1] started interval=20ms det=0 latent=8x8
[worker alg=ma_dreamer reward=tempest_fairness_ma cport=23202 agent=2 group=slot2_ep2 flow=1] started interval=20ms det=0 latent=8x8
[sao-listener] new flow 1 10.0.0.2:23101->10.0.0.6:5202 cc=astraea pid=1647115 child=1647380
[sao-listener] single-flow mode: attached worker; stopping ss scans
[sao-listener flow 1] cport=23101 cc=astraea worker active
[sao-listener] new flow 1 10.0.0.3:24402->10.0.0.7:5215 cc=astraea pid=1646586 child=1647593
[sao-listener] single-flow mode: attached worker; stopping ss scans
[sao-listener flow 1] cport=24402 cc=astraea worker active
[worker alg=ma_dreamer reward=tempest_fairness_ma cport=23101 agent=1 group=slot1_ep1 flow=1] started interval=20ms det=0 latent=8x8
[worker alg=ma_dreamer reward=tempest_fairness_ma cport=24402 agent=2 group=slot14_ep14 flow=1] started interval=20ms det=0 latent=8x8
[learner] [learner] hb buf=24144/400000 recv=8016 (1591/s) groups=15
[sao-listener] new flow 1 10.0.0.2:24401->10.0.0.6:5215 cc=astraea pid=1647314 child=1647884
[sao-listener] single-flow mode: attached worker; stopping ss scans
[sao-listener flow 1] cport=24401 cc=astraea worker active
[sao-listener] new flow 1 10.0.0.4:23103->10.0.0.8:5202 cc=astraea pid=1647516 child=1647968
[sao-listener] single-flow mode: attached worker; stopping ss scans
[sao-listener flow 1] cport=23103 cc=astraea worker active
[worker alg=ma_dreamer reward=tempest_fairness_ma cport=24401 agent=1 group=slot14_ep14 flow=1] started interval=20ms det=0 latent=8x8
[worker alg=ma_dreamer reward=tempest_fairness_ma cport=23103 agent=3 group=slot1_ep1 flow=1] started interval=20ms det=0 latent=8x8
[sao-listener] new flow 1 10.0.0.2:23901->10.0.0.4:5210 cc=astraea pid=1647862 child=1648204
[sao-listener] single-flow mode: attached worker; stopping ss scans
[sao-listener flow 1] cport=23901 cc=astraea worker active
[worker alg=ma_dreamer reward=tempest_fairness_ma cport=23901 agent=1 group=slot9_ep9 flow=1] started interval=20ms det=0 latent=8x8
[learner] [learner] hb buf=33088/400000 recv=8944 (1772/s) groups=15
[orch] link change t=30.0s bw=None delay=160.0
[orch] link change t=30.0s bw=20.0 delay=None
[orch] link change t=30.0s bw=20.0 delay=None
[orch] link change t=30.0s bw=80.0 delay=50.0
[orch] link change t=30.0s bw=60.0 delay=70.0
[orch] link change t=30.0s bw=None delay=20.0
[orch] link change t=30.0s bw=80.0 delay=None
[orch] link change t=30.0s bw=100.0 delay=10.0
[orch] link change t=30.0s bw=60.0 delay=None
[learner] [learner] hb buf=42368/400000 recv=9280 (1841/s) groups=15
[learner] [learner] step=     0 local_wm=7.721 global_wm=9.727 latent=(0.183,2.128) critic=5.630 actor=nan R_fair=0.1170 fair_cost=2.926 return=0.094 buf=50064 groups=15
[learner] [learner] hb buf=51904/400000 recv=9536 (1845/s) groups=15
[learner] [learner] step=    10 local_wm=5.632 global_wm=8.301 latent=(0.114,2.055) critic=5.590 actor=nan R_fair=0.1291 fair_cost=3.228 return=1.827 buf=56512 groups=15
[learner] [learner] hb buf=61120/400000 recv=9216 (1795/s) groups=15
[orch] link change t=45.0s bw=None delay=40.0
[orch] link change t=45.0s bw=10.0 delay=None
[orch] link change t=45.0s bw=10.0 delay=None
[orch] link change t=45.0s bw=160.0 delay=25.0
[orch] link change t=45.0s bw=120.0 delay=35.0
[orch] link change t=45.0s bw=None delay=5.0
[orch] link change t=45.0s bw=160.0 delay=None
[orch] link change t=45.0s bw=200.0 delay=5.0
[orch] link change t=45.0s bw=30.0 delay=None
[learner] [learner] step=    20 local_wm=4.621 global_wm=7.665 latent=(0.079,1.955) critic=5.447 actor=nan R_fair=0.1352 fair_cost=3.381 return=2.789 buf=62272 groups=15
[learner] [learner] step=    30 local_wm=4.220 global_wm=7.254 latent=(0.057,1.834) critic=5.179 actor=nan R_fair=0.1116 fair_cost=2.789 return=2.878 buf=68176 groups=15
[learner] [learner] hb buf=70608/400000 recv=9488 (1782/s) groups=15
[learner] [learner] step=    40 local_wm=3.938 global_wm=6.912 latent=(0.041,1.748) critic=4.849 actor=nan R_fair=0.1114 fair_cost=2.784 return=2.842 buf=74304 groups=15
[learner] [learner] hb buf=80192/400000 recv=9584 (1799/s) groups=15
[learner] [learner] step=    50 local_wm=3.707 global_wm=6.591 latent=(0.029,1.684) critic=4.570 actor=nan R_fair=0.1130 fair_cost=2.824 return=2.508 buf=80192 groups=15
[learner] [learner] step=    60 local_wm=3.539 global_wm=6.514 latent=(0.022,1.646) critic=4.400 actor=nan R_fair=0.1077 fair_cost=2.692 return=1.943 buf=85792 groups=15
[orch] link change t=60.0s bw=None delay=160.0
[orch] link change t=60.0s bw=20.0 delay=None
[orch] link change t=60.0s bw=20.0 delay=None
[orch] link change t=60.0s bw=80.0 delay=50.0
[orch] link change t=60.0s bw=None delay=20.0
[orch] link change t=60.0s bw=60.0 delay=70.0
[orch] link change t=60.0s bw=80.0 delay=None
[orch] link change t=60.0s bw=100.0 delay=10.0
[orch] link change t=60.0s bw=60.0 delay=None
[learner] [learner] hb buf=89232/400000 recv=9040 (1730/s) groups=15
[learner] [learner] step=    70 local_wm=3.384 global_wm=6.356 latent=(0.019,1.645) critic=4.349 actor=nan R_fair=0.1061 fair_cost=2.653 return=1.479 buf=91509 groups=15
[learner] [learner] step=    80 local_wm=3.495 global_wm=6.246 latent=(0.017,1.691) critic=4.581 actor=nan R_fair=0.1205 fair_cost=3.012 return=0.897 buf=97488 groups=15
[learner] [learner] hb buf=98032/400000 recv=8800 (1727/s) groups=15
[learner] [learner] step=    90 local_wm=3.259 global_wm=6.261 latent=(0.017,1.731) critic=4.759 actor=nan R_fair=0.1179 fair_cost=2.947 return=0.609 buf=103008 groups=15
[learner] [learner] hb buf=106272/400000 recv=8240 (1636/s) groups=15
[learner] [learner] step=   100 local_wm=3.197 global_wm=5.892 latent=(0.018,1.758) critic=5.023 actor=nan R_fair=0.1057 fair_cost=2.642 return=0.373 buf=108384 groups=15
[orch] link change t=75.0s bw=None delay=40.0
[orch] link change t=75.0s bw=10.0 delay=None
[orch] link change t=75.0s bw=10.0 delay=None
[orch] link change t=75.0s bw=160.0 delay=25.0
[orch] link change t=75.0s bw=120.0 delay=35.0
[orch] link change t=75.0s bw=None delay=5.0
[orch] link change t=75.0s bw=200.0 delay=5.0
[orch] link change t=75.0s bw=160.0 delay=None
[orch] link change t=75.0s bw=30.0 delay=None
[learner] [learner] step=   110 local_wm=2.987 global_wm=5.889 latent=(0.018,1.721) critic=5.099 actor=nan R_fair=0.0834 fair_cost=2.086 return=-0.132 buf=113744 groups=15
[learner] [learner] hb buf=114352/400000 recv=8080 (1588/s) groups=15
[learner] [learner] step=   120 local_wm=2.821 global_wm=5.736 latent=(0.017,1.698) critic=4.976 actor=nan R_fair=0.1075 fair_cost=2.687 return=-0.528 buf=119056 groups=15
[learner] [learner] hb buf=121968/400000 recv=7616 (1430/s) groups=15
[learner] [learner] step=   130 local_wm=2.962 global_wm=5.896 latent=(0.019,1.700) critic=4.914 actor=nan R_fair=0.1083 fair_cost=2.707 return=-1.163 buf=123808 groups=15
[learner] [learner] step=   140 local_wm=2.937 global_wm=5.986 latent=(0.025,1.714) critic=4.972 actor=nan R_fair=0.1258 fair_cost=3.145 return=-2.267 buf=128512 groups=15
[learner] [learner] hb buf=128992/400000 recv=7024 (1326/s) groups=15
[orch] link change t=90.0s bw=None delay=160.0
[orch] link change t=90.0s bw=20.0 delay=None
[orch] link change t=90.0s bw=20.0 delay=None
[orch] link change t=90.0s bw=80.0 delay=50.0
[learner] [learner] step=   150 local_wm=2.909 global_wm=6.011 latent=(0.029,1.629) critic=4.814 actor=nan R_fair=0.1140 fair_cost=2.851 return=-2.229 buf=132672 groups=15
[orch] link change t=90.0s bw=60.0 delay=70.0
[orch] link change t=90.0s bw=None delay=20.0
[orch] link change t=90.0s bw=80.0 delay=None
[orch] link change t=90.0s bw=100.0 delay=10.0
[orch] link change t=90.0s bw=60.0 delay=None
[learner] [learner] hb buf=134864/400000 recv=5872 (1109/s) groups=15
[learner] [learner] step=   160 local_wm=2.761 global_wm=5.436 latent=(0.029,1.595) critic=4.627 actor=nan R_fair=0.0821 fair_cost=2.053 return=-1.550 buf=136208 groups=15
[learner] [learner] step=   170 local_wm=2.694 global_wm=5.562 latent=(0.032,1.586) critic=4.536 actor=nan R_fair=0.1021 fair_cost=2.553 return=-2.279 buf=139584 groups=15
[learner] [learner] hb buf=139904/400000 recv=5040 (995/s) groups=15
[learner] [learner] step=   180 local_wm=2.777 global_wm=5.690 latent=(0.034,1.596) critic=4.512 actor=nan R_fair=0.1124 fair_cost=2.809 return=-2.698 buf=142848 groups=15
[learner] [learner] hb buf=144544/400000 recv=4640 (926/s) groups=15
[learner] [learner] step=   190 local_wm=2.693 global_wm=5.488 latent=(0.030,1.527) critic=4.505 actor=nan R_fair=0.0787 fair_cost=1.967 return=-2.104 buf=146032 groups=15
[orch] link change t=105.0s bw=None delay=40.0
[orch] link change t=105.0s bw=10.0 delay=None
[orch] link change t=105.0s bw=10.0 delay=None
[orch] link change t=105.0s bw=160.0 delay=25.0
[orch] link change t=105.0s bw=120.0 delay=35.0
[orch] link change t=105.0s bw=None delay=5.0
[orch] link change t=105.0s bw=160.0 delay=None
[orch] link change t=105.0s bw=200.0 delay=5.0
[orch] link change t=105.0s bw=30.0 delay=None
[learner] [learner] saved checkpoint step=200 path=/its/home/mm2350/extra/Olympusv2/olympus/models/ma_dreamer_20260612-201515/checkpoints/ma_dreamer_cwnd_model.pt
[learner] [learner] hb buf=148960/400000 recv=4416 (818/s) groups=15
[learner] [learner] step=   200 local_wm=2.557 global_wm=5.322 latent=(0.033,1.543) critic=4.412 actor=nan R_fair=0.0800 fair_cost=2.001 return=-2.390 buf=148960 groups=15
[learner] [learner] step=   210 local_wm=2.646 global_wm=5.445 latent=(0.034,1.537) critic=4.249 actor=nan R_fair=0.0910 fair_cost=2.276 return=-2.140 buf=151568 groups=15
[learner] [learner] hb buf=152880/400000 recv=3920 (761/s) groups=15
[learner] [learner] step=   220 local_wm=2.643 global_wm=5.419 latent=(0.034,1.548) critic=4.306 actor=nan R_fair=0.1066 fair_cost=2.665 return=-3.314 buf=154208 groups=15
[learner] [learner] hb buf=156672/400000 recv=3792 (748/s) groups=15
[learner] [learner] step=   230 local_wm=2.653 global_wm=5.194 latent=(0.034,1.515) critic=4.256 actor=nan R_fair=0.0866 fair_cost=2.166 return=-2.538 buf=156960 groups=15
[learner] [learner] step=   240 local_wm=2.514 global_wm=5.126 latent=(0.032,1.511) critic=4.288 actor=nan R_fair=0.0898 fair_cost=2.244 return=-2.505 buf=158528 groups=15
[learner] [learner] hb buf=158528/400000 recv=1856 (356/s) groups=15
[learner] [learner] step=   250 local_wm=2.579 global_wm=5.063 latent=(0.032,1.497) critic=4.202 actor=nan R_fair=0.0824 fair_cost=2.059 return=-1.777 buf=158528 groups=15
[multi_ep_plot] saved -> /its/home/mm2350/extra/Olympusv2/olympus/models/ma_dreamer_20260612-201515/plots/ep000008_bw40_d80_n1.pdf  return=17776.2
[ep_plot] ep=8 -> /its/home/mm2350/extra/Olympusv2/olympus/models/ma_dreamer_20260612-201515/plots/ep000008_bw40_d80_n1.pdf  return=17776.20703125
[orch] ep=8 sum-of-agents return=17776.2
[orch] ep=8  env=multiflow_interleave  type=7_changes  return=17776.20703125  elapsed=0.04h
[slot=8] ep=15  flows=4  bw=30Mbps  delay=80ms  duration=120s  delays=[0.0, 4.7, 13.4, 22.4]  lifetimes=[56.3, 115.3, 56.2, 70.6]
[multi_ep_plot] saved -> /its/home/mm2350/extra/Olympusv2/olympus/models/ma_dreamer_20260612-201515/plots/ep000004_bw20_d30_n1.pdf  return=17322.8
[ep_plot] ep=4 -> /its/home/mm2350/extra/Olympusv2/olympus/models/ma_dreamer_20260612-201515/plots/ep000004_bw20_d30_n1.pdf  return=17322.82421875
[orch] ep=4 sum-of-agents return=17322.8
[orch] ep=4  env=multiflow_interleave  type=7_changes  return=17322.82421875  elapsed=0.04h
[slot=4] ep=16  flows=3  bw=100Mbps  delay=10ms  duration=120s  delays=[0.0, 7.7, 11.6]  lifetimes=[74.9, 34.1, 108.4]
[multi_ep_plot] saved -> /its/home/mm2350/extra/Olympusv2/olympus/models/ma_dreamer_20260612-201515/plots/ep000005_bw100_d40_n1.pdf  return=14561.0
[ep_plot] ep=5 -> /its/home/mm2350/extra/Olympusv2/olympus/models/ma_dreamer_20260612-201515/plots/ep000005_bw100_d40_n1.pdf  return=14560.9619140625
[orch] ep=5 sum-of-agents return=14561.0
[orch] ep=5  env=multiflow_interleave  type=1_change  return=14560.9619140625  elapsed=0.04h
[slot=5] ep=17  flows=4  bw=60Mbps  delay=10ms  duration=120s  delays=[0.0, 15.0, 17.9, 6.7]  lifetimes=[31.2, 45.5, 51.2, 113.3]
[multi_ep_plot] saved -> /its/home/mm2350/extra/Olympusv2/olympus/models/ma_dreamer_20260612-201515/plots/ep000006_bw50_d10_n1.pdf  return=10255.5
[ep_plot] ep=6 -> /its/home/mm2350/extra/Olympusv2/olympus/models/ma_dreamer_20260612-201515/plots/ep000006_bw50_d10_n1.pdf  return=10255.5234375
[orch] ep=6 sum-of-agents return=10255.5
[orch] ep=6  env=multiflow_interleave  type=1_change  return=10255.5234375  elapsed=0.04h
[slot=6] ep=18  flows=2  bw=60Mbps  delay=20ms  duration=120s  delays=[0.0, 3.7]  lifetimes=[47.8, 116.3]
[sao-listener] cport=23600 worker=/its/home/mm2350/extra/Olympusv2/olympus/algorithms/ma_dreamer/worker.py scan=20ms target_cc=astraea single_flow=1 no_state_pipe=1
[sao-listener] cport=23800 worker=/its/home/mm2350/extra/Olympusv2/olympus/algorithms/ma_dreamer/worker.py scan=20ms target_cc=astraea single_flow=1 no_state_pipe=1
[sao-listener] cport=23601 worker=/its/home/mm2350/extra/Olympusv2/olympus/algorithms/ma_dreamer/worker.py scan=20ms target_cc=astraea single_flow=1 no_state_pipe=1
[sao-listener] cport=23801 worker=/its/home/mm2350/extra/Olympusv2/olympus/algorithms/ma_dreamer/worker.py scan=20ms target_cc=astraea single_flow=1 no_state_pipe=1
[sao-listener] cport=23802 worker=/its/home/mm2350/extra/Olympusv2/olympus/algorithms/ma_dreamer/worker.py scan=20ms target_cc=astraea single_flow=1 no_state_pipe=1
[sao-listener] cport=23803 worker=/its/home/mm2350/extra/Olympusv2/olympus/algorithms/ma_dreamer/worker.py scan=20ms target_cc=astraea single_flow=1 no_state_pipe=1
[sao-listener] cport=23400 worker=/its/home/mm2350/extra/Olympusv2/olympus/algorithms/ma_dreamer/worker.py scan=20ms target_cc=astraea single_flow=1 no_state_pipe=1
[sao-listener] cport=23401 worker=/its/home/mm2350/extra/Olympusv2/olympus/algorithms/ma_dreamer/worker.py scan=20ms target_cc=astraea single_flow=1 no_state_pipe=1
[sao-listener] cport=23402 worker=/its/home/mm2350/extra/Olympusv2/olympus/algorithms/ma_dreamer/worker.py scan=20ms target_cc=astraea single_flow=1 no_state_pipe=1
[sao-listener] cport=23500 worker=/its/home/mm2350/extra/Olympusv2/olympus/algorithms/ma_dreamer/worker.py scan=20ms target_cc=astraea single_flow=1 no_state_pipe=1
[sao-listener] cport=23501 worker=/its/home/mm2350/extra/Olympusv2/olympus/algorithms/ma_dreamer/worker.py scan=20ms target_cc=astraea single_flow=1 no_state_pipe=1
[sao-listener] cport=23502 worker=/its/home/mm2350/extra/Olympusv2/olympus/algorithms/ma_dreamer/worker.py scan=20ms target_cc=astraea single_flow=1 no_state_pipe=1
[sao-listener] cport=23503 worker=/its/home/mm2350/extra/Olympusv2/olympus/algorithms/ma_dreamer/worker.py scan=20ms target_cc=astraea single_flow=1 no_state_pipe=1
[multi_ep_plot] saved -> /its/home/mm2350/extra/Olympusv2/olympus/models/ma_dreamer_20260612-201515/plots/ep000011_bw60_d80_n2.pdf  return=12902.5
[ep_plot] ep=11 -> /its/home/mm2350/extra/Olympusv2/olympus/models/ma_dreamer_20260612-201515/plots/ep000011_bw60_d80_n2.pdf  return=12902.4853515625
[orch] ep=11 sum-of-agents return=12902.5
[orch] ep=11  env=multiflow_interleave  type=1_change  return=12902.4853515625  elapsed=0.04h
[slot=11] ep=19  flows=3  bw=100Mbps  delay=80ms  duration=120s  delays=[0.0, 8.0, 22.4]  lifetimes=[67.1, 51.7, 97.6]
[multi_ep_plot] saved -> /its/home/mm2350/extra/Olympusv2/olympus/models/ma_dreamer_20260612-201515/plots/ep000009_bw20_d50_n2.pdf  return=32067.2
[ep_plot] ep=9 -> /its/home/mm2350/extra/Olympusv2/olympus/models/ma_dreamer_20260612-201515/plots/ep000009_bw20_d50_n2.pdf  return=32067.24072265625
[orch] ep=9 sum-of-agents return=32067.2
[orch] ep=9  env=multiflow_interleave  type=7_changes  return=32067.24072265625  elapsed=0.04h
[multi_ep_plot] saved -> /its/home/mm2350/extra/Olympusv2/olympus/models/ma_dreamer_20260612-201515/plots/ep000007_bw20_d60_n2.pdf  return=12808.5
[ep_plot] ep=7 -> /its/home/mm2350/extra/Olympusv2/olympus/models/ma_dreamer_20260612-201515/plots/ep000007_bw20_d60_n2.pdf  return=12808.49755859375
[orch] ep=7 sum-of-agents return=12808.5
[multi_ep_plot] saved -> /its/home/mm2350/extra/Olympusv2/olympus/models/ma_dreamer_20260612-201515/plots/ep000013_bw80_d50_n2.pdf  return=10399.9
[ep_plot] ep=13 -> /its/home/mm2350/extra/Olympusv2/olympus/models/ma_dreamer_20260612-201515/plots/ep000013_bw80_d50_n2.pdf  return=10399.937255859375
[orch] ep=13 sum-of-agents return=10399.9
[learner] [learner] hb buf=158528/400000 recv=0 (0/s) groups=15
[sao-listener] cport=24100 worker=/its/home/mm2350/extra/Olympusv2/olympus/algorithms/ma_dreamer/worker.py scan=20ms target_cc=astraea single_flow=1 no_state_pipe=1
[sao-listener] cport=24101 worker=/its/home/mm2350/extra/Olympusv2/olympus/algorithms/ma_dreamer/worker.py scan=20ms target_cc=astraea single_flow=1 no_state_pipe=1
[sao-listener] cport=24102 worker=/its/home/mm2350/extra/Olympusv2/olympus/algorithms/ma_dreamer/worker.py scan=20ms target_cc=astraea single_flow=1 no_state_pipe=1
[multi_ep_plot] saved -> /its/home/mm2350/extra/Olympusv2/olympus/models/ma_dreamer_20260612-201515/plots/ep000002_bw100_d60_n3.pdf  return=26523.6
[ep_plot] ep=2 -> /its/home/mm2350/extra/Olympusv2/olympus/models/ma_dreamer_20260612-201515/plots/ep000002_bw100_d60_n3.pdf  return=26523.63037109375
[orch] ep=2 sum-of-agents return=26523.6
[multi_ep_plot] saved -> /its/home/mm2350/extra/Olympusv2/olympus/models/ma_dreamer_20260612-201515/plots/ep000010_bw60_d70_n3.pdf  return=23174.1
[ep_plot] ep=10 -> /its/home/mm2350/extra/Olympusv2/olympus/models/ma_dreamer_20260612-201515/plots/ep000010_bw60_d70_n3.pdf  return=23174.083740234375
[orch] ep=10 sum-of-agents return=23174.1
[multi_ep_plot] saved -> /its/home/mm2350/extra/Olympusv2/olympus/models/ma_dreamer_20260612-201515/plots/ep000003_bw80_d10_n3.pdf  return=29364.1
[ep_plot] ep=3 -> /its/home/mm2350/extra/Olympusv2/olympus/models/ma_dreamer_20260612-201515/plots/ep000003_bw80_d10_n3.pdf  return=29364.14306640625
[orch] ep=3 sum-of-agents return=29364.1
[sao-listener] new flow 1 10.0.0.1:23800->10.0.0.5:5209 cc=astraea pid=1652530 child=1653253
[sao-listener] single-flow mode: attached worker; stopping ss scans
[sao-listener flow 1] cport=23800 cc=astraea worker active
[sao-listener] new flow 1 10.0.0.1:23600->10.0.0.3:5207 cc=astraea pid=1652452 child=1653433
[sao-listener] single-flow mode: attached worker; stopping ss scans
[sao-listener flow 1] cport=23600 cc=astraea worker active
[plot] saved → /its/home/mm2350/extra/Olympusv2/olympus/models/ma_dreamer_20260612-201515/telemetry/episode_returns.pdf  (ep=6  mean=17480.9  last=12902.5  steps=250  elapsed=2m 08s)
[orch] ep=7  env=multiflow_interleave  type=1_change  return=12808.49755859375  elapsed=0.04h
[orch] ep=13  env=multiflow_interleave  type=7_changes  return=10399.937255859375  elapsed=0.04h
[orch] ep=2  env=multiflow_interleave  type=1_change  return=26523.63037109375  elapsed=0.04h
[slot=9] ep=20  flows=2  bw=100Mbps  delay=60ms  duration=120s  delays=[0.0, 1.2]  lifetimes=[120.0, 34.9]
[orch] ep=10  env=multiflow_interleave  type=7_changes  return=23174.083740234375  elapsed=0.04h
[slot=7] ep=21  flows=2  bw=80Mbps  delay=20ms  duration=120s  delays=[0.0, 21.8]  lifetimes=[120.0, 24.7]
[orch] ep=3  env=multiflow_interleave  type=7_changes  return=29364.14306640625  elapsed=0.04h[slot=13] ep=22  flows=2  bw=100Mbps  delay=50ms  duration=120s  delays=[0.0, 20.0]  lifetimes=[40.8, 100.0]

[slot=2] ep=23  flows=4  bw=90Mbps  delay=10ms  duration=120s  delays=[0.0, 0.8, 4.6, 22.5]  lifetimes=[120.0, 71.6, 101.2, 40.4]
[slot=10] ep=24  flows=3  bw=40Mbps  delay=80ms  duration=120s  delays=[0.0, 1.2, 23.7]  lifetimes=[120.0, 98.9, 81.0]
[slot=3] ep=25  flows=2  bw=50Mbps  delay=50ms  duration=120s  delays=[0.0, 0.5]  lifetimes=[120.0, 64.2]
[sao-listener] new flow 1 10.0.0.1:23400->10.0.0.4:5205 cc=astraea pid=1652637 child=1653657
[sao-listener] single-flow mode: attached worker; stopping ss scans
[sao-listener flow 1] cport=23400 cc=astraea worker active
[multi_ep_plot] saved -> /its/home/mm2350/extra/Olympusv2/olympus/models/ma_dreamer_20260612-201515/plots/ep000001_bw20_d20_n4.pdf  return=25691.4
[ep_plot] ep=1 -> /its/home/mm2350/extra/Olympusv2/olympus/models/ma_dreamer_20260612-201515/plots/ep000001_bw20_d20_n4.pdf  return=25691.363037109375
[orch] ep=1 sum-of-agents return=25691.4
[orch] ep=1  env=multiflow_interleave  type=1_change  return=25691.363037109375  elapsed=0.04h
[sao-listener] new flow 1 10.0.0.1:23500->10.0.0.5:5206 cc=astraea pid=1652819 child=1653868
[sao-listener] single-flow mode: attached worker; stopping ss scans
[sao-listener flow 1] cport=23500 cc=astraea worker active
[slot=1] ep=26  flows=1  bw=30Mbps  delay=40ms  duration=120s  simul  lifetimes=[120.0]
[learner] [learner] step=   260 local_wm=2.574 global_wm=5.026 latent=(0.033,1.478) critic=4.218 actor=nan R_fair=0.0944 fair_cost=2.361 return=-2.606 buf=158528 groups=15
[multi_ep_plot] saved -> /its/home/mm2350/extra/Olympusv2/olympus/models/ma_dreamer_20260612-201515/plots/ep000014_bw60_d60_n4.pdf  return=32497.3
[ep_plot] ep=14 -> /its/home/mm2350/extra/Olympusv2/olympus/models/ma_dreamer_20260612-201515/plots/ep000014_bw60_d60_n4.pdf  return=32497.334716796875
[orch] ep=14 sum-of-agents return=32497.3
[orch] ep=14  env=multiflow_interleave  type=7_changes  return=32497.334716796875  elapsed=0.04h
[slot=14] ep=27  flows=3  bw=70Mbps  delay=70ms  duration=120s  delays=[0.0, 1.0, 22.9]  lifetimes=[43.5, 63.2, 97.1]
[multi_ep_plot] saved -> /its/home/mm2350/extra/Olympusv2/olympus/models/ma_dreamer_20260612-201515/plots/ep000012_bw80_d20_n4.pdf  return=35656.1
[ep_plot] ep=12 -> /its/home/mm2350/extra/Olympusv2/olympus/models/ma_dreamer_20260612-201515/plots/ep000012_bw80_d20_n4.pdf  return=35656.09619140625
[orch] ep=12 sum-of-agents return=35656.1
[orch] ep=12  env=multiflow_interleave  type=7_changes  return=35656.09619140625  elapsed=0.04h
[slot=12] ep=28  flows=4  bw=40Mbps  delay=10ms  duration=120s  delays=[0.0, 8.1, 3.5, 0.4]  lifetimes=[120.0, 42.2, 95.2, 87.1]
[sao-listener] new flow 1 10.0.0.1:24100->10.0.0.4:5212 cc=astraea pid=1653389 child=1654579
[sao-listener] single-flow mode: attached worker; stopping ss scans
[sao-listener flow 1] cport=24100 cc=astraea worker active
[multi_ep_plot] saved -> /its/home/mm2350/extra/Olympusv2/olympus/models/ma_dreamer_20260612-201515/plots/ep000000_bw100_d10_n4.pdf  return=34505.1
[ep_plot] ep=0 -> /its/home/mm2350/extra/Olympusv2/olympus/models/ma_dreamer_20260612-201515/plots/ep000000_bw100_d10_n4.pdf  return=34505.1005859375
[orch] ep=0 sum-of-agents return=34505.1
[orch] ep=0  env=multiflow_interleave  type=7_changes  return=34505.1005859375  elapsed=0.04h
[slot=0] ep=29  flows=1  bw=70Mbps  delay=50ms  duration=120s  simul  lifetimes=[120.0]
[worker cport=23800 agent=0] loaded checkpoint step=200
[sao-listener] cport=24300 worker=/its/home/mm2350/extra/Olympusv2/olympus/algorithms/ma_dreamer/worker.py scan=20ms target_cc=astraea single_flow=1 no_state_pipe=1
[sao-listener] cport=23900 worker=/its/home/mm2350/extra/Olympusv2/olympus/algorithms/ma_dreamer/worker.py scan=20ms target_cc=astraea single_flow=1 no_state_pipe=1
[sao-listener] cport=23300 worker=/its/home/mm2350/extra/Olympusv2/olympus/algorithms/ma_dreamer/worker.py scan=20ms target_cc=astraea single_flow=1 no_state_pipe=1
[sao-listener] cport=23700 worker=/its/home/mm2350/extra/Olympusv2/olympus/algorithms/ma_dreamer/worker.py scan=20ms target_cc=astraea single_flow=1 no_state_pipe=1
[sao-listener] cport=24301 worker=/its/home/mm2350/extra/Olympusv2/olympus/algorithms/ma_dreamer/worker.py scan=20ms target_cc=astraea single_flow=1 no_state_pipe=1
[sao-listener] cport=23901 worker=/its/home/mm2350/extra/Olympusv2/olympus/algorithms/ma_dreamer/worker.py scan=20ms target_cc=astraea single_flow=1 no_state_pipe=1
[sao-listener] cport=23301 worker=/its/home/mm2350/extra/Olympusv2/olympus/algorithms/ma_dreamer/worker.py scan=20ms target_cc=astraea single_flow=1 no_state_pipe=1
[sao-listener] cport=23701 worker=/its/home/mm2350/extra/Olympusv2/olympus/algorithms/ma_dreamer/worker.py scan=20ms target_cc=astraea single_flow=1 no_state_pipe=1
[sao-listener] cport=24000 worker=/its/home/mm2350/extra/Olympusv2/olympus/algorithms/ma_dreamer/worker.py scan=20ms target_cc=astraea single_flow=1 no_state_pipe=1
[sao-listener] cport=24001 worker=/its/home/mm2350/extra/Olympusv2/olympus/algorithms/ma_dreamer/worker.py scan=20ms target_cc=astraea single_flow=1 no_state_pipe=1
[sao-listener] cport=23100 worker=/its/home/mm2350/extra/Olympusv2/olympus/algorithms/ma_dreamer/worker.py scan=20ms target_cc=astraea single_flow=1 no_state_pipe=1
[sao-listener] cport=24002 worker=/its/home/mm2350/extra/Olympusv2/olympus/algorithms/ma_dreamer/worker.py scan=20ms target_cc=astraea single_flow=1 no_state_pipe=1
[worker alg=ma_dreamer reward=tempest_fairness_ma cport=23800 agent=0 group=slot8_ep15 flow=1] started interval=20ms det=0 latent=8x8
[sao-listener] cport=23200 worker=/its/home/mm2350/extra/Olympusv2/olympus/algorithms/ma_dreamer/worker.py scan=20ms target_cc=astraea single_flow=1 no_state_pipe=1
[sao-listener] cport=23201 worker=/its/home/mm2350/extra/Olympusv2/olympus/algorithms/ma_dreamer/worker.py scan=20ms target_cc=astraea single_flow=1 no_state_pipe=1
[sao-listener] cport=23202 worker=/its/home/mm2350/extra/Olympusv2/olympus/algorithms/ma_dreamer/worker.py scan=20ms target_cc=astraea single_flow=1 no_state_pipe=1
[sao-listener] cport=23203 worker=/its/home/mm2350/extra/Olympusv2/olympus/algorithms/ma_dreamer/worker.py scan=20ms target_cc=astraea single_flow=1 no_state_pipe=1
[worker cport=23600 agent=0] loaded checkpoint step=200
[sao-listener] cport=23000 worker=/its/home/mm2350/extra/Olympusv2/olympus/algorithms/ma_dreamer/worker.py scan=20ms target_cc=astraea single_flow=1 no_state_pipe=1
[worker cport=23400 agent=0] loaded checkpoint step=200
[worker alg=ma_dreamer reward=tempest_fairness_ma cport=23600 agent=0 group=slot6_ep18 flow=1] started interval=20ms det=0 latent=8x8
[sao-listener] cport=24400 worker=/its/home/mm2350/extra/Olympusv2/olympus/algorithms/ma_dreamer/worker.py scan=20ms target_cc=astraea single_flow=1 no_state_pipe=1
[sao-listener] cport=24401 worker=/its/home/mm2350/extra/Olympusv2/olympus/algorithms/ma_dreamer/worker.py scan=20ms target_cc=astraea single_flow=1 no_state_pipe=1
[sao-listener] cport=24402 worker=/its/home/mm2350/extra/Olympusv2/olympus/algorithms/ma_dreamer/worker.py scan=20ms target_cc=astraea single_flow=1 no_state_pipe=1
[worker cport=23500 agent=0] loaded checkpoint step=200
[worker alg=ma_dreamer reward=tempest_fairness_ma cport=23400 agent=0 group=slot4_ep16 flow=1] started interval=20ms det=0 latent=8x8
[sao-listener] cport=24200 worker=/its/home/mm2350/extra/Olympusv2/olympus/algorithms/ma_dreamer/worker.py scan=20ms target_cc=astraea single_flow=1 no_state_pipe=1
[sao-listener] cport=24201 worker=/its/home/mm2350/extra/Olympusv2/olympus/algorithms/ma_dreamer/worker.py scan=20ms target_cc=astraea single_flow=1 no_state_pipe=1
[sao-listener] cport=24202 worker=/its/home/mm2350/extra/Olympusv2/olympus/algorithms/ma_dreamer/worker.py scan=20ms target_cc=astraea single_flow=1 no_state_pipe=1
[sao-listener] cport=24203 worker=/its/home/mm2350/extra/Olympusv2/olympus/algorithms/ma_dreamer/worker.py scan=20ms target_cc=astraea single_flow=1 no_state_pipe=1
[worker alg=ma_dreamer reward=tempest_fairness_ma cport=23500 agent=0 group=slot5_ep17 flow=1] started interval=20ms det=0 latent=8x8
[worker cport=24100 agent=0] loaded checkpoint step=200
[worker alg=ma_dreamer reward=tempest_fairness_ma cport=24100 agent=0 group=slot11_ep19 flow=1] started interval=20ms det=0 latent=8x8
[sao-listener] new flow 1 10.0.0.1:23300->10.0.0.3:5204 cc=astraea pid=1655695 child=1657877
[sao-listener] single-flow mode: attached worker; stopping ss scans
[sao-listener flow 1] cport=23300 cc=astraea worker active
[sao-listener] new flow 1 10.0.0.1:23900->10.0.0.3:5210 cc=astraea pid=1655685 child=1657890
[sao-listener] single-flow mode: attached worker; stopping ss scans
[sao-listener flow 1] cport=23900 cc=astraea worker active
[sao-listener] new flow 1 10.0.0.1:24300->10.0.0.3:5214 cc=astraea pid=1655667 child=1658099
[sao-listener] single-flow mode: attached worker; stopping ss scans
[sao-listener flow 1] cport=24300 cc=astraea worker active
[sao-listener] new flow 1 10.0.0.1:23700->10.0.0.3:5208 cc=astraea pid=1655696 child=1658328
[sao-listener] single-flow mode: attached worker; stopping ss scans
[sao-listener flow 1] cport=23700 cc=astraea worker active
[sao-listener] new flow 1 10.0.0.2:23301->10.0.0.4:5204 cc=astraea pid=1656358 child=1658648
[sao-listener] single-flow mode: attached worker; stopping ss scans
[sao-listener flow 1] cport=23301 cc=astraea worker active
[sao-listener] new flow 1 10.0.0.1:24000->10.0.0.4:5211 cc=astraea pid=1656000 child=1658757
[sao-listener] single-flow mode: attached worker; stopping ss scans
[sao-listener flow 1] cport=24000 cc=astraea worker active
[sao-listener] new flow 1 10.0.0.1:23200->10.0.0.5:5203 cc=astraea pid=1656168 child=1659000
[sao-listener] single-flow mode: attached worker; stopping ss scans
[sao-listener flow 1] cport=23200 cc=astraea worker active
[sao-listener] new flow 1 10.0.0.2:23901->10.0.0.4:5210 cc=astraea pid=1657358 child=1659081
[sao-listener] single-flow mode: attached worker; stopping ss scans
[sao-listener flow 1] cport=23901 cc=astraea worker active
[sao-listener] new flow 1 10.0.0.2:23201->10.0.0.6:5203 cc=astraea pid=1657320 child=1659323
[sao-listener] single-flow mode: attached worker; stopping ss scans
[sao-listener flow 1] cport=23201 cc=astraea worker active
[sao-listener] new flow 1 10.0.0.2:24001->10.0.0.5:5211 cc=astraea pid=1657874 child=1659540
[sao-listener] single-flow mode: attached worker; stopping ss scans
[sao-listener flow 1] cport=24001 cc=astraea worker active
[worker cport=23300 agent=0] loaded checkpoint step=200
[worker cport=23900 agent=0] loaded checkpoint step=200
[worker cport=23700 agent=0] loaded checkpoint step=200
[worker cport=24300 agent=0] loaded checkpoint step=200
[worker alg=ma_dreamer reward=tempest_fairness_ma cport=23300 agent=0 group=slot3_ep25 flow=1] started interval=20ms det=0 latent=8x8
[worker alg=ma_dreamer reward=tempest_fairness_ma cport=23900 agent=0 group=slot9_ep20 flow=1] started interval=20ms det=0 latent=8x8
[worker cport=24000 agent=0] loaded checkpoint step=200
[worker cport=23301 agent=1] loaded checkpoint step=200
[worker alg=ma_dreamer reward=tempest_fairness_ma cport=23700 agent=0 group=slot7_ep21 flow=1] started interval=20ms det=0 latent=8x8
[worker alg=ma_dreamer reward=tempest_fairness_ma cport=24300 agent=0 group=slot13_ep22 flow=1] started interval=20ms det=0 latent=8x8
[worker cport=23200 agent=0] loaded checkpoint step=200
[worker cport=23901 agent=1] loaded checkpoint step=200
[worker alg=ma_dreamer reward=tempest_fairness_ma cport=24000 agent=0 group=slot10_ep24 flow=1] started interval=20ms det=0 latent=8x8
[worker alg=ma_dreamer reward=tempest_fairness_ma cport=23301 agent=1 group=slot3_ep25 flow=1] started interval=20ms det=0 latent=8x8
[learner] [learner] step=   270 local_wm=2.778 global_wm=5.255 latent=(0.030,1.521) critic=4.114 actor=nan R_fair=0.0836 fair_cost=2.091 return=-0.616 buf=159136 groups=20
[learner] [learner] hb buf=159232/400000 recv=704 (137/s) groups=21
[worker cport=23201 agent=1] loaded checkpoint step=200
[sao-listener] new flow 1 10.0.0.1:23100->10.0.0.2:5202 cc=astraea pid=1655978 child=1660660
[sao-listener] single-flow mode: attached worker; stopping ss scans
[sao-listener flow 1] cport=23100 cc=astraea worker active
[worker alg=ma_dreamer reward=tempest_fairness_ma cport=23200 agent=0 group=slot2_ep23 flow=1] started interval=20ms det=0 latent=8x8
[worker alg=ma_dreamer reward=tempest_fairness_ma cport=23901 agent=1 group=slot9_ep20 flow=1] started interval=20ms det=0 latent=8x8
[worker cport=24001 agent=1] loaded checkpoint step=200
[worker alg=ma_dreamer reward=tempest_fairness_ma cport=23201 agent=1 group=slot2_ep23 flow=1] started interval=20ms det=0 latent=8x8
[worker alg=ma_dreamer reward=tempest_fairness_ma cport=24001 agent=1 group=slot10_ep24 flow=1] started interval=20ms det=0 latent=8x8
[sao-listener] new flow 1 10.0.0.1:24400->10.0.0.4:5215 cc=astraea pid=1656565 child=1661006
[sao-listener] single-flow mode: attached worker; stopping ss scans
[sao-listener flow 1] cport=24400 cc=astraea worker active
[sao-listener] new flow 1 10.0.0.2:24401->10.0.0.5:5215 cc=astraea pid=1658534 child=1661110
[sao-listener] single-flow mode: attached worker; stopping ss scans
[sao-listener flow 1] cport=24401 cc=astraea worker active
[sao-listener] new flow 1 10.0.0.1:23000->10.0.0.2:5201 cc=astraea pid=1656352 child=1661215
[sao-listener] single-flow mode: attached worker; stopping ss scans
[sao-listener flow 1] cport=23000 cc=astraea worker active
[sao-listener] new flow 1 10.0.0.1:24200->10.0.0.5:5213 cc=astraea pid=1656799 child=1661290
[sao-listener] single-flow mode: attached worker; stopping ss scans
[sao-listener flow 1] cport=24200 cc=astraea worker active
[worker cport=23100 agent=0] loaded checkpoint step=200
[sao-listener] new flow 1 10.0.0.4:24203->10.0.0.8:5213 cc=astraea pid=1657605 child=1661565
[sao-listener] single-flow mode: attached worker; stopping ss scans
[sao-listener flow 1] cport=24203 cc=astraea worker active
[worker alg=ma_dreamer reward=tempest_fairness_ma cport=23100 agent=0 group=slot1_ep26 flow=1] started interval=20ms det=0 latent=8x8
[worker cport=24400 agent=0] loaded checkpoint step=200
[sao-listener] new flow 1 10.0.0.2:23801->10.0.0.6:5209 cc=astraea pid=1659787 child=1661783
[sao-listener] single-flow mode: attached worker; stopping ss scans
[sao-listener flow 1] cport=23801 cc=astraea worker active
[worker cport=24401 agent=1] loaded checkpoint step=200
[worker alg=ma_dreamer reward=tempest_fairness_ma cport=24400 agent=0 group=slot14_ep27 flow=1] started interval=20ms det=0 latent=8x8
[worker cport=23000 agent=0] loaded checkpoint step=200
[worker cport=24200 agent=0] loaded checkpoint step=200
[sao-listener] new flow 1 10.0.0.2:23601->10.0.0.4:5207 cc=astraea pid=1657852 child=1662104
[sao-listener] single-flow mode: attached worker; stopping ss scans
[sao-listener flow 1] cport=23601 cc=astraea worker active
[worker alg=ma_dreamer reward=tempest_fairness_ma cport=24401 agent=1 group=slot14_ep27 flow=1] started interval=20ms det=0 latent=8x8
[worker alg=ma_dreamer reward=tempest_fairness_ma cport=23000 agent=0 group=slot0_ep29 flow=1] started interval=20ms det=0 latent=8x8
[worker alg=ma_dreamer reward=tempest_fairness_ma cport=24200 agent=0 group=slot12_ep28 flow=1] started interval=20ms det=0 latent=8x8
[worker cport=24203 agent=3] loaded checkpoint step=200
[worker alg=ma_dreamer reward=tempest_fairness_ma cport=24203 agent=3 group=slot12_ep28 flow=1] started interval=20ms det=0 latent=8x8
[worker cport=23801 agent=1] loaded checkpoint step=200
[sao-listener] new flow 1 10.0.0.4:23503->10.0.0.8:5206 cc=astraea pid=1661755 child=1662519
[sao-listener] single-flow mode: attached worker; stopping ss scans
[sao-listener flow 1] cport=23503 cc=astraea worker active
[worker alg=ma_dreamer reward=tempest_fairness_ma cport=23801 agent=1 group=slot8_ep15 flow=1] started interval=20ms det=0 latent=8x8
[worker cport=23601 agent=1] loaded checkpoint step=200
[worker alg=ma_dreamer reward=tempest_fairness_ma cport=23601 agent=1 group=slot6_ep18 flow=1] started interval=20ms det=0 latent=8x8
[sao-listener] new flow 1 10.0.0.3:23202->10.0.0.7:5203 cc=astraea pid=1661999 child=1662898
[sao-listener] single-flow mode: attached worker; stopping ss scans
[sao-listener flow 1] cport=23202 cc=astraea worker active
[learner] [learner] step=   280 local_wm=3.214 global_wm=5.573 latent=(0.035,1.572) critic=4.364 actor=nan R_fair=0.1045 fair_cost=2.612 return=1.158 buf=161792 groups=30
[worker cport=23503 agent=3] loaded checkpoint step=200
[worker alg=ma_dreamer reward=tempest_fairness_ma cport=23503 agent=3 group=slot5_ep17 flow=1] started interval=20ms det=0 latent=8x8
[worker cport=23202 agent=2] loaded checkpoint step=200
[worker alg=ma_dreamer reward=tempest_fairness_ma cport=23202 agent=2 group=slot2_ep23 flow=1] started interval=20ms det=0 latent=8x8
[sao-listener] new flow 1 10.0.0.3:24202->10.0.0.7:5213 cc=astraea pid=1661535 child=1663605
[sao-listener] single-flow mode: attached worker; stopping ss scans
[sao-listener flow 1] cport=24202 cc=astraea worker active
[sao-listener] new flow 1 10.0.0.2:23401->10.0.0.5:5205 cc=astraea pid=1662476 child=1663986
[sao-listener] single-flow mode: attached worker; stopping ss scans
[sao-listener flow 1] cport=23401 cc=astraea worker active
[learner] [learner] hb buf=164352/400000 recv=5120 (984/s) groups=30
[sao-listener] new flow 1 10.0.0.2:24101->10.0.0.5:5212 cc=astraea pid=1663167 child=1664085
[sao-listener] single-flow mode: attached worker; stopping ss scans
[sao-listener flow 1] cport=24101 cc=astraea worker active
[worker cport=24202 agent=2] loaded checkpoint step=200
[worker alg=ma_dreamer reward=tempest_fairness_ma cport=24202 agent=2 group=slot12_ep28 flow=1] started interval=20ms det=0 latent=8x8
[worker cport=23401 agent=1] loaded checkpoint step=200
[worker cport=24101 agent=1] loaded checkpoint step=200
[worker alg=ma_dreamer reward=tempest_fairness_ma cport=23401 agent=1 group=slot4_ep16 flow=1] started interval=20ms det=0 latent=8x8
[worker alg=ma_dreamer reward=tempest_fairness_ma cport=24101 agent=1 group=slot11_ep19 flow=1] started interval=20ms det=0 latent=8x8
[learner] [learner] step=   290 local_wm=2.979 global_wm=5.422 latent=(0.034,1.579) critic=4.277 actor=nan R_fair=0.1282 fair_cost=3.205 return=-1.482 buf=165584 groups=30
[sao-listener] new flow 1 10.0.0.2:24201->10.0.0.6:5213 cc=astraea pid=1664316 child=1664887
[sao-listener] single-flow mode: attached worker; stopping ss scans
[sao-listener flow 1] cport=24201 cc=astraea worker active
[worker cport=24201 agent=1] loaded checkpoint step=200
[worker alg=ma_dreamer reward=tempest_fairness_ma cport=24201 agent=1 group=slot12_ep28 flow=1] started interval=20ms det=0 latent=8x8
[sao-listener] new flow 1 10.0.0.3:23402->10.0.0.6:5205 cc=astraea pid=1664572 child=1665335
[sao-listener] single-flow mode: attached worker; stopping ss scans
[sao-listener flow 1] cport=23402 cc=astraea worker active
[orch] link change t=15.0s bw=None delay=40.0
[orch] link change t=15.0s bw=None delay=40.0
[worker cport=23402 agent=2] loaded checkpoint step=200
[orch] link change t=15.0s bw=200.0 delay=None
[orch] link change t=15.0s bw=45.0 delay=None
[worker alg=ma_dreamer reward=tempest_fairness_ma cport=23402 agent=2 group=slot4_ep16 flow=1] started interval=20ms det=0 latent=8x8
[learner] [learner] step=   300 local_wm=2.900 global_wm=5.370 latent=(0.031,1.563) critic=4.253 actor=nan R_fair=0.1338 fair_cost=3.346 return=-2.928 buf=170192 groups=30
[orch] link change t=15.0s bw=50.0 delay=None
[learner] [learner] hb buf=171632/400000 recv=7280 (1409/s) groups=30
[sao-listener] new flow 1 10.0.0.3:23802->10.0.0.7:5209 cc=astraea pid=1665238 child=1666132
[sao-listener] single-flow mode: attached worker; stopping ss scans
[sao-listener flow 1] cport=23802 cc=astraea worker active
[orch] link change t=15.0s bw=200.0 delay=None
[orch] link change t=15.0s bw=25.0 delay=100.0
[orch] link change t=15.0s bw=None delay=10.0
[sao-listener] new flow 1 10.0.0.2:23501->10.0.0.6:5206 cc=astraea pid=1665873 child=1666337
[sao-listener] single-flow mode: attached worker; stopping ss scans
[sao-listener flow 1] cport=23501 cc=astraea worker active
[orch] link change t=15.0s bw=20.0 delay=160.0
[orch] link change t=15.0s bw=60.0 delay=None
[orch] link change t=15.0s bw=None delay=5.0
[worker cport=23802 agent=2] loaded checkpoint step=200
[orch] link change t=15.0s bw=None delay=25.0
[worker alg=ma_dreamer reward=tempest_fairness_ma cport=23802 agent=2 group=slot8_ep15 flow=1] started interval=20ms det=0 latent=8x8
[orch] link change t=15.0s bw=None delay=140.0
[worker cport=23501 agent=1] loaded checkpoint step=200
[worker alg=ma_dreamer reward=tempest_fairness_ma cport=23501 agent=1 group=slot5_ep17 flow=1] started interval=20ms det=0 latent=8x8
[learner] [learner] step=   310 local_wm=2.746 global_wm=5.273 latent=(0.033,1.529) critic=4.160 actor=nan R_fair=0.1181 fair_cost=2.953 return=-3.154 buf=175024 groups=30
[sao-listener] new flow 1 10.0.0.3:23502->10.0.0.7:5206 cc=astraea pid=1666838 child=1667253
[sao-listener] single-flow mode: attached worker; stopping ss scans
[sao-listener flow 1] cport=23502 cc=astraea worker active
[worker cport=23502 agent=2] loaded checkpoint step=200
[learner] [learner] hb buf=179550/400000 recv=7918 (1511/s) groups=30
[worker alg=ma_dreamer reward=tempest_fairness_ma cport=23502 agent=2 group=slot5_ep17 flow=1] started interval=20ms det=0 latent=8x8
[learner] [learner] step=   320 local_wm=2.808 global_wm=5.321 latent=(0.032,1.564) critic=4.139 actor=nan R_fair=0.1442 fair_cost=3.606 return=-3.980 buf=180240 groups=30
[sao-listener] new flow 1 10.0.0.2:24301->10.0.0.4:5214 cc=astraea pid=1667784 child=1667864
[sao-listener] single-flow mode: attached worker; stopping ss scans
[sao-listener flow 1] cport=24301 cc=astraea worker active
[worker cport=24301 agent=1] loaded checkpoint step=200
[worker alg=ma_dreamer reward=tempest_fairness_ma cport=24301 agent=1 group=slot13_ep22 flow=1] started interval=20ms det=0 latent=8x8
[learner] [learner] step=   330 local_wm=2.737 global_wm=5.221 latent=(0.031,1.530) critic=4.100 actor=nan R_fair=0.1260 fair_cost=3.149 return=-3.261 buf=185728 groups=30
[sao-listener] new flow 1 10.0.0.4:23803->10.0.0.8:5209 cc=astraea pid=1667838 child=1668435
[sao-listener] single-flow mode: attached worker; stopping ss scans
[sao-listener flow 1] cport=23803 cc=astraea worker active
[sao-listener] new flow 1 10.0.0.2:23701->10.0.0.4:5208 cc=astraea pid=1668205 child=1668549
[sao-listener] single-flow mode: attached worker; stopping ss scans
[sao-listener flow 1] cport=23701 cc=astraea worker active
[sao-listener] new flow 1 10.0.0.3:24102->10.0.0.6:5212 cc=astraea pid=1668035 child=1668612
[sao-listener] single-flow mode: attached worker; stopping ss scans
[sao-listener flow 1] cport=24102 cc=astraea worker active
[learner] [learner] hb buf=187860/400000 recv=8310 (1652/s) groups=30
[worker cport=23803 agent=3] loaded checkpoint step=200
[worker alg=ma_dreamer reward=tempest_fairness_ma cport=23803 agent=3 group=slot8_ep15 flow=1] started interval=20ms det=0 latent=8x8
[worker cport=23701 agent=1] loaded checkpoint step=200
[worker cport=24102 agent=2] loaded checkpoint step=200
[worker alg=ma_dreamer reward=tempest_fairness_ma cport=23701 agent=1 group=slot7_ep21 flow=1] started interval=20ms det=0 latent=8x8
[sao-listener] new flow 1 10.0.0.4:23203->10.0.0.8:5203 cc=astraea pid=1668378 child=1668906
[sao-listener] single-flow mode: attached worker; stopping ss scans
[sao-listener flow 1] cport=23203 cc=astraea worker active
[worker alg=ma_dreamer reward=tempest_fairness_ma cport=24102 agent=2 group=slot11_ep19 flow=1] started interval=20ms det=0 latent=8x8
[worker cport=23203 agent=3] loaded checkpoint step=200
[worker alg=ma_dreamer reward=tempest_fairness_ma cport=23203 agent=3 group=slot2_ep23 flow=1] started interval=20ms det=0 latent=8x8
[learner] [learner] step=   340 local_wm=2.793 global_wm=5.513 latent=(0.027,1.523) critic=3.941 actor=nan R_fair=0.1152 fair_cost=2.879 return=-3.459 buf=191808 groups=30
[orch] link change t=30.0s bw=None delay=20.0
[orch] link change t=30.0s bw=90.0 delay=None
[sao-listener] new flow 1 10.0.0.3:24402->10.0.0.6:5215 cc=astraea pid=1668535 child=1669253
[sao-listener] single-flow mode: attached worker; stopping ss scans
[sao-listener flow 1] cport=24402 cc=astraea worker active
[learner] [learner] hb buf=197648/400000 recv=9788 (1893/s) groups=30
[orch] link change t=30.0s bw=50.0 delay=50.0
[orch] link change t=30.0s bw=None delay=40.0
[worker cport=24402 agent=2] loaded checkpoint step=200
[orch] link change t=30.0s bw=40.0 delay=80.0
[orch] link change t=30.0s bw=30.0 delay=None
[orch] link change t=30.0s bw=None delay=20.0
[learner] [learner] step=   350 local_wm=2.725 global_wm=5.199 latent=(0.031,1.532) critic=3.974 actor=nan R_fair=0.1244 fair_cost=3.111 return=-4.067 buf=198304 groups=30
[worker alg=ma_dreamer reward=tempest_fairness_ma cport=24402 agent=2 group=slot14_ep27 flow=1] started interval=20ms det=0 latent=8x8
[sao-listener] new flow 1 10.0.0.3:24002->10.0.0.6:5211 cc=astraea pid=1668664 child=1669427
[sao-listener] single-flow mode: attached worker; stopping ss scans
[sao-listener flow 1] cport=24002 cc=astraea worker active
[worker cport=24002 agent=2] loaded checkpoint step=200
[worker alg=ma_dreamer reward=tempest_fairness_ma cport=24002 agent=2 group=slot10_ep24 flow=1] started interval=20ms det=0 latent=8x8
[learner] [learner] step=   360 local_wm=2.451 global_wm=5.045 latent=(0.030,1.494) critic=3.905 actor=nan R_fair=0.1273 fair_cost=3.182 return=-4.760 buf=205264 groups=30
[learner] [learner] hb buf=207456/400000 recv=9808 (1906/s) groups=30
[learner] [learner] step=   370 local_wm=2.622 global_wm=5.303 latent=(0.026,1.480) critic=3.786 actor=nan R_fair=0.1149 fair_cost=2.873 return=-3.608 buf=212304 groups=30
[learner] [learner] hb buf=217600/400000 recv=10144 (1896/s) groups=30
[learner] [learner] step=   380 local_wm=2.630 global_wm=5.232 latent=(0.028,1.473) critic=3.723 actor=nan R_fair=0.1131 fair_cost=2.827 return=-3.183 buf=218992 groups=30
[orch] link change t=45.0s bw=None delay=40.0
[orch] link change t=45.0s bw=30.0 delay=None
[learner] [learner] step=   390 local_wm=2.593 global_wm=5.089 latent=(0.027,1.453) critic=3.816 actor=nan R_fair=0.1067 fair_cost=2.668 return=-2.645 buf=225520 groups=30
[orch] link change t=45.0s bw=25.0 delay=100.0
[orch] link change t=45.0s bw=None delay=10.0
[orch] link change t=45.0s bw=20.0 delay=160.0
[orch] link change t=45.0s bw=60.0 delay=None
[learner] [learner] hb buf=226912/400000 recv=9312 (1799/s) groups=30
[orch] link change t=45.0s bw=None delay=5.0
[learner] [learner] saved checkpoint step=400 path=/its/home/mm2350/extra/Olympusv2/olympus/models/ma_dreamer_20260612-201515/checkpoints/ma_dreamer_cwnd_model.pt
[learner] [learner] step=   400 local_wm=2.515 global_wm=5.173 latent=(0.027,1.430) critic=3.756 actor=nan R_fair=0.1342 fair_cost=3.354 return=-4.033 buf=231936 groups=30
[learner] [learner] hb buf=235504/400000 recv=8592 (1656/s) groups=30
[learner] [learner] step=   410 local_wm=2.550 global_wm=5.160 latent=(0.024,1.433) critic=3.708 actor=nan R_fair=0.1105 fair_cost=2.763 return=-3.948 buf=237776 groups=30
[learner] [learner] hb buf=243520/400000 recv=8016 (1585/s) groups=30
[learner] [learner] step=   420 local_wm=2.467 global_wm=5.022 latent=(0.027,1.419) critic=3.706 actor=nan R_fair=0.1205 fair_cost=3.012 return=-5.052 buf=243520 groups=30
[orch] link change t=60.0s bw=None delay=20.0
[orch] link change t=60.0s bw=120.0 delay=None
[learner] [learner] step=   430 local_wm=2.478 global_wm=4.975 latent=(0.027,1.394) critic=3.683 actor=nan R_fair=0.1208 fair_cost=3.020 return=-5.754 buf=249120 groups=30
[orch] link change t=60.0s bw=50.0 delay=50.0
[orch] link change t=60.0s bw=None delay=40.0
[orch] link change t=60.0s bw=40.0 delay=80.0
[orch] link change t=60.0s bw=30.0 delay=None
[orch] link change t=60.0s bw=None delay=20.0
[learner] [learner] hb buf=251360/400000 recv=7840 (1502/s) groups=30
[learner] [learner] step=   440 local_wm=2.519 global_wm=5.081 latent=(0.025,1.430) critic=3.705 actor=nan R_fair=0.1121 fair_cost=2.801 return=-3.915 buf=254592 groups=30
[learner] [learner] hb buf=258544/400000 recv=7184 (1399/s) groups=30
[learner] [learner] step=   450 local_wm=2.618 global_wm=5.080 latent=(0.025,1.394) critic=3.741 actor=nan R_fair=0.1065 fair_cost=2.662 return=-3.537 buf=259424 groups=30
[learner] [learner] step=   460 local_wm=2.481 global_wm=4.872 latent=(0.024,1.381) critic=3.774 actor=nan R_fair=0.0980 fair_cost=2.450 return=-4.531 buf=263568 groups=30
[learner] [learner] hb buf=264432/400000 recv=5888 (1168/s) groups=30
[orch] link change t=75.0s bw=None delay=40.0
[orch] link change t=75.0s bw=45.0 delay=None
[learner] [learner] step=   470 local_wm=2.490 global_wm=4.876 latent=(0.024,1.373) critic=3.737 actor=nan R_fair=0.1098 fair_cost=2.745 return=-4.099 buf=267552 groups=30
[orch] link change t=75.0s bw=25.0 delay=100.0
[orch] link change t=75.0s bw=None delay=10.0
[orch] link change t=75.0s bw=20.0 delay=160.0
[orch] link change t=75.0s bw=60.0 delay=None
[orch] link change t=75.0s bw=None delay=5.0
[learner] [learner] hb buf=270064/400000 recv=5632 (1086/s) groups=30
[learner] [learner] step=   480 local_wm=2.349 global_wm=4.713 latent=(0.024,1.350) critic=3.781 actor=nan R_fair=0.0986 fair_cost=2.464 return=-4.743 buf=271488 groups=30
[learner] [learner] step=   490 local_wm=2.537 global_wm=4.978 latent=(0.023,1.354) critic=3.772 actor=nan R_fair=0.1129 fair_cost=2.823 return=-4.342 buf=275216 groups=30
[learner] [learner] hb buf=275568/400000 recv=5504 (1037/s) groups=30
[learner] [learner] step=   500 local_wm=2.326 global_wm=4.824 latent=(0.022,1.318) critic=3.691 actor=nan R_fair=0.1041 fair_cost=2.603 return=-5.686 buf=278976 groups=30
[learner] [learner] hb buf=280928/400000 recv=5360 (1050/s) groups=30
[orch] link change t=90.0s bw=None delay=20.0
[orch] link change t=90.0s bw=90.0 delay=None
[learner] [learner] step=   510 local_wm=2.534 global_wm=4.989 latent=(0.022,1.354) critic=3.834 actor=nan R_fair=0.0939 fair_cost=2.346 return=-4.275 buf=282880 groups=30
[orch] link change t=90.0s bw=50.0 delay=50.0
[orch] link change t=90.0s bw=None delay=40.0
[orch] link change t=90.0s bw=40.0 delay=80.0
[orch] link change t=90.0s bw=30.0 delay=None
[orch] link change t=90.0s bw=None delay=20.0
[learner] [learner] hb buf=286064/400000 recv=5136 (1003/s) groups=30
[learner] [learner] step=   520 local_wm=2.618 global_wm=4.912 latent=(0.022,1.314) critic=3.911 actor=nan R_fair=0.1071 fair_cost=2.678 return=-4.150 buf=286384 groups=30
[learner] [learner] step=   530 local_wm=2.413 global_wm=4.626 latent=(0.021,1.335) critic=3.811 actor=nan R_fair=0.0762 fair_cost=1.905 return=-3.121 buf=289840 groups=30
[learner] [learner] hb buf=290928/400000 recv=4864 (953/s) groups=30
[learner] [learner] step=   540 local_wm=2.360 global_wm=4.650 latent=(0.023,1.315) critic=3.863 actor=nan R_fair=0.0865 fair_cost=2.164 return=-5.108 buf=293344 groups=30
[learner] [learner] hb buf=295584/400000 recv=4656 (911/s) groups=30
[orch] link change t=105.0s bw=None delay=40.0
[orch] link change t=105.0s bw=30.0 delay=None
[learner] [learner] step=   550 local_wm=2.286 global_wm=4.567 latent=(0.021,1.274) critic=3.958 actor=nan R_fair=0.0708 fair_cost=1.770 return=-2.794 buf=296448 groups=30
[orch] link change t=105.0s bw=25.0 delay=100.0
[orch] link change t=105.0s bw=None delay=10.0
[orch] link change t=105.0s bw=20.0 delay=160.0
[orch] link change t=105.0s bw=60.0 delay=None
[orch] link change t=105.0s bw=None delay=5.0
[learner] [learner] step=   560 local_wm=2.319 global_wm=4.619 latent=(0.021,1.281) critic=3.793 actor=nan R_fair=0.0975 fair_cost=2.437 return=-5.304 buf=299536 groups=30
[learner] [learner] hb buf=299792/400000 recv=4208 (815/s) groups=30
[learner] [learner] step=   570 local_wm=2.411 global_wm=4.829 latent=(0.025,1.321) critic=3.941 actor=nan R_fair=0.1035 fair_cost=2.587 return=-6.862 buf=302208 groups=30
[learner] [learner] hb buf=303632/400000 recv=3840 (742/s) groups=30
[learner] [learner] step=   580 local_wm=2.223 global_wm=4.312 latent=(0.021,1.273) critic=3.860 actor=nan R_fair=0.0639 fair_cost=1.598 return=-2.526 buf=305056 groups=30
[learner] [learner] hb buf=307504/400000 recv=3872 (742/s) groups=30
[learner] [learner] step=   590 local_wm=2.452 global_wm=4.515 latent=(0.022,1.266) critic=4.043 actor=nan R_fair=0.0946 fair_cost=2.366 return=-4.831 buf=307792 groups=30
[learner] [learner] saved checkpoint step=600 path=/its/home/mm2350/extra/Olympusv2/olympus/models/ma_dreamer_20260612-201515/checkpoints/ma_dreamer_cwnd_model.pt
[learner] [learner] step=   600 local_wm=2.427 global_wm=4.621 latent=(0.022,1.280) critic=3.972 actor=nan R_fair=0.0891 fair_cost=2.227 return=-3.431 buf=309104 groups=30
[learner] [learner] hb buf=309104/400000 recv=1600 (306/s) groups=30
[multi_ep_plot] saved -> /its/home/mm2350/extra/Olympusv2/olympus/models/ma_dreamer_20260612-201515/plots/ep000018_bw60_d20_n2.pdf  return=17942.1
[ep_plot] ep=18 -> /its/home/mm2350/extra/Olympusv2/olympus/models/ma_dreamer_20260612-201515/plots/ep000018_bw60_d20_n2.pdf  return=17942.07421875
[orch] ep=18 sum-of-agents return=17942.1
[orch] ep=18  env=multiflow_interleave  type=7_changes  return=17942.07421875  elapsed=0.07h
[slot=6] ep=30  flows=1  bw=50Mbps  delay=70ms  duration=120s  simul  lifetimes=[120.0]
[sao-listener] cport=23600 worker=/its/home/mm2350/extra/Olympusv2/olympus/algorithms/ma_dreamer/worker.py scan=20ms target_cc=astraea single_flow=1 no_state_pipe=1
[multi_ep_plot] saved -> /its/home/mm2350/extra/Olympusv2/olympus/models/ma_dreamer_20260612-201515/plots/ep000016_bw100_d10_n3.pdf  return=31007.7
[ep_plot] ep=16 -> /its/home/mm2350/extra/Olympusv2/olympus/models/ma_dreamer_20260612-201515/plots/ep000016_bw100_d10_n3.pdf  return=31007.6982421875
[orch] ep=16 sum-of-agents return=31007.7
[orch] ep=16  env=multiflow_interleave  type=1_change  return=31007.6982421875  elapsed=0.07h
[slot=4] ep=31  flows=2  bw=50Mbps  delay=40ms  duration=120s  delays=[0.0, 10.3]  lifetimes=[96.6, 109.7]
[multi_ep_plot] saved -> /its/home/mm2350/extra/Olympusv2/olympus/models/ma_dreamer_20260612-201515/plots/ep000015_bw30_d80_n4.pdf  return=15259.9
[ep_plot] ep=15 -> /its/home/mm2350/extra/Olympusv2/olympus/models/ma_dreamer_20260612-201515/plots/ep000015_bw30_d80_n4.pdf  return=15259.934326171875
[orch] ep=15 sum-of-agents return=15259.9
[orch] ep=15  env=multiflow_interleave  type=1_change  return=15259.934326171875  elapsed=0.07h
[slot=8] ep=32  flows=2  bw=30Mbps  delay=80ms  duration=120s  delays=[0.0, 21.6]  lifetimes=[54.4, 98.4]
[learner] [learner] step=   610 local_wm=2.462 global_wm=4.665 latent=(0.025,1.283) critic=3.980 actor=nan R_fair=0.1005 fair_cost=2.513 return=-3.576 buf=309104 groups=30
[multi_ep_plot] saved -> /its/home/mm2350/extra/Olympusv2/olympus/models/ma_dreamer_20260612-201515/plots/ep000019_bw100_d80_n3.pdf  return=18009.2
[ep_plot] ep=19 -> /its/home/mm2350/extra/Olympusv2/olympus/models/ma_dreamer_20260612-201515/plots/ep000019_bw100_d80_n3.pdf  return=18009.17529296875
[orch] ep=19 sum-of-agents return=18009.2
[orch] ep=19  env=multiflow_interleave  type=1_change  return=18009.17529296875  elapsed=0.07h
[multi_ep_plot] saved -> /its/home/mm2350/extra/Olympusv2/olympus/models/ma_dreamer_20260612-201515/plots/ep000017_bw60_d10_n4.pdf  return=31021.4
[ep_plot] ep=17 -> /its/home/mm2350/extra/Olympusv2/olympus/models/ma_dreamer_20260612-201515/plots/ep000017_bw60_d10_n4.pdf  return=31021.39501953125
[orch] ep=17 sum-of-agents return=31021.4
[sao-listener] cport=23400 worker=/its/home/mm2350/extra/Olympusv2/olympus/algorithms/ma_dreamer/worker.py scan=20ms target_cc=astraea single_flow=1 no_state_pipe=1
[sao-listener] cport=23401 worker=/its/home/mm2350/extra/Olympusv2/olympus/algorithms/ma_dreamer/worker.py scan=20ms target_cc=astraea single_flow=1 no_state_pipe=1
[sao-listener] cport=23800 worker=/its/home/mm2350/extra/Olympusv2/olympus/algorithms/ma_dreamer/worker.py scan=20ms target_cc=astraea single_flow=1 no_state_pipe=1
[sao-listener] new flow 1 10.0.0.1:23600->10.0.0.2:5207 cc=astraea pid=1671877 child=1672427
[sao-listener] single-flow mode: attached worker; stopping ss scans
[sao-listener flow 1] cport=23600 cc=astraea worker active
[sao-listener] cport=23801 worker=/its/home/mm2350/extra/Olympusv2/olympus/algorithms/ma_dreamer/worker.py scan=20ms target_cc=astraea single_flow=1 no_state_pipe=1
[multi_ep_plot] saved -> /its/home/mm2350/extra/Olympusv2/olympus/models/ma_dreamer_20260612-201515/plots/ep000026_bw30_d40_n1.pdf  return=13910.5
[ep_plot] ep=26 -> /its/home/mm2350/extra/Olympusv2/olympus/models/ma_dreamer_20260612-201515/plots/ep000026_bw30_d40_n1.pdf  return=13910.544921875
[orch] ep=26 sum-of-agents return=13910.5
[multi_ep_plot] saved -> /its/home/mm2350/extra/Olympusv2/olympus/models/ma_dreamer_20260612-201515/plots/ep000022_bw100_d50_n2.pdf  return=19747.3
[ep_plot] ep=22 -> /its/home/mm2350/extra/Olympusv2/olympus/models/ma_dreamer_20260612-201515/plots/ep000022_bw100_d50_n2.pdf  return=19747.328369140625
[orch] ep=22 sum-of-agents return=19747.3
[worker cport=23600 agent=0] loaded checkpoint step=600
[multi_ep_plot] saved -> /its/home/mm2350/extra/Olympusv2/olympus/models/ma_dreamer_20260612-201515/plots/ep000029_bw70_d50_n1.pdf  return=9202.4
[ep_plot] ep=29 -> /its/home/mm2350/extra/Olympusv2/olympus/models/ma_dreamer_20260612-201515/plots/ep000029_bw70_d50_n1.pdf  return=9202.404296875
[orch] ep=29 sum-of-agents return=9202.4
[multi_ep_plot] saved -> /its/home/mm2350/extra/Olympusv2/olympus/models/ma_dreamer_20260612-201515/plots/ep000020_bw100_d60_n2.pdf  return=30190.7
[ep_plot] ep=20 -> /its/home/mm2350/extra/Olympusv2/olympus/models/ma_dreamer_20260612-201515/plots/ep000020_bw100_d60_n2.pdf  return=30190.69677734375
[orch] ep=20 sum-of-agents return=30190.7
[multi_ep_plot] saved -> /its/home/mm2350/extra/Olympusv2/olympus/models/ma_dreamer_20260612-201515/plots/ep000021_bw80_d20_n2.pdf  return=23554.8
[ep_plot] ep=21 -> /its/home/mm2350/extra/Olympusv2/olympus/models/ma_dreamer_20260612-201515/plots/ep000021_bw80_d20_n2.pdf  return=23554.804138183594
[orch] ep=21 sum-of-agents return=23554.8
[sao-listener] new flow 1 10.0.0.1:23400->10.0.0.3:5205 cc=astraea pid=1672773 child=1673040
[sao-listener] single-flow mode: attached worker; stopping ss scans
[sao-listener flow 1] cport=23400 cc=astraea worker active
[worker alg=ma_dreamer reward=tempest_fairness_ma cport=23600 agent=0 group=slot6_ep30 flow=1] started interval=20ms det=0 latent=8x8
[multi_ep_plot] saved -> /its/home/mm2350/extra/Olympusv2/olympus/models/ma_dreamer_20260612-201515/plots/ep000025_bw50_d50_n2.pdf  return=15801.0
[ep_plot] ep=25 -> /its/home/mm2350/extra/Olympusv2/olympus/models/ma_dreamer_20260612-201515/plots/ep000025_bw50_d50_n2.pdf  return=15801.0341796875
[orch] ep=25 sum-of-agents return=15801.0
[plot] saved → /its/home/mm2350/extra/Olympusv2/olympus/models/ma_dreamer_20260612-201515/telemetry/episode_returns.pdf  (ep=19  mean=21985.5  last=18009.2  steps=610  elapsed=4m 16s)
[orch] ep=17  env=multiflow_interleave  type=7_changes  return=31021.39501953125  elapsed=0.07h
[orch] ep=26  env=multiflow_interleave  type=7_changes  return=13910.544921875  elapsed=0.07h
[orch] ep=22  env=multiflow_interleave  type=0_changes  return=19747.328369140625  elapsed=0.07h
[orch] ep=29  env=multiflow_interleave  type=1_change  return=9202.404296875  elapsed=0.07h
[slot=11] ep=33  flows=1  bw=100Mbps  delay=10ms  duration=120s  simul  lifetimes=[120.0]
[slot=13] ep=36  flows=4  bw=90Mbps  delay=60ms  duration=120s  delays=[0.0, 22.4, 0.4, 11.9]  lifetimes=[91.3, 55.7, 119.6, 84.7]
[slot=5] ep=34  flows=1  bw=80Mbps  delay=50ms  duration=120s  simul  lifetimes=[120.0]
[slot=1] ep=35  flows=4  bw=70Mbps  delay=40ms  duration=120s  delays=[0.0, 20.0, 4.4, 4.6]  lifetimes=[120.0, 48.1, 51.1, 54.1]
[sao-listener] new flow 1 10.0.0.1:23800->10.0.0.3:5209 cc=astraea pid=1672783 child=1673259
[sao-listener] single-flow mode: attached worker; stopping ss scans
[sao-listener flow 1] cport=23800 cc=astraea worker active
[sao-listener] cport=23500 worker=/its/home/mm2350/extra/Olympusv2/olympus/algorithms/ma_dreamer/worker.py scan=20ms target_cc=astraea single_flow=1 no_state_pipe=1
[sao-listener] cport=24100 worker=/its/home/mm2350/extra/Olympusv2/olympus/algorithms/ma_dreamer/worker.py scan=20ms target_cc=astraea single_flow=1 no_state_pipe=1
[learner] [learner] hb buf=309136/400000 recv=32 (6/s) groups=31
[multi_ep_plot] saved -> /its/home/mm2350/extra/Olympusv2/olympus/models/ma_dreamer_20260612-201515/plots/ep000024_bw40_d80_n3.pdf  return=44425.4
[ep_plot] ep=24 -> /its/home/mm2350/extra/Olympusv2/olympus/models/ma_dreamer_20260612-201515/plots/ep000024_bw40_d80_n3.pdf  return=44425.37890625
[orch] ep=24 sum-of-agents return=44425.4
[sao-listener] cport=23100 worker=/its/home/mm2350/extra/Olympusv2/olympus/algorithms/ma_dreamer/worker.py scan=20ms target_cc=astraea single_flow=1 no_state_pipe=1
[sao-listener] cport=24300 worker=/its/home/mm2350/extra/Olympusv2/olympus/algorithms/ma_dreamer/worker.py scan=20ms target_cc=astraea single_flow=1 no_state_pipe=1
[sao-listener] cport=23101 worker=/its/home/mm2350/extra/Olympusv2/olympus/algorithms/ma_dreamer/worker.py scan=20ms target_cc=astraea single_flow=1 no_state_pipe=1
[sao-listener] cport=24301 worker=/its/home/mm2350/extra/Olympusv2/olympus/algorithms/ma_dreamer/worker.py scan=20ms target_cc=astraea single_flow=1 no_state_pipe=1
[sao-listener] cport=23102 worker=/its/home/mm2350/extra/Olympusv2/olympus/algorithms/ma_dreamer/worker.py scan=20ms target_cc=astraea single_flow=1 no_state_pipe=1
[sao-listener] cport=24302 worker=/its/home/mm2350/extra/Olympusv2/olympus/algorithms/ma_dreamer/worker.py scan=20ms target_cc=astraea single_flow=1 no_state_pipe=1
[sao-listener] cport=23103 worker=/its/home/mm2350/extra/Olympusv2/olympus/algorithms/ma_dreamer/worker.py scan=20ms target_cc=astraea single_flow=1 no_state_pipe=1
[sao-listener] cport=24303 worker=/its/home/mm2350/extra/Olympusv2/olympus/algorithms/ma_dreamer/worker.py scan=20ms target_cc=astraea single_flow=1 no_state_pipe=1
[worker cport=23400 agent=0] loaded checkpoint step=600
[multi_ep_plot] saved -> /its/home/mm2350/extra/Olympusv2/olympus/models/ma_dreamer_20260612-201515/plots/ep000027_bw70_d70_n3.pdf  return=33778.1
[ep_plot] ep=27 -> /its/home/mm2350/extra/Olympusv2/olympus/models/ma_dreamer_20260612-201515/plots/ep000027_bw70_d70_n3.pdf  return=33778.1416015625
[orch] ep=27 sum-of-agents return=33778.1
[sao-listener] new flow 1 10.0.0.1:24100->10.0.0.2:5212 cc=astraea pid=1674740 child=1674881
[sao-listener] single-flow mode: attached worker; stopping ss scans
[sao-listener flow 1] cport=24100 cc=astraea worker active
[worker cport=23800 agent=0] loaded checkpoint step=600
[worker alg=ma_dreamer reward=tempest_fairness_ma cport=23400 agent=0 group=slot4_ep31 flow=1] started interval=20ms det=0 latent=8x8
[worker alg=ma_dreamer reward=tempest_fairness_ma cport=23800 agent=0 group=slot8_ep32 flow=1] started interval=20ms det=0 latent=8x8
[multi_ep_plot] saved -> /its/home/mm2350/extra/Olympusv2/olympus/models/ma_dreamer_20260612-201515/plots/ep000023_bw90_d10_n4.pdf  return=33085.8
[ep_plot] ep=23 -> /its/home/mm2350/extra/Olympusv2/olympus/models/ma_dreamer_20260612-201515/plots/ep000023_bw90_d10_n4.pdf  return=33085.782470703125
[orch] ep=23 sum-of-agents return=33085.8
[plot] saved → /its/home/mm2350/extra/Olympusv2/olympus/models/ma_dreamer_20260612-201515/telemetry/episode_returns.pdf  (ep=23  mean=21374.2  last=9202.4  steps=610  elapsed=4m 17s)
[orch] ep=20  env=multiflow_interleave  type=1_change  return=30190.69677734375  elapsed=0.07h
[orch] ep=21  env=multiflow_interleave  type=7_changes  return=23554.804138183594  elapsed=0.07h
[slot=0] ep=37  flows=3  bw=50Mbps  delay=30ms  duration=120s  delays=[0.0, 21.5, 20.5]  lifetimes=[96.9, 56.9, 99.5]
[orch] ep=25  env=multiflow_interleave  type=7_changes  return=15801.0341796875  elapsed=0.07h
[slot=9] ep=38  flows=1  bw=80Mbps  delay=10ms  duration=120s  simul  lifetimes=[120.0]
[slot=7] ep=39  flows=1  bw=40Mbps  delay=80ms  duration=120s  simul  lifetimes=[120.0]
[orch] ep=24  env=multiflow_interleave  type=7_changes  return=44425.37890625  elapsed=0.07h
[slot=3] ep=40  flows=2  bw=60Mbps  delay=30ms  duration=120s  delays=[0.0, 8.5]  lifetimes=[81.6, 111.5]
[orch] ep=27  env=multiflow_interleave  type=1_change  return=33778.1416015625  elapsed=0.07h
[slot=10] ep=41  flows=4  bw=100Mbps  delay=60ms  duration=120s  delays=[0.0, 14.3, 0.8, 17.3]  lifetimes=[99.2, 105.7, 30.2, 30.8]
[orch] ep=23  env=multiflow_interleave  type=7_changes  return=33085.782470703125  elapsed=0.07h
[slot=14] ep=42  flows=3  bw=80Mbps  delay=60ms  duration=120s  delays=[0.0, 3.2, 23.1]  lifetimes=[120.0, 74.5, 35.9]
[slot=2] ep=43  flows=4  bw=70Mbps  delay=30ms  duration=120s  delays=[0.0, 19.7, 18.2, 2.0]  lifetimes=[120.0, 82.4, 30.6, 72.9]
[multi_ep_plot] saved -> /its/home/mm2350/extra/Olympusv2/olympus/models/ma_dreamer_20260612-201515/plots/ep000028_bw40_d10_n4.pdf  return=24925.7
[ep_plot] ep=28 -> /its/home/mm2350/extra/Olympusv2/olympus/models/ma_dreamer_20260612-201515/plots/ep000028_bw40_d10_n4.pdf  return=24925.701538085938
[orch] ep=28 sum-of-agents return=24925.7
[orch] ep=28  env=multiflow_interleave  type=0_changes  return=24925.701538085938  elapsed=0.07h
[slot=12] ep=44  flows=3  bw=70Mbps  delay=70ms  duration=120s  delays=[0.0, 11.0, 0.8]  lifetimes=[44.2, 81.7, 119.2]
[sao-listener] cport=23700 worker=/its/home/mm2350/extra/Olympusv2/olympus/algorithms/ma_dreamer/worker.py scan=20ms target_cc=astraea single_flow=1 no_state_pipe=1
[sao-listener] cport=23900 worker=/its/home/mm2350/extra/Olympusv2/olympus/algorithms/ma_dreamer/worker.py scan=20ms target_cc=astraea single_flow=1 no_state_pipe=1
[worker cport=24100 agent=0] loaded checkpoint step=600
[sao-listener] cport=23300 worker=/its/home/mm2350/extra/Olympusv2/olympus/algorithms/ma_dreamer/worker.py scan=20ms target_cc=astraea single_flow=1 no_state_pipe=1
[sao-listener] cport=23301 worker=/its/home/mm2350/extra/Olympusv2/olympus/algorithms/ma_dreamer/worker.py scan=20ms target_cc=astraea single_flow=1 no_state_pipe=1
[sao-listener] cport=24400 worker=/its/home/mm2350/extra/Olympusv2/olympus/algorithms/ma_dreamer/worker.py scan=20ms target_cc=astraea single_flow=1 no_state_pipe=1
[sao-listener] cport=23000 worker=/its/home/mm2350/extra/Olympusv2/olympus/algorithms/ma_dreamer/worker.py scan=20ms target_cc=astraea single_flow=1 no_state_pipe=1
[sao-listener] cport=24401 worker=/its/home/mm2350/extra/Olympusv2/olympus/algorithms/ma_dreamer/worker.py scan=20ms target_cc=astraea single_flow=1 no_state_pipe=1
[sao-listener] cport=23001 worker=/its/home/mm2350/extra/Olympusv2/olympus/algorithms/ma_dreamer/worker.py scan=20ms target_cc=astraea single_flow=1 no_state_pipe=1
[learner] [learner] step=   620 local_wm=2.427 global_wm=4.630 latent=(0.023,1.248) critic=4.005 actor=nan R_fair=0.0711 fair_cost=1.777 return=-0.912 buf=309216 groups=33
[sao-listener] cport=24402 worker=/its/home/mm2350/extra/Olympusv2/olympus/algorithms/ma_dreamer/worker.py scan=20ms target_cc=astraea single_flow=1 no_state_pipe=1
[sao-listener] cport=23002 worker=/its/home/mm2350/extra/Olympusv2/olympus/algorithms/ma_dreamer/worker.py scan=20ms target_cc=astraea single_flow=1 no_state_pipe=1
[worker alg=ma_dreamer reward=tempest_fairness_ma cport=24100 agent=0 group=slot11_ep33 flow=1] started interval=20ms det=0 latent=8x8
[sao-listener] cport=23200 worker=/its/home/mm2350/extra/Olympusv2/olympus/algorithms/ma_dreamer/worker.py scan=20ms target_cc=astraea single_flow=1 no_state_pipe=1
[sao-listener] cport=23201 worker=/its/home/mm2350/extra/Olympusv2/olympus/algorithms/ma_dreamer/worker.py scan=20ms target_cc=astraea single_flow=1 no_state_pipe=1
[sao-listener] cport=24000 worker=/its/home/mm2350/extra/Olympusv2/olympus/algorithms/ma_dreamer/worker.py scan=20ms target_cc=astraea single_flow=1 no_state_pipe=1
[sao-listener] cport=23202 worker=/its/home/mm2350/extra/Olympusv2/olympus/algorithms/ma_dreamer/worker.py scan=20ms target_cc=astraea single_flow=1 no_state_pipe=1
[sao-listener] cport=24001 worker=/its/home/mm2350/extra/Olympusv2/olympus/algorithms/ma_dreamer/worker.py scan=20ms target_cc=astraea single_flow=1 no_state_pipe=1
[sao-listener] cport=24002 worker=/its/home/mm2350/extra/Olympusv2/olympus/algorithms/ma_dreamer/worker.py scan=20ms target_cc=astraea single_flow=1 no_state_pipe=1
[sao-listener] cport=23203 worker=/its/home/mm2350/extra/Olympusv2/olympus/algorithms/ma_dreamer/worker.py scan=20ms target_cc=astraea single_flow=1 no_state_pipe=1
[sao-listener] cport=24003 worker=/its/home/mm2350/extra/Olympusv2/olympus/algorithms/ma_dreamer/worker.py scan=20ms target_cc=astraea single_flow=1 no_state_pipe=1
[sao-listener] new flow 1 10.0.0.1:23500->10.0.0.2:5206 cc=astraea pid=1674733 child=1677002
[sao-listener] single-flow mode: attached worker; stopping ss scans
[sao-listener flow 1] cport=23500 cc=astraea worker active
[sao-listener] cport=24200 worker=/its/home/mm2350/extra/Olympusv2/olympus/algorithms/ma_dreamer/worker.py scan=20ms target_cc=astraea single_flow=1 no_state_pipe=1
[sao-listener] cport=24201 worker=/its/home/mm2350/extra/Olympusv2/olympus/algorithms/ma_dreamer/worker.py scan=20ms target_cc=astraea single_flow=1 no_state_pipe=1
[sao-listener] cport=24202 worker=/its/home/mm2350/extra/Olympusv2/olympus/algorithms/ma_dreamer/worker.py scan=20ms target_cc=astraea single_flow=1 no_state_pipe=1
[sao-listener] new flow 1 10.0.0.1:24300->10.0.0.5:5214 cc=astraea pid=1675090 child=1677733
[sao-listener] single-flow mode: attached worker; stopping ss scans
[sao-listener flow 1] cport=24300 cc=astraea worker active
[sao-listener] new flow 1 10.0.0.1:23100->10.0.0.5:5202 cc=astraea pid=1675072 child=1677853
[sao-listener] single-flow mode: attached worker; stopping ss scans
[sao-listener flow 1] cport=23100 cc=astraea worker active
[sao-listener] new flow 1 10.0.0.3:24302->10.0.0.7:5214 cc=astraea pid=1675697 child=1678318
[sao-listener] single-flow mode: attached worker; stopping ss scans
[sao-listener flow 1] cport=24302 cc=astraea worker active
[worker cport=23500 agent=0] loaded checkpoint step=600
[sao-listener] new flow 1 10.0.0.1:23900->10.0.0.2:5210 cc=astraea pid=1676902 child=1679203
[sao-listener] single-flow mode: attached worker; stopping ss scans
[sao-listener flow 1] cport=23900 cc=astraea worker active
[sao-listener] new flow 1 10.0.0.1:23300->10.0.0.3:5204 cc=astraea pid=1677219 child=1679328
[sao-listener] single-flow mode: attached worker; stopping ss scans
[sao-listener flow 1] cport=23300 cc=astraea worker active
[worker alg=ma_dreamer reward=tempest_fairness_ma cport=23500 agent=0 group=slot5_ep34 flow=1] started interval=20ms det=0 latent=8x8
[sao-listener] new flow 1 10.0.0.1:23700->10.0.0.2:5208 cc=astraea pid=1676875 child=1679447
[sao-listener] single-flow mode: attached worker; stopping ss scans
[sao-listener flow 1] cport=23700 cc=astraea worker active
[sao-listener] new flow 1 10.0.0.1:24000->10.0.0.5:5211 cc=astraea pid=1677641 child=1679698
[sao-listener] single-flow mode: attached worker; stopping ss scans
[sao-listener flow 1] cport=24000 cc=astraea worker active
[sao-listener] new flow 1 10.0.0.1:23000->10.0.0.4:5201 cc=astraea pid=1677474 child=1679750
[sao-listener] single-flow mode: attached worker; stopping ss scans
[sao-listener flow 1] cport=23000 cc=astraea worker active
[sao-listener] new flow 1 10.0.0.1:23200->10.0.0.5:5203 cc=astraea pid=1677615 child=1679920
[sao-listener] single-flow mode: attached worker; stopping ss scans
[sao-listener flow 1] cport=23200 cc=astraea worker active
[worker cport=24300 agent=0] loaded checkpoint step=600
[sao-listener] new flow 1 10.0.0.1:24400->10.0.0.4:5215 cc=astraea pid=1677467 child=1679996
[sao-listener] single-flow mode: attached worker; stopping ss scans
[sao-listener flow 1] cport=24400 cc=astraea worker active
[worker cport=23100 agent=0] loaded checkpoint step=600
[worker alg=ma_dreamer reward=tempest_fairness_ma cport=24300 agent=0 group=slot13_ep36 flow=1] started interval=20ms det=0 latent=8x8
[worker alg=ma_dreamer reward=tempest_fairness_ma cport=23100 agent=0 group=slot1_ep35 flow=1] started interval=20ms det=0 latent=8x8
[worker cport=24302 agent=2] loaded checkpoint step=600
[worker alg=ma_dreamer reward=tempest_fairness_ma cport=24302 agent=2 group=slot13_ep36 flow=1] started interval=20ms det=0 latent=8x8
[worker cport=23900 agent=0] loaded checkpoint step=600
[sao-listener] new flow 1 10.0.0.3:24002->10.0.0.7:5211 cc=astraea pid=1678790 child=1680587
[sao-listener] single-flow mode: attached worker; stopping ss scans
[sao-listener flow 1] cport=24002 cc=astraea worker active
[worker cport=23300 agent=0] loaded checkpoint step=600
[worker cport=23700 agent=0] loaded checkpoint step=600
[worker cport=24000 agent=0] loaded checkpoint step=600
[worker cport=23000 agent=0] loaded checkpoint step=600
[sao-listener] new flow 1 10.0.0.4:23203->10.0.0.8:5203 cc=astraea pid=1680395 child=1680877
[sao-listener] single-flow mode: attached worker; stopping ss scans
[sao-listener flow 1] cport=23203 cc=astraea worker active
[worker cport=23200 agent=0] loaded checkpoint step=600
[worker alg=ma_dreamer reward=tempest_fairness_ma cport=23900 agent=0 group=slot9_ep38 flow=1] started interval=20ms det=0 latent=8x8
[worker alg=ma_dreamer reward=tempest_fairness_ma cport=23300 agent=0 group=slot3_ep40 flow=1] started interval=20ms det=0 latent=8x8
[worker alg=ma_dreamer reward=tempest_fairness_ma cport=23700 agent=0 group=slot7_ep39 flow=1] started interval=20ms det=0 latent=8x8
[worker cport=24400 agent=0] loaded checkpoint step=600
[worker alg=ma_dreamer reward=tempest_fairness_ma cport=24000 agent=0 group=slot10_ep41 flow=1] started interval=20ms det=0 latent=8x8
[worker alg=ma_dreamer reward=tempest_fairness_ma cport=23000 agent=0 group=slot0_ep37 flow=1] started interval=20ms det=0 latent=8x8
[worker alg=ma_dreamer reward=tempest_fairness_ma cport=23200 agent=0 group=slot2_ep43 flow=1] started interval=20ms det=0 latent=8x8
[worker alg=ma_dreamer reward=tempest_fairness_ma cport=24400 agent=0 group=slot14_ep42 flow=1] started interval=20ms det=0 latent=8x8
[learner] [learner] hb buf=310400/400000 recv=1264 (248/s) groups=44
[worker cport=24002 agent=2] loaded checkpoint step=600
[sao-listener] new flow 1 10.0.0.1:24200->10.0.0.4:5213 cc=astraea pid=1677866 child=1681393
[sao-listener] single-flow mode: attached worker; stopping ss scans
[sao-listener flow 1] cport=24200 cc=astraea worker active
[worker cport=23203 agent=3] loaded checkpoint step=600
[worker alg=ma_dreamer reward=tempest_fairness_ma cport=24002 agent=2 group=slot10_ep41 flow=1] started interval=20ms det=0 latent=8x8
[sao-listener] new flow 1 10.0.0.3:24202->10.0.0.6:5213 cc=astraea pid=1679235 child=1681576
[sao-listener] single-flow mode: attached worker; stopping ss scans
[sao-listener flow 1] cport=24202 cc=astraea worker active
[learner] [learner] step=   630 local_wm=2.643 global_wm=4.848 latent=(0.026,1.298) critic=4.091 actor=nan R_fair=0.0844 fair_cost=2.110 return=0.536 buf=310400 groups=44
[worker alg=ma_dreamer reward=tempest_fairness_ma cport=23203 agent=3 group=slot2_ep43 flow=1] started interval=20ms det=0 latent=8x8
[worker cport=24200 agent=0] loaded checkpoint step=600
[sao-listener] new flow 1 10.0.0.3:23102->10.0.0.7:5202 cc=astraea pid=1681287 child=1681989
[sao-listener] single-flow mode: attached worker; stopping ss scans
[sao-listener flow 1] cport=23102 cc=astraea worker active
[worker cport=24202 agent=2] loaded checkpoint step=600
[worker alg=ma_dreamer reward=tempest_fairness_ma cport=24200 agent=0 group=slot12_ep44 flow=1] started interval=20ms det=0 latent=8x8
[worker alg=ma_dreamer reward=tempest_fairness_ma cport=24202 agent=2 group=slot12_ep44 flow=1] started interval=20ms det=0 latent=8x8
[sao-listener] new flow 1 10.0.0.2:24401->10.0.0.5:5215 cc=astraea pid=1681385 child=1682533
[sao-listener] single-flow mode: attached worker; stopping ss scans
[sao-listener flow 1] cport=24401 cc=astraea worker active
[worker cport=23102 agent=2] loaded checkpoint step=600
[worker alg=ma_dreamer reward=tempest_fairness_ma cport=23102 agent=2 group=slot1_ep35 flow=1] started interval=20ms det=0 latent=8x8
[worker cport=24401 agent=1] loaded checkpoint step=600
[worker alg=ma_dreamer reward=tempest_fairness_ma cport=24401 agent=1 group=slot14_ep42 flow=1] started interval=20ms det=0 latent=8x8
[learner] [learner] step=   640 local_wm=2.824 global_wm=4.701 latent=(0.026,1.260) critic=4.153 actor=nan R_fair=0.0760 fair_cost=1.900 return=1.633 buf=313344 groups=45
[sao-listener] new flow 1 10.0.0.4:23103->10.0.0.8:5202 cc=astraea pid=1681467 child=1683452
[sao-listener] single-flow mode: attached worker; stopping ss scans
[sao-listener flow 1] cport=23103 cc=astraea worker active
[worker cport=23103 agent=3] loaded checkpoint step=600
[worker alg=ma_dreamer reward=tempest_fairness_ma cport=23103 agent=3 group=slot1_ep35 flow=1] started interval=20ms det=0 latent=8x8
[learner] [learner] hb buf=315456/400000 recv=5056 (952/s) groups=45
[sao-listener] new flow 1 10.0.0.2:23401->10.0.0.4:5205 cc=astraea pid=1683523 child=1684604
[sao-listener] single-flow mode: attached worker; stopping ss scans
[sao-listener flow 1] cport=23401 cc=astraea worker active
[sao-listener] new flow 1 10.0.0.2:23301->10.0.0.4:5204 cc=astraea pid=1684161 child=1684882
[sao-listener] single-flow mode: attached worker; stopping ss scans
[sao-listener flow 1] cport=23301 cc=astraea worker active
[learner] [learner] step=   650 local_wm=2.541 global_wm=4.609 latent=(0.023,1.240) critic=3.970 actor=nan R_fair=0.1074 fair_cost=2.684 return=-6.150 buf=316944 groups=45
[worker cport=23401 agent=1] loaded checkpoint step=600
[orch] link change t=15.0s bw=100.0 delay=None
[worker alg=ma_dreamer reward=tempest_fairness_ma cport=23401 agent=1 group=slot4_ep31 flow=1] started interval=20ms det=0 latent=8x8
[worker cport=23301 agent=1] loaded checkpoint step=600
[worker alg=ma_dreamer reward=tempest_fairness_ma cport=23301 agent=1 group=slot3_ep40 flow=1] started interval=20ms det=0 latent=8x8
[orch] link change t=15.0s bw=100.0 delay=None
[orch] link change t=15.0s bw=None delay=160.0
[orch] link change t=15.0s bw=160.0 delay=25.0
[orch] link change t=15.0s bw=None delay=80.0
[orch] link change t=15.0s bw=180.0 delay=30.0
[learner] [learner] step=   660 local_wm=2.525 global_wm=4.567 latent=(0.027,1.266) critic=3.968 actor=nan R_fair=0.0933 fair_cost=2.331 return=-3.424 buf=320880 groups=45
[learner] [learner] hb buf=321264/400000 recv=5808 (1138/s) groups=45
[sao-listener] new flow 1 10.0.0.2:24201->10.0.0.5:5213 cc=astraea pid=1685522 child=1686402
[sao-listener] single-flow mode: attached worker; stopping ss scans
[sao-listener flow 1] cport=24201 cc=astraea worker active
[orch] link change t=15.0s bw=20.0 delay=None
[orch] link change t=15.0s bw=None delay=20.0
[orch] link change t=15.0s bw=45.0 delay=None
[orch] link change t=15.0s bw=None delay=30.0
[sao-listener] new flow 1 10.0.0.4:24303->10.0.0.8:5214 cc=astraea pid=1685209 child=1686713
[sao-listener] single-flow mode: attached worker; stopping ss scans
[sao-listener flow 1] cport=24303 cc=astraea worker active
[orch] link change t=15.0s bw=None delay=60.0
[orch] link change t=15.0s bw=50.0 delay=120.0
[worker cport=24201 agent=1] loaded checkpoint step=600
[orch] link change t=15.0s bw=None delay=140.0
[worker alg=ma_dreamer reward=tempest_fairness_ma cport=24201 agent=1 group=slot12_ep44 flow=1] started interval=20ms det=0 latent=8x8
[worker cport=24303 agent=3] loaded checkpoint step=600
[worker alg=ma_dreamer reward=tempest_fairness_ma cport=24303 agent=3 group=slot13_ep36 flow=1] started interval=20ms det=0 latent=8x8
[learner] [learner] step=   670 local_wm=2.448 global_wm=4.492 latent=(0.026,1.243) critic=4.139 actor=nan R_fair=0.1052 fair_cost=2.630 return=-5.735 buf=325056 groups=45
[sao-listener] new flow 1 10.0.0.2:24001->10.0.0.6:5211 cc=astraea pid=1686749 child=1687860
[sao-listener] single-flow mode: attached worker; stopping ss scans
[sao-listener flow 1] cport=24001 cc=astraea worker active
[learner] [learner] hb buf=327728/400000 recv=6464 (1274/s) groups=45
[worker cport=24001 agent=1] loaded checkpoint step=600
[worker alg=ma_dreamer reward=tempest_fairness_ma cport=24001 agent=1 group=slot10_ep41 flow=1] started interval=20ms det=0 latent=8x8
[sao-listener] new flow 1 10.0.0.2:23801->10.0.0.4:5209 cc=astraea pid=1688071 child=1688522
[sao-listener] single-flow mode: attached worker; stopping ss scans
[sao-listener flow 1] cport=23801 cc=astraea worker active
[learner] [learner] step=   680 local_wm=2.397 global_wm=4.505 latent=(0.023,1.249) critic=3.957 actor=nan R_fair=0.1048 fair_cost=2.619 return=-5.000 buf=329456 groups=45
[sao-listener] new flow 1 10.0.0.3:23202->10.0.0.7:5203 cc=astraea pid=1688052 child=1688750
[sao-listener] single-flow mode: attached worker; stopping ss scans
[sao-listener flow 1] cport=23202 cc=astraea worker active
[worker cport=23801 agent=1] loaded checkpoint step=600
[sao-listener] new flow 1 10.0.0.4:24003->10.0.0.8:5211 cc=astraea pid=1687756 child=1688896
[sao-listener] single-flow mode: attached worker; stopping ss scans
[sao-listener flow 1] cport=24003 cc=astraea worker active
[worker alg=ma_dreamer reward=tempest_fairness_ma cport=23801 agent=1 group=slot8_ep32 flow=1] started interval=20ms det=0 latent=8x8
[worker cport=23202 agent=2] loaded checkpoint step=600
[worker cport=24003 agent=3] loaded checkpoint step=600
[worker alg=ma_dreamer reward=tempest_fairness_ma cport=23202 agent=2 group=slot2_ep43 flow=1] started interval=20ms det=0 latent=8x8
[worker alg=ma_dreamer reward=tempest_fairness_ma cport=24003 agent=3 group=slot10_ep41 flow=1] started interval=20ms det=0 latent=8x8
[sao-listener] new flow 1 10.0.0.2:24301->10.0.0.6:5214 cc=astraea pid=1688984 child=1689268
[sao-listener] single-flow mode: attached worker; stopping ss scans
[sao-listener flow 1] cport=24301 cc=astraea worker active
[sao-listener] new flow 1 10.0.0.2:23101->10.0.0.6:5202 cc=astraea pid=1688191 child=1689353
[sao-listener] single-flow mode: attached worker; stopping ss scans
[sao-listener flow 1] cport=23101 cc=astraea worker active
[worker cport=24301 agent=1] loaded checkpoint step=600
[sao-listener] new flow 1 10.0.0.2:23201->10.0.0.6:5203 cc=astraea pid=1688491 child=1689524
[sao-listener] single-flow mode: attached worker; stopping ss scans
[sao-listener flow 1] cport=23201 cc=astraea worker active
[sao-listener] new flow 1 10.0.0.2:23001->10.0.0.5:5201 cc=astraea pid=1689050 child=1689584
[sao-listener] single-flow mode: attached worker; stopping ss scans
[sao-listener flow 1] cport=23001 cc=astraea worker active
[worker alg=ma_dreamer reward=tempest_fairness_ma cport=24301 agent=1 group=slot13_ep36 flow=1] started interval=20ms det=0 latent=8x8
[worker cport=23101 agent=1] loaded checkpoint step=600
[sao-listener] new flow 1 10.0.0.3:23002->10.0.0.6:5201 cc=astraea pid=1688706 child=1689716
[sao-listener] single-flow mode: attached worker; stopping ss scans
[sao-listener flow 1] cport=23002 cc=astraea worker active
[worker alg=ma_dreamer reward=tempest_fairness_ma cport=23101 agent=1 group=slot1_ep35 flow=1] started interval=20ms det=0 latent=8x8
[learner] [learner] step=   690 local_wm=2.300 global_wm=4.505 latent=(0.022,1.183) critic=4.044 actor=nan R_fair=0.0796 fair_cost=1.989 return=-3.034 buf=334560 groups=45
[learner] [learner] hb buf=335216/400000 recv=7488 (1406/s) groups=45
[worker cport=23201 agent=1] loaded checkpoint step=600
[worker cport=23001 agent=1] loaded checkpoint step=600
[worker alg=ma_dreamer reward=tempest_fairness_ma cport=23201 agent=1 group=slot2_ep43 flow=1] started interval=20ms det=0 latent=8x8
[worker alg=ma_dreamer reward=tempest_fairness_ma cport=23001 agent=1 group=slot0_ep37 flow=1] started interval=20ms det=0 latent=8x8
[worker cport=23002 agent=2] loaded checkpoint step=600
[worker alg=ma_dreamer reward=tempest_fairness_ma cport=23002 agent=2 group=slot0_ep37 flow=1] started interval=20ms det=0 latent=8x8
[sao-listener] new flow 1 10.0.0.3:24402->10.0.0.6:5215 cc=astraea pid=1689522 child=1689998
[sao-listener] single-flow mode: attached worker; stopping ss scans
[sao-listener flow 1] cport=24402 cc=astraea worker active
[orch] link change t=30.0s bw=50.0 delay=None
[worker cport=24402 agent=2] loaded checkpoint step=600
[worker alg=ma_dreamer reward=tempest_fairness_ma cport=24402 agent=2 group=slot14_ep42 flow=1] started interval=20ms det=0 latent=8x8
[learner] [learner] step=   700 local_wm=2.373 global_wm=4.343 latent=(0.026,1.210) critic=3.990 actor=nan R_fair=0.1097 fair_cost=2.743 return=-4.447 buf=340672 groups=45
[orch] link change t=30.0s bw=None delay=40.0
[orch] link change t=30.0s bw=None delay=10.0
[orch] link change t=30.0s bw=90.0 delay=None
[learner] [learner] hb buf=344576/400000 recv=9360 (1740/s) groups=45
[orch] link change t=30.0s bw=100.0 delay=60.0
[orch] link change t=30.0s bw=None delay=70.0
[learner] [learner] step=   710 local_wm=2.393 global_wm=4.541 latent=(0.023,1.183) critic=3.927 actor=nan R_fair=0.0999 fair_cost=2.497 return=-6.401 buf=347328 groups=45
[learner] [learner] hb buf=354048/400000 recv=9472 (1772/s) groups=45
[learner] [learner] step=   720 local_wm=2.460 global_wm=4.559 latent=(0.027,1.221) critic=3.894 actor=nan R_fair=0.1042 fair_cost=2.604 return=-5.736 buf=354048 groups=45
[learner] [learner] step=   730 local_wm=2.356 global_wm=4.351 latent=(0.024,1.191) critic=3.967 actor=nan R_fair=0.0995 fair_cost=2.487 return=-6.508 buf=360320 groups=45
[learner] [learner] hb buf=362864/400000 recv=8816 (1743/s) groups=45
[orch] link change t=45.0s bw=100.0 delay=None
[learner] [learner] step=   740 local_wm=2.385 global_wm=4.423 latent=(0.023,1.194) critic=3.892 actor=nan R_fair=0.0920 fair_cost=2.301 return=-4.101 buf=366368 groups=45
[orch] link change t=45.0s bw=None delay=80.0
[orch] link change t=45.0s bw=None delay=20.0
[orch] link change t=45.0s bw=30.0 delay=None
[orch] link change t=45.0s bw=50.0 delay=120.0
[orch] link change t=45.0s bw=None delay=140.0
[learner] [learner] hb buf=372080/400000 recv=9216 (1722/s) groups=45
[learner] [learner] step=   750 local_wm=2.305 global_wm=4.359 latent=(0.021,1.181) critic=3.934 actor=nan R_fair=0.0834 fair_cost=2.085 return=-2.228 buf=372704 groups=45
[learner] [learner] step=   760 local_wm=2.295 global_wm=4.306 latent=(0.021,1.149) critic=4.020 actor=nan R_fair=0.0891 fair_cost=2.227 return=-3.294 buf=378720 groups=45
[learner] [learner] hb buf=380400/400000 recv=8320 (1651/s) groups=45
[learner] [learner] step=   770 local_wm=2.301 global_wm=4.476 latent=(0.023,1.203) critic=3.996 actor=nan R_fair=0.0685 fair_cost=1.713 return=-0.138 buf=384400 groups=45
[learner] [learner] hb buf=388480/400000 recv=8080 (1540/s) groups=45
[orch] link change t=60.0s bw=50.0 delay=None
[learner] [learner] step=   780 local_wm=2.277 global_wm=4.313 latent=(0.020,1.141) critic=3.943 actor=nan R_fair=0.0813 fair_cost=2.033 return=-3.787 buf=390192 groups=45
[orch] link change t=60.0s bw=None delay=40.0
[orch] link change t=60.0s bw=None delay=10.0
[orch] link change t=60.0s bw=120.0 delay=None
[orch] link change t=60.0s bw=100.0 delay=60.0
[orch] link change t=60.0s bw=None delay=70.0
[learner] [learner] step=   790 local_wm=2.233 global_wm=4.438 latent=(0.021,1.120) critic=3.953 actor=nan R_fair=0.0774 fair_cost=1.934 return=-1.717 buf=395456 groups=45
[learner] [learner] hb buf=396032/400000 recv=7552 (1447/s) groups=45
[learner] [learner] saved checkpoint step=800 path=/its/home/mm2350/extra/Olympusv2/olympus/models/ma_dreamer_20260612-201515/checkpoints/ma_dreamer_cwnd_model.pt
[learner] [learner] step=   800 local_wm=2.345 global_wm=4.413 latent=(0.024,1.139) critic=3.790 actor=nan R_fair=0.0915 fair_cost=2.287 return=-5.226 buf=394896 groups=44
[learner] [learner] hb buf=397472/400000 recv=7296 (1375/s) groups=44
[learner] [learner] step=   810 local_wm=2.353 global_wm=4.383 latent=(0.021,1.145) critic=3.885 actor=nan R_fair=0.0664 fair_cost=1.661 return=-0.207 buf=400000 groups=44
[learner] [learner] hb buf=398560/400000 recv=6944 (1349/s) groups=44
[orch] link change t=75.0s bw=100.0 delay=None
[learner] [learner] step=   820 local_wm=2.213 global_wm=4.293 latent=(0.023,1.159) critic=3.780 actor=nan R_fair=0.0868 fair_cost=2.169 return=-6.843 buf=399056 groups=44
[orch] link change t=75.0s bw=None delay=80.0
[orch] link change t=75.0s bw=None delay=20.0
[orch] link change t=75.0s bw=45.0 delay=None
[orch] link change t=75.0s bw=50.0 delay=120.0
[orch] link change t=75.0s bw=None delay=140.0
[learner] [learner] step=   830 local_wm=2.377 global_wm=4.436 latent=(0.022,1.155) critic=3.823 actor=nan R_fair=0.0852 fair_cost=2.129 return=-4.392 buf=399984 groups=44
[learner] [learner] hb buf=395664/400000 recv=6880 (1331/s) groups=43
[learner] [learner] step=   840 local_wm=2.293 global_wm=4.482 latent=(0.023,1.137) critic=3.811 actor=nan R_fair=0.0844 fair_cost=2.111 return=-3.067 buf=398832 groups=43
[learner] [learner] hb buf=396160/400000 recv=6192 (1178/s) groups=42
[learner] [learner] step=   850 local_wm=2.314 global_wm=4.210 latent=(0.020,1.112) critic=3.912 actor=nan R_fair=0.0657 fair_cost=1.642 return=-1.742 buf=397360 groups=42
[orch] link change t=90.0s bw=50.0 delay=None
[learner] [learner] step=   860 local_wm=2.221 global_wm=4.405 latent=(0.025,1.126) critic=3.816 actor=nan R_fair=0.0834 fair_cost=2.086 return=-4.150 buf=396720 groups=42
[learner] [learner] hb buf=397152/400000 recv=5632 (1094/s) groups=42
[orch] link change t=90.0s bw=None delay=40.0
[orch] link change t=90.0s bw=None delay=10.0
[orch] link change t=90.0s bw=90.0 delay=None
[orch] link change t=90.0s bw=100.0 delay=60.0
[orch] link change t=90.0s bw=None delay=70.0
[learner] [learner] step=   870 local_wm=2.284 global_wm=4.365 latent=(0.026,1.125) critic=3.690 actor=nan R_fair=0.0821 fair_cost=2.053 return=-6.699 buf=395856 groups=42
[learner] [learner] hb buf=397808/400000 recv=5504 (1077/s) groups=42
[learner] [learner] step=   880 local_wm=2.130 global_wm=4.150 latent=(0.021,1.088) critic=3.796 actor=nan R_fair=0.0794 fair_cost=1.984 return=-2.476 buf=399728 groups=42
[learner] [learner] hb buf=397024/400000 recv=4928 (920/s) groups=42
[learner] [learner] step=   890 local_wm=2.249 global_wm=4.393 latent=(0.023,1.118) critic=3.814 actor=nan R_fair=0.0814 fair_cost=2.036 return=-1.959 buf=397344 groups=42
[orch] link change t=105.0s bw=100.0 delay=None
[learner] [learner] step=   900 local_wm=2.362 global_wm=4.359 latent=(0.023,1.122) critic=3.721 actor=nan R_fair=0.0633 fair_cost=1.582 return=-2.888 buf=396224 groups=42
[learner] [learner] hb buf=397024/400000 recv=4144 (806/s) groups=42
[orch] link change t=105.0s bw=None delay=80.0
[orch] link change t=105.0s bw=None delay=20.0
[orch] link change t=105.0s bw=30.0 delay=None
[orch] link change t=105.0s bw=50.0 delay=120.0
[orch] link change t=105.0s bw=None delay=140.0
[learner] [learner] step=   910 local_wm=2.268 global_wm=4.240 latent=(0.025,1.103) critic=3.702 actor=nan R_fair=0.0892 fair_cost=2.229 return=-4.744 buf=399008 groups=42
[learner] [learner] hb buf=395232/400000 recv=3904 (752/s) groups=42
[learner] [learner] step=   920 local_wm=2.299 global_wm=4.280 latent=(0.023,1.089) critic=3.847 actor=nan R_fair=0.0632 fair_cost=1.579 return=-2.496 buf=396096 groups=42
[learner] [learner] step=   930 local_wm=2.387 global_wm=4.422 latent=(0.019,1.102) critic=3.747 actor=nan R_fair=0.0794 fair_cost=1.984 return=-3.726 buf=398976 groups=42
[learner] [learner] hb buf=399232/400000 recv=4000 (747/s) groups=42
[learner] [learner] step=   940 local_wm=2.351 global_wm=4.313 latent=(0.021,1.132) critic=3.739 actor=nan R_fair=0.0696 fair_cost=1.740 return=-2.350 buf=395984 groups=41
[learner] [learner] hb buf=397104/400000 recv=3552 (691/s) groups=41
[learner] [learner] step=   950 local_wm=2.392 global_wm=4.353 latent=(0.028,1.148) critic=3.755 actor=nan R_fair=0.0917 fair_cost=2.293 return=-4.352 buf=397760 groups=41
[multi_ep_plot] saved -> /its/home/mm2350/extra/Olympusv2/olympus/models/ma_dreamer_20260612-201515/plots/ep000030_bw50_d70_n1.pdf  return=25207.2
[ep_plot] ep=30 -> /its/home/mm2350/extra/Olympusv2/olympus/models/ma_dreamer_20260612-201515/plots/ep000030_bw50_d70_n1.pdf  return=25207.24609375
[orch] ep=30 sum-of-agents return=25207.2
[orch] ep=30  env=multiflow_interleave  type=1_change  return=25207.24609375  elapsed=0.11h
[slot=6] ep=45  flows=4  bw=60Mbps  delay=50ms  duration=120s  delays=[0.0, 8.3, 22.2, 10.6]  lifetimes=[72.6, 75.3, 24.6, 109.4]
[sao-listener] cport=23600 worker=/its/home/mm2350/extra/Olympusv2/olympus/algorithms/ma_dreamer/worker.py scan=20ms target_cc=astraea single_flow=1 no_state_pipe=1
[sao-listener] cport=23601 worker=/its/home/mm2350/extra/Olympusv2/olympus/algorithms/ma_dreamer/worker.py scan=20ms target_cc=astraea single_flow=1 no_state_pipe=1
[sao-listener] cport=23602 worker=/its/home/mm2350/extra/Olympusv2/olympus/algorithms/ma_dreamer/worker.py scan=20ms target_cc=astraea single_flow=1 no_state_pipe=1
[sao-listener] cport=23603 worker=/its/home/mm2350/extra/Olympusv2/olympus/algorithms/ma_dreamer/worker.py scan=20ms target_cc=astraea single_flow=1 no_state_pipe=1
[multi_ep_plot] saved -> /its/home/mm2350/extra/Olympusv2/olympus/models/ma_dreamer_20260612-201515/plots/ep000031_bw50_d40_n2.pdf  return=18619.2
[ep_plot] ep=31 -> /its/home/mm2350/extra/Olympusv2/olympus/models/ma_dreamer_20260612-201515/plots/ep000031_bw50_d40_n2.pdf  return=18619.208984375
[orch] ep=31 sum-of-agents return=18619.2
[orch] ep=31  env=multiflow_interleave  type=7_changes  return=18619.208984375  elapsed=0.11h
[slot=4] ep=46  flows=1  bw=80Mbps  delay=20ms  duration=120s  simul  lifetimes=[120.0]
[multi_ep_plot] saved -> /its/home/mm2350/extra/Olympusv2/olympus/models/ma_dreamer_20260612-201515/plots/ep000032_bw30_d80_n2.pdf  return=19386.7
[ep_plot] ep=32 -> /its/home/mm2350/extra/Olympusv2/olympus/models/ma_dreamer_20260612-201515/plots/ep000032_bw30_d80_n2.pdf  return=19386.705078125
[orch] ep=32 sum-of-agents return=19386.7
[orch] ep=32  env=multiflow_interleave  type=1_change  return=19386.705078125  elapsed=0.11h
[slot=8] ep=47  flows=3  bw=80Mbps  delay=70ms  duration=120s  delays=[0.0, 4.6, 6.5]  lifetimes=[35.0, 68.4, 113.5]
[learner] [learner] hb buf=397760/400000 recv=656 (124/s) groups=41
[sao-listener] cport=23400 worker=/its/home/mm2350/extra/Olympusv2/olympus/algorithms/ma_dreamer/worker.py scan=20ms target_cc=astraea single_flow=1 no_state_pipe=1
[sao-listener] cport=23800 worker=/its/home/mm2350/extra/Olympusv2/olympus/algorithms/ma_dreamer/worker.py scan=20ms target_cc=astraea single_flow=1 no_state_pipe=1
[sao-listener] cport=23801 worker=/its/home/mm2350/extra/Olympusv2/olympus/algorithms/ma_dreamer/worker.py scan=20ms target_cc=astraea single_flow=1 no_state_pipe=1
[sao-listener] cport=23802 worker=/its/home/mm2350/extra/Olympusv2/olympus/algorithms/ma_dreamer/worker.py scan=20ms target_cc=astraea single_flow=1 no_state_pipe=1
[learner] [learner] step=   960 local_wm=2.342 global_wm=4.326 latent=(0.025,1.137) critic=3.749 actor=nan R_fair=0.0788 fair_cost=1.971 return=-2.884 buf=397760 groups=41
[multi_ep_plot] saved -> /its/home/mm2350/extra/Olympusv2/olympus/models/ma_dreamer_20260612-201515/plots/ep000034_bw80_d50_n1.pdf  return=10877.2
[ep_plot] ep=34 -> /its/home/mm2350/extra/Olympusv2/olympus/models/ma_dreamer_20260612-201515/plots/ep000034_bw80_d50_n1.pdf  return=10877.22265625
[orch] ep=34 sum-of-agents return=10877.2
[orch] ep=34  env=multiflow_interleave  type=1_change  return=10877.22265625  elapsed=0.11h
[slot=5] ep=48  flows=3  bw=90Mbps  delay=20ms  duration=120s  delays=[0.0, 10.2, 2.9]  lifetimes=[120.0, 54.2, 74.9]
[multi_ep_plot] saved -> /its/home/mm2350/extra/Olympusv2/olympus/models/ma_dreamer_20260612-201515/plots/ep000033_bw100_d10_n1.pdf  return=27317.9
[ep_plot] ep=33 -> /its/home/mm2350/extra/Olympusv2/olympus/models/ma_dreamer_20260612-201515/plots/ep000033_bw100_d10_n1.pdf  return=27317.890625
[orch] ep=33 sum-of-agents return=27317.9
[orch] ep=33  env=multiflow_interleave  type=0_changes  return=27317.890625  elapsed=0.11h
[slot=11] ep=49  flows=1  bw=60Mbps  delay=80ms  duration=120s  simul  lifetimes=[120.0]
[sao-listener] new flow 1 10.0.0.1:23600->10.0.0.5:5207 cc=astraea pid=1691850 child=1693720
[sao-listener] single-flow mode: attached worker; stopping ss scans
[sao-listener flow 1] cport=23600 cc=astraea worker active
[sao-listener] cport=24100 worker=/its/home/mm2350/extra/Olympusv2/olympus/algorithms/ma_dreamer/worker.py scan=20ms target_cc=astraea single_flow=1 no_state_pipe=1
[sao-listener] new flow 1 10.0.0.1:23400->10.0.0.2:5205 cc=astraea pid=1693108 child=1694522
[sao-listener] single-flow mode: attached worker; stopping ss scans
[sao-listener flow 1] cport=23400 cc=astraea worker active
[sao-listener] cport=23500 worker=/its/home/mm2350/extra/Olympusv2/olympus/algorithms/ma_dreamer/worker.py scan=20ms target_cc=astraea single_flow=1 no_state_pipe=1
[sao-listener] cport=23501 worker=/its/home/mm2350/extra/Olympusv2/olympus/algorithms/ma_dreamer/worker.py scan=20ms target_cc=astraea single_flow=1 no_state_pipe=1
[sao-listener] cport=23502 worker=/its/home/mm2350/extra/Olympusv2/olympus/algorithms/ma_dreamer/worker.py scan=20ms target_cc=astraea single_flow=1 no_state_pipe=1
[sao-listener] new flow 1 10.0.0.1:23800->10.0.0.4:5209 cc=astraea pid=1693493 child=1694668
[sao-listener] single-flow mode: attached worker; stopping ss scans
[sao-listener flow 1] cport=23800 cc=astraea worker active
[worker cport=23600 agent=0] loaded checkpoint step=800
[multi_ep_plot] saved -> /its/home/mm2350/extra/Olympusv2/olympus/models/ma_dreamer_20260612-201515/plots/ep000039_bw40_d80_n1.pdf  return=9326.6
[ep_plot] ep=39 -> /its/home/mm2350/extra/Olympusv2/olympus/models/ma_dreamer_20260612-201515/plots/ep000039_bw40_d80_n1.pdf  return=9326.609375
[orch] ep=39 sum-of-agents return=9326.6
[orch] ep=39  env=multiflow_interleave  type=1_change  return=9326.609375  elapsed=0.11h
[worker alg=ma_dreamer reward=tempest_fairness_ma cport=23600 agent=0 group=slot6_ep45 flow=1] started interval=20ms det=0 latent=8x8
[multi_ep_plot] saved -> /its/home/mm2350/extra/Olympusv2/olympus/models/ma_dreamer_20260612-201515/plots/ep000038_bw80_d10_n1.pdf  return=20469.1
[ep_plot] ep=38 -> /its/home/mm2350/extra/Olympusv2/olympus/models/ma_dreamer_20260612-201515/plots/ep000038_bw80_d10_n1.pdf  return=20469.125
[orch] ep=38 sum-of-agents return=20469.1
[multi_ep_plot] saved -> /its/home/mm2350/extra/Olympusv2/olympus/models/ma_dreamer_20260612-201515/plots/ep000035_bw70_d40_n4.pdf  return=31475.8
[ep_plot] ep=35 -> /its/home/mm2350/extra/Olympusv2/olympus/models/ma_dreamer_20260612-201515/plots/ep000035_bw70_d40_n4.pdf  return=31475.759765625
[orch] ep=35 sum-of-agents return=31475.8
[sao-listener] new flow 1 10.0.0.1:23500->10.0.0.4:5206 cc=astraea pid=1694985 child=1695092
[sao-listener] single-flow mode: attached worker; stopping ss scans
[sao-listener flow 1] cport=23500 cc=astraea worker active
[worker cport=23400 agent=0] loaded checkpoint step=800
[worker cport=23800 agent=0] loaded checkpoint step=800
[multi_ep_plot] saved -> /its/home/mm2350/extra/Olympusv2/olympus/models/ma_dreamer_20260612-201515/plots/ep000036_bw90_d60_n4.pdf  return=22804.5
[ep_plot] ep=36 -> /its/home/mm2350/extra/Olympusv2/olympus/models/ma_dreamer_20260612-201515/plots/ep000036_bw90_d60_n4.pdf  return=22804.54248046875
[orch] ep=36 sum-of-agents return=22804.5
[worker alg=ma_dreamer reward=tempest_fairness_ma cport=23400 agent=0 group=slot4_ep46 flow=1] started interval=20ms det=0 latent=8x8
[multi_ep_plot] saved -> /its/home/mm2350/extra/Olympusv2/olympus/models/ma_dreamer_20260612-201515/plots/ep000040_bw60_d30_n2.pdf  return=16813.6
[ep_plot] ep=40 -> /its/home/mm2350/extra/Olympusv2/olympus/models/ma_dreamer_20260612-201515/plots/ep000040_bw60_d30_n2.pdf  return=16813.6279296875
[orch] ep=40 sum-of-agents return=16813.6
[worker alg=ma_dreamer reward=tempest_fairness_ma cport=23800 agent=0 group=slot8_ep47 flow=1] started interval=20ms det=0 latent=8x8
[multi_ep_plot] saved -> /its/home/mm2350/extra/Olympusv2/olympus/models/ma_dreamer_20260612-201515/plots/ep000037_bw50_d30_n3.pdf  return=12036.1
[ep_plot] ep=37 -> /its/home/mm2350/extra/Olympusv2/olympus/models/ma_dreamer_20260612-201515/plots/ep000037_bw50_d30_n3.pdf  return=12036.06884765625
[orch] ep=37 sum-of-agents return=12036.1
[multi_ep_plot] saved -> /its/home/mm2350/extra/Olympusv2/olympus/models/ma_dreamer_20260612-201515/plots/ep000042_bw80_d60_n3.pdf  return=12305.0
[ep_plot] ep=42 -> /its/home/mm2350/extra/Olympusv2/olympus/models/ma_dreamer_20260612-201515/plots/ep000042_bw80_d60_n3.pdf  return=12304.969116210938
[orch] ep=42 sum-of-agents return=12305.0
[worker cport=23500 agent=0] loaded checkpoint step=800
[sao-listener] new flow 1 10.0.0.1:24100->10.0.0.2:5212 cc=astraea pid=1694886 child=1695673
[sao-listener] single-flow mode: attached worker; stopping ss scans
[sao-listener flow 1] cport=24100 cc=astraea worker active
[plot] saved → /its/home/mm2350/extra/Olympusv2/olympus/models/ma_dreamer_20260612-201515/telemetry/episode_returns.pdf  (ep=36  mean=22447.3  last=9326.6  steps=960  elapsed=6m 25s)
[orch] ep=38  env=multiflow_interleave  type=7_changes  return=20469.125  elapsed=0.11h
[orch] ep=35  env=multiflow_interleave  type=7_changes  return=31475.759765625  elapsed=0.11h
[slot=7] ep=50  flows=1  bw=100Mbps  delay=10ms  duration=120s  simul  lifetimes=[120.0]
[orch] ep=36  env=multiflow_interleave  type=1_change  return=22804.54248046875  elapsed=0.11h
[slot=9] ep=51  flows=4  bw=90Mbps  delay=40ms  duration=120s  delays=[0.0, 0.4, 15.7, 22.4]  lifetimes=[100.3, 83.6, 89.1, 97.6]
[orch] ep=40  env=multiflow_interleave  type=7_changes  return=16813.6279296875  elapsed=0.11h
[orch] ep=37  env=multiflow_interleave  type=0_changes  return=12036.06884765625  elapsed=0.11h
[slot=13] ep=53  flows=2  bw=50Mbps  delay=70ms  duration=120s  delays=[0.0, 19.8]  lifetimes=[66.7, 100.2]
[slot=1] ep=52  flows=2  bw=30Mbps  delay=80ms  duration=120s  delays=[0.0, 12.6]  lifetimes=[120.0, 59.3]
[orch] ep=42  env=multiflow_interleave  type=1_change  return=12304.969116210938  elapsed=0.11h
[slot=3] ep=54  flows=3  bw=30Mbps  delay=70ms  duration=120s  delays=[0.0, 14.0, 16.6]  lifetimes=[120.0, 89.8, 46.1]
[slot=0] ep=55  flows=3  bw=50Mbps  delay=80ms  duration=120s  delays=[0.0, 1.9, 11.0]  lifetimes=[92.8, 32.9, 109.0]
[slot=14] ep=56  flows=4  bw=60Mbps  delay=40ms  duration=120s  delays=[0.0, 16.1, 20.8, 12.2]  lifetimes=[82.4, 59.8, 99.2, 80.7]
[worker alg=ma_dreamer reward=tempest_fairness_ma cport=23500 agent=0 group=slot5_ep48 flow=1] started interval=20ms det=0 latent=8x8
[sao-listener] cport=23700 worker=/its/home/mm2350/extra/Olympusv2/olympus/algorithms/ma_dreamer/worker.py scan=20ms target_cc=astraea single_flow=1 no_state_pipe=1
[multi_ep_plot] saved -> /its/home/mm2350/extra/Olympusv2/olympus/models/ma_dreamer_20260612-201515/plots/ep000044_bw70_d70_n3.pdf  return=32589.0
[ep_plot] ep=44 -> /its/home/mm2350/extra/Olympusv2/olympus/models/ma_dreamer_20260612-201515/plots/ep000044_bw70_d70_n3.pdf  return=32589.00927734375
[orch] ep=44 sum-of-agents return=32589.0
[orch] ep=44  env=multiflow_interleave  type=7_changes  return=32589.00927734375  elapsed=0.11h
[slot=12] ep=57  flows=2  bw=40Mbps  delay=80ms  duration=120s  delays=[0.0, 0.0]  lifetimes=[120.0, 33.1]
[sao-listener] cport=23100 worker=/its/home/mm2350/extra/Olympusv2/olympus/algorithms/ma_dreamer/worker.py scan=20ms target_cc=astraea single_flow=1 no_state_pipe=1
[sao-listener] cport=24300 worker=/its/home/mm2350/extra/Olympusv2/olympus/algorithms/ma_dreamer/worker.py scan=20ms target_cc=astraea single_flow=1 no_state_pipe=1
[sao-listener] cport=23101 worker=/its/home/mm2350/extra/Olympusv2/olympus/algorithms/ma_dreamer/worker.py scan=20ms target_cc=astraea single_flow=1 no_state_pipe=1
[sao-listener] cport=24301 worker=/its/home/mm2350/extra/Olympusv2/olympus/algorithms/ma_dreamer/worker.py scan=20ms target_cc=astraea single_flow=1 no_state_pipe=1
[sao-listener] cport=23000 worker=/its/home/mm2350/extra/Olympusv2/olympus/algorithms/ma_dreamer/worker.py scan=20ms target_cc=astraea single_flow=1 no_state_pipe=1
[sao-listener] cport=23300 worker=/its/home/mm2350/extra/Olympusv2/olympus/algorithms/ma_dreamer/worker.py scan=20ms target_cc=astraea single_flow=1 no_state_pipe=1
[sao-listener] cport=23001 worker=/its/home/mm2350/extra/Olympusv2/olympus/algorithms/ma_dreamer/worker.py scan=20ms target_cc=astraea single_flow=1 no_state_pipe=1
[multi_ep_plot] saved -> /its/home/mm2350/extra/Olympusv2/olympus/models/ma_dreamer_20260612-201515/plots/ep000043_bw70_d30_n4.pdf  return=18184.8
[ep_plot] ep=43 -> /its/home/mm2350/extra/Olympusv2/olympus/models/ma_dreamer_20260612-201515/plots/ep000043_bw70_d30_n4.pdf  return=18184.841247558594
[orch] ep=43 sum-of-agents return=18184.8
[orch] ep=43  env=multiflow_interleave  type=1_change  return=18184.841247558594  elapsed=0.11h
[sao-listener] cport=23301 worker=/its/home/mm2350/extra/Olympusv2/olympus/algorithms/ma_dreamer/worker.py scan=20ms target_cc=astraea single_flow=1 no_state_pipe=1
[slot=2] ep=58  flows=2  bw=50Mbps  delay=40ms  duration=120s  delays=[0.0, 19.4]  lifetimes=[120.0, 69.5]
[sao-listener] cport=23002 worker=/its/home/mm2350/extra/Olympusv2/olympus/algorithms/ma_dreamer/worker.py scan=20ms target_cc=astraea single_flow=1 no_state_pipe=1
[sao-listener] cport=23302 worker=/its/home/mm2350/extra/Olympusv2/olympus/algorithms/ma_dreamer/worker.py scan=20ms target_cc=astraea single_flow=1 no_state_pipe=1
[worker cport=24100 agent=0] loaded checkpoint step=800
[sao-listener] cport=24400 worker=/its/home/mm2350/extra/Olympusv2/olympus/algorithms/ma_dreamer/worker.py scan=20ms target_cc=astraea single_flow=1 no_state_pipe=1
[sao-listener] cport=23900 worker=/its/home/mm2350/extra/Olympusv2/olympus/algorithms/ma_dreamer/worker.py scan=20ms target_cc=astraea single_flow=1 no_state_pipe=1
[sao-listener] cport=24401 worker=/its/home/mm2350/extra/Olympusv2/olympus/algorithms/ma_dreamer/worker.py scan=20ms target_cc=astraea single_flow=1 no_state_pipe=1
[multi_ep_plot] saved -> /its/home/mm2350/extra/Olympusv2/olympus/models/ma_dreamer_20260612-201515/plots/ep000041_bw100_d60_n4.pdf  return=24371.9
[ep_plot] ep=41 -> /its/home/mm2350/extra/Olympusv2/olympus/models/ma_dreamer_20260612-201515/plots/ep000041_bw100_d60_n4.pdf  return=24371.908935546875
[orch] ep=41 sum-of-agents return=24371.9
[orch] ep=41  env=multiflow_interleave  type=7_changes  return=24371.908935546875  elapsed=0.11h
[slot=10] ep=59  flows=4  bw=30Mbps  delay=60ms  duration=120s  delays=[0.0, 0.5, 11.5, 22.9]  lifetimes=[63.1, 119.5, 86.7, 80.1]
[sao-listener] cport=23901 worker=/its/home/mm2350/extra/Olympusv2/olympus/algorithms/ma_dreamer/worker.py scan=20ms target_cc=astraea single_flow=1 no_state_pipe=1
[sao-listener] cport=24402 worker=/its/home/mm2350/extra/Olympusv2/olympus/algorithms/ma_dreamer/worker.py scan=20ms target_cc=astraea single_flow=1 no_state_pipe=1
[sao-listener] cport=23902 worker=/its/home/mm2350/extra/Olympusv2/olympus/algorithms/ma_dreamer/worker.py scan=20ms target_cc=astraea single_flow=1 no_state_pipe=1
[sao-listener] cport=24403 worker=/its/home/mm2350/extra/Olympusv2/olympus/algorithms/ma_dreamer/worker.py scan=20ms target_cc=astraea single_flow=1 no_state_pipe=1
[sao-listener] cport=23903 worker=/its/home/mm2350/extra/Olympusv2/olympus/algorithms/ma_dreamer/worker.py scan=20ms target_cc=astraea single_flow=1 no_state_pipe=1
[learner] [learner] step=   970 local_wm=2.262 global_wm=4.279 latent=(0.025,1.117) critic=3.694 actor=nan R_fair=0.0864 fair_cost=2.159 return=-4.650 buf=397968 groups=45
[sao-listener] cport=24200 worker=/its/home/mm2350/extra/Olympusv2/olympus/algorithms/ma_dreamer/worker.py scan=20ms target_cc=astraea single_flow=1 no_state_pipe=1
[sao-listener] cport=24201 worker=/its/home/mm2350/extra/Olympusv2/olympus/algorithms/ma_dreamer/worker.py scan=20ms target_cc=astraea single_flow=1 no_state_pipe=1
[worker alg=ma_dreamer reward=tempest_fairness_ma cport=24100 agent=0 group=slot11_ep49 flow=1] started interval=20ms det=0 latent=8x8
[sao-listener] cport=23200 worker=/its/home/mm2350/extra/Olympusv2/olympus/algorithms/ma_dreamer/worker.py scan=20ms target_cc=astraea single_flow=1 no_state_pipe=1
[sao-listener] cport=23201 worker=/its/home/mm2350/extra/Olympusv2/olympus/algorithms/ma_dreamer/worker.py scan=20ms target_cc=astraea single_flow=1 no_state_pipe=1
[learner] [learner] hb buf=398160/400000 recv=400 (79/s) groups=46
[sao-listener] cport=24000 worker=/its/home/mm2350/extra/Olympusv2/olympus/algorithms/ma_dreamer/worker.py scan=20ms target_cc=astraea single_flow=1 no_state_pipe=1
[sao-listener] cport=24001 worker=/its/home/mm2350/extra/Olympusv2/olympus/algorithms/ma_dreamer/worker.py scan=20ms target_cc=astraea single_flow=1 no_state_pipe=1
[sao-listener] cport=24002 worker=/its/home/mm2350/extra/Olympusv2/olympus/algorithms/ma_dreamer/worker.py scan=20ms target_cc=astraea single_flow=1 no_state_pipe=1
[sao-listener] cport=24003 worker=/its/home/mm2350/extra/Olympusv2/olympus/algorithms/ma_dreamer/worker.py scan=20ms target_cc=astraea single_flow=1 no_state_pipe=1
[sao-listener] new flow 1 10.0.0.1:23700->10.0.0.2:5208 cc=astraea pid=1697538 child=1699002
[sao-listener] single-flow mode: attached worker; stopping ss scans
[sao-listener flow 1] cport=23700 cc=astraea worker active
[sao-listener] new flow 1 10.0.0.1:24300->10.0.0.3:5214 cc=astraea pid=1697797 child=1699138
[sao-listener] single-flow mode: attached worker; stopping ss scans
[sao-listener flow 1] cport=24300 cc=astraea worker active
[sao-listener] new flow 1 10.0.0.1:23000->10.0.0.4:5201 cc=astraea pid=1697989 child=1699251
[sao-listener] single-flow mode: attached worker; stopping ss scans
[sao-listener flow 1] cport=23000 cc=astraea worker active
[sao-listener] new flow 1 10.0.0.1:23100->10.0.0.3:5202 cc=astraea pid=1697791 child=1699395
[sao-listener] single-flow mode: attached worker; stopping ss scans
[sao-listener flow 1] cport=23100 cc=astraea worker active
[sao-listener] new flow 1 10.0.0.1:24400->10.0.0.5:5215 cc=astraea pid=1698154 child=1699538
[sao-listener] single-flow mode: attached worker; stopping ss scans
[sao-listener flow 1] cport=24400 cc=astraea worker active
[sao-listener] new flow 1 10.0.0.1:23300->10.0.0.4:5204 cc=astraea pid=1698012 child=1700018
[sao-listener] single-flow mode: attached worker; stopping ss scans
[sao-listener flow 1] cport=23300 cc=astraea worker active
[sao-listener] new flow 1 10.0.0.1:23900->10.0.0.5:5210 cc=astraea pid=1698181 child=1700157
[sao-listener] single-flow mode: attached worker; stopping ss scans
[sao-listener flow 1] cport=23900 cc=astraea worker active
[sao-listener] new flow 1 10.0.0.2:23901->10.0.0.6:5210 cc=astraea pid=1698742 child=1701023
[sao-listener] single-flow mode: attached worker; stopping ss scans
[sao-listener flow 1] cport=23901 cc=astraea worker active
[worker cport=23700 agent=0] loaded checkpoint step=800
[worker cport=24300 agent=0] loaded checkpoint step=800
[worker cport=23000 agent=0] loaded checkpoint step=800
[worker cport=23100 agent=0] loaded checkpoint step=800
[worker cport=24400 agent=0] loaded checkpoint step=800
[worker alg=ma_dreamer reward=tempest_fairness_ma cport=23700 agent=0 group=slot7_ep50 flow=1] started interval=20ms det=0 latent=8x8
[worker alg=ma_dreamer reward=tempest_fairness_ma cport=24300 agent=0 group=slot13_ep53 flow=1] started interval=20ms det=0 latent=8x8
[worker alg=ma_dreamer reward=tempest_fairness_ma cport=23000 agent=0 group=slot0_ep55 flow=1] started interval=20ms det=0 latent=8x8
[worker alg=ma_dreamer reward=tempest_fairness_ma cport=23100 agent=0 group=slot1_ep52 flow=1] started interval=20ms det=0 latent=8x8
[worker cport=23300 agent=0] loaded checkpoint step=800
[worker alg=ma_dreamer reward=tempest_fairness_ma cport=24400 agent=0 group=slot14_ep56 flow=1] started interval=20ms det=0 latent=8x8
[worker cport=23900 agent=0] loaded checkpoint step=800
[sao-listener] new flow 1 10.0.0.3:23502->10.0.0.6:5206 cc=astraea pid=1698512 child=1702015
[sao-listener] single-flow mode: attached worker; stopping ss scans
[sao-listener flow 1] cport=23502 cc=astraea worker active
[worker alg=ma_dreamer reward=tempest_fairness_ma cport=23300 agent=0 group=slot3_ep54 flow=1] started interval=20ms det=0 latent=8x8
[worker alg=ma_dreamer reward=tempest_fairness_ma cport=23900 agent=0 group=slot9_ep51 flow=1] started interval=20ms det=0 latent=8x8
[worker cport=23901 agent=1] loaded checkpoint step=800
[worker alg=ma_dreamer reward=tempest_fairness_ma cport=23901 agent=1 group=slot9_ep51 flow=1] started interval=20ms det=0 latent=8x8
[sao-listener] new flow 1 10.0.0.1:24200->10.0.0.3:5213 cc=astraea pid=1698371 child=1702490
[sao-listener] single-flow mode: attached worker; stopping ss scans
[sao-listener flow 1] cport=24200 cc=astraea worker active
[sao-listener] new flow 1 10.0.0.3:23802->10.0.0.6:5209 cc=astraea pid=1702115 child=1702572
[sao-listener] single-flow mode: attached worker; stopping ss scans
[sao-listener flow 1] cport=23802 cc=astraea worker active
[sao-listener] new flow 1 10.0.0.2:24201->10.0.0.4:5213 cc=astraea pid=1698428 child=1702680
[sao-listener] single-flow mode: attached worker; stopping ss scans
[sao-listener flow 1] cport=24201 cc=astraea worker active
[sao-listener] new flow 1 10.0.0.2:23801->10.0.0.5:5209 cc=astraea pid=1699010 child=1702691
[sao-listener] single-flow mode: attached worker; stopping ss scans
[sao-listener flow 1] cport=23801 cc=astraea worker active
[worker cport=23502 agent=2] loaded checkpoint step=800
[sao-listener] new flow 1 10.0.0.1:23200->10.0.0.3:5203 cc=astraea pid=1698726 child=1702964
[sao-listener] single-flow mode: attached worker; stopping ss scans
[sao-listener flow 1] cport=23200 cc=astraea worker active
[worker alg=ma_dreamer reward=tempest_fairness_ma cport=23502 agent=2 group=slot5_ep48 flow=1] started interval=20ms det=0 latent=8x8
[learner] [learner] step=   980 local_wm=2.593 global_wm=4.280 latent=(0.022,1.107) critic=3.763 actor=nan R_fair=0.0709 fair_cost=1.773 return=0.878 buf=399376 groups=53
[worker cport=24200 agent=0] loaded checkpoint step=800
[worker cport=23802 agent=2] loaded checkpoint step=800
[sao-listener] new flow 1 10.0.0.2:24001->10.0.0.6:5211 cc=astraea pid=1700771 child=1703357
[sao-listener] single-flow mode: attached worker; stopping ss scans
[sao-listener flow 1] cport=24001 cc=astraea worker active
[worker cport=24201 agent=1] loaded checkpoint step=800
[sao-listener] new flow 1 10.0.0.1:24000->10.0.0.5:5211 cc=astraea pid=1699713 child=1703533
[sao-listener] single-flow mode: attached worker; stopping ss scans
[sao-listener flow 1] cport=24000 cc=astraea worker active
[worker cport=23801 agent=1] loaded checkpoint step=800
[worker alg=ma_dreamer reward=tempest_fairness_ma cport=24200 agent=0 group=slot12_ep57 flow=1] started interval=20ms det=0 latent=8x8
[worker alg=ma_dreamer reward=tempest_fairness_ma cport=23802 agent=2 group=slot8_ep47 flow=1] started interval=20ms det=0 latent=8x8
[worker alg=ma_dreamer reward=tempest_fairness_ma cport=24201 agent=1 group=slot12_ep57 flow=1] started interval=20ms det=0 latent=8x8
[worker alg=ma_dreamer reward=tempest_fairness_ma cport=23801 agent=1 group=slot8_ep47 flow=1] started interval=20ms det=0 latent=8x8
[worker cport=23200 agent=0] loaded checkpoint step=800
[sao-listener] new flow 1 10.0.0.2:23001->10.0.0.5:5201 cc=astraea pid=1701192 child=1703766
[sao-listener] single-flow mode: attached worker; stopping ss scans
[sao-listener flow 1] cport=23001 cc=astraea worker active
[worker alg=ma_dreamer reward=tempest_fairness_ma cport=23200 agent=0 group=slot2_ep58 flow=1] started interval=20ms det=0 latent=8x8
[worker cport=24001 agent=1] loaded checkpoint step=800
[worker cport=24000 agent=0] loaded checkpoint step=800
[learner] [learner] hb buf=396768/400000 recv=2624 (497/s) groups=55
[worker alg=ma_dreamer reward=tempest_fairness_ma cport=24001 agent=1 group=slot10_ep59 flow=1] started interval=20ms det=0 latent=8x8
[worker alg=ma_dreamer reward=tempest_fairness_ma cport=24000 agent=0 group=slot10_ep59 flow=1] started interval=20ms det=0 latent=8x8
[worker cport=23001 agent=1] loaded checkpoint step=800
[worker alg=ma_dreamer reward=tempest_fairness_ma cport=23001 agent=1 group=slot0_ep55 flow=1] started interval=20ms det=0 latent=8x8
[sao-listener] new flow 1 10.0.0.4:23603->10.0.0.8:5207 cc=astraea pid=1704133 child=1705259
[sao-listener] single-flow mode: attached worker; stopping ss scans
[sao-listener flow 1] cport=23603 cc=astraea worker active
[sao-listener] new flow 1 10.0.0.2:23601->10.0.0.6:5207 cc=astraea pid=1702346 child=1705262
[sao-listener] single-flow mode: attached worker; stopping ss scans
[sao-listener flow 1] cport=23601 cc=astraea worker active
[learner] [learner] step=   990 local_wm=2.451 global_wm=4.297 latent=(0.019,1.089) critic=3.632 actor=nan R_fair=0.0503 fair_cost=1.257 return=1.125 buf=398688 groups=56
[worker cport=23601 agent=1] loaded checkpoint step=800
[worker cport=23603 agent=3] loaded checkpoint step=800
[worker alg=ma_dreamer reward=tempest_fairness_ma cport=23601 agent=1 group=slot6_ep45 flow=1] started interval=20ms det=0 latent=8x8
[worker alg=ma_dreamer reward=tempest_fairness_ma cport=23603 agent=3 group=slot6_ep45 flow=1] started interval=20ms det=0 latent=8x8
[orch] link change t=15.0s bw=30.0 delay=100.0
[sao-listener] new flow 1 10.0.0.2:23501->10.0.0.5:5206 cc=astraea pid=1705431 child=1706358
[sao-listener] single-flow mode: attached worker; stopping ss scans
[sao-listener flow 1] cport=23501 cc=astraea worker active
[orch] link change t=15.0s bw=60.0 delay=None
[learner] [learner] hb buf=399984/400000 recv=5648 (1129/s) groups=56
[worker cport=23501 agent=1] loaded checkpoint step=800
[orch] link change t=15.0s bw=40.0 delay=None
[worker alg=ma_dreamer reward=tempest_fairness_ma cport=23501 agent=1 group=slot5_ep48 flow=1] started interval=20ms det=0 latent=8x8
[learner] [learner] saved checkpoint step=1000 path=/its/home/mm2350/extra/Olympusv2/olympus/models/ma_dreamer_20260612-201515/checkpoints/ma_dreamer_cwnd_model.pt
[learner] [learner] step=  1000 local_wm=2.333 global_wm=4.383 latent=(0.022,1.092) critic=3.647 actor=-0.003 R_fair=0.0675 fair_cost=1.688 return=-2.675 buf=394784 groups=56
[orch] link change t=15.0s bw=30.0 delay=160.0
[orch] link change t=15.0s bw=180.0 delay=None
[sao-listener] new flow 1 10.0.0.2:23101->10.0.0.4:5202 cc=astraea pid=1707627 child=1708010
[sao-listener] single-flow mode: attached worker; stopping ss scans
[sao-listener flow 1] cport=23101 cc=astraea worker active
[sao-listener] new flow 1 10.0.0.3:23002->10.0.0.6:5201 cc=astraea pid=1707024 child=1708207
[sao-listener] single-flow mode: attached worker; stopping ss scans
[sao-listener flow 1] cport=23002 cc=astraea worker active
[orch] link change t=15.0s bw=200.0 delay=5.0
[sao-listener] new flow 1 10.0.0.4:24403->10.0.0.8:5215 cc=astraea pid=1707583 child=1708412
[sao-listener] single-flow mode: attached worker; stopping ss scans
[sao-listener flow 1] cport=24403 cc=astraea worker active
[orch] link change t=15.0s bw=25.0 delay=None
[orch] link change t=15.0s bw=60.0 delay=40.0
[worker cport=23101 agent=1] loaded checkpoint step=1000
[orch] link change t=15.0s bw=37.5 delay=None
[orch] link change t=15.0s bw=60.0 delay=35.0
[orch] link change t=15.0s bw=None delay=80.0
[worker alg=ma_dreamer reward=tempest_fairness_ma cport=23101 agent=1 group=slot1_ep52 flow=1] started interval=20ms det=0 latent=8x8
[orch] link change t=15.0s bw=45.0 delay=None
[worker cport=23002 agent=2] loaded checkpoint step=1000
[orch] link change t=15.0s bw=20.0 delay=160.0
[worker alg=ma_dreamer reward=tempest_fairness_ma cport=23002 agent=2 group=slot0_ep55 flow=1] started interval=20ms det=0 latent=8x8
[orch] link change t=15.0s bw=37.5 delay=None
[worker cport=24403 agent=3] loaded checkpoint step=1000
[learner] [learner] step=  1010 local_wm=2.504 global_wm=4.361 latent=(0.023,1.110) critic=3.675 actor=-0.006 R_fair=0.0859 fair_cost=2.149 return=-3.254 buf=399728 groups=56
[worker alg=ma_dreamer reward=tempest_fairness_ma cport=24403 agent=3 group=slot14_ep56 flow=1] started interval=20ms det=0 latent=8x8
[orch] link change t=15.0s bw=60.0 delay=None
[learner] [learner] hb buf=395152/400000 recv=6496 (1256/s) groups=55
[sao-listener] new flow 1 10.0.0.3:24002->10.0.0.7:5211 cc=astraea pid=1707718 child=1709256
[sao-listener] single-flow mode: attached worker; stopping ss scans
[sao-listener flow 1] cport=24002 cc=astraea worker active
[sao-listener] new flow 1 10.0.0.2:23301->10.0.0.5:5204 cc=astraea pid=1708322 child=1709474
[sao-listener] single-flow mode: attached worker; stopping ss scans
[sao-listener flow 1] cport=23301 cc=astraea worker active
[worker cport=24002 agent=2] loaded checkpoint step=1000
[sao-listener] new flow 1 10.0.0.3:23902->10.0.0.7:5210 cc=astraea pid=1709178 child=1709666
[sao-listener] single-flow mode: attached worker; stopping ss scans
[sao-listener flow 1] cport=23902 cc=astraea worker active
[worker alg=ma_dreamer reward=tempest_fairness_ma cport=24002 agent=2 group=slot10_ep59 flow=1] started interval=20ms det=0 latent=8x8
[worker cport=23301 agent=1] loaded checkpoint step=1000
[worker alg=ma_dreamer reward=tempest_fairness_ma cport=23301 agent=1 group=slot3_ep54 flow=1] started interval=20ms det=0 latent=8x8
[worker cport=23902 agent=2] loaded checkpoint step=1000
[worker alg=ma_dreamer reward=tempest_fairness_ma cport=23902 agent=2 group=slot9_ep51 flow=1] started interval=20ms det=0 latent=8x8
[learner] [learner] step=  1020 local_wm=2.380 global_wm=4.237 latent=(0.021,1.074) critic=3.641 actor=-0.015 R_fair=0.0757 fair_cost=1.894 return=-4.124 buf=399568 groups=55
[sao-listener] new flow 1 10.0.0.2:24401->10.0.0.6:5215 cc=astraea pid=1709324 child=1710375
[sao-listener] single-flow mode: attached worker; stopping ss scans
[sao-listener flow 1] cport=24401 cc=astraea worker active
[sao-listener] new flow 1 10.0.0.3:23302->10.0.0.6:5204 cc=astraea pid=1709434 child=1710472
[sao-listener] single-flow mode: attached worker; stopping ss scans
[sao-listener flow 1] cport=23302 cc=astraea worker active
[worker cport=24401 agent=1] loaded checkpoint step=1000
[learner] [learner] hb buf=398928/400000 recv=7392 (1469/s) groups=55
[worker alg=ma_dreamer reward=tempest_fairness_ma cport=24401 agent=1 group=slot14_ep56 flow=1] started interval=20ms det=0 latent=8x8
[worker cport=23302 agent=2] loaded checkpoint step=1000
[worker alg=ma_dreamer reward=tempest_fairness_ma cport=23302 agent=2 group=slot3_ep54 flow=1] started interval=20ms det=0 latent=8x8
[sao-listener] new flow 1 10.0.0.2:23201->10.0.0.4:5203 cc=astraea pid=1710537 child=1710940
[sao-listener] single-flow mode: attached worker; stopping ss scans
[sao-listener flow 1] cport=23201 cc=astraea worker active
[sao-listener] new flow 1 10.0.0.3:23602->10.0.0.7:5207 cc=astraea pid=1709555 child=1711054
[sao-listener] single-flow mode: attached worker; stopping ss scans
[sao-listener flow 1] cport=23602 cc=astraea worker active
[sao-listener] new flow 1 10.0.0.2:24301->10.0.0.4:5214 cc=astraea pid=1710432 child=1711056
[sao-listener] single-flow mode: attached worker; stopping ss scans
[sao-listener flow 1] cport=24301 cc=astraea worker active
[worker cport=23201 agent=1] loaded checkpoint step=1000
[worker alg=ma_dreamer reward=tempest_fairness_ma cport=23201 agent=1 group=slot2_ep58 flow=1] started interval=20ms det=0 latent=8x8
[sao-listener] new flow 1 10.0.0.3:24402->10.0.0.7:5215 cc=astraea pid=1710820 child=1711256
[sao-listener] single-flow mode: attached worker; stopping ss scans
[sao-listener flow 1] cport=24402 cc=astraea worker active
[worker cport=23602 agent=2] loaded checkpoint step=1000
[learner] [learner] step=  1030 local_wm=2.303 global_wm=4.263 latent=(0.024,1.092) critic=3.623 actor=-0.022 R_fair=0.0760 fair_cost=1.899 return=-4.902 buf=397936 groups=55
[worker cport=24301 agent=1] loaded checkpoint step=1000
[worker alg=ma_dreamer reward=tempest_fairness_ma cport=23602 agent=2 group=slot6_ep45 flow=1] started interval=20ms det=0 latent=8x8
[worker alg=ma_dreamer reward=tempest_fairness_ma cport=24301 agent=1 group=slot13_ep53 flow=1] started interval=20ms det=0 latent=8x8
[worker cport=24402 agent=2] loaded checkpoint step=1000
[worker alg=ma_dreamer reward=tempest_fairness_ma cport=24402 agent=2 group=slot14_ep56 flow=1] started interval=20ms det=0 latent=8x8
[orch] link change t=30.0s bw=120.0 delay=None
[orch] link change t=30.0s bw=80.0 delay=None
[learner] [learner] hb buf=399936/400000 recv=9248 (1732/s) groups=55
[sao-listener] new flow 1 10.0.0.4:23903->10.0.0.8:5210 cc=astraea pid=1711230 child=1711681
[sao-listener] single-flow mode: attached worker; stopping ss scans
[sao-listener flow 1] cport=23903 cc=astraea worker active
[orch] link change t=30.0s bw=60.0 delay=80.0
[orch] link change t=30.0s bw=90.0 delay=None
[worker cport=23903 agent=3] loaded checkpoint step=1000
[learner] [learner] step=  1040 local_wm=2.396 global_wm=4.190 latent=(0.022,1.084) critic=3.578 actor=-0.002 R_fair=0.0753 fair_cost=1.882 return=-2.669 buf=396032 groups=55
[worker alg=ma_dreamer reward=tempest_fairness_ma cport=23903 agent=3 group=slot9_ep51 flow=1] started interval=20ms det=0 latent=8x8
[sao-listener] new flow 1 10.0.0.4:24003->10.0.0.8:5211 cc=astraea pid=1711536 child=1711845
[sao-listener] single-flow mode: attached worker; stopping ss scans
[sao-listener flow 1] cport=24003 cc=astraea worker active
[worker cport=24003 agent=3] loaded checkpoint step=1000
[orch] link change t=30.0s bw=100.0 delay=10.0
[worker alg=ma_dreamer reward=tempest_fairness_ma cport=24003 agent=3 group=slot10_ep59 flow=1] started interval=20ms det=0 latent=8x8
[orch] link change t=30.0s bw=75.0 delay=None
[orch] link change t=30.0s bw=75.0 delay=None
[learner] [learner] step=  1050 local_wm=2.342 global_wm=4.309 latent=(0.020,1.059) critic=3.670 actor=0.013 R_fair=0.0524 fair_cost=1.310 return=-0.960 buf=398128 groups=55
[learner] [learner] hb buf=398992/400000 recv=10160 (1908/s) groups=55
[learner] [learner] step=  1060 local_wm=2.331 global_wm=4.261 latent=(0.021,1.090) critic=3.582 actor=-0.008 R_fair=0.0676 fair_cost=1.691 return=-3.359 buf=395520 groups=54
[learner] [learner] hb buf=397824/400000 recv=9120 (1820/s) groups=54
[learner] [learner] step=  1070 local_wm=2.209 global_wm=4.221 latent=(0.021,1.088) critic=3.654 actor=-0.003 R_fair=0.0815 fair_cost=2.037 return=-2.593 buf=395072 groups=53
[orch] link change t=45.0s bw=40.0 delay=None
[orch] link change t=45.0s bw=40.0 delay=None
[learner] [learner] hb buf=398848/400000 recv=9040 (1797/s) groups=53
[orch] link change t=45.0s bw=30.0 delay=160.0
[orch] link change t=45.0s bw=180.0 delay=None
[learner] [learner] step=  1080 local_wm=2.261 global_wm=4.291 latent=(0.022,1.072) critic=3.609 actor=-0.005 R_fair=0.0854 fair_cost=2.134 return=-2.832 buf=399648 groups=52
[orch] link change t=45.0s bw=200.0 delay=5.0
[orch] link change t=45.0s bw=25.0 delay=None
[orch] link change t=45.0s bw=25.0 delay=None
[learner] [learner] hb buf=399648/400000 recv=9024 (1740/s) groups=51
[learner] [learner] step=  1090 local_wm=2.301 global_wm=4.331 latent=(0.025,1.101) critic=3.599 actor=-0.037 R_fair=0.0963 fair_cost=2.409 return=-6.459 buf=399504 groups=51
[learner] [learner] hb buf=398832/400000 recv=8880 (1752/s) groups=50
[learner] [learner] step=  1100 local_wm=2.237 global_wm=4.167 latent=(0.019,1.045) critic=3.638 actor=-0.001 R_fair=0.0740 fair_cost=1.850 return=-2.428 buf=399568 groups=50
[orch] link change t=60.0s bw=160.0 delay=None
[orch] link change t=60.0s bw=80.0 delay=None
[orch] link change t=60.0s bw=60.0 delay=80.0
[learner] [learner] step=  1110 local_wm=2.259 global_wm=4.273 latent=(0.021,1.054) critic=3.601 actor=0.007 R_fair=0.0718 fair_cost=1.795 return=-0.868 buf=399312 groups=48
[learner] [learner] hb buf=400000/400000 recv=9024 (1741/s) groups=48
[orch] link change t=60.0s bw=90.0 delay=None
[orch] link change t=60.0s bw=100.0 delay=10.0
[orch] link change t=60.0s bw=100.0 delay=None
[orch] link change t=60.0s bw=100.0 delay=None
[learner] [learner] step=  1120 local_wm=2.103 global_wm=4.093 latent=(0.019,1.059) critic=3.590 actor=0.009 R_fair=0.0695 fair_cost=1.738 return=-0.998 buf=399760 groups=48
[learner] [learner] hb buf=399408/400000 recv=9040 (1739/s) groups=47
[learner] [learner] step=  1130 local_wm=2.283 global_wm=4.202 latent=(0.024,1.109) critic=3.572 actor=-0.006 R_fair=0.0898 fair_cost=2.245 return=-2.671 buf=398288 groups=45
[learner] [learner] hb buf=399040/400000 recv=8480 (1591/s) groups=45
[learner] [learner] step=  1140 local_wm=2.294 global_wm=4.331 latent=(0.021,1.062) critic=3.629 actor=0.002 R_fair=0.0710 fair_cost=1.776 return=-1.710 buf=399936 groups=45
[orch] link change t=75.0s bw=60.0 delay=None
[orch] link change t=75.0s bw=40.0 delay=None
[orch] link change t=75.0s bw=30.0 delay=160.0
[orch] link change t=75.0s bw=180.0 delay=None
[learner] [learner] hb buf=399505/400000 recv=7665 (1436/s) groups=45
[orch] link change t=75.0s bw=200.0 delay=5.0
[learner] [learner] step=  1150 local_wm=2.328 global_wm=4.320 latent=(0.020,1.045) critic=3.576 actor=0.003 R_fair=0.0747 fair_cost=1.867 return=-1.333 buf=398080 groups=45
[orch] link change t=75.0s bw=37.5 delay=None
[orch] link change t=75.0s bw=37.5 delay=None
[learner] [learner] hb buf=397600/400000 recv=7087 (1350/s) groups=45
[learner] [learner] step=  1160 local_wm=2.372 global_wm=4.473 latent=(0.026,1.094) critic=3.592 actor=0.001 R_fair=0.0949 fair_cost=2.373 return=-1.888 buf=398128 groups=45
[learner] [learner] step=  1170 local_wm=2.210 global_wm=4.170 latent=(0.020,1.049) critic=3.539 actor=0.010 R_fair=0.0647 fair_cost=1.616 return=-0.243 buf=397552 groups=45
[learner] [learner] hb buf=398080/400000 recv=6272 (1236/s) groups=45
[orch] link change t=90.0s bw=120.0 delay=None
[orch] link change t=90.0s bw=80.0 delay=None
[orch] link change t=90.0s bw=60.0 delay=80.0
[orch] link change t=90.0s bw=90.0 delay=None
[learner] [learner] step=  1180 local_wm=2.144 global_wm=4.097 latent=(0.019,1.059) critic=3.581 actor=0.006 R_fair=0.0634 fair_cost=1.585 return=-0.520 buf=396784 groups=45
[learner] [learner] hb buf=398320/400000 recv=6032 (1149/s) groups=45
[orch] link change t=90.0s bw=100.0 delay=10.0
[orch] link change t=90.0s bw=75.0 delay=None
[orch] link change t=90.0s bw=75.0 delay=None
[learner] [learner] step=  1190 local_wm=2.208 global_wm=4.340 latent=(0.019,1.055) critic=3.510 actor=0.003 R_fair=0.0620 fair_cost=1.549 return=-1.527 buf=399808 groups=45
[learner] [learner] hb buf=396352/400000 recv=5664 (1081/s) groups=45
[learner] [learner] saved checkpoint step=1200 path=/its/home/mm2350/extra/Olympusv2/olympus/models/ma_dreamer_20260612-201515/checkpoints/ma_dreamer_cwnd_model.pt
[learner] [learner] step=  1200 local_wm=2.158 global_wm=4.021 latent=(0.022,1.044) critic=3.538 actor=-0.020 R_fair=0.0782 fair_cost=1.956 return=-6.131 buf=398592 groups=45
[learner] [learner] hb buf=398576/400000 recv=5248 (1001/s) groups=44
[orch] link change t=105.0s bw=40.0 delay=None
[learner] [learner] step=  1210 local_wm=2.228 global_wm=4.152 latent=(0.023,1.068) critic=3.518 actor=-0.006 R_fair=0.0737 fair_cost=1.844 return=-3.290 buf=399776 groups=44
[orch] link change t=105.0s bw=40.0 delay=None
[orch] link change t=105.0s bw=30.0 delay=160.0
[orch] link change t=105.0s bw=180.0 delay=None
[learner] [learner] hb buf=397456/400000 recv=4672 (892/s) groups=44
[orch] link change t=105.0s bw=200.0 delay=5.0
[orch] link change t=105.0s bw=25.0 delay=None
[learner] [learner] step=  1220 local_wm=2.300 global_wm=4.229 latent=(0.023,1.058) critic=3.464 actor=0.001 R_fair=0.0639 fair_cost=1.597 return=-1.987 buf=397808 groups=44
[orch] link change t=105.0s bw=25.0 delay=None
[learner] [learner] step=  1230 local_wm=2.265 global_wm=4.139 latent=(0.023,1.060) critic=3.466 actor=-0.002 R_fair=0.0800 fair_cost=2.000 return=-2.208 buf=399488 groups=43
[learner] [learner] hb buf=399824/400000 recv=3968 (750/s) groups=43

[orch] interrupted - draining slots
[learner] [learner] saved checkpoint step=1234 path=/its/home/mm2350/extra/Olympusv2/olympus/models/ma_dreamer_20260612-201515/checkpoints/ma_dreamer_cwnd_model.pt

[orch] signal 2 repeated - forcing exit
[multi_ep_plot] saved -> /its/home/mm2350/extra/Olympusv2/olympus/models/ma_dreamer_20260612-201515/plots/ep000046_bw80_d20_n1.pdf  return=9636.8
[ep_plot] ep=46 -> /its/home/mm2350/extra/Olympusv2/olympus/models/ma_dreamer_20260612-201515/plots/ep000046_bw80_d20_n1.pdf  return=9636.759765625
[orch] ep=46 sum-of-agents return=9636.8
[multi_ep_plot] saved -> /its/home/mm2350/extra/Olympusv2/olympus/models/ma_dreamer_20260612-201515/plots/ep000045_bw60_d50_n4.pdf  return=33389.9
[ep_plot] ep=45 -> /its/home/mm2350/extra/Olympusv2/olympus/models/ma_dreamer_20260612-201515/plots/ep000045_bw60_d50_n4.pdf  return=33389.85968017578
[orch] ep=45 sum-of-agents return=33389.9
[multi_ep_plot] saved -> /its/home/mm2350/extra/Olympusv2/olympus/models/ma_dreamer_20260612-201515/plots/ep000047_bw80_d70_n3.pdf  return=30314.7
[ep_plot] ep=47 -> /its/home/mm2350/extra/Olympusv2/olympus/models/ma_dreamer_20260612-201515/plots/ep000047_bw80_d70_n3.pdf  return=30314.71044921875
[orch] ep=47 sum-of-agents return=30314.7
[multi_ep_plot] saved -> /its/home/mm2350/extra/Olympusv2/olympus/models/ma_dreamer_20260612-201515/plots/ep000049_bw60_d80_n1.pdf  return=32085.3
[ep_plot] ep=49 -> /its/home/mm2350/extra/Olympusv2/olympus/models/ma_dreamer_20260612-201515/plots/ep000049_bw60_d80_n1.pdf  return=32085.2890625
[orch] ep=49 sum-of-agents return=32085.3
[multi_ep_plot] saved -> /its/home/mm2350/extra/Olympusv2/olympus/models/ma_dreamer_20260612-201515/plots/ep000048_bw90_d20_n3.pdf  return=18616.2
[ep_plot] ep=48 -> /its/home/mm2350/extra/Olympusv2/olympus/models/ma_dreamer_20260612-201515/plots/ep000048_bw90_d20_n3.pdf  return=18616.22119140625
