approach,data_folder,plot_label,flow_count,run,seed,mean_jain_fairness,p05_jain_fairness,mean_min_max_goodput_ratio,p05_min_max_goodput_ratio,avg_srtt_ms
astraea,astraea,Astraea,2,1,1,0.9245874660673221,0.6825255920747396,0.6241736681227501,0.18904919216273564,52.93141428651059
astraea,astraea,Astraea,2,2,2,0.9021462383032084,0.6354900243918866,0.5273230003729179,0.1380759296078998,58.98698356187292
astraea,astraea,Astraea,2,3,3,0.9784575879038757,0.94009956815941,0.8316782820035077,0.5969146404033578,60.685010289855065
astraea,astraea,Astraea,2,4,4,0.9507005407913622,0.653044537344766,0.7058991133646899,0.15680770877015565,95.5648056521739
astraea,astraea,Astraea,2,5,5,0.7142080628535578,0.516368267844484,0.23559818398509,0.016372655585519622,78.44615664437012
astraea,astraea,Astraea,2,6,6,0.8298579404882823,0.6322469880381605,0.3939912010253157,0.1346445585872195,87.73533360089186
astraea,astraea,Astraea,2,7,7,0.9518360803314093,0.9213718591205755,0.6881514451532842,0.5478356370778362,60.516079855072455
astraea,astraea,Astraea,2,8,8,0.8209714527656897,0.6657009608684125,0.4070302603993666,0.17051900495929945,64.52679322185062
astraea,astraea,Astraea,2,9,9,0.6007241857315514,0.5810828888250213,0.10184861853504631,0.0816230896949788,56.62984324414716
astraea,astraea,Astraea,2,10,10,0.9338476111440286,0.7575683151476401,0.6745973319502535,0.277386457713065,67.8434277257525
astraea,astraea,Astraea,2,11,11,0.8357885142437871,0.5997296645849812,0.44718330599392964,0.10074181314719931,76.04896787068004
astraea,astraea,Astraea,2,12,12,0.8340176102905683,0.6064404648622987,0.4054564648300341,0.10767452954409215,84.45643104236345
astraea,astraea,Astraea,2,13,13,0.9813984964365337,0.9122694721826252,0.8777438234250324,0.5266830581966815,67.25888039576365
astraea,astraea,Astraea,2,14,14,0.9160043574732045,0.867062178866166,0.5565333579384251,0.4372351996183738,70.76272104793757
astraea,astraea,Astraea,2,15,15,0.8859408894907548,0.7694505310668968,0.5075430347365959,0.2925044164137709,56.65966443701227
astraea,astraea,Astraea,2,16,16,0.9512865713796661,0.9416927200353143,0.6583955835230709,0.6014970501673444,56.22925073021182
astraea,astraea,Astraea,2,17,17,0.9592454313505476,0.7887684070482468,0.7957798146604073,0.3179630671523231,96.5530192251951
astraea,astraea,Astraea,2,18,18,0.8008980773979375,0.629010517858391,0.3408627268384268,0.13123232737103144,94.1927973076923
astraea,astraea,Astraea,2,19,19,0.9726124836755603,0.8578637147505445,0.8203369907496914,0.42141778840408395,77.17047032887403
astraea,astraea,Astraea,2,20,20,0.9273124629317798,0.9135084372714773,0.5841211634659159,0.5294002775825525,69.76192614269787
astraea,astraea,Astraea,2,21,21,0.8027222008133403,0.6719818108649466,0.35759406418369355,0.17739383288185953,62.78430484392419
astraea,astraea,Astraea,2,22,22,0.9194081671345548,0.9109756484119172,0.5612455084149378,0.5236833739502447,65.85070505016722
astraea,astraea,Astraea,2,23,23,0.9797974290567477,0.9494609703991266,0.8737232373995569,0.6273915029048697,57.82769450947604
astraea,astraea,Astraea,2,24,24,0.5875557116071474,0.5504424002678756,0.08841067401782775,0.05057140504238799,61.32453981047938
astraea,astraea,Astraea,2,25,25,0.819838845517038,0.6816039780265836,0.379489179001641,0.18802424706437518,67.72238201783725
astraea,astraea,Astraea,2,26,26,0.9756260457789855,0.9645014260632678,0.7869649917826731,0.6780699844471731,60.32499924191751
astraea,astraea,Astraea,2,27,27,0.5749379747330939,0.5489349649388356,0.0754299372523662,0.049052710706514555,73.29440545707915
astraea,astraea,Astraea,2,28,28,0.8819514739461916,0.6383073531336623,0.4997992882224542,0.14106160014425456,65.4655238851728
astraea,astraea,Astraea,2,29,29,0.9434207639719754,0.8891604348547194,0.6314017370805253,0.47812321419546217,66.77569167224081
astraea,astraea,Astraea,2,30,30,0.8310425420708158,0.7807912837619453,0.3889810968578798,0.3073088572275415,58.56949331103678
astraea,astraea,Astraea,2,31,31,0.9529669065948523,0.7533363243871366,0.6916126313267212,0.2720923608607058,59.34537247491639
astraea,astraea,Astraea,2,32,32,0.8566537170049497,0.7452098541890597,0.4318371700788927,0.26204824459069453,47.48525593088071
astraea,astraea,Astraea,2,33,33,0.9788746946889535,0.9588183524056852,0.8120050928663729,0.6631967331086766,62.15538971571907
astraea,astraea,Astraea,2,34,34,0.9473556077448058,0.8860375623159272,0.6651456829456988,0.47208166015450775,78.68577209587514
astraea,astraea,Astraea,2,35,35,0.9463243315773199,0.9274808436818658,0.642238504947408,0.5629595572114676,45.55862277591973
astraea,astraea,Astraea,2,36,36,0.8325538818165715,0.6453990929278698,0.4175276323579117,0.14861023344050547,62.81785642697882
astraea,astraea,Astraea,2,37,37,0.8850688841656995,0.8746319455227791,0.4785129548216849,0.4507502951606845,68.35130327759197
astraea,astraea,Astraea,2,38,38,0.976938350942892,0.9397883852552222,0.807231120238607,0.5985928422353138,71.47546001672241
astraea,astraea,Astraea,2,39,39,0.9327555484597091,0.7110813801300726,0.6794051578650258,0.221431062444879,89.69575697881828
astraea,astraea,Astraea,2,40,40,0.9409282223058333,0.7799906046289924,0.7086948916186414,0.3062517199944465,86.69808670568561
astraea,astraea,Astraea,2,41,41,0.9485992729947718,0.8476432738246578,0.6474778291877317,0.4045483986082075,71.46830385730212
astraea,astraea,Astraea,2,42,42,0.6549051098167695,0.6053204077317577,0.16031738414936816,0.10651532900307585,63.86530620401338
astraea,astraea,Astraea,2,43,43,0.9542709911984503,0.8863559111568429,0.6777808592561437,0.4726770759500474,75.64409331103678
astraea,astraea,Astraea,2,44,44,0.9306892282255573,0.8817325010006035,0.5962571917371536,0.4638730036520072,53.232758874024526
astraea,astraea,Astraea,2,45,45,0.790343796659076,0.7126377259343727,0.32435977864473337,0.22323422363919315,60.24067091973244
astraea,astraea,Astraea,2,46,46,0.9654897109427414,0.9122304292737881,0.7217187980590785,0.5265028837236065,73.86896431438126
astraea,astraea,Astraea,2,47,47,0.9824475391052677,0.9023650342306103,0.9033704928866516,0.5050485794372234,61.767555379041255
astraea,astraea,Astraea,2,48,48,0.9138816714380769,0.867235125350923,0.5550875135845946,0.43753864360100264,76.311925696767
astraea,astraea,Astraea,2,49,49,0.9740225378442896,0.9785729945176651,0.7587738015435312,0.7422004033162567,58.43980134336678
astraea,astraea,Astraea,2,50,50,0.8750846052899526,0.7821438830821864,0.46700966258329857,0.30910085139366356,86.00230162207357
astraea,astraea,Astraea,4,1,1,0.8894025088177875,0.7402031409664477,0.37356526831976083,0.19182243186989606,55.337277449832776
astraea,astraea,Astraea,4,2,2,0.9626508595913449,0.8550007226828994,0.656876673621702,0.2908095418456321,63.494949698996656
astraea,astraea,Astraea,4,3,3,0.9020926019962352,0.844774616979325,0.44901422646636413,0.34534394232058496,68.62926326365664
astraea,astraea,Astraea,4,4,4,0.9027565245638687,0.843792466675797,0.45303716701906666,0.21987959760181702,96.4796193896321
astraea,astraea,Astraea,4,5,5,0.6750422211148951,0.6148175222089487,0.05179254078512696,0.008473613290936762,122.45907218506132
astraea,astraea,Astraea,4,6,6,0.6160715374631163,0.41390476202435644,0.0657484429209002,0.01810742738442373,92.52916067447046
astraea,astraea,Astraea,4,7,7,0.5824397740759171,0.539767716006399,0.07327429346252919,0.04147356078053787,83.98857945373467
astraea,astraea,Astraea,4,8,8,0.6565017955254865,0.5828043752774847,0.06191213431337713,0.03770519414441574,71.58589107580825
astraea,astraea,Astraea,4,9,9,0.7943552089464927,0.7354071510703027,0.31678846523610354,0.25706860522266883,64.83601196767002
astraea,astraea,Astraea,4,10,10,0.8784311220044481,0.719518687497503,0.32570851817563656,0.15731391121964938,76.79499348662208
astraea,astraea,Astraea,4,11,11,0.8741465931749626,0.6820634245109977,0.4044017835968269,0.062383452735223534,96.19011144091414
astraea,astraea,Astraea,4,12,12,0.7003968971978375,0.6502780026235341,0.04531519612929383,0.02063151974040484,117.49764886287626
astraea,astraea,Astraea,4,13,13,0.624727582594854,0.5683783753082029,0.06770375129240326,0.02773256892894356,79.48185482441473
astraea,astraea,Astraea,4,14,14,0.8592187274455381,0.7124090240377229,0.36928456109027197,0.06941414765803669,81.06411826086956
astraea,astraea,Astraea,4,15,15,0.7322991106374406,0.6908100654332264,0.1338987090852465,0.10735799700641412,62.69751780100334
astraea,astraea,Astraea,4,16,16,0.7193124311331481,0.5029889220400772,0.20494231337653304,0.0723691247957343,80.16460074693423
astraea,astraea,Astraea,4,17,17,0.7487130506081169,0.5254823229113388,0.20435314525464301,0.06057243512604134,99.87828570234115
astraea,astraea,Astraea,4,18,18,0.6504732796861334,0.5107504514914012,0.17312563027679198,0.030972950696493536,136.51303853957637
astraea,astraea,Astraea,4,19,19,0.8779671899612553,0.7855627426536217,0.39283584354587103,0.09310073414141211,91.07514122630991
astraea,astraea,Astraea,4,20,20,0.7841264949150161,0.6345554273069528,0.25236834064834457,0.06611983468209391,79.52269489130435
astraea,astraea,Astraea,4,21,21,0.7427457177708631,0.5712560841413213,0.26151829301394885,0.04010333993869314,74.94972586120402
astraea,astraea,Astraea,4,22,22,0.9587785018082617,0.7901390090793355,0.6541773868750655,0.09479350235393988,74.6594342419175
astraea,astraea,Astraea,4,23,23,0.8809661644613269,0.7156305405901617,0.4177044499299352,0.05797586772291585,62.985738525641025
astraea,astraea,Astraea,4,24,24,0.6972066006841636,0.578187115159052,0.16737901768310362,0.05634738730925788,72.02977626254182
astraea,astraea,Astraea,4,25,25,0.8810756279163775,0.782429410263432,0.4107688586774439,0.16291716210942495,78.89384641583055
astraea,astraea,Astraea,4,26,26,0.8451984438871818,0.7518862798431188,0.2950033290503301,0.1476763420090735,69.62600191471572
astraea,astraea,Astraea,4,27,27,0.48277266662529966,0.42843477644366734,0.07519990790556735,0.04710828497540367,83.38209229096991
astraea,astraea,Astraea,4,28,28,0.9352569227358841,0.7182579667931371,0.5154586897602736,0.22543996986801856,73.86468073578595
astraea,astraea,Astraea,4,29,29,0.6846390885544495,0.6588813037664181,0.05744364381538328,0.040840367879402976,75.86180032329989
astraea,astraea,Astraea,4,30,30,0.5015771137433733,0.44121862475762513,0.07288936281206657,0.04371746643935941,67.76810404682274
astraea,astraea,Astraea,4,31,31,0.8558561649755203,0.5785585104279711,0.3962327468933445,0.13464325480018122,63.831881583054624
astraea,astraea,Astraea,4,32,32,0.752752103112878,0.7079946582919513,0.25428796436274154,0.20146241574315552,56.56332645206243
astraea,astraea,Astraea,4,33,33,0.7691093704649935,0.6955270726300199,0.07330928301471983,0.04531198081706193,64.06449275083612
astraea,astraea,Astraea,4,34,34,0.741885746358734,0.5826237918378736,0.23322350035569608,0.11550723249179141,79.46418210702342
astraea,astraea,Astraea,4,35,35,0.9216007228221464,0.8305159813094305,0.5159058125370516,0.3884727283463637,49.523056396321074
astraea,astraea,Astraea,4,36,36,0.5576746691181594,0.34487585533192383,0.17957408152486382,0.053841151882621244,62.600746546822734
astraea,astraea,Astraea,4,37,37,0.9657936497409558,0.9100134716568004,0.6129114945597963,0.4271066664702435,74.5428718812709
astraea,astraea,Astraea,4,38,38,0.9272695420188554,0.874742063681778,0.5011069734890483,0.3592146624583217,68.31033676142698
astraea,astraea,Astraea,4,39,39,0.8981699388705933,0.49572216821509646,0.47837463971771144,0.13168246676855994,84.97699949832776
astraea,astraea,Astraea,4,40,40,0.8816036419312269,0.7456943972182738,0.37861436603562937,0.17629932379848745,87.00015295150502
astraea,astraea,Astraea,4,41,41,0.6151170743687567,0.5075555775075583,0.12077419431916432,0.03512566818883875,78.30158626532887
astraea,astraea,Astraea,4,42,42,0.5202393189707186,0.4621599108081196,0.11401084317829463,0.06518686514461208,69.67934306856188
astraea,astraea,Astraea,4,43,43,0.7931847131323315,0.6491962967257684,0.28887627167597674,0.05369928757973901,77.2572676393534
astraea,astraea,Astraea,4,44,44,0.7991661769696018,0.6278884851137808,0.20055180521330757,0.09509410460311027,61.52761345317725
astraea,astraea,Astraea,4,45,45,0.6596963149327724,0.5481832950177604,0.13457674695027141,0.08673692200292168,70.72717716276478
astraea,astraea,Astraea,4,46,46,0.7135089145709055,0.5933213566465874,0.09473215057871794,0.05059620907077333,73.39672510033445
astraea,astraea,Astraea,4,47,47,0.5952971158699201,0.5493185410807649,0.090121436584503,0.04317024852305975,70.10743639910814
astraea,astraea,Astraea,4,48,48,0.6838361756657931,0.5334598732443603,0.122552401135766,0.04689820612395594,86.55265064659977
astraea,astraea,Astraea,4,49,49,0.7914915631714388,0.7578497072452648,0.1266359502648605,0.08148611257215774,61.6094603734671
astraea,astraea,Astraea,4,50,50,0.6663530717092259,0.4809841616111331,0.0684294014981333,0.04020242611479871,87.48419540691194
astraea,astraea,Astraea,5,1,1,0.8047114838787569,0.6746343705834918,0.13603480608297994,0.039967042911123574,57.710788367892974
astraea,astraea,Astraea,5,2,2,0.7012561772266329,0.5836723513835326,0.13640854388840967,0.0467056950331234,63.73847499442586
astraea,astraea,Astraea,5,3,3,0.8277851611584229,0.7580060907014917,0.30676187279696554,0.23227574315560284,71.63622751839463
astraea,astraea,Astraea,5,4,4,0.8479749340907596,0.7282542248703756,0.35729061629528486,0.19224979504570708,92.59404844593087
astraea,astraea,Astraea,5,5,5,0.4316850420490897,0.27518381938126474,0.08249705695284211,0.013584923781445985,89.94910135117058
astraea,astraea,Astraea,5,6,6,0.5958419429823952,0.483791549683975,0.04483611065661526,0.013298898059843241,94.41411737569676
astraea,astraea,Astraea,5,7,7,0.30659971793311164,0.28445956173472425,0.03197266893656303,0.020086003313138964,78.54678891415831
astraea,astraea,Astraea,5,8,8,0.6077538969599635,0.5285100134611673,0.07038757939554587,0.03976251613784575,68.96224259754739
astraea,astraea,Astraea,5,9,9,0.6760028730350758,0.6026914334090934,0.13930064428008024,0.09382828562200726,64.97216990635452
astraea,astraea,Astraea,5,10,10,0.5893753678693809,0.4414921642412153,0.07344995514024345,0.03148696959168208,74.94776421850614
astraea,astraea,Astraea,5,11,11,0.7958735338851223,0.7271023256969954,0.08328112275544933,0.03740725880618972,95.59215067558527
astraea,astraea,Astraea,5,12,12,0.4497476142294908,0.32169185359788927,0.06486668287366819,0.027075307467430962,110.83034637904125
astraea,astraea,Astraea,5,13,13,0.4595869594875857,0.3244447142467983,0.06402850050991742,0.014667288949572156,78.80973907246377
astraea,astraea,Astraea,5,14,14,0.582932566983583,0.53565227446022,0.08062033891645053,0.046657667958801496,86.46295294537346
astraea,astraea,Astraea,5,15,15,0.680796123576813,0.6071611400760528,0.15413174475233624,0.08568922935899786,59.68595926198439
astraea,astraea,Astraea,5,16,16,0.7696049656837929,0.6598242045491662,0.28511959214618277,0.19321738268106556,72.54193631438126
astraea,astraea,Astraea,5,17,17,0.6723440992422772,0.5803681961746409,0.03589659552407978,0.020007309006333584,120.00605437012261
astraea,astraea,Astraea,5,18,18,0.5798905476292989,0.5364547161211438,0.02192353779867408,0.013504860996792933,133.3285683812709
astraea,astraea,Astraea,5,19,19,0.7365927872724162,0.634240976397826,0.13465374414055448,0.06532510592455756,98.63855837904126
astraea,astraea,Astraea,5,20,20,0.6216660848131924,0.5097744964247335,0.05715835101018663,0.04666850359358664,77.82682467558529
astraea,astraea,Astraea,5,21,21,0.5082903164950139,0.35080262541815443,0.05617706416355651,0.020714875417939264,69.6167489632107
astraea,astraea,Astraea,5,22,22,0.7749542381061455,0.6762061365355952,0.20883775898848128,0.08322775066647285,65.9807090167224
astraea,astraea,Astraea,5,23,23,0.6581223761468735,0.5898303017512428,0.0961392943995145,0.056735902895662924,61.7651959509476
astraea,astraea,Astraea,5,24,24,0.701345623737628,0.5246015886358714,0.14092616748908554,0.04681044359398708,76.47477191973243
astraea,astraea,Astraea,5,25,25,0.9320168600170778,0.7366880699041469,0.5169973584330667,0.19163382173147844,79.35666941360088
astraea,astraea,Astraea,5,26,26,0.9006442242477006,0.7038545938832682,0.40673361973895855,0.1378654980781464,71.46481593756968
astraea,astraea,Astraea,5,27,27,0.5600192746770369,0.3287476885280726,0.0799627541793314,0.04835171868234266,96.28245572798217
astraea,astraea,Astraea,5,28,28,0.7563642165173563,0.617870778869353,0.24253457284921903,0.09842263105407059,70.35116989520625
astraea,astraea,Astraea,5,29,29,0.7416580781820197,0.666020720520808,0.15585269556100487,0.08926840045725912,75.35577804236343
astraea,astraea,Astraea,5,30,30,0.6217402708697832,0.5598333270907357,0.07673234424583991,0.04951741262273504,65.66742723522853
astraea,astraea,Astraea,5,31,31,0.7858682728199864,0.6299327608800181,0.26318683978163915,0.08039938389606298,65.8765059264214
astraea,astraea,Astraea,5,32,32,0.665638174362093,0.592512382181098,0.11854240685967336,0.060803027877018134,51.715297362318836
astraea,astraea,Astraea,5,33,33,0.6227032740319389,0.30588719660819624,0.15028646582363042,0.03125076315770693,68.17280220066888
astraea,astraea,Astraea,5,34,34,0.7143939820611364,0.5348426039290616,0.11036852273049788,0.061502504766041015,79.02837255964326
astraea,astraea,Astraea,5,35,35,0.7920052331247027,0.524674942631553,0.22209576995910438,0.08316542928780442,64.31302527090301
astraea,astraea,Astraea,5,36,36,0.6265062236921062,0.39149263404167356,0.1303569659170916,0.039430975032109954,62.840295966555175
astraea,astraea,Astraea,5,37,37,0.6589935583032673,0.4549765048010587,0.08714782170634387,0.03258978071394888,89.16098732887403
astraea,astraea,Astraea,5,38,38,0.44259769729122556,0.3297621925717586,0.04763171800406993,0.037701899888043997,69.54333643701226
astraea,astraea,Astraea,5,39,39,0.6235764897090293,0.4557860069632649,0.09826100898353786,0.03534052086312681,90.51870604013378
astraea,astraea,Astraea,5,40,40,0.6048084592535311,0.4174140137404789,0.09775901647413177,0.05954582731374194,94.64477956075808
astraea,astraea,Astraea,5,41,41,0.5826287020278869,0.33549802080582164,0.1475768387204031,0.04544642223946885,68.99565072240803
astraea,astraea,Astraea,5,42,42,0.49088584299423094,0.32690982776829003,0.07274643242314567,0.04535913362864952,73.18948846153846
astraea,astraea,Astraea,5,43,43,0.597232012593008,0.4592630929403477,0.05854121809022424,0.0282046515248077,76.9870774916388
astraea,astraea,Astraea,5,44,44,0.648857307733277,0.48030351784238495,0.14213539217936985,0.07695744258921608,71.56419377926422
astraea,astraea,Astraea,5,45,45,0.5081160859863278,0.3735999993759667,0.07573334130685104,0.030109458162956605,85.38182195763656
astraea,astraea,Astraea,5,46,46,0.7110021498172555,0.5406624342011864,0.16418666268516402,0.04863533063104541,77.17501577926421
astraea,astraea,Astraea,5,47,47,0.8019289230255279,0.628928185759177,0.26092149894332056,0.05287577388657766,79.67318041694537
astraea,astraea,Astraea,5,48,48,0.5581117561786706,0.43409455770083905,0.09515070991427783,0.04581842723040244,117.64053834782608
astraea,astraea,Astraea,5,49,49,0.8625135326625953,0.7378534315777092,0.2621796299111685,0.13574964096753206,68.66934310590858
astraea,astraea,Astraea,5,50,50,0.6593559187137629,0.4588354077842613,0.12191278704831572,0.050248807808494084,108.50281715050167
astraea,astraea,Astraea,7,1,1,0.8553901975621303,0.5578391259403784,0.331340923746416,0.05591991432024809,62.46883353718744
astraea,astraea,Astraea,7,2,2,0.8597542106180954,0.6458252909014707,0.40113259786748917,0.11313032474116433,74.68480970218187
astraea,astraea,Astraea,7,3,3,0.6608433397754437,0.420206801246227,0.16793772970550525,0.06626234689554247,72.2740939799331
astraea,astraea,Astraea,7,4,4,0.6605684384919164,0.519150043307746,0.07762403866999411,0.05140789810338617,110.47001494824015
astraea,astraea,Astraea,7,5,5,0.5245908201184132,0.36680009440470573,0.08258076055094264,0.0018814702080440112,123.04020430482561
astraea,astraea,Astraea,7,6,6,0.5085979897391512,0.2941414494371354,0.05590855988866316,0.005471923962828706,91.02377824972129
astraea,astraea,Astraea,7,7,7,0.6243101114786792,0.4827482673075203,0.18026150731354568,0.11517539318037302,66.28030137920052
astraea,astraea,Astraea,7,8,8,0.5186172116152864,0.34698175962209543,0.03881923167329223,0.0025102567572279715,80.61959680363115
astraea,astraea,Astraea,7,9,9,0.41576366624503086,0.31421167818722656,0.06771080782168665,0.05435504633550756,69.15168763975156
astraea,astraea,Astraea,7,10,10,0.5523871320038695,0.47014720582580305,0.10911610335131842,0.07894418752035501,59.13921949354993
astraea,astraea,Astraea,7,11,11,0.6480239638996863,0.37403795988691796,0.12754616118956036,0.04608922445935269,100.90029418219463
astraea,astraea,Astraea,7,12,12,0.5784181059493446,0.3450515073048804,0.07091090505433624,0.0027528836748491993,118.47635478579392
astraea,astraea,Astraea,7,13,13,0.5127265010871309,0.3778004024338334,0.06855280993658561,0.031788258169526074,82.41966160375857
astraea,astraea,Astraea,7,14,14,0.5627207741827406,0.4915642285140309,0.05190669450346249,0.025912255793233592,87.57087446090142
astraea,astraea,Astraea,7,15,15,0.6537590261094391,0.5151341380583818,0.173307001363613,0.0908392799013414,58.69849198757764
astraea,astraea,Astraea,7,16,16,0.658406567493804,0.4906590037161819,0.15828051335230944,0.06530419300239483,75.15194035833731
astraea,astraea,Astraea,7,17,17,0.4099497883261564,0.2717709174496515,0.03332593929606819,0.009579925468860852,106.69906860168817
astraea,astraea,Astraea,7,18,18,0.7644499464299895,0.5865093024982939,0.16770332541776214,0.059794951333075996,108.9233339767479
astraea,astraea,Astraea,7,19,19,0.751097747861991,0.6705562996034781,0.08300211335540658,0.03182454634182735,100.52680582258323
astraea,astraea,Astraea,7,20,20,0.6493438734019048,0.5784504461467266,0.06225653365782617,0.04509191742767475,81.91953700907789
astraea,astraea,Astraea,7,21,21,0.6925755204944188,0.5359659195336692,0.1369969737965997,0.028653046472722356,78.00813082815736
astraea,astraea,Astraea,7,22,22,0.7438250701179713,0.6720477065418188,0.08380235388198837,0.049849296063178124,78.3983050772416
astraea,astraea,Astraea,7,23,23,0.843086843320956,0.5873904395490988,0.27306844136999364,0.0645912459961464,80.6695733731486
astraea,astraea,Astraea,7,24,24,0.7999980284164951,0.5124902823647912,0.13122010826775907,0.05707306932863325,86.31179358337316
astraea,astraea,Astraea,7,25,25,0.8310831413573887,0.5608668363445344,0.24356859598413239,0.09201228991085503,84.9108567654085
astraea,astraea,Astraea,7,26,26,0.7814890399032071,0.5871444677279424,0.16482697428096602,0.08505393520507748,76.74045046822742
astraea,astraea,Astraea,7,27,27,0.5748516377769413,0.43122348709609193,0.05485753990414632,0.03419088448460192,116.56321388596909
astraea,astraea,Astraea,7,28,28,0.6078826642956359,0.28903695504423504,0.07225738582991842,0.033104637389810024,94.26829564102563
astraea,astraea,Astraea,7,29,29,0.5202033051384373,0.34356876402601755,0.080287621515407,0.04468203241457246,87.98270718904284
astraea,astraea,Astraea,7,30,30,0.5390531985371818,0.43353248473931755,0.07093400207181635,0.030083405793584355,70.83997370600414
astraea,astraea,Astraea,7,31,31,0.917518352214918,0.8328263714554622,0.4548172642366167,0.22634453151788872,71.81050507564899
astraea,astraea,Astraea,7,32,32,0.8070578855576764,0.6665495032608189,0.30837968915751374,0.15931111667485937,61.956413908265645
astraea,astraea,Astraea,7,33,33,0.8484168817654821,0.6802524281846749,0.31488590194689886,0.04661438222952229,77.40349315177575
astraea,astraea,Astraea,7,34,34,0.6769238821905776,0.5657120523595662,0.12108310046811499,0.0642777899073806,79.45441755852843
astraea,astraea,Astraea,7,35,35,0.8072887690805353,0.5119478941366274,0.22353849586159225,0.043820952378052676,66.85897020385413
astraea,astraea,Astraea,7,36,36,0.3941255082304375,0.20670870986915502,0.012843811029377764,0.0016900562350749796,66.26716478897913
astraea,astraea,Astraea,7,37,37,0.7277116176978905,0.48809746162328976,0.16781550328864878,0.06281999593861151,93.23673535435579
astraea,astraea,Astraea,7,38,38,0.5678989219597418,0.40779682821316404,0.0714216432242389,0.030565428858214515,85.13194074852684
astraea,astraea,Astraea,7,39,39,0.4801027387570203,0.4048385808146106,0.062195105897518865,0.03441545810794016,96.68724980251632
astraea,astraea,Astraea,7,40,40,0.7514653880256366,0.6125491527438094,0.11998974064472011,0.05072697601275351,106.10226623506928
astraea,astraea,Astraea,7,41,41,0.6718869145112214,0.5634616561406567,0.17541060108544124,0.08799316283237356,74.00904569198917
astraea,astraea,Astraea,7,42,42,0.3865360970262151,0.28971750260110285,0.05254887309773881,0.027669911147946268,73.38017628284759
astraea,astraea,Astraea,7,43,43,0.6881845970965367,0.5585317670787022,0.17634182129834552,0.11017932297702815,88.988472353878
astraea,astraea,Astraea,7,44,44,0.691126991580897,0.6383644268505984,0.09110072718470419,0.06130247530511537,64.70072697881828
astraea,astraea,Astraea,7,45,45,0.7939783797985537,0.6316300295593316,0.2701299488704984,0.09962205730575209,82.2047158337315
astraea,astraea,Astraea,7,46,46,0.584103621523379,0.43026201564578553,0.08163985108169287,0.05851943206814461,72.14923296544036
astraea,astraea,Astraea,7,47,47,0.7190746039962902,0.6119896014905908,0.09906981975058779,0.03843022722729089,80.16405971651537
astraea,astraea,Astraea,7,48,48,0.5843429838369077,0.4269922914085598,0.10435255871318476,0.04715200077164175,78.32916115464248
astraea,astraea,Astraea,7,49,49,0.7619926042251738,0.5761749018190128,0.16425667292120624,0.08325194789373676,68.48377324573978
astraea,astraea,Astraea,7,50,50,0.6542668249775754,0.5656857227503351,0.07317531001267066,0.03875394200943952,89.44681164835164
bbr,bbr,BBRv3,2,1,1,0.8776659914644591,0.636555182779614,0.522042825527534,0.13920134473606408,99.52442080824972
bbr,bbr,BBRv3,2,2,2,0.9324938219356554,0.7933637785998531,0.6476705690948229,0.3241976390657149,130.98331379041247
bbr,bbr,BBRv3,2,3,3,0.9273277823688824,0.7149090926300031,0.6541966971050017,0.22587356388441926,140.2616604626533
bbr,bbr,BBRv3,2,4,4,0.8370603202420605,0.7141594849016837,0.4412518283074388,0.22500154699044436,133.9086538684504
bbr,bbr,BBRv3,2,5,5,0.8956409132062016,0.6563437056555536,0.5791834425151217,0.1603643804362305,116.24065328316611
bbr,bbr,BBRv3,2,6,6,0.8847508961701952,0.6150010437640108,0.5573281918009317,0.1165641861752924,135.95962265328876
bbr,bbr,BBRv3,2,7,7,0.9503867604178318,0.8378398412987648,0.7199082911545147,0.3889491588863284,132.37337343366778
bbr,bbr,BBRv3,2,8,8,0.927569130001314,0.802976224196619,0.6224502388738303,0.3374962998738612,123.04637469899666
bbr,bbr,BBRv3,2,9,9,0.9646004676734803,0.8646606130891069,0.7438498232598864,0.43304492760177915,118.60888213489409
bbr,bbr,BBRv3,2,10,10,0.9260365004713522,0.5925567893519221,0.6823794229737007,0.09337259845950172,132.30439671125976
bbr,bbr,BBRv3,2,11,11,0.9315899538553629,0.7459527019312152,0.649683759479951,0.2629598679447534,133.97603614269786
bbr,bbr,BBRv3,2,12,12,0.9232213624945348,0.6335108325509904,0.6637419244016257,0.13598163317888595,153.9638562653289
bbr,bbr,BBRv3,2,13,13,0.9194003545468162,0.7645938204236727,0.6258919822660088,0.28627875395054714,126.3933023188406
bbr,bbr,BBRv3,2,14,14,0.8287448262833831,0.6236352338891848,0.44052928785682716,0.12558596943251613,134.2668579319955
bbr,bbr,BBRv3,2,15,15,0.9295326132947271,0.8161064302397548,0.6506463613216532,0.35621908619050785,129.11963023968787
bbr,bbr,BBRv3,2,16,16,0.9250466731889393,0.7714341323324412,0.626503366531841,0.2950710475104939,108.3820329431438
bbr,bbr,BBRv3,2,17,17,0.9474813093962232,0.7950504047148793,0.702092539444669,0.32650455244781446,161.01139356744704
bbr,bbr,BBRv3,2,18,18,0.8856155972065487,0.6448517647307731,0.5633548837603235,0.14802569979314395,162.0266494314381
bbr,bbr,BBRv3,2,19,19,0.9128660952680554,0.769223814822958,0.5852964325430321,0.2922123095498531,129.88414375139354
bbr,bbr,BBRv3,2,20,20,0.9527091998986792,0.8543510447069189,0.7044935926847368,0.41553811014189024,129.41991886287624
bbr,bbr,BBRv3,2,21,21,0.9199507961337069,0.7180937528678082,0.6438472768959326,0.22958980076172247,126.03410863991081
bbr,bbr,BBRv3,2,22,22,0.8683185456847027,0.7231859544681005,0.5028822502021211,0.23557160947109254,138.24082890746936
bbr,bbr,BBRv3,2,23,23,0.8393791430124198,0.6447249708772824,0.4723323039158826,0.14789086325695477,123.25020562987736
bbr,bbr,BBRv3,2,24,24,0.9085239097753243,0.714711506606533,0.5727936572235305,0.22564357927746292,116.48295636008922
bbr,bbr,BBRv3,2,25,25,0.8962148604024454,0.7095593314740706,0.564743960824639,0.21967818939716133,167.31807518952064
bbr,bbr,BBRv3,2,26,26,0.923245722716839,0.7644725549602719,0.6235789136336904,0.28612457959662035,130.19508123188405
bbr,bbr,BBRv3,2,27,27,0.8934864988452816,0.6540282153584432,0.5754554642689222,0.15786693224327716,176.23923960423633
bbr,bbr,BBRv3,2,28,28,0.9681189966410202,0.8813537700254972,0.7692853949492245,0.46318979895085816,125.44387865663322
bbr,bbr,BBRv3,2,29,29,0.9164178077290827,0.7176052363646442,0.623739609889081,0.22902910238376686,149.27293971014493
bbr,bbr,BBRv3,2,30,30,0.9096117235064063,0.7402194539553734,0.6126823851227472,0.2559576822783949,123.44433478818283
bbr,bbr,BBRv3,2,31,31,0.9425304492749323,0.7416602254162779,0.7171511195788496,0.25771118420492006,118.62350319397993
bbr,bbr,BBRv3,2,32,32,0.9346288493398335,0.6896877074165165,0.7078894031560687,0.19705372822410844,96.55040595875138
bbr,bbr,BBRv3,2,33,33,0.8738869479067466,0.6695483313685662,0.5477429584989955,0.17472440938541284,123.71959250278707
bbr,bbr,BBRv3,2,34,34,0.8642660665459391,0.7172894974773182,0.4758171862448185,0.22864987875932774,153.7628005239688
bbr,bbr,BBRv3,2,35,35,0.9441034294633311,0.7595133164759982,0.746274721448271,0.27983522419042917,88.87080789297659
bbr,bbr,BBRv3,2,36,36,0.8928362748990444,0.60450573966586,0.5952181295600283,0.10567341851433448,137.56405858416946
bbr,bbr,BBRv3,2,37,37,0.8737287806990351,0.6801229153714341,0.5242210392452555,0.18637997740338177,150.31226183946487
bbr,bbr,BBRv3,2,38,38,0.8962221933557812,0.6874334912940971,0.5576623519825247,0.19453234472959008,153.34547435897434
bbr,bbr,BBRv3,2,39,39,0.8864856980717248,0.5881968989651709,0.573012156338095,0.08889395161873313,177.96057011705688
bbr,bbr,BBRv3,2,40,40,0.9067603867548809,0.7048834061629367,0.6033143261986091,0.21429194167177143,145.357644877369
bbr,bbr,BBRv3,2,41,41,0.9002631429093308,0.6657974178103336,0.6105491645941015,0.17062421996142596,111.220278154961
bbr,bbr,BBRv3,2,42,42,0.8626029513541484,0.6313223027477076,0.5172628557512174,0.1336687383517233,126.40850695652173
bbr,bbr,BBRv3,2,43,43,0.9484273352345864,0.7150771201288755,0.7296500590623157,0.22607375761247234,130.47649420289855
bbr,bbr,BBRv3,2,44,44,0.9172809492519144,0.7944418901497543,0.6048118277944912,0.325671976476832,127.29753381828316
bbr,bbr,BBRv3,2,45,45,0.9330042203317259,0.7691222297914472,0.6595483523227853,0.2920849455727951,127.37216082497213
bbr,bbr,BBRv3,2,46,46,0.9394459560790565,0.7954131159741766,0.6710932616041801,0.32700168717701567,145.37504201226312
bbr,bbr,BBRv3,2,47,47,0.8224346265960364,0.597620396979168,0.44243725694138003,0.09856891206192597,127.59253173913044
bbr,bbr,BBRv3,2,48,48,0.8619960882113602,0.6709804930093387,0.4940612396712666,0.17629452870760975,150.51749638238573
bbr,bbr,BBRv3,2,49,49,0.9460617831425353,0.8495357489836342,0.6725550406012517,0.40761071312255287,148.99518602564103
bbr,bbr,BBRv3,2,50,50,0.836623032713659,0.6871673964099848,0.43677303321628697,0.1942316575253907,148.50701851170567
bbr,bbr,BBRv3,4,1,1,0.837663810830985,0.6111819725128077,0.3952842642114533,0.10746269775030434,105.27054004459309
bbr,bbr,BBRv3,4,2,2,0.8585258784024986,0.6472499790913019,0.4280243952764931,0.1498606695034875,140.44716933110368
bbr,bbr,BBRv3,4,3,3,0.9142721584380854,0.7805499647947639,0.5043773455156313,0.2779375555958876,143.02663338628764
bbr,bbr,BBRv3,4,4,4,0.833724881860922,0.6440154929443966,0.38452068723202554,0.1378255239733881,137.8851692948718
bbr,bbr,BBRv3,4,5,5,0.8729832867407447,0.653406418561517,0.4508266904047621,0.1286951868406472,126.02340923913044
bbr,bbr,BBRv3,4,6,6,0.8318548524685065,0.5185291754678347,0.3634590123544243,0.09954095722530934,144.22456759197325
bbr,bbr,BBRv3,4,7,7,0.87939188034277,0.7342738981596645,0.4255321711069342,0.19713327088359242,135.96631107580825
bbr,bbr,BBRv3,4,8,8,0.8737529000925183,0.6435733736707031,0.4363664519560077,0.19221861294525389,127.8142479710145
bbr,bbr,BBRv3,4,9,9,0.8491670088632975,0.6361326395662843,0.4108273650000032,0.1024616254076016,122.0609909057971
bbr,bbr,BBRv3,4,10,10,0.8834841331505303,0.7377636105480126,0.4423669011164133,0.2134009296933184,138.5630744509476
bbr,bbr,BBRv3,4,11,11,0.8694865505368287,0.6581502867088673,0.41614680202986476,0.1367956268955109,149.99607466555184
bbr,bbr,BBRv3,4,12,12,0.804365420454772,0.5922533399119997,0.31239046784812946,0.11390644351320123,156.8154595039019
bbr,bbr,BBRv3,4,13,13,0.8403808952442506,0.6476588970397074,0.37182717060593906,0.05571096468608694,143.25722913600893
bbr,bbr,BBRv3,4,14,14,0.8201639135336233,0.5433801304823843,0.3608187707354966,0.09920194481719659,142.82272212374582
bbr,bbr,BBRv3,4,15,15,0.8779090004883433,0.7330723136182582,0.430578976640089,0.21469967363756975,140.69614945652174
bbr,bbr,BBRv3,4,16,16,0.8568297444670014,0.6156095191967491,0.42359546007123927,0.12763420222427566,117.23248389910816
bbr,bbr,BBRv3,4,17,17,0.8557805675158814,0.5587436380160142,0.4216806468589578,0.12395092815245458,162.27660014214047
bbr,bbr,BBRv3,4,18,18,0.8240503169175785,0.6713496682606895,0.32091191425577414,0.16105988286656095,169.7747272742475
bbr,bbr,BBRv3,4,19,19,0.9135483187974148,0.7907531125408352,0.4955492382720354,0.2589896820230537,135.4462746070234
bbr,bbr,BBRv3,4,20,20,0.9230141446730425,0.7903239946823153,0.5357975104897167,0.2776920962857815,135.33170517837235
bbr,bbr,BBRv3,4,21,21,0.9013045105235657,0.7606125510094536,0.47854192915676513,0.2270666406103594,132.3676381187291
bbr,bbr,BBRv3,4,22,22,0.8192607091739916,0.6263692797066438,0.3311297437547719,0.18217955902226357,147.26377649386845
bbr,bbr,BBRv3,4,23,23,0.7687287371885598,0.5842204415530048,0.2954488457270768,0.1058137006100024,127.04090640746935
bbr,bbr,BBRv3,4,24,24,0.8587351272663712,0.6644518349410451,0.41011138498808936,0.10876260194120868,134.0160319704571
bbr,bbr,BBRv3,4,25,25,0.8227995576050237,0.6675731893621463,0.35203296468642636,0.15302511003645433,166.50724504180602
bbr,bbr,BBRv3,4,26,26,0.8064234462485342,0.5554714126719119,0.354085519454058,0.13242735172393716,134.03638908862877
bbr,bbr,BBRv3,4,27,27,0.8517372694802599,0.6795564234556688,0.3612174182229225,0.141879091543479,180.4447980936455
bbr,bbr,BBRv3,4,28,28,0.8997787709326063,0.6722090138261521,0.48833671760665764,0.12480725449542104,132.86371710702343
bbr,bbr,BBRv3,4,29,29,0.8651334556932873,0.7177592855446389,0.3718323107863486,0.10717121077793847,158.91299967391305
bbr,bbr,BBRv3,4,30,30,0.7892164361025027,0.5553227791229449,0.3241903116145602,0.12125147807820463,127.11227983277594
bbr,bbr,BBRv3,4,31,31,0.9136103412157153,0.7958174107027836,0.49718362776924946,0.20276165454418565,122.67607606187292
bbr,bbr,BBRv3,4,32,32,0.9231126908978554,0.7860934349579837,0.5320162331285287,0.22251263061539428,99.82312210423635
bbr,bbr,BBRv3,4,33,33,0.8646240160598718,0.7061413651035242,0.3945097557598072,0.08817240762224328,132.3978736928651
bbr,bbr,BBRv3,4,34,34,0.7382257520887076,0.39425330521392815,0.25939440946119086,0.0752119202885445,166.02842081103677
bbr,bbr,BBRv3,4,35,35,0.8046480467943851,0.5937857063793761,0.37442735849830133,0.13018347618297202,91.88468409141582
bbr,bbr,BBRv3,4,36,36,0.7762407310424881,0.2987724521820378,0.3103618646537211,0.018381489264153693,140.39743867335562
bbr,bbr,BBRv3,4,37,37,0.8204386872968233,0.6604876226622801,0.3549793695058817,0.14987334656005627,157.21265802954292
bbr,bbr,BBRv3,4,38,38,0.7712147416330979,0.5120969436100732,0.2840123812274597,0.0673392832242,165.53119653567447
bbr,bbr,BBRv3,4,39,39,0.8657117140046385,0.5758152852325645,0.4373188244458758,0.12262935028944486,170.08741219063543
bbr,bbr,BBRv3,4,40,40,0.8655111608904381,0.6182217131579396,0.4364943799881588,0.15681834708216721,152.14993929208475
bbr,bbr,BBRv3,4,41,41,0.8495005250029226,0.5446711625001508,0.4072348323844012,0.14860653085008677,124.95155603400224
bbr,bbr,BBRv3,4,42,42,0.8443753086853407,0.5017377449313686,0.3947055143725842,0.10051166305270286,139.29244585005574
bbr,bbr,BBRv3,4,43,43,0.8031206136601505,0.5526697192197871,0.3629206229532899,0.1260568315156462,147.1821220401338
bbr,bbr,BBRv3,4,44,44,0.8711963158335659,0.6696913365201654,0.44009235593302926,0.2030626786646818,129.7672671850613
bbr,bbr,BBRv3,4,45,45,0.7665892241904511,0.4972872106073818,0.312608260470109,0.12004836854899677,135.05388103400225
bbr,bbr,BBRv3,4,46,46,0.8834744256506281,0.6123646402658269,0.47802787989033646,0.10781794403715492,150.81146416666667
bbr,bbr,BBRv3,4,47,47,0.8889814627558299,0.7137781246341472,0.4338204214913813,0.17728230023143768,142.10744693979933
bbr,bbr,BBRv3,4,48,48,0.8152221083136659,0.6176916943287463,0.33094977834468353,0.11071659019711445,161.14872847826086
bbr,bbr,BBRv3,4,49,49,0.8099391907669821,0.52427099662826,0.39958714834387354,0.12368928228355132,147.59828414437013
bbr,bbr,BBRv3,4,50,50,0.8013191733658056,0.5450031594664049,0.33707080768463754,0.10733037537445035,153.10590433389072
bbr,bbr,BBRv3,5,1,1,0.8210697200145863,0.3808432158696119,0.4220824574173642,0.053603250992512334,107.71278181270904
bbr,bbr,BBRv3,5,2,2,0.8138230772225654,0.545351332704035,0.3519557644692011,0.12539856858178602,142.50325363433666
bbr,bbr,BBRv3,5,3,3,0.790221212792066,0.537504738830249,0.3175347074067934,0.11562833038204687,148.8800691571906
bbr,bbr,BBRv3,5,4,4,0.9528412283323342,0.8389902040516203,0.6027720916687772,0.28428262226933926,139.4592612084727
bbr,bbr,BBRv3,5,5,5,0.866693034093037,0.5342604725221343,0.4383428602841857,0.100951774252586,126.55257360758083
bbr,bbr,BBRv3,5,6,6,0.8490962504721788,0.5847707515101485,0.39019482645388576,0.09605205200130763,143.73619331326645
bbr,bbr,BBRv3,5,7,7,0.7912965458462257,0.416655033713667,0.37987461067437284,0.08514678617017149,136.9748251081382
bbr,bbr,BBRv3,5,8,8,0.8527362699202414,0.5479827656979921,0.4096296068433546,0.14008814521496563,132.94062338015607
bbr,bbr,BBRv3,5,9,9,0.760199720546142,0.49814395094386754,0.27754186932981817,0.07947016755471274,124.1407209877369
bbr,bbr,BBRv3,5,10,10,0.8676728228733179,0.5768443356060616,0.3985723689205246,0.07955850695804434,136.59213061315495
bbr,bbr,BBRv3,5,11,11,0.8804907178603905,0.7204763967978709,0.4288944472797035,0.20048599980386336,153.4704045618729
bbr,bbr,BBRv3,5,12,12,0.8673026731507664,0.7176551857888667,0.3808245994931183,0.18221473720278386,161.96299855072465
bbr,bbr,BBRv3,5,13,13,0.8640711967101989,0.6686183677941153,0.41261349663276653,0.16928065532453324,137.7134889966555
bbr,bbr,BBRv3,5,14,14,0.6942933768164495,0.39138443032988135,0.3025890793386574,0.07489933900867879,140.21763733333333
bbr,bbr,BBRv3,5,15,15,0.856020411947797,0.6009551666715067,0.4334691644156275,0.14251995755892383,141.9905032374582
bbr,bbr,BBRv3,5,16,16,0.8705926357244751,0.6737411449891673,0.43971929849378805,0.20567103990475036,116.55925744481605
bbr,bbr,BBRv3,5,17,17,0.7595215205058667,0.470250543969806,0.27981025968727896,0.05222842612784163,170.98377320401337
bbr,bbr,BBRv3,5,18,18,0.8186901419414574,0.6168538794866717,0.3348094479924892,0.14074606986188626,175.5727627982163
bbr,bbr,BBRv3,5,19,19,0.8343830428921296,0.5943453841661693,0.3471297997930515,0.12401014235394553,135.28222790858416
bbr,bbr,BBRv3,5,20,20,0.8941478141697939,0.7062871727095396,0.4665315499000634,0.15937115472925187,135.89147967892978
bbr,bbr,BBRv3,5,21,21,0.8306254517365286,0.41721377053223635,0.41439798895282265,0.08925508429073342,137.81099685395765
bbr,bbr,BBRv3,5,22,22,0.7940170210136573,0.44189693212519865,0.3331991024894498,0.08976383615769055,148.5089257056856
bbr,bbr,BBRv3,5,23,23,0.8161209299376285,0.5729880691943697,0.38571045435809015,0.1363900029853402,127.9414221560758
bbr,bbr,BBRv3,5,24,24,0.7568494675230941,0.42378390839906194,0.2971086008239664,0.04938272343761428,130.53126021850613
bbr,bbr,BBRv3,5,25,25,0.8646662211077925,0.6968864222076396,0.38274245682565966,0.1687606329988286,171.23263543143813
bbr,bbr,BBRv3,5,26,26,0.7824399216587945,0.4730410755392236,0.33684249862485205,0.0947502448464663,140.751022180602
bbr,bbr,BBRv3,5,27,27,0.8111863515376914,0.5612458661865262,0.3257164273928535,0.10183570561378232,183.4772401560758
bbr,bbr,BBRv3,5,28,28,0.8830048866511496,0.5934742526453817,0.4582166266203894,0.10783043785551638,128.35823845261984
bbr,bbr,BBRv3,5,29,29,0.7292223632556877,0.4599162159683728,0.24664858100191603,0.08244380595676613,163.34124870234115
bbr,bbr,BBRv3,5,30,30,0.8545369501140063,0.6988003954312799,0.371741463899057,0.10599147034931126,132.75748437458194
bbr,bbr,BBRv3,5,31,31,0.8131955103029482,0.5399983318184285,0.35809768440323375,0.13440923540754032,125.61577047268675
bbr,bbr,BBRv3,5,32,32,0.8884016280876527,0.6353140795925182,0.5058771306258323,0.13389017000391182,104.07770968784837
bbr,bbr,BBRv3,5,33,33,0.8408982314519428,0.6211661621390867,0.38227904878051133,0.14652989508325165,138.6937331527313
bbr,bbr,BBRv3,5,34,34,0.7065767245089497,0.4006694805856783,0.2443509113634252,0.054179959546197115,169.27577399331102
bbr,bbr,BBRv3,5,35,35,0.7791843143488829,0.5575167467951352,0.3272759955608854,0.13073538820868838,96.39850758082498
bbr,bbr,BBRv3,5,36,36,0.8303688394694236,0.5917351430928083,0.3200107565421389,0.07437622619423707,141.21455868896322
bbr,bbr,BBRv3,5,37,37,0.8523845649559577,0.6535670489377655,0.3797273185231569,0.14118691616297932,157.30200865997773
bbr,bbr,BBRv3,5,38,38,0.8081332368401035,0.4605357067559011,0.3300031014833859,0.05173505750522694,155.18865083389076
bbr,bbr,BBRv3,5,39,39,0.8029547698759711,0.5369394663311274,0.3488533620291028,0.10183998686436758,184.95818535117058
bbr,bbr,BBRv3,5,40,40,0.7822810076219299,0.5439864005542969,0.2872250096350372,0.07845617537204493,151.0649754916388
bbr,bbr,BBRv3,5,41,41,0.9031865458229015,0.7459440482915416,0.46606212187733376,0.22909340625209015,124.70755993534003
bbr,bbr,BBRv3,5,42,42,0.8702459569099172,0.6577310895041092,0.4187908234269483,0.10533653486666526,138.97501017837234
bbr,bbr,BBRv3,5,43,43,0.8257148558067638,0.5760965851338323,0.33610376610701215,0.09464210681052956,142.76130598885172
bbr,bbr,BBRv3,5,44,44,0.8130429457712384,0.6125342704497363,0.34676152261807713,0.14508859677086675,130.68271734225195
bbr,bbr,BBRv3,5,45,45,0.830847906082181,0.5945477900367951,0.37696876625912457,0.15429023430687278,139.2327888405797
bbr,bbr,BBRv3,5,46,46,0.804904996429928,0.6160614053346893,0.3055142884275997,0.11939730206063878,156.40507334448162
bbr,bbr,BBRv3,5,47,47,0.8922807701620634,0.7270665513156904,0.445816145043987,0.2128817809839345,136.74169943589743
bbr,bbr,BBRv3,5,48,48,0.88711912416906,0.6981419395912393,0.4177014482048315,0.18297849477593792,159.7175517146042
bbr,bbr,BBRv3,5,49,49,0.7917715016392363,0.5415855801266691,0.3344035448922144,0.0957084504958076,149.74706404682274
bbr,bbr,BBRv3,5,50,50,0.8486035193598152,0.6348036312666998,0.3762591152329778,0.06568552413757393,160.76076376811594
bbr,bbr,BBRv3,7,1,1,0.763620827527241,0.5188475649930344,0.2943542812544683,0.0772940059271277,109.41077383500556
bbr,bbr,BBRv3,7,2,2,0.8608142064979419,0.684951773520648,0.35997593367725433,0.11331502157676066,149.50236260551043
bbr,bbr,BBRv3,7,3,3,0.8445912982263857,0.638166233923327,0.3220012240465539,0.057700623868857534,158.95159836916704
bbr,bbr,BBRv3,7,4,4,0.8547644547507958,0.6846548405292374,0.3370007937555286,0.14533650578955926,143.57112640070076
bbr,bbr,BBRv3,7,5,5,0.8319070478720941,0.5731542933337037,0.37099353500821103,0.07848425394926667,139.660138079312
bbr,bbr,BBRv3,7,6,6,0.8433413251809676,0.3600436410211625,0.370361394785565,0.04792495400959953,144.79797740245263
bbr,bbr,BBRv3,7,7,7,0.7786153221021014,0.37848926483058515,0.35365521125317845,0.057655073942399424,145.96621465360727
bbr,bbr,BBRv3,7,8,8,0.8726349416418328,0.6261265339035863,0.43313849260651155,0.14558124975249806,136.14852825609174
bbr,bbr,BBRv3,7,9,9,0.8670402530444741,0.6832769422620287,0.37883685481744567,0.1425962353024149,129.05809230291447
bbr,bbr,BBRv3,7,10,10,0.7599537294779191,0.4166801832206163,0.3128667539425095,0.07311032200672204,144.1294936056697
bbr,bbr,BBRv3,7,11,11,0.8531605672139504,0.6307803931810618,0.36697454250512307,0.0961973648935585,152.01319334129636
bbr,bbr,BBRv3,7,12,12,0.8640604188257195,0.616816696156825,0.36788419923309895,0.09858364777212801,165.20580077400862
bbr,bbr,BBRv3,7,13,13,0.8555586620829159,0.7102535867142349,0.33151021167179917,0.1354138647692603,145.61784536391147
bbr,bbr,BBRv3,7,14,14,0.8154291782417394,0.5809113991736273,0.32915187319588096,0.12028468789605201,148.63141844879758
bbr,bbr,BBRv3,7,15,15,0.9082448698482168,0.7843751144086779,0.4304481004437441,0.22531265179841542,141.2308781127568
bbr,bbr,BBRv3,7,16,16,0.8089557289082716,0.5083321961292485,0.3305747648941708,0.09582461891972412,120.04608621118014
bbr,bbr,BBRv3,7,17,17,0.8860003420742574,0.7905917670499464,0.38546302315733716,0.22346128097603982,164.24022802357064
bbr,bbr,BBRv3,7,18,18,0.7784223703414381,0.47089045880630565,0.23120070839971057,0.08481260001754043,179.60870256728776
bbr,bbr,BBRv3,7,19,19,0.8330518915664233,0.562376632386833,0.3617771294830525,0.09472446750122326,140.6199131597388
bbr,bbr,BBRv3,7,20,20,0.8933859670336965,0.6609260934041024,0.4367786125573682,0.11179108749873191,137.65615302914475
bbr,bbr,BBRv3,7,21,21,0.8097024165166438,0.5441157373239708,0.35660630920296993,0.10374172258764644,132.01798884695015
bbr,bbr,BBRv3,7,22,22,0.78726382497276,0.5912706349766277,0.27792737047987554,0.09456282345431384,158.62825545309764
bbr,bbr,BBRv3,7,23,23,0.8285991410794045,0.5206133201405072,0.3571532841031631,0.06892658814930118,136.37032809364547
bbr,bbr,BBRv3,7,24,24,0.8279297854785028,0.6416654798139836,0.31675963728053835,0.09571986110134915,129.60279382704252
bbr,bbr,BBRv3,7,25,25,0.8126416204873899,0.5422635733334776,0.2579795637018385,0.07432420790947604,192.37209677974198
bbr,bbr,BBRv3,7,26,26,0.7905287306197224,0.4816173484337223,0.2773813344362018,0.07381947566861852,153.88241135212613
bbr,bbr,BBRv3,7,27,27,0.8333687356563853,0.5446954491217988,0.34220977652577367,0.10958527560669348,188.43524518076129
bbr,bbr,BBRv3,7,28,28,0.8318885013815045,0.5944443438947851,0.31045186490201904,0.12779844702414683,133.139596317885
bbr,bbr,BBRv3,7,29,29,0.8412286467439627,0.629150244442083,0.34171859587587056,0.10425620365875596,166.9535920640229
bbr,bbr,BBRv3,7,30,30,0.8069624136289771,0.47871330754044067,0.33910165944701476,0.0758560297655376,138.65451699315176
bbr,bbr,BBRv3,7,31,31,0.8771613951135332,0.699602813981747,0.40046692441321774,0.17180484517488245,126.25744114827202
bbr,bbr,BBRv3,7,32,32,0.895306450438613,0.6312454403457515,0.47728114297659585,0.16138022587445466,105.41140244306419
bbr,bbr,BBRv3,7,33,33,0.7909553086602356,0.522365482087715,0.3149105551023783,0.10501651332623874,138.3501444895684
bbr,bbr,BBRv3,7,34,34,0.6597328821111033,0.3650361518878547,0.21382912695263917,0.062402611719574834,166.2898571778946
bbr,bbr,BBRv3,7,35,35,0.7339356665580662,0.44488984491600186,0.28325863669861034,0.09925997479125272,96.99419946010512
bbr,bbr,BBRv3,7,36,36,0.7183597834018479,0.24059726317074664,0.2813357425855112,0.02046893913648288,146.0677777384934
bbr,bbr,BBRv3,7,37,37,0.8372417406703677,0.5946304770041968,0.33818302848403337,0.12487689946865144,155.3405960821099
bbr,bbr,BBRv3,7,38,38,0.7316603149061884,0.35880466241059894,0.245823919469433,0.06246531633958295,171.50840764612204
bbr,bbr,BBRv3,7,39,39,0.8348809929801074,0.5752222250350859,0.35133832103675255,0.09872703587018393,184.94745265169612
bbr,bbr,BBRv3,7,40,40,0.8172226704093423,0.3969707680837745,0.3341321672666768,0.04062943366909802,156.9360779391623
bbr,bbr,BBRv3,7,41,41,0.7810583966733674,0.4612320163426128,0.32791012223634763,0.07622221016730447,130.7053266252588
bbr,bbr,BBRv3,7,42,42,0.8167261312100907,0.5684775390472847,0.34532393603771944,0.11128012615180768,140.53531827042522
bbr,bbr,BBRv3,7,43,43,0.8892129396013293,0.6862501342002715,0.417919778901434,0.13493421979435197,140.20774008122314
bbr,bbr,BBRv3,7,44,44,0.819102051712978,0.5500056487751975,0.34097965026139604,0.09753872102798485,136.40149162605513
bbr,bbr,BBRv3,7,45,45,0.8408202672135036,0.569573531465054,0.39354953397858333,0.10092687379897276,144.1359654976907
bbr,bbr,BBRv3,7,46,46,0.7037041637999063,0.38203063176209134,0.25882358533830874,0.065018210869642,152.49828774645644
bbr,bbr,BBRv3,7,47,47,0.8836208990608017,0.6705813560677313,0.43157019061684254,0.09909303413159383,149.00790104475237
bbr,bbr,BBRv3,7,48,48,0.7414312558235208,0.51596789537072,0.2608521842221128,0.08994079387216193,170.62118437012262
bbr,bbr,BBRv3,7,49,49,0.775626630258914,0.5913539489626305,0.28035557825037843,0.08830054705238805,155.6527398646281
bbr,bbr,BBRv3,7,50,50,0.8319086724500451,0.5250821361923951,0.3396221802602359,0.04825538144982625,167.79513078834208
bbr1,bbr1,BBRv1,2,1,1,0.9810730844686657,0.9264510295620684,0.8332873088873294,0.5603570118262235,91.48478963210701
bbr1,bbr1,BBRv1,2,2,2,0.9633780316832424,0.8641119717460245,0.7534974428332477,0.4321548883065279,119.22812329988852
bbr1,bbr1,BBRv1,2,3,3,0.9705564476749324,0.9041541925462425,0.764930853787103,0.5087670487772021,124.8810103734671
bbr1,bbr1,BBRv1,2,4,4,0.9757994714796282,0.9068240283501515,0.8046435365555488,0.5145263451415336,123.57647504459308
bbr1,bbr1,BBRv1,2,5,5,0.9443341289283493,0.7480860023317423,0.7221362047407255,0.26558511562118137,107.63208983277592
bbr1,bbr1,BBRv1,2,6,6,0.9523755180571956,0.7267844041755324,0.7518376913761114,0.23982975863531353,126.35856850613155
bbr1,bbr1,BBRv1,2,7,7,0.9717617811511752,0.8851414541536173,0.8102976536110615,0.47036169141303436,116.87816397993312
bbr1,bbr1,BBRv1,2,8,8,0.9354075026492013,0.630335528411849,0.7028191285935418,0.13262829261642836,119.42448651059087
bbr1,bbr1,BBRv1,2,9,9,0.9671916320264597,0.8692332782667707,0.7746852162538544,0.44106433953683055,115.83177545707915
bbr1,bbr1,BBRv1,2,10,10,0.9545699605028574,0.7187252040828304,0.7529726280450533,0.23033610500546975,118.79900695652174
bbr1,bbr1,BBRv1,2,11,11,0.9385302840850034,0.7189555082360407,0.6918003991599304,0.23060301474131428,152.80512444816054
bbr1,bbr1,BBRv1,2,12,12,0.9555164324987228,0.7924351205725008,0.7487868019675235,0.3229323656414502,134.96412591973245
bbr1,bbr1,BBRv1,2,13,13,0.9612300065221712,0.7892228590426916,0.7717685805744858,0.31857636371819953,122.50719362318841
bbr1,bbr1,BBRv1,2,14,14,0.9581556632462843,0.7174786156165714,0.7616912630890843,0.2288771370042608,119.02449855629877
bbr1,bbr1,BBRv1,2,15,15,0.9623844058116955,0.8715623144492913,0.7456864603424145,0.445214046980994,118.46678244704572
bbr1,bbr1,BBRv1,2,16,16,0.9652898425015788,0.8604080175832347,0.7641818005566463,0.4257310449814191,104.62200395206243
bbr1,bbr1,BBRv1,2,17,17,0.9404713002116366,0.6060002991469902,0.7346653385911037,0.10721898034676906,138.56957703455964
bbr1,bbr1,BBRv1,2,18,18,0.9463562993035793,0.6957584126239686,0.7245711173151276,0.203920302420086,146.02293767001115
bbr1,bbr1,BBRv1,2,19,19,0.9665381486363769,0.8196909290988369,0.7818881057346673,0.3614624923696412,113.02125036231882
bbr1,bbr1,BBRv1,2,20,20,0.9671332571005264,0.8778005010599714,0.7837198669861637,0.45658019396930877,120.99178313266444
bbr1,bbr1,BBRv1,2,21,21,0.9663966468317741,0.8624836459218953,0.7763488285674868,0.42928385272887226,124.74688687848385
bbr1,bbr1,BBRv1,2,22,22,0.9782354655728714,0.936802795245899,0.8057477635407463,0.587671100137934,120.90782313823857
bbr1,bbr1,BBRv1,2,23,23,0.9722097554085591,0.8989940453137762,0.7815436841072713,0.49792508648744116,107.05125251393534
bbr1,bbr1,BBRv1,2,24,24,0.9575366712698847,0.8182273197368878,0.750521291207084,0.3593342731475303,111.71325966555185
bbr1,bbr1,BBRv1,2,25,25,0.9497005751252474,0.8280796550577677,0.7090637458349782,0.37396568327928387,142.75200637123743
bbr1,bbr1,BBRv1,2,26,26,0.9709511253410517,0.8925088818308858,0.781052805511277,0.4847389710104841,117.10122188963209
bbr1,bbr1,BBRv1,2,27,27,0.9742598243983341,0.8961868553193278,0.7995969692501486,0.492146826439425,153.52315718506134
bbr1,bbr1,BBRv1,2,28,28,0.9555680524138944,0.7293539207865178,0.7656577929969681,0.24292761050017755,107.4680128483835
bbr1,bbr1,BBRv1,2,29,29,0.9411848524228428,0.7487569187251409,0.7007955908113662,0.2664129364424145,149.80768234113714
bbr1,bbr1,BBRv1,2,30,30,0.9760932571585268,0.9024730518372812,0.8063245387756298,0.5051916769049504,110.38956146042364
bbr1,bbr1,BBRv1,2,31,31,0.9613749659303568,0.8711175695368131,0.7511756626112647,0.44443978423661173,113.6650240858417
bbr1,bbr1,BBRv1,2,32,32,0.9461356598507286,0.6974808810124578,0.7326308023943631,0.20589181535980652,88.29484691192866
bbr1,bbr1,BBRv1,2,33,33,0.9375797626785068,0.6199924255228008,0.7047118145480646,0.12177173866960399,120.19703333890746
bbr1,bbr1,BBRv1,2,34,34,0.946759323492757,0.6855340968263683,0.7272720514006287,0.19240457285935036,133.1066761928651
bbr1,bbr1,BBRv1,2,35,35,0.9769216876151243,0.897999917412837,0.8091146870485244,0.4958586113781014,84.8110321516165
bbr1,bbr1,BBRv1,2,36,36,0.9572722520865697,0.7674126400028376,0.7630783481088007,0.290657039943433,122.37176714604237
bbr1,bbr1,BBRv1,2,37,37,0.9432760558039069,0.7443416016140982,0.6889559847529702,0.26098597328074724,140.37641227982164
bbr1,bbr1,BBRv1,2,38,38,0.963309086341795,0.7656878096770683,0.7712101937761586,0.28767537003565,141.29357190635452
bbr1,bbr1,BBRv1,2,39,39,0.9798257834534078,0.9261502686096029,0.8083423901674865,0.55960751748393,148.25656837792644
bbr1,bbr1,BBRv1,2,40,40,0.980547962012151,0.9292126842142859,0.8191870571325048,0.5674185783055736,140.44237308807135
bbr1,bbr1,BBRv1,2,41,41,0.9744913840938024,0.9043666357361689,0.8084564564056861,0.5092215814643661,108.96378041248607
bbr1,bbr1,BBRv1,2,42,42,0.9671299905518227,0.8301452861216435,0.7811463509551659,0.377140971924,120.71515986622073
bbr1,bbr1,BBRv1,2,43,43,0.9635616111788454,0.8671885560109339,0.7581689829380194,0.4374577416560391,121.83292339464882
bbr1,bbr1,BBRv1,2,44,44,0.9708046894316579,0.8367240427767547,0.7924537516066555,0.3872155591803877,111.44549003901895
bbr1,bbr1,BBRv1,2,45,45,0.9760929862233759,0.9020286796421196,0.8213072912692464,0.5042575506386319,119.11442076365665
bbr1,bbr1,BBRv1,2,46,46,0.9648147270334198,0.8645846043120397,0.7614008645366036,0.43291294839919586,129.31887462095875
bbr1,bbr1,BBRv1,2,47,47,0.9662349732224462,0.8611195025152748,0.7863307736381476,0.4269489938763442,120.4572450780379
bbr1,bbr1,BBRv1,2,48,48,0.9588031856202023,0.8342487421465955,0.7398526689208724,0.3833757796343575,136.24945748606467
bbr1,bbr1,BBRv1,2,49,49,0.9599778470268956,0.7732862655879552,0.7800936041740573,0.2974869510967097,127.22812167781494
bbr1,bbr1,BBRv1,2,50,50,0.933833007713087,0.6845010889539048,0.6972738876966288,0.19125199972017423,136.58076183389073
bbr1,bbr1,BBRv1,4,1,1,0.9228902279463443,0.6730844858115734,0.5767713604318052,0.07974069721073176,103.16292985785954
bbr1,bbr1,BBRv1,4,2,2,0.9268613005327692,0.6443952280499975,0.6147263871289689,0.15762427892200853,131.8950271516165
bbr1,bbr1,BBRv1,4,3,3,0.9513668622353263,0.8464682877032632,0.6312462457015843,0.30958123951798916,132.74969356465996
bbr1,bbr1,BBRv1,4,4,4,0.9543345254348774,0.835576019502174,0.6558433426996402,0.3445537673557934,136.36949195652176
bbr1,bbr1,BBRv1,4,5,5,0.9082107958119919,0.6041241128097926,0.5575168851395127,0.10087807252501098,125.77799480769231
bbr1,bbr1,BBRv1,4,6,6,0.9101205885490387,0.561805278366914,0.5947006169771621,0.08097751564096421,137.20164542642138
bbr1,bbr1,BBRv1,4,7,7,0.9398292404377899,0.7904766364065561,0.6117164349333176,0.2664265329593795,131.0371140774805
bbr1,bbr1,BBRv1,4,8,8,0.9168722184072922,0.6908214384951541,0.5517482002829606,0.17126688356691983,131.4882912263099
bbr1,bbr1,BBRv1,4,9,9,0.9311546104598983,0.7517617061853923,0.5972480174575003,0.16433982280522103,128.77658744147158
bbr1,bbr1,BBRv1,4,10,10,0.9288326412694162,0.7357114934275504,0.6158740983968177,0.17728387941304208,130.10709057692307
bbr1,bbr1,BBRv1,4,11,11,0.9374137738204288,0.7528441635740324,0.6170081049792625,0.20788212904613104,149.18541878762542
bbr1,bbr1,BBRv1,4,12,12,0.935307655028871,0.7613872742308316,0.591222825211373,0.2344914805735882,148.0609337263099
bbr1,bbr1,BBRv1,4,13,13,0.9379488308195937,0.8143774106675798,0.5897702468264375,0.26783140299219044,123.18978054626533
bbr1,bbr1,BBRv1,4,14,14,0.9472639061395892,0.7571980789785581,0.6313849219046558,0.25118200932618584,124.23917908026756
bbr1,bbr1,BBRv1,4,15,15,0.9352739650461914,0.8017094461328238,0.5720305651321039,0.3348328023145228,125.36457514214047
bbr1,bbr1,BBRv1,4,16,16,0.9463160162398594,0.8227817712968061,0.61791705670937,0.21024719987349122,118.24185635451504
bbr1,bbr1,BBRv1,4,17,17,0.9010926730655698,0.4828233808966623,0.5711085022352915,0.10376154455179924,144.8611249052397
bbr1,bbr1,BBRv1,4,18,18,0.9462756402842295,0.8096093320128556,0.6191384964627327,0.2598357644093784,160.05384474080267
bbr1,bbr1,BBRv1,4,19,19,0.9597481924313694,0.8429349360267695,0.6703372230192078,0.37319006641335783,124.99121116499444
bbr1,bbr1,BBRv1,4,20,20,0.8951035423077892,0.49610680493188325,0.5536552408468861,0.0882287663693852,133.1897534921962
bbr1,bbr1,BBRv1,4,21,21,0.9324263644279867,0.6884683496694366,0.6287035384137225,0.19948599475318676,129.89642369565217
bbr1,bbr1,BBRv1,4,22,22,0.9458472767210057,0.8014421104778137,0.6306282560923948,0.2978162191260915,133.50924702619844
bbr1,bbr1,BBRv1,4,23,23,0.9490262949572233,0.8320061128276796,0.6417321966835186,0.3063886675131136,124.91463346989966
bbr1,bbr1,BBRv1,4,24,24,0.9225815409021562,0.5844263993742698,0.6025284923565232,0.14550050048292248,122.59960307971014
bbr1,bbr1,BBRv1,4,25,25,0.9318556660929164,0.7349925430318237,0.5863612306402506,0.09228459761806877,153.42821059643254
bbr1,bbr1,BBRv1,4,26,26,0.9303924285365998,0.7077174489713663,0.5912992724954655,0.1572858619338047,128.0366000529543
bbr1,bbr1,BBRv1,4,27,27,0.9320088391421509,0.7156466643717053,0.5908718180671771,0.18853505247901112,165.52354336956523
bbr1,bbr1,BBRv1,4,28,28,0.9399302367996492,0.7548964697995394,0.5986506613982897,0.17970888746501468,123.80468758361205
bbr1,bbr1,BBRv1,4,29,29,0.9084315356629933,0.6457062133450059,0.5267014838136478,0.10956957341110315,159.37981041527314
bbr1,bbr1,BBRv1,4,30,30,0.9472602959845783,0.8307310848179671,0.636834193072763,0.30005151049809897,120.83940968784839
bbr1,bbr1,BBRv1,4,31,31,0.9502286783451367,0.813533015550273,0.6423129293467504,0.2425083954950372,118.63053940078038
bbr1,bbr1,BBRv1,4,32,32,0.965600069556069,0.8672672933493591,0.7137303342432921,0.3196151100977548,105.20342763935341
bbr1,bbr1,BBRv1,4,33,33,0.9166558382675828,0.6784707617537269,0.5745013743293697,0.19867632720341732,123.2056837792642
bbr1,bbr1,BBRv1,4,34,34,0.9298970721094675,0.6601704140576161,0.6252018839786917,0.18033817049317,147.78640140468227
bbr1,bbr1,BBRv1,4,35,35,0.9652493482944252,0.8809445745595141,0.694344636541371,0.3990643755893555,93.36799524804906
bbr1,bbr1,BBRv1,4,36,36,0.8997999611835534,0.40835690178656703,0.5679609687411755,0.03882196863815913,131.69556494983274
bbr1,bbr1,BBRv1,4,37,37,0.9258814883647223,0.7151951886311197,0.5630777722372015,0.07376023884317003,153.23457331661092
bbr1,bbr1,BBRv1,4,38,38,0.9077434956900515,0.6496389333210573,0.5382272540924666,0.13401579612899134,141.86563643812707
bbr1,bbr1,BBRv1,4,39,39,0.9204354437112567,0.660625068757104,0.5740382570660749,0.17402270933126376,172.5152496516165
bbr1,bbr1,BBRv1,4,40,40,0.9519431252844037,0.7966394995158517,0.6607633385726622,0.2463055296421876,145.90292682274247
bbr1,bbr1,BBRv1,4,41,41,0.9485708002544745,0.7968463202184883,0.6655840843595288,0.31917898756929175,119.71895587792642
bbr1,bbr1,BBRv1,4,42,42,0.9428599666944916,0.7747479264029448,0.6173264883138316,0.2032540809074997,134.41191324414714
bbr1,bbr1,BBRv1,4,43,43,0.9403787584166278,0.6937299903027049,0.6562611358161723,0.20291233688753074,125.06409017001116
bbr1,bbr1,BBRv1,4,44,44,0.9347118506572959,0.7798806615241387,0.6091710562896417,0.2500167349394863,124.77005959587514
bbr1,bbr1,BBRv1,4,45,45,0.9492988563339094,0.8435361031980158,0.6264245146289702,0.2835302148101425,129.45703924470456
bbr1,bbr1,BBRv1,4,46,46,0.92741408148224,0.6453969486789817,0.6077181791715738,0.1786387869303632,143.98365339186176
bbr1,bbr1,BBRv1,4,47,47,0.9550250033197638,0.8689188027518322,0.639060889920608,0.33827678305243614,134.09613452619845
bbr1,bbr1,BBRv1,4,48,48,0.9432979559902761,0.7658779585115442,0.6292264347686493,0.2542212047310995,142.95964504459312
bbr1,bbr1,BBRv1,4,49,49,0.9428324606837608,0.8238631063461541,0.6551608977371443,0.2947692771815372,134.01914564938684
bbr1,bbr1,BBRv1,4,50,50,0.9206669389585643,0.7201867702093113,0.5747138924707849,0.13927535383306153,140.66096510312153
bbr1,bbr1,BBRv1,5,1,1,0.9267020738401948,0.7160983114767037,0.578404937509719,0.15129249971219205,102.31744929988852
bbr1,bbr1,BBRv1,5,2,2,0.9029783645412435,0.6308301779624756,0.5437264713571858,0.12304799932179221,137.34558552954292
bbr1,bbr1,BBRv1,5,3,3,0.9598523504882485,0.8834839610920443,0.6319819638316467,0.35626731527902683,134.50323256633223
bbr1,bbr1,BBRv1,5,4,4,0.9481093649667408,0.7896857189589868,0.6294440055438029,0.2892776307650153,137.89053878037902
bbr1,bbr1,BBRv1,5,5,5,0.9273242990298721,0.6914886180970292,0.5767238502084572,0.19312617986024,133.26335402006688
bbr1,bbr1,BBRv1,5,6,6,0.9300106271315771,0.780133958819377,0.5605039136123428,0.20412108125348646,142.0659299509476
bbr1,bbr1,BBRv1,5,7,7,0.9382563387942207,0.7177237136242753,0.6201230114024111,0.19417165657283295,134.43698378595317
bbr1,bbr1,BBRv1,5,8,8,0.926262287056743,0.7481235950994982,0.5304705546605084,0.14259815994647373,133.22762335562987
bbr1,bbr1,BBRv1,5,9,9,0.9307157316014476,0.7835739030464883,0.5698633527217473,0.2500913213418902,130.8929103188406
bbr1,bbr1,BBRv1,5,10,10,0.9227797647911764,0.709637524550932,0.5837388686564033,0.11959764215081946,133.1833254804905
bbr1,bbr1,BBRv1,5,11,11,0.9183261660229706,0.7230554319904126,0.5163391165622528,0.1638575823824874,150.35848213377926
bbr1,bbr1,BBRv1,5,12,12,0.8934208080038862,0.5443198648743052,0.5152426755318248,0.10123595967043249,155.20698328205125
bbr1,bbr1,BBRv1,5,13,13,0.9325649073196629,0.7294083301665975,0.5769694963629513,0.14354915607432162,128.60672599554067
bbr1,bbr1,BBRv1,5,14,14,0.9310328366585224,0.7163139236728572,0.5906264363017345,0.181234841569731,126.94342776365663
bbr1,bbr1,BBRv1,5,15,15,0.950945381918832,0.8549838946977979,0.5978811857668869,0.3173785511362492,132.99265355852842
bbr1,bbr1,BBRv1,5,16,16,0.9356743554303348,0.7326070015668911,0.5996712378276418,0.1599274654500066,118.55331135340025
bbr1,bbr1,BBRv1,5,17,17,0.8933728859712471,0.34868044457465913,0.5685791967094539,0.06778536922562654,147.28575272017835
bbr1,bbr1,BBRv1,5,18,18,0.9217662874710038,0.6664972135347592,0.563939008724564,0.16984231859268342,163.33454719955404
bbr1,bbr1,BBRv1,5,19,19,0.9321298293097356,0.6711672591607075,0.6167160576390512,0.14170765085974604,128.31033846599775
bbr1,bbr1,BBRv1,5,20,20,0.9078589766689465,0.4740965396573599,0.5868955956910209,0.07371764621760778,138.58098028316607
bbr1,bbr1,BBRv1,5,21,21,0.9475319831440692,0.7722987619864103,0.627096067673102,0.2305533785240539,130.1952065306577
bbr1,bbr1,BBRv1,5,22,22,0.917966986564809,0.7385502071759311,0.5517200648371748,0.21173079656650642,146.93901556967674
bbr1,bbr1,BBRv1,5,23,23,0.9413654929883671,0.7722730709249657,0.5959900711515392,0.20676544581821368,128.70892021404683
bbr1,bbr1,BBRv1,5,24,24,0.8989979406746602,0.5692993395531155,0.5041922804963853,0.06761329236313303,137.26248490301003
bbr1,bbr1,BBRv1,5,25,25,0.8839382808800055,0.627395956480883,0.480902164931087,0.08925563056639231,170.17500109698994
bbr1,bbr1,BBRv1,5,26,26,0.8816307341875267,0.6360277040230765,0.45551245059603074,0.05676311345205682,137.89487225195097
bbr1,bbr1,BBRv1,5,27,27,0.9265944512056145,0.7357751215201987,0.5394788616854712,0.1694534901910134,168.79625566332217
bbr1,bbr1,BBRv1,5,28,28,0.8954623696265775,0.4330311998458903,0.5495348145769886,0.07415032706348769,127.02274089855072
bbr1,bbr1,BBRv1,5,29,29,0.9165514837711876,0.71854311094211,0.5331856564531676,0.1816131477224732,161.4445656789298
bbr1,bbr1,BBRv1,5,30,30,0.9046787722580907,0.6244549107831427,0.521349616303435,0.0925231471646778,128.63223039687847
bbr1,bbr1,BBRv1,5,31,31,0.9451987353783136,0.7932288417991457,0.591726445776236,0.19383904803938812,123.70008697212931
bbr1,bbr1,BBRv1,5,32,32,0.9204364794791046,0.4324328962951352,0.6594974271514942,0.07488376244786403,101.05050700334448
bbr1,bbr1,BBRv1,5,33,33,0.9193598392469297,0.6662560582591934,0.5625441033431635,0.1298493726864665,128.98525626978818
bbr1,bbr1,BBRv1,5,34,34,0.9518873571100687,0.8593755119647373,0.6229355021645088,0.32820814023571304,146.3080386109253
bbr1,bbr1,BBRv1,5,35,35,0.9613168409419883,0.8430444718702704,0.6839215641516586,0.261220925349878,95.31205516610927
bbr1,bbr1,BBRv1,5,36,36,0.9504253276193234,0.8475426280210651,0.6062309306253282,0.2913322182844383,124.81032365440356
bbr1,bbr1,BBRv1,5,37,37,0.9336127761679918,0.793619666651467,0.5752512628675878,0.23756784384645285,149.62697069342252
bbr1,bbr1,BBRv1,5,38,38,0.9141108798458416,0.5185164677067275,0.5671290004316865,0.07900684645864774,147.09570066443703
bbr1,bbr1,BBRv1,5,39,39,0.9219757497604314,0.7120619115989193,0.5385332814924619,0.15936254118720036,175.7107720691193
bbr1,bbr1,BBRv1,5,40,40,0.9131199745235508,0.44706809276956927,0.601341566498788,0.07326627039697269,151.00530001114828
bbr1,bbr1,BBRv1,5,41,41,0.9270250040098695,0.6477303801549208,0.5939801199271494,0.14656951054423337,124.96425293645484
bbr1,bbr1,BBRv1,5,42,42,0.9302305172695176,0.7297443732310468,0.5876152863753744,0.16859763453567547,137.6318089297659
bbr1,bbr1,BBRv1,5,43,43,0.8963784442078937,0.5913637481541051,0.5083934655865373,0.10174444297522386,137.49587909699
bbr1,bbr1,BBRv1,5,44,44,0.9572155691755283,0.8161536746731259,0.6331352126547707,0.1988919518519922,124.32253988851728
bbr1,bbr1,BBRv1,5,45,45,0.9575950987643164,0.8386217771870701,0.6391022617345576,0.2675328613050896,131.99746298104793
bbr1,bbr1,BBRv1,5,46,46,0.8497498525128481,0.31968143677884586,0.5235364316046246,0.041341755460122344,147.1457817904125
bbr1,bbr1,BBRv1,5,47,47,0.9278547739971734,0.7133098423480858,0.5600398064500702,0.10239884935685556,134.8712971215162
bbr1,bbr1,BBRv1,5,48,48,0.9481470780570849,0.7921501587677161,0.6153859490453066,0.22932508227295337,147.19872125083612
bbr1,bbr1,BBRv1,5,49,49,0.914171414827687,0.6225444014853235,0.579245904175678,0.14645630300263074,138.55082489855073
bbr1,bbr1,BBRv1,5,50,50,0.8930224551254836,0.5923994042300816,0.5110618015750581,0.11460852074299752,147.12051119732442
bbr1,bbr1,BBRv1,7,1,1,0.9190363565660967,0.6755665607977525,0.5332025143957778,0.16499395924823532,107.21574485746136
bbr1,bbr1,BBRv1,7,2,2,0.9199741999632655,0.5655282911275378,0.5383606982379652,0.10201301999934231,142.09228322503583
bbr1,bbr1,BBRv1,7,3,3,0.9263553257626893,0.5882182754731966,0.5836658642682891,0.08136438085355176,149.82402347029782
bbr1,bbr1,BBRv1,7,4,4,0.9409660753600838,0.7704752758759911,0.5887084000392769,0.23559286764984835,151.0026006657111
bbr1,bbr1,BBRv1,7,5,5,0.9242065881546434,0.7756071818235389,0.5039309967642156,0.15341665346153552,138.17647769708555
bbr1,bbr1,BBRv1,7,6,6,0.8783079233470951,0.29423776723506007,0.5065411943868812,0.04616246861203318,148.42481390030258
bbr1,bbr1,BBRv1,7,7,7,0.9251821277655478,0.7266727980909302,0.5409180735792614,0.14895864407775627,142.68034585602803
bbr1,bbr1,BBRv1,7,8,8,0.9173080884136321,0.695222016604657,0.5212963692810736,0.15504023978084489,137.25106483038698
bbr1,bbr1,BBRv1,7,9,9,0.9136097419914794,0.7083058676104461,0.5089127059808284,0.13710652681984273,138.95533972288578
bbr1,bbr1,BBRv1,7,10,10,0.9147255605380467,0.6069931298435189,0.5420426502303151,0.12153401838765981,142.33053786112438
bbr1,bbr1,BBRv1,7,11,11,0.9280837598951898,0.7501946343273638,0.5441967922969845,0.17353356497416483,156.15508488453574
bbr1,bbr1,BBRv1,7,12,12,0.8567923925715699,0.4570110176606014,0.40959868839160973,0.05051963161316566,166.768139256251
bbr1,bbr1,BBRv1,7,13,13,0.9085104397292427,0.617658435593174,0.4967688705445181,0.016197435328403734,142.95728721930246
bbr1,bbr1,BBRv1,7,14,14,0.9338259482059037,0.6896321446559112,0.574184766710666,0.16480457030991041,131.93635250039816
bbr1,bbr1,BBRv1,7,15,15,0.9456103433257156,0.7164291669161746,0.5864459462309516,0.19233515006526125,133.3299877544195
bbr1,bbr1,BBRv1,7,16,16,0.8960997405680191,0.5618706825390467,0.4811443694685346,0.08640722690522977,130.74809054467272
bbr1,bbr1,BBRv1,7,17,17,0.9216265772825906,0.7458182518638433,0.521509535159892,0.2012333084746832,152.9998691941392
bbr1,bbr1,BBRv1,7,18,18,0.8599793452521919,0.31868831550561655,0.462903558934782,0.03966952003020385,177.1981699808887
bbr1,bbr1,BBRv1,7,19,19,0.9070403872401255,0.43113081357084143,0.5413522483553641,0.07850172439165091,140.54082386685778
bbr1,bbr1,BBRv1,7,20,20,0.8821001251538869,0.2914139185905714,0.5245996453684032,0.04510537628728024,142.52607222009874
bbr1,bbr1,BBRv1,7,21,21,0.8875755039363499,0.42703177849424195,0.4996405122838104,0.07051436269212787,138.56743628921802
bbr1,bbr1,BBRv1,7,22,22,0.9442593553070339,0.8025705429567392,0.5674148522647026,0.20781466984937472,147.44057142857145
bbr1,bbr1,BBRv1,7,23,23,0.8863866952389521,0.5480783997040708,0.49848868587939954,0.10058598383657957,148.4323127090301
bbr1,bbr1,BBRv1,7,24,24,0.8850050447414078,0.5939810460156514,0.4616895475718029,0.09200872577505276,138.210739877369
bbr1,bbr1,BBRv1,7,25,25,0.8886960254327747,0.5658542071496027,0.46454124542154623,0.09670585170809584,169.16845014333492
bbr1,bbr1,BBRv1,7,26,26,0.9019741094322846,0.664568578792038,0.48886207536581566,0.15371410212722292,138.09718046026438
bbr1,bbr1,BBRv1,7,27,27,0.915526430918445,0.6982839070222677,0.4899775108613621,0.11495465427110425,180.39026489409142
bbr1,bbr1,BBRv1,7,28,28,0.8684991752349576,0.33610092474543735,0.48419312742867743,0.03398716686846142,135.33246742315654
bbr1,bbr1,BBRv1,7,29,29,0.8894656056379252,0.6405027803818265,0.47311450619826634,0.06754840436337585,167.5444705175983
bbr1,bbr1,BBRv1,7,30,30,0.9288131287875162,0.7434586701743304,0.5521616776296999,0.18768934213098357,133.74181231884057
bbr1,bbr1,BBRv1,7,31,31,0.9004865455379828,0.4635579479208031,0.5221204494358169,0.03528894288830411,133.88265554546902
bbr1,bbr1,BBRv1,7,32,32,0.9356125967371681,0.6661106815619138,0.63133063917301,0.13410038171826147,112.55056686415034
bbr1,bbr1,BBRv1,7,33,33,0.9406291092836745,0.7794268389084517,0.5619799072796317,0.20076891917740058,135.210634209269
bbr1,bbr1,BBRv1,7,34,34,0.8971298353643491,0.4154823727200741,0.5224682355649526,0.0909693692872252,159.38064047459784
bbr1,bbr1,BBRv1,7,35,35,0.969269616371657,0.8716024764155381,0.6958199948705754,0.3021671753457467,102.61516174550088
bbr1,bbr1,BBRv1,7,36,36,0.9011425748648899,0.3630347354565152,0.5405234842702982,0.03975787435732976,137.8576859468068
bbr1,bbr1,BBRv1,7,37,37,0.913802507623708,0.6914073064388743,0.4964080541885983,0.11334830382068202,163.1266874231565
bbr1,bbr1,BBRv1,7,38,38,0.8598891155572591,0.38741914544612877,0.4559303551131382,0.04970317455010491,150.608242071986
bbr1,bbr1,BBRv1,7,39,39,0.9091186236663404,0.6145017929757577,0.49388191939060466,0.09329633762498642,186.29875922599143
bbr1,bbr1,BBRv1,7,40,40,0.9004536460643586,0.32871994827993284,0.5723718910912816,0.053299897180739325,164.3857699394808
bbr1,bbr1,BBRv1,7,41,41,0.9303843212690348,0.7203195580562971,0.5853268091049254,0.12407188629531825,131.80813664596275
bbr1,bbr1,BBRv1,7,42,42,0.8990413111816649,0.6291331754670659,0.49553952031401405,0.11543603368960857,141.547076007326
bbr1,bbr1,BBRv1,7,43,43,0.8990361519554456,0.5896168524422695,0.5008265573893277,0.11824734752441543,147.92277268354835
bbr1,bbr1,BBRv1,7,44,44,0.9527395723756562,0.8426510636409414,0.6151207635359803,0.26683389205824826,128.8948708345278
bbr1,bbr1,BBRv1,7,45,45,0.954348270909094,0.8128847989735968,0.6192939411958029,0.23246227426821928,140.86521881509793
bbr1,bbr1,BBRv1,7,46,46,0.901645723079279,0.589272533126,0.502284353279627,0.12869925006950972,151.75119698359612
bbr1,bbr1,BBRv1,7,47,47,0.9090382121273153,0.564244403345673,0.5201968328586687,0.0605898318978703,146.07118563784041
bbr1,bbr1,BBRv1,7,48,48,0.9336590013278472,0.7417590470954896,0.561936442676502,0.1560107857668671,155.3057510973085
bbr1,bbr1,BBRv1,7,49,49,0.9313976379501878,0.644119105006569,0.5758362210793955,0.1594584067044835,144.1836586526517
bbr1,bbr1,BBRv1,7,50,50,0.8390542143222396,0.35926556540457727,0.42391558405807445,0.06545030176006641,153.2135380936455
cubic,cubic,CUBIC,2,1,1,0.8528114043290091,0.583005922353714,0.5009051221437805,0.08358592453131404,143.04236141583056
cubic,cubic,CUBIC,2,2,2,0.9565293139906743,0.8158419271473946,0.7400294395236823,0.35583471821348156,189.70576673913044
cubic,cubic,CUBIC,2,3,3,0.9205860127476961,0.7169118828400559,0.6244321313677123,0.2282181650469673,212.34372720178374
cubic,cubic,CUBIC,2,4,4,0.9582026464533429,0.838997999213793,0.7537038829896174,0.39080654504416373,194.16042982720177
cubic,cubic,CUBIC,2,5,5,0.9355196459097577,0.7218205062428559,0.7002161263095229,0.23397568963139337,162.42000134336678
cubic,cubic,CUBIC,2,6,6,0.9356986901372206,0.6953055977022534,0.6790803191090019,0.20347635299356562,215.82624918060202
cubic,cubic,CUBIC,2,7,7,0.9375493341376034,0.7784136775943487,0.6846372319259131,0.30417281910327565,180.5699708026756
cubic,cubic,CUBIC,2,8,8,0.9297223870600959,0.7352643171892019,0.680890638245006,0.24997284518076768,179.82799429208472
cubic,cubic,CUBIC,2,9,9,0.934162865008321,0.730599271560091,0.6938976590393247,0.24436997405442454,167.10413494983277
cubic,cubic,CUBIC,2,10,10,0.9587874497705255,0.845171910299382,0.7599721532319111,0.40055617050364284,201.11732434225195
cubic,cubic,CUBIC,2,11,11,0.915639671196985,0.6553566461147866,0.6613994855012909,0.1592991968890243,215.13396487736904
cubic,cubic,CUBIC,2,12,12,0.9219208338753014,0.6216141256839344,0.6910156290669238,0.12346933901227755,207.14288764214047
cubic,cubic,CUBIC,2,13,13,0.9197371934535583,0.578140262341062,0.6425948510888594,0.07862330079511852,192.47069822742475
cubic,cubic,CUBIC,2,14,14,0.9410747403883503,0.722632795928987,0.7395299999903897,0.2349300652319166,178.87034536231886
cubic,cubic,CUBIC,2,15,15,0.9295589267482813,0.7703301790620263,0.6561430438559535,0.29363917422628827,201.97183506688964
cubic,cubic,CUBIC,2,16,16,0.9541849043474174,0.7830591217780011,0.7382065024504433,0.3103167863107308,154.22042245819398
cubic,cubic,CUBIC,2,17,17,0.9591500385411972,0.8537206479517714,0.7323816986935873,0.4144916847431707,234.27165272575246
cubic,cubic,CUBIC,2,18,18,0.9501863169312295,0.6451883947572418,0.7660448504063322,0.14838537879759411,228.74190040691192
cubic,cubic,CUBIC,2,19,19,0.9195596532635402,0.6021961927226794,0.6666094718951275,0.10328738971870775,186.3064214994426
cubic,cubic,CUBIC,2,20,20,0.9270968172796714,0.7032647949208807,0.6745794578457182,0.2124420758624141,193.40244112597546
cubic,cubic,CUBIC,2,21,21,0.9534557352122658,0.8042162225631342,0.7166469135050993,0.33922320400243167,183.61121863433667
cubic,cubic,CUBIC,2,22,22,0.9310845245443022,0.7499518549292935,0.6765895804939397,0.26789495124451324,194.40786152731326
cubic,cubic,CUBIC,2,23,23,0.9033410969903023,0.6056642084060051,0.6008986009023786,0.10687104757148289,176.54166106466
cubic,cubic,CUBIC,2,24,24,0.9419356425337408,0.7360599610522386,0.7059111638098452,0.25092338396261565,179.19380774804904
cubic,cubic,CUBIC,2,25,25,0.9453463511841013,0.7614491814506276,0.731653140558885,0.28231144060770585,226.84415598662207
cubic,cubic,CUBIC,2,26,26,0.8654829771426288,0.6655746805314023,0.5082529162011529,0.1703814617722862,196.13110525083613
cubic,cubic,CUBIC,2,27,27,0.9663705248194318,0.8054322951770305,0.8206301848055458,0.34093466077347667,228.12363424191747
cubic,cubic,CUBIC,2,28,28,0.928348093827833,0.7481561878155901,0.6562864869351059,0.26567601934838964,169.8388285897436
cubic,cubic,CUBIC,2,29,29,0.9342291750698287,0.6778531862062376,0.6836137913593774,0.18386723183107612,211.39687090301
cubic,cubic,CUBIC,2,30,30,0.9406951078769017,0.7149404933040395,0.7382343261862935,0.22592250360850144,169.04253147157192
cubic,cubic,CUBIC,2,31,31,0.9110509083357919,0.7323179352955529,0.6014543647625383,0.2464255940320069,180.10417091415832
cubic,cubic,CUBIC,2,32,32,0.9055685891774188,0.7187542522844771,0.5845418047098999,0.230363078141465,140.84857691750278
cubic,cubic,CUBIC,2,33,33,0.9344637494873383,0.7943961089936726,0.6495250966580658,0.3256082147457188,189.57972479933113
cubic,cubic,CUBIC,2,34,34,0.9174108520342203,0.587473318975417,0.6441741561366149,0.0881601844398803,214.42978958751394
cubic,cubic,CUBIC,2,35,35,0.94757186874266,0.7639881941855546,0.7251738108624675,0.2855070218895182,143.04951694537345
cubic,cubic,CUBIC,2,36,36,0.9306341031211849,0.6563845340173391,0.7117252419690718,0.16042583971168878,197.31969285953176
cubic,cubic,CUBIC,2,37,37,0.9195007616145048,0.7204654954670424,0.638759090954735,0.23236977824718383,211.85904449275364
cubic,cubic,CUBIC,2,38,38,0.9433136931271493,0.7153454981607574,0.717395146032016,0.2263816978931895,231.72977765328875
cubic,cubic,CUBIC,2,39,39,0.9514419253917731,0.8446442425552175,0.7045363998800491,0.3997083831752319,244.86004527313264
cubic,cubic,CUBIC,2,40,40,0.9360295752541955,0.7705253594185832,0.6763976931846508,0.29389160563736944,209.71602833890745
cubic,cubic,CUBIC,2,41,41,0.9481616892314323,0.75764791190205,0.7194001013409607,0.277487649947334,185.45986968227425
cubic,cubic,CUBIC,2,42,42,0.9518765527252504,0.766378600790392,0.7395084081251059,0.28855903105039976,174.96264590858416
cubic,cubic,CUBIC,2,43,43,0.9281373090087137,0.7594352277347911,0.6506293645511654,0.27973697981041884,196.76658103678932
cubic,cubic,CUBIC,2,44,44,0.9488474631082932,0.8026643586155616,0.7073796057116191,0.3370516316019154,181.48308204013378
cubic,cubic,CUBIC,2,45,45,0.949020873159983,0.7802059558877583,0.7153248947182899,0.3065365559088059,191.57282400780377
cubic,cubic,CUBIC,2,46,46,0.9408158212440676,0.8224255594086446,0.6717199793309612,0.365498012121452,208.87639222408026
cubic,cubic,CUBIC,2,47,47,0.9052401024877512,0.6758055691544032,0.6138272911782924,0.1816040836322634,220.8513491638796
cubic,cubic,CUBIC,2,48,48,0.9376052402232259,0.693581760404684,0.7200796613476261,0.20143898685489284,231.3210336399108
cubic,cubic,CUBIC,2,49,49,0.9191584136596854,0.7436804452953445,0.6082158608494166,0.2601762377239945,220.76342683389075
cubic,cubic,CUBIC,2,50,50,0.892280216401911,0.6091721594830178,0.5953735013758708,0.11050530894393065,198.7277167335563
cubic,cubic,CUBIC,4,1,1,0.9056789133797152,0.7138768576327114,0.5111700690602311,0.2093252278905865,164.67705837792641
cubic,cubic,CUBIC,4,2,2,0.9225793810476433,0.7106551534901747,0.5759752237894562,0.23055201998467234,203.89186200947603
cubic,cubic,CUBIC,4,3,3,0.9291840591317505,0.8264497067754532,0.537424215863216,0.20914636091265817,219.28053617056855
cubic,cubic,CUBIC,4,4,4,0.9036436886955608,0.7665635601996473,0.4861910414880576,0.20730517533488596,207.67185411649945
cubic,cubic,CUBIC,4,5,5,0.858952119406538,0.5792417179508091,0.4210304161671351,0.023374286883294536,189.52201427536232
cubic,cubic,CUBIC,4,6,6,0.8470180327721862,0.5094691618089626,0.39511052995317075,0.03157878620475076,222.47858249721293
cubic,cubic,CUBIC,4,7,7,0.8744548616798822,0.4715873668130224,0.4724518727883404,0.10402458567345077,202.52813388238576
cubic,cubic,CUBIC,4,8,8,0.9124451372172098,0.7486729192193429,0.5148049234136053,0.2120719670951664,195.89545938684503
cubic,cubic,CUBIC,4,9,9,0.8927441372694174,0.6940842463323074,0.47695498765496996,0.14622276810572674,195.97465367335562
cubic,cubic,CUBIC,4,10,10,0.9203873290908291,0.7775364164014452,0.5435903728904512,0.2579806137947256,214.4999687513935
cubic,cubic,CUBIC,4,11,11,0.8831746102175957,0.6509649967477306,0.461493083613122,0.1263369116401558,219.18723516443703
cubic,cubic,CUBIC,4,12,12,0.892615746291414,0.6563438945482973,0.49935790744467673,0.16698902230464452,222.99092360925306
cubic,cubic,CUBIC,4,13,13,0.9153374406529037,0.6790172845655721,0.5466540279872917,0.09605153810576185,213.98842121516165
cubic,cubic,CUBIC,4,14,14,0.8970216292269332,0.6574054235020498,0.49682146389641324,0.16518069899097962,199.44094177536232
cubic,cubic,CUBIC,4,15,15,0.9106867283017692,0.7064845785615246,0.5239860421744097,0.2211734349532879,207.86948998049056
cubic,cubic,CUBIC,4,16,16,0.8991853272527404,0.7361039659269395,0.48897295748661224,0.2312650200223398,174.66214124303232
cubic,cubic,CUBIC,4,17,17,0.8640775676735677,0.4188278635722397,0.5322272051621503,0.07101805077257567,241.89399118450388
cubic,cubic,CUBIC,4,18,18,0.9242277871103751,0.6885567501319901,0.5430721229276423,0.15820823980463575,253.56325984113712
cubic,cubic,CUBIC,4,19,19,0.9028099702011176,0.7365641198674584,0.511622256188046,0.24692542593401284,202.6102085702341
cubic,cubic,CUBIC,4,20,20,0.9316511342863107,0.780431180337879,0.563337145712793,0.2557131379050888,198.11318015050165
cubic,cubic,CUBIC,4,21,21,0.9009652937994598,0.6734478024543277,0.5010491480804761,0.20746612004796053,199.35343226031216
cubic,cubic,CUBIC,4,22,22,0.891426392049129,0.6039886280087933,0.5007187748880122,0.13297298219584514,219.5340756382386
cubic,cubic,CUBIC,4,23,23,0.9066100986538167,0.7163757686428781,0.5147434568555707,0.22388575113728204,194.71342746934224
cubic,cubic,CUBIC,4,24,24,0.9102582619119324,0.6744940670655886,0.5277697750081011,0.1533383655855402,189.92883615384613
cubic,cubic,CUBIC,4,25,25,0.8774985264648671,0.631177385588389,0.46311920500444176,0.14049721641993618,251.42782266722406
cubic,cubic,CUBIC,4,26,26,0.918414851392717,0.7254278091372871,0.521766115778224,0.1736641395449581,203.8605631800446
cubic,cubic,CUBIC,4,27,27,0.8659699719477154,0.6001120376817763,0.4904133280898691,0.15386594993989722,248.9678551505017
cubic,cubic,CUBIC,4,28,28,0.9412738646047641,0.8093794994852742,0.590591955037706,0.2634477129341696,171.7214401811594
cubic,cubic,CUBIC,4,29,29,0.9339893514465389,0.7896506965014405,0.5610880435122423,0.2245105163304209,224.93579446209588
cubic,cubic,CUBIC,4,30,30,0.9217262629550771,0.753037195103325,0.5589365626822885,0.16393416078932185,192.53453352006687
cubic,cubic,CUBIC,4,31,31,0.9179491359287811,0.7073676237976462,0.5346263522768921,0.16717785463805032,201.33619527870678
cubic,cubic,CUBIC,4,32,32,0.9251646196894168,0.8211240593639627,0.5314625810875461,0.32388490428112354,150.8846852787068
cubic,cubic,CUBIC,4,33,33,0.9234776455252003,0.7432544742347439,0.5560586654103975,0.22031110913536525,202.00302393255296
cubic,cubic,CUBIC,4,34,34,0.8873913603745542,0.48445602058709997,0.5177546157274331,0.06901548316837057,231.63147533166108
cubic,cubic,CUBIC,4,35,35,0.9211119102532713,0.7479017805979269,0.5489155068455004,0.23276332854589968,152.70700045707918
cubic,cubic,CUBIC,4,36,36,0.894977993531456,0.5675761598062772,0.5000007841454385,0.1059174806475799,206.45170186176142
cubic,cubic,CUBIC,4,37,37,0.9009753377185332,0.7337669473462246,0.5161330664021078,0.18099639947469498,222.72411606466
cubic,cubic,CUBIC,4,38,38,0.8696963797819048,0.4129292443240672,0.48384650733854756,0.06940592357135106,239.97537446209589
cubic,cubic,CUBIC,4,39,39,0.8642505511170805,0.6001595516891166,0.43180723171643404,0.13583521817520214,263.76121452341135
cubic,cubic,CUBIC,4,40,40,0.8850995729330464,0.594743990653726,0.5258580171144801,0.16597527082846422,230.2589069175028
cubic,cubic,CUBIC,4,41,41,0.8817577438147917,0.6354225459026153,0.4844548979728857,0.12482363665094219,198.46079802396878
cubic,cubic,CUBIC,4,42,42,0.8920412627735194,0.6949034116088766,0.4763117760523077,0.16452786739703987,197.25572352285397
cubic,cubic,CUBIC,4,43,43,0.8760978265655109,0.6031790527535276,0.44913082573274704,0.018231096874316607,200.41537172240803
cubic,cubic,CUBIC,4,44,44,0.8879301895762594,0.6946087681726484,0.46859315279734043,0.19284107030594255,201.29409139632108
cubic,cubic,CUBIC,4,45,45,0.9264087503990127,0.7534547220352563,0.5638616071548229,0.24454963678521566,204.733334180602
cubic,cubic,CUBIC,4,46,46,0.8825473193459359,0.6954263064855838,0.44675684006010025,0.15463388199334466,229.08414343924193
cubic,cubic,CUBIC,4,47,47,0.8844939232804511,0.6331329570053661,0.4825276180367146,0.12510404066608627,219.54118796265328
cubic,cubic,CUBIC,4,48,48,0.8876400230100552,0.6737535859949022,0.4845117413548773,0.17461826287473023,243.72659611204014
cubic,cubic,CUBIC,4,49,49,0.9009908524716562,0.6847927028359674,0.5283623289991183,0.1701617629081853,226.80783006131549
cubic,cubic,CUBIC,4,50,50,0.8346984189043961,0.5759852570408005,0.3890221488643944,0.08318265384425834,241.3213622463768
cubic,cubic,CUBIC,5,1,1,0.8784227878029807,0.61885118152229,0.4325345854101179,0.051110699142360376,162.10358659977706
cubic,cubic,CUBIC,5,2,2,0.912695075768172,0.6489521997680322,0.55703631764914,0.14690106659919863,206.07173479152735
cubic,cubic,CUBIC,5,3,3,0.9184876312622288,0.7815785147412503,0.4954475363321802,0.22752723353270726,220.61360086956523
cubic,cubic,CUBIC,5,4,4,0.9055985836403121,0.6636914924747264,0.4857204467633312,0.1879099171331373,207.09920453511705
cubic,cubic,CUBIC,5,5,5,0.8874674581552993,0.6236428309068798,0.43495255918084846,0.10100932523351633,194.9685819308807
cubic,cubic,CUBIC,5,6,6,0.8555885023523857,0.4842460852150977,0.473295527315114,0.08619213229197953,226.9171442073579
cubic,cubic,CUBIC,5,7,7,0.8540067820310242,0.5063355466098963,0.415382823422011,0.10189779201011645,206.09154896544038
cubic,cubic,CUBIC,5,8,8,0.8981475089186854,0.7133905105188614,0.46241501903232385,0.16600512788628274,194.06581377257527
cubic,cubic,CUBIC,5,9,9,0.8784583091154204,0.7242341997218141,0.4105842270334982,0.13196434664139053,199.38001279598663
cubic,cubic,CUBIC,5,10,10,0.928797150112981,0.7760798165103618,0.5424590533005985,0.23069387640846686,218.41224487402457
cubic,cubic,CUBIC,5,11,11,0.8636783983263441,0.6274410070106339,0.4074638723793419,0.1508082018484539,224.5268727759197
cubic,cubic,CUBIC,5,12,12,0.8752384055026423,0.6098854978861075,0.4502176244292779,0.12066730401066454,228.2008547580825
cubic,cubic,CUBIC,5,13,13,0.9035481252164212,0.6688390427393079,0.49285675264283063,0.07809619608013652,240.38632975027872
cubic,cubic,CUBIC,5,14,14,0.8773604298219951,0.6517757430490823,0.419346953678274,0.15479601373408194,205.84515751393536
cubic,cubic,CUBIC,5,15,15,0.90900324728971,0.6715919433429427,0.5032412732460876,0.20071031692696828,211.85900718394652
cubic,cubic,CUBIC,5,16,16,0.891065169398052,0.6578415198062918,0.4656498357018078,0.17192871252669656,178.2485502051282
cubic,cubic,CUBIC,5,17,17,0.8632636538772491,0.4212118352057499,0.4683111531956055,0.045728704455451095,244.77299093199554
cubic,cubic,CUBIC,5,18,18,0.9263510234133753,0.7929295270994579,0.5233460091016662,0.17075737315185413,249.01552101449275
cubic,cubic,CUBIC,5,19,19,0.9006890250620313,0.6984944271031205,0.4886951526195073,0.18490391551206486,205.46083687625418
cubic,cubic,CUBIC,5,20,20,0.9216722824320192,0.7730768377306738,0.5016143769695139,0.21905655467628504,208.35093609587517
cubic,cubic,CUBIC,5,21,21,0.908023327886133,0.6885447952738467,0.4887277107379049,0.16117416961091502,197.1401576923077
cubic,cubic,CUBIC,5,22,22,0.8444729323285642,0.6245811682365643,0.35973512030016264,0.10163278633735953,224.9497362876254
cubic,cubic,CUBIC,5,23,23,0.8716293883032011,0.6940206948988701,0.40070433516145976,0.09245404265580452,198.2072942697882
cubic,cubic,CUBIC,5,24,24,0.8774105429511204,0.6707272317609975,0.4613267678846019,0.15899354580522304,200.00440825195096
cubic,cubic,CUBIC,5,25,25,0.8899085342911379,0.5898279517167617,0.5007006844212364,0.08543382671418126,251.68691731549606
cubic,cubic,CUBIC,5,26,26,0.9125833515455061,0.6897001480399151,0.5128541510514724,0.12870275837928316,205.87204008695653
cubic,cubic,CUBIC,5,27,27,0.8620466332155943,0.595818707243107,0.43214094779105144,0.14699238333346135,259.6260552218506
cubic,cubic,CUBIC,5,28,28,0.9015702189467153,0.6697656034517896,0.481918565960915,0.075616426563873,187.5142139643255
cubic,cubic,CUBIC,5,29,29,0.9305705900750743,0.7608340739173993,0.5377900963968871,0.21187815864151405,232.94403648160537
cubic,cubic,CUBIC,5,30,30,0.9153381150972308,0.739780911060036,0.48944143203203777,0.15819176843912716,204.64768281159417
cubic,cubic,CUBIC,5,31,31,0.8795730318602504,0.688295446231448,0.43132915688796963,0.09369983937462646,205.49179546488296
cubic,cubic,CUBIC,5,32,32,0.8639958906104884,0.6285359090806403,0.42994639256697825,0.14783055085695063,157.26922498104793
cubic,cubic,CUBIC,5,33,33,0.9161377743938245,0.7228164151499791,0.5186979676806478,0.1866153318026306,210.61261829431442
cubic,cubic,CUBIC,5,34,34,0.8352958323448636,0.4688289673474428,0.4047572115554762,0.0676282531557849,234.0521645930881
cubic,cubic,CUBIC,5,35,35,0.9135861548090903,0.7557584465700943,0.4796800309076616,0.24381606532884417,155.265162180602
cubic,cubic,CUBIC,5,36,36,0.8737894849157631,0.6242073010830643,0.4367891049596271,0.1282970181817911,211.17334073132665
cubic,cubic,CUBIC,5,37,37,0.8473129983807394,0.5866724774142424,0.406496314534339,0.14833078563526497,240.32170308584168
cubic,cubic,CUBIC,5,38,38,0.8907391450249156,0.6484604330768198,0.4787384358608829,0.1285907600721899,245.6178030523969
cubic,cubic,CUBIC,5,39,39,0.8817830169237822,0.7033382799291932,0.42725192459558287,0.019502345460330597,269.179046309922
cubic,cubic,CUBIC,5,40,40,0.8401390770885879,0.596014461056351,0.39898761214475814,0.1528513710083734,233.07134702118174
cubic,cubic,CUBIC,5,41,41,0.9031482684825698,0.7348152185238261,0.47021284479507436,0.16451202567931114,196.87672811594206
cubic,cubic,CUBIC,5,42,42,0.9001121946832504,0.7319208282242406,0.47275567798688023,0.21421124532897848,201.0262632084727
cubic,cubic,CUBIC,5,43,43,0.8477709828209705,0.5408069103316219,0.4185973979186714,0.09415840959770697,203.31266053957637
cubic,cubic,CUBIC,5,44,44,0.8871502502634963,0.6687170695291401,0.4456858261903257,0.16352431308973517,200.09521535562988
cubic,cubic,CUBIC,5,45,45,0.9154812875455203,0.6724323304276023,0.5220016078698061,0.19236267737661028,205.72744348049054
cubic,cubic,CUBIC,5,46,46,0.8570558245795858,0.6523469672330497,0.3869360697631821,0.13616206682490745,236.47280316610926
cubic,cubic,CUBIC,5,47,47,0.9185890467984692,0.7597276601000039,0.4975490243296871,0.1947246869308097,216.87087980156076
cubic,cubic,CUBIC,5,48,48,0.9090954397455996,0.713533661913509,0.47012546156061225,0.03263708285889946,244.0356954470457
cubic,cubic,CUBIC,5,49,49,0.9097804638343325,0.7547731026333411,0.4928960117333158,0.22009312359211053,228.05558030100332
cubic,cubic,CUBIC,5,50,50,0.8570568826356137,0.6532789700216961,0.37353245878384644,0.09858620368289447,241.99045284057974
cubic,cubic,CUBIC,7,1,1,0.8964445388262218,0.6693876630742204,0.4350732542998325,0.05875230164599826,172.56812794394014
cubic,cubic,CUBIC,7,2,2,0.8834135624628415,0.6088651670864627,0.41681202457323696,0.1281789383965625,213.55166282210544
cubic,cubic,CUBIC,7,3,3,0.8963091917118239,0.7249291338514747,0.4205419838177654,0.1774585692512651,227.64420281095713
cubic,cubic,CUBIC,7,4,4,0.8929368268485504,0.7202166270049021,0.44831388772143677,0.18694986477179903,212.17697379519035
cubic,cubic,CUBIC,7,5,5,0.8451679631949398,0.6172009677345796,0.33793522592622405,0.10779099025377033,204.65446651696132
cubic,cubic,CUBIC,7,6,6,0.8227506164771461,0.43444596541045705,0.3549062026642425,0.10138764029695022,245.64085417582416
cubic,cubic,CUBIC,7,7,7,0.8609805050638341,0.5392690626710348,0.38634835406279666,0.1111175206013469,209.90866146201623
cubic,cubic,CUBIC,7,8,8,0.9013559288980902,0.7327128827943988,0.4311162061028645,0.12859363553262884,200.57709014652013
cubic,cubic,CUBIC,7,9,9,0.8607479199213467,0.6687286952817332,0.36802731841427067,0.1324652264083263,203.17179091734351
cubic,cubic,CUBIC,7,10,10,0.87024696165447,0.7110948602806763,0.3691019204881156,0.18545490702798398,224.638348541169
cubic,cubic,CUBIC,7,11,11,0.8855770044357583,0.6740916351653052,0.41936730657613863,0.12634768850789818,233.1573265663322
cubic,cubic,CUBIC,7,12,12,0.8767071552573797,0.6679158739681361,0.403973599536678,0.08940173637336604,235.54023759515846
cubic,cubic,CUBIC,7,13,13,0.8852115783834976,0.6349030138807626,0.39449978747305925,0.09596382280020262,226.43784333811115
cubic,cubic,CUBIC,7,14,14,0.8911528074276123,0.7048295408279572,0.43396375028911327,0.170354473326012,208.61170576047138
cubic,cubic,CUBIC,7,15,15,0.9221609380757324,0.7762242192892418,0.46247955339601465,0.20414842314232887,223.9374967240006
cubic,cubic,CUBIC,7,16,16,0.8757950667459579,0.6182226483211294,0.40645480486327784,0.10623221864075333,193.8861098917025
cubic,cubic,CUBIC,7,17,17,0.8333271499539012,0.4313100445468383,0.3567278755717059,0.057945150065874154,248.01174477623826
cubic,cubic,CUBIC,7,18,18,0.8810422607576822,0.6494645893165119,0.3980082893014587,0.1487948840362876,271.7999485555025
cubic,cubic,CUBIC,7,19,19,0.8862072673722635,0.710823803812426,0.40222724580099795,0.18337050030755725,213.07759923554704
cubic,cubic,CUBIC,7,20,20,0.8572920819958398,0.624334716749402,0.3607185956199988,0.13180479225222871,213.17821049689437
cubic,cubic,CUBIC,7,21,21,0.8717323954144399,0.6004731354085,0.39206546323036795,0.13428666793242858,206.92981191272494
cubic,cubic,CUBIC,7,22,22,0.8745280703039795,0.6250614486675314,0.3943690405580742,0.14343960563665858,225.0906938875617
cubic,cubic,CUBIC,7,23,23,0.8864581635347376,0.7242492512463174,0.38641567180208203,0.13263988002413166,203.2318380076445
cubic,cubic,CUBIC,7,24,24,0.8623690756991145,0.610187837727771,0.37657690958890394,0.03527665344369506,206.89633137760788
cubic,cubic,CUBIC,7,25,25,0.886908420818314,0.657739310735691,0.4383755778306107,0.09036062641091358,256.33300728937735
cubic,cubic,CUBIC,7,26,26,0.8795528912028338,0.6293573247451528,0.39603930781233737,0.0998846970295587,214.06178859850294
cubic,cubic,CUBIC,7,27,27,0.9024633543743332,0.7204419711770417,0.46411986028334357,0.15260967473930734,261.95618309444177
cubic,cubic,CUBIC,7,28,28,0.8857642386295845,0.7222900615635459,0.3998698279050454,0.13204552788128024,194.55393806497847
cubic,cubic,CUBIC,7,29,29,0.9002204122322404,0.7148975534347819,0.4194200855344178,0.14260533042992446,244.71242893772893
cubic,cubic,CUBIC,7,30,30,0.8611770913336427,0.6118570801718132,0.37611659173811285,0.056572695969241575,203.03418915432394
cubic,cubic,CUBIC,7,31,31,0.8508567451428303,0.6735086479085876,0.34331544331288444,0.12057649917574627,213.16387595158466
cubic,cubic,CUBIC,7,32,32,0.8883288189458672,0.7469523139267602,0.39904770621014585,0.1836507283541391,158.20764214683865
cubic,cubic,CUBIC,7,33,33,0.8822519889850906,0.6109740422496456,0.4250774885011785,0.15370357943829396,213.08482449753143
cubic,cubic,CUBIC,7,34,34,0.849786030875091,0.5781116440377188,0.3601058391946071,0.10998708464480338,239.6099083070553
cubic,cubic,CUBIC,7,35,35,0.888503971111376,0.6521227948177829,0.42726148691305166,0.15835291900252366,158.9774654785794
cubic,cubic,CUBIC,7,36,36,0.8478008730261674,0.2546044164170245,0.38390908090387066,0.014037295005586278,224.84595387004302
cubic,cubic,CUBIC,7,37,37,0.8873371386185447,0.7056366128881358,0.40890046713601286,0.17171840415442421,240.11165319159105
cubic,cubic,CUBIC,7,38,38,0.8787109433451303,0.4596814877002054,0.44613801514305407,0.04343481605336979,255.5542920926899
cubic,cubic,CUBIC,7,39,39,0.8722259484660655,0.6479110385065716,0.38948572474344234,0.08979305472696433,271.4971085714286
cubic,cubic,CUBIC,7,40,40,0.8470496447715529,0.6572410644347264,0.3285346169009582,0.11117600754873845,241.3538455231725
cubic,cubic,CUBIC,7,41,41,0.8753220241140203,0.7042070342611076,0.3690834718229899,0.1232407794762837,198.00848582895364
cubic,cubic,CUBIC,7,42,42,0.8800563155324632,0.6280758742970228,0.4021814176538418,0.1159282230314882,205.5940976508998
cubic,cubic,CUBIC,7,43,43,0.8852912873889973,0.6433842246178928,0.4522627301595935,0.14451853860621894,204.15779990922124
cubic,cubic,CUBIC,7,44,44,0.8970401164162121,0.7632742127136637,0.39300862648211105,0.17353575201489216,205.33180681796463
cubic,cubic,CUBIC,7,45,45,0.8824921336391621,0.6304217506871584,0.43070085268023833,0.14789325881491816,208.82254590858423
cubic,cubic,CUBIC,7,46,46,0.881871948753113,0.7019893401605233,0.3958934182022375,0.12268773501376422,245.84820332855548
cubic,cubic,CUBIC,7,47,47,0.8914728099890817,0.6848309897891903,0.41134848696145754,0.12431123140481143,226.50473352126136
cubic,cubic,CUBIC,7,48,48,0.8523187306304071,0.5792616684462125,0.388017434986005,0.14233485637624346,251.94867999681477
cubic,cubic,CUBIC,7,49,49,0.9185725652700156,0.7975729873438645,0.4748667159226022,0.20973234547325068,233.87339090301
cubic,cubic,CUBIC,7,50,50,0.7899708308774239,0.5291547449105632,0.2911022744627714,0.07542786386086574,247.01092047937573
frcc,frcc,FRCC,2,1,1,0.6295303112700592,0.5,0.16841656085729764,0.0,149.15455602564103
frcc,frcc,FRCC,2,2,2,0.8580232863318225,0.5124910859061572,0.5522207480888573,0.012493035549292883,77.93625411928652
frcc,frcc,FRCC,2,3,3,0.656875940958034,0.5014912598294674,0.20121725883909936,0.0014912631468269552,136.5846104180602
frcc,frcc,FRCC,2,4,4,0.8161819615830194,0.5210994268675858,0.47895089652130046,0.021108852268471926,135.79533618729096
frcc,frcc,FRCC,2,5,5,0.7427926673866627,0.5033324806794107,0.3457307620514051,0.0033325176889425503,117.1796988684504
frcc,frcc,FRCC,2,6,6,0.812904017808652,0.5175972980960286,0.43125537199628194,0.017602752514718545,131.24920919175028
frcc,frcc,FRCC,2,7,7,0.7009486997042144,0.5106604635857733,0.2578726587299308,0.010661675402358503,129.71841067447048
frcc,frcc,FRCC,2,8,8,0.6491528246940812,0.5,0.19990781595861204,0.0,1213.4566101170567
frcc,frcc,FRCC,2,9,9,0.8174493270773001,0.5331161097204682,0.4609627794458993,0.03315250726370393,127.93944768673356
frcc,frcc,FRCC,2,10,10,0.8165316642877616,0.5035161556795215,0.4980885334487501,0.00351619925375155,111.91768491081383
frcc,frcc,FRCC,2,11,11,0.821728813205716,0.5234768352264005,0.47532399935955794,0.023489796429904407,102.92783318283168
frcc,frcc,FRCC,2,12,12,0.8825166755647911,0.5512541710695389,0.6102496269165332,0.05138952740672531,126.55793071348941
frcc,frcc,FRCC,2,13,13,0.6902639806818196,0.5,0.2585660112813546,0.0,1891.457998890747
frcc,frcc,FRCC,2,14,14,0.8985215461717394,0.5499926051877801,0.6353193736510935,0.05011841726897741,88.65302340022296
frcc,frcc,FRCC,2,15,15,0.9071180912776401,0.5392477586958178,0.6381056152663682,0.03930851240451288,71.23124755295429
frcc,frcc,FRCC,2,16,16,0.6986666884044499,0.5,0.29783405588053935,0.0,1290.7611536677814
frcc,frcc,FRCC,2,17,17,0.5984007670090664,0.5031445745239989,0.11729237560330474,0.0031446056192897414,204.85705768115946
frcc,frcc,FRCC,2,18,18,0.8400996758304029,0.5607915675524136,0.4988395388782673,0.06101790941354144,161.36777137123744
frcc,frcc,FRCC,2,19,19,0.6426182269172116,0.5118389882838443,0.17967234122598744,0.01184065506806476,149.0266478929766
frcc,frcc,FRCC,2,20,20,0.8144442992351003,0.5158228601660056,0.458223065384492,0.015826825336633616,93.18092432552953
frcc,frcc,FRCC,2,21,21,0.6565596878827947,0.5098400526777352,0.20615142420967855,0.009841010644752346,142.27336819955406
frcc,frcc,FRCC,2,22,22,0.7686749978412469,0.5070378435277934,0.3743316746144918,0.007038192155461907,173.68353461538462
frcc,frcc,FRCC,2,23,23,0.6009121737616061,0.5022158084234382,0.12907434547658306,0.002215819319843853,182.69912755852843
frcc,frcc,FRCC,2,24,24,0.5736668076745336,0.5,0.08438810736643068,0.0,1457.4029725250837
frcc,frcc,FRCC,2,25,25,0.6070728693168087,0.5041398697847014,0.1291966348721571,0.004139940745684393,192.7456056354515
frcc,frcc,FRCC,2,26,26,0.72244754848496,0.5058687407380176,0.33531267252164015,0.005868943166055524,129.14176511705682
frcc,frcc,FRCC,2,27,27,0.6347929512057454,0.5,0.16812304778425402,0.0,1485.5017528929766
frcc,frcc,FRCC,2,28,28,0.6654804610277989,0.5014069311730319,0.22493181034566825,0.0014069339580046864,145.01460540691193
frcc,frcc,FRCC,2,29,29,0.6741415180249293,0.5033044356676794,0.24588837730514276,0.0033044717505762906,177.63845068004457
frcc,frcc,FRCC,2,30,30,0.6402123355610028,0.5014578895219438,0.18512386206355408,0.0014578926304439055,193.9674199498328
frcc,frcc,FRCC,2,31,31,0.7917974160868418,0.5025587422214762,0.437035607385266,0.0025587589741963065,96.98171496098105
frcc,frcc,FRCC,2,32,32,0.7900342861743342,0.5110479394879602,0.43819291168766245,0.011049288360453099,75.51457279821628
frcc,frcc,FRCC,2,33,33,0.6505096029592659,0.5036322980606012,0.17982465855644097,0.0036323459859236573,172.52828754738016
frcc,frcc,FRCC,2,34,34,0.6942349441546055,0.5,0.2834185384558034,0.0,552.3584969676699
frcc,frcc,FRCC,2,35,35,0.61139108157648,0.5025135012262845,0.14500189187983412,0.0025135171084877408,137.35124624860646
frcc,frcc,FRCC,2,36,36,0.7260774075514826,0.5036607746082087,0.3294481795451381,0.0036608236685574365,115.64966576923075
frcc,frcc,FRCC,2,37,37,0.6166393945092867,0.5024321883684499,0.1373462683254482,0.002432202761451022,223.74869544035676
frcc,frcc,FRCC,2,38,38,0.8271468716561821,0.5349930714615317,0.48149611904211126,0.03503605695511771,94.18889184503902
frcc,frcc,FRCC,2,39,39,0.5669098478474401,0.5,0.0760314680174737,0.0,606.6989414994425
frcc,frcc,FRCC,2,40,40,0.6213964179962985,0.5096445604895138,0.15034700697033906,0.009645457813894066,185.33976020066888
frcc,frcc,FRCC,2,41,41,0.6655494845735762,0.5041827539335652,0.22993799474668422,0.004182827115206441,132.26237481605352
frcc,frcc,FRCC,2,42,42,0.8288109513938193,0.5165410973547823,0.4931698451736966,0.016545625609299005,102.39510125975474
frcc,frcc,FRCC,2,43,43,0.72300674816969,0.5078816529618303,0.29695611755248613,0.00788214271220564,118.68646928093645
frcc,frcc,FRCC,2,44,44,0.6363770713263587,0.5009828196524815,0.16264498209391937,0.0009828206018226723,174.30409025641026
frcc,frcc,FRCC,2,45,45,0.6366195718816561,0.5009248968271619,0.1752752001810232,0.0009248976193423181,202.74748527313267
frcc,frcc,FRCC,2,46,46,0.625580875499553,0.5023998512990953,0.15532152158133414,0.002399865122795722,144.866679632107
frcc,frcc,FRCC,2,47,47,0.8651334075553143,0.5287580422118344,0.5493000406680513,0.02878186801619677,86.6577642865106
frcc,frcc,FRCC,2,48,48,0.885743627881387,0.6072215273666338,0.5903971365056347,0.10848380643952325,132.39583016164994
frcc,frcc,FRCC,2,49,49,0.6771750037956796,0.514646396342845,0.22301770782855687,0.014649542637691259,196.79787344481605
frcc,frcc,FRCC,2,50,50,0.8440217183452696,0.5157925156186997,0.5210985035925382,0.01579646734828951,133.65653686733555
frcc,frcc,FRCC,4,1,1,0.44001540394713945,0.2613163788945253,0.03952629420179392,0.002020859148974167,122.09332380992196
frcc,frcc,FRCC,4,2,2,0.7216581527877205,0.32350787409535187,0.2715610717207112,0.011188739399973021,83.21752442307692
frcc,frcc,FRCC,4,3,3,0.44150518278475165,0.2667018887386111,0.042183328543281606,0.0006110273425749724,174.78789282608696
frcc,frcc,FRCC,4,4,4,0.6576001751555619,0.3748404794783153,0.16494351084591585,0.004924041935598219,135.82504710423632
frcc,frcc,FRCC,4,5,5,0.7360221362946942,0.39830479911650185,0.25810245796579856,0.006758091218952491,99.41679593924192
frcc,frcc,FRCC,4,6,6,0.6007777207039464,0.331698578273394,0.09341830109716727,0.002997872534423645,128.83288492753624
frcc,frcc,FRCC,4,7,7,0.4724630347800498,0.2754485910756055,0.05676041578166225,0.006077978666371353,160.06868624860647
frcc,frcc,FRCC,4,8,8,0.7410807563468282,0.35064013271914823,0.28463126274026956,0.009797737412088912,123.0864473272018
frcc,frcc,FRCC,4,9,9,0.4218748105894964,0.264965392527671,0.028489944045016997,0.0007483922463327531,180.87833809643254
frcc,frcc,FRCC,4,10,10,0.7464269447572371,0.33238313883799525,0.29237042800865853,0.006840054950678186,106.27025586677816
frcc,frcc,FRCC,4,11,11,0.6939214118557118,0.33349901876971944,0.2738662248965036,0.016045637680652522,120.37403555183947
frcc,frcc,FRCC,4,12,12,0.6579048946262511,0.3325012117113287,0.1460400013507956,0.0,140.7270609587514
frcc,frcc,FRCC,4,13,13,0.707788220725392,0.33625108962239736,0.2478896797586422,0.007979713325948653,109.1388174303233
frcc,frcc,FRCC,4,14,14,0.48932987292167884,0.2978699397369393,0.06325469826549829,0.004237262784198471,172.23113437012262
frcc,frcc,FRCC,4,15,15,0.3781440179156374,0.2736070852082293,0.02297882717552429,0.0,203.95411861204013
frcc,frcc,FRCC,4,16,16,0.5277196286320237,0.2708018670757458,0.12193808855696223,0.0012054395951747036,155.99116063266445
frcc,frcc,FRCC,4,17,17,0.6468717109270248,0.33680761602921233,0.08948225432986644,0.012080374589501971,127.09132979654404
frcc,frcc,FRCC,4,18,18,0.6622416908523041,0.29916842919078845,0.21411072115924829,0.005464336744115998,163.68904695930883
frcc,frcc,FRCC,4,19,19,0.5764578019444935,0.29249532369562714,0.11716153679871286,0.0007971051714927717,153.9927669509476
frcc,frcc,FRCC,4,20,20,0.6863550064689227,0.30678077664436376,0.24753056011977548,0.005127188894992472,98.00438794871795
frcc,frcc,FRCC,4,21,21,0.4029123123895275,0.25,0.026621554773475525,0.0,162.12184438963212
frcc,frcc,FRCC,4,22,22,0.6405880492922397,0.3267033878276543,0.16187584511672415,0.007580572147557614,127.17772964325529
frcc,frcc,FRCC,4,23,23,0.4761616434804972,0.28193221664645657,0.08555962454505708,0.008075163030277948,162.3081189437012
frcc,frcc,FRCC,4,24,24,0.5003942860702674,0.25874356808733756,0.0875808670891024,0.00045278327237443383,151.60581385451505
frcc,frcc,FRCC,4,25,25,0.7355443978853676,0.4086111161847379,0.21748812732012085,0.003877659227851103,148.22874122352286
frcc,frcc,FRCC,4,26,26,0.6202658072810522,0.3247668606566869,0.1268783606932508,0.004780931030568955,128.0811507915273
frcc,frcc,FRCC,4,27,27,0.4845317786277123,0.25898436529107555,0.06866494619246626,0.0016312084551028815,200.51823181995542
frcc,frcc,FRCC,4,28,28,0.48633008728830857,0.2771545471271058,0.06318598646016134,0.0,173.17039511705687
frcc,frcc,FRCC,4,29,29,0.7338993901170514,0.38175392976154826,0.28112393531394775,0.005726569649287128,126.4270857051282
frcc,frcc,FRCC,4,30,30,0.5701795899326643,0.27030049591803856,0.09510318302601453,0.001919004386168768,135.0669256800446
frcc,frcc,FRCC,4,31,31,0.6846101661036609,0.3450202380538737,0.14624393079241452,0.000993878423738218,104.31540154403568
frcc,frcc,FRCC,4,32,32,0.4684444476642403,0.26331358756567286,0.07140664780777556,0.0039646075484854135,132.41260785953176
frcc,frcc,FRCC,4,33,33,0.8507472348230107,0.5324795655755902,0.4237226607545948,0.05823545478018045,90.51150551560758
frcc,frcc,FRCC,4,34,34,0.610174807772778,0.27856198303271695,0.17043577828212497,0.0007540061906579287,140.65632721571905
frcc,frcc,FRCC,4,35,35,0.6691956272771941,0.34626079480711375,0.19405823945079465,0.007663661190839225,90.90490180044594
frcc,frcc,FRCC,4,36,36,0.5077957842888656,0.26222067113248926,0.03647098269662601,0.003027660213203157,133.20926467391303
frcc,frcc,FRCC,4,37,37,0.3984169700448356,0.26387290371906286,0.01877080023806231,0.0013848972972824527,187.54767197324415
frcc,frcc,FRCC,4,38,38,0.4302287653127122,0.2582078007568725,0.04644695123687982,0.0,210.87814881549608
frcc,frcc,FRCC,4,39,39,0.7443902032170686,0.34080086357772327,0.28691142685578974,0.014802265228902626,144.30488880992198
frcc,frcc,FRCC,4,40,40,0.38452157204666987,0.25768892749925904,0.025872735762391852,0.0008746592026104193,216.9704551031215
frcc,frcc,FRCC,4,41,41,0.5845083107364484,0.3149489942282744,0.10951115927540779,0.0012733214350039172,116.98094692865106
frcc,frcc,FRCC,4,42,42,0.5715786230641197,0.25936695756980427,0.13705090995275993,0.002048756805658129,107.35166932552954
frcc,frcc,FRCC,4,43,43,0.7658706093061232,0.42107734519264867,0.24327222382453384,0.010196414474262807,111.12627905239687
frcc,frcc,FRCC,4,44,44,0.5671093387915228,0.2983103159066178,0.07401190070103324,0.006246514416202289,134.63262274804907
frcc,frcc,FRCC,4,45,45,0.4760462338141364,0.26232697772169733,0.05076297657717696,0.0020512955876125917,159.0860543283166
frcc,frcc,FRCC,4,46,46,0.758982465165132,0.4195693296471027,0.28779031287795437,0.007123853730658256,115.52468686176142
frcc,frcc,FRCC,4,47,47,0.46243112030697364,0.27806833515278107,0.046156020937577584,0.0009897412197191777,182.25045447881828
frcc,frcc,FRCC,4,48,48,0.6017836509763527,0.32734203819127033,0.14144369027900672,0.000730475963636455,159.88686142976587
frcc,frcc,FRCC,4,49,49,0.7435155412085425,0.3590416102169943,0.30619718602004353,0.008611977747751997,120.26616513377927
frcc,frcc,FRCC,4,50,50,0.6613379964609953,0.40556348164811223,0.16491611310217805,0.008030858614926016,126.0827284141583
frcc,frcc,FRCC,5,1,1,0.49110051027553664,0.2276364107032264,0.03552873280976156,0.000841087597314782,117.18679572798217
frcc,frcc,FRCC,5,2,2,0.753786560585162,0.4103750285444319,0.20090162976175502,0.009070746186754432,91.19802232775919
frcc,frcc,FRCC,5,3,3,0.43464203132826307,0.2305192047888993,0.038073668820875185,0.000941295435641596,203.07096155406913
frcc,frcc,FRCC,5,4,4,0.8198905930454767,0.49917311585674806,0.32603998597299183,0.03242797555696643,112.04741389297658
frcc,frcc,FRCC,5,5,5,0.5751360777402141,0.20675863481265264,0.1655978783284128,0.0,116.9557082586399
frcc,frcc,FRCC,5,6,6,0.5743244741696685,0.29094783883772907,0.07425059373908553,0.0034418179698619926,127.07276312820514
frcc,frcc,FRCC,5,7,7,0.5216826851762011,0.22535033750953185,0.08438141657467015,0.0020977182794086947,163.08445483612041
frcc,frcc,FRCC,5,8,8,0.6863908961238769,0.330667422902845,0.19184312430240316,0.006297019213456859,114.29200085172798
frcc,frcc,FRCC,5,9,9,0.6191228185519813,0.2295600932772354,0.11437107229774808,0.0,130.18255107915274
frcc,frcc,FRCC,5,10,10,0.40025707947884004,0.21937665798613715,0.0272550707276332,0.0006451981756725648,198.4713908115942
frcc,frcc,FRCC,5,11,11,0.4195443747536563,0.23319933553121172,0.03525479269578844,0.0,2045.007707705686
frcc,frcc,FRCC,5,12,12,0.6452674695571706,0.32127901257915775,0.11199632001555708,0.0,161.93441326867338
frcc,frcc,FRCC,5,13,13,0.6255191084568246,0.2622562994455126,0.18462077001332874,0.0,123.41063489632106
frcc,frcc,FRCC,5,14,14,0.38382643833336666,0.21621544455836292,0.020346349903836384,0.0012762670809331235,181.37841355406914
frcc,frcc,FRCC,5,15,15,0.690464109155227,0.215711264105641,0.1935031884289969,0.0,465.8981667131243
frcc,frcc,FRCC,5,16,16,0.3852553790287753,0.21353115751202612,0.018999158271600296,0.0,1325.4795936142696
frcc,frcc,FRCC,5,17,17,0.5107332058727617,0.2229742566804023,0.06455352560799038,0.0014568124106113796,173.33033004236344
frcc,frcc,FRCC,5,18,18,0.6276390770596675,0.27279659946794493,0.17369926570043012,0.0010185575774252238,171.8348337413601
frcc,frcc,FRCC,5,19,19,0.6147351049154599,0.24832351210147063,0.14736560181931815,0.005744713328457893,139.99618907023412
frcc,frcc,FRCC,5,20,20,0.6227483741790766,0.37301331248251546,0.05554411784001683,0.008530905362268911,103.19659001114826
frcc,frcc,FRCC,5,21,21,0.6423134476665505,0.2664708089636354,0.16849946949416755,0.0,128.85914714827203
frcc,frcc,FRCC,5,22,22,0.7581373841834305,0.34386989252628164,0.28400106216927373,0.01600844205207153,99.43151510813824
frcc,frcc,FRCC,5,23,23,0.7522945355687088,0.44875536367315944,0.2110843813571642,0.021071545554101,92.0623361315496
frcc,frcc,FRCC,5,24,24,0.36638233432494816,0.20612617746523543,0.026071658722672166,0.0,795.3277368985507
frcc,frcc,FRCC,5,25,25,0.7034486957167597,0.4696522129767101,0.16490084331215749,0.0015858628451115618,141.4134566800446
frcc,frcc,FRCC,5,26,26,0.6465512633625345,0.2916293404538498,0.16364443600690573,0.0,110.06343400222966
frcc,frcc,FRCC,5,27,27,0.7571020459191924,0.38680504718294084,0.2000489225762949,0.02061180897897062,120.3868316432553
frcc,frcc,FRCC,5,28,28,0.6181096422528014,0.2951139435352341,0.12908133952756173,0.004963014764510907,123.95355845261983
frcc,frcc,FRCC,5,29,29,0.49172640644112126,0.20692012961967843,0.13380099797039843,0.0,180.00986022296544
frcc,frcc,FRCC,5,30,30,0.5641383264615957,0.2681673211747778,0.04744125479947835,0.0022189361273399215,113.37700167001113
frcc,frcc,FRCC,5,31,31,0.6546846670612175,0.268089805609049,0.17025179123980813,0.0,104.27399088963212
frcc,frcc,FRCC,5,32,32,0.4873861577062078,0.22122007632139692,0.08228849120239438,0.0006746764415649508,117.2648910412486
frcc,frcc,FRCC,5,33,33,0.7996717068763624,0.49150416512807693,0.2767238454104497,0.02636054231302961,103.72640670011147
frcc,frcc,FRCC,5,34,34,0.5853831172321983,0.3121635065979513,0.10297614956447108,0.00635404657720927,145.8799320245262
frcc,frcc,FRCC,5,35,35,0.4677551387819305,0.23406838499423208,0.034531544349673954,0.0009222383664185871,136.069679393534
frcc,frcc,FRCC,5,36,36,0.6004640492526853,0.23223027237613061,0.16748305572856717,0.00054964345405774,129.56537748049055
frcc,frcc,FRCC,5,37,37,0.40328030518794233,0.2103609031767107,0.024100028647113584,0.0,220.7733288606466
frcc,frcc,FRCC,5,38,38,0.4039320716698554,0.2298249660144316,0.018565450197313062,0.0011469520173124402,216.1304227424749
frcc,frcc,FRCC,5,39,39,0.6742272323405908,0.24825573829676395,0.1812127652141515,0.008650436578114241,135.875956845039
frcc,frcc,FRCC,5,40,40,0.5391108784498659,0.21572779570591552,0.04865431363293443,0.0014747977911711257,162.76520285172802
frcc,frcc,FRCC,5,41,41,0.38046386396758475,0.20134846301419107,0.02607393481951508,0.0,257.2148504080268
frcc,frcc,FRCC,5,42,42,0.6435310418384591,0.36726313882023875,0.08998594582338931,0.009383124850620879,105.8937785039019
frcc,frcc,FRCC,5,43,43,0.513566076455755,0.24397976905428778,0.0689215119629452,0.0021010434005143395,139.0471481672241
frcc,frcc,FRCC,5,44,44,0.5113502084233262,0.22023310682815128,0.07456398409971107,0.00037112487387692695,150.44988325975473
frcc,frcc,FRCC,5,45,45,0.6787377505357193,0.3411456358413196,0.15122568116218316,0.007755608941562282,113.90513198662208
frcc,frcc,FRCC,5,46,46,0.7346740240807854,0.4147974525995785,0.1884019167767836,0.02253720162940477,118.93879442363432
frcc,frcc,FRCC,5,47,47,0.40589599281959804,0.20756140136587894,0.06446402531652771,0.0013158352212706559,190.8779969542921
frcc,frcc,FRCC,5,48,48,0.739152825730537,0.46921763643474235,0.16539900601475138,0.006634020987953254,152.78196909253066
frcc,frcc,FRCC,5,49,49,0.504814409444277,0.22656912531317389,0.08454346076659489,0.0017969283397453928,186.55653788851728
frcc,frcc,FRCC,5,50,50,0.6834879011922751,0.3972586672854885,0.19182827450689843,0.011612607038047113,120.64586920401337
frcc,frcc,FRCC,7,1,1,0.5330055096377395,0.2083321321681695,0.04578709920990362,0.0,97.64573561235865
frcc,frcc,FRCC,7,2,2,0.7775052561351835,0.4922470770393354,0.20827174549905647,0.026246191745724606,97.1446393979933
frcc,frcc,FRCC,7,3,3,0.5994196841102202,0.22692164424208314,0.10764038208728285,0.008068961530082958,118.43845313903486
frcc,frcc,FRCC,7,4,4,0.761829338890114,0.4970695273329408,0.19362559396761933,0.020760949879010254,130.16906327759196
frcc,frcc,FRCC,7,5,5,0.6514372078164857,0.32945713595288706,0.09876178919066475,0.0024555101905603745,122.38725309762701
frcc,frcc,FRCC,7,6,6,0.40074650918245164,0.1760740706381473,0.02287795925383102,0.0,139.0845701831502
frcc,frcc,FRCC,7,7,7,0.5241459749093842,0.2389516300914656,0.061088487281479295,0.008931210869080239,160.09104303073738
frcc,frcc,FRCC,7,8,8,0.6875631011268795,0.31448594160150967,0.13071807323641393,0.010679033325762246,126.04305347029779
frcc,frcc,FRCC,7,9,9,0.4674539628687243,0.15032909042418435,0.021069635418398326,0.0,130.8663000111483
frcc,frcc,FRCC,7,10,10,0.6357962714978246,0.24195079767782243,0.1692535425928453,0.0,126.39173085523173
frcc,frcc,FRCC,7,11,11,0.5516962129676994,0.2810987342023141,0.04061110043222308,0.0,140.1191840404523
frcc,frcc,FRCC,7,12,12,0.5649738021716166,0.2715818784653073,0.03382645485794411,0.0049041976707719466,170.58832576365663
frcc,frcc,FRCC,7,13,13,0.6245648254721825,0.2560501613823949,0.13848893906678728,0.003836741325726482,123.18629172957478
frcc,frcc,FRCC,7,14,14,0.5423659329816571,0.29205940629178256,0.054414933073543864,0.004082831544996928,145.59415695492913
frcc,frcc,FRCC,7,15,15,0.6063606381412825,0.17148767400290293,0.15765662786718249,0.002805683988837852,123.01333709348623
frcc,frcc,FRCC,7,16,16,0.6527343951609087,0.3251363860741828,0.1116271872855538,0.0,98.6121116722408
frcc,frcc,FRCC,7,17,17,0.6123216111246846,0.2863265174710321,0.11839365361354098,0.0029393568797691587,151.8386601417423
frcc,frcc,FRCC,7,18,18,0.6741536961162808,0.40236336696027236,0.12265205811403215,0.01242948556241173,161.34521188246535
frcc,frcc,FRCC,7,19,19,0.6913587044870347,0.4182071371814892,0.1355685572850195,0.01538437814155679,117.25747034400383
frcc,frcc,FRCC,7,20,20,0.46909345159545507,0.20217279179912467,0.04651079148212553,0.000829039168136479,132.4091055852843
frcc,frcc,FRCC,7,21,21,0.5780054978780256,0.23717737699969207,0.055518633159787424,0.0020400274110585295,137.5230904363752
frcc,frcc,FRCC,7,22,22,0.7538434879868298,0.3784685635446664,0.20934406715896126,0.015537823147191458,111.53510861920688
frcc,frcc,FRCC,7,23,23,0.619752760995439,0.22350324665364737,0.10896492086266842,0.0,119.38046587832457
frcc,frcc,FRCC,7,24,24,0.6125669057735414,0.3227315992755735,0.09217402412725127,0.0,115.21117567287783
frcc,frcc,FRCC,7,25,25,0.6511613975517772,0.348825612603695,0.08734666553484362,0.003773970437853891,161.62966765727023
frcc,frcc,FRCC,7,26,26,0.5638692656007182,0.24736359849695105,0.07927493356597455,0.007268333163004986,118.9358306673037
frcc,frcc,FRCC,7,27,27,0.6828813905324894,0.32829458413831974,0.11494662436922273,0.011018222643272365,135.56378673833413
frcc,frcc,FRCC,7,28,28,0.6720839445828495,0.3486482192205541,0.15147803288428804,0.0005167865200978499,110.83830271699314
frcc,frcc,FRCC,7,29,29,0.4343576194380529,0.15215577953730128,0.07854823275399642,0.0016947091045558887,202.21253435419655
frcc,frcc,FRCC,7,30,30,0.35838471292121693,0.16550073854630237,0.02089256456260116,0.0,149.76389245899028
frcc,frcc,FRCC,7,31,31,0.6299115859749581,0.27379996300992787,0.12723567262099286,0.0,109.08549616340181
frcc,frcc,FRCC,7,32,32,0.4084398897763144,0.15743200906138274,0.03371334666309569,0.0,121.12194471094124
frcc,frcc,FRCC,7,33,33,0.7513693193911171,0.4743876259737092,0.1426843248169494,0.00727595328066819,106.39293209587514
frcc,frcc,FRCC,7,34,34,0.6033815251910833,0.2985704787267162,0.04585325372623361,0.00042048028643014435,127.56172511864948
frcc,frcc,FRCC,7,35,35,0.3618787881310865,0.1884336510195818,0.02000479366107989,0.0,147.67812109571588
frcc,frcc,FRCC,7,36,36,0.7295823134540852,0.28349371623819847,0.24247817019309215,0.009736064436425244,99.6010286383182
frcc,frcc,FRCC,7,37,37,0.5105795649469034,0.18425427346344242,0.04609325292541101,0.0012470665829457405,150.87811105112277
frcc,frcc,FRCC,7,38,38,0.5426813580076765,0.27544177680644416,0.06122810957070361,0.0,142.8215069788183
frcc,frcc,FRCC,7,39,39,0.5491378774034327,0.2898636523664409,0.0371257657103214,0.004873760341490083,134.721481111642
frcc,frcc,FRCC,7,40,40,0.526105020741273,0.22509750134473708,0.08489984795101906,0.005657060298645545,164.12432313584966
frcc,frcc,FRCC,7,41,41,0.5083376981581625,0.2259918649553941,0.05319869096153569,0.0011358759628944668,120.77666020703933
frcc,frcc,FRCC,7,42,42,0.5188215360436695,0.16588907112092072,0.0910893362793406,0.0014840176307508244,122.66875699315177
frcc,frcc,FRCC,7,43,43,0.48795177097351766,0.2362580013498149,0.027008231369950182,0.001226225532333251,148.03322400860011
frcc,frcc,FRCC,7,44,44,0.3652015244675736,0.15128643790936153,0.04147994286527245,0.0007737530213557159,178.05812143175666
frcc,frcc,FRCC,7,45,45,0.3169070741018556,0.1543882849531958,0.025887543114394222,0.0,196.5501847826087
frcc,frcc,FRCC,7,46,46,0.6581249438936042,0.3708121697815471,0.12511413777976824,0.01647601261856675,124.90923348303872
frcc,frcc,FRCC,7,47,47,0.666257559473546,0.26342720323629765,0.12264072900862423,0.00841272778472926,119.70947887083928
frcc,frcc,FRCC,7,48,48,0.6586414702022503,0.40708066917682634,0.12729852863966948,0.010234379248118203,171.4079064500717
frcc,frcc,FRCC,7,49,49,0.5252572784727179,0.18356340970656787,0.057885409297576525,0.0018560448931382533,149.1136622567288
frcc,frcc,FRCC,7,50,50,0.6885973793774027,0.3968277416183041,0.15019205405192623,0.012825089804134684,129.1868314715719
ma_dreamer_20260615-022803,ma_dreamer_20260615-022803,MA-Dreamer / Tempest / Team fairness + credit + 0.995 gamma,2,1,1,0.9749218320966868,0.9231113007664533,0.8160520365015198,0.55207159921149,41.442021021988765
ma_dreamer_20260615-022803,ma_dreamer_20260615-022803,MA-Dreamer / Tempest / Team fairness + credit + 0.995 gamma,2,2,2,0.9758766444850653,0.9069977371682346,0.8082483389161339,0.5149086842267458,54.7685886556705
ma_dreamer_20260615-022803,ma_dreamer_20260615-022803,MA-Dreamer / Tempest / Team fairness + credit + 0.995 gamma,2,3,3,0.9793216627967118,0.9195719190146509,0.8407598165486113,0.5435590518014111,55.12820223287114
ma_dreamer_20260615-022803,ma_dreamer_20260615-022803,MA-Dreamer / Tempest / Team fairness + credit + 0.995 gamma,2,4,4,0.9763317110630748,0.8967920898719207,0.7984674306193843,0.4933841591449297,54.08166090744254
ma_dreamer_20260615-022803,ma_dreamer_20260615-022803,MA-Dreamer / Tempest / Team fairness + credit + 0.995 gamma,2,5,5,0.9469860261407691,0.8562186565812645,0.6769451968943363,0.41865396617299866,51.998535516235435
ma_dreamer_20260615-022803,ma_dreamer_20260615-022803,MA-Dreamer / Tempest / Team fairness + credit + 0.995 gamma,2,6,6,0.9676172041293739,0.904177059041824,0.744359485642718,0.5088161158614042,64.66478835637025
ma_dreamer_20260615-022803,ma_dreamer_20260615-022803,MA-Dreamer / Tempest / Team fairness + credit + 0.995 gamma,2,7,7,0.9681291763991419,0.9146994956424879,0.7511413625167727,0.5321246175353329,54.25647752048803
ma_dreamer_20260615-022803,ma_dreamer_20260615-022803,MA-Dreamer / Tempest / Team fairness + credit + 0.995 gamma,2,8,8,0.9662698596227286,0.8117646965259513,0.7686891976812308,0.3499448042605228,53.34190798733266
ma_dreamer_20260615-022803,ma_dreamer_20260615-022803,MA-Dreamer / Tempest / Team fairness + credit + 0.995 gamma,2,9,9,0.9729831956062601,0.9089951373679316,0.7745453213155834,0.5192936538550579,53.354689944332065
ma_dreamer_20260615-022803,ma_dreamer_20260615-022803,MA-Dreamer / Tempest / Team fairness + credit + 0.995 gamma,2,10,10,0.9729362081277328,0.9157116210093623,0.790441102644488,0.5344613795260185,53.11138149750602
ma_dreamer_20260615-022803,ma_dreamer_20260615-022803,MA-Dreamer / Tempest / Team fairness + credit + 0.995 gamma,2,11,11,0.9765633048695826,0.9276023243597612,0.7938821872305188,0.5632752649441335,61.2125589816216
ma_dreamer_20260615-022803,ma_dreamer_20260615-022803,MA-Dreamer / Tempest / Team fairness + credit + 0.995 gamma,2,12,12,0.9516697666920078,0.8444454539974898,0.7002584652050088,0.39938880059235,59.640646656185936
ma_dreamer_20260615-022803,ma_dreamer_20260615-022803,MA-Dreamer / Tempest / Team fairness + credit + 0.995 gamma,2,13,13,0.9603688262470704,0.850861827012649,0.7385592885312295,0.4097778404676889,56.608884527262965
ma_dreamer_20260615-022803,ma_dreamer_20260615-022803,MA-Dreamer / Tempest / Team fairness + credit + 0.995 gamma,2,14,14,0.972831533711762,0.9036493420519613,0.7884111483475185,0.5076927974690947,57.68416505307843
ma_dreamer_20260615-022803,ma_dreamer_20260615-022803,MA-Dreamer / Tempest / Team fairness + credit + 0.995 gamma,2,15,15,0.9773468039126854,0.8986474986298896,0.814092316310759,0.497209683002499,55.953029421714774
ma_dreamer_20260615-022803,ma_dreamer_20260615-022803,MA-Dreamer / Tempest / Team fairness + credit + 0.995 gamma,2,16,16,0.9710590059075384,0.9082905148175496,0.7734875525223591,0.5177886567896456,50.72454382785028
ma_dreamer_20260615-022803,ma_dreamer_20260615-022803,MA-Dreamer / Tempest / Team fairness + credit + 0.995 gamma,2,17,17,0.9808697116986888,0.9441470682686445,0.8063124582140775,0.6087285369214634,62.120269915906775
ma_dreamer_20260615-022803,ma_dreamer_20260615-022803,MA-Dreamer / Tempest / Team fairness + credit + 0.995 gamma,2,18,18,0.972813567621469,0.8950194884611651,0.7946268974408675,0.48977766921307203,65.85685067290899
ma_dreamer_20260615-022803,ma_dreamer_20260615-022803,MA-Dreamer / Tempest / Team fairness + credit + 0.995 gamma,2,19,19,0.966947711038549,0.8729311221245563,0.7676837275695151,0.44767002871381684,53.753589974604424
ma_dreamer_20260615-022803,ma_dreamer_20260615-022803,MA-Dreamer / Tempest / Team fairness + credit + 0.995 gamma,2,20,20,0.9619472098602125,0.8661472160622425,0.743958041331361,0.43563674112070533,57.08284626651202
ma_dreamer_20260615-022803,ma_dreamer_20260615-022803,MA-Dreamer / Tempest / Team fairness + credit + 0.995 gamma,2,21,21,0.9631704468221332,0.8857911049702105,0.7417774802438286,0.47159047533284804,56.520853959699
ma_dreamer_20260615-022803,ma_dreamer_20260615-022803,MA-Dreamer / Tempest / Team fairness + credit + 0.995 gamma,2,22,22,0.9782359478030209,0.9286159516241823,0.8134934468572055,0.5658563643719604,57.40896392066408
ma_dreamer_20260615-022803,ma_dreamer_20260615-022803,MA-Dreamer / Tempest / Team fairness + credit + 0.995 gamma,2,23,23,0.985829774654959,0.9592199213344796,0.865489173655637,0.6581153792054383,53.43121695042989
ma_dreamer_20260615-022803,ma_dreamer_20260615-022803,MA-Dreamer / Tempest / Team fairness + credit + 0.995 gamma,2,24,24,0.9704679533138714,0.8320158283954135,0.8180666414459472,0.37994585212896975,52.816182890581835
ma_dreamer_20260615-022803,ma_dreamer_20260615-022803,MA-Dreamer / Tempest / Team fairness + credit + 0.995 gamma,2,25,25,0.9711242165749843,0.8906785366882095,0.7836998848812076,0.4811065975891045,62.59733621084855
ma_dreamer_20260615-022803,ma_dreamer_20260615-022803,MA-Dreamer / Tempest / Team fairness + credit + 0.995 gamma,2,26,26,0.9817864194945823,0.9343834235908163,0.8196919017149852,0.5810899955010133,57.10852533785253
ma_dreamer_20260615-022803,ma_dreamer_20260615-022803,MA-Dreamer / Tempest / Team fairness + credit + 0.995 gamma,2,27,27,0.9602506973715069,0.8658263492589263,0.7111406335082923,0.4350932780167236,68.61805947377601
ma_dreamer_20260615-022803,ma_dreamer_20260615-022803,MA-Dreamer / Tempest / Team fairness + credit + 0.995 gamma,2,28,28,0.976696443321437,0.9323838289543115,0.8136341179326355,0.5756820750248466,50.700916230834274
ma_dreamer_20260615-022803,ma_dreamer_20260615-022803,MA-Dreamer / Tempest / Team fairness + credit + 0.995 gamma,2,29,29,0.959875288536852,0.8753243979289771,0.7190651330167193,0.452007235418402,61.72365264064955
ma_dreamer_20260615-022803,ma_dreamer_20260615-022803,MA-Dreamer / Tempest / Team fairness + credit + 0.995 gamma,2,30,30,0.9469054346423373,0.8373374837063443,0.6858619196981077,0.3881797136886375,58.0217429604965
ma_dreamer_20260615-022803,ma_dreamer_20260615-022803,MA-Dreamer / Tempest / Team fairness + credit + 0.995 gamma,2,31,31,0.9685293322603428,0.846357751783102,0.7958189670350934,0.4024620535796512,53.535859522388535
ma_dreamer_20260615-022803,ma_dreamer_20260615-022803,MA-Dreamer / Tempest / Team fairness + credit + 0.995 gamma,2,32,32,0.9732519643971368,0.9079153925217744,0.7736730787858009,0.5169086502313305,39.470867151417835
ma_dreamer_20260615-022803,ma_dreamer_20260615-022803,MA-Dreamer / Tempest / Team fairness + credit + 0.995 gamma,2,33,33,0.9514986962736284,0.7817331425485167,0.7311836206108975,0.3085560874045172,54.409302100217936
ma_dreamer_20260615-022803,ma_dreamer_20260615-022803,MA-Dreamer / Tempest / Team fairness + credit + 0.995 gamma,2,34,34,0.9676626417127722,0.9028591743459901,0.7660777659433716,0.5060095064604487,63.88319895477987
ma_dreamer_20260615-022803,ma_dreamer_20260615-022803,MA-Dreamer / Tempest / Team fairness + credit + 0.995 gamma,2,35,35,0.9733747459025106,0.8877477395264307,0.8001748337592632,0.47536948681021457,39.364600929720616
ma_dreamer_20260615-022803,ma_dreamer_20260615-022803,MA-Dreamer / Tempest / Team fairness + credit + 0.995 gamma,2,36,36,0.9792560613101394,0.9129043438278912,0.8335915382644359,0.5281089480755288,56.005960173257314
ma_dreamer_20260615-022803,ma_dreamer_20260615-022803,MA-Dreamer / Tempest / Team fairness + credit + 0.995 gamma,2,37,37,0.9596489380101527,0.7927540852445739,0.7483531575717084,0.3233758329871098,65.36467104416397
ma_dreamer_20260615-022803,ma_dreamer_20260615-022803,MA-Dreamer / Tempest / Team fairness + credit + 0.995 gamma,2,38,38,0.9790592088630774,0.9210417807283582,0.8217993593029985,0.5470396684167611,68.41631890427922
ma_dreamer_20260615-022803,ma_dreamer_20260615-022803,MA-Dreamer / Tempest / Team fairness + credit + 0.995 gamma,2,39,39,0.9698447963389072,0.8751679084242862,0.7679633644321897,0.4517219948224733,73.85527065170149
ma_dreamer_20260615-022803,ma_dreamer_20260615-022803,MA-Dreamer / Tempest / Team fairness + credit + 0.995 gamma,2,40,40,0.979442540097757,0.9365787741497894,0.8086543571681672,0.5870600979576791,60.90373058724247
ma_dreamer_20260615-022803,ma_dreamer_20260615-022803,MA-Dreamer / Tempest / Team fairness + credit + 0.995 gamma,2,41,41,0.9541428749996229,0.8279241938236889,0.7104399401353306,0.37373215431020096,59.019075885131315
ma_dreamer_20260615-022803,ma_dreamer_20260615-022803,MA-Dreamer / Tempest / Team fairness + credit + 0.995 gamma,2,42,42,0.9655922757787168,0.9120478840450849,0.7353663968913977,0.526091219234583,55.38475564714687
ma_dreamer_20260615-022803,ma_dreamer_20260615-022803,MA-Dreamer / Tempest / Team fairness + credit + 0.995 gamma,2,43,43,0.9667277377137358,0.8582075298135383,0.7774839894768364,0.4221576664989759,52.36815161238381
ma_dreamer_20260615-022803,ma_dreamer_20260615-022803,MA-Dreamer / Tempest / Team fairness + credit + 0.995 gamma,2,44,44,0.9668888806934027,0.9052420578455943,0.7643912165511598,0.5111343790918442,51.79184116721401
ma_dreamer_20260615-022803,ma_dreamer_20260615-022803,MA-Dreamer / Tempest / Team fairness + credit + 0.995 gamma,2,45,45,0.97028104664889,0.8840100547815145,0.7799155226606694,0.46832455461595646,52.8000112264405
ma_dreamer_20260615-022803,ma_dreamer_20260615-022803,MA-Dreamer / Tempest / Team fairness + credit + 0.995 gamma,2,46,46,0.9661137793073885,0.8487107845577418,0.7740462766637126,0.4062752212018701,64.33922294724454
ma_dreamer_20260615-022803,ma_dreamer_20260615-022803,MA-Dreamer / Tempest / Team fairness + credit + 0.995 gamma,2,47,47,0.9707581984934537,0.9315172422623847,0.7868791698391596,0.573392446272336,56.828224570445464
ma_dreamer_20260615-022803,ma_dreamer_20260615-022803,MA-Dreamer / Tempest / Team fairness + credit + 0.995 gamma,2,48,48,0.9655020398500513,0.9027493116959234,0.764120642245242,0.5058497868779696,64.85484401180645
ma_dreamer_20260615-022803,ma_dreamer_20260615-022803,MA-Dreamer / Tempest / Team fairness + credit + 0.995 gamma,2,49,49,0.974533865490121,0.9003203657319647,0.8264916355657823,0.5006683374852868,57.266133055695185
ma_dreamer_20260615-022803,ma_dreamer_20260615-022803,MA-Dreamer / Tempest / Team fairness + credit + 0.995 gamma,2,50,50,0.955408273008713,0.8373077343798483,0.7382537874031245,0.3883586282762618,72.00022288399646
ma_dreamer_20260615-022803,ma_dreamer_20260615-022803,MA-Dreamer / Tempest / Team fairness + credit + 0.995 gamma,4,1,1,0.9640724203741132,0.8074810894810952,0.6834511145675378,0.3067207529189389,54.092790780643874
ma_dreamer_20260615-022803,ma_dreamer_20260615-022803,MA-Dreamer / Tempest / Team fairness + credit + 0.995 gamma,4,2,2,0.9813661215864155,0.9216453845294368,0.7553634950868138,0.45520577250548067,57.86319744921501
ma_dreamer_20260615-022803,ma_dreamer_20260615-022803,MA-Dreamer / Tempest / Team fairness + credit + 0.995 gamma,4,3,3,0.945803248457992,0.769136685423474,0.6021432979223336,0.27293967247195045,56.67640268775628
ma_dreamer_20260615-022803,ma_dreamer_20260615-022803,MA-Dreamer / Tempest / Team fairness + credit + 0.995 gamma,4,4,4,0.9704816676524219,0.9034806256012944,0.6876748620929706,0.42046806549304244,60.296425525387384
ma_dreamer_20260615-022803,ma_dreamer_20260615-022803,MA-Dreamer / Tempest / Team fairness + credit + 0.995 gamma,4,5,5,0.9569038872827998,0.8407135271269028,0.6344578361364926,0.3418160967975868,63.84157764443458
ma_dreamer_20260615-022803,ma_dreamer_20260615-022803,MA-Dreamer / Tempest / Team fairness + credit + 0.995 gamma,4,6,6,0.9368719591690042,0.809909490487502,0.5712604213407546,0.29089207983062787,79.59908160817528
ma_dreamer_20260615-022803,ma_dreamer_20260615-022803,MA-Dreamer / Tempest / Team fairness + credit + 0.995 gamma,4,7,7,0.9465332352206599,0.8503239485730771,0.5859376754934635,0.30972438057221774,58.75842701071253
ma_dreamer_20260615-022803,ma_dreamer_20260615-022803,MA-Dreamer / Tempest / Team fairness + credit + 0.995 gamma,4,8,8,0.9564559823192269,0.8236355585357701,0.6450460577273249,0.305603590469062,71.25928216767193
ma_dreamer_20260615-022803,ma_dreamer_20260615-022803,MA-Dreamer / Tempest / Team fairness + credit + 0.995 gamma,4,9,9,0.9582651392572078,0.8505669502468354,0.6532845814534972,0.33016037646679713,64.96435591732109
ma_dreamer_20260615-022803,ma_dreamer_20260615-022803,MA-Dreamer / Tempest / Team fairness + credit + 0.995 gamma,4,10,10,0.956997552917804,0.8691714593555163,0.6324849295024301,0.3579632177421305,55.96954063615145
ma_dreamer_20260615-022803,ma_dreamer_20260615-022803,MA-Dreamer / Tempest / Team fairness + credit + 0.995 gamma,4,11,11,0.9534732469033997,0.8553970119061552,0.6285518788092879,0.2825641839410114,68.01387644501244
ma_dreamer_20260615-022803,ma_dreamer_20260615-022803,MA-Dreamer / Tempest / Team fairness + credit + 0.995 gamma,4,12,12,0.9332644123877242,0.7848474664493249,0.5644837601994404,0.27655126751193465,66.61229316643549
ma_dreamer_20260615-022803,ma_dreamer_20260615-022803,MA-Dreamer / Tempest / Team fairness + credit + 0.995 gamma,4,13,13,0.9363823740070291,0.8131497744946019,0.6017742521158389,0.3333860148819345,62.38883956903419
ma_dreamer_20260615-022803,ma_dreamer_20260615-022803,MA-Dreamer / Tempest / Team fairness + credit + 0.995 gamma,4,14,14,0.9353258217901278,0.8000714326951576,0.5995642240328592,0.2692767579610837,61.4322607260168
ma_dreamer_20260615-022803,ma_dreamer_20260615-022803,MA-Dreamer / Tempest / Team fairness + credit + 0.995 gamma,4,15,15,0.9595378126800775,0.8718829021271574,0.6615030944022601,0.41629484337768774,57.43255134109452
ma_dreamer_20260615-022803,ma_dreamer_20260615-022803,MA-Dreamer / Tempest / Team fairness + credit + 0.995 gamma,4,16,16,0.9376260600361477,0.776217751618653,0.583195148274254,0.30628379690259555,64.54514859512958
ma_dreamer_20260615-022803,ma_dreamer_20260615-022803,MA-Dreamer / Tempest / Team fairness + credit + 0.995 gamma,4,17,17,0.9424424380348423,0.6063876526664955,0.6157671502586733,0.043245403687270687,63.657812128658776
ma_dreamer_20260615-022803,ma_dreamer_20260615-022803,MA-Dreamer / Tempest / Team fairness + credit + 0.995 gamma,4,18,18,0.9450273690067991,0.7911934617392955,0.6058206094219429,0.12883561405749028,68.11956448873326
ma_dreamer_20260615-022803,ma_dreamer_20260615-022803,MA-Dreamer / Tempest / Team fairness + credit + 0.995 gamma,4,19,19,0.9387277706125617,0.7676057789135644,0.5750614273083163,0.09037618780959161,57.75299133252804
ma_dreamer_20260615-022803,ma_dreamer_20260615-022803,MA-Dreamer / Tempest / Team fairness + credit + 0.995 gamma,4,20,20,0.930351645695089,0.7786484173885212,0.5345176111611937,0.10288809794560562,63.23296702019761
ma_dreamer_20260615-022803,ma_dreamer_20260615-022803,MA-Dreamer / Tempest / Team fairness + credit + 0.995 gamma,4,21,21,0.933378394090294,0.7729255612430652,0.5646413848167426,0.11540639314926937,60.689334418530734
ma_dreamer_20260615-022803,ma_dreamer_20260615-022803,MA-Dreamer / Tempest / Team fairness + credit + 0.995 gamma,4,22,22,0.9522781269745075,0.781351535131584,0.627804763616556,0.11171164828074942,61.00948113456839
ma_dreamer_20260615-022803,ma_dreamer_20260615-022803,MA-Dreamer / Tempest / Team fairness + credit + 0.995 gamma,4,23,23,0.9531133525451945,0.8205350335819561,0.6412784777244731,0.2088929756423072,56.18107685426769
ma_dreamer_20260615-022803,ma_dreamer_20260615-022803,MA-Dreamer / Tempest / Team fairness + credit + 0.995 gamma,4,24,24,0.954874423327329,0.8652815559597081,0.6439778357727536,0.32057039008875704,63.70801039566189
ma_dreamer_20260615-022803,ma_dreamer_20260615-022803,MA-Dreamer / Tempest / Team fairness + credit + 0.995 gamma,4,25,25,0.9578327287633303,0.8781672476645639,0.6548822610407737,0.39605466758661234,68.74262110499738
ma_dreamer_20260615-022803,ma_dreamer_20260615-022803,MA-Dreamer / Tempest / Team fairness + credit + 0.995 gamma,4,26,26,0.9353849191386489,0.660587664868606,0.6080003063430255,0.19088549198585097,61.10578799347094
ma_dreamer_20260615-022803,ma_dreamer_20260615-022803,MA-Dreamer / Tempest / Team fairness + credit + 0.995 gamma,4,27,27,0.9436756554393347,0.8433360712435111,0.5825484370883407,0.34038425471725864,77.07441312032559
ma_dreamer_20260615-022803,ma_dreamer_20260615-022803,MA-Dreamer / Tempest / Team fairness + credit + 0.995 gamma,4,28,28,0.9474599656630868,0.8557612625138676,0.609302765683138,0.3961184169372418,53.007482356004225
ma_dreamer_20260615-022803,ma_dreamer_20260615-022803,MA-Dreamer / Tempest / Team fairness + credit + 0.995 gamma,4,29,29,0.9631437005743015,0.9087794926846622,0.6551478136122303,0.44012897005957263,63.41440236479078
ma_dreamer_20260615-022803,ma_dreamer_20260615-022803,MA-Dreamer / Tempest / Team fairness + credit + 0.995 gamma,4,30,30,0.9362541746472766,0.7923675728605133,0.5755696517942664,0.2646434304986749,62.30317304808575
ma_dreamer_20260615-022803,ma_dreamer_20260615-022803,MA-Dreamer / Tempest / Team fairness + credit + 0.995 gamma,4,31,31,0.9579800447644891,0.8509655701394907,0.6465210902215155,0.2589983278861516,59.23796840550011
ma_dreamer_20260615-022803,ma_dreamer_20260615-022803,MA-Dreamer / Tempest / Team fairness + credit + 0.995 gamma,4,32,32,0.9586902052352358,0.887794684867806,0.6441995613823718,0.35980673055890017,46.275106533868225
ma_dreamer_20260615-022803,ma_dreamer_20260615-022803,MA-Dreamer / Tempest / Team fairness + credit + 0.995 gamma,4,33,33,0.9731199375754769,0.8887299013599442,0.7046020381806475,0.363170073454249,55.42631663910825
ma_dreamer_20260615-022803,ma_dreamer_20260615-022803,MA-Dreamer / Tempest / Team fairness + credit + 0.995 gamma,4,34,34,0.9414559415736596,0.7862262079529545,0.6080561723518986,0.17402967663538968,68.87915377820875
ma_dreamer_20260615-022803,ma_dreamer_20260615-022803,MA-Dreamer / Tempest / Team fairness + credit + 0.995 gamma,4,35,35,0.9528945955279329,0.8153564038480902,0.6342691815091401,0.22383651305166316,41.0896029947435
ma_dreamer_20260615-022803,ma_dreamer_20260615-022803,MA-Dreamer / Tempest / Team fairness + credit + 0.995 gamma,4,36,36,0.9660185542087767,0.8461478796308861,0.6810360198418481,0.29736594958286167,57.08769583101427
ma_dreamer_20260615-022803,ma_dreamer_20260615-022803,MA-Dreamer / Tempest / Team fairness + credit + 0.995 gamma,4,37,37,0.9492426278717574,0.8358844186876573,0.6365704498999482,0.305616476934682,67.79845413707345
ma_dreamer_20260615-022803,ma_dreamer_20260615-022803,MA-Dreamer / Tempest / Team fairness + credit + 0.995 gamma,4,38,38,0.9503788677586775,0.8418392401230598,0.6177870226604936,0.3051837732567941,70.17033552171877
ma_dreamer_20260615-022803,ma_dreamer_20260615-022803,MA-Dreamer / Tempest / Team fairness + credit + 0.995 gamma,4,39,39,0.9562701367388354,0.8435835367376265,0.6296361781007085,0.31705909557104023,82.07275336395583
ma_dreamer_20260615-022803,ma_dreamer_20260615-022803,MA-Dreamer / Tempest / Team fairness + credit + 0.995 gamma,4,40,40,0.9501695192412773,0.7897759112698054,0.634425217200053,0.13900091775107093,63.61650883218624
ma_dreamer_20260615-022803,ma_dreamer_20260615-022803,MA-Dreamer / Tempest / Team fairness + credit + 0.995 gamma,4,41,41,0.9333314049099438,0.7370502560110285,0.6178209994052778,0.12703086047979822,64.54438958172318
ma_dreamer_20260615-022803,ma_dreamer_20260615-022803,MA-Dreamer / Tempest / Team fairness + credit + 0.995 gamma,4,42,42,0.9153669105362875,0.7273631894625012,0.5331810587986135,0.2836993270800245,63.67743480477884
ma_dreamer_20260615-022803,ma_dreamer_20260615-022803,MA-Dreamer / Tempest / Team fairness + credit + 0.995 gamma,4,43,43,0.9163107604854636,0.6707459321704329,0.5970188562718837,0.1576056184028483,56.17827728099979
ma_dreamer_20260615-022803,ma_dreamer_20260615-022803,MA-Dreamer / Tempest / Team fairness + credit + 0.995 gamma,4,44,44,0.9451439515351205,0.7862693584121194,0.6198225180446573,0.2681855862540109,53.5818933725684
ma_dreamer_20260615-022803,ma_dreamer_20260615-022803,MA-Dreamer / Tempest / Team fairness + credit + 0.995 gamma,4,45,45,0.9613087936983373,0.8542484294165396,0.6629895758638743,0.3763791845265391,63.047696575599076
ma_dreamer_20260615-022803,ma_dreamer_20260615-022803,MA-Dreamer / Tempest / Team fairness + credit + 0.995 gamma,4,46,46,0.9198140967941308,0.5946486682387877,0.5814002175104892,0.09075062059050573,70.01705680722017
ma_dreamer_20260615-022803,ma_dreamer_20260615-022803,MA-Dreamer / Tempest / Team fairness + credit + 0.995 gamma,4,47,47,0.9272427697908108,0.6164740134158615,0.5906449756527451,0.11276816955128298,73.93197307742972
ma_dreamer_20260615-022803,ma_dreamer_20260615-022803,MA-Dreamer / Tempest / Team fairness + credit + 0.995 gamma,4,48,48,0.9427572989727285,0.8166190997362434,0.5733522234322895,0.16991292645939948,75.04911034911093
ma_dreamer_20260615-022803,ma_dreamer_20260615-022803,MA-Dreamer / Tempest / Team fairness + credit + 0.995 gamma,4,49,49,0.9514441894775515,0.8526332235180638,0.601424513205583,0.2455747927877389,62.747348107772424
ma_dreamer_20260615-022803,ma_dreamer_20260615-022803,MA-Dreamer / Tempest / Team fairness + credit + 0.995 gamma,4,50,50,0.9498452681205088,0.7655261978753417,0.6438220765787154,0.1143546934793195,70.51643789320542
ma_dreamer_20260615-022803,ma_dreamer_20260615-022803,MA-Dreamer / Tempest / Team fairness + credit + 0.995 gamma,5,1,1,0.9516991663037689,0.8348546840357817,0.6319348652083192,0.2672677485078747,57.515050478994795
ma_dreamer_20260615-022803,ma_dreamer_20260615-022803,MA-Dreamer / Tempest / Team fairness + credit + 0.995 gamma,5,2,2,0.9516443105712805,0.6470113938292006,0.6608709618808736,0.14753956471202076,59.205008052600554
ma_dreamer_20260615-022803,ma_dreamer_20260615-022803,MA-Dreamer / Tempest / Team fairness + credit + 0.995 gamma,5,3,3,0.9335810113121356,0.7252583896707034,0.5965216934978116,0.18939975523198363,56.740576989087536
ma_dreamer_20260615-022803,ma_dreamer_20260615-022803,MA-Dreamer / Tempest / Team fairness + credit + 0.995 gamma,5,4,4,0.9574085535664083,0.8239506844735159,0.6621877910517552,0.3369994360621731,62.65337417143727
ma_dreamer_20260615-022803,ma_dreamer_20260615-022803,MA-Dreamer / Tempest / Team fairness + credit + 0.995 gamma,5,5,5,0.9460842178149634,0.7870287524170535,0.6055360541915041,0.2363899506683014,66.11341231652773
ma_dreamer_20260615-022803,ma_dreamer_20260615-022803,MA-Dreamer / Tempest / Team fairness + credit + 0.995 gamma,5,6,6,0.9438450092532772,0.6892105672786827,0.6049794517943997,0.11795591615697718,73.55214580603291
ma_dreamer_20260615-022803,ma_dreamer_20260615-022803,MA-Dreamer / Tempest / Team fairness + credit + 0.995 gamma,5,7,7,0.9232220277350185,0.7139484668630521,0.5334516886828495,0.16829358331705957,62.83589122293688
ma_dreamer_20260615-022803,ma_dreamer_20260615-022803,MA-Dreamer / Tempest / Team fairness + credit + 0.995 gamma,5,8,8,0.9574064939642585,0.8332233558591181,0.6381086859710767,0.267498289909614,70.22227384146315
ma_dreamer_20260615-022803,ma_dreamer_20260615-022803,MA-Dreamer / Tempest / Team fairness + credit + 0.995 gamma,5,9,9,0.9535697171631429,0.8489969011484343,0.618493229899413,0.3114459627844234,66.97736879682293
ma_dreamer_20260615-022803,ma_dreamer_20260615-022803,MA-Dreamer / Tempest / Team fairness + credit + 0.995 gamma,5,10,10,0.9387915307986276,0.8213533576471932,0.5420853965217375,0.15124440816510376,58.76434496868878
ma_dreamer_20260615-022803,ma_dreamer_20260615-022803,MA-Dreamer / Tempest / Team fairness + credit + 0.995 gamma,5,11,11,0.9345572893306117,0.7580222990590006,0.5559900237958363,0.18561822518857446,101.47854500920697
ma_dreamer_20260615-022803,ma_dreamer_20260615-022803,MA-Dreamer / Tempest / Team fairness + credit + 0.995 gamma,5,12,12,0.9124205696337717,0.6550720907297075,0.5092856450458887,0.19149983871950157,88.55412282830875
ma_dreamer_20260615-022803,ma_dreamer_20260615-022803,MA-Dreamer / Tempest / Team fairness + credit + 0.995 gamma,5,13,13,0.9540588117652193,0.8417764822877329,0.6195196590431161,0.14871572729867974,64.98254411170136
ma_dreamer_20260615-022803,ma_dreamer_20260615-022803,MA-Dreamer / Tempest / Team fairness + credit + 0.995 gamma,5,14,14,0.9583809896497314,0.8722748412579305,0.618912896843649,0.24727856403603696,62.321788972949875
ma_dreamer_20260615-022803,ma_dreamer_20260615-022803,MA-Dreamer / Tempest / Team fairness + credit + 0.995 gamma,5,15,15,0.9651225484852265,0.894475436220102,0.6404227421244222,0.3593205814557505,59.379825695262696
ma_dreamer_20260615-022803,ma_dreamer_20260615-022803,MA-Dreamer / Tempest / Team fairness + credit + 0.995 gamma,5,16,16,0.9562396553028362,0.8198704721844549,0.6241685410962754,0.23483755843451248,73.93562441240707
ma_dreamer_20260615-022803,ma_dreamer_20260615-022803,MA-Dreamer / Tempest / Team fairness + credit + 0.995 gamma,5,17,17,0.9541341127863584,0.8647342427905924,0.6106370340934878,0.34702378022306674,71.21239888654176
ma_dreamer_20260615-022803,ma_dreamer_20260615-022803,MA-Dreamer / Tempest / Team fairness + credit + 0.995 gamma,5,18,18,0.9629955191129669,0.8684246469063391,0.6542125981198746,0.33163420516059977,75.6851190588045
ma_dreamer_20260615-022803,ma_dreamer_20260615-022803,MA-Dreamer / Tempest / Team fairness + credit + 0.995 gamma,5,19,19,0.9693231128613479,0.9138275172878262,0.6761140358312646,0.41455267515153604,58.446123332749224
ma_dreamer_20260615-022803,ma_dreamer_20260615-022803,MA-Dreamer / Tempest / Team fairness + credit + 0.995 gamma,5,20,20,0.9583447620558533,0.8816840260220776,0.621270175137664,0.36752594588275705,61.08767769922698
ma_dreamer_20260615-022803,ma_dreamer_20260615-022803,MA-Dreamer / Tempest / Team fairness + credit + 0.995 gamma,5,21,21,0.9218692987965725,0.6588096298069862,0.565099938768923,0.11101473062870337,73.10962061389333
ma_dreamer_20260615-022803,ma_dreamer_20260615-022803,MA-Dreamer / Tempest / Team fairness + credit + 0.995 gamma,5,22,22,0.9311013336266615,0.6270778732345281,0.5865728535272364,0.07292961111125185,62.87852410745093
ma_dreamer_20260615-022803,ma_dreamer_20260615-022803,MA-Dreamer / Tempest / Team fairness + credit + 0.995 gamma,5,23,23,0.94743883270989,0.7682767379757138,0.6232470760259289,0.20348285379340667,59.73036457336313
ma_dreamer_20260615-022803,ma_dreamer_20260615-022803,MA-Dreamer / Tempest / Team fairness + credit + 0.995 gamma,5,24,24,0.9351356211792199,0.8001208372910484,0.5346764113715188,0.12248450574773366,66.67289773176428
ma_dreamer_20260615-022803,ma_dreamer_20260615-022803,MA-Dreamer / Tempest / Team fairness + credit + 0.995 gamma,5,25,25,0.9654802759353348,0.8847984458967406,0.6753944078137873,0.34847319429652757,69.83871766552927
ma_dreamer_20260615-022803,ma_dreamer_20260615-022803,MA-Dreamer / Tempest / Team fairness + credit + 0.995 gamma,5,26,26,0.9452237692269521,0.7671162554791044,0.6076656044346876,0.21106564420481125,67.4599018575894
ma_dreamer_20260615-022803,ma_dreamer_20260615-022803,MA-Dreamer / Tempest / Team fairness + credit + 0.995 gamma,5,27,27,0.953282788175692,0.8458102729687198,0.6018914576451067,0.312887596364183,78.70712815048412
ma_dreamer_20260615-022803,ma_dreamer_20260615-022803,MA-Dreamer / Tempest / Team fairness + credit + 0.995 gamma,5,28,28,0.9578560072086907,0.8015632549357397,0.6500176134601446,0.244566316424707,56.4136859981135
ma_dreamer_20260615-022803,ma_dreamer_20260615-022803,MA-Dreamer / Tempest / Team fairness + credit + 0.995 gamma,5,29,29,0.9524815623057243,0.7302198718118971,0.6040459285221935,0.1530971110399245,68.17001892761648
ma_dreamer_20260615-022803,ma_dreamer_20260615-022803,MA-Dreamer / Tempest / Team fairness + credit + 0.995 gamma,5,30,30,0.9507987112588493,0.8520838849173454,0.6031853253869889,0.28838903933829163,63.43362831976462
ma_dreamer_20260615-022803,ma_dreamer_20260615-022803,MA-Dreamer / Tempest / Team fairness + credit + 0.995 gamma,5,31,31,0.9423441935408801,0.7348342577165958,0.6116277996997637,0.2335536979567826,60.31227532457734
ma_dreamer_20260615-022803,ma_dreamer_20260615-022803,MA-Dreamer / Tempest / Team fairness + credit + 0.995 gamma,5,32,32,0.9531626934015361,0.8577546613754864,0.6042830268358306,0.3357727655867567,48.08335666439554
ma_dreamer_20260615-022803,ma_dreamer_20260615-022803,MA-Dreamer / Tempest / Team fairness + credit + 0.995 gamma,5,33,33,0.9497793923257108,0.7043666846214526,0.616166826273379,0.13382081020597167,55.535705252421465
ma_dreamer_20260615-022803,ma_dreamer_20260615-022803,MA-Dreamer / Tempest / Team fairness + credit + 0.995 gamma,5,34,34,0.9485571577609598,0.6820776934668358,0.6379838979217183,0.10288583181549399,70.11405852251363
ma_dreamer_20260615-022803,ma_dreamer_20260615-022803,MA-Dreamer / Tempest / Team fairness + credit + 0.995 gamma,5,35,35,0.9374795713757201,0.7354918855937405,0.5789571904824754,0.19120269578195095,44.795540064837205
ma_dreamer_20260615-022803,ma_dreamer_20260615-022803,MA-Dreamer / Tempest / Team fairness + credit + 0.995 gamma,5,36,36,0.9579898693907403,0.8260263014648533,0.6224592796384415,0.16462043396406004,57.515693523058474
ma_dreamer_20260615-022803,ma_dreamer_20260615-022803,MA-Dreamer / Tempest / Team fairness + credit + 0.995 gamma,5,37,37,0.9425707752096082,0.8119472158355796,0.5671507315557159,0.20743337387351524,71.9083788906145
ma_dreamer_20260615-022803,ma_dreamer_20260615-022803,MA-Dreamer / Tempest / Team fairness + credit + 0.995 gamma,5,38,38,0.9545754077054426,0.8230705332775642,0.5987717934927893,0.2788608752409801,72.50828404156279
ma_dreamer_20260615-022803,ma_dreamer_20260615-022803,MA-Dreamer / Tempest / Team fairness + credit + 0.995 gamma,5,39,39,0.9229781632927919,0.7515181960406014,0.522042971225767,0.07936497692485878,108.64520427611774
ma_dreamer_20260615-022803,ma_dreamer_20260615-022803,MA-Dreamer / Tempest / Team fairness + credit + 0.995 gamma,5,40,40,0.9437810597701809,0.794523161244284,0.5926206159161772,0.10573980678329749,71.9128205246267
ma_dreamer_20260615-022803,ma_dreamer_20260615-022803,MA-Dreamer / Tempest / Team fairness + credit + 0.995 gamma,5,41,41,0.951983525288811,0.8651025290193188,0.596625333600106,0.30269930761364433,66.59412437816006
ma_dreamer_20260615-022803,ma_dreamer_20260615-022803,MA-Dreamer / Tempest / Team fairness + credit + 0.995 gamma,5,42,42,0.9536385763937694,0.8016945011138652,0.6384252557069979,0.27912727909026364,81.78239011808799
ma_dreamer_20260615-022803,ma_dreamer_20260615-022803,MA-Dreamer / Tempest / Team fairness + credit + 0.995 gamma,5,43,43,0.9545626605302978,0.8314813877147001,0.6270174872388689,0.2731470322910205,60.11536688055928
ma_dreamer_20260615-022803,ma_dreamer_20260615-022803,MA-Dreamer / Tempest / Team fairness + credit + 0.995 gamma,5,44,44,0.9462492120727785,0.7941623791907721,0.6007031681031535,0.2618546485158097,54.99084438496277
ma_dreamer_20260615-022803,ma_dreamer_20260615-022803,MA-Dreamer / Tempest / Team fairness + credit + 0.995 gamma,5,45,45,0.9562332420226892,0.8502415111632858,0.6091401662598409,0.29905824762798,69.63573304793489
ma_dreamer_20260615-022803,ma_dreamer_20260615-022803,MA-Dreamer / Tempest / Team fairness + credit + 0.995 gamma,5,46,46,0.9572275320347097,0.872885686584409,0.6163981009262931,0.3594341840836989,72.75377710103672
ma_dreamer_20260615-022803,ma_dreamer_20260615-022803,MA-Dreamer / Tempest / Team fairness + credit + 0.995 gamma,5,47,47,0.9393219179983591,0.7951799259261404,0.5888381394566515,0.2988935996337291,73.91192468040167
ma_dreamer_20260615-022803,ma_dreamer_20260615-022803,MA-Dreamer / Tempest / Team fairness + credit + 0.995 gamma,5,48,48,0.9373626830531524,0.7775254248408459,0.5811646223209852,0.2574466393090591,85.689461339208
ma_dreamer_20260615-022803,ma_dreamer_20260615-022803,MA-Dreamer / Tempest / Team fairness + credit + 0.995 gamma,5,49,49,0.9676252401004009,0.8974409156345934,0.651145847101994,0.3281585741603056,63.012319260340384
ma_dreamer_20260615-022803,ma_dreamer_20260615-022803,MA-Dreamer / Tempest / Team fairness + credit + 0.995 gamma,5,50,50,0.9386201620521062,0.8175785519383462,0.5484027884871213,0.2740923792356856,87.88214177329708
ma_dreamer_20260615-022803,ma_dreamer_20260615-022803,MA-Dreamer / Tempest / Team fairness + credit + 0.995 gamma,7,1,1,0.9309317889272711,0.7838442197396037,0.4997903196800901,0.09363315157657798,61.04740854960852
ma_dreamer_20260615-022803,ma_dreamer_20260615-022803,MA-Dreamer / Tempest / Team fairness + credit + 0.995 gamma,7,2,2,0.9430832422884998,0.8472169013214046,0.49004006508336884,0.10128404722839666,61.598503222110665
ma_dreamer_20260615-022803,ma_dreamer_20260615-022803,MA-Dreamer / Tempest / Team fairness + credit + 0.995 gamma,7,3,3,0.9399708425927914,0.7892765859634244,0.5412429902498078,0.22153840012408416,85.52541496407414
ma_dreamer_20260615-022803,ma_dreamer_20260615-022803,MA-Dreamer / Tempest / Team fairness + credit + 0.995 gamma,7,4,4,0.9634233179847422,0.8683650549981642,0.6193045452130902,0.1658457498599269,73.05553275945799
ma_dreamer_20260615-022803,ma_dreamer_20260615-022803,MA-Dreamer / Tempest / Team fairness + credit + 0.995 gamma,7,5,5,0.9606264343549018,0.8176087865585215,0.6309258956786643,0.2961791389929992,71.91379201740328
ma_dreamer_20260615-022803,ma_dreamer_20260615-022803,MA-Dreamer / Tempest / Team fairness + credit + 0.995 gamma,7,6,6,0.948967927114368,0.8413115768191743,0.589122001023748,0.2565480896699031,91.28617095163918
ma_dreamer_20260615-022803,ma_dreamer_20260615-022803,MA-Dreamer / Tempest / Team fairness + credit + 0.995 gamma,7,7,7,0.9337010926550138,0.8259645724095943,0.5174628297164506,0.2638635869378092,73.00889521073248
ma_dreamer_20260615-022803,ma_dreamer_20260615-022803,MA-Dreamer / Tempest / Team fairness + credit + 0.995 gamma,7,8,8,0.9559526806627128,0.8541134304355056,0.6226331689478376,0.3027848879387688,73.61421016993604
ma_dreamer_20260615-022803,ma_dreamer_20260615-022803,MA-Dreamer / Tempest / Team fairness + credit + 0.995 gamma,7,9,9,0.9492159907647149,0.8244141598537781,0.5686523187792942,0.297583828542811,74.25548857590265
ma_dreamer_20260615-022803,ma_dreamer_20260615-022803,MA-Dreamer / Tempest / Team fairness + credit + 0.995 gamma,7,10,10,0.9249800951524124,0.7714558026237681,0.5455673273796824,0.22011363287739258,69.98859456944709
ma_dreamer_20260615-022803,ma_dreamer_20260615-022803,MA-Dreamer / Tempest / Team fairness + credit + 0.995 gamma,7,11,11,0.9442116023930329,0.8385073149963601,0.5675159320422091,0.23480571617361912,108.20058656443243
ma_dreamer_20260615-022803,ma_dreamer_20260615-022803,MA-Dreamer / Tempest / Team fairness + credit + 0.995 gamma,7,12,12,0.9349654026600174,0.7638173788992625,0.5652069587269221,0.18787231932189657,111.81565449742479
ma_dreamer_20260615-022803,ma_dreamer_20260615-022803,MA-Dreamer / Tempest / Team fairness + credit + 0.995 gamma,7,13,13,0.9538722668207517,0.8230154834300522,0.6090390885292369,0.2509094655154294,71.09234294484084
ma_dreamer_20260615-022803,ma_dreamer_20260615-022803,MA-Dreamer / Tempest / Team fairness + credit + 0.995 gamma,7,14,14,0.9585292196328336,0.8568269770497791,0.6053648667585934,0.2871378656660395,85.67457944841065
ma_dreamer_20260615-022803,ma_dreamer_20260615-022803,MA-Dreamer / Tempest / Team fairness + credit + 0.995 gamma,7,15,15,0.9491185873518752,0.8778085875446502,0.5812477605217559,0.32101008611310783,65.41639489589764
ma_dreamer_20260615-022803,ma_dreamer_20260615-022803,MA-Dreamer / Tempest / Team fairness + credit + 0.995 gamma,7,16,16,0.9467048564680617,0.8169177298133559,0.5769960428499498,0.24182343517712931,76.97694626070334
ma_dreamer_20260615-022803,ma_dreamer_20260615-022803,MA-Dreamer / Tempest / Team fairness + credit + 0.995 gamma,7,17,17,0.9581393148977914,0.8612613998927615,0.5941598312312969,0.2940560304541631,77.75245515129468
ma_dreamer_20260615-022803,ma_dreamer_20260615-022803,MA-Dreamer / Tempest / Team fairness + credit + 0.995 gamma,7,18,18,0.9579391365442265,0.7993165433472398,0.6761957993753098,0.23322331064290977,84.92394565208227
ma_dreamer_20260615-022803,ma_dreamer_20260615-022803,MA-Dreamer / Tempest / Team fairness + credit + 0.995 gamma,7,19,19,0.9465871210761095,0.8444104901440757,0.6004707586866703,0.28614477938962196,74.65665634684274
ma_dreamer_20260615-022803,ma_dreamer_20260615-022803,MA-Dreamer / Tempest / Team fairness + credit + 0.995 gamma,7,20,20,0.9470843604896464,0.8354920172983993,0.5990009280523583,0.26619193600071084,67.96541674499032
ma_dreamer_20260615-022803,ma_dreamer_20260615-022803,MA-Dreamer / Tempest / Team fairness + credit + 0.995 gamma,7,21,21,0.9240593719077016,0.7852562614942762,0.5633945989160289,0.21764680438158268,78.68451769289189
ma_dreamer_20260615-022803,ma_dreamer_20260615-022803,MA-Dreamer / Tempest / Team fairness + credit + 0.995 gamma,7,22,22,0.942562873771224,0.7510721465283887,0.599792590315385,0.221673525923927,79.00104716608476
ma_dreamer_20260615-022803,ma_dreamer_20260615-022803,MA-Dreamer / Tempest / Team fairness + credit + 0.995 gamma,7,23,23,0.9638487613882603,0.8561066374128942,0.6587976877861418,0.20565552398112438,70.02260239763226
ma_dreamer_20260615-022803,ma_dreamer_20260615-022803,MA-Dreamer / Tempest / Team fairness + credit + 0.995 gamma,7,24,24,0.964283969543464,0.8615629682193662,0.6665145354841354,0.3270195381704406,69.6105198121257
ma_dreamer_20260615-022803,ma_dreamer_20260615-022803,MA-Dreamer / Tempest / Team fairness + credit + 0.995 gamma,7,25,25,0.9542637697593211,0.8492560232049267,0.6530965691353969,0.28115541339586214,74.67212959694665
ma_dreamer_20260615-022803,ma_dreamer_20260615-022803,MA-Dreamer / Tempest / Team fairness + credit + 0.995 gamma,7,26,26,0.9292227037785596,0.6633607250271567,0.5869048713648521,0.11225254927273945,84.91468681401473
ma_dreamer_20260615-022803,ma_dreamer_20260615-022803,MA-Dreamer / Tempest / Team fairness + credit + 0.995 gamma,7,27,27,0.9284860592396077,0.6630947711162539,0.6126045012992147,0.13298089842617897,147.56823290984462
ma_dreamer_20260615-022803,ma_dreamer_20260615-022803,MA-Dreamer / Tempest / Team fairness + credit + 0.995 gamma,7,28,28,0.9476401443772092,0.7588013229731315,0.6472258679177458,0.19434181834931327,71.44613000200762
ma_dreamer_20260615-022803,ma_dreamer_20260615-022803,MA-Dreamer / Tempest / Team fairness + credit + 0.995 gamma,7,29,29,0.9463256359371758,0.7685684805706265,0.5834337309794606,0.23254300503471853,92.88482069300824
ma_dreamer_20260615-022803,ma_dreamer_20260615-022803,MA-Dreamer / Tempest / Team fairness + credit + 0.995 gamma,7,30,30,0.9523208938148643,0.8720103491614665,0.5960596534050091,0.35380047869436076,74.17618879144337
ma_dreamer_20260615-022803,ma_dreamer_20260615-022803,MA-Dreamer / Tempest / Team fairness + credit + 0.995 gamma,7,31,31,0.953877835096775,0.817304374243724,0.6104176530379116,0.2522167580832304,77.29539157725222
ma_dreamer_20260615-022803,ma_dreamer_20260615-022803,MA-Dreamer / Tempest / Team fairness + credit + 0.995 gamma,7,32,32,0.9567986711044576,0.8373682035456492,0.5932535941852418,0.29443773480976076,53.20748242514166
ma_dreamer_20260615-022803,ma_dreamer_20260615-022803,MA-Dreamer / Tempest / Team fairness + credit + 0.995 gamma,7,33,33,0.9512905065127696,0.856737090463148,0.5806180377326532,0.3077824385993152,59.61071734439199
ma_dreamer_20260615-022803,ma_dreamer_20260615-022803,MA-Dreamer / Tempest / Team fairness + credit + 0.995 gamma,7,34,34,0.9538957501009029,0.835401500255327,0.5853188595604502,0.27253343391862067,81.19541855662871
ma_dreamer_20260615-022803,ma_dreamer_20260615-022803,MA-Dreamer / Tempest / Team fairness + credit + 0.995 gamma,7,35,35,0.9431974648802257,0.856812274354205,0.5447221268662032,0.2889165320998321,58.39165848119274
ma_dreamer_20260615-022803,ma_dreamer_20260615-022803,MA-Dreamer / Tempest / Team fairness + credit + 0.995 gamma,7,36,36,0.9717352541958223,0.9099575340762337,0.6574361246827575,0.3730673783797651,60.841447709044665
ma_dreamer_20260615-022803,ma_dreamer_20260615-022803,MA-Dreamer / Tempest / Team fairness + credit + 0.995 gamma,7,37,37,0.9445419238823737,0.8344360773977905,0.5559133452388192,0.28600857112740025,86.62738772160533
ma_dreamer_20260615-022803,ma_dreamer_20260615-022803,MA-Dreamer / Tempest / Team fairness + credit + 0.995 gamma,7,38,38,0.9391102168190597,0.8166664688557509,0.5445955665455542,0.2772535115731286,84.68783898215757
ma_dreamer_20260615-022803,ma_dreamer_20260615-022803,MA-Dreamer / Tempest / Team fairness + credit + 0.995 gamma,7,39,39,0.9075271672231535,0.6592309514414499,0.5038330771722217,0.10619343734416666,154.89919052484726
ma_dreamer_20260615-022803,ma_dreamer_20260615-022803,MA-Dreamer / Tempest / Team fairness + credit + 0.995 gamma,7,40,40,0.9665235269586585,0.882212516617408,0.6306016009507959,0.3139006757659224,77.84718878885651
ma_dreamer_20260615-022803,ma_dreamer_20260615-022803,MA-Dreamer / Tempest / Team fairness + credit + 0.995 gamma,7,41,41,0.9515345668131655,0.7801488637459015,0.5757617221067732,0.12621630186036564,71.42663379261293
ma_dreamer_20260615-022803,ma_dreamer_20260615-022803,MA-Dreamer / Tempest / Team fairness + credit + 0.995 gamma,7,42,42,0.9350080568708525,0.7797488383240458,0.5578868824014688,0.22300639263319189,85.83951501092861
ma_dreamer_20260615-022803,ma_dreamer_20260615-022803,MA-Dreamer / Tempest / Team fairness + credit + 0.995 gamma,7,43,43,0.9453081488072012,0.8098165294893511,0.5677246983524431,0.06986269361154221,72.44718585881878
ma_dreamer_20260615-022803,ma_dreamer_20260615-022803,MA-Dreamer / Tempest / Team fairness + credit + 0.995 gamma,7,44,44,0.9533860771642948,0.8211861859828429,0.5814407316420004,0.2668830429783923,58.86082019747482
ma_dreamer_20260615-022803,ma_dreamer_20260615-022803,MA-Dreamer / Tempest / Team fairness + credit + 0.995 gamma,7,45,45,0.9434090430299436,0.808474066680147,0.5529823624951148,0.2220072293181437,100.55465579715849
ma_dreamer_20260615-022803,ma_dreamer_20260615-022803,MA-Dreamer / Tempest / Team fairness + credit + 0.995 gamma,7,46,46,0.9054733011062743,0.7111820146193117,0.4482675221514853,0.062480538181472145,101.21645420989489
ma_dreamer_20260615-022803,ma_dreamer_20260615-022803,MA-Dreamer / Tempest / Team fairness + credit + 0.995 gamma,7,47,47,0.9396833464825046,0.8278666525034252,0.552671466426822,0.24790985896208537,83.0174425320938
ma_dreamer_20260615-022803,ma_dreamer_20260615-022803,MA-Dreamer / Tempest / Team fairness + credit + 0.995 gamma,7,48,48,0.9533434010663511,0.8266205971425092,0.5902095259409101,0.2243927101730613,102.6432979541282
ma_dreamer_20260615-022803,ma_dreamer_20260615-022803,MA-Dreamer / Tempest / Team fairness + credit + 0.995 gamma,7,49,49,0.9557118186906479,0.8724112340733616,0.5717231940273676,0.3140651492944376,68.39146131524612
ma_dreamer_20260615-022803,ma_dreamer_20260615-022803,MA-Dreamer / Tempest / Team fairness + credit + 0.995 gamma,7,50,50,0.9462141057326483,0.8075010964794737,0.553383946172216,0.1813871894051965,91.97908493829425
