approach,data_folder,plot_label,flow_count,run,seed,mean_jain_fairness,p05_jain_fairness,mean_min_max_goodput_ratio,p05_min_max_goodput_ratio,avg_srtt_ms
astraea,astraea,Astraea,2,1,1,0.9245874660673221,0.6825255920747396,0.6241736681227501,0.18904919216273564,52.93141428651059
astraea,astraea,Astraea,2,2,2,0.9021462383032084,0.6354900243918866,0.5273230003729179,0.1380759296078998,58.98698356187292
astraea,astraea,Astraea,2,3,3,0.9784575879038757,0.94009956815941,0.8316782820035077,0.5969146404033578,60.685010289855065
astraea,astraea,Astraea,2,4,4,0.9507005407913622,0.653044537344766,0.7058991133646899,0.15680770877015565,95.5648056521739
astraea,astraea,Astraea,2,5,5,0.7142080628535578,0.516368267844484,0.23559818398509,0.016372655585519622,78.44615664437012
astraea,astraea,Astraea,2,6,6,0.8298579404882823,0.6322469880381605,0.3939912010253157,0.1346445585872195,87.73533360089186
astraea,astraea,Astraea,2,7,7,0.9518360803314093,0.9213718591205755,0.6881514451532842,0.5478356370778362,60.516079855072455
astraea,astraea,Astraea,2,8,8,0.8209714527656897,0.6657009608684125,0.4070302603993666,0.17051900495929945,64.52679322185062
astraea,astraea,Astraea,2,9,9,0.6007241857315514,0.5810828888250213,0.10184861853504631,0.0816230896949788,56.62984324414716
astraea,astraea,Astraea,2,10,10,0.9338476111440286,0.7575683151476401,0.6745973319502535,0.277386457713065,67.8434277257525
astraea,astraea,Astraea,2,11,11,0.8357885142437871,0.5997296645849812,0.44718330599392964,0.10074181314719931,76.04896787068004
astraea,astraea,Astraea,2,12,12,0.8340176102905683,0.6064404648622987,0.4054564648300341,0.10767452954409215,84.45643104236345
astraea,astraea,Astraea,2,13,13,0.9813984964365337,0.9122694721826252,0.8777438234250324,0.5266830581966815,67.25888039576365
astraea,astraea,Astraea,2,14,14,0.9160043574732045,0.867062178866166,0.5565333579384251,0.4372351996183738,70.76272104793757
astraea,astraea,Astraea,2,15,15,0.8859408894907548,0.7694505310668968,0.5075430347365959,0.2925044164137709,56.65966443701227
astraea,astraea,Astraea,2,16,16,0.9512865713796661,0.9416927200353143,0.6583955835230709,0.6014970501673444,56.22925073021182
astraea,astraea,Astraea,2,17,17,0.9592454313505476,0.7887684070482468,0.7957798146604073,0.3179630671523231,96.5530192251951
astraea,astraea,Astraea,2,18,18,0.8008980773979375,0.629010517858391,0.3408627268384268,0.13123232737103144,94.1927973076923
astraea,astraea,Astraea,2,19,19,0.9726124836755603,0.8578637147505445,0.8203369907496914,0.42141778840408395,77.17047032887403
astraea,astraea,Astraea,2,20,20,0.9273124629317798,0.9135084372714773,0.5841211634659159,0.5294002775825525,69.76192614269787
astraea,astraea,Astraea,2,21,21,0.8027222008133403,0.6719818108649466,0.35759406418369355,0.17739383288185953,62.78430484392419
astraea,astraea,Astraea,2,22,22,0.9194081671345548,0.9109756484119172,0.5612455084149378,0.5236833739502447,65.85070505016722
astraea,astraea,Astraea,2,23,23,0.9797974290567477,0.9494609703991266,0.8737232373995569,0.6273915029048697,57.82769450947604
astraea,astraea,Astraea,2,24,24,0.5875557116071474,0.5504424002678756,0.08841067401782775,0.05057140504238799,61.32453981047938
astraea,astraea,Astraea,2,25,25,0.819838845517038,0.6816039780265836,0.379489179001641,0.18802424706437518,67.72238201783725
astraea,astraea,Astraea,2,26,26,0.9756260457789855,0.9645014260632678,0.7869649917826731,0.6780699844471731,60.32499924191751
astraea,astraea,Astraea,2,27,27,0.5749379747330939,0.5489349649388356,0.0754299372523662,0.049052710706514555,73.29440545707915
astraea,astraea,Astraea,2,28,28,0.8819514739461916,0.6383073531336623,0.4997992882224542,0.14106160014425456,65.4655238851728
astraea,astraea,Astraea,2,29,29,0.9434207639719754,0.8891604348547194,0.6314017370805253,0.47812321419546217,66.77569167224081
astraea,astraea,Astraea,2,30,30,0.8310425420708158,0.7807912837619453,0.3889810968578798,0.3073088572275415,58.56949331103678
astraea,astraea,Astraea,2,31,31,0.9529669065948523,0.7533363243871366,0.6916126313267212,0.2720923608607058,59.34537247491639
astraea,astraea,Astraea,2,32,32,0.8566537170049497,0.7452098541890597,0.4318371700788927,0.26204824459069453,47.48525593088071
astraea,astraea,Astraea,2,33,33,0.9788746946889535,0.9588183524056852,0.8120050928663729,0.6631967331086766,62.15538971571907
astraea,astraea,Astraea,2,34,34,0.9473556077448058,0.8860375623159272,0.6651456829456988,0.47208166015450775,78.68577209587514
astraea,astraea,Astraea,2,35,35,0.9463243315773199,0.9274808436818658,0.642238504947408,0.5629595572114676,45.55862277591973
astraea,astraea,Astraea,2,36,36,0.8325538818165715,0.6453990929278698,0.4175276323579117,0.14861023344050547,62.81785642697882
astraea,astraea,Astraea,2,37,37,0.8850688841656995,0.8746319455227791,0.4785129548216849,0.4507502951606845,68.35130327759197
astraea,astraea,Astraea,2,38,38,0.976938350942892,0.9397883852552222,0.807231120238607,0.5985928422353138,71.47546001672241
astraea,astraea,Astraea,2,39,39,0.9327555484597091,0.7110813801300726,0.6794051578650258,0.221431062444879,89.69575697881828
astraea,astraea,Astraea,2,40,40,0.9409282223058333,0.7799906046289924,0.7086948916186414,0.3062517199944465,86.69808670568561
astraea,astraea,Astraea,2,41,41,0.9485992729947718,0.8476432738246578,0.6474778291877317,0.4045483986082075,71.46830385730212
astraea,astraea,Astraea,2,42,42,0.6549051098167695,0.6053204077317577,0.16031738414936816,0.10651532900307585,63.86530620401338
astraea,astraea,Astraea,2,43,43,0.9542709911984503,0.8863559111568429,0.6777808592561437,0.4726770759500474,75.64409331103678
astraea,astraea,Astraea,2,44,44,0.9306892282255573,0.8817325010006035,0.5962571917371536,0.4638730036520072,53.232758874024526
astraea,astraea,Astraea,2,45,45,0.790343796659076,0.7126377259343727,0.32435977864473337,0.22323422363919315,60.24067091973244
astraea,astraea,Astraea,2,46,46,0.9654897109427414,0.9122304292737881,0.7217187980590785,0.5265028837236065,73.86896431438126
astraea,astraea,Astraea,2,47,47,0.9824475391052677,0.9023650342306103,0.9033704928866516,0.5050485794372234,61.767555379041255
astraea,astraea,Astraea,2,48,48,0.9138816714380769,0.867235125350923,0.5550875135845946,0.43753864360100264,76.311925696767
astraea,astraea,Astraea,2,49,49,0.9740225378442896,0.9785729945176651,0.7587738015435312,0.7422004033162567,58.43980134336678
astraea,astraea,Astraea,2,50,50,0.8750846052899526,0.7821438830821864,0.46700966258329857,0.30910085139366356,86.00230162207357
astraea,astraea,Astraea,4,1,1,0.8894025088177875,0.7402031409664477,0.37356526831976083,0.19182243186989606,55.337277449832776
astraea,astraea,Astraea,4,2,2,0.9626508595913449,0.8550007226828994,0.656876673621702,0.2908095418456321,63.494949698996656
astraea,astraea,Astraea,4,3,3,0.9020926019962352,0.844774616979325,0.44901422646636413,0.34534394232058496,68.62926326365664
astraea,astraea,Astraea,4,4,4,0.9027565245638687,0.843792466675797,0.45303716701906666,0.21987959760181702,96.4796193896321
astraea,astraea,Astraea,4,5,5,0.6750422211148951,0.6148175222089487,0.05179254078512696,0.008473613290936762,122.45907218506132
astraea,astraea,Astraea,4,6,6,0.6160715374631163,0.41390476202435644,0.0657484429209002,0.01810742738442373,92.52916067447046
astraea,astraea,Astraea,4,7,7,0.5824397740759171,0.539767716006399,0.07327429346252919,0.04147356078053787,83.98857945373467
astraea,astraea,Astraea,4,8,8,0.6565017955254865,0.5828043752774847,0.06191213431337713,0.03770519414441574,71.58589107580825
astraea,astraea,Astraea,4,9,9,0.7943552089464927,0.7354071510703027,0.31678846523610354,0.25706860522266883,64.83601196767002
astraea,astraea,Astraea,4,10,10,0.8784311220044481,0.719518687497503,0.32570851817563656,0.15731391121964938,76.79499348662208
astraea,astraea,Astraea,4,11,11,0.8741465931749626,0.6820634245109977,0.4044017835968269,0.062383452735223534,96.19011144091414
astraea,astraea,Astraea,4,12,12,0.7003968971978375,0.6502780026235341,0.04531519612929383,0.02063151974040484,117.49764886287626
astraea,astraea,Astraea,4,13,13,0.624727582594854,0.5683783753082029,0.06770375129240326,0.02773256892894356,79.48185482441473
astraea,astraea,Astraea,4,14,14,0.8592187274455381,0.7124090240377229,0.36928456109027197,0.06941414765803669,81.06411826086956
astraea,astraea,Astraea,4,15,15,0.7322991106374406,0.6908100654332264,0.1338987090852465,0.10735799700641412,62.69751780100334
astraea,astraea,Astraea,4,16,16,0.7193124311331481,0.5029889220400772,0.20494231337653304,0.0723691247957343,80.16460074693423
astraea,astraea,Astraea,4,17,17,0.7487130506081169,0.5254823229113388,0.20435314525464301,0.06057243512604134,99.87828570234115
astraea,astraea,Astraea,4,18,18,0.6504732796861334,0.5107504514914012,0.17312563027679198,0.030972950696493536,136.51303853957637
astraea,astraea,Astraea,4,19,19,0.8779671899612553,0.7855627426536217,0.39283584354587103,0.09310073414141211,91.07514122630991
astraea,astraea,Astraea,4,20,20,0.7841264949150161,0.6345554273069528,0.25236834064834457,0.06611983468209391,79.52269489130435
astraea,astraea,Astraea,4,21,21,0.7427457177708631,0.5712560841413213,0.26151829301394885,0.04010333993869314,74.94972586120402
astraea,astraea,Astraea,4,22,22,0.9587785018082617,0.7901390090793355,0.6541773868750655,0.09479350235393988,74.6594342419175
astraea,astraea,Astraea,4,23,23,0.8809661644613269,0.7156305405901617,0.4177044499299352,0.05797586772291585,62.985738525641025
astraea,astraea,Astraea,4,24,24,0.6972066006841636,0.578187115159052,0.16737901768310362,0.05634738730925788,72.02977626254182
astraea,astraea,Astraea,4,25,25,0.8810756279163775,0.782429410263432,0.4107688586774439,0.16291716210942495,78.89384641583055
astraea,astraea,Astraea,4,26,26,0.8451984438871818,0.7518862798431188,0.2950033290503301,0.1476763420090735,69.62600191471572
astraea,astraea,Astraea,4,27,27,0.48277266662529966,0.42843477644366734,0.07519990790556735,0.04710828497540367,83.38209229096991
astraea,astraea,Astraea,4,28,28,0.9352569227358841,0.7182579667931371,0.5154586897602736,0.22543996986801856,73.86468073578595
astraea,astraea,Astraea,4,29,29,0.6846390885544495,0.6588813037664181,0.05744364381538328,0.040840367879402976,75.86180032329989
astraea,astraea,Astraea,4,30,30,0.5015771137433733,0.44121862475762513,0.07288936281206657,0.04371746643935941,67.76810404682274
astraea,astraea,Astraea,4,31,31,0.8558561649755203,0.5785585104279711,0.3962327468933445,0.13464325480018122,63.831881583054624
astraea,astraea,Astraea,4,32,32,0.752752103112878,0.7079946582919513,0.25428796436274154,0.20146241574315552,56.56332645206243
astraea,astraea,Astraea,4,33,33,0.7691093704649935,0.6955270726300199,0.07330928301471983,0.04531198081706193,64.06449275083612
astraea,astraea,Astraea,4,34,34,0.741885746358734,0.5826237918378736,0.23322350035569608,0.11550723249179141,79.46418210702342
astraea,astraea,Astraea,4,35,35,0.9216007228221464,0.8305159813094305,0.5159058125370516,0.3884727283463637,49.523056396321074
astraea,astraea,Astraea,4,36,36,0.5576746691181594,0.34487585533192383,0.17957408152486382,0.053841151882621244,62.600746546822734
astraea,astraea,Astraea,4,37,37,0.9657936497409558,0.9100134716568004,0.6129114945597963,0.4271066664702435,74.5428718812709
astraea,astraea,Astraea,4,38,38,0.9272695420188554,0.874742063681778,0.5011069734890483,0.3592146624583217,68.31033676142698
astraea,astraea,Astraea,4,39,39,0.8981699388705933,0.49572216821509646,0.47837463971771144,0.13168246676855994,84.97699949832776
astraea,astraea,Astraea,4,40,40,0.8816036419312269,0.7456943972182738,0.37861436603562937,0.17629932379848745,87.00015295150502
astraea,astraea,Astraea,4,41,41,0.6151170743687567,0.5075555775075583,0.12077419431916432,0.03512566818883875,78.30158626532887
astraea,astraea,Astraea,4,42,42,0.5202393189707186,0.4621599108081196,0.11401084317829463,0.06518686514461208,69.67934306856188
astraea,astraea,Astraea,4,43,43,0.7931847131323315,0.6491962967257684,0.28887627167597674,0.05369928757973901,77.2572676393534
astraea,astraea,Astraea,4,44,44,0.7991661769696018,0.6278884851137808,0.20055180521330757,0.09509410460311027,61.52761345317725
astraea,astraea,Astraea,4,45,45,0.6596963149327724,0.5481832950177604,0.13457674695027141,0.08673692200292168,70.72717716276478
astraea,astraea,Astraea,4,46,46,0.7135089145709055,0.5933213566465874,0.09473215057871794,0.05059620907077333,73.39672510033445
astraea,astraea,Astraea,4,47,47,0.5952971158699201,0.5493185410807649,0.090121436584503,0.04317024852305975,70.10743639910814
astraea,astraea,Astraea,4,48,48,0.6838361756657931,0.5334598732443603,0.122552401135766,0.04689820612395594,86.55265064659977
astraea,astraea,Astraea,4,49,49,0.7914915631714388,0.7578497072452648,0.1266359502648605,0.08148611257215774,61.6094603734671
astraea,astraea,Astraea,4,50,50,0.6663530717092259,0.4809841616111331,0.0684294014981333,0.04020242611479871,87.48419540691194
astraea,astraea,Astraea,5,1,1,0.8047114838787569,0.6746343705834918,0.13603480608297994,0.039967042911123574,57.710788367892974
astraea,astraea,Astraea,5,2,2,0.7012561772266329,0.5836723513835326,0.13640854388840967,0.0467056950331234,63.73847499442586
astraea,astraea,Astraea,5,3,3,0.8277851611584229,0.7580060907014917,0.30676187279696554,0.23227574315560284,71.63622751839463
astraea,astraea,Astraea,5,4,4,0.8479749340907596,0.7282542248703756,0.35729061629528486,0.19224979504570708,92.59404844593087
astraea,astraea,Astraea,5,5,5,0.4316850420490897,0.27518381938126474,0.08249705695284211,0.013584923781445985,89.94910135117058
astraea,astraea,Astraea,5,6,6,0.5958419429823952,0.483791549683975,0.04483611065661526,0.013298898059843241,94.41411737569676
astraea,astraea,Astraea,5,7,7,0.30659971793311164,0.28445956173472425,0.03197266893656303,0.020086003313138964,78.54678891415831
astraea,astraea,Astraea,5,8,8,0.6077538969599635,0.5285100134611673,0.07038757939554587,0.03976251613784575,68.96224259754739
astraea,astraea,Astraea,5,9,9,0.6760028730350758,0.6026914334090934,0.13930064428008024,0.09382828562200726,64.97216990635452
astraea,astraea,Astraea,5,10,10,0.5893753678693809,0.4414921642412153,0.07344995514024345,0.03148696959168208,74.94776421850614
astraea,astraea,Astraea,5,11,11,0.7958735338851223,0.7271023256969954,0.08328112275544933,0.03740725880618972,95.59215067558527
astraea,astraea,Astraea,5,12,12,0.4497476142294908,0.32169185359788927,0.06486668287366819,0.027075307467430962,110.83034637904125
astraea,astraea,Astraea,5,13,13,0.4595869594875857,0.3244447142467983,0.06402850050991742,0.014667288949572156,78.80973907246377
astraea,astraea,Astraea,5,14,14,0.582932566983583,0.53565227446022,0.08062033891645053,0.046657667958801496,86.46295294537346
astraea,astraea,Astraea,5,15,15,0.680796123576813,0.6071611400760528,0.15413174475233624,0.08568922935899786,59.68595926198439
astraea,astraea,Astraea,5,16,16,0.7696049656837929,0.6598242045491662,0.28511959214618277,0.19321738268106556,72.54193631438126
astraea,astraea,Astraea,5,17,17,0.6723440992422772,0.5803681961746409,0.03589659552407978,0.020007309006333584,120.00605437012261
astraea,astraea,Astraea,5,18,18,0.5798905476292989,0.5364547161211438,0.02192353779867408,0.013504860996792933,133.3285683812709
astraea,astraea,Astraea,5,19,19,0.7365927872724162,0.634240976397826,0.13465374414055448,0.06532510592455756,98.63855837904126
astraea,astraea,Astraea,5,20,20,0.6216660848131924,0.5097744964247335,0.05715835101018663,0.04666850359358664,77.82682467558529
astraea,astraea,Astraea,5,21,21,0.5082903164950139,0.35080262541815443,0.05617706416355651,0.020714875417939264,69.6167489632107
astraea,astraea,Astraea,5,22,22,0.7749542381061455,0.6762061365355952,0.20883775898848128,0.08322775066647285,65.9807090167224
astraea,astraea,Astraea,5,23,23,0.6581223761468735,0.5898303017512428,0.0961392943995145,0.056735902895662924,61.7651959509476
astraea,astraea,Astraea,5,24,24,0.701345623737628,0.5246015886358714,0.14092616748908554,0.04681044359398708,76.47477191973243
astraea,astraea,Astraea,5,25,25,0.9320168600170778,0.7366880699041469,0.5169973584330667,0.19163382173147844,79.35666941360088
astraea,astraea,Astraea,5,26,26,0.9006442242477006,0.7038545938832682,0.40673361973895855,0.1378654980781464,71.46481593756968
astraea,astraea,Astraea,5,27,27,0.5600192746770369,0.3287476885280726,0.0799627541793314,0.04835171868234266,96.28245572798217
astraea,astraea,Astraea,5,28,28,0.7563642165173563,0.617870778869353,0.24253457284921903,0.09842263105407059,70.35116989520625
astraea,astraea,Astraea,5,29,29,0.7416580781820197,0.666020720520808,0.15585269556100487,0.08926840045725912,75.35577804236343
astraea,astraea,Astraea,5,30,30,0.6217402708697832,0.5598333270907357,0.07673234424583991,0.04951741262273504,65.66742723522853
astraea,astraea,Astraea,5,31,31,0.7858682728199864,0.6299327608800181,0.26318683978163915,0.08039938389606298,65.8765059264214
astraea,astraea,Astraea,5,32,32,0.665638174362093,0.592512382181098,0.11854240685967336,0.060803027877018134,51.715297362318836
astraea,astraea,Astraea,5,33,33,0.6227032740319389,0.30588719660819624,0.15028646582363042,0.03125076315770693,68.17280220066888
astraea,astraea,Astraea,5,34,34,0.7143939820611364,0.5348426039290616,0.11036852273049788,0.061502504766041015,79.02837255964326
astraea,astraea,Astraea,5,35,35,0.7920052331247027,0.524674942631553,0.22209576995910438,0.08316542928780442,64.31302527090301
astraea,astraea,Astraea,5,36,36,0.6265062236921062,0.39149263404167356,0.1303569659170916,0.039430975032109954,62.840295966555175
astraea,astraea,Astraea,5,37,37,0.6589935583032673,0.4549765048010587,0.08714782170634387,0.03258978071394888,89.16098732887403
astraea,astraea,Astraea,5,38,38,0.44259769729122556,0.3297621925717586,0.04763171800406993,0.037701899888043997,69.54333643701226
astraea,astraea,Astraea,5,39,39,0.6235764897090293,0.4557860069632649,0.09826100898353786,0.03534052086312681,90.51870604013378
astraea,astraea,Astraea,5,40,40,0.6048084592535311,0.4174140137404789,0.09775901647413177,0.05954582731374194,94.64477956075808
astraea,astraea,Astraea,5,41,41,0.5826287020278869,0.33549802080582164,0.1475768387204031,0.04544642223946885,68.99565072240803
astraea,astraea,Astraea,5,42,42,0.49088584299423094,0.32690982776829003,0.07274643242314567,0.04535913362864952,73.18948846153846
astraea,astraea,Astraea,5,43,43,0.597232012593008,0.4592630929403477,0.05854121809022424,0.0282046515248077,76.9870774916388
astraea,astraea,Astraea,5,44,44,0.648857307733277,0.48030351784238495,0.14213539217936985,0.07695744258921608,71.56419377926422
astraea,astraea,Astraea,5,45,45,0.5081160859863278,0.3735999993759667,0.07573334130685104,0.030109458162956605,85.38182195763656
astraea,astraea,Astraea,5,46,46,0.7110021498172555,0.5406624342011864,0.16418666268516402,0.04863533063104541,77.17501577926421
astraea,astraea,Astraea,5,47,47,0.8019289230255279,0.628928185759177,0.26092149894332056,0.05287577388657766,79.67318041694537
astraea,astraea,Astraea,5,48,48,0.5581117561786706,0.43409455770083905,0.09515070991427783,0.04581842723040244,117.64053834782608
astraea,astraea,Astraea,5,49,49,0.8625135326625953,0.7378534315777092,0.2621796299111685,0.13574964096753206,68.66934310590858
astraea,astraea,Astraea,5,50,50,0.6593559187137629,0.4588354077842613,0.12191278704831572,0.050248807808494084,108.50281715050167
astraea,astraea,Astraea,7,1,1,0.8553901975621303,0.5578391259403784,0.331340923746416,0.05591991432024809,62.46883353718744
astraea,astraea,Astraea,7,2,2,0.8597542106180954,0.6458252909014707,0.40113259786748917,0.11313032474116433,74.68480970218187
astraea,astraea,Astraea,7,3,3,0.6608433397754437,0.420206801246227,0.16793772970550525,0.06626234689554247,72.2740939799331
astraea,astraea,Astraea,7,4,4,0.6605684384919164,0.519150043307746,0.07762403866999411,0.05140789810338617,110.47001494824015
astraea,astraea,Astraea,7,5,5,0.5245908201184132,0.36680009440470573,0.08258076055094264,0.0018814702080440112,123.04020430482561
astraea,astraea,Astraea,7,6,6,0.5085979897391512,0.2941414494371354,0.05590855988866316,0.005471923962828706,91.02377824972129
astraea,astraea,Astraea,7,7,7,0.6243101114786792,0.4827482673075203,0.18026150731354568,0.11517539318037302,66.28030137920052
astraea,astraea,Astraea,7,8,8,0.5186172116152864,0.34698175962209543,0.03881923167329223,0.0025102567572279715,80.61959680363115
astraea,astraea,Astraea,7,9,9,0.41576366624503086,0.31421167818722656,0.06771080782168665,0.05435504633550756,69.15168763975156
astraea,astraea,Astraea,7,10,10,0.5523871320038695,0.47014720582580305,0.10911610335131842,0.07894418752035501,59.13921949354993
astraea,astraea,Astraea,7,11,11,0.6480239638996863,0.37403795988691796,0.12754616118956036,0.04608922445935269,100.90029418219463
astraea,astraea,Astraea,7,12,12,0.5784181059493446,0.3450515073048804,0.07091090505433624,0.0027528836748491993,118.47635478579392
astraea,astraea,Astraea,7,13,13,0.5127265010871309,0.3778004024338334,0.06855280993658561,0.031788258169526074,82.41966160375857
astraea,astraea,Astraea,7,14,14,0.5627207741827406,0.4915642285140309,0.05190669450346249,0.025912255793233592,87.57087446090142
astraea,astraea,Astraea,7,15,15,0.6537590261094391,0.5151341380583818,0.173307001363613,0.0908392799013414,58.69849198757764
astraea,astraea,Astraea,7,16,16,0.658406567493804,0.4906590037161819,0.15828051335230944,0.06530419300239483,75.15194035833731
astraea,astraea,Astraea,7,17,17,0.4099497883261564,0.2717709174496515,0.03332593929606819,0.009579925468860852,106.69906860168817
astraea,astraea,Astraea,7,18,18,0.7644499464299895,0.5865093024982939,0.16770332541776214,0.059794951333075996,108.9233339767479
astraea,astraea,Astraea,7,19,19,0.751097747861991,0.6705562996034781,0.08300211335540658,0.03182454634182735,100.52680582258323
astraea,astraea,Astraea,7,20,20,0.6493438734019048,0.5784504461467266,0.06225653365782617,0.04509191742767475,81.91953700907789
astraea,astraea,Astraea,7,21,21,0.6925755204944188,0.5359659195336692,0.1369969737965997,0.028653046472722356,78.00813082815736
astraea,astraea,Astraea,7,22,22,0.7438250701179713,0.6720477065418188,0.08380235388198837,0.049849296063178124,78.3983050772416
astraea,astraea,Astraea,7,23,23,0.843086843320956,0.5873904395490988,0.27306844136999364,0.0645912459961464,80.6695733731486
astraea,astraea,Astraea,7,24,24,0.7999980284164951,0.5124902823647912,0.13122010826775907,0.05707306932863325,86.31179358337316
astraea,astraea,Astraea,7,25,25,0.8310831413573887,0.5608668363445344,0.24356859598413239,0.09201228991085503,84.9108567654085
astraea,astraea,Astraea,7,26,26,0.7814890399032071,0.5871444677279424,0.16482697428096602,0.08505393520507748,76.74045046822742
astraea,astraea,Astraea,7,27,27,0.5748516377769413,0.43122348709609193,0.05485753990414632,0.03419088448460192,116.56321388596909
astraea,astraea,Astraea,7,28,28,0.6078826642956359,0.28903695504423504,0.07225738582991842,0.033104637389810024,94.26829564102563
astraea,astraea,Astraea,7,29,29,0.5202033051384373,0.34356876402601755,0.080287621515407,0.04468203241457246,87.98270718904284
astraea,astraea,Astraea,7,30,30,0.5390531985371818,0.43353248473931755,0.07093400207181635,0.030083405793584355,70.83997370600414
astraea,astraea,Astraea,7,31,31,0.917518352214918,0.8328263714554622,0.4548172642366167,0.22634453151788872,71.81050507564899
astraea,astraea,Astraea,7,32,32,0.8070578855576764,0.6665495032608189,0.30837968915751374,0.15931111667485937,61.956413908265645
astraea,astraea,Astraea,7,33,33,0.8484168817654821,0.6802524281846749,0.31488590194689886,0.04661438222952229,77.40349315177575
astraea,astraea,Astraea,7,34,34,0.6769238821905776,0.5657120523595662,0.12108310046811499,0.0642777899073806,79.45441755852843
astraea,astraea,Astraea,7,35,35,0.8072887690805353,0.5119478941366274,0.22353849586159225,0.043820952378052676,66.85897020385413
astraea,astraea,Astraea,7,36,36,0.3941255082304375,0.20670870986915502,0.012843811029377764,0.0016900562350749796,66.26716478897913
astraea,astraea,Astraea,7,37,37,0.7277116176978905,0.48809746162328976,0.16781550328864878,0.06281999593861151,93.23673535435579
astraea,astraea,Astraea,7,38,38,0.5678989219597418,0.40779682821316404,0.0714216432242389,0.030565428858214515,85.13194074852684
astraea,astraea,Astraea,7,39,39,0.4801027387570203,0.4048385808146106,0.062195105897518865,0.03441545810794016,96.68724980251632
astraea,astraea,Astraea,7,40,40,0.7514653880256366,0.6125491527438094,0.11998974064472011,0.05072697601275351,106.10226623506928
astraea,astraea,Astraea,7,41,41,0.6718869145112214,0.5634616561406567,0.17541060108544124,0.08799316283237356,74.00904569198917
astraea,astraea,Astraea,7,42,42,0.3865360970262151,0.28971750260110285,0.05254887309773881,0.027669911147946268,73.38017628284759
astraea,astraea,Astraea,7,43,43,0.6881845970965367,0.5585317670787022,0.17634182129834552,0.11017932297702815,88.988472353878
astraea,astraea,Astraea,7,44,44,0.691126991580897,0.6383644268505984,0.09110072718470419,0.06130247530511537,64.70072697881828
astraea,astraea,Astraea,7,45,45,0.7939783797985537,0.6316300295593316,0.2701299488704984,0.09962205730575209,82.2047158337315
astraea,astraea,Astraea,7,46,46,0.584103621523379,0.43026201564578553,0.08163985108169287,0.05851943206814461,72.14923296544036
astraea,astraea,Astraea,7,47,47,0.7190746039962902,0.6119896014905908,0.09906981975058779,0.03843022722729089,80.16405971651537
astraea,astraea,Astraea,7,48,48,0.5843429838369077,0.4269922914085598,0.10435255871318476,0.04715200077164175,78.32916115464248
astraea,astraea,Astraea,7,49,49,0.7619926042251738,0.5761749018190128,0.16425667292120624,0.08325194789373676,68.48377324573978
astraea,astraea,Astraea,7,50,50,0.6542668249775754,0.5656857227503351,0.07317531001267066,0.03875394200943952,89.44681164835164
ma_dreamer_20260615-022803,ma_dreamer_20260615-022803,MA-Dreamer / Tempest / Team fairness + credit + 0.995 gamma,2,1,1,0.9749218320966868,0.9231113007664533,0.8160520365015198,0.55207159921149,41.442021021988765
ma_dreamer_20260615-022803,ma_dreamer_20260615-022803,MA-Dreamer / Tempest / Team fairness + credit + 0.995 gamma,2,2,2,0.9758766444850653,0.9069977371682346,0.8082483389161339,0.5149086842267458,54.7685886556705
ma_dreamer_20260615-022803,ma_dreamer_20260615-022803,MA-Dreamer / Tempest / Team fairness + credit + 0.995 gamma,2,3,3,0.9793216627967118,0.9195719190146509,0.8407598165486113,0.5435590518014111,55.12820223287114
ma_dreamer_20260615-022803,ma_dreamer_20260615-022803,MA-Dreamer / Tempest / Team fairness + credit + 0.995 gamma,2,4,4,0.9763317110630748,0.8967920898719207,0.7984674306193843,0.4933841591449297,54.08166090744254
ma_dreamer_20260615-022803,ma_dreamer_20260615-022803,MA-Dreamer / Tempest / Team fairness + credit + 0.995 gamma,2,5,5,0.9469860261407691,0.8562186565812645,0.6769451968943363,0.41865396617299866,51.998535516235435
ma_dreamer_20260615-022803,ma_dreamer_20260615-022803,MA-Dreamer / Tempest / Team fairness + credit + 0.995 gamma,2,6,6,0.9676172041293739,0.904177059041824,0.744359485642718,0.5088161158614042,64.66478835637025
ma_dreamer_20260615-022803,ma_dreamer_20260615-022803,MA-Dreamer / Tempest / Team fairness + credit + 0.995 gamma,2,7,7,0.9681291763991419,0.9146994956424879,0.7511413625167727,0.5321246175353329,54.25647752048803
ma_dreamer_20260615-022803,ma_dreamer_20260615-022803,MA-Dreamer / Tempest / Team fairness + credit + 0.995 gamma,2,8,8,0.9662698596227286,0.8117646965259513,0.7686891976812308,0.3499448042605228,53.34190798733266
ma_dreamer_20260615-022803,ma_dreamer_20260615-022803,MA-Dreamer / Tempest / Team fairness + credit + 0.995 gamma,2,9,9,0.9729831956062601,0.9089951373679316,0.7745453213155834,0.5192936538550579,53.354689944332065
ma_dreamer_20260615-022803,ma_dreamer_20260615-022803,MA-Dreamer / Tempest / Team fairness + credit + 0.995 gamma,2,10,10,0.9729362081277328,0.9157116210093623,0.790441102644488,0.5344613795260185,53.11138149750602
ma_dreamer_20260615-022803,ma_dreamer_20260615-022803,MA-Dreamer / Tempest / Team fairness + credit + 0.995 gamma,2,11,11,0.9765633048695826,0.9276023243597612,0.7938821872305188,0.5632752649441335,61.2125589816216
ma_dreamer_20260615-022803,ma_dreamer_20260615-022803,MA-Dreamer / Tempest / Team fairness + credit + 0.995 gamma,2,12,12,0.9516697666920078,0.8444454539974898,0.7002584652050088,0.39938880059235,59.640646656185936
ma_dreamer_20260615-022803,ma_dreamer_20260615-022803,MA-Dreamer / Tempest / Team fairness + credit + 0.995 gamma,2,13,13,0.9603688262470704,0.850861827012649,0.7385592885312295,0.4097778404676889,56.608884527262965
ma_dreamer_20260615-022803,ma_dreamer_20260615-022803,MA-Dreamer / Tempest / Team fairness + credit + 0.995 gamma,2,14,14,0.972831533711762,0.9036493420519613,0.7884111483475185,0.5076927974690947,57.68416505307843
ma_dreamer_20260615-022803,ma_dreamer_20260615-022803,MA-Dreamer / Tempest / Team fairness + credit + 0.995 gamma,2,15,15,0.9773468039126854,0.8986474986298896,0.814092316310759,0.497209683002499,55.953029421714774
ma_dreamer_20260615-022803,ma_dreamer_20260615-022803,MA-Dreamer / Tempest / Team fairness + credit + 0.995 gamma,2,16,16,0.9710590059075384,0.9082905148175496,0.7734875525223591,0.5177886567896456,50.72454382785028
ma_dreamer_20260615-022803,ma_dreamer_20260615-022803,MA-Dreamer / Tempest / Team fairness + credit + 0.995 gamma,2,17,17,0.9808697116986888,0.9441470682686445,0.8063124582140775,0.6087285369214634,62.120269915906775
ma_dreamer_20260615-022803,ma_dreamer_20260615-022803,MA-Dreamer / Tempest / Team fairness + credit + 0.995 gamma,2,18,18,0.972813567621469,0.8950194884611651,0.7946268974408675,0.48977766921307203,65.85685067290899
ma_dreamer_20260615-022803,ma_dreamer_20260615-022803,MA-Dreamer / Tempest / Team fairness + credit + 0.995 gamma,2,19,19,0.966947711038549,0.8729311221245563,0.7676837275695151,0.44767002871381684,53.753589974604424
ma_dreamer_20260615-022803,ma_dreamer_20260615-022803,MA-Dreamer / Tempest / Team fairness + credit + 0.995 gamma,2,20,20,0.9619472098602125,0.8661472160622425,0.743958041331361,0.43563674112070533,57.08284626651202
ma_dreamer_20260615-022803,ma_dreamer_20260615-022803,MA-Dreamer / Tempest / Team fairness + credit + 0.995 gamma,2,21,21,0.9631704468221332,0.8857911049702105,0.7417774802438286,0.47159047533284804,56.520853959699
ma_dreamer_20260615-022803,ma_dreamer_20260615-022803,MA-Dreamer / Tempest / Team fairness + credit + 0.995 gamma,2,22,22,0.9782359478030209,0.9286159516241823,0.8134934468572055,0.5658563643719604,57.40896392066408
ma_dreamer_20260615-022803,ma_dreamer_20260615-022803,MA-Dreamer / Tempest / Team fairness + credit + 0.995 gamma,2,23,23,0.985829774654959,0.9592199213344796,0.865489173655637,0.6581153792054383,53.43121695042989
ma_dreamer_20260615-022803,ma_dreamer_20260615-022803,MA-Dreamer / Tempest / Team fairness + credit + 0.995 gamma,2,24,24,0.9704679533138714,0.8320158283954135,0.8180666414459472,0.37994585212896975,52.816182890581835
ma_dreamer_20260615-022803,ma_dreamer_20260615-022803,MA-Dreamer / Tempest / Team fairness + credit + 0.995 gamma,2,25,25,0.9711242165749843,0.8906785366882095,0.7836998848812076,0.4811065975891045,62.59733621084855
ma_dreamer_20260615-022803,ma_dreamer_20260615-022803,MA-Dreamer / Tempest / Team fairness + credit + 0.995 gamma,2,26,26,0.9817864194945823,0.9343834235908163,0.8196919017149852,0.5810899955010133,57.10852533785253
ma_dreamer_20260615-022803,ma_dreamer_20260615-022803,MA-Dreamer / Tempest / Team fairness + credit + 0.995 gamma,2,27,27,0.9602506973715069,0.8658263492589263,0.7111406335082923,0.4350932780167236,68.61805947377601
ma_dreamer_20260615-022803,ma_dreamer_20260615-022803,MA-Dreamer / Tempest / Team fairness + credit + 0.995 gamma,2,28,28,0.976696443321437,0.9323838289543115,0.8136341179326355,0.5756820750248466,50.700916230834274
ma_dreamer_20260615-022803,ma_dreamer_20260615-022803,MA-Dreamer / Tempest / Team fairness + credit + 0.995 gamma,2,29,29,0.959875288536852,0.8753243979289771,0.7190651330167193,0.452007235418402,61.72365264064955
ma_dreamer_20260615-022803,ma_dreamer_20260615-022803,MA-Dreamer / Tempest / Team fairness + credit + 0.995 gamma,2,30,30,0.9469054346423373,0.8373374837063443,0.6858619196981077,0.3881797136886375,58.0217429604965
ma_dreamer_20260615-022803,ma_dreamer_20260615-022803,MA-Dreamer / Tempest / Team fairness + credit + 0.995 gamma,2,31,31,0.9685293322603428,0.846357751783102,0.7958189670350934,0.4024620535796512,53.535859522388535
ma_dreamer_20260615-022803,ma_dreamer_20260615-022803,MA-Dreamer / Tempest / Team fairness + credit + 0.995 gamma,2,32,32,0.9732519643971368,0.9079153925217744,0.7736730787858009,0.5169086502313305,39.470867151417835
ma_dreamer_20260615-022803,ma_dreamer_20260615-022803,MA-Dreamer / Tempest / Team fairness + credit + 0.995 gamma,2,33,33,0.9514986962736284,0.7817331425485167,0.7311836206108975,0.3085560874045172,54.409302100217936
ma_dreamer_20260615-022803,ma_dreamer_20260615-022803,MA-Dreamer / Tempest / Team fairness + credit + 0.995 gamma,2,34,34,0.9676626417127722,0.9028591743459901,0.7660777659433716,0.5060095064604487,63.88319895477987
ma_dreamer_20260615-022803,ma_dreamer_20260615-022803,MA-Dreamer / Tempest / Team fairness + credit + 0.995 gamma,2,35,35,0.9733747459025106,0.8877477395264307,0.8001748337592632,0.47536948681021457,39.364600929720616
ma_dreamer_20260615-022803,ma_dreamer_20260615-022803,MA-Dreamer / Tempest / Team fairness + credit + 0.995 gamma,2,36,36,0.9792560613101394,0.9129043438278912,0.8335915382644359,0.5281089480755288,56.005960173257314
ma_dreamer_20260615-022803,ma_dreamer_20260615-022803,MA-Dreamer / Tempest / Team fairness + credit + 0.995 gamma,2,37,37,0.9596489380101527,0.7927540852445739,0.7483531575717084,0.3233758329871098,65.36467104416397
ma_dreamer_20260615-022803,ma_dreamer_20260615-022803,MA-Dreamer / Tempest / Team fairness + credit + 0.995 gamma,2,38,38,0.9790592088630774,0.9210417807283582,0.8217993593029985,0.5470396684167611,68.41631890427922
ma_dreamer_20260615-022803,ma_dreamer_20260615-022803,MA-Dreamer / Tempest / Team fairness + credit + 0.995 gamma,2,39,39,0.9698447963389072,0.8751679084242862,0.7679633644321897,0.4517219948224733,73.85527065170149
ma_dreamer_20260615-022803,ma_dreamer_20260615-022803,MA-Dreamer / Tempest / Team fairness + credit + 0.995 gamma,2,40,40,0.979442540097757,0.9365787741497894,0.8086543571681672,0.5870600979576791,60.90373058724247
ma_dreamer_20260615-022803,ma_dreamer_20260615-022803,MA-Dreamer / Tempest / Team fairness + credit + 0.995 gamma,2,41,41,0.9541428749996229,0.8279241938236889,0.7104399401353306,0.37373215431020096,59.019075885131315
ma_dreamer_20260615-022803,ma_dreamer_20260615-022803,MA-Dreamer / Tempest / Team fairness + credit + 0.995 gamma,2,42,42,0.9655922757787168,0.9120478840450849,0.7353663968913977,0.526091219234583,55.38475564714687
ma_dreamer_20260615-022803,ma_dreamer_20260615-022803,MA-Dreamer / Tempest / Team fairness + credit + 0.995 gamma,2,43,43,0.9667277377137358,0.8582075298135383,0.7774839894768364,0.4221576664989759,52.36815161238381
ma_dreamer_20260615-022803,ma_dreamer_20260615-022803,MA-Dreamer / Tempest / Team fairness + credit + 0.995 gamma,2,44,44,0.9668888806934027,0.9052420578455943,0.7643912165511598,0.5111343790918442,51.79184116721401
ma_dreamer_20260615-022803,ma_dreamer_20260615-022803,MA-Dreamer / Tempest / Team fairness + credit + 0.995 gamma,2,45,45,0.97028104664889,0.8840100547815145,0.7799155226606694,0.46832455461595646,52.8000112264405
ma_dreamer_20260615-022803,ma_dreamer_20260615-022803,MA-Dreamer / Tempest / Team fairness + credit + 0.995 gamma,2,46,46,0.9661137793073885,0.8487107845577418,0.7740462766637126,0.4062752212018701,64.33922294724454
ma_dreamer_20260615-022803,ma_dreamer_20260615-022803,MA-Dreamer / Tempest / Team fairness + credit + 0.995 gamma,2,47,47,0.9707581984934537,0.9315172422623847,0.7868791698391596,0.573392446272336,56.828224570445464
ma_dreamer_20260615-022803,ma_dreamer_20260615-022803,MA-Dreamer / Tempest / Team fairness + credit + 0.995 gamma,2,48,48,0.9655020398500513,0.9027493116959234,0.764120642245242,0.5058497868779696,64.85484401180645
ma_dreamer_20260615-022803,ma_dreamer_20260615-022803,MA-Dreamer / Tempest / Team fairness + credit + 0.995 gamma,2,49,49,0.974533865490121,0.9003203657319647,0.8264916355657823,0.5006683374852868,57.266133055695185
ma_dreamer_20260615-022803,ma_dreamer_20260615-022803,MA-Dreamer / Tempest / Team fairness + credit + 0.995 gamma,2,50,50,0.955408273008713,0.8373077343798483,0.7382537874031245,0.3883586282762618,72.00022288399646
ma_dreamer_20260615-022803,ma_dreamer_20260615-022803,MA-Dreamer / Tempest / Team fairness + credit + 0.995 gamma,4,1,1,0.9640724203741132,0.8074810894810952,0.6834511145675378,0.3067207529189389,54.092790780643874
ma_dreamer_20260615-022803,ma_dreamer_20260615-022803,MA-Dreamer / Tempest / Team fairness + credit + 0.995 gamma,4,2,2,0.9813661215864155,0.9216453845294368,0.7553634950868138,0.45520577250548067,57.86319744921501
ma_dreamer_20260615-022803,ma_dreamer_20260615-022803,MA-Dreamer / Tempest / Team fairness + credit + 0.995 gamma,4,3,3,0.945803248457992,0.769136685423474,0.6021432979223336,0.27293967247195045,56.67640268775628
ma_dreamer_20260615-022803,ma_dreamer_20260615-022803,MA-Dreamer / Tempest / Team fairness + credit + 0.995 gamma,4,4,4,0.9704816676524219,0.9034806256012944,0.6876748620929706,0.42046806549304244,60.296425525387384
ma_dreamer_20260615-022803,ma_dreamer_20260615-022803,MA-Dreamer / Tempest / Team fairness + credit + 0.995 gamma,4,5,5,0.9569038872827998,0.8407135271269028,0.6344578361364926,0.3418160967975868,63.84157764443458
ma_dreamer_20260615-022803,ma_dreamer_20260615-022803,MA-Dreamer / Tempest / Team fairness + credit + 0.995 gamma,4,6,6,0.9368719591690042,0.809909490487502,0.5712604213407546,0.29089207983062787,79.59908160817528
ma_dreamer_20260615-022803,ma_dreamer_20260615-022803,MA-Dreamer / Tempest / Team fairness + credit + 0.995 gamma,4,7,7,0.9465332352206599,0.8503239485730771,0.5859376754934635,0.30972438057221774,58.75842701071253
ma_dreamer_20260615-022803,ma_dreamer_20260615-022803,MA-Dreamer / Tempest / Team fairness + credit + 0.995 gamma,4,8,8,0.9564559823192269,0.8236355585357701,0.6450460577273249,0.305603590469062,71.25928216767193
ma_dreamer_20260615-022803,ma_dreamer_20260615-022803,MA-Dreamer / Tempest / Team fairness + credit + 0.995 gamma,4,9,9,0.9582651392572078,0.8505669502468354,0.6532845814534972,0.33016037646679713,64.96435591732109
ma_dreamer_20260615-022803,ma_dreamer_20260615-022803,MA-Dreamer / Tempest / Team fairness + credit + 0.995 gamma,4,10,10,0.956997552917804,0.8691714593555163,0.6324849295024301,0.3579632177421305,55.96954063615145
ma_dreamer_20260615-022803,ma_dreamer_20260615-022803,MA-Dreamer / Tempest / Team fairness + credit + 0.995 gamma,4,11,11,0.9534732469033997,0.8553970119061552,0.6285518788092879,0.2825641839410114,68.01387644501244
ma_dreamer_20260615-022803,ma_dreamer_20260615-022803,MA-Dreamer / Tempest / Team fairness + credit + 0.995 gamma,4,12,12,0.9332644123877242,0.7848474664493249,0.5644837601994404,0.27655126751193465,66.61229316643549
ma_dreamer_20260615-022803,ma_dreamer_20260615-022803,MA-Dreamer / Tempest / Team fairness + credit + 0.995 gamma,4,13,13,0.9363823740070291,0.8131497744946019,0.6017742521158389,0.3333860148819345,62.38883956903419
ma_dreamer_20260615-022803,ma_dreamer_20260615-022803,MA-Dreamer / Tempest / Team fairness + credit + 0.995 gamma,4,14,14,0.9353258217901278,0.8000714326951576,0.5995642240328592,0.2692767579610837,61.4322607260168
ma_dreamer_20260615-022803,ma_dreamer_20260615-022803,MA-Dreamer / Tempest / Team fairness + credit + 0.995 gamma,4,15,15,0.9595378126800775,0.8718829021271574,0.6615030944022601,0.41629484337768774,57.43255134109452
ma_dreamer_20260615-022803,ma_dreamer_20260615-022803,MA-Dreamer / Tempest / Team fairness + credit + 0.995 gamma,4,16,16,0.9376260600361477,0.776217751618653,0.583195148274254,0.30628379690259555,64.54514859512958
ma_dreamer_20260615-022803,ma_dreamer_20260615-022803,MA-Dreamer / Tempest / Team fairness + credit + 0.995 gamma,4,17,17,0.9424424380348423,0.6063876526664955,0.6157671502586733,0.043245403687270687,63.657812128658776
ma_dreamer_20260615-022803,ma_dreamer_20260615-022803,MA-Dreamer / Tempest / Team fairness + credit + 0.995 gamma,4,18,18,0.9450273690067991,0.7911934617392955,0.6058206094219429,0.12883561405749028,68.11956448873326
ma_dreamer_20260615-022803,ma_dreamer_20260615-022803,MA-Dreamer / Tempest / Team fairness + credit + 0.995 gamma,4,19,19,0.9387277706125617,0.7676057789135644,0.5750614273083163,0.09037618780959161,57.75299133252804
ma_dreamer_20260615-022803,ma_dreamer_20260615-022803,MA-Dreamer / Tempest / Team fairness + credit + 0.995 gamma,4,20,20,0.930351645695089,0.7786484173885212,0.5345176111611937,0.10288809794560562,63.23296702019761
ma_dreamer_20260615-022803,ma_dreamer_20260615-022803,MA-Dreamer / Tempest / Team fairness + credit + 0.995 gamma,4,21,21,0.933378394090294,0.7729255612430652,0.5646413848167426,0.11540639314926937,60.689334418530734
ma_dreamer_20260615-022803,ma_dreamer_20260615-022803,MA-Dreamer / Tempest / Team fairness + credit + 0.995 gamma,4,22,22,0.9522781269745075,0.781351535131584,0.627804763616556,0.11171164828074942,61.00948113456839
ma_dreamer_20260615-022803,ma_dreamer_20260615-022803,MA-Dreamer / Tempest / Team fairness + credit + 0.995 gamma,4,23,23,0.9531133525451945,0.8205350335819561,0.6412784777244731,0.2088929756423072,56.18107685426769
ma_dreamer_20260615-022803,ma_dreamer_20260615-022803,MA-Dreamer / Tempest / Team fairness + credit + 0.995 gamma,4,24,24,0.954874423327329,0.8652815559597081,0.6439778357727536,0.32057039008875704,63.70801039566189
ma_dreamer_20260615-022803,ma_dreamer_20260615-022803,MA-Dreamer / Tempest / Team fairness + credit + 0.995 gamma,4,25,25,0.9578327287633303,0.8781672476645639,0.6548822610407737,0.39605466758661234,68.74262110499738
ma_dreamer_20260615-022803,ma_dreamer_20260615-022803,MA-Dreamer / Tempest / Team fairness + credit + 0.995 gamma,4,26,26,0.9353849191386489,0.660587664868606,0.6080003063430255,0.19088549198585097,61.10578799347094
ma_dreamer_20260615-022803,ma_dreamer_20260615-022803,MA-Dreamer / Tempest / Team fairness + credit + 0.995 gamma,4,27,27,0.9436756554393347,0.8433360712435111,0.5825484370883407,0.34038425471725864,77.07441312032559
ma_dreamer_20260615-022803,ma_dreamer_20260615-022803,MA-Dreamer / Tempest / Team fairness + credit + 0.995 gamma,4,28,28,0.9474599656630868,0.8557612625138676,0.609302765683138,0.3961184169372418,53.007482356004225
ma_dreamer_20260615-022803,ma_dreamer_20260615-022803,MA-Dreamer / Tempest / Team fairness + credit + 0.995 gamma,4,29,29,0.9631437005743015,0.9087794926846622,0.6551478136122303,0.44012897005957263,63.41440236479078
ma_dreamer_20260615-022803,ma_dreamer_20260615-022803,MA-Dreamer / Tempest / Team fairness + credit + 0.995 gamma,4,30,30,0.9362541746472766,0.7923675728605133,0.5755696517942664,0.2646434304986749,62.30317304808575
ma_dreamer_20260615-022803,ma_dreamer_20260615-022803,MA-Dreamer / Tempest / Team fairness + credit + 0.995 gamma,4,31,31,0.9579800447644891,0.8509655701394907,0.6465210902215155,0.2589983278861516,59.23796840550011
ma_dreamer_20260615-022803,ma_dreamer_20260615-022803,MA-Dreamer / Tempest / Team fairness + credit + 0.995 gamma,4,32,32,0.9586902052352358,0.887794684867806,0.6441995613823718,0.35980673055890017,46.275106533868225
ma_dreamer_20260615-022803,ma_dreamer_20260615-022803,MA-Dreamer / Tempest / Team fairness + credit + 0.995 gamma,4,33,33,0.9731199375754769,0.8887299013599442,0.7046020381806475,0.363170073454249,55.42631663910825
ma_dreamer_20260615-022803,ma_dreamer_20260615-022803,MA-Dreamer / Tempest / Team fairness + credit + 0.995 gamma,4,34,34,0.9414559415736596,0.7862262079529545,0.6080561723518986,0.17402967663538968,68.87915377820875
ma_dreamer_20260615-022803,ma_dreamer_20260615-022803,MA-Dreamer / Tempest / Team fairness + credit + 0.995 gamma,4,35,35,0.9528945955279329,0.8153564038480902,0.6342691815091401,0.22383651305166316,41.0896029947435
ma_dreamer_20260615-022803,ma_dreamer_20260615-022803,MA-Dreamer / Tempest / Team fairness + credit + 0.995 gamma,4,36,36,0.9660185542087767,0.8461478796308861,0.6810360198418481,0.29736594958286167,57.08769583101427
ma_dreamer_20260615-022803,ma_dreamer_20260615-022803,MA-Dreamer / Tempest / Team fairness + credit + 0.995 gamma,4,37,37,0.9492426278717574,0.8358844186876573,0.6365704498999482,0.305616476934682,67.79845413707345
ma_dreamer_20260615-022803,ma_dreamer_20260615-022803,MA-Dreamer / Tempest / Team fairness + credit + 0.995 gamma,4,38,38,0.9503788677586775,0.8418392401230598,0.6177870226604936,0.3051837732567941,70.17033552171877
ma_dreamer_20260615-022803,ma_dreamer_20260615-022803,MA-Dreamer / Tempest / Team fairness + credit + 0.995 gamma,4,39,39,0.9562701367388354,0.8435835367376265,0.6296361781007085,0.31705909557104023,82.07275336395583
ma_dreamer_20260615-022803,ma_dreamer_20260615-022803,MA-Dreamer / Tempest / Team fairness + credit + 0.995 gamma,4,40,40,0.9501695192412773,0.7897759112698054,0.634425217200053,0.13900091775107093,63.61650883218624
ma_dreamer_20260615-022803,ma_dreamer_20260615-022803,MA-Dreamer / Tempest / Team fairness + credit + 0.995 gamma,4,41,41,0.9333314049099438,0.7370502560110285,0.6178209994052778,0.12703086047979822,64.54438958172318
ma_dreamer_20260615-022803,ma_dreamer_20260615-022803,MA-Dreamer / Tempest / Team fairness + credit + 0.995 gamma,4,42,42,0.9153669105362875,0.7273631894625012,0.5331810587986135,0.2836993270800245,63.67743480477884
ma_dreamer_20260615-022803,ma_dreamer_20260615-022803,MA-Dreamer / Tempest / Team fairness + credit + 0.995 gamma,4,43,43,0.9163107604854636,0.6707459321704329,0.5970188562718837,0.1576056184028483,56.17827728099979
ma_dreamer_20260615-022803,ma_dreamer_20260615-022803,MA-Dreamer / Tempest / Team fairness + credit + 0.995 gamma,4,44,44,0.9451439515351205,0.7862693584121194,0.6198225180446573,0.2681855862540109,53.5818933725684
ma_dreamer_20260615-022803,ma_dreamer_20260615-022803,MA-Dreamer / Tempest / Team fairness + credit + 0.995 gamma,4,45,45,0.9613087936983373,0.8542484294165396,0.6629895758638743,0.3763791845265391,63.047696575599076
ma_dreamer_20260615-022803,ma_dreamer_20260615-022803,MA-Dreamer / Tempest / Team fairness + credit + 0.995 gamma,4,46,46,0.9198140967941308,0.5946486682387877,0.5814002175104892,0.09075062059050573,70.01705680722017
ma_dreamer_20260615-022803,ma_dreamer_20260615-022803,MA-Dreamer / Tempest / Team fairness + credit + 0.995 gamma,4,47,47,0.9272427697908108,0.6164740134158615,0.5906449756527451,0.11276816955128298,73.93197307742972
ma_dreamer_20260615-022803,ma_dreamer_20260615-022803,MA-Dreamer / Tempest / Team fairness + credit + 0.995 gamma,4,48,48,0.9427572989727285,0.8166190997362434,0.5733522234322895,0.16991292645939948,75.04911034911093
ma_dreamer_20260615-022803,ma_dreamer_20260615-022803,MA-Dreamer / Tempest / Team fairness + credit + 0.995 gamma,4,49,49,0.9514441894775515,0.8526332235180638,0.601424513205583,0.2455747927877389,62.747348107772424
ma_dreamer_20260615-022803,ma_dreamer_20260615-022803,MA-Dreamer / Tempest / Team fairness + credit + 0.995 gamma,4,50,50,0.9498452681205088,0.7655261978753417,0.6438220765787154,0.1143546934793195,70.51643789320542
ma_dreamer_20260615-022803,ma_dreamer_20260615-022803,MA-Dreamer / Tempest / Team fairness + credit + 0.995 gamma,5,1,1,0.9516991663037689,0.8348546840357817,0.6319348652083192,0.2672677485078747,57.515050478994795
ma_dreamer_20260615-022803,ma_dreamer_20260615-022803,MA-Dreamer / Tempest / Team fairness + credit + 0.995 gamma,5,2,2,0.9516443105712805,0.6470113938292006,0.6608709618808736,0.14753956471202076,59.205008052600554
ma_dreamer_20260615-022803,ma_dreamer_20260615-022803,MA-Dreamer / Tempest / Team fairness + credit + 0.995 gamma,5,3,3,0.9335810113121356,0.7252583896707034,0.5965216934978116,0.18939975523198363,56.740576989087536
ma_dreamer_20260615-022803,ma_dreamer_20260615-022803,MA-Dreamer / Tempest / Team fairness + credit + 0.995 gamma,5,4,4,0.9574085535664083,0.8239506844735159,0.6621877910517552,0.3369994360621731,62.65337417143727
ma_dreamer_20260615-022803,ma_dreamer_20260615-022803,MA-Dreamer / Tempest / Team fairness + credit + 0.995 gamma,5,5,5,0.9460842178149634,0.7870287524170535,0.6055360541915041,0.2363899506683014,66.11341231652773
ma_dreamer_20260615-022803,ma_dreamer_20260615-022803,MA-Dreamer / Tempest / Team fairness + credit + 0.995 gamma,5,6,6,0.9438450092532772,0.6892105672786827,0.6049794517943997,0.11795591615697718,73.55214580603291
ma_dreamer_20260615-022803,ma_dreamer_20260615-022803,MA-Dreamer / Tempest / Team fairness + credit + 0.995 gamma,5,7,7,0.9232220277350185,0.7139484668630521,0.5334516886828495,0.16829358331705957,62.83589122293688
ma_dreamer_20260615-022803,ma_dreamer_20260615-022803,MA-Dreamer / Tempest / Team fairness + credit + 0.995 gamma,5,8,8,0.9574064939642585,0.8332233558591181,0.6381086859710767,0.267498289909614,70.22227384146315
ma_dreamer_20260615-022803,ma_dreamer_20260615-022803,MA-Dreamer / Tempest / Team fairness + credit + 0.995 gamma,5,9,9,0.9535697171631429,0.8489969011484343,0.618493229899413,0.3114459627844234,66.97736879682293
ma_dreamer_20260615-022803,ma_dreamer_20260615-022803,MA-Dreamer / Tempest / Team fairness + credit + 0.995 gamma,5,10,10,0.9387915307986276,0.8213533576471932,0.5420853965217375,0.15124440816510376,58.76434496868878
ma_dreamer_20260615-022803,ma_dreamer_20260615-022803,MA-Dreamer / Tempest / Team fairness + credit + 0.995 gamma,5,11,11,0.9345572893306117,0.7580222990590006,0.5559900237958363,0.18561822518857446,101.47854500920697
ma_dreamer_20260615-022803,ma_dreamer_20260615-022803,MA-Dreamer / Tempest / Team fairness + credit + 0.995 gamma,5,12,12,0.9124205696337717,0.6550720907297075,0.5092856450458887,0.19149983871950157,88.55412282830875
ma_dreamer_20260615-022803,ma_dreamer_20260615-022803,MA-Dreamer / Tempest / Team fairness + credit + 0.995 gamma,5,13,13,0.9540588117652193,0.8417764822877329,0.6195196590431161,0.14871572729867974,64.98254411170136
ma_dreamer_20260615-022803,ma_dreamer_20260615-022803,MA-Dreamer / Tempest / Team fairness + credit + 0.995 gamma,5,14,14,0.9583809896497314,0.8722748412579305,0.618912896843649,0.24727856403603696,62.321788972949875
ma_dreamer_20260615-022803,ma_dreamer_20260615-022803,MA-Dreamer / Tempest / Team fairness + credit + 0.995 gamma,5,15,15,0.9651225484852265,0.894475436220102,0.6404227421244222,0.3593205814557505,59.379825695262696
ma_dreamer_20260615-022803,ma_dreamer_20260615-022803,MA-Dreamer / Tempest / Team fairness + credit + 0.995 gamma,5,16,16,0.9562396553028362,0.8198704721844549,0.6241685410962754,0.23483755843451248,73.93562441240707
ma_dreamer_20260615-022803,ma_dreamer_20260615-022803,MA-Dreamer / Tempest / Team fairness + credit + 0.995 gamma,5,17,17,0.9541341127863584,0.8647342427905924,0.6106370340934878,0.34702378022306674,71.21239888654176
ma_dreamer_20260615-022803,ma_dreamer_20260615-022803,MA-Dreamer / Tempest / Team fairness + credit + 0.995 gamma,5,18,18,0.9629955191129669,0.8684246469063391,0.6542125981198746,0.33163420516059977,75.6851190588045
ma_dreamer_20260615-022803,ma_dreamer_20260615-022803,MA-Dreamer / Tempest / Team fairness + credit + 0.995 gamma,5,19,19,0.9693231128613479,0.9138275172878262,0.6761140358312646,0.41455267515153604,58.446123332749224
ma_dreamer_20260615-022803,ma_dreamer_20260615-022803,MA-Dreamer / Tempest / Team fairness + credit + 0.995 gamma,5,20,20,0.9583447620558533,0.8816840260220776,0.621270175137664,0.36752594588275705,61.08767769922698
ma_dreamer_20260615-022803,ma_dreamer_20260615-022803,MA-Dreamer / Tempest / Team fairness + credit + 0.995 gamma,5,21,21,0.9218692987965725,0.6588096298069862,0.565099938768923,0.11101473062870337,73.10962061389333
ma_dreamer_20260615-022803,ma_dreamer_20260615-022803,MA-Dreamer / Tempest / Team fairness + credit + 0.995 gamma,5,22,22,0.9311013336266615,0.6270778732345281,0.5865728535272364,0.07292961111125185,62.87852410745093
ma_dreamer_20260615-022803,ma_dreamer_20260615-022803,MA-Dreamer / Tempest / Team fairness + credit + 0.995 gamma,5,23,23,0.94743883270989,0.7682767379757138,0.6232470760259289,0.20348285379340667,59.73036457336313
ma_dreamer_20260615-022803,ma_dreamer_20260615-022803,MA-Dreamer / Tempest / Team fairness + credit + 0.995 gamma,5,24,24,0.9351356211792199,0.8001208372910484,0.5346764113715188,0.12248450574773366,66.67289773176428
ma_dreamer_20260615-022803,ma_dreamer_20260615-022803,MA-Dreamer / Tempest / Team fairness + credit + 0.995 gamma,5,25,25,0.9654802759353348,0.8847984458967406,0.6753944078137873,0.34847319429652757,69.83871766552927
ma_dreamer_20260615-022803,ma_dreamer_20260615-022803,MA-Dreamer / Tempest / Team fairness + credit + 0.995 gamma,5,26,26,0.9452237692269521,0.7671162554791044,0.6076656044346876,0.21106564420481125,67.4599018575894
ma_dreamer_20260615-022803,ma_dreamer_20260615-022803,MA-Dreamer / Tempest / Team fairness + credit + 0.995 gamma,5,27,27,0.953282788175692,0.8458102729687198,0.6018914576451067,0.312887596364183,78.70712815048412
ma_dreamer_20260615-022803,ma_dreamer_20260615-022803,MA-Dreamer / Tempest / Team fairness + credit + 0.995 gamma,5,28,28,0.9578560072086907,0.8015632549357397,0.6500176134601446,0.244566316424707,56.4136859981135
ma_dreamer_20260615-022803,ma_dreamer_20260615-022803,MA-Dreamer / Tempest / Team fairness + credit + 0.995 gamma,5,29,29,0.9524815623057243,0.7302198718118971,0.6040459285221935,0.1530971110399245,68.17001892761648
ma_dreamer_20260615-022803,ma_dreamer_20260615-022803,MA-Dreamer / Tempest / Team fairness + credit + 0.995 gamma,5,30,30,0.9507987112588493,0.8520838849173454,0.6031853253869889,0.28838903933829163,63.43362831976462
ma_dreamer_20260615-022803,ma_dreamer_20260615-022803,MA-Dreamer / Tempest / Team fairness + credit + 0.995 gamma,5,31,31,0.9423441935408801,0.7348342577165958,0.6116277996997637,0.2335536979567826,60.31227532457734
ma_dreamer_20260615-022803,ma_dreamer_20260615-022803,MA-Dreamer / Tempest / Team fairness + credit + 0.995 gamma,5,32,32,0.9531626934015361,0.8577546613754864,0.6042830268358306,0.3357727655867567,48.08335666439554
ma_dreamer_20260615-022803,ma_dreamer_20260615-022803,MA-Dreamer / Tempest / Team fairness + credit + 0.995 gamma,5,33,33,0.9497793923257108,0.7043666846214526,0.616166826273379,0.13382081020597167,55.535705252421465
ma_dreamer_20260615-022803,ma_dreamer_20260615-022803,MA-Dreamer / Tempest / Team fairness + credit + 0.995 gamma,5,34,34,0.9485571577609598,0.6820776934668358,0.6379838979217183,0.10288583181549399,70.11405852251363
ma_dreamer_20260615-022803,ma_dreamer_20260615-022803,MA-Dreamer / Tempest / Team fairness + credit + 0.995 gamma,5,35,35,0.9374795713757201,0.7354918855937405,0.5789571904824754,0.19120269578195095,44.795540064837205
ma_dreamer_20260615-022803,ma_dreamer_20260615-022803,MA-Dreamer / Tempest / Team fairness + credit + 0.995 gamma,5,36,36,0.9579898693907403,0.8260263014648533,0.6224592796384415,0.16462043396406004,57.515693523058474
ma_dreamer_20260615-022803,ma_dreamer_20260615-022803,MA-Dreamer / Tempest / Team fairness + credit + 0.995 gamma,5,37,37,0.9425707752096082,0.8119472158355796,0.5671507315557159,0.20743337387351524,71.9083788906145
ma_dreamer_20260615-022803,ma_dreamer_20260615-022803,MA-Dreamer / Tempest / Team fairness + credit + 0.995 gamma,5,38,38,0.9545754077054426,0.8230705332775642,0.5987717934927893,0.2788608752409801,72.50828404156279
ma_dreamer_20260615-022803,ma_dreamer_20260615-022803,MA-Dreamer / Tempest / Team fairness + credit + 0.995 gamma,5,39,39,0.9229781632927919,0.7515181960406014,0.522042971225767,0.07936497692485878,108.64520427611774
ma_dreamer_20260615-022803,ma_dreamer_20260615-022803,MA-Dreamer / Tempest / Team fairness + credit + 0.995 gamma,5,40,40,0.9437810597701809,0.794523161244284,0.5926206159161772,0.10573980678329749,71.9128205246267
ma_dreamer_20260615-022803,ma_dreamer_20260615-022803,MA-Dreamer / Tempest / Team fairness + credit + 0.995 gamma,5,41,41,0.951983525288811,0.8651025290193188,0.596625333600106,0.30269930761364433,66.59412437816006
ma_dreamer_20260615-022803,ma_dreamer_20260615-022803,MA-Dreamer / Tempest / Team fairness + credit + 0.995 gamma,5,42,42,0.9536385763937694,0.8016945011138652,0.6384252557069979,0.27912727909026364,81.78239011808799
ma_dreamer_20260615-022803,ma_dreamer_20260615-022803,MA-Dreamer / Tempest / Team fairness + credit + 0.995 gamma,5,43,43,0.9545626605302978,0.8314813877147001,0.6270174872388689,0.2731470322910205,60.11536688055928
ma_dreamer_20260615-022803,ma_dreamer_20260615-022803,MA-Dreamer / Tempest / Team fairness + credit + 0.995 gamma,5,44,44,0.9462492120727785,0.7941623791907721,0.6007031681031535,0.2618546485158097,54.99084438496277
ma_dreamer_20260615-022803,ma_dreamer_20260615-022803,MA-Dreamer / Tempest / Team fairness + credit + 0.995 gamma,5,45,45,0.9562332420226892,0.8502415111632858,0.6091401662598409,0.29905824762798,69.63573304793489
ma_dreamer_20260615-022803,ma_dreamer_20260615-022803,MA-Dreamer / Tempest / Team fairness + credit + 0.995 gamma,5,46,46,0.9572275320347097,0.872885686584409,0.6163981009262931,0.3594341840836989,72.75377710103672
ma_dreamer_20260615-022803,ma_dreamer_20260615-022803,MA-Dreamer / Tempest / Team fairness + credit + 0.995 gamma,5,47,47,0.9393219179983591,0.7951799259261404,0.5888381394566515,0.2988935996337291,73.91192468040167
ma_dreamer_20260615-022803,ma_dreamer_20260615-022803,MA-Dreamer / Tempest / Team fairness + credit + 0.995 gamma,5,48,48,0.9373626830531524,0.7775254248408459,0.5811646223209852,0.2574466393090591,85.689461339208
ma_dreamer_20260615-022803,ma_dreamer_20260615-022803,MA-Dreamer / Tempest / Team fairness + credit + 0.995 gamma,5,49,49,0.9676252401004009,0.8974409156345934,0.651145847101994,0.3281585741603056,63.012319260340384
ma_dreamer_20260615-022803,ma_dreamer_20260615-022803,MA-Dreamer / Tempest / Team fairness + credit + 0.995 gamma,5,50,50,0.9386201620521062,0.8175785519383462,0.5484027884871213,0.2740923792356856,87.88214177329708
ma_dreamer_20260615-022803,ma_dreamer_20260615-022803,MA-Dreamer / Tempest / Team fairness + credit + 0.995 gamma,7,1,1,0.9309317889272711,0.7838442197396037,0.4997903196800901,0.09363315157657798,61.04740854960852
ma_dreamer_20260615-022803,ma_dreamer_20260615-022803,MA-Dreamer / Tempest / Team fairness + credit + 0.995 gamma,7,2,2,0.9430832422884998,0.8472169013214046,0.49004006508336884,0.10128404722839666,61.598503222110665
ma_dreamer_20260615-022803,ma_dreamer_20260615-022803,MA-Dreamer / Tempest / Team fairness + credit + 0.995 gamma,7,3,3,0.9399708425927914,0.7892765859634244,0.5412429902498078,0.22153840012408416,85.52541496407414
ma_dreamer_20260615-022803,ma_dreamer_20260615-022803,MA-Dreamer / Tempest / Team fairness + credit + 0.995 gamma,7,4,4,0.9634233179847422,0.8683650549981642,0.6193045452130902,0.1658457498599269,73.05553275945799
ma_dreamer_20260615-022803,ma_dreamer_20260615-022803,MA-Dreamer / Tempest / Team fairness + credit + 0.995 gamma,7,5,5,0.9606264343549018,0.8176087865585215,0.6309258956786643,0.2961791389929992,71.91379201740328
ma_dreamer_20260615-022803,ma_dreamer_20260615-022803,MA-Dreamer / Tempest / Team fairness + credit + 0.995 gamma,7,6,6,0.948967927114368,0.8413115768191743,0.589122001023748,0.2565480896699031,91.28617095163918
ma_dreamer_20260615-022803,ma_dreamer_20260615-022803,MA-Dreamer / Tempest / Team fairness + credit + 0.995 gamma,7,7,7,0.9337010926550138,0.8259645724095943,0.5174628297164506,0.2638635869378092,73.00889521073248
ma_dreamer_20260615-022803,ma_dreamer_20260615-022803,MA-Dreamer / Tempest / Team fairness + credit + 0.995 gamma,7,8,8,0.9559526806627128,0.8541134304355056,0.6226331689478376,0.3027848879387688,73.61421016993604
ma_dreamer_20260615-022803,ma_dreamer_20260615-022803,MA-Dreamer / Tempest / Team fairness + credit + 0.995 gamma,7,9,9,0.9492159907647149,0.8244141598537781,0.5686523187792942,0.297583828542811,74.25548857590265
ma_dreamer_20260615-022803,ma_dreamer_20260615-022803,MA-Dreamer / Tempest / Team fairness + credit + 0.995 gamma,7,10,10,0.9249800951524124,0.7714558026237681,0.5455673273796824,0.22011363287739258,69.98859456944709
ma_dreamer_20260615-022803,ma_dreamer_20260615-022803,MA-Dreamer / Tempest / Team fairness + credit + 0.995 gamma,7,11,11,0.9442116023930329,0.8385073149963601,0.5675159320422091,0.23480571617361912,108.20058656443243
ma_dreamer_20260615-022803,ma_dreamer_20260615-022803,MA-Dreamer / Tempest / Team fairness + credit + 0.995 gamma,7,12,12,0.9349654026600174,0.7638173788992625,0.5652069587269221,0.18787231932189657,111.81565449742479
ma_dreamer_20260615-022803,ma_dreamer_20260615-022803,MA-Dreamer / Tempest / Team fairness + credit + 0.995 gamma,7,13,13,0.9538722668207517,0.8230154834300522,0.6090390885292369,0.2509094655154294,71.09234294484084
ma_dreamer_20260615-022803,ma_dreamer_20260615-022803,MA-Dreamer / Tempest / Team fairness + credit + 0.995 gamma,7,14,14,0.9585292196328336,0.8568269770497791,0.6053648667585934,0.2871378656660395,85.67457944841065
ma_dreamer_20260615-022803,ma_dreamer_20260615-022803,MA-Dreamer / Tempest / Team fairness + credit + 0.995 gamma,7,15,15,0.9491185873518752,0.8778085875446502,0.5812477605217559,0.32101008611310783,65.41639489589764
ma_dreamer_20260615-022803,ma_dreamer_20260615-022803,MA-Dreamer / Tempest / Team fairness + credit + 0.995 gamma,7,16,16,0.9467048564680617,0.8169177298133559,0.5769960428499498,0.24182343517712931,76.97694626070334
ma_dreamer_20260615-022803,ma_dreamer_20260615-022803,MA-Dreamer / Tempest / Team fairness + credit + 0.995 gamma,7,17,17,0.9581393148977914,0.8612613998927615,0.5941598312312969,0.2940560304541631,77.75245515129468
ma_dreamer_20260615-022803,ma_dreamer_20260615-022803,MA-Dreamer / Tempest / Team fairness + credit + 0.995 gamma,7,18,18,0.9579391365442265,0.7993165433472398,0.6761957993753098,0.23322331064290977,84.92394565208227
ma_dreamer_20260615-022803,ma_dreamer_20260615-022803,MA-Dreamer / Tempest / Team fairness + credit + 0.995 gamma,7,19,19,0.9465871210761095,0.8444104901440757,0.6004707586866703,0.28614477938962196,74.65665634684274
ma_dreamer_20260615-022803,ma_dreamer_20260615-022803,MA-Dreamer / Tempest / Team fairness + credit + 0.995 gamma,7,20,20,0.9470843604896464,0.8354920172983993,0.5990009280523583,0.26619193600071084,67.96541674499032
ma_dreamer_20260615-022803,ma_dreamer_20260615-022803,MA-Dreamer / Tempest / Team fairness + credit + 0.995 gamma,7,21,21,0.9240593719077016,0.7852562614942762,0.5633945989160289,0.21764680438158268,78.68451769289189
ma_dreamer_20260615-022803,ma_dreamer_20260615-022803,MA-Dreamer / Tempest / Team fairness + credit + 0.995 gamma,7,22,22,0.942562873771224,0.7510721465283887,0.599792590315385,0.221673525923927,79.00104716608476
ma_dreamer_20260615-022803,ma_dreamer_20260615-022803,MA-Dreamer / Tempest / Team fairness + credit + 0.995 gamma,7,23,23,0.9638487613882603,0.8561066374128942,0.6587976877861418,0.20565552398112438,70.02260239763226
ma_dreamer_20260615-022803,ma_dreamer_20260615-022803,MA-Dreamer / Tempest / Team fairness + credit + 0.995 gamma,7,24,24,0.964283969543464,0.8615629682193662,0.6665145354841354,0.3270195381704406,69.6105198121257
ma_dreamer_20260615-022803,ma_dreamer_20260615-022803,MA-Dreamer / Tempest / Team fairness + credit + 0.995 gamma,7,25,25,0.9542637697593211,0.8492560232049267,0.6530965691353969,0.28115541339586214,74.67212959694665
ma_dreamer_20260615-022803,ma_dreamer_20260615-022803,MA-Dreamer / Tempest / Team fairness + credit + 0.995 gamma,7,26,26,0.9292227037785596,0.6633607250271567,0.5869048713648521,0.11225254927273945,84.91468681401473
ma_dreamer_20260615-022803,ma_dreamer_20260615-022803,MA-Dreamer / Tempest / Team fairness + credit + 0.995 gamma,7,27,27,0.9284860592396077,0.6630947711162539,0.6126045012992147,0.13298089842617897,147.56823290984462
ma_dreamer_20260615-022803,ma_dreamer_20260615-022803,MA-Dreamer / Tempest / Team fairness + credit + 0.995 gamma,7,28,28,0.9476401443772092,0.7588013229731315,0.6472258679177458,0.19434181834931327,71.44613000200762
ma_dreamer_20260615-022803,ma_dreamer_20260615-022803,MA-Dreamer / Tempest / Team fairness + credit + 0.995 gamma,7,29,29,0.9463256359371758,0.7685684805706265,0.5834337309794606,0.23254300503471853,92.88482069300824
ma_dreamer_20260615-022803,ma_dreamer_20260615-022803,MA-Dreamer / Tempest / Team fairness + credit + 0.995 gamma,7,30,30,0.9523208938148643,0.8720103491614665,0.5960596534050091,0.35380047869436076,74.17618879144337
ma_dreamer_20260615-022803,ma_dreamer_20260615-022803,MA-Dreamer / Tempest / Team fairness + credit + 0.995 gamma,7,31,31,0.953877835096775,0.817304374243724,0.6104176530379116,0.2522167580832304,77.29539157725222
ma_dreamer_20260615-022803,ma_dreamer_20260615-022803,MA-Dreamer / Tempest / Team fairness + credit + 0.995 gamma,7,32,32,0.9567986711044576,0.8373682035456492,0.5932535941852418,0.29443773480976076,53.20748242514166
ma_dreamer_20260615-022803,ma_dreamer_20260615-022803,MA-Dreamer / Tempest / Team fairness + credit + 0.995 gamma,7,33,33,0.9512905065127696,0.856737090463148,0.5806180377326532,0.3077824385993152,59.61071734439199
ma_dreamer_20260615-022803,ma_dreamer_20260615-022803,MA-Dreamer / Tempest / Team fairness + credit + 0.995 gamma,7,34,34,0.9538957501009029,0.835401500255327,0.5853188595604502,0.27253343391862067,81.19541855662871
ma_dreamer_20260615-022803,ma_dreamer_20260615-022803,MA-Dreamer / Tempest / Team fairness + credit + 0.995 gamma,7,35,35,0.9431974648802257,0.856812274354205,0.5447221268662032,0.2889165320998321,58.39165848119274
ma_dreamer_20260615-022803,ma_dreamer_20260615-022803,MA-Dreamer / Tempest / Team fairness + credit + 0.995 gamma,7,36,36,0.9717352541958223,0.9099575340762337,0.6574361246827575,0.3730673783797651,60.841447709044665
ma_dreamer_20260615-022803,ma_dreamer_20260615-022803,MA-Dreamer / Tempest / Team fairness + credit + 0.995 gamma,7,37,37,0.9445419238823737,0.8344360773977905,0.5559133452388192,0.28600857112740025,86.62738772160533
ma_dreamer_20260615-022803,ma_dreamer_20260615-022803,MA-Dreamer / Tempest / Team fairness + credit + 0.995 gamma,7,38,38,0.9391102168190597,0.8166664688557509,0.5445955665455542,0.2772535115731286,84.68783898215757
ma_dreamer_20260615-022803,ma_dreamer_20260615-022803,MA-Dreamer / Tempest / Team fairness + credit + 0.995 gamma,7,39,39,0.9075271672231535,0.6592309514414499,0.5038330771722217,0.10619343734416666,154.89919052484726
ma_dreamer_20260615-022803,ma_dreamer_20260615-022803,MA-Dreamer / Tempest / Team fairness + credit + 0.995 gamma,7,40,40,0.9665235269586585,0.882212516617408,0.6306016009507959,0.3139006757659224,77.84718878885651
ma_dreamer_20260615-022803,ma_dreamer_20260615-022803,MA-Dreamer / Tempest / Team fairness + credit + 0.995 gamma,7,41,41,0.9515345668131655,0.7801488637459015,0.5757617221067732,0.12621630186036564,71.42663379261293
ma_dreamer_20260615-022803,ma_dreamer_20260615-022803,MA-Dreamer / Tempest / Team fairness + credit + 0.995 gamma,7,42,42,0.9350080568708525,0.7797488383240458,0.5578868824014688,0.22300639263319189,85.83951501092861
ma_dreamer_20260615-022803,ma_dreamer_20260615-022803,MA-Dreamer / Tempest / Team fairness + credit + 0.995 gamma,7,43,43,0.9453081488072012,0.8098165294893511,0.5677246983524431,0.06986269361154221,72.44718585881878
ma_dreamer_20260615-022803,ma_dreamer_20260615-022803,MA-Dreamer / Tempest / Team fairness + credit + 0.995 gamma,7,44,44,0.9533860771642948,0.8211861859828429,0.5814407316420004,0.2668830429783923,58.86082019747482
ma_dreamer_20260615-022803,ma_dreamer_20260615-022803,MA-Dreamer / Tempest / Team fairness + credit + 0.995 gamma,7,45,45,0.9434090430299436,0.808474066680147,0.5529823624951148,0.2220072293181437,100.55465579715849
ma_dreamer_20260615-022803,ma_dreamer_20260615-022803,MA-Dreamer / Tempest / Team fairness + credit + 0.995 gamma,7,46,46,0.9054733011062743,0.7111820146193117,0.4482675221514853,0.062480538181472145,101.21645420989489
ma_dreamer_20260615-022803,ma_dreamer_20260615-022803,MA-Dreamer / Tempest / Team fairness + credit + 0.995 gamma,7,47,47,0.9396833464825046,0.8278666525034252,0.552671466426822,0.24790985896208537,83.0174425320938
ma_dreamer_20260615-022803,ma_dreamer_20260615-022803,MA-Dreamer / Tempest / Team fairness + credit + 0.995 gamma,7,48,48,0.9533434010663511,0.8266205971425092,0.5902095259409101,0.2243927101730613,102.6432979541282
ma_dreamer_20260615-022803,ma_dreamer_20260615-022803,MA-Dreamer / Tempest / Team fairness + credit + 0.995 gamma,7,49,49,0.9557118186906479,0.8724112340733616,0.5717231940273676,0.3140651492944376,68.39146131524612
ma_dreamer_20260615-022803,ma_dreamer_20260615-022803,MA-Dreamer / Tempest / Team fairness + credit + 0.995 gamma,7,50,50,0.9462141057326483,0.8075010964794737,0.553383946172216,0.1813871894051965,91.97908493829425
sa_dreamer_20260521-145020,sa_dreamer_20260521-145020,Single-Agent Dreamer / Tempest / Kalman,2,1,1,0.9370310781505888,0.8540043984631809,0.6390632106411133,0.41496377961952347,42.40276664079276
sa_dreamer_20260521-145020,sa_dreamer_20260521-145020,Single-Agent Dreamer / Tempest / Kalman,2,2,2,0.966672614310786,0.8820629655389579,0.7780994170471061,0.4651898502256262,55.59365275358814
sa_dreamer_20260521-145020,sa_dreamer_20260521-145020,Single-Agent Dreamer / Tempest / Kalman,2,3,3,0.9254964281886207,0.6130967492548106,0.6256586353284924,0.11458187800644279,56.27542966154299
sa_dreamer_20260521-145020,sa_dreamer_20260521-145020,Single-Agent Dreamer / Tempest / Kalman,2,4,4,0.8480655652464918,0.7022754268083348,0.44507976279542505,0.211307768297061,56.22641676146311
sa_dreamer_20260521-145020,sa_dreamer_20260521-145020,Single-Agent Dreamer / Tempest / Kalman,2,5,5,0.8011882281766345,0.6574458321086772,0.376966125680972,0.16155524697743828,51.55674946624019
sa_dreamer_20260521-145020,sa_dreamer_20260521-145020,Single-Agent Dreamer / Tempest / Kalman,2,6,6,0.8753341641311035,0.7745548404877611,0.48065355660611414,0.29912039510129623,64.2155046664777
sa_dreamer_20260521-145020,sa_dreamer_20260521-145020,Single-Agent Dreamer / Tempest / Kalman,2,7,7,0.9596624290665636,0.7991760210319465,0.7582396879254438,0.332190290884296,55.23140595881773
sa_dreamer_20260521-145020,sa_dreamer_20260521-145020,Single-Agent Dreamer / Tempest / Kalman,2,8,8,0.8912585785771826,0.6217752572000534,0.5492127489125037,0.1236367184848201,53.128872347474356
sa_dreamer_20260521-145020,sa_dreamer_20260521-145020,Single-Agent Dreamer / Tempest / Kalman,2,9,9,0.8531724373853878,0.6668333229179151,0.4478408757842889,0.17175769564676968,54.00253481665065
sa_dreamer_20260521-145020,sa_dreamer_20260521-145020,Single-Agent Dreamer / Tempest / Kalman,2,10,10,0.8879619065336773,0.7596289150531387,0.5306449518123793,0.27998111255948754,56.46228516896463
sa_dreamer_20260521-145020,sa_dreamer_20260521-145020,Single-Agent Dreamer / Tempest / Kalman,2,11,11,0.8615240044572455,0.7048755378083206,0.4720613522959203,0.2142828352237826,75.67598487658216
sa_dreamer_20260521-145020,sa_dreamer_20260521-145020,Single-Agent Dreamer / Tempest / Kalman,2,12,12,0.8566033400208622,0.6990271861261372,0.4549821237579596,0.20760525889354728,63.123926585285446
sa_dreamer_20260521-145020,sa_dreamer_20260521-145020,Single-Agent Dreamer / Tempest / Kalman,2,13,13,0.8244539198032421,0.648297394170547,0.4131393897617614,0.15171070334270048,53.637787826694606
sa_dreamer_20260521-145020,sa_dreamer_20260521-145020,Single-Agent Dreamer / Tempest / Kalman,2,14,14,0.7449539317410131,0.6215564776959815,0.2780250341882983,0.12340772052076471,61.62718781824931
sa_dreamer_20260521-145020,sa_dreamer_20260521-145020,Single-Agent Dreamer / Tempest / Kalman,2,15,15,0.965096764512532,0.8799397887636703,0.7663803063988671,0.46065260113980644,56.35163270594191
sa_dreamer_20260521-145020,sa_dreamer_20260521-145020,Single-Agent Dreamer / Tempest / Kalman,2,16,16,0.9148564602770197,0.7191312004211036,0.6194760719159594,0.23080447523818248,49.87275058369822
sa_dreamer_20260521-145020,sa_dreamer_20260521-145020,Single-Agent Dreamer / Tempest / Kalman,2,17,17,0.9259195671691841,0.8018774605276435,0.6177988484528453,0.3359485735230465,62.56805364656567
sa_dreamer_20260521-145020,sa_dreamer_20260521-145020,Single-Agent Dreamer / Tempest / Kalman,2,18,18,0.7685347393968175,0.6518461253887144,0.3057011507032988,0.15551886846978819,67.17652689482325
sa_dreamer_20260521-145020,sa_dreamer_20260521-145020,Single-Agent Dreamer / Tempest / Kalman,2,19,19,0.918030187534904,0.7011716155713567,0.6034756673870936,0.2100475616699253,56.45570449438339
sa_dreamer_20260521-145020,sa_dreamer_20260521-145020,Single-Agent Dreamer / Tempest / Kalman,2,20,20,0.7765738923701677,0.6507960887284739,0.3320597064244204,0.1543916475023876,57.54196677945541
sa_dreamer_20260521-145020,sa_dreamer_20260521-145020,Single-Agent Dreamer / Tempest / Kalman,2,21,21,0.803340289990164,0.6633636480296957,0.36929604315785886,0.16797294023982526,62.2472133964275
sa_dreamer_20260521-145020,sa_dreamer_20260521-145020,Single-Agent Dreamer / Tempest / Kalman,2,22,22,0.7808754111891301,0.6743656235137924,0.3192201290434817,0.18001608235079972,58.791871261633915
sa_dreamer_20260521-145020,sa_dreamer_20260521-145020,Single-Agent Dreamer / Tempest / Kalman,2,23,23,0.9268274828950648,0.7135676364321079,0.6574825876301799,0.22431363657022954,54.690840988695314
sa_dreamer_20260521-145020,sa_dreamer_20260521-145020,Single-Agent Dreamer / Tempest / Kalman,2,24,24,0.8805522067901778,0.746612341380659,0.5042808829715714,0.2637705898003507,53.760366368985714
sa_dreamer_20260521-145020,sa_dreamer_20260521-145020,Single-Agent Dreamer / Tempest / Kalman,2,25,25,0.8382320346614135,0.7145837686683827,0.4206659450586393,0.22553957420001508,63.15207534840596
sa_dreamer_20260521-145020,sa_dreamer_20260521-145020,Single-Agent Dreamer / Tempest / Kalman,2,26,26,0.9610983003282805,0.8275313226855576,0.7335945430361435,0.3731336529411032,59.6936772107854
sa_dreamer_20260521-145020,sa_dreamer_20260521-145020,Single-Agent Dreamer / Tempest / Kalman,2,27,27,0.862182760664435,0.723863299543644,0.4540361994377914,0.2363708184054136,70.26199959390917
sa_dreamer_20260521-145020,sa_dreamer_20260521-145020,Single-Agent Dreamer / Tempest / Kalman,2,28,28,0.9342658690290242,0.8103278059889939,0.6481793754893223,0.3478860407663731,51.23317017578176
sa_dreamer_20260521-145020,sa_dreamer_20260521-145020,Single-Agent Dreamer / Tempest / Kalman,2,29,29,0.8688053456917131,0.7183492526611048,0.4800245459130771,0.22988880359220817,62.12509856188761
sa_dreamer_20260521-145020,sa_dreamer_20260521-145020,Single-Agent Dreamer / Tempest / Kalman,2,30,30,0.8058000045445385,0.6510499724164358,0.36750518965421347,0.1546632005291593,54.83936325537257
sa_dreamer_20260521-145020,sa_dreamer_20260521-145020,Single-Agent Dreamer / Tempest / Kalman,2,31,31,0.8877024188274938,0.7370428143068981,0.5364902730691609,0.2521171912684227,51.27792244580466
sa_dreamer_20260521-145020,sa_dreamer_20260521-145020,Single-Agent Dreamer / Tempest / Kalman,2,32,32,0.9038576619255903,0.7601833147031458,0.5490734056920936,0.2806823656290247,43.24906464642196
sa_dreamer_20260521-145020,sa_dreamer_20260521-145020,Single-Agent Dreamer / Tempest / Kalman,2,33,33,0.8485780546320734,0.7075006771938864,0.45211877273234713,0.21729858879021655,55.79032887385709
sa_dreamer_20260521-145020,sa_dreamer_20260521-145020,Single-Agent Dreamer / Tempest / Kalman,2,34,34,0.7723208899383766,0.6573756955504767,0.3049639106421082,0.16147935860991788,60.15612482427177
sa_dreamer_20260521-145020,sa_dreamer_20260521-145020,Single-Agent Dreamer / Tempest / Kalman,2,35,35,0.9576229706054856,0.8463339946025471,0.7114235272648425,0.4024322192869064,40.07099280870007
sa_dreamer_20260521-145020,sa_dreamer_20260521-145020,Single-Agent Dreamer / Tempest / Kalman,2,36,36,0.8526185657975668,0.7030375371764029,0.46249389252220835,0.21217954834222333,56.45204018650574
sa_dreamer_20260521-145020,sa_dreamer_20260521-145020,Single-Agent Dreamer / Tempest / Kalman,2,37,37,0.8999951621752725,0.7973037280289434,0.5296249339029852,0.32960211202901785,65.5124540365512
sa_dreamer_20260521-145020,sa_dreamer_20260521-145020,Single-Agent Dreamer / Tempest / Kalman,2,38,38,0.8495864132132916,0.7301861443189573,0.45645212181684797,0.243878407941889,63.94290979691296
sa_dreamer_20260521-145020,sa_dreamer_20260521-145020,Single-Agent Dreamer / Tempest / Kalman,2,39,39,0.8571152603028677,0.6385091835276605,0.4888229948419132,0.1412735906290254,93.11209159100483
sa_dreamer_20260521-145020,sa_dreamer_20260521-145020,Single-Agent Dreamer / Tempest / Kalman,2,40,40,0.9124922866794976,0.779331185938902,0.5834723795069301,0.3053810246682801,62.16111336682816
sa_dreamer_20260521-145020,sa_dreamer_20260521-145020,Single-Agent Dreamer / Tempest / Kalman,2,41,41,0.8036903980361714,0.675685251146132,0.35869998255853,0.18147086701668322,49.28703066039138
sa_dreamer_20260521-145020,sa_dreamer_20260521-145020,Single-Agent Dreamer / Tempest / Kalman,2,42,42,0.8845591755754231,0.7407926828073808,0.5030901747777651,0.2566540145931043,57.11387401423528
sa_dreamer_20260521-145020,sa_dreamer_20260521-145020,Single-Agent Dreamer / Tempest / Kalman,2,43,43,0.8360880110846228,0.6210409403125143,0.4585597903208931,0.12286824996658299,53.07759306615423
sa_dreamer_20260521-145020,sa_dreamer_20260521-145020,Single-Agent Dreamer / Tempest / Kalman,2,44,44,0.8708897875202536,0.6990133341949056,0.49968801940401336,0.20758951410885662,52.18450057453318
sa_dreamer_20260521-145020,sa_dreamer_20260521-145020,Single-Agent Dreamer / Tempest / Kalman,2,45,45,0.9013717486547497,0.7494272509029347,0.5723506933064854,0.26724603022299465,55.701238699884826
sa_dreamer_20260521-145020,sa_dreamer_20260521-145020,Single-Agent Dreamer / Tempest / Kalman,2,46,46,0.7940094453544,0.6427462463644091,0.3514816824558377,0.1457808566101208,63.57851471335738
sa_dreamer_20260521-145020,sa_dreamer_20260521-145020,Single-Agent Dreamer / Tempest / Kalman,2,47,47,0.927351556148581,0.7482932743112166,0.6610819132080628,0.26584059818787276,58.258547717997715
sa_dreamer_20260521-145020,sa_dreamer_20260521-145020,Single-Agent Dreamer / Tempest / Kalman,2,48,48,0.8569366405871616,0.6383749061938805,0.46701750990974084,0.14113125326572237,65.7168065465736
sa_dreamer_20260521-145020,sa_dreamer_20260521-145020,Single-Agent Dreamer / Tempest / Kalman,2,49,49,0.947590507084065,0.8448165226416051,0.6895576072145946,0.39998535055404144,60.14435381818829
sa_dreamer_20260521-145020,sa_dreamer_20260521-145020,Single-Agent Dreamer / Tempest / Kalman,2,50,50,0.8582880812107707,0.7273405366167452,0.4541029378874621,0.24048919695112855,60.425052777617424
sa_dreamer_20260521-145020,sa_dreamer_20260521-145020,Single-Agent Dreamer / Tempest / Kalman,4,1,1,0.9243938048881698,0.81185769344392,0.5394192543114356,0.3070039535560813,55.074843669779135
sa_dreamer_20260521-145020,sa_dreamer_20260521-145020,Single-Agent Dreamer / Tempest / Kalman,4,2,2,0.9171374335619629,0.8086702894085325,0.5049753174664786,0.30294353705211946,57.59427099347896
sa_dreamer_20260521-145020,sa_dreamer_20260521-145020,Single-Agent Dreamer / Tempest / Kalman,4,3,3,0.7688640897816039,0.5954864207993726,0.31153285910461986,0.1608113039422794,75.93979437038506
sa_dreamer_20260521-145020,sa_dreamer_20260521-145020,Single-Agent Dreamer / Tempest / Kalman,4,4,4,0.8756206094066461,0.6504705380193415,0.4208649192985043,0.15212263477420235,82.10239352832846
sa_dreamer_20260521-145020,sa_dreamer_20260521-145020,Single-Agent Dreamer / Tempest / Kalman,4,5,5,0.7673923468968137,0.552212936116228,0.32179903691012596,0.1541250076883583,62.17047942943375
sa_dreamer_20260521-145020,sa_dreamer_20260521-145020,Single-Agent Dreamer / Tempest / Kalman,4,6,6,0.7521839539909981,0.510622794848618,0.2663476666915571,0.10131707645091803,88.47102162687511
sa_dreamer_20260521-145020,sa_dreamer_20260521-145020,Single-Agent Dreamer / Tempest / Kalman,4,7,7,0.9039870458236389,0.7575324932271119,0.45253451291678914,0.19411478804831847,82.91304202406175
sa_dreamer_20260521-145020,sa_dreamer_20260521-145020,Single-Agent Dreamer / Tempest / Kalman,4,8,8,0.8293731689080502,0.6083500398193954,0.35249024177473476,0.09294289695707846,95.22230831293044
sa_dreamer_20260521-145020,sa_dreamer_20260521-145020,Single-Agent Dreamer / Tempest / Kalman,4,9,9,0.8948936007546323,0.7769273118044837,0.45983284401483276,0.23884559289280324,58.932089023458104
sa_dreamer_20260521-145020,sa_dreamer_20260521-145020,Single-Agent Dreamer / Tempest / Kalman,4,10,10,0.8157958750434252,0.6794276246787234,0.33246931083684605,0.1696395445896687,65.28806745118813
sa_dreamer_20260521-145020,sa_dreamer_20260521-145020,Single-Agent Dreamer / Tempest / Kalman,4,11,11,0.813128931923111,0.6101508037456802,0.34811342176517984,0.16471909910104243,92.8951183884575
sa_dreamer_20260521-145020,sa_dreamer_20260521-145020,Single-Agent Dreamer / Tempest / Kalman,4,12,12,0.801198304588493,0.483344123423771,0.34787108458034466,0.09482231802402982,109.93141402944727
sa_dreamer_20260521-145020,sa_dreamer_20260521-145020,Single-Agent Dreamer / Tempest / Kalman,4,13,13,0.885363120815648,0.7297649742997716,0.42296786379784,0.1620613224175709,62.9356525605331
sa_dreamer_20260521-145020,sa_dreamer_20260521-145020,Single-Agent Dreamer / Tempest / Kalman,4,14,14,0.7802555268333763,0.5383280698698542,0.2968060118814141,0.10106409086246489,80.87681117295557
sa_dreamer_20260521-145020,sa_dreamer_20260521-145020,Single-Agent Dreamer / Tempest / Kalman,4,15,15,0.9008285245466262,0.74229128977594,0.48414331465173555,0.28923305364813845,58.11977552816879
sa_dreamer_20260521-145020,sa_dreamer_20260521-145020,Single-Agent Dreamer / Tempest / Kalman,4,16,16,0.8536646163916909,0.7042304215538798,0.3770751765514506,0.14079001707447905,65.53540459770421
sa_dreamer_20260521-145020,sa_dreamer_20260521-145020,Single-Agent Dreamer / Tempest / Kalman,4,17,17,0.7873267416225549,0.6018406292900215,0.2997065735369429,0.1417737017406636,75.70917192302643
sa_dreamer_20260521-145020,sa_dreamer_20260521-145020,Single-Agent Dreamer / Tempest / Kalman,4,18,18,0.6267732969589972,0.4525564443511511,0.17145094401119154,0.08026142122726233,77.81633169211973
sa_dreamer_20260521-145020,sa_dreamer_20260521-145020,Single-Agent Dreamer / Tempest / Kalman,4,19,19,0.7661247545951801,0.5872456285587512,0.3022490759613834,0.13636879624791962,71.18876649753649
sa_dreamer_20260521-145020,sa_dreamer_20260521-145020,Single-Agent Dreamer / Tempest / Kalman,4,20,20,0.7735540075338653,0.6234061719715067,0.324499148574006,0.1581338255547383,60.76624675332504
sa_dreamer_20260521-145020,sa_dreamer_20260521-145020,Single-Agent Dreamer / Tempest / Kalman,4,21,21,0.8538921078782592,0.687444300738051,0.41537505277200987,0.19520378632467214,71.36406746569874
sa_dreamer_20260521-145020,sa_dreamer_20260521-145020,Single-Agent Dreamer / Tempest / Kalman,4,22,22,0.9201764317351805,0.818411051558549,0.5050194123090929,0.26716685952611835,78.03996191953276
sa_dreamer_20260521-145020,sa_dreamer_20260521-145020,Single-Agent Dreamer / Tempest / Kalman,4,23,23,0.9261507095769713,0.811535640829376,0.529879140096733,0.269779712864489,65.54390195282896
sa_dreamer_20260521-145020,sa_dreamer_20260521-145020,Single-Agent Dreamer / Tempest / Kalman,4,24,24,0.9143609402192692,0.7376277557384205,0.5283447084439293,0.18747965555518842,72.55946769459013
sa_dreamer_20260521-145020,sa_dreamer_20260521-145020,Single-Agent Dreamer / Tempest / Kalman,4,25,25,0.7880616313689939,0.6468527320390615,0.3170464491068338,0.18981876335589426,76.1530126476847
sa_dreamer_20260521-145020,sa_dreamer_20260521-145020,Single-Agent Dreamer / Tempest / Kalman,4,26,26,0.8873721379136599,0.6980173834161895,0.4374922330613213,0.19046088002400025,80.40670146314994
sa_dreamer_20260521-145020,sa_dreamer_20260521-145020,Single-Agent Dreamer / Tempest / Kalman,4,27,27,0.7573563728418422,0.563244044832455,0.3048082240205349,0.13468476359156167,95.24344469145218
sa_dreamer_20260521-145020,sa_dreamer_20260521-145020,Single-Agent Dreamer / Tempest / Kalman,4,28,28,0.9286744118567947,0.7992443122506422,0.5425384093875528,0.19312706290565557,57.85820392387579
sa_dreamer_20260521-145020,sa_dreamer_20260521-145020,Single-Agent Dreamer / Tempest / Kalman,4,29,29,0.813071623413692,0.7039064605857328,0.29405135483774764,0.14676099638974602,67.00219750058251
sa_dreamer_20260521-145020,sa_dreamer_20260521-145020,Single-Agent Dreamer / Tempest / Kalman,4,30,30,0.7509822626551348,0.5806554355627751,0.29570596589629267,0.12592181218990867,71.94470382635632
sa_dreamer_20260521-145020,sa_dreamer_20260521-145020,Single-Agent Dreamer / Tempest / Kalman,4,31,31,0.8872118826991751,0.7819141784516388,0.43455708165178386,0.24988412640888777,56.5493655858936
sa_dreamer_20260521-145020,sa_dreamer_20260521-145020,Single-Agent Dreamer / Tempest / Kalman,4,32,32,0.8898756567608982,0.6865110707861486,0.4704732934317366,0.14739119793696248,75.85056700292348
sa_dreamer_20260521-145020,sa_dreamer_20260521-145020,Single-Agent Dreamer / Tempest / Kalman,4,33,33,0.7908028079689693,0.6593560253897299,0.3159673278646642,0.15601201352499902,56.714148932356615
sa_dreamer_20260521-145020,sa_dreamer_20260521-145020,Single-Agent Dreamer / Tempest / Kalman,4,34,34,0.7548541086501833,0.6366956801780262,0.2746219748344321,0.1467807548629493,73.53241043196911
sa_dreamer_20260521-145020,sa_dreamer_20260521-145020,Single-Agent Dreamer / Tempest / Kalman,4,35,35,0.8213776550773696,0.6233921377052081,0.3575754002156161,0.1529413753226773,59.512832733572374
sa_dreamer_20260521-145020,sa_dreamer_20260521-145020,Single-Agent Dreamer / Tempest / Kalman,4,36,36,0.8128527601517626,0.6801096836901727,0.3438105184421195,0.17343308266698895,57.654917856729305
sa_dreamer_20260521-145020,sa_dreamer_20260521-145020,Single-Agent Dreamer / Tempest / Kalman,4,37,37,0.8018589544612477,0.6142299071113889,0.3313247007617553,0.14454967905592866,75.54754263035393
sa_dreamer_20260521-145020,sa_dreamer_20260521-145020,Single-Agent Dreamer / Tempest / Kalman,4,38,38,0.7521620298140075,0.5940966421212129,0.3074921116965185,0.17671825450854833,82.80221292428783
sa_dreamer_20260521-145020,sa_dreamer_20260521-145020,Single-Agent Dreamer / Tempest / Kalman,4,39,39,0.7994525739887078,0.6142404411932031,0.36278522862419266,0.10961184404200715,145.73814916478563
sa_dreamer_20260521-145020,sa_dreamer_20260521-145020,Single-Agent Dreamer / Tempest / Kalman,4,40,40,0.7426949328793608,0.5672487328648673,0.26274132355408636,0.12429436576151225,91.33389494055672
sa_dreamer_20260521-145020,sa_dreamer_20260521-145020,Single-Agent Dreamer / Tempest / Kalman,4,41,41,0.8942811340504955,0.7793049111717185,0.45539144265458825,0.19633156879911212,54.614448482447905
sa_dreamer_20260521-145020,sa_dreamer_20260521-145020,Single-Agent Dreamer / Tempest / Kalman,4,42,42,0.818660828871809,0.5915200087368043,0.3604090674717981,0.12455649573831855,85.5818657574233
sa_dreamer_20260521-145020,sa_dreamer_20260521-145020,Single-Agent Dreamer / Tempest / Kalman,4,43,43,0.8815668137149568,0.7481712512623017,0.44304709372914997,0.16748882868939136,55.308912424812014
sa_dreamer_20260521-145020,sa_dreamer_20260521-145020,Single-Agent Dreamer / Tempest / Kalman,4,44,44,0.8326484490420945,0.6928312348106107,0.3948488911366883,0.21440559135797616,54.33182701735843
sa_dreamer_20260521-145020,sa_dreamer_20260521-145020,Single-Agent Dreamer / Tempest / Kalman,4,45,45,0.8671031287623763,0.6970490450050055,0.41379230253335225,0.19497008251102213,77.11386836114752
sa_dreamer_20260521-145020,sa_dreamer_20260521-145020,Single-Agent Dreamer / Tempest / Kalman,4,46,46,0.855262471708705,0.7392733433109046,0.3732108956123892,0.20440455842532942,70.40943408340802
sa_dreamer_20260521-145020,sa_dreamer_20260521-145020,Single-Agent Dreamer / Tempest / Kalman,4,47,47,0.8749112109804895,0.7014253008983914,0.3793370038806389,0.20435793786368112,77.98047951931258
sa_dreamer_20260521-145020,sa_dreamer_20260521-145020,Single-Agent Dreamer / Tempest / Kalman,4,48,48,0.8152505882949245,0.6675702118618126,0.3418551807054597,0.17145552744311837,91.99077005862006
sa_dreamer_20260521-145020,sa_dreamer_20260521-145020,Single-Agent Dreamer / Tempest / Kalman,4,49,49,0.849739994359921,0.6495486000070838,0.38290392567248127,0.16850319651607154,92.33880730037747
sa_dreamer_20260521-145020,sa_dreamer_20260521-145020,Single-Agent Dreamer / Tempest / Kalman,4,50,50,0.7477908090180144,0.543229837329521,0.2910731296061228,0.11770212894281554,73.18239472244905
sa_dreamer_20260521-145020,sa_dreamer_20260521-145020,Single-Agent Dreamer / Tempest / Kalman,5,1,1,0.9276085858976961,0.7776862715081703,0.5183342528121218,0.19992338533610143,55.854192219230335
sa_dreamer_20260521-145020,sa_dreamer_20260521-145020,Single-Agent Dreamer / Tempest / Kalman,5,2,2,0.9150498424656113,0.8031938022711194,0.47737925981300305,0.2683097825664952,59.1752723512904
sa_dreamer_20260521-145020,sa_dreamer_20260521-145020,Single-Agent Dreamer / Tempest / Kalman,5,3,3,0.7801338826327316,0.6073219067533914,0.3090280591941099,0.16386188790301426,81.27003926337208
sa_dreamer_20260521-145020,sa_dreamer_20260521-145020,Single-Agent Dreamer / Tempest / Kalman,5,4,4,0.8881960573821192,0.7386057697160234,0.4367057524379945,0.18253651856806408,84.07808267329098
sa_dreamer_20260521-145020,sa_dreamer_20260521-145020,Single-Agent Dreamer / Tempest / Kalman,5,5,5,0.7370513431179142,0.513866839622641,0.264671715034877,0.10749715542475274,75.54305558211796
sa_dreamer_20260521-145020,sa_dreamer_20260521-145020,Single-Agent Dreamer / Tempest / Kalman,5,6,6,0.6920696739107468,0.4876660399951375,0.2036126965391279,0.09053322251780395,91.5954802099038
sa_dreamer_20260521-145020,sa_dreamer_20260521-145020,Single-Agent Dreamer / Tempest / Kalman,5,7,7,0.8842983596577596,0.7531361752094634,0.42604670543428425,0.206640629167606,92.14569891335549
sa_dreamer_20260521-145020,sa_dreamer_20260521-145020,Single-Agent Dreamer / Tempest / Kalman,5,8,8,0.8025551438072331,0.645540150234559,0.30656987805898883,0.1381894880824879,85.66763886800459
sa_dreamer_20260521-145020,sa_dreamer_20260521-145020,Single-Agent Dreamer / Tempest / Kalman,5,9,9,0.8777330615622513,0.6818330361562097,0.4093399442085756,0.200074235967542,72.52095336760817
sa_dreamer_20260521-145020,sa_dreamer_20260521-145020,Single-Agent Dreamer / Tempest / Kalman,5,10,10,0.7788816957428318,0.6174072322704869,0.28275482020453047,0.10060668335671062,80.29124074844967
sa_dreamer_20260521-145020,sa_dreamer_20260521-145020,Single-Agent Dreamer / Tempest / Kalman,5,11,11,0.80945560044141,0.6116288726559602,0.33513642280233547,0.15065798916638315,96.76709478457327
sa_dreamer_20260521-145020,sa_dreamer_20260521-145020,Single-Agent Dreamer / Tempest / Kalman,5,12,12,0.8352932410215372,0.671451798366945,0.3429935033724862,0.13122568536466486,137.24551173261233
sa_dreamer_20260521-145020,sa_dreamer_20260521-145020,Single-Agent Dreamer / Tempest / Kalman,5,13,13,0.8739441709439489,0.6608700937908278,0.40732007986910435,0.1693945525770565,65.52046932504146
sa_dreamer_20260521-145020,sa_dreamer_20260521-145020,Single-Agent Dreamer / Tempest / Kalman,5,14,14,0.8088707588197072,0.6282355423777791,0.31385466408806684,0.1178077158868524,81.34775278982838
sa_dreamer_20260521-145020,sa_dreamer_20260521-145020,Single-Agent Dreamer / Tempest / Kalman,5,15,15,0.8949570617486684,0.7984439476156269,0.40336790902591546,0.2241258921982249,59.54465504070205
sa_dreamer_20260521-145020,sa_dreamer_20260521-145020,Single-Agent Dreamer / Tempest / Kalman,5,16,16,0.8765399349181003,0.7223890576759999,0.40833245005435903,0.14972932036867131,72.89813986763974
sa_dreamer_20260521-145020,sa_dreamer_20260521-145020,Single-Agent Dreamer / Tempest / Kalman,5,17,17,0.7554313190534416,0.6024382790172514,0.25860187974720406,0.1274834392391259,77.46960528260024
sa_dreamer_20260521-145020,sa_dreamer_20260521-145020,Single-Agent Dreamer / Tempest / Kalman,5,18,18,0.8029707616461456,0.590961368007249,0.2863616345024687,0.11497268218732767,78.88761554606972
sa_dreamer_20260521-145020,sa_dreamer_20260521-145020,Single-Agent Dreamer / Tempest / Kalman,5,19,19,0.8158179282656014,0.6775968057983971,0.31315635465246106,0.1495779667896691,88.63482263844844
sa_dreamer_20260521-145020,sa_dreamer_20260521-145020,Single-Agent Dreamer / Tempest / Kalman,5,20,20,0.748653474402613,0.5301505995250703,0.2982795530873527,0.11845136584822846,67.35259313592442
sa_dreamer_20260521-145020,sa_dreamer_20260521-145020,Single-Agent Dreamer / Tempest / Kalman,5,21,21,0.8370751064108798,0.6892379035035556,0.35723458679141235,0.15532231420563364,73.46473174955538
sa_dreamer_20260521-145020,sa_dreamer_20260521-145020,Single-Agent Dreamer / Tempest / Kalman,5,22,22,0.9209087250339352,0.7596058234664472,0.4969570159175245,0.19242692596917788,82.29911206367818
sa_dreamer_20260521-145020,sa_dreamer_20260521-145020,Single-Agent Dreamer / Tempest / Kalman,5,23,23,0.8881470539778739,0.6941149458607159,0.43085986684435684,0.15177228585080646,77.84767409550908
sa_dreamer_20260521-145020,sa_dreamer_20260521-145020,Single-Agent Dreamer / Tempest / Kalman,5,24,24,0.8708303478364164,0.6990816922625418,0.39280661401445643,0.17487089012815452,83.36136939317939
sa_dreamer_20260521-145020,sa_dreamer_20260521-145020,Single-Agent Dreamer / Tempest / Kalman,5,25,25,0.8000901385421388,0.6320445587045584,0.30405784088765303,0.1428784195569697,87.6563744120255
sa_dreamer_20260521-145020,sa_dreamer_20260521-145020,Single-Agent Dreamer / Tempest / Kalman,5,26,26,0.876036795141091,0.6804361331574075,0.4282411092508261,0.16099159084202233,83.66944997314687
sa_dreamer_20260521-145020,sa_dreamer_20260521-145020,Single-Agent Dreamer / Tempest / Kalman,5,27,27,0.7656984400446009,0.5167295943230507,0.27090452418346267,0.10852241633730376,103.96312822267483
sa_dreamer_20260521-145020,sa_dreamer_20260521-145020,Single-Agent Dreamer / Tempest / Kalman,5,28,28,0.8275418085275044,0.6594733599704046,0.34492363306301127,0.1321260488672099,64.75287107271883
sa_dreamer_20260521-145020,sa_dreamer_20260521-145020,Single-Agent Dreamer / Tempest / Kalman,5,29,29,0.7639662500382447,0.6057890330730605,0.28982169771685967,0.15365525411902534,69.55660876819991
sa_dreamer_20260521-145020,sa_dreamer_20260521-145020,Single-Agent Dreamer / Tempest / Kalman,5,30,30,0.7762548278371616,0.5471142928117869,0.31061970914725073,0.08231015772610539,100.34394556627915
sa_dreamer_20260521-145020,sa_dreamer_20260521-145020,Single-Agent Dreamer / Tempest / Kalman,5,31,31,0.8413198561860533,0.6725884192532761,0.34879324566257025,0.14342625719935664,70.35599610493975
sa_dreamer_20260521-145020,sa_dreamer_20260521-145020,Single-Agent Dreamer / Tempest / Kalman,5,32,32,0.8793134161943108,0.6108045810174475,0.4317371441653378,0.13267364049795013,73.6859049202437
sa_dreamer_20260521-145020,sa_dreamer_20260521-145020,Single-Agent Dreamer / Tempest / Kalman,5,33,33,0.7844150309073807,0.6130104494027329,0.3128753063774114,0.1712617646777733,57.37000830689557
sa_dreamer_20260521-145020,sa_dreamer_20260521-145020,Single-Agent Dreamer / Tempest / Kalman,5,34,34,0.77038495563267,0.5600382942287487,0.2619804206016883,0.12857126240421557,92.01437164086138
sa_dreamer_20260521-145020,sa_dreamer_20260521-145020,Single-Agent Dreamer / Tempest / Kalman,5,35,35,0.8608038760241379,0.6132412517027028,0.3879843782387878,0.10866581279081455,71.52563132600463
sa_dreamer_20260521-145020,sa_dreamer_20260521-145020,Single-Agent Dreamer / Tempest / Kalman,5,36,36,0.8728744353203046,0.7232716913205899,0.40227521855226495,0.22445146768676158,58.17564813576263
sa_dreamer_20260521-145020,sa_dreamer_20260521-145020,Single-Agent Dreamer / Tempest / Kalman,5,37,37,0.8196738123920638,0.6926886226706713,0.34359486201780964,0.1850251458169191,96.03639493167653
sa_dreamer_20260521-145020,sa_dreamer_20260521-145020,Single-Agent Dreamer / Tempest / Kalman,5,38,38,0.7832081070782116,0.5534350998402326,0.32582876828028823,0.13907048936544406,77.18961673066092
sa_dreamer_20260521-145020,sa_dreamer_20260521-145020,Single-Agent Dreamer / Tempest / Kalman,5,39,39,0.8156154639923078,0.5867991198176654,0.3202995898026959,0.09559715559178217,145.87936444844922
sa_dreamer_20260521-145020,sa_dreamer_20260521-145020,Single-Agent Dreamer / Tempest / Kalman,5,40,40,0.8034801374271412,0.5625201185940989,0.3090587693205327,0.11341113079818833,104.5108812907011
sa_dreamer_20260521-145020,sa_dreamer_20260521-145020,Single-Agent Dreamer / Tempest / Kalman,5,41,41,0.837331324401379,0.6610622129997149,0.3377955555389685,0.1745435298394582,78.36278368936235
sa_dreamer_20260521-145020,sa_dreamer_20260521-145020,Single-Agent Dreamer / Tempest / Kalman,5,42,42,0.7563426537452435,0.49990226471471094,0.26636488249022117,0.10675536273494468,97.68766034025651
sa_dreamer_20260521-145020,sa_dreamer_20260521-145020,Single-Agent Dreamer / Tempest / Kalman,5,43,43,0.8529580081376721,0.6305388156292168,0.3654666565298452,0.15035505946834798,65.87084779728903
sa_dreamer_20260521-145020,sa_dreamer_20260521-145020,Single-Agent Dreamer / Tempest / Kalman,5,44,44,0.8658522609365654,0.6949018563220883,0.4055895404824232,0.16208840030028857,65.0507478020177
sa_dreamer_20260521-145020,sa_dreamer_20260521-145020,Single-Agent Dreamer / Tempest / Kalman,5,45,45,0.8674819048742795,0.6655465577040923,0.4047678134880819,0.1751279434660854,94.6184414402276
sa_dreamer_20260521-145020,sa_dreamer_20260521-145020,Single-Agent Dreamer / Tempest / Kalman,5,46,46,0.9350981426431925,0.8421705996952304,0.4989685204334285,0.30468763669779664,73.14649434072115
sa_dreamer_20260521-145020,sa_dreamer_20260521-145020,Single-Agent Dreamer / Tempest / Kalman,5,47,47,0.7851182730059626,0.5706008329742351,0.3101935160506514,0.1222329586369058,88.6503203905613
sa_dreamer_20260521-145020,sa_dreamer_20260521-145020,Single-Agent Dreamer / Tempest / Kalman,5,48,48,0.826510228832769,0.6744811414504837,0.3312527629096109,0.13298129464836353,107.00650795720347
sa_dreamer_20260521-145020,sa_dreamer_20260521-145020,Single-Agent Dreamer / Tempest / Kalman,5,49,49,0.8649026854003591,0.6609986047223401,0.3905698455571853,0.1436122307326767,93.79951402763184
sa_dreamer_20260521-145020,sa_dreamer_20260521-145020,Single-Agent Dreamer / Tempest / Kalman,5,50,50,0.7395539245571172,0.5531678002794875,0.26152513990894843,0.11336228381693145,92.79033074366166
sa_dreamer_20260521-145020,sa_dreamer_20260521-145020,Single-Agent Dreamer / Tempest / Kalman,7,1,1,0.8881251952157466,0.640224271697671,0.40260464655232475,0.1105787294773488,58.721626253755694
sa_dreamer_20260521-145020,sa_dreamer_20260521-145020,Single-Agent Dreamer / Tempest / Kalman,7,2,2,0.9102087958166206,0.759545880513386,0.43206727666554284,0.19138600535964362,62.771086277106384
sa_dreamer_20260521-145020,sa_dreamer_20260521-145020,Single-Agent Dreamer / Tempest / Kalman,7,3,3,0.7929962487852051,0.5572127549534212,0.2923144348134852,0.11345825059324063,95.5640147741058
sa_dreamer_20260521-145020,sa_dreamer_20260521-145020,Single-Agent Dreamer / Tempest / Kalman,7,4,4,0.8813975417005508,0.7190634404052912,0.3715757443221404,0.1362524404224313,106.36040220564522
sa_dreamer_20260521-145020,sa_dreamer_20260521-145020,Single-Agent Dreamer / Tempest / Kalman,7,5,5,0.7612424406856598,0.5587381472216487,0.24501268068576887,0.07973857141883003,95.26033964109085
sa_dreamer_20260521-145020,sa_dreamer_20260521-145020,Single-Agent Dreamer / Tempest / Kalman,7,6,6,0.7515588856214309,0.4862415058133173,0.2285580459139164,0.06968676356480547,106.60011357325142
sa_dreamer_20260521-145020,sa_dreamer_20260521-145020,Single-Agent Dreamer / Tempest / Kalman,7,7,7,0.8249286137187253,0.48442054680872126,0.33280581987446484,0.09787240893612083,121.51158473278956
sa_dreamer_20260521-145020,sa_dreamer_20260521-145020,Single-Agent Dreamer / Tempest / Kalman,7,8,8,0.8222810803267367,0.550161429108009,0.3117314066123972,0.09493689049830013,90.82515790113095
sa_dreamer_20260521-145020,sa_dreamer_20260521-145020,Single-Agent Dreamer / Tempest / Kalman,7,9,9,0.8969484393204558,0.8012091102014697,0.40581704934614715,0.22284345719875998,82.77952197955574
sa_dreamer_20260521-145020,sa_dreamer_20260521-145020,Single-Agent Dreamer / Tempest / Kalman,7,10,10,0.8579984936899132,0.6910701840359198,0.3476344240176951,0.11310755284113139,93.28021132720667
sa_dreamer_20260521-145020,sa_dreamer_20260521-145020,Single-Agent Dreamer / Tempest / Kalman,7,11,11,0.8320893047309725,0.6600227420432734,0.3120204572375555,0.14470397896178297,106.03061135465614
sa_dreamer_20260521-145020,sa_dreamer_20260521-145020,Single-Agent Dreamer / Tempest / Kalman,7,12,12,0.7390488013521932,0.48503893844000306,0.21889146353638086,0.062301369307674596,141.78097434691105
sa_dreamer_20260521-145020,sa_dreamer_20260521-145020,Single-Agent Dreamer / Tempest / Kalman,7,13,13,0.7837377932096219,0.6145134208025624,0.2790870713514948,0.09169671082430648,69.09507396554562
sa_dreamer_20260521-145020,sa_dreamer_20260521-145020,Single-Agent Dreamer / Tempest / Kalman,7,14,14,0.8405156926636094,0.706253620451604,0.3227702473868331,0.12854080574440419,84.68120434514078
sa_dreamer_20260521-145020,sa_dreamer_20260521-145020,Single-Agent Dreamer / Tempest / Kalman,7,15,15,0.8342543500055414,0.7478464586107988,0.2993043232757476,0.19342267168214256,60.2771291182968
sa_dreamer_20260521-145020,sa_dreamer_20260521-145020,Single-Agent Dreamer / Tempest / Kalman,7,16,16,0.8458214769215228,0.6609562640429774,0.325077956695899,0.13615099978539758,75.65552866079922
sa_dreamer_20260521-145020,sa_dreamer_20260521-145020,Single-Agent Dreamer / Tempest / Kalman,7,17,17,0.7764348958739666,0.6075985879493839,0.2536862522305836,0.10145388978197006,94.35940792009123
sa_dreamer_20260521-145020,sa_dreamer_20260521-145020,Single-Agent Dreamer / Tempest / Kalman,7,18,18,0.848854332226486,0.7275596911421632,0.3087526138916499,0.1711350618664529,87.72335047739935
sa_dreamer_20260521-145020,sa_dreamer_20260521-145020,Single-Agent Dreamer / Tempest / Kalman,7,19,19,0.8511600308480051,0.6628087421879613,0.34010630328693137,0.11729475292979247,113.28746057777383
sa_dreamer_20260521-145020,sa_dreamer_20260521-145020,Single-Agent Dreamer / Tempest / Kalman,7,20,20,0.8254957003006795,0.5957336571753682,0.30903333940134853,0.0896488135098567,92.31852209801227
sa_dreamer_20260521-145020,sa_dreamer_20260521-145020,Single-Agent Dreamer / Tempest / Kalman,7,21,21,0.8196262122737872,0.6251532932098729,0.31977921154573097,0.13516676535435504,83.70250875156962
sa_dreamer_20260521-145020,sa_dreamer_20260521-145020,Single-Agent Dreamer / Tempest / Kalman,7,22,22,0.8934488456664963,0.7076760245443169,0.4174428717197897,0.16336109637409155,107.089363503801
sa_dreamer_20260521-145020,sa_dreamer_20260521-145020,Single-Agent Dreamer / Tempest / Kalman,7,23,23,0.8748091862187505,0.6915141253172563,0.3953842161943503,0.17304748884860136,90.8286514134346
sa_dreamer_20260521-145020,sa_dreamer_20260521-145020,Single-Agent Dreamer / Tempest / Kalman,7,24,24,0.8532711978733838,0.626713518203924,0.3387161497988817,0.1233950327142164,85.68257450248896
sa_dreamer_20260521-145020,sa_dreamer_20260521-145020,Single-Agent Dreamer / Tempest / Kalman,7,25,25,0.7918119876778231,0.5106308196680377,0.25885188391548153,0.0713313049245409,162.42007053881096
sa_dreamer_20260521-145020,sa_dreamer_20260521-145020,Single-Agent Dreamer / Tempest / Kalman,7,26,26,0.843349080238233,0.5321718787670833,0.34298692693671634,0.06999989993625338,118.4386785027915
sa_dreamer_20260521-145020,sa_dreamer_20260521-145020,Single-Agent Dreamer / Tempest / Kalman,7,27,27,0.7423023133520674,0.538490386914488,0.20816132395895232,0.061375291297978,174.63992243585076
sa_dreamer_20260521-145020,sa_dreamer_20260521-145020,Single-Agent Dreamer / Tempest / Kalman,7,28,28,0.8066918513623891,0.5490440009206856,0.3035676645161981,0.10313172825294316,69.43823236076769
sa_dreamer_20260521-145020,sa_dreamer_20260521-145020,Single-Agent Dreamer / Tempest / Kalman,7,29,29,0.8383033539223008,0.6670889976033154,0.320336636570519,0.10915175614757375,97.08060422183686
sa_dreamer_20260521-145020,sa_dreamer_20260521-145020,Single-Agent Dreamer / Tempest / Kalman,7,30,30,0.8537878865383266,0.6998609913949164,0.334234981865883,0.15569320033553188,97.54181106442911
sa_dreamer_20260521-145020,sa_dreamer_20260521-145020,Single-Agent Dreamer / Tempest / Kalman,7,31,31,0.9069707608959512,0.7405632115543495,0.4422711486514068,0.17883528649854388,77.42248218942461
sa_dreamer_20260521-145020,sa_dreamer_20260521-145020,Single-Agent Dreamer / Tempest / Kalman,7,32,32,0.887026269183818,0.6579388827012899,0.4121966000922764,0.13202775328247124,86.09156201247308
sa_dreamer_20260521-145020,sa_dreamer_20260521-145020,Single-Agent Dreamer / Tempest / Kalman,7,33,33,0.8100170736292885,0.597932283027407,0.30508861884049676,0.1058672715294939,62.81520860159814
sa_dreamer_20260521-145020,sa_dreamer_20260521-145020,Single-Agent Dreamer / Tempest / Kalman,7,34,34,0.8256966781323052,0.5988331232428368,0.3094728545383313,0.10480135970047033,135.22005613751617
sa_dreamer_20260521-145020,sa_dreamer_20260521-145020,Single-Agent Dreamer / Tempest / Kalman,7,35,35,0.8505762429682846,0.5737826749569921,0.3642821427444792,0.09954983304649752,98.27725271923464
sa_dreamer_20260521-145020,sa_dreamer_20260521-145020,Single-Agent Dreamer / Tempest / Kalman,7,36,36,0.8794110857571044,0.7286946496101362,0.3735872246076848,0.19296547351483231,61.014894839952305
sa_dreamer_20260521-145020,sa_dreamer_20260521-145020,Single-Agent Dreamer / Tempest / Kalman,7,37,37,0.8232123992111104,0.4816969740419552,0.3407507005149752,0.056154488164829944,148.4533064831558
sa_dreamer_20260521-145020,sa_dreamer_20260521-145020,Single-Agent Dreamer / Tempest / Kalman,7,38,38,0.7802403329912886,0.6541041386656271,0.2868798578809389,0.13134495650322203,90.04074963442677
sa_dreamer_20260521-145020,sa_dreamer_20260521-145020,Single-Agent Dreamer / Tempest / Kalman,7,39,39,0.7745403619340582,0.4919110830337723,0.25188468396734703,0.036679768928434,226.29323192415964
sa_dreamer_20260521-145020,sa_dreamer_20260521-145020,Single-Agent Dreamer / Tempest / Kalman,7,40,40,0.7836758161824892,0.5469957024775237,0.2506575351824004,0.06103256473960787,164.54587209930608
sa_dreamer_20260521-145020,sa_dreamer_20260521-145020,Single-Agent Dreamer / Tempest / Kalman,7,41,41,0.7950137384603844,0.6009969398770758,0.26867828754323436,0.09845622770948625,126.88499258502391
sa_dreamer_20260521-145020,sa_dreamer_20260521-145020,Single-Agent Dreamer / Tempest / Kalman,7,42,42,0.7876277191357748,0.554550264777955,0.28451283200731736,0.07675131560553966,106.05740385057075
sa_dreamer_20260521-145020,sa_dreamer_20260521-145020,Single-Agent Dreamer / Tempest / Kalman,7,43,43,0.7949808653282988,0.5631720636588767,0.285061788168645,0.1045125676786666,86.84580260618405
sa_dreamer_20260521-145020,sa_dreamer_20260521-145020,Single-Agent Dreamer / Tempest / Kalman,7,44,44,0.858844157934588,0.7088949666077187,0.3592698614348114,0.15787625590532867,82.75866784540054
sa_dreamer_20260521-145020,sa_dreamer_20260521-145020,Single-Agent Dreamer / Tempest / Kalman,7,45,45,0.8201440446595587,0.5691660768529389,0.29733297324285496,0.10409461163032586,139.49132300562732
sa_dreamer_20260521-145020,sa_dreamer_20260521-145020,Single-Agent Dreamer / Tempest / Kalman,7,46,46,0.778591701147048,0.5382660347523385,0.2846021755277258,0.09046308469620484,110.57033084023519
sa_dreamer_20260521-145020,sa_dreamer_20260521-145020,Single-Agent Dreamer / Tempest / Kalman,7,47,47,0.8217739951654459,0.6394377944595354,0.3052608478335749,0.13767701082157863,109.58600371050692
sa_dreamer_20260521-145020,sa_dreamer_20260521-145020,Single-Agent Dreamer / Tempest / Kalman,7,48,48,0.7700256712059305,0.5221656051565194,0.25794785498079675,0.09115674481297094,129.6439597480713
sa_dreamer_20260521-145020,sa_dreamer_20260521-145020,Single-Agent Dreamer / Tempest / Kalman,7,49,49,0.8753070059192324,0.6957520497157351,0.38313996507958564,0.15352358828912838,106.29968261635388
sa_dreamer_20260521-145020,sa_dreamer_20260521-145020,Single-Agent Dreamer / Tempest / Kalman,7,50,50,0.8176287930242059,0.6204872948647167,0.3028005071606634,0.12883806013882865,99.49916862527678
