[responsive_fairness] output_root=/its/home/mm2350/extra/Olympusv2/benchmarks/benchmark_responsive_fairness/data
[responsive_fairness] duration=345s score_window=(45,345] cadence=15s flow_counts=[2, 4, 5, 7] trials/approach=200
[responsive_fairness] 2_flow_starts=0,45
[responsive_fairness] 4_flow_starts=0,15,30,45
[responsive_fairness] 5_flow_starts=0,11.25,22.5,33.75,45
[responsive_fairness] 7_flow_starts=0,7.5,15,22.5,30,37.5,45
[responsive_fairness] approaches_to_run=ma_dreamer_symmetrical
[responsive_fairness] ma_dreamer_symmetrical config=/its/home/mm2350/extra/Olympusv2/olympus/models/ma_dreamer_20260612-005800/telemetry/config.resolved.yaml
[responsive_fairness] ma_dreamer_symmetrical resuming missing=200/200 by_flow=2:50, 4:50, 5:50, 7:50
[responsive_fairness] slot=0 ma_dreamer_symmetrical flows=2 run=1
[responsive_fairness] slot=1 ma_dreamer_symmetrical flows=2 run=2
[responsive_fairness] slot=2 ma_dreamer_symmetrical flows=2 run=3
[responsive_fairness] slot=3 ma_dreamer_symmetrical flows=2 run=4
[responsive_fairness] slot=4 ma_dreamer_symmetrical flows=2 run=5
[responsive_fairness] slot=5 ma_dreamer_symmetrical flows=2 run=6
[responsive_fairness] slot=6 ma_dreamer_symmetrical flows=2 run=7
[responsive_fairness] slot=7 ma_dreamer_symmetrical flows=2 run=8
[responsive_fairness] slot=8 ma_dreamer_symmetrical flows=2 run=9
[responsive_fairness] slot=9 ma_dreamer_symmetrical flows=2 run=10
[slot=7] ep=8  flows=2  bw=39Mbps  delay=57ms  duration=345s  delays=[0.0, 45.0]  lifetimes=[345.0, 300.0]
[slot=5] ep=6  flows=2  bw=83Mbps  delay=20ms  duration=345s  delays=[0.0, 45.0]  lifetimes=[345.0, 300.0]
[slot=4] ep=5  flows=2  bw=89Mbps  delay=42ms  duration=345s  delays=[0.0, 45.0]  lifetimes=[345.0, 300.0]
[slot=3] ep=4  flows=2  bw=40Mbps  delay=48ms  duration=345s  delays=[0.0, 45.0]  lifetimes=[345.0, 300.0]
[slot=9] ep=10  flows=2  bw=83Mbps  delay=14ms  duration=345s  delays=[0.0, 45.0]  lifetimes=[345.0, 300.0]
[slot=2] ep=3  flows=2  bw=40Mbps  delay=85ms  duration=345s  delays=[0.0, 45.0]  lifetimes=[345.0, 300.0]
[slot=1] ep=2  flows=2  bw=17Mbps  delay=21ms  duration=345s  delays=[0.0, 45.0]  lifetimes=[345.0, 300.0]
[slot=6] ep=7  flows=2  bw=51Mbps  delay=29ms  duration=345s  delays=[0.0, 45.0]  lifetimes=[345.0, 300.0]
[slot=0] ep=1  flows=2  bw=27Mbps  delay=82ms  duration=345s  delays=[0.0, 45.0]  lifetimes=[345.0, 300.0]
[slot=8] ep=9  flows=2  bw=69Mbps  delay=88ms  duration=345s  delays=[0.0, 45.0]  lifetimes=[345.0, 300.0]
[sao-listener] cport=23400 worker=/its/home/mm2350/extra/Olympusv2/olympus/algorithms/ma_dreamer/worker.py scan=20ms target_cc=astraea single_flow=1 no_state_pipe=1
[sao-listener] cport=23000 worker=/its/home/mm2350/extra/Olympusv2/olympus/algorithms/ma_dreamer/worker.py scan=20ms target_cc=astraea single_flow=1 no_state_pipe=1
[sao-listener] cport=23600 worker=/its/home/mm2350/extra/Olympusv2/olympus/algorithms/ma_dreamer/worker.py scan=20ms target_cc=astraea single_flow=1 no_state_pipe=1
[sao-listener] cport=23800 worker=/its/home/mm2350/extra/Olympusv2/olympus/algorithms/ma_dreamer/worker.py scan=20ms target_cc=astraea single_flow=1 no_state_pipe=1
[sao-listener] cport=23900 worker=/its/home/mm2350/extra/Olympusv2/olympus/algorithms/ma_dreamer/worker.py scan=20ms target_cc=astraea single_flow=1 no_state_pipe=1
[sao-listener] cport=23200 worker=/its/home/mm2350/extra/Olympusv2/olympus/algorithms/ma_dreamer/worker.py scan=20ms target_cc=astraea single_flow=1 no_state_pipe=1
[sao-listener] cport=23500 worker=/its/home/mm2350/extra/Olympusv2/olympus/algorithms/ma_dreamer/worker.py scan=20ms target_cc=astraea single_flow=1 no_state_pipe=1
[sao-listener] cport=23100 worker=/its/home/mm2350/extra/Olympusv2/olympus/algorithms/ma_dreamer/worker.py scan=20ms target_cc=astraea single_flow=1 no_state_pipe=1
[sao-listener] cport=23700 worker=/its/home/mm2350/extra/Olympusv2/olympus/algorithms/ma_dreamer/worker.py scan=20ms target_cc=astraea single_flow=1 no_state_pipe=1
[sao-listener] cport=23300 worker=/its/home/mm2350/extra/Olympusv2/olympus/algorithms/ma_dreamer/worker.py scan=20ms target_cc=astraea single_flow=1 no_state_pipe=1
[sao-listener] cport=23401 worker=/its/home/mm2350/extra/Olympusv2/olympus/algorithms/ma_dreamer/worker.py scan=20ms target_cc=astraea single_flow=1 no_state_pipe=1
[sao-listener] cport=23601 worker=/its/home/mm2350/extra/Olympusv2/olympus/algorithms/ma_dreamer/worker.py scan=20ms target_cc=astraea single_flow=1 no_state_pipe=1
[sao-listener] cport=23001 worker=/its/home/mm2350/extra/Olympusv2/olympus/algorithms/ma_dreamer/worker.py scan=20ms target_cc=astraea single_flow=1 no_state_pipe=1
[sao-listener] cport=23501 worker=/its/home/mm2350/extra/Olympusv2/olympus/algorithms/ma_dreamer/worker.py scan=20ms target_cc=astraea single_flow=1 no_state_pipe=1
[sao-listener] cport=23801 worker=/its/home/mm2350/extra/Olympusv2/olympus/algorithms/ma_dreamer/worker.py scan=20ms target_cc=astraea single_flow=1 no_state_pipe=1
[sao-listener] cport=23101 worker=/its/home/mm2350/extra/Olympusv2/olympus/algorithms/ma_dreamer/worker.py scan=20ms target_cc=astraea single_flow=1 no_state_pipe=1
[sao-listener] cport=23301 worker=/its/home/mm2350/extra/Olympusv2/olympus/algorithms/ma_dreamer/worker.py scan=20ms target_cc=astraea single_flow=1 no_state_pipe=1
[sao-listener] cport=23901 worker=/its/home/mm2350/extra/Olympusv2/olympus/algorithms/ma_dreamer/worker.py scan=20ms target_cc=astraea single_flow=1 no_state_pipe=1
[sao-listener] cport=23201 worker=/its/home/mm2350/extra/Olympusv2/olympus/algorithms/ma_dreamer/worker.py scan=20ms target_cc=astraea single_flow=1 no_state_pipe=1
[sao-listener] cport=23701 worker=/its/home/mm2350/extra/Olympusv2/olympus/algorithms/ma_dreamer/worker.py scan=20ms target_cc=astraea single_flow=1 no_state_pipe=1
[sao-listener] new flow 1 10.0.0.1:23500->10.0.0.3:5206 cc=astraea pid=8872 child=11027
[sao-listener] single-flow mode: attached worker; stopping ss scans
[sao-listener flow 1] cport=23500 cc=astraea worker active
[sao-listener] new flow 1 10.0.0.1:23400->10.0.0.3:5205 cc=astraea pid=8855 child=11091
[sao-listener] single-flow mode: attached worker; stopping ss scans
[sao-listener flow 1] cport=23400 cc=astraea worker active
[sao-listener] new flow 1 10.0.0.1:23600->10.0.0.3:5207 cc=astraea pid=8862 child=11180
[sao-listener] single-flow mode: attached worker; stopping ss scans
[sao-listener flow 1] cport=23600 cc=astraea worker active
[sao-listener] new flow 1 10.0.0.1:23200->10.0.0.3:5203 cc=astraea pid=8893 child=11245
[sao-listener] single-flow mode: attached worker; stopping ss scans
[sao-listener flow 1] cport=23200 cc=astraea worker active
[sao-listener] new flow 1 10.0.0.1:23100->10.0.0.3:5202 cc=astraea pid=8882 child=11250
[sao-listener] single-flow mode: attached worker; stopping ss scans
[sao-listener flow 1] cport=23100 cc=astraea worker active
[sao-listener] new flow 1 10.0.0.1:23700->10.0.0.3:5208 cc=astraea pid=8896 child=11377
[sao-listener] single-flow mode: attached worker; stopping ss scans
[sao-listener flow 1] cport=23700 cc=astraea worker active
[sao-listener] new flow 1 10.0.0.1:23000->10.0.0.3:5201 cc=astraea pid=8867 child=11435
[sao-listener] single-flow mode: attached worker; stopping ss scans
[sao-listener flow 1] cport=23000 cc=astraea worker active
[sao-listener] new flow 1 10.0.0.1:23800->10.0.0.3:5209 cc=astraea pid=8877 child=11441
[sao-listener] single-flow mode: attached worker; stopping ss scans
[sao-listener flow 1] cport=23800 cc=astraea worker active
[sao-listener] new flow 1 10.0.0.1:23900->10.0.0.3:5210 cc=astraea pid=8886 child=11556
[sao-listener] single-flow mode: attached worker; stopping ss scans
[sao-listener flow 1] cport=23900 cc=astraea worker active
[sao-listener] new flow 1 10.0.0.1:23300->10.0.0.3:5204 cc=astraea pid=8884 child=11566
[sao-listener] single-flow mode: attached worker; stopping ss scans
[sao-listener flow 1] cport=23300 cc=astraea worker active
[worker cport=23400 agent=0] loaded checkpoint step=51200
[worker cport=23500 agent=0] loaded checkpoint step=51200
[worker alg=ma_dreamer reward=tempest_fairness_ma_symetric cport=23400 agent=0 group=slot4_ep5 flow=1] started interval=20ms det=1 latent=8x8
[worker alg=ma_dreamer reward=tempest_fairness_ma_symetric cport=23500 agent=0 group=slot5_ep6 flow=1] started interval=20ms det=1 latent=8x8
[worker cport=23600 agent=0] loaded checkpoint step=51200
[worker alg=ma_dreamer reward=tempest_fairness_ma_symetric cport=23600 agent=0 group=slot6_ep7 flow=1] started interval=20ms det=1 latent=8x8
[worker cport=23200 agent=0] loaded checkpoint step=51200
[worker alg=ma_dreamer reward=tempest_fairness_ma_symetric cport=23200 agent=0 group=slot2_ep3 flow=1] started interval=20ms det=1 latent=8x8
[worker cport=23100 agent=0] loaded checkpoint step=51200
[worker alg=ma_dreamer reward=tempest_fairness_ma_symetric cport=23100 agent=0 group=slot1_ep2 flow=1] started interval=20ms det=1 latent=8x8
[worker cport=23700 agent=0] loaded checkpoint step=51200
[worker alg=ma_dreamer reward=tempest_fairness_ma_symetric cport=23700 agent=0 group=slot7_ep8 flow=1] started interval=20ms det=1 latent=8x8
[worker cport=23800 agent=0] loaded checkpoint step=51200
[worker alg=ma_dreamer reward=tempest_fairness_ma_symetric cport=23800 agent=0 group=slot8_ep9 flow=1] started interval=20ms det=1 latent=8x8
[worker cport=23000 agent=0] loaded checkpoint step=51200
[worker alg=ma_dreamer reward=tempest_fairness_ma_symetric cport=23000 agent=0 group=slot0_ep1 flow=1] started interval=20ms det=1 latent=8x8
[worker cport=23900 agent=0] loaded checkpoint step=51200
[worker alg=ma_dreamer reward=tempest_fairness_ma_symetric cport=23900 agent=0 group=slot9_ep10 flow=1] started interval=20ms det=1 latent=8x8
[worker cport=23300 agent=0] loaded checkpoint step=51200
[worker alg=ma_dreamer reward=tempest_fairness_ma_symetric cport=23300 agent=0 group=slot3_ep4 flow=1] started interval=20ms det=1 latent=8x8
[orch] link change t=15.0s bw=55 delay=98
[orch] link change t=15.0s bw=18 delay=42
[orch] link change t=15.0s bw=60 delay=93
[orch] link change t=15.0s bw=57 delay=44
[orch] link change t=15.0s bw=64 delay=71
[orch] link change t=15.0s bw=79 delay=26
[orch] link change t=15.0s bw=72 delay=43
[orch] link change t=15.0s bw=23 delay=60
[orch] link change t=15.0s bw=58 delay=26
[orch] link change t=15.0s bw=20 delay=56
[orch] link change t=30.0s bw=93 delay=77
[orch] link change t=30.0s bw=25 delay=73
[orch] link change t=30.0s bw=16 delay=19
[orch] link change t=30.0s bw=27 delay=33
[orch] link change t=30.0s bw=57 delay=87
[orch] link change t=30.0s bw=83 delay=11
[orch] link change t=30.0s bw=14 delay=10
[orch] link change t=30.0s bw=31 delay=95
[orch] link change t=30.0s bw=71 delay=29
[orch] link change t=30.0s bw=34 delay=100
[orch] link change t=45.0s bw=13 delay=69
[orch] link change t=45.0s bw=67 delay=70
[orch] link change t=45.0s bw=78 delay=22
[orch] link change t=45.0s bw=96 delay=10
[orch] link change t=45.0s bw=70 delay=90
[orch] link change t=45.0s bw=28 delay=94
[orch] link change t=45.0s bw=36 delay=69
[orch] link change t=45.0s bw=15 delay=20
[orch] link change t=45.0s bw=21 delay=18
[orch] link change t=45.0s bw=49 delay=42
[sao-listener] new flow 1 10.0.0.2:23501->10.0.0.4:5206 cc=astraea pid=29237 child=29575
[sao-listener] single-flow mode: attached worker; stopping ss scans
[sao-listener flow 1] cport=23501 cc=astraea worker active
[sao-listener] new flow 1 10.0.0.2:23401->10.0.0.4:5205 cc=astraea pid=29233 child=29640
[sao-listener] single-flow mode: attached worker; stopping ss scans
[sao-listener flow 1] cport=23401 cc=astraea worker active
[sao-listener] new flow 1 10.0.0.2:23701->10.0.0.4:5208 cc=astraea pid=29245 child=29709
[sao-listener] single-flow mode: attached worker; stopping ss scans
[sao-listener flow 1] cport=23701 cc=astraea worker active
[sao-listener] new flow 1 10.0.0.2:23301->10.0.0.4:5204 cc=astraea pid=29242 child=29764
[sao-listener] single-flow mode: attached worker; stopping ss scans
[sao-listener flow 1] cport=23301 cc=astraea worker active
[sao-listener] new flow 1 10.0.0.2:23201->10.0.0.4:5203 cc=astraea pid=29241 child=29824
[sao-listener] new flow 1 10.0.0.2:23101->10.0.0.4:5202 cc=astraea pid=29239 child=29823
[sao-listener] single-flow mode: attached worker; stopping ss scans
[sao-listener] single-flow mode: attached worker; stopping ss scans
[sao-listener flow 1] cport=23201 cc=astraea worker active
[sao-listener flow 1] cport=23101 cc=astraea worker active
[sao-listener] new flow 1 10.0.0.2:23001->10.0.0.4:5201 cc=astraea pid=29236 child=29933
[sao-listener] single-flow mode: attached worker; stopping ss scans
[sao-listener flow 1] cport=23001 cc=astraea worker active
[sao-listener] new flow 1 10.0.0.2:23801->10.0.0.4:5209 cc=astraea pid=29238 child=29936
[sao-listener] single-flow mode: attached worker; stopping ss scans
[sao-listener flow 1] cport=23801 cc=astraea worker active
[sao-listener] new flow 1 10.0.0.2:23601->10.0.0.4:5207 cc=astraea pid=29235 child=30038
[sao-listener] single-flow mode: attached worker; stopping ss scans
[sao-listener flow 1] cport=23601 cc=astraea worker active
[sao-listener] new flow 1 10.0.0.2:23901->10.0.0.4:5210 cc=astraea pid=29244 child=30087
[sao-listener] single-flow mode: attached worker; stopping ss scans
[sao-listener flow 1] cport=23901 cc=astraea worker active
[worker cport=23501 agent=1] loaded checkpoint step=51200
[worker alg=ma_dreamer reward=tempest_fairness_ma_symetric cport=23501 agent=1 group=slot5_ep6 flow=1] started interval=20ms det=1 latent=8x8
[worker cport=23401 agent=1] loaded checkpoint step=51200
[worker alg=ma_dreamer reward=tempest_fairness_ma_symetric cport=23401 agent=1 group=slot4_ep5 flow=1] started interval=20ms det=1 latent=8x8
[worker cport=23701 agent=1] loaded checkpoint step=51200
[worker alg=ma_dreamer reward=tempest_fairness_ma_symetric cport=23701 agent=1 group=slot7_ep8 flow=1] started interval=20ms det=1 latent=8x8
[worker cport=23301 agent=1] loaded checkpoint step=51200
[worker alg=ma_dreamer reward=tempest_fairness_ma_symetric cport=23301 agent=1 group=slot3_ep4 flow=1] started interval=20ms det=1 latent=8x8
[worker cport=23101 agent=1] loaded checkpoint step=51200
[worker alg=ma_dreamer reward=tempest_fairness_ma_symetric cport=23101 agent=1 group=slot1_ep2 flow=1] started interval=20ms det=1 latent=8x8
[worker cport=23201 agent=1] loaded checkpoint step=51200
[worker alg=ma_dreamer reward=tempest_fairness_ma_symetric cport=23201 agent=1 group=slot2_ep3 flow=1] started interval=20ms det=1 latent=8x8
[worker cport=23001 agent=1] loaded checkpoint step=51200
[worker alg=ma_dreamer reward=tempest_fairness_ma_symetric cport=23001 agent=1 group=slot0_ep1 flow=1] started interval=20ms det=1 latent=8x8
[worker cport=23801 agent=1] loaded checkpoint step=51200
[worker alg=ma_dreamer reward=tempest_fairness_ma_symetric cport=23801 agent=1 group=slot8_ep9 flow=1] started interval=20ms det=1 latent=8x8
[worker cport=23601 agent=1] loaded checkpoint step=51200
[worker alg=ma_dreamer reward=tempest_fairness_ma_symetric cport=23601 agent=1 group=slot6_ep7 flow=1] started interval=20ms det=1 latent=8x8
[worker cport=23901 agent=1] loaded checkpoint step=51200
[worker alg=ma_dreamer reward=tempest_fairness_ma_symetric cport=23901 agent=1 group=slot9_ep10 flow=1] started interval=20ms det=1 latent=8x8
[orch] link change t=60.0s bw=41 delay=93
[orch] link change t=60.0s bw=93 delay=58
[orch] link change t=60.0s bw=56 delay=84
[orch] link change t=60.0s bw=53 delay=74
[orch] link change t=60.0s bw=84 delay=18
[orch] link change t=60.0s bw=72 delay=45
[orch] link change t=60.0s bw=85 delay=70
[orch] link change t=60.0s bw=12 delay=61
[orch] link change t=60.0s bw=87 delay=37
[orch] link change t=60.0s bw=27 delay=41
[orch] link change t=75.0s bw=16 delay=30
[orch] link change t=75.0s bw=36 delay=22
[orch] link change t=75.0s bw=17 delay=74
[orch] link change t=75.0s bw=57 delay=50
[orch] link change t=75.0s bw=93 delay=30
[orch] link change t=75.0s bw=87 delay=11
[orch] link change t=75.0s bw=80 delay=47
[orch] link change t=75.0s bw=87 delay=14
[orch] link change t=75.0s bw=69 delay=87
[orch] link change t=75.0s bw=74 delay=36
[orch] link change t=90.0s bw=24 delay=57
[orch] link change t=90.0s bw=72 delay=13
[orch] link change t=90.0s bw=20 delay=52
[orch] link change t=90.0s bw=37 delay=14
[orch] link change t=90.0s bw=12 delay=44
[orch] link change t=90.0s bw=14 delay=76
[orch] link change t=90.0s bw=70 delay=43
[orch] link change t=90.0s bw=84 delay=97
[orch] link change t=90.0s bw=61 delay=92
[orch] link change t=90.0s bw=17 delay=38
[orch] link change t=105.0s bw=70 delay=41
[orch] link change t=105.0s bw=59 delay=65
[orch] link change t=105.0s bw=21 delay=65
[orch] link change t=105.0s bw=80 delay=88
[orch] link change t=105.0s bw=80 delay=39
[orch] link change t=105.0s bw=72 delay=51
[orch] link change t=105.0s bw=72 delay=35
[orch] link change t=105.0s bw=30 delay=65
[orch] link change t=105.0s bw=13 delay=68
[orch] link change t=105.0s bw=76 delay=78
[orch] link change t=120.0s bw=58 delay=79
[orch] link change t=120.0s bw=87 delay=10
[orch] link change t=120.0s bw=63 delay=18
[orch] link change t=120.0s bw=99 delay=15
[orch] link change t=120.0s bw=62 delay=78
[orch] link change t=120.0s bw=34 delay=70
[orch] link change t=120.0s bw=19 delay=41
[orch] link change t=120.0s bw=72 delay=68
[orch] link change t=120.0s bw=91 delay=60
[orch] link change t=120.0s bw=56 delay=45
[orch] link change t=135.0s bw=23 delay=83
[orch] link change t=135.0s bw=99 delay=67
[orch] link change t=135.0s bw=40 delay=21
[orch] link change t=135.0s bw=58 delay=31
[orch] link change t=135.0s bw=79 delay=97
[orch] link change t=135.0s bw=56 delay=15
[orch] link change t=135.0s bw=79 delay=80
[orch] link change t=135.0s bw=75 delay=57
[orch] link change t=135.0s bw=59 delay=73
[orch] link change t=135.0s bw=32 delay=23
[orch] link change t=150.0s bw=41 delay=11
[orch] link change t=150.0s bw=44 delay=39
[orch] link change t=150.0s bw=80 delay=64
[orch] link change t=150.0s bw=70 delay=60
[orch] link change t=150.0s bw=100 delay=67
[orch] link change t=150.0s bw=63 delay=27
[orch] link change t=150.0s bw=22 delay=34
[orch] link change t=150.0s bw=83 delay=34
[orch] link change t=150.0s bw=79 delay=66
[orch] link change t=150.0s bw=43 delay=37
[orch] link change t=165.0s bw=37 delay=62
[orch] link change t=165.0s bw=85 delay=23
[orch] link change t=165.0s bw=64 delay=30
[orch] link change t=165.0s bw=17 delay=82
[orch] link change t=165.0s bw=87 delay=55
[orch] link change t=165.0s bw=13 delay=92
[orch] link change t=165.0s bw=61 delay=21
[orch] link change t=165.0s bw=91 delay=29
[orch] link change t=165.0s bw=74 delay=44
[orch] link change t=165.0s bw=82 delay=80
[orch] link change t=180.0s bw=45 delay=33
[orch] link change t=180.0s bw=50 delay=13
[orch] link change t=180.0s bw=25 delay=38
[orch] link change t=180.0s bw=31 delay=40
[orch] link change t=180.0s bw=43 delay=44
[orch] link change t=180.0s bw=99 delay=43
[orch] link change t=180.0s bw=72 delay=39
[orch] link change t=180.0s bw=58 delay=63
[orch] link change t=180.0s bw=39 delay=91
[orch] link change t=180.0s bw=14 delay=13
[orch] link change t=195.0s bw=59 delay=30
[orch] link change t=195.0s bw=12 delay=13
[orch] link change t=195.0s bw=90 delay=90
[orch] link change t=195.0s bw=16 delay=24
[orch] link change t=195.0s bw=46 delay=96
[orch] link change t=195.0s bw=29 delay=76
[orch] link change t=195.0s bw=94 delay=88
[orch] link change t=195.0s bw=12 delay=99
[orch] link change t=195.0s bw=34 delay=31
[orch] link change t=195.0s bw=56 delay=69
[orch] link change t=210.0s bw=19 delay=27
[orch] link change t=210.0s bw=93 delay=79
[orch] link change t=210.0s bw=84 delay=17
[orch] link change t=210.0s bw=26 delay=74
[orch] link change t=210.0s bw=59 delay=11
[orch] link change t=210.0s bw=97 delay=21
[orch] link change t=210.0s bw=49 delay=47
[orch] link change t=210.0s bw=44 delay=76
[orch] link change t=210.0s bw=50 delay=58
[orch] link change t=210.0s bw=43 delay=68
[orch] link change t=225.0s bw=89 delay=89
[orch] link change t=225.0s bw=11 delay=58
[orch] link change t=225.0s bw=83 delay=84
[orch] link change t=225.0s bw=64 delay=52
[orch] link change t=225.0s bw=85 delay=18
[orch] link change t=225.0s bw=95 delay=18
[orch] link change t=225.0s bw=32 delay=97
[orch] link change t=225.0s bw=90 delay=57
[orch] link change t=225.0s bw=64 delay=77
[orch] link change t=225.0s bw=62 delay=70
[orch] link change t=240.0s bw=66 delay=26
[orch] link change t=240.0s bw=97 delay=37
[orch] link change t=240.0s bw=60 delay=16
[orch] link change t=240.0s bw=21 delay=56
[orch] link change t=240.0s bw=30 delay=85
[orch] link change t=240.0s bw=98 delay=59
[orch] link change t=240.0s bw=58 delay=24
[orch] link change t=240.0s bw=21 delay=87
[orch] link change t=240.0s bw=48 delay=94
[orch] link change t=240.0s bw=31 delay=81
[orch] link change t=255.0s bw=26 delay=10
[orch] link change t=255.0s bw=64 delay=13
[orch] link change t=255.0s bw=38 delay=15
[orch] link change t=255.0s bw=23 delay=47
[orch] link change t=255.0s bw=62 delay=42
[orch] link change t=255.0s bw=15 delay=48
[orch] link change t=255.0s bw=94 delay=43
[orch] link change t=255.0s bw=56 delay=27
[orch] link change t=255.0s bw=32 delay=40
[orch] link change t=255.0s bw=53 delay=95
[orch] link change t=270.0s bw=10 delay=36
[orch] link change t=270.0s bw=77 delay=38
[orch] link change t=270.0s bw=81 delay=27
[orch] link change t=270.0s bw=36 delay=96
[orch] link change t=270.0s bw=66 delay=99
[orch] link change t=270.0s bw=59 delay=74
[orch] link change t=270.0s bw=22 delay=18
[orch] link change t=270.0s bw=13 delay=44
[orch] link change t=270.0s bw=68 delay=40
[orch] link change t=270.0s bw=39 delay=13
[orch] link change t=285.0s bw=37 delay=31
[orch] link change t=285.0s bw=66 delay=73
[orch] link change t=285.0s bw=47 delay=63
[orch] link change t=285.0s bw=38 delay=63
[orch] link change t=285.0s bw=22 delay=35
[orch] link change t=285.0s bw=70 delay=86
[orch] link change t=285.0s bw=59 delay=89
[orch] link change t=285.0s bw=66 delay=88
[orch] link change t=285.0s bw=41 delay=32
[orch] link change t=285.0s bw=32 delay=51
[orch] link change t=300.0s bw=31 delay=47
[orch] link change t=300.0s bw=80 delay=39
[orch] link change t=300.0s bw=28 delay=79
[orch] link change t=300.0s bw=99 delay=91
[orch] link change t=300.0s bw=21 delay=44
[orch] link change t=300.0s bw=59 delay=64
[orch] link change t=300.0s bw=58 delay=15
[orch] link change t=300.0s bw=32 delay=27
[orch] link change t=300.0s bw=41 delay=70
[orch] link change t=300.0s bw=58 delay=23
[orch] link change t=315.0s bw=50 delay=35
[orch] link change t=315.0s bw=54 delay=39
[orch] link change t=315.0s bw=25 delay=83
[orch] link change t=315.0s bw=36 delay=60
[orch] link change t=315.0s bw=47 delay=22
[orch] link change t=315.0s bw=60 delay=83
[orch] link change t=315.0s bw=84 delay=10
[orch] link change t=315.0s bw=45 delay=21
[orch] link change t=315.0s bw=94 delay=17
[orch] link change t=315.0s bw=75 delay=75
[orch] link change t=330.0s bw=79 delay=96
[orch] link change t=330.0s bw=96 delay=38
[orch] link change t=330.0s bw=49 delay=81
[orch] link change t=330.0s bw=40 delay=27
[orch] link change t=330.0s bw=66 delay=27
[orch] link change t=330.0s bw=45 delay=53
[orch] link change t=330.0s bw=15 delay=85
[orch] link change t=330.0s bw=56 delay=75
[orch] link change t=330.0s bw=80 delay=48
[orch] link change t=330.0s bw=53 delay=40
[multi_ep_plot] saved -> /its/home/mm2350/extra/Olympusv2/benchmarks/benchmark_responsive_fairness/data/ma_dreamer_symmetrical/2_flows/run10/ep000010_bw83_d14_n2.pdf  return=634866.5
[ep_plot] ep=10 -> /its/home/mm2350/extra/Olympusv2/benchmarks/benchmark_responsive_fairness/data/ma_dreamer_symmetrical/2_flows/run10/ep000010_bw83_d14_n2.pdf  return=634866.46875
[orch] ep=10 sum-of-agents return=634866.5
[multi_ep_plot] saved -> /its/home/mm2350/extra/Olympusv2/benchmarks/benchmark_responsive_fairness/data/ma_dreamer_symmetrical/2_flows/run5/ep000005_bw89_d42_n2.pdf  return=586261.2
[ep_plot] ep=5 -> /its/home/mm2350/extra/Olympusv2/benchmarks/benchmark_responsive_fairness/data/ma_dreamer_symmetrical/2_flows/run5/ep000005_bw89_d42_n2.pdf  return=586261.15625
[orch] ep=5 sum-of-agents return=586261.2
[responsive_fairness] slot=4 ma_dreamer_symmetrical flows=2 run=11
[responsive_fairness] slot=9 ma_dreamer_symmetrical flows=2 run=12
[responsive_fairness] ma_dreamer_symmetrical flows=2 run=5 done (1/200)
[responsive_fairness] ma_dreamer_symmetrical flows=2 run=10 done (2/200)
[slot=4] ep=11  flows=2  bw=67Mbps  delay=81ms  duration=345s  delays=[0.0, 45.0]  lifetimes=[345.0, 300.0]
[slot=9] ep=12  flows=2  bw=70Mbps  delay=44ms  duration=345s  delays=[0.0, 45.0]  lifetimes=[345.0, 300.0]
[multi_ep_plot] saved -> /its/home/mm2350/extra/Olympusv2/benchmarks/benchmark_responsive_fairness/data/ma_dreamer_symmetrical/2_flows/run6/ep000006_bw83_d20_n2.pdf  return=590860.9
[ep_plot] ep=6 -> /its/home/mm2350/extra/Olympusv2/benchmarks/benchmark_responsive_fairness/data/ma_dreamer_symmetrical/2_flows/run6/ep000006_bw83_d20_n2.pdf  return=590860.90625
[orch] ep=6 sum-of-agents return=590860.9
[responsive_fairness] slot=5 ma_dreamer_symmetrical flows=2 run=13
[responsive_fairness] ma_dreamer_symmetrical flows=2 run=6 done (3/200)
[slot=5] ep=13  flows=2  bw=43Mbps  delay=47ms  duration=345s  delays=[0.0, 45.0]  lifetimes=[345.0, 300.0]
[multi_ep_plot] saved -> /its/home/mm2350/extra/Olympusv2/benchmarks/benchmark_responsive_fairness/data/ma_dreamer_symmetrical/2_flows/run7/ep000007_bw51_d29_n2.pdf  return=619091.8
[ep_plot] ep=7 -> /its/home/mm2350/extra/Olympusv2/benchmarks/benchmark_responsive_fairness/data/ma_dreamer_symmetrical/2_flows/run7/ep000007_bw51_d29_n2.pdf  return=619091.78125
[orch] ep=7 sum-of-agents return=619091.8
[responsive_fairness] slot=6 ma_dreamer_symmetrical flows=2 run=14
[responsive_fairness] ma_dreamer_symmetrical flows=2 run=7 done (4/200)
[multi_ep_plot] saved -> /its/home/mm2350/extra/Olympusv2/benchmarks/benchmark_responsive_fairness/data/ma_dreamer_symmetrical/2_flows/run4/ep000004_bw40_d48_n2.pdf  return=613723.3
[ep_plot] ep=4 -> /its/home/mm2350/extra/Olympusv2/benchmarks/benchmark_responsive_fairness/data/ma_dreamer_symmetrical/2_flows/run4/ep000004_bw40_d48_n2.pdf  return=613723.28125
[orch] ep=4 sum-of-agents return=613723.3
[slot=6] ep=14  flows=2  bw=23Mbps  delay=88ms  duration=345s  delays=[0.0, 45.0]  lifetimes=[345.0, 300.0]
[responsive_fairness] slot=3 ma_dreamer_symmetrical flows=2 run=15
[responsive_fairness] ma_dreamer_symmetrical flows=2 run=4 done (5/200)
[multi_ep_plot] saved -> /its/home/mm2350/extra/Olympusv2/benchmarks/benchmark_responsive_fairness/data/ma_dreamer_symmetrical/2_flows/run8/ep000008_bw39_d57_n2.pdf  return=627994.2
[ep_plot] ep=8 -> /its/home/mm2350/extra/Olympusv2/benchmarks/benchmark_responsive_fairness/data/ma_dreamer_symmetrical/2_flows/run8/ep000008_bw39_d57_n2.pdf  return=627994.21875
[orch] ep=8 sum-of-agents return=627994.2
[slot=3] ep=15  flows=2  bw=36Mbps  delay=11ms  duration=345s  delays=[0.0, 45.0]  lifetimes=[345.0, 300.0]
[responsive_fairness] slot=7 ma_dreamer_symmetrical flows=2 run=16
[responsive_fairness] ma_dreamer_symmetrical flows=2 run=8 done (6/200)
[slot=7] ep=16  flows=2  bw=56Mbps  delay=70ms  duration=345s  delays=[0.0, 45.0]  lifetimes=[345.0, 300.0]
[multi_ep_plot] saved -> /its/home/mm2350/extra/Olympusv2/benchmarks/benchmark_responsive_fairness/data/ma_dreamer_symmetrical/2_flows/run2/ep000002_bw17_d21_n2.pdf  return=624801.2
[ep_plot] ep=2 -> /its/home/mm2350/extra/Olympusv2/benchmarks/benchmark_responsive_fairness/data/ma_dreamer_symmetrical/2_flows/run2/ep000002_bw17_d21_n2.pdf  return=624801.15625
[orch] ep=2 sum-of-agents return=624801.2
[responsive_fairness] slot=1 ma_dreamer_symmetrical flows=2 run=17
[responsive_fairness] ma_dreamer_symmetrical flows=2 run=2 done (7/200)
[multi_ep_plot] saved -> /its/home/mm2350/extra/Olympusv2/benchmarks/benchmark_responsive_fairness/data/ma_dreamer_symmetrical/2_flows/run3/ep000003_bw40_d85_n2.pdf  return=630277.1
[ep_plot] ep=3 -> /its/home/mm2350/extra/Olympusv2/benchmarks/benchmark_responsive_fairness/data/ma_dreamer_symmetrical/2_flows/run3/ep000003_bw40_d85_n2.pdf  return=630277.125
[orch] ep=3 sum-of-agents return=630277.1
[slot=1] ep=17  flows=2  bw=76Mbps  delay=63ms  duration=345s  delays=[0.0, 45.0]  lifetimes=[345.0, 300.0]
[responsive_fairness] slot=2 ma_dreamer_symmetrical flows=2 run=18
[responsive_fairness] ma_dreamer_symmetrical flows=2 run=3 done (8/200)
[slot=2] ep=18  flows=2  bw=33Mbps  delay=25ms  duration=345s  delays=[0.0, 45.0]  lifetimes=[345.0, 300.0]
[multi_ep_plot] saved -> /its/home/mm2350/extra/Olympusv2/benchmarks/benchmark_responsive_fairness/data/ma_dreamer_symmetrical/2_flows/run9/ep000009_bw69_d88_n2.pdf  return=623322.8
[ep_plot] ep=9 -> /its/home/mm2350/extra/Olympusv2/benchmarks/benchmark_responsive_fairness/data/ma_dreamer_symmetrical/2_flows/run9/ep000009_bw69_d88_n2.pdf  return=623322.75
[orch] ep=9 sum-of-agents return=623322.8
[responsive_fairness] slot=8 ma_dreamer_symmetrical flows=2 run=19
[responsive_fairness] ma_dreamer_symmetrical flows=2 run=9 done (9/200)
[sao-listener] cport=23400 worker=/its/home/mm2350/extra/Olympusv2/olympus/algorithms/ma_dreamer/worker.py scan=20ms target_cc=astraea single_flow=1 no_state_pipe=1
[multi_ep_plot] saved -> /its/home/mm2350/extra/Olympusv2/benchmarks/benchmark_responsive_fairness/data/ma_dreamer_symmetrical/2_flows/run1/ep000001_bw27_d82_n2.pdf  return=613812.7
[ep_plot] ep=1 -> /its/home/mm2350/extra/Olympusv2/benchmarks/benchmark_responsive_fairness/data/ma_dreamer_symmetrical/2_flows/run1/ep000001_bw27_d82_n2.pdf  return=613812.65625
[orch] ep=1 sum-of-agents return=613812.7
[sao-listener] cport=23900 worker=/its/home/mm2350/extra/Olympusv2/olympus/algorithms/ma_dreamer/worker.py scan=20ms target_cc=astraea single_flow=1 no_state_pipe=1
[sao-listener] cport=23401 worker=/its/home/mm2350/extra/Olympusv2/olympus/algorithms/ma_dreamer/worker.py scan=20ms target_cc=astraea single_flow=1 no_state_pipe=1
[slot=8] ep=19  flows=2  bw=96Mbps  delay=15ms  duration=345s  delays=[0.0, 45.0]  lifetimes=[345.0, 300.0]
[responsive_fairness] slot=0 ma_dreamer_symmetrical flows=2 run=20
[responsive_fairness] ma_dreamer_symmetrical flows=2 run=1 done (10/200)
[sao-listener] cport=23901 worker=/its/home/mm2350/extra/Olympusv2/olympus/algorithms/ma_dreamer/worker.py scan=20ms target_cc=astraea single_flow=1 no_state_pipe=1
[slot=0] ep=20  flows=2  bw=97Mbps  delay=29ms  duration=345s  delays=[0.0, 45.0]  lifetimes=[345.0, 300.0]
[sao-listener] cport=23500 worker=/its/home/mm2350/extra/Olympusv2/olympus/algorithms/ma_dreamer/worker.py scan=20ms target_cc=astraea single_flow=1 no_state_pipe=1
[sao-listener] cport=23501 worker=/its/home/mm2350/extra/Olympusv2/olympus/algorithms/ma_dreamer/worker.py scan=20ms target_cc=astraea single_flow=1 no_state_pipe=1
[sao-listener] cport=23600 worker=/its/home/mm2350/extra/Olympusv2/olympus/algorithms/ma_dreamer/worker.py scan=20ms target_cc=astraea single_flow=1 no_state_pipe=1
[sao-listener] cport=23601 worker=/its/home/mm2350/extra/Olympusv2/olympus/algorithms/ma_dreamer/worker.py scan=20ms target_cc=astraea single_flow=1 no_state_pipe=1
[sao-listener] cport=23300 worker=/its/home/mm2350/extra/Olympusv2/olympus/algorithms/ma_dreamer/worker.py scan=20ms target_cc=astraea single_flow=1 no_state_pipe=1
[sao-listener] cport=23301 worker=/its/home/mm2350/extra/Olympusv2/olympus/algorithms/ma_dreamer/worker.py scan=20ms target_cc=astraea single_flow=1 no_state_pipe=1
[sao-listener] cport=23700 worker=/its/home/mm2350/extra/Olympusv2/olympus/algorithms/ma_dreamer/worker.py scan=20ms target_cc=astraea single_flow=1 no_state_pipe=1
[sao-listener] cport=23701 worker=/its/home/mm2350/extra/Olympusv2/olympus/algorithms/ma_dreamer/worker.py scan=20ms target_cc=astraea single_flow=1 no_state_pipe=1
[sao-listener] cport=23100 worker=/its/home/mm2350/extra/Olympusv2/olympus/algorithms/ma_dreamer/worker.py scan=20ms target_cc=astraea single_flow=1 no_state_pipe=1
[sao-listener] cport=23200 worker=/its/home/mm2350/extra/Olympusv2/olympus/algorithms/ma_dreamer/worker.py scan=20ms target_cc=astraea single_flow=1 no_state_pipe=1
[sao-listener] cport=23101 worker=/its/home/mm2350/extra/Olympusv2/olympus/algorithms/ma_dreamer/worker.py scan=20ms target_cc=astraea single_flow=1 no_state_pipe=1
[sao-listener] cport=23201 worker=/its/home/mm2350/extra/Olympusv2/olympus/algorithms/ma_dreamer/worker.py scan=20ms target_cc=astraea single_flow=1 no_state_pipe=1
[sao-listener] cport=23800 worker=/its/home/mm2350/extra/Olympusv2/olympus/algorithms/ma_dreamer/worker.py scan=20ms target_cc=astraea single_flow=1 no_state_pipe=1
[sao-listener] cport=23801 worker=/its/home/mm2350/extra/Olympusv2/olympus/algorithms/ma_dreamer/worker.py scan=20ms target_cc=astraea single_flow=1 no_state_pipe=1
[sao-listener] cport=23000 worker=/its/home/mm2350/extra/Olympusv2/olympus/algorithms/ma_dreamer/worker.py scan=20ms target_cc=astraea single_flow=1 no_state_pipe=1
[sao-listener] cport=23001 worker=/its/home/mm2350/extra/Olympusv2/olympus/algorithms/ma_dreamer/worker.py scan=20ms target_cc=astraea single_flow=1 no_state_pipe=1
[sao-listener] new flow 1 10.0.0.1:23300->10.0.0.3:5204 cc=astraea pid=35419 child=35738
[sao-listener] single-flow mode: attached worker; stopping ss scans
[sao-listener flow 1] cport=23300 cc=astraea worker active
[sao-listener] new flow 1 10.0.0.1:23400->10.0.0.3:5205 cc=astraea pid=34853 child=36001
[sao-listener] single-flow mode: attached worker; stopping ss scans
[sao-listener flow 1] cport=23400 cc=astraea worker active
[sao-listener] new flow 1 10.0.0.1:23900->10.0.0.3:5210 cc=astraea pid=34876 child=36282
[sao-listener] single-flow mode: attached worker; stopping ss scans
[sao-listener flow 1] cport=23900 cc=astraea worker active
[sao-listener] new flow 1 10.0.0.1:23100->10.0.0.3:5202 cc=astraea pid=35597 child=36642
[sao-listener] single-flow mode: attached worker; stopping ss scans
[sao-listener flow 1] cport=23100 cc=astraea worker active
[sao-listener] new flow 1 10.0.0.1:23200->10.0.0.3:5203 cc=astraea pid=35612 child=36735
[sao-listener] single-flow mode: attached worker; stopping ss scans
[sao-listener flow 1] cport=23200 cc=astraea worker active
[sao-listener] new flow 1 10.0.0.1:23800->10.0.0.3:5209 cc=astraea pid=35801 child=36903
[sao-listener] single-flow mode: attached worker; stopping ss scans
[sao-listener flow 1] cport=23800 cc=astraea worker active
[worker cport=23300 agent=0] loaded checkpoint step=51200
[worker alg=ma_dreamer reward=tempest_fairness_ma_symetric cport=23300 agent=0 group=slot3_ep15 flow=1] started interval=20ms det=1 latent=8x8
[sao-listener] new flow 1 10.0.0.1:23000->10.0.0.3:5201 cc=astraea pid=35897 child=37093
[sao-listener] single-flow mode: attached worker; stopping ss scans
[sao-listener flow 1] cport=23000 cc=astraea worker active
[worker cport=23400 agent=0] loaded checkpoint step=51200
[worker alg=ma_dreamer reward=tempest_fairness_ma_symetric cport=23400 agent=0 group=slot4_ep11 flow=1] started interval=20ms det=1 latent=8x8
[worker cport=23900 agent=0] loaded checkpoint step=51200
[worker alg=ma_dreamer reward=tempest_fairness_ma_symetric cport=23900 agent=0 group=slot9_ep12 flow=1] started interval=20ms det=1 latent=8x8
[sao-listener] new flow 1 10.0.0.1:23500->10.0.0.3:5206 cc=astraea pid=35098 child=37283
[sao-listener] single-flow mode: attached worker; stopping ss scans
[sao-listener flow 1] cport=23500 cc=astraea worker active
[worker cport=23100 agent=0] loaded checkpoint step=51200
[worker alg=ma_dreamer reward=tempest_fairness_ma_symetric cport=23100 agent=0 group=slot1_ep17 flow=1] started interval=20ms det=1 latent=8x8
[worker cport=23200 agent=0] loaded checkpoint step=51200
[worker alg=ma_dreamer reward=tempest_fairness_ma_symetric cport=23200 agent=0 group=slot2_ep18 flow=1] started interval=20ms det=1 latent=8x8
[sao-listener] new flow 1 10.0.0.1:23600->10.0.0.3:5207 cc=astraea pid=35354 child=37532
[sao-listener] single-flow mode: attached worker; stopping ss scans
[sao-listener flow 1] cport=23600 cc=astraea worker active
[worker cport=23800 agent=0] loaded checkpoint step=51200
[worker alg=ma_dreamer reward=tempest_fairness_ma_symetric cport=23800 agent=0 group=slot8_ep19 flow=1] started interval=20ms det=1 latent=8x8
[sao-listener] new flow 1 10.0.0.1:23700->10.0.0.3:5208 cc=astraea pid=35449 child=37698
[sao-listener] single-flow mode: attached worker; stopping ss scans
[sao-listener flow 1] cport=23700 cc=astraea worker active
[worker cport=23000 agent=0] loaded checkpoint step=51200
[worker alg=ma_dreamer reward=tempest_fairness_ma_symetric cport=23000 agent=0 group=slot0_ep20 flow=1] started interval=20ms det=1 latent=8x8
[worker cport=23500 agent=0] loaded checkpoint step=51200
[worker alg=ma_dreamer reward=tempest_fairness_ma_symetric cport=23500 agent=0 group=slot5_ep13 flow=1] started interval=20ms det=1 latent=8x8
[worker cport=23600 agent=0] loaded checkpoint step=51200
[worker alg=ma_dreamer reward=tempest_fairness_ma_symetric cport=23600 agent=0 group=slot6_ep14 flow=1] started interval=20ms det=1 latent=8x8
[worker cport=23700 agent=0] loaded checkpoint step=51200
[worker alg=ma_dreamer reward=tempest_fairness_ma_symetric cport=23700 agent=0 group=slot7_ep16 flow=1] started interval=20ms det=1 latent=8x8
[orch] link change t=15.0s bw=69 delay=67
[orch] link change t=15.0s bw=94 delay=77
[orch] link change t=15.0s bw=97 delay=97
[orch] link change t=15.0s bw=99 delay=93
[orch] link change t=15.0s bw=76 delay=14
[orch] link change t=15.0s bw=71 delay=46
[orch] link change t=15.0s bw=48 delay=56
[orch] link change t=15.0s bw=94 delay=67
[orch] link change t=15.0s bw=76 delay=25
[orch] link change t=15.0s bw=43 delay=96
[orch] link change t=30.0s bw=75 delay=85
[orch] link change t=30.0s bw=95 delay=54
[orch] link change t=30.0s bw=33 delay=93
[orch] link change t=30.0s bw=77 delay=41
[orch] link change t=30.0s bw=30 delay=40
[orch] link change t=30.0s bw=63 delay=39
[orch] link change t=30.0s bw=47 delay=32
[orch] link change t=30.0s bw=52 delay=40
[orch] link change t=30.0s bw=75 delay=35
[orch] link change t=30.0s bw=91 delay=22
[orch] link change t=45.0s bw=34 delay=33
[orch] link change t=45.0s bw=28 delay=58
[orch] link change t=45.0s bw=39 delay=95
[orch] link change t=45.0s bw=44 delay=42
[orch] link change t=45.0s bw=12 delay=17
[orch] link change t=45.0s bw=67 delay=10
[orch] link change t=45.0s bw=100 delay=100
[orch] link change t=45.0s bw=35 delay=72
[orch] link change t=45.0s bw=60 delay=54
[orch] link change t=45.0s bw=51 delay=83
[sao-listener] new flow 1 10.0.0.2:23301->10.0.0.4:5204 cc=astraea pid=54692 child=54915
[sao-listener] single-flow mode: attached worker; stopping ss scans
[sao-listener flow 1] cport=23301 cc=astraea worker active
[sao-listener] new flow 1 10.0.0.2:23601->10.0.0.4:5207 cc=astraea pid=54685 child=54977
[sao-listener] single-flow mode: attached worker; stopping ss scans
[sao-listener flow 1] cport=23601 cc=astraea worker active
[sao-listener] new flow 1 10.0.0.2:23901->10.0.0.4:5210 cc=astraea pid=54577 child=55043
[sao-listener] single-flow mode: attached worker; stopping ss scans
[sao-listener flow 1] cport=23901 cc=astraea worker active
[sao-listener] new flow 1 10.0.0.2:23401->10.0.0.4:5205 cc=astraea pid=54570 child=55124
[sao-listener] single-flow mode: attached worker; stopping ss scans
[sao-listener flow 1] cport=23401 cc=astraea worker active
[sao-listener] new flow 1 10.0.0.2:23701->10.0.0.4:5208 cc=astraea pid=54702 child=55129
[sao-listener] single-flow mode: attached worker; stopping ss scans
[sao-listener flow 1] cport=23701 cc=astraea worker active
[sao-listener] new flow 1 10.0.0.2:23101->10.0.0.4:5202 cc=astraea pid=54721 child=55249
[sao-listener] single-flow mode: attached worker; stopping ss scans
[sao-listener flow 1] cport=23101 cc=astraea worker active
[sao-listener] new flow 1 10.0.0.2:23201->10.0.0.4:5203 cc=astraea pid=54723 child=55252
[sao-listener] single-flow mode: attached worker; stopping ss scans
[sao-listener flow 1] cport=23201 cc=astraea worker active
[sao-listener] new flow 1 10.0.0.2:23801->10.0.0.4:5209 cc=astraea pid=54750 child=55373
[sao-listener] single-flow mode: attached worker; stopping ss scans
[sao-listener flow 1] cport=23801 cc=astraea worker active
[sao-listener] new flow 1 10.0.0.2:23001->10.0.0.4:5201 cc=astraea pid=54757 child=55429
[sao-listener] single-flow mode: attached worker; stopping ss scans
[sao-listener flow 1] cport=23001 cc=astraea worker active
[sao-listener] new flow 1 10.0.0.2:23501->10.0.0.4:5206 cc=astraea pid=54644 child=55484
[sao-listener] single-flow mode: attached worker; stopping ss scans
[sao-listener flow 1] cport=23501 cc=astraea worker active
[worker cport=23601 agent=1] loaded checkpoint step=51200
[worker alg=ma_dreamer reward=tempest_fairness_ma_symetric cport=23601 agent=1 group=slot6_ep14 flow=1] started interval=20ms det=1 latent=8x8
[worker cport=23301 agent=1] loaded checkpoint step=51200
[worker alg=ma_dreamer reward=tempest_fairness_ma_symetric cport=23301 agent=1 group=slot3_ep15 flow=1] started interval=20ms det=1 latent=8x8
[worker cport=23901 agent=1] loaded checkpoint step=51200
[worker alg=ma_dreamer reward=tempest_fairness_ma_symetric cport=23901 agent=1 group=slot9_ep12 flow=1] started interval=20ms det=1 latent=8x8
[worker cport=23401 agent=1] loaded checkpoint step=51200
[worker alg=ma_dreamer reward=tempest_fairness_ma_symetric cport=23401 agent=1 group=slot4_ep11 flow=1] started interval=20ms det=1 latent=8x8
[worker cport=23701 agent=1] loaded checkpoint step=51200
[worker alg=ma_dreamer reward=tempest_fairness_ma_symetric cport=23701 agent=1 group=slot7_ep16 flow=1] started interval=20ms det=1 latent=8x8
[worker cport=23101 agent=1] loaded checkpoint step=51200
[worker alg=ma_dreamer reward=tempest_fairness_ma_symetric cport=23101 agent=1 group=slot1_ep17 flow=1] started interval=20ms det=1 latent=8x8
[worker cport=23201 agent=1] loaded checkpoint step=51200
[worker alg=ma_dreamer reward=tempest_fairness_ma_symetric cport=23201 agent=1 group=slot2_ep18 flow=1] started interval=20ms det=1 latent=8x8
[worker cport=23801 agent=1] loaded checkpoint step=51200
[worker alg=ma_dreamer reward=tempest_fairness_ma_symetric cport=23801 agent=1 group=slot8_ep19 flow=1] started interval=20ms det=1 latent=8x8
[worker cport=23001 agent=1] loaded checkpoint step=51200
[worker alg=ma_dreamer reward=tempest_fairness_ma_symetric cport=23001 agent=1 group=slot0_ep20 flow=1] started interval=20ms det=1 latent=8x8
[worker cport=23501 agent=1] loaded checkpoint step=51200
[worker alg=ma_dreamer reward=tempest_fairness_ma_symetric cport=23501 agent=1 group=slot5_ep13 flow=1] started interval=20ms det=1 latent=8x8
[orch] link change t=60.0s bw=75 delay=70
[orch] link change t=60.0s bw=11 delay=57
[orch] link change t=60.0s bw=28 delay=38
[orch] link change t=60.0s bw=47 delay=19
[orch] link change t=60.0s bw=97 delay=28
[orch] link change t=60.0s bw=62 delay=94
[orch] link change t=60.0s bw=79 delay=94
[orch] link change t=60.0s bw=90 delay=73
[orch] link change t=60.0s bw=77 delay=47
[orch] link change t=60.0s bw=31 delay=13
[orch] link change t=75.0s bw=90 delay=88
[orch] link change t=75.0s bw=71 delay=45
[orch] link change t=75.0s bw=92 delay=33
[orch] link change t=75.0s bw=94 delay=67
[orch] link change t=75.0s bw=98 delay=57
[orch] link change t=75.0s bw=43 delay=40
[orch] link change t=75.0s bw=45 delay=24
[orch] link change t=75.0s bw=33 delay=71
[orch] link change t=75.0s bw=84 delay=28
[orch] link change t=75.0s bw=62 delay=62
[orch] link change t=90.0s bw=33 delay=22
[orch] link change t=90.0s bw=92 delay=68
[orch] link change t=90.0s bw=26 delay=19
[orch] link change t=90.0s bw=48 delay=69
[orch] link change t=90.0s bw=40 delay=24
[orch] link change t=90.0s bw=91 delay=38
[orch] link change t=90.0s bw=13 delay=41
[orch] link change t=90.0s bw=47 delay=68
[orch] link change t=90.0s bw=86 delay=43
[orch] link change t=90.0s bw=19 delay=23
[orch] link change t=105.0s bw=67 delay=48
[orch] link change t=105.0s bw=98 delay=86
[orch] link change t=105.0s bw=78 delay=37
[orch] link change t=105.0s bw=97 delay=60
[orch] link change t=105.0s bw=53 delay=69
[orch] link change t=105.0s bw=11 delay=47
[orch] link change t=105.0s bw=59 delay=63
[orch] link change t=105.0s bw=43 delay=35
[orch] link change t=105.0s bw=23 delay=43
[orch] link change t=105.0s bw=26 delay=50
[orch] link change t=120.0s bw=28 delay=21
[orch] link change t=120.0s bw=39 delay=81
[orch] link change t=120.0s bw=47 delay=13
[orch] link change t=120.0s bw=60 delay=25
[orch] link change t=120.0s bw=100 delay=55
[orch] link change t=120.0s bw=48 delay=52
[orch] link change t=120.0s bw=42 delay=74
[orch] link change t=120.0s bw=42 delay=98
[orch] link change t=120.0s bw=62 delay=51
[orch] link change t=120.0s bw=70 delay=84
[orch] link change t=135.0s bw=78 delay=98
[orch] link change t=135.0s bw=10 delay=94
[orch] link change t=135.0s bw=65 delay=26
[orch] link change t=135.0s bw=43 delay=38
[orch] link change t=135.0s bw=45 delay=60
[orch] link change t=135.0s bw=95 delay=28
[orch] link change t=135.0s bw=50 delay=91
[orch] link change t=135.0s bw=25 delay=51
[orch] link change t=135.0s bw=44 delay=23
[orch] link change t=135.0s bw=67 delay=62
[orch] link change t=150.0s bw=91 delay=15
[orch] link change t=150.0s bw=89 delay=28
[orch] link change t=150.0s bw=97 delay=87
[orch] link change t=150.0s bw=50 delay=55
[orch] link change t=150.0s bw=43 delay=54
[orch] link change t=150.0s bw=87 delay=49
[orch] link change t=150.0s bw=97 delay=61
[orch] link change t=150.0s bw=76 delay=96
[orch] link change t=150.0s bw=51 delay=49
[orch] link change t=150.0s bw=36 delay=35
[orch] link change t=165.0s bw=86 delay=60
[orch] link change t=165.0s bw=66 delay=57
[orch] link change t=165.0s bw=11 delay=45
[orch] link change t=165.0s bw=43 delay=56
[orch] link change t=165.0s bw=39 delay=36
[orch] link change t=165.0s bw=12 delay=38
[orch] link change t=165.0s bw=27 delay=80
[orch] link change t=165.0s bw=32 delay=40
[orch] link change t=165.0s bw=12 delay=82
[orch] link change t=165.0s bw=50 delay=90
[orch] link change t=180.0s bw=67 delay=93
[orch] link change t=180.0s bw=30 delay=53
[orch] link change t=180.0s bw=28 delay=20
[orch] link change t=180.0s bw=90 delay=90
[orch] link change t=180.0s bw=55 delay=50
[orch] link change t=180.0s bw=87 delay=42
[orch] link change t=180.0s bw=17 delay=27
[orch] link change t=180.0s bw=31 delay=40
[orch] link change t=180.0s bw=89 delay=35
[orch] link change t=180.0s bw=97 delay=52
[orch] link change t=195.0s bw=88 delay=93
[orch] link change t=195.0s bw=36 delay=17
[orch] link change t=195.0s bw=43 delay=67
[orch] link change t=195.0s bw=76 delay=29
[orch] link change t=195.0s bw=38 delay=49
[orch] link change t=195.0s bw=12 delay=29
[orch] link change t=195.0s bw=35 delay=29
[orch] link change t=195.0s bw=35 delay=56
[orch] link change t=195.0s bw=19 delay=35
[orch] link change t=195.0s bw=52 delay=64
[orch] link change t=210.0s bw=30 delay=89
[orch] link change t=210.0s bw=83 delay=35
[orch] link change t=210.0s bw=65 delay=27
[orch] link change t=210.0s bw=30 delay=80
[orch] link change t=210.0s bw=75 delay=63
[orch] link change t=210.0s bw=87 delay=95
[orch] link change t=210.0s bw=100 delay=78
[orch] link change t=210.0s bw=83 delay=74
[orch] link change t=210.0s bw=24 delay=79
[orch] link change t=210.0s bw=21 delay=90
[orch] link change t=225.0s bw=11 delay=77
[orch] link change t=225.0s bw=19 delay=75
[orch] link change t=225.0s bw=42 delay=55
[orch] link change t=225.0s bw=95 delay=94
[orch] link change t=225.0s bw=39 delay=83
[orch] link change t=225.0s bw=90 delay=13
[orch] link change t=225.0s bw=81 delay=97
[orch] link change t=225.0s bw=35 delay=96
[orch] link change t=225.0s bw=68 delay=59
[orch] link change t=225.0s bw=76 delay=72
[orch] link change t=240.0s bw=18 delay=17
[orch] link change t=240.0s bw=97 delay=53
[orch] link change t=240.0s bw=39 delay=72
[orch] link change t=240.0s bw=45 delay=31
[orch] link change t=240.0s bw=68 delay=63
[orch] link change t=240.0s bw=69 delay=68
[orch] link change t=240.0s bw=36 delay=52
[orch] link change t=240.0s bw=73 delay=37
[orch] link change t=240.0s bw=19 delay=22
[orch] link change t=240.0s bw=61 delay=20
[orch] link change t=255.0s bw=14 delay=34
[orch] link change t=255.0s bw=97 delay=61
[orch] link change t=255.0s bw=80 delay=82
[orch] link change t=255.0s bw=11 delay=93
[orch] link change t=255.0s bw=72 delay=20
[orch] link change t=255.0s bw=86 delay=90
[orch] link change t=255.0s bw=79 delay=25
[orch] link change t=255.0s bw=48 delay=43
[orch] link change t=255.0s bw=63 delay=12
[orch] link change t=255.0s bw=36 delay=83
[orch] link change t=270.0s bw=40 delay=86
[orch] link change t=270.0s bw=21 delay=12
[orch] link change t=270.0s bw=64 delay=95
[orch] link change t=270.0s bw=18 delay=25
[orch] link change t=270.0s bw=69 delay=82
[orch] link change t=270.0s bw=100 delay=47
[orch] link change t=270.0s bw=91 delay=18
[orch] link change t=270.0s bw=10 delay=53
[orch] link change t=270.0s bw=22 delay=84
[orch] link change t=270.0s bw=41 delay=14
[orch] link change t=285.0s bw=13 delay=69
[orch] link change t=285.0s bw=17 delay=94
[orch] link change t=285.0s bw=56 delay=65
[orch] link change t=285.0s bw=86 delay=53
[orch] link change t=285.0s bw=56 delay=66
[orch] link change t=285.0s bw=38 delay=49
[orch] link change t=285.0s bw=49 delay=62
[orch] link change t=285.0s bw=61 delay=38
[orch] link change t=285.0s bw=64 delay=60
[orch] link change t=285.0s bw=35 delay=22
[orch] link change t=300.0s bw=51 delay=66
[orch] link change t=300.0s bw=75 delay=38
[orch] link change t=300.0s bw=91 delay=50
[orch] link change t=300.0s bw=13 delay=20
[orch] link change t=300.0s bw=82 delay=50
[orch] link change t=300.0s bw=56 delay=43
[orch] link change t=300.0s bw=20 delay=74
[orch] link change t=300.0s bw=61 delay=78
[orch] link change t=300.0s bw=66 delay=94
[orch] link change t=300.0s bw=20 delay=34
[orch] link change t=315.0s bw=85 delay=35
[orch] link change t=315.0s bw=21 delay=64
[orch] link change t=315.0s bw=93 delay=25
[orch] link change t=315.0s bw=45 delay=36
[orch] link change t=315.0s bw=98 delay=92
[orch] link change t=315.0s bw=63 delay=21
[orch] link change t=315.0s bw=70 delay=91
[orch] link change t=315.0s bw=54 delay=85
[orch] link change t=315.0s bw=48 delay=83
[orch] link change t=315.0s bw=42 delay=98
[orch] link change t=330.0s bw=76 delay=39
[orch] link change t=330.0s bw=66 delay=24
[orch] link change t=330.0s bw=54 delay=86
[orch] link change t=330.0s bw=58 delay=61
[orch] link change t=330.0s bw=67 delay=61
[orch] link change t=330.0s bw=54 delay=73
[orch] link change t=330.0s bw=86 delay=28
[orch] link change t=330.0s bw=83 delay=77
[orch] link change t=330.0s bw=74 delay=30
[orch] link change t=330.0s bw=46 delay=49
[multi_ep_plot] saved -> /its/home/mm2350/extra/Olympusv2/benchmarks/benchmark_responsive_fairness/data/ma_dreamer_symmetrical/2_flows/run11/ep000011_bw67_d81_n2.pdf  return=602053.8
[ep_plot] ep=11 -> /its/home/mm2350/extra/Olympusv2/benchmarks/benchmark_responsive_fairness/data/ma_dreamer_symmetrical/2_flows/run11/ep000011_bw67_d81_n2.pdf  return=602053.75
[orch] ep=11 sum-of-agents return=602053.8
[responsive_fairness] slot=4 ma_dreamer_symmetrical flows=2 run=21
[responsive_fairness] ma_dreamer_symmetrical flows=2 run=11 done (11/200)
[slot=4] ep=21  flows=2  bw=31Mbps  delay=63ms  duration=345s  delays=[0.0, 45.0]  lifetimes=[345.0, 300.0]
[multi_ep_plot] saved -> /its/home/mm2350/extra/Olympusv2/benchmarks/benchmark_responsive_fairness/data/ma_dreamer_symmetrical/2_flows/run12/ep000012_bw70_d44_n2.pdf  return=580486.5
[ep_plot] ep=12 -> /its/home/mm2350/extra/Olympusv2/benchmarks/benchmark_responsive_fairness/data/ma_dreamer_symmetrical/2_flows/run12/ep000012_bw70_d44_n2.pdf  return=580486.46875
[orch] ep=12 sum-of-agents return=580486.5
[responsive_fairness] slot=9 ma_dreamer_symmetrical flows=2 run=22
[responsive_fairness] ma_dreamer_symmetrical flows=2 run=12 done (12/200)
[slot=9] ep=22  flows=2  bw=27Mbps  delay=41ms  duration=345s  delays=[0.0, 45.0]  lifetimes=[345.0, 300.0]
[multi_ep_plot] saved -> /its/home/mm2350/extra/Olympusv2/benchmarks/benchmark_responsive_fairness/data/ma_dreamer_symmetrical/2_flows/run13/ep000013_bw43_d47_n2.pdf  return=601791.8
[ep_plot] ep=13 -> /its/home/mm2350/extra/Olympusv2/benchmarks/benchmark_responsive_fairness/data/ma_dreamer_symmetrical/2_flows/run13/ep000013_bw43_d47_n2.pdf  return=601791.75
[orch] ep=13 sum-of-agents return=601791.8
[responsive_fairness] ma_dreamer_symmetrical flows=2 run=13 done (13/200)
[responsive_fairness] slot=5 ma_dreamer_symmetrical flows=2 run=23
[slot=5] ep=23  flows=2  bw=47Mbps  delay=20ms  duration=345s  delays=[0.0, 45.0]  lifetimes=[345.0, 300.0]
[multi_ep_plot] saved -> /its/home/mm2350/extra/Olympusv2/benchmarks/benchmark_responsive_fairness/data/ma_dreamer_symmetrical/2_flows/run15/ep000015_bw36_d11_n2.pdf  return=625177.9
[ep_plot] ep=15 -> /its/home/mm2350/extra/Olympusv2/benchmarks/benchmark_responsive_fairness/data/ma_dreamer_symmetrical/2_flows/run15/ep000015_bw36_d11_n2.pdf  return=625177.9375
[orch] ep=15 sum-of-agents return=625177.9
[responsive_fairness] slot=3 ma_dreamer_symmetrical flows=2 run=24
[responsive_fairness] ma_dreamer_symmetrical flows=2 run=15 done (14/200)
[slot=3] ep=24  flows=2  bw=59Mbps  delay=84ms  duration=345s  delays=[0.0, 45.0]  lifetimes=[345.0, 300.0]
[sao-listener] cport=23400 worker=/its/home/mm2350/extra/Olympusv2/olympus/algorithms/ma_dreamer/worker.py scan=20ms target_cc=astraea single_flow=1 no_state_pipe=1
[sao-listener] cport=23401 worker=/its/home/mm2350/extra/Olympusv2/olympus/algorithms/ma_dreamer/worker.py scan=20ms target_cc=astraea single_flow=1 no_state_pipe=1
[sao-listener] cport=23900 worker=/its/home/mm2350/extra/Olympusv2/olympus/algorithms/ma_dreamer/worker.py scan=20ms target_cc=astraea single_flow=1 no_state_pipe=1
[sao-listener] cport=23901 worker=/its/home/mm2350/extra/Olympusv2/olympus/algorithms/ma_dreamer/worker.py scan=20ms target_cc=astraea single_flow=1 no_state_pipe=1
[multi_ep_plot] saved -> /its/home/mm2350/extra/Olympusv2/benchmarks/benchmark_responsive_fairness/data/ma_dreamer_symmetrical/2_flows/run14/ep000014_bw23_d88_n2.pdf  return=594381.1
[ep_plot] ep=14 -> /its/home/mm2350/extra/Olympusv2/benchmarks/benchmark_responsive_fairness/data/ma_dreamer_symmetrical/2_flows/run14/ep000014_bw23_d88_n2.pdf  return=594381.09375
[orch] ep=14 sum-of-agents return=594381.1
[responsive_fairness] slot=6 ma_dreamer_symmetrical flows=2 run=25
[responsive_fairness] ma_dreamer_symmetrical flows=2 run=14 done (15/200)
[multi_ep_plot] saved -> /its/home/mm2350/extra/Olympusv2/benchmarks/benchmark_responsive_fairness/data/ma_dreamer_symmetrical/2_flows/run19/ep000019_bw96_d15_n2.pdf  return=625965.2
[ep_plot] ep=19 -> /its/home/mm2350/extra/Olympusv2/benchmarks/benchmark_responsive_fairness/data/ma_dreamer_symmetrical/2_flows/run19/ep000019_bw96_d15_n2.pdf  return=625965.25
[orch] ep=19 sum-of-agents return=625965.2
[responsive_fairness] slot=8 ma_dreamer_symmetrical flows=2 run=26
[responsive_fairness] ma_dreamer_symmetrical flows=2 run=19 done (16/200)
[sao-listener] cport=23500 worker=/its/home/mm2350/extra/Olympusv2/olympus/algorithms/ma_dreamer/worker.py scan=20ms target_cc=astraea single_flow=1 no_state_pipe=1
[slot=6] ep=25  flows=2  bw=58Mbps  delay=11ms  duration=345s  delays=[0.0, 45.0]  lifetimes=[345.0, 300.0]
[sao-listener] cport=23501 worker=/its/home/mm2350/extra/Olympusv2/olympus/algorithms/ma_dreamer/worker.py scan=20ms target_cc=astraea single_flow=1 no_state_pipe=1
[slot=8] ep=26  flows=2  bw=35Mbps  delay=94ms  duration=345s  delays=[0.0, 45.0]  lifetimes=[345.0, 300.0]
[sao-listener] cport=23300 worker=/its/home/mm2350/extra/Olympusv2/olympus/algorithms/ma_dreamer/worker.py scan=20ms target_cc=astraea single_flow=1 no_state_pipe=1
[sao-listener] cport=23301 worker=/its/home/mm2350/extra/Olympusv2/olympus/algorithms/ma_dreamer/worker.py scan=20ms target_cc=astraea single_flow=1 no_state_pipe=1
[multi_ep_plot] saved -> /its/home/mm2350/extra/Olympusv2/benchmarks/benchmark_responsive_fairness/data/ma_dreamer_symmetrical/2_flows/run16/ep000016_bw56_d70_n2.pdf  return=559670.0
[ep_plot] ep=16 -> /its/home/mm2350/extra/Olympusv2/benchmarks/benchmark_responsive_fairness/data/ma_dreamer_symmetrical/2_flows/run16/ep000016_bw56_d70_n2.pdf  return=559670.015625
[orch] ep=16 sum-of-agents return=559670.0
[responsive_fairness] slot=7 ma_dreamer_symmetrical flows=2 run=27
[responsive_fairness] ma_dreamer_symmetrical flows=2 run=16 done (17/200)
[slot=7] ep=27  flows=2  bw=93Mbps  delay=71ms  duration=345s  delays=[0.0, 45.0]  lifetimes=[345.0, 300.0]
[multi_ep_plot] saved -> /its/home/mm2350/extra/Olympusv2/benchmarks/benchmark_responsive_fairness/data/ma_dreamer_symmetrical/2_flows/run17/ep000017_bw76_d63_n2.pdf  return=641127.2
[ep_plot] ep=17 -> /its/home/mm2350/extra/Olympusv2/benchmarks/benchmark_responsive_fairness/data/ma_dreamer_symmetrical/2_flows/run17/ep000017_bw76_d63_n2.pdf  return=641127.25
[orch] ep=17 sum-of-agents return=641127.2
[responsive_fairness] slot=1 ma_dreamer_symmetrical flows=2 run=28
[responsive_fairness] ma_dreamer_symmetrical flows=2 run=17 done (18/200)
[multi_ep_plot] saved -> /its/home/mm2350/extra/Olympusv2/benchmarks/benchmark_responsive_fairness/data/ma_dreamer_symmetrical/2_flows/run18/ep000018_bw33_d25_n2.pdf  return=612483.9
[ep_plot] ep=18 -> /its/home/mm2350/extra/Olympusv2/benchmarks/benchmark_responsive_fairness/data/ma_dreamer_symmetrical/2_flows/run18/ep000018_bw33_d25_n2.pdf  return=612483.90625
[orch] ep=18 sum-of-agents return=612483.9
[slot=1] ep=28  flows=2  bw=24Mbps  delay=26ms  duration=345s  delays=[0.0, 45.0]  lifetimes=[345.0, 300.0]
[responsive_fairness] slot=2 ma_dreamer_symmetrical flows=2 run=29
[responsive_fairness] ma_dreamer_symmetrical flows=2 run=18 done (19/200)
[slot=2] ep=29  flows=2  bw=80Mbps  delay=19ms  duration=345s  delays=[0.0, 45.0]  lifetimes=[345.0, 300.0]
[multi_ep_plot] saved -> /its/home/mm2350/extra/Olympusv2/benchmarks/benchmark_responsive_fairness/data/ma_dreamer_symmetrical/2_flows/run20/ep000020_bw97_d29_n2.pdf  return=620733.0
[ep_plot] ep=20 -> /its/home/mm2350/extra/Olympusv2/benchmarks/benchmark_responsive_fairness/data/ma_dreamer_symmetrical/2_flows/run20/ep000020_bw97_d29_n2.pdf  return=620732.96875
[orch] ep=20 sum-of-agents return=620733.0
[responsive_fairness] slot=0 ma_dreamer_symmetrical flows=2 run=30
[responsive_fairness] ma_dreamer_symmetrical flows=2 run=20 done (20/200)
[slot=0] ep=30  flows=2  bw=79Mbps  delay=47ms  duration=345s  delays=[0.0, 45.0]  lifetimes=[345.0, 300.0]
[sao-listener] cport=23600 worker=/its/home/mm2350/extra/Olympusv2/olympus/algorithms/ma_dreamer/worker.py scan=20ms target_cc=astraea single_flow=1 no_state_pipe=1
[sao-listener] cport=23800 worker=/its/home/mm2350/extra/Olympusv2/olympus/algorithms/ma_dreamer/worker.py scan=20ms target_cc=astraea single_flow=1 no_state_pipe=1
[sao-listener] cport=23601 worker=/its/home/mm2350/extra/Olympusv2/olympus/algorithms/ma_dreamer/worker.py scan=20ms target_cc=astraea single_flow=1 no_state_pipe=1
[sao-listener] cport=23801 worker=/its/home/mm2350/extra/Olympusv2/olympus/algorithms/ma_dreamer/worker.py scan=20ms target_cc=astraea single_flow=1 no_state_pipe=1
[sao-listener] new flow 1 10.0.0.1:23900->10.0.0.3:5210 cc=astraea pid=59853 child=60585
[sao-listener] single-flow mode: attached worker; stopping ss scans
[sao-listener flow 1] cport=23900 cc=astraea worker active
[sao-listener] cport=23700 worker=/its/home/mm2350/extra/Olympusv2/olympus/algorithms/ma_dreamer/worker.py scan=20ms target_cc=astraea single_flow=1 no_state_pipe=1
[sao-listener] cport=23701 worker=/its/home/mm2350/extra/Olympusv2/olympus/algorithms/ma_dreamer/worker.py scan=20ms target_cc=astraea single_flow=1 no_state_pipe=1
[sao-listener] cport=23100 worker=/its/home/mm2350/extra/Olympusv2/olympus/algorithms/ma_dreamer/worker.py scan=20ms target_cc=astraea single_flow=1 no_state_pipe=1
[sao-listener] cport=23101 worker=/its/home/mm2350/extra/Olympusv2/olympus/algorithms/ma_dreamer/worker.py scan=20ms target_cc=astraea single_flow=1 no_state_pipe=1
[sao-listener] cport=23200 worker=/its/home/mm2350/extra/Olympusv2/olympus/algorithms/ma_dreamer/worker.py scan=20ms target_cc=astraea single_flow=1 no_state_pipe=1
[sao-listener] cport=23201 worker=/its/home/mm2350/extra/Olympusv2/olympus/algorithms/ma_dreamer/worker.py scan=20ms target_cc=astraea single_flow=1 no_state_pipe=1
[sao-listener] cport=23000 worker=/its/home/mm2350/extra/Olympusv2/olympus/algorithms/ma_dreamer/worker.py scan=20ms target_cc=astraea single_flow=1 no_state_pipe=1
[sao-listener] cport=23001 worker=/its/home/mm2350/extra/Olympusv2/olympus/algorithms/ma_dreamer/worker.py scan=20ms target_cc=astraea single_flow=1 no_state_pipe=1
[sao-listener] new flow 1 10.0.0.1:23500->10.0.0.3:5206 cc=astraea pid=60343 child=61661
[sao-listener] single-flow mode: attached worker; stopping ss scans
[sao-listener flow 1] cport=23500 cc=astraea worker active
[sao-listener] new flow 1 10.0.0.1:23600->10.0.0.3:5207 cc=astraea pid=61395 child=61850
[sao-listener] single-flow mode: attached worker; stopping ss scans
[sao-listener flow 1] cport=23600 cc=astraea worker active
[sao-listener] new flow 1 10.0.0.1:23300->10.0.0.3:5204 cc=astraea pid=60510 child=62175
[sao-listener] new flow 1 10.0.0.1:23400->10.0.0.3:5205 cc=astraea pid=59768 child=62176
[sao-listener] single-flow mode: attached worker; stopping ss scans
[sao-listener flow 1] cport=23300 cc=astraea worker active
[sao-listener] single-flow mode: attached worker; stopping ss scans
[sao-listener flow 1] cport=23400 cc=astraea worker active
[worker cport=23900 agent=0] loaded checkpoint step=51200
[worker alg=ma_dreamer reward=tempest_fairness_ma_symetric cport=23900 agent=0 group=slot9_ep22 flow=1] started interval=20ms det=1 latent=8x8
[sao-listener] new flow 1 10.0.0.1:23700->10.0.0.3:5208 cc=astraea pid=61816 child=62470
[sao-listener] single-flow mode: attached worker; stopping ss scans
[sao-listener flow 1] cport=23700 cc=astraea worker active
[sao-listener] new flow 1 10.0.0.1:23100->10.0.0.3:5202 cc=astraea pid=62118 child=62667
[sao-listener] single-flow mode: attached worker; stopping ss scans
[sao-listener flow 1] cport=23100 cc=astraea worker active
[worker cport=23500 agent=0] loaded checkpoint step=51200
[worker alg=ma_dreamer reward=tempest_fairness_ma_symetric cport=23500 agent=0 group=slot5_ep23 flow=1] started interval=20ms det=1 latent=8x8
[sao-listener] new flow 1 10.0.0.1:23200->10.0.0.3:5203 cc=astraea pid=62146 child=62831
[sao-listener] single-flow mode: attached worker; stopping ss scans
[sao-listener flow 1] cport=23200 cc=astraea worker active
[worker cport=23600 agent=0] loaded checkpoint step=51200
[worker alg=ma_dreamer reward=tempest_fairness_ma_symetric cport=23600 agent=0 group=slot6_ep25 flow=1] started interval=20ms det=1 latent=8x8
[worker cport=23300 agent=0] loaded checkpoint step=51200
[worker alg=ma_dreamer reward=tempest_fairness_ma_symetric cport=23300 agent=0 group=slot3_ep24 flow=1] started interval=20ms det=1 latent=8x8
[worker cport=23400 agent=0] loaded checkpoint step=51200
[worker alg=ma_dreamer reward=tempest_fairness_ma_symetric cport=23400 agent=0 group=slot4_ep21 flow=1] started interval=20ms det=1 latent=8x8
[sao-listener] new flow 1 10.0.0.1:23000->10.0.0.3:5201 cc=astraea pid=62222 child=63068
[sao-listener] single-flow mode: attached worker; stopping ss scans
[sao-listener flow 1] cport=23000 cc=astraea worker active
[sao-listener] new flow 1 10.0.0.1:23800->10.0.0.3:5209 cc=astraea pid=61411 child=63243
[sao-listener] single-flow mode: attached worker; stopping ss scans
[sao-listener flow 1] cport=23800 cc=astraea worker active
[worker cport=23700 agent=0] loaded checkpoint step=51200
[worker alg=ma_dreamer reward=tempest_fairness_ma_symetric cport=23700 agent=0 group=slot7_ep27 flow=1] started interval=20ms det=1 latent=8x8
[worker cport=23200 agent=0] loaded checkpoint step=51200
[worker cport=23100 agent=0] loaded checkpoint step=51200
[worker alg=ma_dreamer reward=tempest_fairness_ma_symetric cport=23200 agent=0 group=slot2_ep29 flow=1] started interval=20ms det=1 latent=8x8
[worker alg=ma_dreamer reward=tempest_fairness_ma_symetric cport=23100 agent=0 group=slot1_ep28 flow=1] started interval=20ms det=1 latent=8x8
[worker cport=23000 agent=0] loaded checkpoint step=51200
[worker alg=ma_dreamer reward=tempest_fairness_ma_symetric cport=23000 agent=0 group=slot0_ep30 flow=1] started interval=20ms det=1 latent=8x8
[worker cport=23800 agent=0] loaded checkpoint step=51200
[worker alg=ma_dreamer reward=tempest_fairness_ma_symetric cport=23800 agent=0 group=slot8_ep26 flow=1] started interval=20ms det=1 latent=8x8
[orch] link change t=15.0s bw=98 delay=63
[orch] link change t=15.0s bw=13 delay=88
[orch] link change t=15.0s bw=12 delay=85
[orch] link change t=15.0s bw=33 delay=37
[orch] link change t=15.0s bw=37 delay=49
[orch] link change t=15.0s bw=36 delay=65
[orch] link change t=15.0s bw=99 delay=45
[orch] link change t=15.0s bw=79 delay=86
[orch] link change t=15.0s bw=54 delay=86
[orch] link change t=15.0s bw=88 delay=13
[orch] link change t=30.0s bw=91 delay=46
[orch] link change t=30.0s bw=67 delay=33
[orch] link change t=30.0s bw=49 delay=64
[orch] link change t=30.0s bw=31 delay=34
[orch] link change t=30.0s bw=91 delay=70
[orch] link change t=30.0s bw=86 delay=79
[orch] link change t=30.0s bw=46 delay=35
[orch] link change t=30.0s bw=32 delay=38
[orch] link change t=30.0s bw=87 delay=46
[orch] link change t=30.0s bw=89 delay=93
[orch] link change t=45.0s bw=71 delay=37
[orch] link change t=45.0s bw=99 delay=25
[orch] link change t=45.0s bw=58 delay=77
[orch] link change t=45.0s bw=31 delay=95
[orch] link change t=45.0s bw=15 delay=42
[orch] link change t=45.0s bw=17 delay=26
[orch] link change t=45.0s bw=19 delay=18
[orch] link change t=45.0s bw=26 delay=91
[orch] link change t=45.0s bw=21 delay=75
[orch] link change t=45.0s bw=36 delay=42
[sao-listener] new flow 1 10.0.0.2:23501->10.0.0.4:5206 cc=astraea pid=80293 child=80544
[sao-listener] single-flow mode: attached worker; stopping ss scans
[sao-listener flow 1] cport=23501 cc=astraea worker active
[sao-listener] new flow 1 10.0.0.2:23401->10.0.0.4:5205 cc=astraea pid=80184 child=80618
[sao-listener] single-flow mode: attached worker; stopping ss scans
[sao-listener flow 1] cport=23401 cc=astraea worker active
[sao-listener] new flow 1 10.0.0.2:23301->10.0.0.4:5204 cc=astraea pid=80321 child=80698
[sao-listener] single-flow mode: attached worker; stopping ss scans
[sao-listener flow 1] cport=23301 cc=astraea worker active
[sao-listener] new flow 1 10.0.0.2:23901->10.0.0.4:5210 cc=astraea pid=80205 child=80818
[sao-listener] single-flow mode: attached worker; stopping ss scans
[sao-listener flow 1] cport=23901 cc=astraea worker active
[sao-listener] new flow 1 10.0.0.2:23701->10.0.0.4:5208 cc=astraea pid=80593 child=80891
[sao-listener] single-flow mode: attached worker; stopping ss scans
[sao-listener flow 1] cport=23701 cc=astraea worker active
[sao-listener] new flow 1 10.0.0.2:23201->10.0.0.4:5203 cc=astraea pid=80696 child=80974
[sao-listener] single-flow mode: attached worker; stopping ss scans
[sao-listener flow 1] cport=23201 cc=astraea worker active
[sao-listener] new flow 1 10.0.0.2:23101->10.0.0.4:5202 cc=astraea pid=80691 child=80976
[sao-listener] single-flow mode: attached worker; stopping ss scans
[sao-listener flow 1] cport=23101 cc=astraea worker active
[sao-listener] new flow 1 10.0.0.2:23001->10.0.0.4:5201 cc=astraea pid=80760 child=81181
[sao-listener] single-flow mode: attached worker; stopping ss scans
[sao-listener flow 1] cport=23001 cc=astraea worker active
[worker cport=23501 agent=1] loaded checkpoint step=51200
[worker alg=ma_dreamer reward=tempest_fairness_ma_symetric cport=23501 agent=1 group=slot5_ep23 flow=1] started interval=20ms det=1 latent=8x8
[worker cport=23401 agent=1] loaded checkpoint step=51200
[worker alg=ma_dreamer reward=tempest_fairness_ma_symetric cport=23401 agent=1 group=slot4_ep21 flow=1] started interval=20ms det=1 latent=8x8
[sao-listener] new flow 1 10.0.0.2:23601->10.0.0.4:5207 cc=astraea pid=80473 child=81241
[sao-listener] single-flow mode: attached worker; stopping ss scans
[sao-listener flow 1] cport=23601 cc=astraea worker active
[worker cport=23301 agent=1] loaded checkpoint step=51200
[worker alg=ma_dreamer reward=tempest_fairness_ma_symetric cport=23301 agent=1 group=slot3_ep24 flow=1] started interval=20ms det=1 latent=8x8
[sao-listener] new flow 1 10.0.0.2:23801->10.0.0.4:5209 cc=astraea pid=80480 child=81343
[sao-listener] single-flow mode: attached worker; stopping ss scans
[sao-listener flow 1] cport=23801 cc=astraea worker active
[worker cport=23901 agent=1] loaded checkpoint step=51200
[worker alg=ma_dreamer reward=tempest_fairness_ma_symetric cport=23901 agent=1 group=slot9_ep22 flow=1] started interval=20ms det=1 latent=8x8
[worker cport=23701 agent=1] loaded checkpoint step=51200
[worker alg=ma_dreamer reward=tempest_fairness_ma_symetric cport=23701 agent=1 group=slot7_ep27 flow=1] started interval=20ms det=1 latent=8x8
[worker cport=23201 agent=1] loaded checkpoint step=51200
[worker alg=ma_dreamer reward=tempest_fairness_ma_symetric cport=23201 agent=1 group=slot2_ep29 flow=1] started interval=20ms det=1 latent=8x8
[worker cport=23101 agent=1] loaded checkpoint step=51200
[worker alg=ma_dreamer reward=tempest_fairness_ma_symetric cport=23101 agent=1 group=slot1_ep28 flow=1] started interval=20ms det=1 latent=8x8
[worker cport=23001 agent=1] loaded checkpoint step=51200
[worker alg=ma_dreamer reward=tempest_fairness_ma_symetric cport=23001 agent=1 group=slot0_ep30 flow=1] started interval=20ms det=1 latent=8x8
[worker cport=23601 agent=1] loaded checkpoint step=51200
[worker alg=ma_dreamer reward=tempest_fairness_ma_symetric cport=23601 agent=1 group=slot6_ep25 flow=1] started interval=20ms det=1 latent=8x8
[worker cport=23801 agent=1] loaded checkpoint step=51200
[worker alg=ma_dreamer reward=tempest_fairness_ma_symetric cport=23801 agent=1 group=slot8_ep26 flow=1] started interval=20ms det=1 latent=8x8
[orch] link change t=60.0s bw=70 delay=75
[orch] link change t=60.0s bw=93 delay=54
[orch] link change t=60.0s bw=55 delay=26
[orch] link change t=60.0s bw=97 delay=21
[orch] link change t=60.0s bw=14 delay=49
[orch] link change t=60.0s bw=71 delay=15
[orch] link change t=60.0s bw=42 delay=79
[orch] link change t=60.0s bw=69 delay=63
[orch] link change t=60.0s bw=54 delay=60
[orch] link change t=60.0s bw=16 delay=60
[orch] link change t=75.0s bw=33 delay=74
[orch] link change t=75.0s bw=20 delay=39
[orch] link change t=75.0s bw=34 delay=44
[orch] link change t=75.0s bw=100 delay=29
[orch] link change t=75.0s bw=82 delay=64
[orch] link change t=75.0s bw=97 delay=89
[orch] link change t=75.0s bw=52 delay=42
[orch] link change t=75.0s bw=36 delay=37
[orch] link change t=75.0s bw=63 delay=12
[orch] link change t=75.0s bw=58 delay=92
[orch] link change t=90.0s bw=77 delay=40
[orch] link change t=90.0s bw=44 delay=16
[orch] link change t=90.0s bw=66 delay=11
[orch] link change t=90.0s bw=100 delay=46
[orch] link change t=90.0s bw=22 delay=85
[orch] link change t=90.0s bw=74 delay=31
[orch] link change t=90.0s bw=57 delay=61
[orch] link change t=90.0s bw=28 delay=60
[orch] link change t=90.0s bw=14 delay=23
[orch] link change t=90.0s bw=27 delay=20
[orch] link change t=105.0s bw=10 delay=11
[orch] link change t=105.0s bw=50 delay=86
[orch] link change t=105.0s bw=38 delay=89
[orch] link change t=105.0s bw=11 delay=66
[orch] link change t=105.0s bw=25 delay=83
[orch] link change t=105.0s bw=91 delay=64
[orch] link change t=105.0s bw=33 delay=41
[orch] link change t=105.0s bw=30 delay=26
[orch] link change t=105.0s bw=66 delay=93
[orch] link change t=105.0s bw=69 delay=10
[orch] link change t=120.0s bw=57 delay=84
[orch] link change t=120.0s bw=32 delay=80
[orch] link change t=120.0s bw=68 delay=13
[orch] link change t=120.0s bw=69 delay=91
[orch] link change t=120.0s bw=97 delay=35
[orch] link change t=120.0s bw=41 delay=62
[orch] link change t=120.0s bw=40 delay=72
[orch] link change t=120.0s bw=87 delay=34
[orch] link change t=120.0s bw=38 delay=54
[orch] link change t=120.0s bw=76 delay=41
[orch] link change t=135.0s bw=64 delay=18
[orch] link change t=135.0s bw=97 delay=65
[orch] link change t=135.0s bw=23 delay=20
[orch] link change t=135.0s bw=24 delay=13
[orch] link change t=135.0s bw=75 delay=89
[orch] link change t=135.0s bw=35 delay=98
[orch] link change t=135.0s bw=19 delay=91
[orch] link change t=135.0s bw=35 delay=13
[orch] link change t=135.0s bw=20 delay=73
[orch] link change t=135.0s bw=13 delay=19
[orch] link change t=150.0s bw=28 delay=39
[orch] link change t=150.0s bw=100 delay=16
[orch] link change t=150.0s bw=100 delay=73
[orch] link change t=150.0s bw=76 delay=31
[orch] link change t=150.0s bw=50 delay=33
[orch] link change t=150.0s bw=13 delay=95
[orch] link change t=150.0s bw=83 delay=93
[orch] link change t=150.0s bw=62 delay=40
[orch] link change t=150.0s bw=52 delay=87
[orch] link change t=150.0s bw=30 delay=86
[orch] link change t=165.0s bw=39 delay=98
[orch] link change t=165.0s bw=83 delay=12
[orch] link change t=165.0s bw=63 delay=12
[orch] link change t=165.0s bw=72 delay=66
[orch] link change t=165.0s bw=80 delay=55
[orch] link change t=165.0s bw=38 delay=28
[orch] link change t=165.0s bw=20 delay=88
[orch] link change t=165.0s bw=18 delay=22
[orch] link change t=165.0s bw=79 delay=63
[orch] link change t=165.0s bw=77 delay=61
[orch] link change t=180.0s bw=15 delay=65
[orch] link change t=180.0s bw=85 delay=43
[orch] link change t=180.0s bw=75 delay=90
[orch] link change t=180.0s bw=97 delay=48
[orch] link change t=180.0s bw=75 delay=70
[orch] link change t=180.0s bw=26 delay=37
[orch] link change t=180.0s bw=64 delay=63
[orch] link change t=180.0s bw=63 delay=50
[orch] link change t=180.0s bw=35 delay=67
[orch] link change t=180.0s bw=93 delay=54
[orch] link change t=195.0s bw=62 delay=88
[orch] link change t=195.0s bw=49 delay=63
[orch] link change t=195.0s bw=65 delay=55
[orch] link change t=195.0s bw=73 delay=20
[orch] link change t=195.0s bw=77 delay=23
[orch] link change t=195.0s bw=86 delay=71
[orch] link change t=195.0s bw=16 delay=94
[orch] link change t=195.0s bw=99 delay=26
[orch] link change t=195.0s bw=31 delay=38
[orch] link change t=195.0s bw=78 delay=18
[orch] link change t=210.0s bw=66 delay=14
[orch] link change t=210.0s bw=34 delay=33
[orch] link change t=210.0s bw=17 delay=36
[orch] link change t=210.0s bw=97 delay=42
[orch] link change t=210.0s bw=91 delay=96
[orch] link change t=210.0s bw=59 delay=56
[orch] link change t=210.0s bw=66 delay=54
[orch] link change t=210.0s bw=32 delay=74
[orch] link change t=210.0s bw=65 delay=62
[orch] link change t=210.0s bw=61 delay=13
[orch] link change t=225.0s bw=52 delay=79
[orch] link change t=225.0s bw=24 delay=84
[orch] link change t=225.0s bw=14 delay=85
[orch] link change t=225.0s bw=88 delay=30
[orch] link change t=225.0s bw=22 delay=86
[orch] link change t=225.0s bw=41 delay=84
[orch] link change t=225.0s bw=11 delay=92
[orch] link change t=225.0s bw=76 delay=98
[orch] link change t=225.0s bw=96 delay=97
[orch] link change t=225.0s bw=41 delay=82
[orch] link change t=240.0s bw=73 delay=98
[orch] link change t=240.0s bw=77 delay=82
[orch] link change t=240.0s bw=57 delay=94
[orch] link change t=240.0s bw=97 delay=51
[orch] link change t=240.0s bw=84 delay=55
[orch] link change t=240.0s bw=13 delay=13
[orch] link change t=240.0s bw=71 delay=42
[orch] link change t=240.0s bw=94 delay=44
[orch] link change t=240.0s bw=82 delay=77
[orch] link change t=240.0s bw=96 delay=45
[orch] link change t=255.0s bw=24 delay=93
[orch] link change t=255.0s bw=17 delay=99
[orch] link change t=255.0s bw=32 delay=89
[orch] link change t=255.0s bw=49 delay=19
[orch] link change t=255.0s bw=63 delay=55
[orch] link change t=255.0s bw=47 delay=79
[orch] link change t=255.0s bw=27 delay=88
[orch] link change t=255.0s bw=88 delay=39
[orch] link change t=255.0s bw=35 delay=79
[orch] link change t=255.0s bw=64 delay=82
[orch] link change t=270.0s bw=57 delay=12
[orch] link change t=270.0s bw=51 delay=88
[orch] link change t=270.0s bw=37 delay=56
[orch] link change t=270.0s bw=79 delay=93
[orch] link change t=270.0s bw=34 delay=96
[orch] link change t=270.0s bw=78 delay=25
[orch] link change t=270.0s bw=53 delay=88
[orch] link change t=270.0s bw=96 delay=67
[orch] link change t=270.0s bw=96 delay=64
[orch] link change t=270.0s bw=22 delay=96
[orch] link change t=285.0s bw=29 delay=21
[orch] link change t=285.0s bw=52 delay=43
[orch] link change t=285.0s bw=82 delay=57
[orch] link change t=285.0s bw=56 delay=94
[orch] link change t=285.0s bw=30 delay=89
[orch] link change t=285.0s bw=75 delay=15
[orch] link change t=285.0s bw=93 delay=39
[orch] link change t=285.0s bw=26 delay=35
[orch] link change t=285.0s bw=48 delay=45
[orch] link change t=285.0s bw=45 delay=91
[orch] link change t=300.0s bw=25 delay=12
[orch] link change t=300.0s bw=33 delay=60
[orch] link change t=300.0s bw=83 delay=46
[orch] link change t=300.0s bw=14 delay=37
[orch] link change t=300.0s bw=68 delay=19
[orch] link change t=300.0s bw=92 delay=10
[orch] link change t=300.0s bw=100 delay=77
[orch] link change t=300.0s bw=11 delay=46
[orch] link change t=300.0s bw=75 delay=38
[orch] link change t=300.0s bw=81 delay=24
[orch] link change t=315.0s bw=68 delay=30
[orch] link change t=315.0s bw=49 delay=93
[orch] link change t=315.0s bw=94 delay=50
[orch] link change t=315.0s bw=50 delay=53
[orch] link change t=315.0s bw=19 delay=61
[orch] link change t=315.0s bw=69 delay=86
[orch] link change t=315.0s bw=28 delay=22
[orch] link change t=315.0s bw=91 delay=96
[orch] link change t=315.0s bw=62 delay=70
[orch] link change t=315.0s bw=88 delay=73
[orch] link change t=330.0s bw=80 delay=53
[orch] link change t=330.0s bw=75 delay=28
[orch] link change t=330.0s bw=83 delay=20
[orch] link change t=330.0s bw=18 delay=49
[orch] link change t=330.0s bw=82 delay=18
[orch] link change t=330.0s bw=94 delay=81
[orch] link change t=330.0s bw=60 delay=48
[orch] link change t=330.0s bw=43 delay=20
[orch] link change t=330.0s bw=76 delay=28
[orch] link change t=330.0s bw=49 delay=26
[multi_ep_plot] saved -> /its/home/mm2350/extra/Olympusv2/benchmarks/benchmark_responsive_fairness/data/ma_dreamer_symmetrical/2_flows/run21/ep000021_bw31_d63_n2.pdf  return=583832.6
[ep_plot] ep=21 -> /its/home/mm2350/extra/Olympusv2/benchmarks/benchmark_responsive_fairness/data/ma_dreamer_symmetrical/2_flows/run21/ep000021_bw31_d63_n2.pdf  return=583832.625
[orch] ep=21 sum-of-agents return=583832.6
[responsive_fairness] slot=4 ma_dreamer_symmetrical flows=2 run=31
[responsive_fairness] ma_dreamer_symmetrical flows=2 run=21 done (21/200)
[slot=4] ep=31  flows=2  bw=11Mbps  delay=70ms  duration=345s  delays=[0.0, 45.0]  lifetimes=[345.0, 300.0]
[multi_ep_plot] saved -> /its/home/mm2350/extra/Olympusv2/benchmarks/benchmark_responsive_fairness/data/ma_dreamer_symmetrical/2_flows/run22/ep000022_bw27_d41_n2.pdf  return=651604.0
[ep_plot] ep=22 -> /its/home/mm2350/extra/Olympusv2/benchmarks/benchmark_responsive_fairness/data/ma_dreamer_symmetrical/2_flows/run22/ep000022_bw27_d41_n2.pdf  return=651603.96875
[orch] ep=22 sum-of-agents return=651604.0
[responsive_fairness] slot=9 ma_dreamer_symmetrical flows=2 run=32
[responsive_fairness] ma_dreamer_symmetrical flows=2 run=22 done (22/200)
[slot=9] ep=32  flows=2  bw=19Mbps  delay=37ms  duration=345s  delays=[0.0, 45.0]  lifetimes=[345.0, 300.0]
[multi_ep_plot] saved -> /its/home/mm2350/extra/Olympusv2/benchmarks/benchmark_responsive_fairness/data/ma_dreamer_symmetrical/2_flows/run23/ep000023_bw47_d20_n2.pdf  return=625575.8
[ep_plot] ep=23 -> /its/home/mm2350/extra/Olympusv2/benchmarks/benchmark_responsive_fairness/data/ma_dreamer_symmetrical/2_flows/run23/ep000023_bw47_d20_n2.pdf  return=625575.84375
[orch] ep=23 sum-of-agents return=625575.8
[responsive_fairness] slot=5 ma_dreamer_symmetrical flows=2 run=33
[responsive_fairness] ma_dreamer_symmetrical flows=2 run=23 done (23/200)
[slot=5] ep=33  flows=2  bw=83Mbps  delay=31ms  duration=345s  delays=[0.0, 45.0]  lifetimes=[345.0, 300.0]
[sao-listener] cport=23400 worker=/its/home/mm2350/extra/Olympusv2/olympus/algorithms/ma_dreamer/worker.py scan=20ms target_cc=astraea single_flow=1 no_state_pipe=1
[multi_ep_plot] saved -> /its/home/mm2350/extra/Olympusv2/benchmarks/benchmark_responsive_fairness/data/ma_dreamer_symmetrical/2_flows/run24/ep000024_bw59_d84_n2.pdf  return=566733.9
[ep_plot] ep=24 -> /its/home/mm2350/extra/Olympusv2/benchmarks/benchmark_responsive_fairness/data/ma_dreamer_symmetrical/2_flows/run24/ep000024_bw59_d84_n2.pdf  return=566733.90625
[orch] ep=24 sum-of-agents return=566733.9
[sao-listener] cport=23401 worker=/its/home/mm2350/extra/Olympusv2/olympus/algorithms/ma_dreamer/worker.py scan=20ms target_cc=astraea single_flow=1 no_state_pipe=1
[responsive_fairness] slot=3 ma_dreamer_symmetrical flows=2 run=34
[responsive_fairness] ma_dreamer_symmetrical flows=2 run=24 done (24/200)
[sao-listener] cport=23900 worker=/its/home/mm2350/extra/Olympusv2/olympus/algorithms/ma_dreamer/worker.py scan=20ms target_cc=astraea single_flow=1 no_state_pipe=1
[sao-listener] cport=23901 worker=/its/home/mm2350/extra/Olympusv2/olympus/algorithms/ma_dreamer/worker.py scan=20ms target_cc=astraea single_flow=1 no_state_pipe=1
[slot=3] ep=34  flows=2  bw=77Mbps  delay=55ms  duration=345s  delays=[0.0, 45.0]  lifetimes=[345.0, 300.0]
[sao-listener] cport=23500 worker=/its/home/mm2350/extra/Olympusv2/olympus/algorithms/ma_dreamer/worker.py scan=20ms target_cc=astraea single_flow=1 no_state_pipe=1
[sao-listener] cport=23501 worker=/its/home/mm2350/extra/Olympusv2/olympus/algorithms/ma_dreamer/worker.py scan=20ms target_cc=astraea single_flow=1 no_state_pipe=1
[sao-listener] cport=23300 worker=/its/home/mm2350/extra/Olympusv2/olympus/algorithms/ma_dreamer/worker.py scan=20ms target_cc=astraea single_flow=1 no_state_pipe=1
[multi_ep_plot] saved -> /its/home/mm2350/extra/Olympusv2/benchmarks/benchmark_responsive_fairness/data/ma_dreamer_symmetrical/2_flows/run25/ep000025_bw58_d11_n2.pdf  return=601843.6
[ep_plot] ep=25 -> /its/home/mm2350/extra/Olympusv2/benchmarks/benchmark_responsive_fairness/data/ma_dreamer_symmetrical/2_flows/run25/ep000025_bw58_d11_n2.pdf  return=601843.59375
[orch] ep=25 sum-of-agents return=601843.6
[sao-listener] cport=23301 worker=/its/home/mm2350/extra/Olympusv2/olympus/algorithms/ma_dreamer/worker.py scan=20ms target_cc=astraea single_flow=1 no_state_pipe=1
[responsive_fairness] slot=6 ma_dreamer_symmetrical flows=2 run=35
[responsive_fairness] ma_dreamer_symmetrical flows=2 run=25 done (25/200)
[multi_ep_plot] saved -> /its/home/mm2350/extra/Olympusv2/benchmarks/benchmark_responsive_fairness/data/ma_dreamer_symmetrical/2_flows/run26/ep000026_bw35_d94_n2.pdf  return=636494.6
[ep_plot] ep=26 -> /its/home/mm2350/extra/Olympusv2/benchmarks/benchmark_responsive_fairness/data/ma_dreamer_symmetrical/2_flows/run26/ep000026_bw35_d94_n2.pdf  return=636494.59375
[orch] ep=26 sum-of-agents return=636494.6
[responsive_fairness] slot=8 ma_dreamer_symmetrical flows=2 run=36
[responsive_fairness] ma_dreamer_symmetrical flows=2 run=26 done (26/200)
[slot=6] ep=35  flows=2  bw=80Mbps  delay=52ms  duration=345s  delays=[0.0, 45.0]  lifetimes=[345.0, 300.0]
[slot=8] ep=36  flows=2  bw=52Mbps  delay=17ms  duration=345s  delays=[0.0, 45.0]  lifetimes=[345.0, 300.0]
[multi_ep_plot] saved -> /its/home/mm2350/extra/Olympusv2/benchmarks/benchmark_responsive_fairness/data/ma_dreamer_symmetrical/2_flows/run27/ep000027_bw93_d71_n2.pdf  return=602158.3
[ep_plot] ep=27 -> /its/home/mm2350/extra/Olympusv2/benchmarks/benchmark_responsive_fairness/data/ma_dreamer_symmetrical/2_flows/run27/ep000027_bw93_d71_n2.pdf  return=602158.34375
[orch] ep=27 sum-of-agents return=602158.3
[responsive_fairness] slot=7 ma_dreamer_symmetrical flows=2 run=37
[responsive_fairness] ma_dreamer_symmetrical flows=2 run=27 done (27/200)
[slot=7] ep=37  flows=2  bw=97Mbps  delay=87ms  duration=345s  delays=[0.0, 45.0]  lifetimes=[345.0, 300.0]
[sao-listener] cport=23600 worker=/its/home/mm2350/extra/Olympusv2/olympus/algorithms/ma_dreamer/worker.py scan=20ms target_cc=astraea single_flow=1 no_state_pipe=1
[sao-listener] cport=23601 worker=/its/home/mm2350/extra/Olympusv2/olympus/algorithms/ma_dreamer/worker.py scan=20ms target_cc=astraea single_flow=1 no_state_pipe=1
[sao-listener] cport=23800 worker=/its/home/mm2350/extra/Olympusv2/olympus/algorithms/ma_dreamer/worker.py scan=20ms target_cc=astraea single_flow=1 no_state_pipe=1
[sao-listener] cport=23801 worker=/its/home/mm2350/extra/Olympusv2/olympus/algorithms/ma_dreamer/worker.py scan=20ms target_cc=astraea single_flow=1 no_state_pipe=1
[multi_ep_plot] saved -> /its/home/mm2350/extra/Olympusv2/benchmarks/benchmark_responsive_fairness/data/ma_dreamer_symmetrical/2_flows/run29/ep000029_bw80_d19_n2.pdf  return=626662.6
[ep_plot] ep=29 -> /its/home/mm2350/extra/Olympusv2/benchmarks/benchmark_responsive_fairness/data/ma_dreamer_symmetrical/2_flows/run29/ep000029_bw80_d19_n2.pdf  return=626662.5625
[orch] ep=29 sum-of-agents return=626662.6
[multi_ep_plot] saved -> /its/home/mm2350/extra/Olympusv2/benchmarks/benchmark_responsive_fairness/data/ma_dreamer_symmetrical/2_flows/run28/ep000028_bw24_d26_n2.pdf  return=608590.1
[ep_plot] ep=28 -> /its/home/mm2350/extra/Olympusv2/benchmarks/benchmark_responsive_fairness/data/ma_dreamer_symmetrical/2_flows/run28/ep000028_bw24_d26_n2.pdf  return=608590.125
[orch] ep=28 sum-of-agents return=608590.1
[responsive_fairness] slot=2 ma_dreamer_symmetrical flows=2 run=38
[responsive_fairness] ma_dreamer_symmetrical flows=2 run=29 done (28/200)
[sao-listener] cport=23700 worker=/its/home/mm2350/extra/Olympusv2/olympus/algorithms/ma_dreamer/worker.py scan=20ms target_cc=astraea single_flow=1 no_state_pipe=1
[responsive_fairness] slot=1 ma_dreamer_symmetrical flows=2 run=39
[responsive_fairness] ma_dreamer_symmetrical flows=2 run=28 done (29/200)
[sao-listener] cport=23701 worker=/its/home/mm2350/extra/Olympusv2/olympus/algorithms/ma_dreamer/worker.py scan=20ms target_cc=astraea single_flow=1 no_state_pipe=1
[slot=2] ep=38  flows=2  bw=91Mbps  delay=63ms  duration=345s  delays=[0.0, 45.0]  lifetimes=[345.0, 300.0]
[slot=1] ep=39  flows=2  bw=36Mbps  delay=43ms  duration=345s  delays=[0.0, 45.0]  lifetimes=[345.0, 300.0]
[multi_ep_plot] saved -> /its/home/mm2350/extra/Olympusv2/benchmarks/benchmark_responsive_fairness/data/ma_dreamer_symmetrical/2_flows/run30/ep000030_bw79_d47_n2.pdf  return=601837.9
[ep_plot] ep=30 -> /its/home/mm2350/extra/Olympusv2/benchmarks/benchmark_responsive_fairness/data/ma_dreamer_symmetrical/2_flows/run30/ep000030_bw79_d47_n2.pdf  return=601837.875
[orch] ep=30 sum-of-agents return=601837.9
[responsive_fairness] slot=0 ma_dreamer_symmetrical flows=2 run=40
[responsive_fairness] ma_dreamer_symmetrical flows=2 run=30 done (30/200)
[slot=0] ep=40  flows=2  bw=68Mbps  delay=84ms  duration=345s  delays=[0.0, 45.0]  lifetimes=[345.0, 300.0]
[sao-listener] new flow 1 10.0.0.1:23400->10.0.0.3:5205 cc=astraea pid=85254 child=86451
[sao-listener] single-flow mode: attached worker; stopping ss scans
[sao-listener flow 1] cport=23400 cc=astraea worker active
[sao-listener] new flow 1 10.0.0.1:23900->10.0.0.3:5210 cc=astraea pid=85283 child=86707
[sao-listener] single-flow mode: attached worker; stopping ss scans
[sao-listener flow 1] cport=23900 cc=astraea worker active
[sao-listener] new flow 1 10.0.0.1:23500->10.0.0.3:5206 cc=astraea pid=85786 child=87026
[sao-listener] single-flow mode: attached worker; stopping ss scans
[sao-listener flow 1] cport=23500 cc=astraea worker active
[sao-listener] cport=23200 worker=/its/home/mm2350/extra/Olympusv2/olympus/algorithms/ma_dreamer/worker.py scan=20ms target_cc=astraea single_flow=1 no_state_pipe=1
[sao-listener] cport=23100 worker=/its/home/mm2350/extra/Olympusv2/olympus/algorithms/ma_dreamer/worker.py scan=20ms target_cc=astraea single_flow=1 no_state_pipe=1
[sao-listener] cport=23201 worker=/its/home/mm2350/extra/Olympusv2/olympus/algorithms/ma_dreamer/worker.py scan=20ms target_cc=astraea single_flow=1 no_state_pipe=1
[sao-listener] cport=23101 worker=/its/home/mm2350/extra/Olympusv2/olympus/algorithms/ma_dreamer/worker.py scan=20ms target_cc=astraea single_flow=1 no_state_pipe=1
[sao-listener] cport=23000 worker=/its/home/mm2350/extra/Olympusv2/olympus/algorithms/ma_dreamer/worker.py scan=20ms target_cc=astraea single_flow=1 no_state_pipe=1
[sao-listener] cport=23001 worker=/its/home/mm2350/extra/Olympusv2/olympus/algorithms/ma_dreamer/worker.py scan=20ms target_cc=astraea single_flow=1 no_state_pipe=1
[sao-listener] new flow 1 10.0.0.1:23300->10.0.0.3:5204 cc=astraea pid=85895 child=87223
[sao-listener] single-flow mode: attached worker; stopping ss scans
[sao-listener flow 1] cport=23300 cc=astraea worker active
[sao-listener] new flow 1 10.0.0.1:23800->10.0.0.3:5209 cc=astraea pid=86960 child=87336
[sao-listener] single-flow mode: attached worker; stopping ss scans
[sao-listener flow 1] cport=23800 cc=astraea worker active
[sao-listener] new flow 1 10.0.0.1:23700->10.0.0.3:5208 cc=astraea pid=87151 child=88057
[sao-listener] single-flow mode: attached worker; stopping ss scans
[sao-listener flow 1] cport=23700 cc=astraea worker active
[worker cport=23400 agent=0] loaded checkpoint step=51200
[worker alg=ma_dreamer reward=tempest_fairness_ma_symetric cport=23400 agent=0 group=slot4_ep31 flow=1] started interval=20ms det=1 latent=8x8
[worker cport=23900 agent=0] loaded checkpoint step=51200
[worker alg=ma_dreamer reward=tempest_fairness_ma_symetric cport=23900 agent=0 group=slot9_ep32 flow=1] started interval=20ms det=1 latent=8x8
[worker cport=23500 agent=0] loaded checkpoint step=51200
[worker alg=ma_dreamer reward=tempest_fairness_ma_symetric cport=23500 agent=0 group=slot5_ep33 flow=1] started interval=20ms det=1 latent=8x8
[worker cport=23300 agent=0] loaded checkpoint step=51200
[worker alg=ma_dreamer reward=tempest_fairness_ma_symetric cport=23300 agent=0 group=slot3_ep34 flow=1] started interval=20ms det=1 latent=8x8
[worker cport=23800 agent=0] loaded checkpoint step=51200
[worker alg=ma_dreamer reward=tempest_fairness_ma_symetric cport=23800 agent=0 group=slot8_ep36 flow=1] started interval=20ms det=1 latent=8x8
[sao-listener] new flow 1 10.0.0.1:23200->10.0.0.3:5203 cc=astraea pid=88004 child=88574
[sao-listener] single-flow mode: attached worker; stopping ss scans
[sao-listener flow 1] cport=23200 cc=astraea worker active
[sao-listener] new flow 1 10.0.0.1:23100->10.0.0.3:5202 cc=astraea pid=88012 child=88598
[sao-listener] single-flow mode: attached worker; stopping ss scans
[sao-listener flow 1] cport=23100 cc=astraea worker active
[sao-listener] new flow 1 10.0.0.1:23600->10.0.0.3:5207 cc=astraea pid=86912 child=88637
[sao-listener] single-flow mode: attached worker; stopping ss scans
[sao-listener flow 1] cport=23600 cc=astraea worker active
[worker cport=23700 agent=0] loaded checkpoint step=51200
[worker alg=ma_dreamer reward=tempest_fairness_ma_symetric cport=23700 agent=0 group=slot7_ep37 flow=1] started interval=20ms det=1 latent=8x8
[sao-listener] new flow 1 10.0.0.1:23000->10.0.0.3:5201 cc=astraea pid=88042 child=88859
[sao-listener] single-flow mode: attached worker; stopping ss scans
[sao-listener flow 1] cport=23000 cc=astraea worker active
[worker cport=23200 agent=0] loaded checkpoint step=51200
[worker alg=ma_dreamer reward=tempest_fairness_ma_symetric cport=23200 agent=0 group=slot2_ep38 flow=1] started interval=20ms det=1 latent=8x8
[worker cport=23600 agent=0] loaded checkpoint step=51200
[worker alg=ma_dreamer reward=tempest_fairness_ma_symetric cport=23600 agent=0 group=slot6_ep35 flow=1] started interval=20ms det=1 latent=8x8
[worker cport=23100 agent=0] loaded checkpoint step=51200
[worker alg=ma_dreamer reward=tempest_fairness_ma_symetric cport=23100 agent=0 group=slot1_ep39 flow=1] started interval=20ms det=1 latent=8x8
[worker cport=23000 agent=0] loaded checkpoint step=51200
[worker alg=ma_dreamer reward=tempest_fairness_ma_symetric cport=23000 agent=0 group=slot0_ep40 flow=1] started interval=20ms det=1 latent=8x8
[orch] link change t=15.0s bw=24 delay=60
[orch] link change t=15.0s bw=28 delay=48
[orch] link change t=15.0s bw=90 delay=39
[orch] link change t=15.0s bw=84 delay=13
[orch] link change t=15.0s bw=26 delay=53
[orch] link change t=15.0s bw=12 delay=46
[orch] link change t=15.0s bw=21 delay=89
[orch] link change t=15.0s bw=64 delay=23
[orch] link change t=15.0s bw=59 delay=13
[orch] link change t=15.0s bw=77 delay=14
[orch] link change t=30.0s bw=28 delay=97
[orch] link change t=30.0s bw=99 delay=40
[orch] link change t=30.0s bw=45 delay=71
[orch] link change t=30.0s bw=39 delay=13
[orch] link change t=30.0s bw=29 delay=46
[orch] link change t=30.0s bw=20 delay=10
[orch] link change t=30.0s bw=95 delay=91
[orch] link change t=30.0s bw=18 delay=56
[orch] link change t=30.0s bw=34 delay=38
[orch] link change t=30.0s bw=41 delay=46
[orch] link change t=45.0s bw=15 delay=27
[orch] link change t=45.0s bw=73 delay=13
[orch] link change t=45.0s bw=93 delay=78
[orch] link change t=45.0s bw=59 delay=56
[orch] link change t=45.0s bw=65 delay=42
[orch] link change t=45.0s bw=74 delay=90
[orch] link change t=45.0s bw=75 delay=14
[sao-listener] new flow 1 10.0.0.2:23401->10.0.0.4:5205 cc=astraea pid=105663 child=105987
[sao-listener] single-flow mode: attached worker; stopping ss scans
[sao-listener flow 1] cport=23401 cc=astraea worker active
[orch] link change t=45.0s bw=99 delay=69
[orch] link change t=45.0s bw=60 delay=82
[orch] link change t=45.0s bw=95 delay=91
[sao-listener] new flow 1 10.0.0.2:23901->10.0.0.4:5210 cc=astraea pid=105676 child=106116
[sao-listener] single-flow mode: attached worker; stopping ss scans
[sao-listener flow 1] cport=23901 cc=astraea worker active
[sao-listener] new flow 1 10.0.0.2:23501->10.0.0.4:5206 cc=astraea pid=105820 child=106174
[sao-listener] single-flow mode: attached worker; stopping ss scans
[sao-listener flow 1] cport=23501 cc=astraea worker active
[sao-listener] new flow 1 10.0.0.2:23601->10.0.0.4:5207 cc=astraea pid=106057 child=106272
[sao-listener] single-flow mode: attached worker; stopping ss scans
[sao-listener flow 1] cport=23601 cc=astraea worker active
[sao-listener] new flow 1 10.0.0.2:23301->10.0.0.4:5204 cc=astraea pid=105840 child=106351
[sao-listener] single-flow mode: attached worker; stopping ss scans
[sao-listener flow 1] cport=23301 cc=astraea worker active
[worker cport=23401 agent=1] loaded checkpoint step=51200
[worker alg=ma_dreamer reward=tempest_fairness_ma_symetric cport=23401 agent=1 group=slot4_ep31 flow=1] started interval=20ms det=1 latent=8x8
[sao-listener] new flow 1 10.0.0.2:23701->10.0.0.4:5208 cc=astraea pid=106118 child=106504
[sao-listener] single-flow mode: attached worker; stopping ss scans
[sao-listener flow 1] cport=23701 cc=astraea worker active
[worker cport=23901 agent=1] loaded checkpoint step=51200
[worker alg=ma_dreamer reward=tempest_fairness_ma_symetric cport=23901 agent=1 group=slot9_ep32 flow=1] started interval=20ms det=1 latent=8x8
[worker cport=23501 agent=1] loaded checkpoint step=51200
[worker alg=ma_dreamer reward=tempest_fairness_ma_symetric cport=23501 agent=1 group=slot5_ep33 flow=1] started interval=20ms det=1 latent=8x8
[worker cport=23601 agent=1] loaded checkpoint step=51200
[worker alg=ma_dreamer reward=tempest_fairness_ma_symetric cport=23601 agent=1 group=slot6_ep35 flow=1] started interval=20ms det=1 latent=8x8
[sao-listener] new flow 1 10.0.0.2:23201->10.0.0.4:5203 cc=astraea pid=106412 child=106762
[sao-listener] single-flow mode: attached worker; stopping ss scans
[sao-listener flow 1] cport=23201 cc=astraea worker active
[sao-listener] new flow 1 10.0.0.2:23101->10.0.0.4:5202 cc=astraea pid=106414 child=106870
[sao-listener] single-flow mode: attached worker; stopping ss scans
[sao-listener flow 1] cport=23101 cc=astraea worker active
[worker cport=23301 agent=1] loaded checkpoint step=51200
[worker alg=ma_dreamer reward=tempest_fairness_ma_symetric cport=23301 agent=1 group=slot3_ep34 flow=1] started interval=20ms det=1 latent=8x8
[worker cport=23701 agent=1] loaded checkpoint step=51200
[worker alg=ma_dreamer reward=tempest_fairness_ma_symetric cport=23701 agent=1 group=slot7_ep37 flow=1] started interval=20ms det=1 latent=8x8
[sao-listener] new flow 1 10.0.0.2:23801->10.0.0.4:5209 cc=astraea pid=106068 child=106991
[sao-listener] single-flow mode: attached worker; stopping ss scans
[sao-listener flow 1] cport=23801 cc=astraea worker active
[sao-listener] new flow 1 10.0.0.2:23001->10.0.0.4:5201 cc=astraea pid=106427 child=107042
[sao-listener] single-flow mode: attached worker; stopping ss scans
[sao-listener flow 1] cport=23001 cc=astraea worker active
[worker cport=23201 agent=1] loaded checkpoint step=51200
[worker alg=ma_dreamer reward=tempest_fairness_ma_symetric cport=23201 agent=1 group=slot2_ep38 flow=1] started interval=20ms det=1 latent=8x8
[worker cport=23101 agent=1] loaded checkpoint step=51200
[worker alg=ma_dreamer reward=tempest_fairness_ma_symetric cport=23101 agent=1 group=slot1_ep39 flow=1] started interval=20ms det=1 latent=8x8
[worker cport=23801 agent=1] loaded checkpoint step=51200
[worker alg=ma_dreamer reward=tempest_fairness_ma_symetric cport=23801 agent=1 group=slot8_ep36 flow=1] started interval=20ms det=1 latent=8x8
[worker cport=23001 agent=1] loaded checkpoint step=51200
[worker alg=ma_dreamer reward=tempest_fairness_ma_symetric cport=23001 agent=1 group=slot0_ep40 flow=1] started interval=20ms det=1 latent=8x8
[orch] link change t=60.0s bw=24 delay=78
[orch] link change t=60.0s bw=14 delay=22
[orch] link change t=60.0s bw=77 delay=33
[orch] link change t=60.0s bw=18 delay=64
[orch] link change t=60.0s bw=82 delay=17
[orch] link change t=60.0s bw=32 delay=41
[orch] link change t=60.0s bw=90 delay=57
[orch] link change t=60.0s bw=57 delay=15
[orch] link change t=60.0s bw=10 delay=92
[orch] link change t=60.0s bw=95 delay=36
[orch] link change t=75.0s bw=39 delay=27
[orch] link change t=75.0s bw=51 delay=75
[orch] link change t=75.0s bw=93 delay=88
[orch] link change t=75.0s bw=49 delay=53
[orch] link change t=75.0s bw=77 delay=45
[orch] link change t=75.0s bw=44 delay=93
[orch] link change t=75.0s bw=66 delay=77
[orch] link change t=75.0s bw=87 delay=95
[orch] link change t=75.0s bw=42 delay=96
[orch] link change t=75.0s bw=26 delay=54
[orch] link change t=90.0s bw=28 delay=14
[orch] link change t=90.0s bw=52 delay=17
[orch] link change t=90.0s bw=74 delay=51
[orch] link change t=90.0s bw=22 delay=84
[orch] link change t=90.0s bw=93 delay=56
[orch] link change t=90.0s bw=65 delay=56
[orch] link change t=90.0s bw=23 delay=97
[orch] link change t=90.0s bw=31 delay=85
[orch] link change t=90.0s bw=55 delay=100
[orch] link change t=90.0s bw=45 delay=66
[orch] link change t=105.0s bw=94 delay=17
[orch] link change t=105.0s bw=76 delay=98
[orch] link change t=105.0s bw=97 delay=77
[orch] link change t=105.0s bw=75 delay=29
[orch] link change t=105.0s bw=84 delay=22
[orch] link change t=105.0s bw=81 delay=44
[orch] link change t=105.0s bw=68 delay=86
[orch] link change t=105.0s bw=54 delay=51
[orch] link change t=105.0s bw=32 delay=13
[orch] link change t=105.0s bw=13 delay=77
[orch] link change t=120.0s bw=27 delay=39
[orch] link change t=120.0s bw=70 delay=57
[orch] link change t=120.0s bw=71 delay=66
[orch] link change t=120.0s bw=22 delay=45
[orch] link change t=120.0s bw=56 delay=11
[orch] link change t=120.0s bw=79 delay=19
[orch] link change t=120.0s bw=46 delay=58
[orch] link change t=120.0s bw=44 delay=100
[orch] link change t=120.0s bw=47 delay=96
[orch] link change t=120.0s bw=26 delay=17
[orch] link change t=135.0s bw=78 delay=67
[orch] link change t=135.0s bw=86 delay=10
[orch] link change t=135.0s bw=46 delay=96
[orch] link change t=135.0s bw=54 delay=88
[orch] link change t=135.0s bw=75 delay=11
[orch] link change t=135.0s bw=83 delay=62
[orch] link change t=135.0s bw=64 delay=66
[orch] link change t=135.0s bw=52 delay=89
[orch] link change t=135.0s bw=19 delay=56
[orch] link change t=135.0s bw=92 delay=35
[orch] link change t=150.0s bw=77 delay=62
[orch] link change t=150.0s bw=79 delay=26
[orch] link change t=150.0s bw=91 delay=19
[orch] link change t=150.0s bw=10 delay=29
[orch] link change t=150.0s bw=22 delay=73
[orch] link change t=150.0s bw=72 delay=59
[orch] link change t=150.0s bw=28 delay=16
[orch] link change t=150.0s bw=49 delay=70
[orch] link change t=150.0s bw=11 delay=23
[orch] link change t=150.0s bw=89 delay=100
[orch] link change t=165.0s bw=36 delay=85
[orch] link change t=165.0s bw=77 delay=11
[orch] link change t=165.0s bw=48 delay=62
[orch] link change t=165.0s bw=77 delay=21
[orch] link change t=165.0s bw=57 delay=13
[orch] link change t=165.0s bw=54 delay=60
[orch] link change t=165.0s bw=21 delay=62
[orch] link change t=165.0s bw=84 delay=61
[orch] link change t=165.0s bw=64 delay=54
[orch] link change t=165.0s bw=68 delay=16
[orch] link change t=180.0s bw=21 delay=25
[orch] link change t=180.0s bw=72 delay=35
[orch] link change t=180.0s bw=49 delay=76
[orch] link change t=180.0s bw=17 delay=57
[orch] link change t=180.0s bw=53 delay=96
[orch] link change t=180.0s bw=41 delay=60
[orch] link change t=180.0s bw=19 delay=79
[orch] link change t=180.0s bw=38 delay=88
[orch] link change t=180.0s bw=64 delay=22
[orch] link change t=180.0s bw=32 delay=87
[orch] link change t=195.0s bw=12 delay=61
[orch] link change t=195.0s bw=46 delay=35
[orch] link change t=195.0s bw=73 delay=16
[orch] link change t=195.0s bw=42 delay=80
[orch] link change t=195.0s bw=73 delay=16
[orch] link change t=195.0s bw=31 delay=25
[orch] link change t=195.0s bw=46 delay=56
[orch] link change t=195.0s bw=20 delay=77
[orch] link change t=195.0s bw=60 delay=75
[orch] link change t=195.0s bw=50 delay=24
[orch] link change t=210.0s bw=53 delay=35
[orch] link change t=210.0s bw=67 delay=20
[orch] link change t=210.0s bw=87 delay=96
[orch] link change t=210.0s bw=100 delay=17
[orch] link change t=210.0s bw=12 delay=40
[orch] link change t=210.0s bw=75 delay=73
[orch] link change t=210.0s bw=92 delay=100
[orch] link change t=210.0s bw=72 delay=28
[orch] link change t=210.0s bw=84 delay=48
[orch] link change t=210.0s bw=42 delay=51
[orch] link change t=225.0s bw=36 delay=52
[orch] link change t=225.0s bw=52 delay=25
[orch] link change t=225.0s bw=64 delay=45
[orch] link change t=225.0s bw=59 delay=31
[orch] link change t=225.0s bw=51 delay=20
[orch] link change t=225.0s bw=99 delay=36
[orch] link change t=225.0s bw=65 delay=85
[orch] link change t=225.0s bw=65 delay=77
[orch] link change t=225.0s bw=44 delay=18
[orch] link change t=225.0s bw=28 delay=75
[orch] link change t=240.0s bw=60 delay=56
[orch] link change t=240.0s bw=14 delay=77
[orch] link change t=240.0s bw=50 delay=81
[orch] link change t=240.0s bw=85 delay=91
[orch] link change t=240.0s bw=30 delay=53
[orch] link change t=240.0s bw=77 delay=47
[orch] link change t=240.0s bw=82 delay=56
[orch] link change t=240.0s bw=41 delay=11
[orch] link change t=240.0s bw=68 delay=65
[orch] link change t=240.0s bw=97 delay=76
[orch] link change t=255.0s bw=86 delay=41
[orch] link change t=255.0s bw=24 delay=30
[orch] link change t=255.0s bw=97 delay=41
[orch] link change t=255.0s bw=49 delay=47
[orch] link change t=255.0s bw=31 delay=82
[orch] link change t=255.0s bw=33 delay=72
[orch] link change t=255.0s bw=91 delay=100
[orch] link change t=255.0s bw=58 delay=57
[orch] link change t=255.0s bw=42 delay=83
[orch] link change t=255.0s bw=22 delay=62
[orch] link change t=270.0s bw=36 delay=37
[orch] link change t=270.0s bw=66 delay=12
[orch] link change t=270.0s bw=25 delay=17
[orch] link change t=270.0s bw=58 delay=50
[orch] link change t=270.0s bw=19 delay=71
[orch] link change t=270.0s bw=100 delay=85
[orch] link change t=270.0s bw=83 delay=14
[orch] link change t=270.0s bw=78 delay=97
[orch] link change t=270.0s bw=51 delay=82
[orch] link change t=270.0s bw=16 delay=50
[orch] link change t=285.0s bw=63 delay=84
[orch] link change t=285.0s bw=65 delay=16
[orch] link change t=285.0s bw=50 delay=46
[orch] link change t=285.0s bw=37 delay=36
[orch] link change t=285.0s bw=56 delay=20
[orch] link change t=285.0s bw=51 delay=80
[orch] link change t=285.0s bw=77 delay=89
[orch] link change t=285.0s bw=88 delay=74
[orch] link change t=285.0s bw=10 delay=100
[orch] link change t=285.0s bw=52 delay=39
[orch] link change t=300.0s bw=94 delay=80
[orch] link change t=300.0s bw=14 delay=81
[orch] link change t=300.0s bw=37 delay=18
[orch] link change t=300.0s bw=67 delay=78
[orch] link change t=300.0s bw=47 delay=30
[orch] link change t=300.0s bw=31 delay=10
[orch] link change t=300.0s bw=37 delay=74
[orch] link change t=300.0s bw=13 delay=28
[orch] link change t=300.0s bw=15 delay=93
[orch] link change t=300.0s bw=29 delay=49
[orch] link change t=315.0s bw=17 delay=16
[orch] link change t=315.0s bw=55 delay=39
[orch] link change t=315.0s bw=56 delay=25
[orch] link change t=315.0s bw=32 delay=87
[orch] link change t=315.0s bw=83 delay=19
[orch] link change t=315.0s bw=86 delay=59
[orch] link change t=315.0s bw=63 delay=18
[orch] link change t=315.0s bw=70 delay=23
[orch] link change t=315.0s bw=34 delay=89
[orch] link change t=315.0s bw=30 delay=76
[orch] link change t=330.0s bw=33 delay=55
[orch] link change t=330.0s bw=30 delay=69
[orch] link change t=330.0s bw=93 delay=51
[orch] link change t=330.0s bw=26 delay=83
[orch] link change t=330.0s bw=96 delay=26
[orch] link change t=330.0s bw=73 delay=27
[orch] link change t=330.0s bw=11 delay=10
[orch] link change t=330.0s bw=42 delay=24
[orch] link change t=330.0s bw=89 delay=71
[orch] link change t=330.0s bw=49 delay=99
[multi_ep_plot] saved -> /its/home/mm2350/extra/Olympusv2/benchmarks/benchmark_responsive_fairness/data/ma_dreamer_symmetrical/2_flows/run31/ep000031_bw11_d70_n2.pdf  return=581768.0
[ep_plot] ep=31 -> /its/home/mm2350/extra/Olympusv2/benchmarks/benchmark_responsive_fairness/data/ma_dreamer_symmetrical/2_flows/run31/ep000031_bw11_d70_n2.pdf  return=581768.046875
[orch] ep=31 sum-of-agents return=581768.0
[responsive_fairness] slot=4 ma_dreamer_symmetrical flows=2 run=41
[responsive_fairness] ma_dreamer_symmetrical flows=2 run=31 done (31/200)
[slot=4] ep=41  flows=2  bw=58Mbps  delay=52ms  duration=345s  delays=[0.0, 45.0]  lifetimes=[345.0, 300.0]
[multi_ep_plot] saved -> /its/home/mm2350/extra/Olympusv2/benchmarks/benchmark_responsive_fairness/data/ma_dreamer_symmetrical/2_flows/run32/ep000032_bw19_d37_n2.pdf  return=588816.2
[ep_plot] ep=32 -> /its/home/mm2350/extra/Olympusv2/benchmarks/benchmark_responsive_fairness/data/ma_dreamer_symmetrical/2_flows/run32/ep000032_bw19_d37_n2.pdf  return=588816.1875
[orch] ep=32 sum-of-agents return=588816.2
[responsive_fairness] slot=9 ma_dreamer_symmetrical flows=2 run=42
[responsive_fairness] ma_dreamer_symmetrical flows=2 run=32 done (32/200)
[slot=9] ep=42  flows=2  bw=91Mbps  delay=24ms  duration=345s  delays=[0.0, 45.0]  lifetimes=[345.0, 300.0]
[sao-listener] cport=23400 worker=/its/home/mm2350/extra/Olympusv2/olympus/algorithms/ma_dreamer/worker.py scan=20ms target_cc=astraea single_flow=1 no_state_pipe=1
[sao-listener] cport=23401 worker=/its/home/mm2350/extra/Olympusv2/olympus/algorithms/ma_dreamer/worker.py scan=20ms target_cc=astraea single_flow=1 no_state_pipe=1
[multi_ep_plot] saved -> /its/home/mm2350/extra/Olympusv2/benchmarks/benchmark_responsive_fairness/data/ma_dreamer_symmetrical/2_flows/run33/ep000033_bw83_d31_n2.pdf  return=636265.8
[ep_plot] ep=33 -> /its/home/mm2350/extra/Olympusv2/benchmarks/benchmark_responsive_fairness/data/ma_dreamer_symmetrical/2_flows/run33/ep000033_bw83_d31_n2.pdf  return=636265.78125
[orch] ep=33 sum-of-agents return=636265.8
[responsive_fairness] slot=5 ma_dreamer_symmetrical flows=2 run=43
[responsive_fairness] ma_dreamer_symmetrical flows=2 run=33 done (33/200)
[slot=5] ep=43  flows=2  bw=14Mbps  delay=46ms  duration=345s  delays=[0.0, 45.0]  lifetimes=[345.0, 300.0]
[multi_ep_plot] saved -> /its/home/mm2350/extra/Olympusv2/benchmarks/benchmark_responsive_fairness/data/ma_dreamer_symmetrical/2_flows/run34/ep000034_bw77_d55_n2.pdf  return=613177.9
[ep_plot] ep=34 -> /its/home/mm2350/extra/Olympusv2/benchmarks/benchmark_responsive_fairness/data/ma_dreamer_symmetrical/2_flows/run34/ep000034_bw77_d55_n2.pdf  return=613177.875
[orch] ep=34 sum-of-agents return=613177.9
[sao-listener] cport=23900 worker=/its/home/mm2350/extra/Olympusv2/olympus/algorithms/ma_dreamer/worker.py scan=20ms target_cc=astraea single_flow=1 no_state_pipe=1
[responsive_fairness] slot=3 ma_dreamer_symmetrical flows=2 run=44
[responsive_fairness] ma_dreamer_symmetrical flows=2 run=34 done (34/200)
[sao-listener] cport=23901 worker=/its/home/mm2350/extra/Olympusv2/olympus/algorithms/ma_dreamer/worker.py scan=20ms target_cc=astraea single_flow=1 no_state_pipe=1
[slot=3] ep=44  flows=2  bw=62Mbps  delay=76ms  duration=345s  delays=[0.0, 45.0]  lifetimes=[345.0, 300.0]
[sao-listener] cport=23500 worker=/its/home/mm2350/extra/Olympusv2/olympus/algorithms/ma_dreamer/worker.py scan=20ms target_cc=astraea single_flow=1 no_state_pipe=1
[sao-listener] cport=23501 worker=/its/home/mm2350/extra/Olympusv2/olympus/algorithms/ma_dreamer/worker.py scan=20ms target_cc=astraea single_flow=1 no_state_pipe=1
[sao-listener] cport=23300 worker=/its/home/mm2350/extra/Olympusv2/olympus/algorithms/ma_dreamer/worker.py scan=20ms target_cc=astraea single_flow=1 no_state_pipe=1
[sao-listener] cport=23301 worker=/its/home/mm2350/extra/Olympusv2/olympus/algorithms/ma_dreamer/worker.py scan=20ms target_cc=astraea single_flow=1 no_state_pipe=1
[multi_ep_plot] saved -> /its/home/mm2350/extra/Olympusv2/benchmarks/benchmark_responsive_fairness/data/ma_dreamer_symmetrical/2_flows/run36/ep000036_bw52_d17_n2.pdf  return=668197.4
[ep_plot] ep=36 -> /its/home/mm2350/extra/Olympusv2/benchmarks/benchmark_responsive_fairness/data/ma_dreamer_symmetrical/2_flows/run36/ep000036_bw52_d17_n2.pdf  return=668197.40625
[orch] ep=36 sum-of-agents return=668197.4
[responsive_fairness] slot=8 ma_dreamer_symmetrical flows=2 run=45
[responsive_fairness] ma_dreamer_symmetrical flows=2 run=36 done (35/200)
[multi_ep_plot] saved -> /its/home/mm2350/extra/Olympusv2/benchmarks/benchmark_responsive_fairness/data/ma_dreamer_symmetrical/2_flows/run35/ep000035_bw80_d52_n2.pdf  return=628745.9
[ep_plot] ep=35 -> /its/home/mm2350/extra/Olympusv2/benchmarks/benchmark_responsive_fairness/data/ma_dreamer_symmetrical/2_flows/run35/ep000035_bw80_d52_n2.pdf  return=628745.875
[orch] ep=35 sum-of-agents return=628745.9
[slot=8] ep=45  flows=2  bw=44Mbps  delay=63ms  duration=345s  delays=[0.0, 45.0]  lifetimes=[345.0, 300.0]
[responsive_fairness] slot=6 ma_dreamer_symmetrical flows=2 run=46
[responsive_fairness] ma_dreamer_symmetrical flows=2 run=35 done (36/200)
[slot=6] ep=46  flows=2  bw=19Mbps  delay=61ms  duration=345s  delays=[0.0, 45.0]  lifetimes=[345.0, 300.0]
[multi_ep_plot] saved -> /its/home/mm2350/extra/Olympusv2/benchmarks/benchmark_responsive_fairness/data/ma_dreamer_symmetrical/2_flows/run37/ep000037_bw97_d87_n2.pdf  return=600979.7
[ep_plot] ep=37 -> /its/home/mm2350/extra/Olympusv2/benchmarks/benchmark_responsive_fairness/data/ma_dreamer_symmetrical/2_flows/run37/ep000037_bw97_d87_n2.pdf  return=600979.65625
[orch] ep=37 sum-of-agents return=600979.7
[responsive_fairness] slot=7 ma_dreamer_symmetrical flows=2 run=47
[responsive_fairness] ma_dreamer_symmetrical flows=2 run=37 done (37/200)
[slot=7] ep=47  flows=2  bw=55Mbps  delay=18ms  duration=345s  delays=[0.0, 45.0]  lifetimes=[345.0, 300.0]
[sao-listener] cport=23800 worker=/its/home/mm2350/extra/Olympusv2/olympus/algorithms/ma_dreamer/worker.py scan=20ms target_cc=astraea single_flow=1 no_state_pipe=1
[sao-listener] cport=23801 worker=/its/home/mm2350/extra/Olympusv2/olympus/algorithms/ma_dreamer/worker.py scan=20ms target_cc=astraea single_flow=1 no_state_pipe=1
[sao-listener] cport=23600 worker=/its/home/mm2350/extra/Olympusv2/olympus/algorithms/ma_dreamer/worker.py scan=20ms target_cc=astraea single_flow=1 no_state_pipe=1
[sao-listener] cport=23601 worker=/its/home/mm2350/extra/Olympusv2/olympus/algorithms/ma_dreamer/worker.py scan=20ms target_cc=astraea single_flow=1 no_state_pipe=1
[sao-listener] new flow 1 10.0.0.1:23400->10.0.0.3:5205 cc=astraea pid=110998 child=111896
[sao-listener] single-flow mode: attached worker; stopping ss scans
[sao-listener flow 1] cport=23400 cc=astraea worker active
[multi_ep_plot] saved -> /its/home/mm2350/extra/Olympusv2/benchmarks/benchmark_responsive_fairness/data/ma_dreamer_symmetrical/2_flows/run38/ep000038_bw91_d63_n2.pdf  return=646002.7
[ep_plot] ep=38 -> /its/home/mm2350/extra/Olympusv2/benchmarks/benchmark_responsive_fairness/data/ma_dreamer_symmetrical/2_flows/run38/ep000038_bw91_d63_n2.pdf  return=646002.71875
[orch] ep=38 sum-of-agents return=646002.7
[responsive_fairness] slot=2 ma_dreamer_symmetrical flows=2 run=48
[responsive_fairness] ma_dreamer_symmetrical flows=2 run=38 done (38/200)
[slot=2] ep=48  flows=2  bw=80Mbps  delay=50ms  duration=345s  delays=[0.0, 45.0]  lifetimes=[345.0, 300.0]
[sao-listener] cport=23700 worker=/its/home/mm2350/extra/Olympusv2/olympus/algorithms/ma_dreamer/worker.py scan=20ms target_cc=astraea single_flow=1 no_state_pipe=1
[sao-listener] cport=23701 worker=/its/home/mm2350/extra/Olympusv2/olympus/algorithms/ma_dreamer/worker.py scan=20ms target_cc=astraea single_flow=1 no_state_pipe=1
[multi_ep_plot] saved -> /its/home/mm2350/extra/Olympusv2/benchmarks/benchmark_responsive_fairness/data/ma_dreamer_symmetrical/2_flows/run40/ep000040_bw68_d84_n2.pdf  return=602910.3
[ep_plot] ep=40 -> /its/home/mm2350/extra/Olympusv2/benchmarks/benchmark_responsive_fairness/data/ma_dreamer_symmetrical/2_flows/run40/ep000040_bw68_d84_n2.pdf  return=602910.34375
[orch] ep=40 sum-of-agents return=602910.3
[responsive_fairness] slot=0 ma_dreamer_symmetrical flows=2 run=49
[responsive_fairness] ma_dreamer_symmetrical flows=2 run=40 done (39/200)
[multi_ep_plot] saved -> /its/home/mm2350/extra/Olympusv2/benchmarks/benchmark_responsive_fairness/data/ma_dreamer_symmetrical/2_flows/run39/ep000039_bw36_d43_n2.pdf  return=615916.6
[ep_plot] ep=39 -> /its/home/mm2350/extra/Olympusv2/benchmarks/benchmark_responsive_fairness/data/ma_dreamer_symmetrical/2_flows/run39/ep000039_bw36_d43_n2.pdf  return=615916.625
[orch] ep=39 sum-of-agents return=615916.6
[slot=0] ep=49  flows=2  bw=18Mbps  delay=54ms  duration=345s  delays=[0.0, 45.0]  lifetimes=[345.0, 300.0]
[responsive_fairness] slot=1 ma_dreamer_symmetrical flows=2 run=50
[responsive_fairness] ma_dreamer_symmetrical flows=2 run=39 done (40/200)
[slot=1] ep=50  flows=2  bw=73Mbps  delay=44ms  duration=345s  delays=[0.0, 45.0]  lifetimes=[345.0, 300.0]
[sao-listener] new flow 1 10.0.0.1:23900->10.0.0.3:5210 cc=astraea pid=111219 child=112524
[sao-listener] single-flow mode: attached worker; stopping ss scans
[sao-listener flow 1] cport=23900 cc=astraea worker active
[sao-listener] new flow 1 10.0.0.1:23500->10.0.0.3:5206 cc=astraea pid=111666 child=112712
[sao-listener] single-flow mode: attached worker; stopping ss scans
[sao-listener flow 1] cport=23500 cc=astraea worker active
[sao-listener] cport=23200 worker=/its/home/mm2350/extra/Olympusv2/olympus/algorithms/ma_dreamer/worker.py scan=20ms target_cc=astraea single_flow=1 no_state_pipe=1
[sao-listener] cport=23201 worker=/its/home/mm2350/extra/Olympusv2/olympus/algorithms/ma_dreamer/worker.py scan=20ms target_cc=astraea single_flow=1 no_state_pipe=1
[sao-listener] new flow 1 10.0.0.1:23300->10.0.0.3:5204 cc=astraea pid=111768 child=113253
[sao-listener] single-flow mode: attached worker; stopping ss scans
[sao-listener flow 1] cport=23300 cc=astraea worker active
[sao-listener] cport=23000 worker=/its/home/mm2350/extra/Olympusv2/olympus/algorithms/ma_dreamer/worker.py scan=20ms target_cc=astraea single_flow=1 no_state_pipe=1
[sao-listener] cport=23001 worker=/its/home/mm2350/extra/Olympusv2/olympus/algorithms/ma_dreamer/worker.py scan=20ms target_cc=astraea single_flow=1 no_state_pipe=1
[sao-listener] cport=23100 worker=/its/home/mm2350/extra/Olympusv2/olympus/algorithms/ma_dreamer/worker.py scan=20ms target_cc=astraea single_flow=1 no_state_pipe=1
[sao-listener] cport=23101 worker=/its/home/mm2350/extra/Olympusv2/olympus/algorithms/ma_dreamer/worker.py scan=20ms target_cc=astraea single_flow=1 no_state_pipe=1
[worker cport=23400 agent=0] loaded checkpoint step=51200
[worker alg=ma_dreamer reward=tempest_fairness_ma_symetric cport=23400 agent=0 group=slot4_ep41 flow=1] started interval=20ms det=1 latent=8x8
[sao-listener] new flow 1 10.0.0.1:23700->10.0.0.3:5208 cc=astraea pid=113243 child=114010
[sao-listener] single-flow mode: attached worker; stopping ss scans
[sao-listener flow 1] cport=23700 cc=astraea worker active
[worker cport=23900 agent=0] loaded checkpoint step=51200
[worker alg=ma_dreamer reward=tempest_fairness_ma_symetric cport=23900 agent=0 group=slot9_ep42 flow=1] started interval=20ms det=1 latent=8x8
[worker cport=23500 agent=0] loaded checkpoint step=51200
[worker alg=ma_dreamer reward=tempest_fairness_ma_symetric cport=23500 agent=0 group=slot5_ep43 flow=1] started interval=20ms det=1 latent=8x8
[worker cport=23300 agent=0] loaded checkpoint step=51200
[worker alg=ma_dreamer reward=tempest_fairness_ma_symetric cport=23300 agent=0 group=slot3_ep44 flow=1] started interval=20ms det=1 latent=8x8
[sao-listener] new flow 1 10.0.0.1:23200->10.0.0.3:5203 cc=astraea pid=113987 child=114455
[sao-listener] single-flow mode: attached worker; stopping ss scans
[sao-listener flow 1] cport=23200 cc=astraea worker active
[sao-listener] new flow 1 10.0.0.1:23800->10.0.0.3:5209 cc=astraea pid=112693 child=114517
[sao-listener] single-flow mode: attached worker; stopping ss scans
[sao-listener flow 1] cport=23800 cc=astraea worker active
[sao-listener] new flow 1 10.0.0.1:23600->10.0.0.3:5207 cc=astraea pid=112736 child=114613
[sao-listener] single-flow mode: attached worker; stopping ss scans
[sao-listener flow 1] cport=23600 cc=astraea worker active
[worker cport=23700 agent=0] loaded checkpoint step=51200
[worker alg=ma_dreamer reward=tempest_fairness_ma_symetric cport=23700 agent=0 group=slot7_ep47 flow=1] started interval=20ms det=1 latent=8x8
[sao-listener] new flow 1 10.0.0.1:23000->10.0.0.3:5201 cc=astraea pid=114165 child=114770
[sao-listener] single-flow mode: attached worker; stopping ss scans
[sao-listener flow 1] cport=23000 cc=astraea worker active
[sao-listener] new flow 1 10.0.0.1:23100->10.0.0.3:5202 cc=astraea pid=114245 child=114867
[sao-listener] single-flow mode: attached worker; stopping ss scans
[sao-listener flow 1] cport=23100 cc=astraea worker active
[worker cport=23200 agent=0] loaded checkpoint step=51200
[worker alg=ma_dreamer reward=tempest_fairness_ma_symetric cport=23200 agent=0 group=slot2_ep48 flow=1] started interval=20ms det=1 latent=8x8
[worker cport=23800 agent=0] loaded checkpoint step=51200
[worker alg=ma_dreamer reward=tempest_fairness_ma_symetric cport=23800 agent=0 group=slot8_ep45 flow=1] started interval=20ms det=1 latent=8x8
[worker cport=23600 agent=0] loaded checkpoint step=51200
[worker alg=ma_dreamer reward=tempest_fairness_ma_symetric cport=23600 agent=0 group=slot6_ep46 flow=1] started interval=20ms det=1 latent=8x8
[worker cport=23000 agent=0] loaded checkpoint step=51200
[worker alg=ma_dreamer reward=tempest_fairness_ma_symetric cport=23000 agent=0 group=slot0_ep49 flow=1] started interval=20ms det=1 latent=8x8
[worker cport=23100 agent=0] loaded checkpoint step=51200
[worker alg=ma_dreamer reward=tempest_fairness_ma_symetric cport=23100 agent=0 group=slot1_ep50 flow=1] started interval=20ms det=1 latent=8x8
[orch] link change t=15.0s bw=39 delay=31
[orch] link change t=15.0s bw=13 delay=45
[orch] link change t=15.0s bw=99 delay=28
[orch] link change t=15.0s bw=79 delay=99
[orch] link change t=15.0s bw=72 delay=42
[orch] link change t=15.0s bw=15 delay=85
[orch] link change t=15.0s bw=65 delay=80
[orch] link change t=15.0s bw=26 delay=81
[orch] link change t=15.0s bw=62 delay=24
[orch] link change t=15.0s bw=56 delay=91
[orch] link change t=30.0s bw=59 delay=83
[orch] link change t=30.0s bw=41 delay=38
[orch] link change t=30.0s bw=69 delay=57
[orch] link change t=30.0s bw=24 delay=32
[orch] link change t=30.0s bw=20 delay=48
[orch] link change t=30.0s bw=85 delay=39
[orch] link change t=30.0s bw=68 delay=83
[orch] link change t=30.0s bw=78 delay=48
[orch] link change t=30.0s bw=51 delay=80
[orch] link change t=30.0s bw=41 delay=98
[orch] link change t=45.0s bw=98 delay=46
[orch] link change t=45.0s bw=27 delay=23
[orch] link change t=45.0s bw=95 delay=99
[orch] link change t=45.0s bw=58 delay=38
[orch] link change t=45.0s bw=53 delay=12
[sao-listener] new flow 1 10.0.0.2:23401->10.0.0.4:5205 cc=astraea pid=131635 child=131837
[sao-listener] single-flow mode: attached worker; stopping ss scans
[sao-listener flow 1] cport=23401 cc=astraea worker active
[orch] link change t=45.0s bw=91 delay=76
[orch] link change t=45.0s bw=53 delay=42
[sao-listener] new flow 1 10.0.0.2:23901->10.0.0.4:5210 cc=astraea pid=131694 child=132011
[sao-listener] single-flow mode: attached worker; stopping ss scans
[sao-listener flow 1] cport=23901 cc=astraea worker active
[orch] link change t=45.0s bw=74 delay=34
[sao-listener] new flow 1 10.0.0.2:23301->10.0.0.4:5204 cc=astraea pid=131906 child=132168
[sao-listener] single-flow mode: attached worker; stopping ss scans
[sao-listener flow 1] cport=23301 cc=astraea worker active
[orch] link change t=45.0s bw=75 delay=16
[worker cport=23401 agent=1] loaded checkpoint step=51200
[worker alg=ma_dreamer reward=tempest_fairness_ma_symetric cport=23401 agent=1 group=slot4_ep41 flow=1] started interval=20ms det=1 latent=8x8
[orch] link change t=45.0s bw=70 delay=52
[worker cport=23901 agent=1] loaded checkpoint step=51200
[worker alg=ma_dreamer reward=tempest_fairness_ma_symetric cport=23901 agent=1 group=slot9_ep42 flow=1] started interval=20ms det=1 latent=8x8
[worker cport=23301 agent=1] loaded checkpoint step=51200
[worker alg=ma_dreamer reward=tempest_fairness_ma_symetric cport=23301 agent=1 group=slot3_ep44 flow=1] started interval=20ms det=1 latent=8x8
[sao-listener] new flow 1 10.0.0.2:23201->10.0.0.4:5203 cc=astraea pid=132435 child=132578
[sao-listener] single-flow mode: attached worker; stopping ss scans
[sao-listener flow 1] cport=23201 cc=astraea worker active
[sao-listener] new flow 1 10.0.0.2:23501->10.0.0.4:5206 cc=astraea pid=131836 child=132647
[sao-listener] single-flow mode: attached worker; stopping ss scans
[sao-listener flow 1] cport=23501 cc=astraea worker active
[sao-listener] new flow 1 10.0.0.2:23801->10.0.0.4:5209 cc=astraea pid=132110 child=132702
[sao-listener] single-flow mode: attached worker; stopping ss scans
[sao-listener flow 1] cport=23801 cc=astraea worker active
[sao-listener] new flow 1 10.0.0.2:23601->10.0.0.4:5207 cc=astraea pid=132114 child=132781
[sao-listener] single-flow mode: attached worker; stopping ss scans
[sao-listener flow 1] cport=23601 cc=astraea worker active
[sao-listener] new flow 1 10.0.0.2:23001->10.0.0.4:5201 cc=astraea pid=132483 child=132841
[sao-listener] single-flow mode: attached worker; stopping ss scans
[sao-listener flow 1] cport=23001 cc=astraea worker active
[sao-listener] new flow 1 10.0.0.2:23101->10.0.0.4:5202 cc=astraea pid=132499 child=132900
[sao-listener] single-flow mode: attached worker; stopping ss scans
[sao-listener flow 1] cport=23101 cc=astraea worker active
[sao-listener] new flow 1 10.0.0.2:23701->10.0.0.4:5208 cc=astraea pid=132228 child=132950
[sao-listener] single-flow mode: attached worker; stopping ss scans
[sao-listener flow 1] cport=23701 cc=astraea worker active
[worker cport=23201 agent=1] loaded checkpoint step=51200
[worker alg=ma_dreamer reward=tempest_fairness_ma_symetric cport=23201 agent=1 group=slot2_ep48 flow=1] started interval=20ms det=1 latent=8x8
[worker cport=23501 agent=1] loaded checkpoint step=51200
[worker alg=ma_dreamer reward=tempest_fairness_ma_symetric cport=23501 agent=1 group=slot5_ep43 flow=1] started interval=20ms det=1 latent=8x8
[worker cport=23801 agent=1] loaded checkpoint step=51200
[worker alg=ma_dreamer reward=tempest_fairness_ma_symetric cport=23801 agent=1 group=slot8_ep45 flow=1] started interval=20ms det=1 latent=8x8
[worker cport=23601 agent=1] loaded checkpoint step=51200
[worker alg=ma_dreamer reward=tempest_fairness_ma_symetric cport=23601 agent=1 group=slot6_ep46 flow=1] started interval=20ms det=1 latent=8x8
[worker cport=23001 agent=1] loaded checkpoint step=51200
[worker alg=ma_dreamer reward=tempest_fairness_ma_symetric cport=23001 agent=1 group=slot0_ep49 flow=1] started interval=20ms det=1 latent=8x8
[worker cport=23701 agent=1] loaded checkpoint step=51200
[worker alg=ma_dreamer reward=tempest_fairness_ma_symetric cport=23701 agent=1 group=slot7_ep47 flow=1] started interval=20ms det=1 latent=8x8
[worker cport=23101 agent=1] loaded checkpoint step=51200
[worker alg=ma_dreamer reward=tempest_fairness_ma_symetric cport=23101 agent=1 group=slot1_ep50 flow=1] started interval=20ms det=1 latent=8x8
[orch] link change t=60.0s bw=80 delay=45
[orch] link change t=60.0s bw=96 delay=79
[orch] link change t=60.0s bw=22 delay=68
[orch] link change t=60.0s bw=47 delay=13
[orch] link change t=60.0s bw=19 delay=71
[orch] link change t=60.0s bw=29 delay=84
[orch] link change t=60.0s bw=75 delay=59
[orch] link change t=60.0s bw=65 delay=31
[orch] link change t=60.0s bw=97 delay=15
[orch] link change t=60.0s bw=20 delay=78
[orch] link change t=75.0s bw=59 delay=83
[orch] link change t=75.0s bw=21 delay=85
[orch] link change t=75.0s bw=86 delay=73
[orch] link change t=75.0s bw=38 delay=24
[orch] link change t=75.0s bw=11 delay=24
[orch] link change t=75.0s bw=78 delay=14
[orch] link change t=75.0s bw=60 delay=88
[orch] link change t=75.0s bw=29 delay=94
[orch] link change t=75.0s bw=45 delay=29
[orch] link change t=75.0s bw=50 delay=38
[orch] link change t=90.0s bw=11 delay=41
[orch] link change t=90.0s bw=64 delay=14
[orch] link change t=90.0s bw=87 delay=12
[orch] link change t=90.0s bw=82 delay=11
[orch] link change t=90.0s bw=46 delay=25
[orch] link change t=90.0s bw=13 delay=18
[orch] link change t=90.0s bw=15 delay=63
[orch] link change t=90.0s bw=23 delay=73
[orch] link change t=90.0s bw=68 delay=15
[orch] link change t=90.0s bw=96 delay=81
[orch] link change t=105.0s bw=94 delay=12
[orch] link change t=105.0s bw=13 delay=21
[orch] link change t=105.0s bw=75 delay=65
[orch] link change t=105.0s bw=22 delay=30
[orch] link change t=105.0s bw=49 delay=93
[orch] link change t=105.0s bw=50 delay=90
[orch] link change t=105.0s bw=94 delay=13
[orch] link change t=105.0s bw=93 delay=38
[orch] link change t=105.0s bw=90 delay=79
[orch] link change t=105.0s bw=20 delay=29
[orch] link change t=120.0s bw=66 delay=29
[orch] link change t=120.0s bw=37 delay=39
[orch] link change t=120.0s bw=83 delay=57
[orch] link change t=120.0s bw=75 delay=98
[orch] link change t=120.0s bw=14 delay=89
[orch] link change t=120.0s bw=16 delay=13
[orch] link change t=120.0s bw=23 delay=10
[orch] link change t=120.0s bw=37 delay=75
[orch] link change t=120.0s bw=74 delay=38
[orch] link change t=120.0s bw=54 delay=22
[orch] link change t=135.0s bw=29 delay=50
[orch] link change t=135.0s bw=74 delay=87
[orch] link change t=135.0s bw=89 delay=80
[orch] link change t=135.0s bw=48 delay=98
[orch] link change t=135.0s bw=18 delay=27
[orch] link change t=135.0s bw=27 delay=80
[orch] link change t=135.0s bw=43 delay=71
[orch] link change t=135.0s bw=81 delay=75
[orch] link change t=135.0s bw=87 delay=46
[orch] link change t=135.0s bw=54 delay=50
[orch] link change t=150.0s bw=31 delay=42
[orch] link change t=150.0s bw=13 delay=81
[orch] link change t=150.0s bw=65 delay=60
[orch] link change t=150.0s bw=91 delay=58
[orch] link change t=150.0s bw=44 delay=29
[orch] link change t=150.0s bw=47 delay=77
[orch] link change t=150.0s bw=79 delay=11
[orch] link change t=150.0s bw=29 delay=70
[orch] link change t=150.0s bw=83 delay=57
[orch] link change t=150.0s bw=38 delay=34
[orch] link change t=165.0s bw=93 delay=98
[orch] link change t=165.0s bw=35 delay=93
[orch] link change t=165.0s bw=32 delay=17
[orch] link change t=165.0s bw=85 delay=61
[orch] link change t=165.0s bw=37 delay=64
[orch] link change t=165.0s bw=52 delay=21
[orch] link change t=165.0s bw=50 delay=82
[orch] link change t=165.0s bw=37 delay=13
[orch] link change t=165.0s bw=61 delay=13
[orch] link change t=165.0s bw=18 delay=52
[orch] link change t=180.0s bw=89 delay=84
[orch] link change t=180.0s bw=99 delay=79
[orch] link change t=180.0s bw=23 delay=25
[orch] link change t=180.0s bw=98 delay=95
[orch] link change t=180.0s bw=19 delay=88
[orch] link change t=180.0s bw=60 delay=100
[orch] link change t=180.0s bw=64 delay=39
[orch] link change t=180.0s bw=19 delay=64
[orch] link change t=180.0s bw=41 delay=27
[orch] link change t=180.0s bw=87 delay=87
[orch] link change t=195.0s bw=17 delay=25
[orch] link change t=195.0s bw=63 delay=38
[orch] link change t=195.0s bw=58 delay=29
[orch] link change t=195.0s bw=51 delay=55
[orch] link change t=195.0s bw=62 delay=28
[orch] link change t=195.0s bw=71 delay=56
[orch] link change t=195.0s bw=40 delay=76
[orch] link change t=195.0s bw=18 delay=26
[orch] link change t=195.0s bw=22 delay=64
[orch] link change t=195.0s bw=64 delay=91
[orch] link change t=210.0s bw=85 delay=14
[orch] link change t=210.0s bw=67 delay=85
[orch] link change t=210.0s bw=22 delay=30
[orch] link change t=210.0s bw=19 delay=53
[orch] link change t=210.0s bw=99 delay=17
[orch] link change t=210.0s bw=29 delay=70
[orch] link change t=210.0s bw=75 delay=55
[orch] link change t=210.0s bw=73 delay=96
[orch] link change t=210.0s bw=58 delay=51
[orch] link change t=210.0s bw=21 delay=18
[orch] link change t=225.0s bw=65 delay=46
[orch] link change t=225.0s bw=45 delay=10
[orch] link change t=225.0s bw=75 delay=73
[orch] link change t=225.0s bw=46 delay=89
[orch] link change t=225.0s bw=14 delay=32
[orch] link change t=225.0s bw=69 delay=19
[orch] link change t=225.0s bw=66 delay=40
[orch] link change t=225.0s bw=30 delay=26
[orch] link change t=225.0s bw=55 delay=44
[orch] link change t=225.0s bw=98 delay=87
[orch] link change t=240.0s bw=37 delay=19
[orch] link change t=240.0s bw=30 delay=99
[orch] link change t=240.0s bw=26 delay=59
[orch] link change t=240.0s bw=30 delay=24
[orch] link change t=240.0s bw=51 delay=42
[orch] link change t=240.0s bw=68 delay=99
[orch] link change t=240.0s bw=14 delay=81
[orch] link change t=240.0s bw=17 delay=99
[orch] link change t=240.0s bw=93 delay=61
[orch] link change t=240.0s bw=52 delay=98
[orch] link change t=255.0s bw=56 delay=70
[orch] link change t=255.0s bw=64 delay=53
[orch] link change t=255.0s bw=86 delay=74
[orch] link change t=255.0s bw=75 delay=18
[orch] link change t=255.0s bw=55 delay=50
[orch] link change t=255.0s bw=79 delay=89
[orch] link change t=255.0s bw=57 delay=98
[orch] link change t=255.0s bw=80 delay=47
[orch] link change t=255.0s bw=88 delay=89
[orch] link change t=255.0s bw=92 delay=65
[orch] link change t=270.0s bw=26 delay=81
[orch] link change t=270.0s bw=45 delay=29
[orch] link change t=270.0s bw=44 delay=83
[orch] link change t=270.0s bw=85 delay=22
[orch] link change t=270.0s bw=22 delay=62
[orch] link change t=270.0s bw=24 delay=65
[orch] link change t=270.0s bw=55 delay=86
[orch] link change t=270.0s bw=53 delay=99
[orch] link change t=270.0s bw=16 delay=94
[orch] link change t=270.0s bw=10 delay=39
[orch] link change t=285.0s bw=95 delay=12
[orch] link change t=285.0s bw=37 delay=53
[orch] link change t=285.0s bw=33 delay=58
[orch] link change t=285.0s bw=44 delay=50
[orch] link change t=285.0s bw=21 delay=12
[orch] link change t=285.0s bw=38 delay=53
[orch] link change t=285.0s bw=53 delay=81
[orch] link change t=285.0s bw=53 delay=22
[orch] link change t=285.0s bw=62 delay=98
[orch] link change t=285.0s bw=53 delay=44
[orch] link change t=300.0s bw=25 delay=22
[orch] link change t=300.0s bw=23 delay=21
[orch] link change t=300.0s bw=18 delay=16
[orch] link change t=300.0s bw=23 delay=90
[orch] link change t=300.0s bw=52 delay=50
[orch] link change t=300.0s bw=74 delay=66
[orch] link change t=300.0s bw=83 delay=35
[orch] link change t=300.0s bw=40 delay=44
[orch] link change t=300.0s bw=79 delay=88
[orch] link change t=300.0s bw=65 delay=99
[orch] link change t=315.0s bw=28 delay=98
[orch] link change t=315.0s bw=58 delay=22
[orch] link change t=315.0s bw=84 delay=17
[orch] link change t=315.0s bw=47 delay=14
[orch] link change t=315.0s bw=59 delay=99
[orch] link change t=315.0s bw=45 delay=29
[orch] link change t=315.0s bw=40 delay=14
[orch] link change t=315.0s bw=43 delay=92
[orch] link change t=315.0s bw=36 delay=93
[orch] link change t=315.0s bw=23 delay=35
[orch] link change t=330.0s bw=32 delay=16
[orch] link change t=330.0s bw=55 delay=54
[orch] link change t=330.0s bw=33 delay=17
[orch] link change t=330.0s bw=54 delay=59
[orch] link change t=330.0s bw=77 delay=94
[orch] link change t=330.0s bw=23 delay=86
[orch] link change t=330.0s bw=26 delay=52
[orch] link change t=330.0s bw=11 delay=83
[orch] link change t=330.0s bw=18 delay=82
[orch] link change t=330.0s bw=66 delay=44
[multi_ep_plot] saved -> /its/home/mm2350/extra/Olympusv2/benchmarks/benchmark_responsive_fairness/data/ma_dreamer_symmetrical/2_flows/run41/ep000041_bw58_d52_n2.pdf  return=584665.5
[ep_plot] ep=41 -> /its/home/mm2350/extra/Olympusv2/benchmarks/benchmark_responsive_fairness/data/ma_dreamer_symmetrical/2_flows/run41/ep000041_bw58_d52_n2.pdf  return=584665.53125
[orch] ep=41 sum-of-agents return=584665.5
[responsive_fairness] slot=4 ma_dreamer_symmetrical flows=4 run=1
[responsive_fairness] ma_dreamer_symmetrical flows=2 run=41 done (41/200)
[slot=4] ep=1  flows=4  bw=27Mbps  delay=82ms  duration=345s  delays=[0.0, 15.0, 30.0, 45.0]  lifetimes=[345.0, 330.0, 315.0, 300.0]
[multi_ep_plot] saved -> /its/home/mm2350/extra/Olympusv2/benchmarks/benchmark_responsive_fairness/data/ma_dreamer_symmetrical/2_flows/run42/ep000042_bw91_d24_n2.pdf  return=605262.7
[ep_plot] ep=42 -> /its/home/mm2350/extra/Olympusv2/benchmarks/benchmark_responsive_fairness/data/ma_dreamer_symmetrical/2_flows/run42/ep000042_bw91_d24_n2.pdf  return=605262.65625
[orch] ep=42 sum-of-agents return=605262.7
[responsive_fairness] slot=9 ma_dreamer_symmetrical flows=4 run=2
[responsive_fairness] ma_dreamer_symmetrical flows=2 run=42 done (42/200)
[slot=9] ep=2  flows=4  bw=17Mbps  delay=21ms  duration=345s  delays=[0.0, 15.0, 30.0, 45.0]  lifetimes=[345.0, 330.0, 315.0, 300.0]
[sao-listener] cport=23400 worker=/its/home/mm2350/extra/Olympusv2/olympus/algorithms/ma_dreamer/worker.py scan=20ms target_cc=astraea single_flow=1 no_state_pipe=1
[sao-listener] cport=23401 worker=/its/home/mm2350/extra/Olympusv2/olympus/algorithms/ma_dreamer/worker.py scan=20ms target_cc=astraea single_flow=1 no_state_pipe=1
[sao-listener] cport=23402 worker=/its/home/mm2350/extra/Olympusv2/olympus/algorithms/ma_dreamer/worker.py scan=20ms target_cc=astraea single_flow=1 no_state_pipe=1
[sao-listener] cport=23403 worker=/its/home/mm2350/extra/Olympusv2/olympus/algorithms/ma_dreamer/worker.py scan=20ms target_cc=astraea single_flow=1 no_state_pipe=1
[multi_ep_plot] saved -> /its/home/mm2350/extra/Olympusv2/benchmarks/benchmark_responsive_fairness/data/ma_dreamer_symmetrical/2_flows/run43/ep000043_bw14_d46_n2.pdf  return=594636.3
[ep_plot] ep=43 -> /its/home/mm2350/extra/Olympusv2/benchmarks/benchmark_responsive_fairness/data/ma_dreamer_symmetrical/2_flows/run43/ep000043_bw14_d46_n2.pdf  return=594636.3125
[orch] ep=43 sum-of-agents return=594636.3
[responsive_fairness] slot=5 ma_dreamer_symmetrical flows=4 run=3
[responsive_fairness] ma_dreamer_symmetrical flows=2 run=43 done (43/200)
[slot=5] ep=3  flows=4  bw=40Mbps  delay=85ms  duration=345s  delays=[0.0, 15.0, 30.0, 45.0]  lifetimes=[345.0, 330.0, 315.0, 300.0]
[multi_ep_plot] saved -> /its/home/mm2350/extra/Olympusv2/benchmarks/benchmark_responsive_fairness/data/ma_dreamer_symmetrical/2_flows/run44/ep000044_bw62_d76_n2.pdf  return=636295.7
[ep_plot] ep=44 -> /its/home/mm2350/extra/Olympusv2/benchmarks/benchmark_responsive_fairness/data/ma_dreamer_symmetrical/2_flows/run44/ep000044_bw62_d76_n2.pdf  return=636295.6875
[orch] ep=44 sum-of-agents return=636295.7
[responsive_fairness] slot=3 ma_dreamer_symmetrical flows=4 run=4
[responsive_fairness] ma_dreamer_symmetrical flows=2 run=44 done (44/200)
[slot=3] ep=4  flows=4  bw=40Mbps  delay=48ms  duration=345s  delays=[0.0, 15.0, 30.0, 45.0]  lifetimes=[345.0, 330.0, 315.0, 300.0]
[sao-listener] cport=23900 worker=/its/home/mm2350/extra/Olympusv2/olympus/algorithms/ma_dreamer/worker.py scan=20ms target_cc=astraea single_flow=1 no_state_pipe=1
[sao-listener] cport=23901 worker=/its/home/mm2350/extra/Olympusv2/olympus/algorithms/ma_dreamer/worker.py scan=20ms target_cc=astraea single_flow=1 no_state_pipe=1
[sao-listener] cport=23902 worker=/its/home/mm2350/extra/Olympusv2/olympus/algorithms/ma_dreamer/worker.py scan=20ms target_cc=astraea single_flow=1 no_state_pipe=1
[sao-listener] cport=23903 worker=/its/home/mm2350/extra/Olympusv2/olympus/algorithms/ma_dreamer/worker.py scan=20ms target_cc=astraea single_flow=1 no_state_pipe=1
[multi_ep_plot] saved -> /its/home/mm2350/extra/Olympusv2/benchmarks/benchmark_responsive_fairness/data/ma_dreamer_symmetrical/2_flows/run46/ep000046_bw19_d61_n2.pdf  return=598559.8
[ep_plot] ep=46 -> /its/home/mm2350/extra/Olympusv2/benchmarks/benchmark_responsive_fairness/data/ma_dreamer_symmetrical/2_flows/run46/ep000046_bw19_d61_n2.pdf  return=598559.8125
[orch] ep=46 sum-of-agents return=598559.8
[responsive_fairness] slot=6 ma_dreamer_symmetrical flows=4 run=5
[responsive_fairness] ma_dreamer_symmetrical flows=2 run=46 done (45/200)
[slot=6] ep=5  flows=4  bw=89Mbps  delay=42ms  duration=345s  delays=[0.0, 15.0, 30.0, 45.0]  lifetimes=[345.0, 330.0, 315.0, 300.0]
[multi_ep_plot] saved -> /its/home/mm2350/extra/Olympusv2/benchmarks/benchmark_responsive_fairness/data/ma_dreamer_symmetrical/2_flows/run45/ep000045_bw44_d63_n2.pdf  return=604517.5
[ep_plot] ep=45 -> /its/home/mm2350/extra/Olympusv2/benchmarks/benchmark_responsive_fairness/data/ma_dreamer_symmetrical/2_flows/run45/ep000045_bw44_d63_n2.pdf  return=604517.5
[orch] ep=45 sum-of-agents return=604517.5
[responsive_fairness] slot=8 ma_dreamer_symmetrical flows=4 run=6
[responsive_fairness] ma_dreamer_symmetrical flows=2 run=45 done (46/200)
[slot=8] ep=6  flows=4  bw=83Mbps  delay=20ms  duration=345s  delays=[0.0, 15.0, 30.0, 45.0]  lifetimes=[345.0, 330.0, 315.0, 300.0]
[sao-listener] cport=23500 worker=/its/home/mm2350/extra/Olympusv2/olympus/algorithms/ma_dreamer/worker.py scan=20ms target_cc=astraea single_flow=1 no_state_pipe=1
[sao-listener] cport=23501 worker=/its/home/mm2350/extra/Olympusv2/olympus/algorithms/ma_dreamer/worker.py scan=20ms target_cc=astraea single_flow=1 no_state_pipe=1
[sao-listener] cport=23502 worker=/its/home/mm2350/extra/Olympusv2/olympus/algorithms/ma_dreamer/worker.py scan=20ms target_cc=astraea single_flow=1 no_state_pipe=1
[sao-listener] cport=23300 worker=/its/home/mm2350/extra/Olympusv2/olympus/algorithms/ma_dreamer/worker.py scan=20ms target_cc=astraea single_flow=1 no_state_pipe=1
[sao-listener] cport=23503 worker=/its/home/mm2350/extra/Olympusv2/olympus/algorithms/ma_dreamer/worker.py scan=20ms target_cc=astraea single_flow=1 no_state_pipe=1
[sao-listener] cport=23301 worker=/its/home/mm2350/extra/Olympusv2/olympus/algorithms/ma_dreamer/worker.py scan=20ms target_cc=astraea single_flow=1 no_state_pipe=1
[sao-listener] cport=23302 worker=/its/home/mm2350/extra/Olympusv2/olympus/algorithms/ma_dreamer/worker.py scan=20ms target_cc=astraea single_flow=1 no_state_pipe=1
[sao-listener] cport=23303 worker=/its/home/mm2350/extra/Olympusv2/olympus/algorithms/ma_dreamer/worker.py scan=20ms target_cc=astraea single_flow=1 no_state_pipe=1
[multi_ep_plot] saved -> /its/home/mm2350/extra/Olympusv2/benchmarks/benchmark_responsive_fairness/data/ma_dreamer_symmetrical/2_flows/run47/ep000047_bw55_d18_n2.pdf  return=599952.7
[ep_plot] ep=47 -> /its/home/mm2350/extra/Olympusv2/benchmarks/benchmark_responsive_fairness/data/ma_dreamer_symmetrical/2_flows/run47/ep000047_bw55_d18_n2.pdf  return=599952.65625
[orch] ep=47 sum-of-agents return=599952.7
[responsive_fairness] slot=7 ma_dreamer_symmetrical flows=4 run=7
[responsive_fairness] ma_dreamer_symmetrical flows=2 run=47 done (47/200)
[slot=7] ep=7  flows=4  bw=51Mbps  delay=29ms  duration=345s  delays=[0.0, 15.0, 30.0, 45.0]  lifetimes=[345.0, 330.0, 315.0, 300.0]
[multi_ep_plot] saved -> /its/home/mm2350/extra/Olympusv2/benchmarks/benchmark_responsive_fairness/data/ma_dreamer_symmetrical/2_flows/run48/ep000048_bw80_d50_n2.pdf  return=606665.0
[ep_plot] ep=48 -> /its/home/mm2350/extra/Olympusv2/benchmarks/benchmark_responsive_fairness/data/ma_dreamer_symmetrical/2_flows/run48/ep000048_bw80_d50_n2.pdf  return=606665.03125
[orch] ep=48 sum-of-agents return=606665.0
[responsive_fairness] slot=2 ma_dreamer_symmetrical flows=4 run=8
[responsive_fairness] ma_dreamer_symmetrical flows=2 run=48 done (48/200)
[slot=2] ep=8  flows=4  bw=39Mbps  delay=57ms  duration=345s  delays=[0.0, 15.0, 30.0, 45.0]  lifetimes=[345.0, 330.0, 315.0, 300.0]
[sao-listener] cport=23600 worker=/its/home/mm2350/extra/Olympusv2/olympus/algorithms/ma_dreamer/worker.py scan=20ms target_cc=astraea single_flow=1 no_state_pipe=1
[sao-listener] cport=23601 worker=/its/home/mm2350/extra/Olympusv2/olympus/algorithms/ma_dreamer/worker.py scan=20ms target_cc=astraea single_flow=1 no_state_pipe=1
[sao-listener] cport=23602 worker=/its/home/mm2350/extra/Olympusv2/olympus/algorithms/ma_dreamer/worker.py scan=20ms target_cc=astraea single_flow=1 no_state_pipe=1
[sao-listener] cport=23603 worker=/its/home/mm2350/extra/Olympusv2/olympus/algorithms/ma_dreamer/worker.py scan=20ms target_cc=astraea single_flow=1 no_state_pipe=1
[sao-listener] cport=23800 worker=/its/home/mm2350/extra/Olympusv2/olympus/algorithms/ma_dreamer/worker.py scan=20ms target_cc=astraea single_flow=1 no_state_pipe=1
[sao-listener] cport=23801 worker=/its/home/mm2350/extra/Olympusv2/olympus/algorithms/ma_dreamer/worker.py scan=20ms target_cc=astraea single_flow=1 no_state_pipe=1
[sao-listener] cport=23802 worker=/its/home/mm2350/extra/Olympusv2/olympus/algorithms/ma_dreamer/worker.py scan=20ms target_cc=astraea single_flow=1 no_state_pipe=1
[sao-listener] cport=23803 worker=/its/home/mm2350/extra/Olympusv2/olympus/algorithms/ma_dreamer/worker.py scan=20ms target_cc=astraea single_flow=1 no_state_pipe=1
[multi_ep_plot] saved -> /its/home/mm2350/extra/Olympusv2/benchmarks/benchmark_responsive_fairness/data/ma_dreamer_symmetrical/2_flows/run49/ep000049_bw18_d54_n2.pdf  return=612259.9
[ep_plot] ep=49 -> /its/home/mm2350/extra/Olympusv2/benchmarks/benchmark_responsive_fairness/data/ma_dreamer_symmetrical/2_flows/run49/ep000049_bw18_d54_n2.pdf  return=612259.875
[orch] ep=49 sum-of-agents return=612259.9
[responsive_fairness] slot=0 ma_dreamer_symmetrical flows=4 run=9
[responsive_fairness] ma_dreamer_symmetrical flows=2 run=49 done (49/200)
[slot=0] ep=9  flows=4  bw=69Mbps  delay=88ms  duration=345s  delays=[0.0, 15.0, 30.0, 45.0]  lifetimes=[345.0, 330.0, 315.0, 300.0]
[sao-listener] new flow 1 10.0.0.1:23900->10.0.0.5:5210 cc=astraea pid=137246 child=138795
[sao-listener] single-flow mode: attached worker; stopping ss scans
[sao-listener flow 1] cport=23900 cc=astraea worker active
[sao-listener] new flow 1 10.0.0.1:23300->10.0.0.5:5204 cc=astraea pid=138141 child=138831
[sao-listener] single-flow mode: attached worker; stopping ss scans
[sao-listener flow 1] cport=23300 cc=astraea worker active
[multi_ep_plot] saved -> /its/home/mm2350/extra/Olympusv2/benchmarks/benchmark_responsive_fairness/data/ma_dreamer_symmetrical/2_flows/run50/ep000050_bw73_d44_n2.pdf  return=592483.1
[ep_plot] ep=50 -> /its/home/mm2350/extra/Olympusv2/benchmarks/benchmark_responsive_fairness/data/ma_dreamer_symmetrical/2_flows/run50/ep000050_bw73_d44_n2.pdf  return=592483.125
[orch] ep=50 sum-of-agents return=592483.1
[responsive_fairness] ma_dreamer_symmetrical flows=2 run=50 done (50/200)
[responsive_fairness] slot=1 ma_dreamer_symmetrical flows=4 run=10
[slot=1] ep=10  flows=4  bw=83Mbps  delay=14ms  duration=345s  delays=[0.0, 15.0, 30.0, 45.0]  lifetimes=[345.0, 330.0, 315.0, 300.0]
[sao-listener] cport=23700 worker=/its/home/mm2350/extra/Olympusv2/olympus/algorithms/ma_dreamer/worker.py scan=20ms target_cc=astraea single_flow=1 no_state_pipe=1
[sao-listener] cport=23701 worker=/its/home/mm2350/extra/Olympusv2/olympus/algorithms/ma_dreamer/worker.py scan=20ms target_cc=astraea single_flow=1 no_state_pipe=1
[sao-listener] cport=23702 worker=/its/home/mm2350/extra/Olympusv2/olympus/algorithms/ma_dreamer/worker.py scan=20ms target_cc=astraea single_flow=1 no_state_pipe=1
[sao-listener] cport=23703 worker=/its/home/mm2350/extra/Olympusv2/olympus/algorithms/ma_dreamer/worker.py scan=20ms target_cc=astraea single_flow=1 no_state_pipe=1
[sao-listener] cport=23200 worker=/its/home/mm2350/extra/Olympusv2/olympus/algorithms/ma_dreamer/worker.py scan=20ms target_cc=astraea single_flow=1 no_state_pipe=1
[sao-listener] cport=23201 worker=/its/home/mm2350/extra/Olympusv2/olympus/algorithms/ma_dreamer/worker.py scan=20ms target_cc=astraea single_flow=1 no_state_pipe=1
[sao-listener] cport=23202 worker=/its/home/mm2350/extra/Olympusv2/olympus/algorithms/ma_dreamer/worker.py scan=20ms target_cc=astraea single_flow=1 no_state_pipe=1
[sao-listener] cport=23203 worker=/its/home/mm2350/extra/Olympusv2/olympus/algorithms/ma_dreamer/worker.py scan=20ms target_cc=astraea single_flow=1 no_state_pipe=1
[sao-listener] new flow 1 10.0.0.1:23400->10.0.0.5:5205 cc=astraea pid=136469 child=139914
[sao-listener] single-flow mode: attached worker; stopping ss scans
[sao-listener flow 1] cport=23400 cc=astraea worker active
[sao-listener] cport=23000 worker=/its/home/mm2350/extra/Olympusv2/olympus/algorithms/ma_dreamer/worker.py scan=20ms target_cc=astraea single_flow=1 no_state_pipe=1
[sao-listener] cport=23001 worker=/its/home/mm2350/extra/Olympusv2/olympus/algorithms/ma_dreamer/worker.py scan=20ms target_cc=astraea single_flow=1 no_state_pipe=1
[sao-listener] cport=23002 worker=/its/home/mm2350/extra/Olympusv2/olympus/algorithms/ma_dreamer/worker.py scan=20ms target_cc=astraea single_flow=1 no_state_pipe=1
[sao-listener] cport=23003 worker=/its/home/mm2350/extra/Olympusv2/olympus/algorithms/ma_dreamer/worker.py scan=20ms target_cc=astraea single_flow=1 no_state_pipe=1
[sao-listener] cport=23100 worker=/its/home/mm2350/extra/Olympusv2/olympus/algorithms/ma_dreamer/worker.py scan=20ms target_cc=astraea single_flow=1 no_state_pipe=1
[sao-listener] cport=23101 worker=/its/home/mm2350/extra/Olympusv2/olympus/algorithms/ma_dreamer/worker.py scan=20ms target_cc=astraea single_flow=1 no_state_pipe=1
[worker cport=23900 agent=0] loaded checkpoint step=51200
[worker alg=ma_dreamer reward=tempest_fairness_ma_symetric cport=23900 agent=0 group=slot9_ep2 flow=1] started interval=20ms det=1 latent=8x8
[sao-listener] cport=23102 worker=/its/home/mm2350/extra/Olympusv2/olympus/algorithms/ma_dreamer/worker.py scan=20ms target_cc=astraea single_flow=1 no_state_pipe=1
[sao-listener] cport=23103 worker=/its/home/mm2350/extra/Olympusv2/olympus/algorithms/ma_dreamer/worker.py scan=20ms target_cc=astraea single_flow=1 no_state_pipe=1
[worker cport=23300 agent=0] loaded checkpoint step=51200
[worker alg=ma_dreamer reward=tempest_fairness_ma_symetric cport=23300 agent=0 group=slot3_ep4 flow=1] started interval=20ms det=1 latent=8x8
[sao-listener] new flow 1 10.0.0.1:23600->10.0.0.5:5207 cc=astraea pid=139354 child=141528
[sao-listener] single-flow mode: attached worker; stopping ss scans
[sao-listener flow 1] cport=23600 cc=astraea worker active
[sao-listener] new flow 1 10.0.0.1:23800->10.0.0.5:5209 cc=astraea pid=139477 child=141828
[sao-listener] single-flow mode: attached worker; stopping ss scans
[sao-listener flow 1] cport=23800 cc=astraea worker active
[sao-listener] new flow 1 10.0.0.1:23500->10.0.0.5:5206 cc=astraea pid=138083 child=141912
[sao-listener] single-flow mode: attached worker; stopping ss scans
[sao-listener flow 1] cport=23500 cc=astraea worker active
[worker cport=23400 agent=0] loaded checkpoint step=51200
[worker alg=ma_dreamer reward=tempest_fairness_ma_symetric cport=23400 agent=0 group=slot4_ep1 flow=1] started interval=20ms det=1 latent=8x8
[worker cport=23600 agent=0] loaded checkpoint step=51200
[worker alg=ma_dreamer reward=tempest_fairness_ma_symetric cport=23600 agent=0 group=slot6_ep5 flow=1] started interval=20ms det=1 latent=8x8
[worker cport=23500 agent=0] loaded checkpoint step=51200
[worker alg=ma_dreamer reward=tempest_fairness_ma_symetric cport=23500 agent=0 group=slot5_ep3 flow=1] started interval=20ms det=1 latent=8x8
[worker cport=23800 agent=0] loaded checkpoint step=51200
[worker alg=ma_dreamer reward=tempest_fairness_ma_symetric cport=23800 agent=0 group=slot8_ep6 flow=1] started interval=20ms det=1 latent=8x8
[sao-listener] new flow 1 10.0.0.1:23700->10.0.0.5:5208 cc=astraea pid=140630 child=142995
[sao-listener] single-flow mode: attached worker; stopping ss scans
[sao-listener flow 1] cport=23700 cc=astraea worker active
[sao-listener] new flow 1 10.0.0.1:23200->10.0.0.5:5203 cc=astraea pid=140780 child=143219
[sao-listener] single-flow mode: attached worker; stopping ss scans
[sao-listener flow 1] cport=23200 cc=astraea worker active
[worker cport=23700 agent=0] loaded checkpoint step=51200
[worker alg=ma_dreamer reward=tempest_fairness_ma_symetric cport=23700 agent=0 group=slot7_ep7 flow=1] started interval=20ms det=1 latent=8x8
[worker cport=23200 agent=0] loaded checkpoint step=51200
[worker alg=ma_dreamer reward=tempest_fairness_ma_symetric cport=23200 agent=0 group=slot2_ep8 flow=1] started interval=20ms det=1 latent=8x8
[sao-listener] new flow 1 10.0.0.1:23000->10.0.0.5:5201 cc=astraea pid=141745 child=144120
[sao-listener] single-flow mode: attached worker; stopping ss scans
[sao-listener flow 1] cport=23000 cc=astraea worker active
[sao-listener] new flow 1 10.0.0.1:23100->10.0.0.5:5202 cc=astraea pid=142046 child=144537
[sao-listener] single-flow mode: attached worker; stopping ss scans
[sao-listener flow 1] cport=23100 cc=astraea worker active
[worker cport=23000 agent=0] loaded checkpoint step=51200
[worker alg=ma_dreamer reward=tempest_fairness_ma_symetric cport=23000 agent=0 group=slot0_ep9 flow=1] started interval=20ms det=1 latent=8x8
[worker cport=23100 agent=0] loaded checkpoint step=51200
[worker alg=ma_dreamer reward=tempest_fairness_ma_symetric cport=23100 agent=0 group=slot1_ep10 flow=1] started interval=20ms det=1 latent=8x8
[orch] link change t=15.0s bw=18 delay=42
[orch] link change t=15.0s bw=20 delay=56
[orch] link change t=15.0s bw=79 delay=26
[orch] link change t=15.0s bw=23 delay=60
[orch] link change t=15.0s bw=55 delay=98
[orch] link change t=15.0s bw=72 delay=43
[sao-listener] new flow 1 10.0.0.2:23401->10.0.0.6:5205 cc=astraea pid=153408 child=154447
[sao-listener] single-flow mode: attached worker; stopping ss scans
[sao-listener flow 1] cport=23401 cc=astraea worker active
[orch] link change t=15.0s bw=60 delay=93
[orch] link change t=15.0s bw=58 delay=26
[orch] link change t=15.0s bw=57 delay=44
[worker cport=23401 agent=1] loaded checkpoint step=51200
[worker alg=ma_dreamer reward=tempest_fairness_ma_symetric cport=23401 agent=1 group=slot4_ep1 flow=1] started interval=20ms det=1 latent=8x8
[orch] link change t=15.0s bw=64 delay=71
[sao-listener] new flow 1 10.0.0.2:23501->10.0.0.6:5206 cc=astraea pid=154181 child=155494
[sao-listener] single-flow mode: attached worker; stopping ss scans
[sao-listener flow 1] cport=23501 cc=astraea worker active
[sao-listener] new flow 1 10.0.0.2:23301->10.0.0.6:5204 cc=astraea pid=154205 child=155664
[sao-listener] single-flow mode: attached worker; stopping ss scans
[sao-listener flow 1] cport=23301 cc=astraea worker active
[sao-listener] new flow 1 10.0.0.2:23701->10.0.0.6:5208 cc=astraea pid=155215 child=155959
[sao-listener] single-flow mode: attached worker; stopping ss scans
[sao-listener flow 1] cport=23701 cc=astraea worker active
[sao-listener] new flow 1 10.0.0.2:23901->10.0.0.6:5210 cc=astraea pid=153739 child=156153
[sao-listener] single-flow mode: attached worker; stopping ss scans
[sao-listener flow 1] cport=23901 cc=astraea worker active
[sao-listener] new flow 1 10.0.0.2:23201->10.0.0.6:5203 cc=astraea pid=155288 child=156225
[sao-listener] single-flow mode: attached worker; stopping ss scans
[sao-listener flow 1] cport=23201 cc=astraea worker active
[worker cport=23501 agent=1] loaded checkpoint step=51200
[worker alg=ma_dreamer reward=tempest_fairness_ma_symetric cport=23501 agent=1 group=slot5_ep3 flow=1] started interval=20ms det=1 latent=8x8
[worker cport=23301 agent=1] loaded checkpoint step=51200
[worker alg=ma_dreamer reward=tempest_fairness_ma_symetric cport=23301 agent=1 group=slot3_ep4 flow=1] started interval=20ms det=1 latent=8x8
[worker cport=23701 agent=1] loaded checkpoint step=51200
[worker alg=ma_dreamer reward=tempest_fairness_ma_symetric cport=23701 agent=1 group=slot7_ep7 flow=1] started interval=20ms det=1 latent=8x8
[worker cport=23201 agent=1] loaded checkpoint step=51200
[worker alg=ma_dreamer reward=tempest_fairness_ma_symetric cport=23201 agent=1 group=slot2_ep8 flow=1] started interval=20ms det=1 latent=8x8
[worker cport=23901 agent=1] loaded checkpoint step=51200
[worker alg=ma_dreamer reward=tempest_fairness_ma_symetric cport=23901 agent=1 group=slot9_ep2 flow=1] started interval=20ms det=1 latent=8x8
[sao-listener] new flow 1 10.0.0.2:23601->10.0.0.6:5207 cc=astraea pid=154731 child=157204
[sao-listener] single-flow mode: attached worker; stopping ss scans
[sao-listener flow 1] cport=23601 cc=astraea worker active
[sao-listener] new flow 1 10.0.0.2:23001->10.0.0.6:5201 cc=astraea pid=155867 child=157327
[sao-listener] single-flow mode: attached worker; stopping ss scans
[sao-listener flow 1] cport=23001 cc=astraea worker active
[sao-listener] new flow 1 10.0.0.2:23801->10.0.0.6:5209 cc=astraea pid=154772 child=157580
[sao-listener] single-flow mode: attached worker; stopping ss scans
[sao-listener flow 1] cport=23801 cc=astraea worker active
[sao-listener] new flow 1 10.0.0.2:23101->10.0.0.6:5202 cc=astraea pid=156069 child=157703
[sao-listener] single-flow mode: attached worker; stopping ss scans
[sao-listener flow 1] cport=23101 cc=astraea worker active
[worker cport=23601 agent=1] loaded checkpoint step=51200
[worker alg=ma_dreamer reward=tempest_fairness_ma_symetric cport=23601 agent=1 group=slot6_ep5 flow=1] started interval=20ms det=1 latent=8x8
[worker cport=23001 agent=1] loaded checkpoint step=51200
[worker alg=ma_dreamer reward=tempest_fairness_ma_symetric cport=23001 agent=1 group=slot0_ep9 flow=1] started interval=20ms det=1 latent=8x8
[worker cport=23801 agent=1] loaded checkpoint step=51200
[worker alg=ma_dreamer reward=tempest_fairness_ma_symetric cport=23801 agent=1 group=slot8_ep6 flow=1] started interval=20ms det=1 latent=8x8
[worker cport=23101 agent=1] loaded checkpoint step=51200
[worker alg=ma_dreamer reward=tempest_fairness_ma_symetric cport=23101 agent=1 group=slot1_ep10 flow=1] started interval=20ms det=1 latent=8x8
[orch] link change t=30.0s bw=25 delay=73
[orch] link change t=30.0s bw=31 delay=95
[orch] link change t=30.0s bw=57 delay=87
[orch] link change t=30.0s bw=71 delay=29
[orch] link change t=30.0s bw=93 delay=77
[orch] link change t=30.0s bw=14 delay=10
[sao-listener] new flow 1 10.0.0.3:23302->10.0.0.7:5204 cc=astraea pid=164890 child=165152
[sao-listener] single-flow mode: attached worker; stopping ss scans
[sao-listener flow 1] cport=23302 cc=astraea worker active
[orch] link change t=30.0s bw=16 delay=19
[orch] link change t=30.0s bw=34 delay=100
[sao-listener] new flow 1 10.0.0.3:23902->10.0.0.7:5210 cc=astraea pid=164577 child=165452
[sao-listener] single-flow mode: attached worker; stopping ss scans
[sao-listener flow 1] cport=23902 cc=astraea worker active
[orch] link change t=30.0s bw=27 delay=33
[worker cport=23302 agent=2] loaded checkpoint step=51200
[worker alg=ma_dreamer reward=tempest_fairness_ma_symetric cport=23302 agent=2 group=slot3_ep4 flow=1] started interval=20ms det=1 latent=8x8
[orch] link change t=30.0s bw=83 delay=11
[worker cport=23902 agent=2] loaded checkpoint step=51200
[worker alg=ma_dreamer reward=tempest_fairness_ma_symetric cport=23902 agent=2 group=slot9_ep2 flow=1] started interval=20ms det=1 latent=8x8
[sao-listener] new flow 1 10.0.0.3:23402->10.0.0.7:5205 cc=astraea pid=164345 child=166179
[sao-listener] single-flow mode: attached worker; stopping ss scans
[sao-listener flow 1] cport=23402 cc=astraea worker active
[sao-listener] new flow 1 10.0.0.3:23602->10.0.0.7:5207 cc=astraea pid=165278 child=166246
[sao-listener] single-flow mode: attached worker; stopping ss scans
[sao-listener flow 1] cport=23602 cc=astraea worker active
[sao-listener] new flow 1 10.0.0.3:23102->10.0.0.7:5202 cc=astraea pid=166165 child=166416
[sao-listener] single-flow mode: attached worker; stopping ss scans
[sao-listener flow 1] cport=23102 cc=astraea worker active
[sao-listener] new flow 1 10.0.0.3:23802->10.0.0.7:5209 cc=astraea pid=165309 child=166534
[sao-listener] single-flow mode: attached worker; stopping ss scans
[sao-listener flow 1] cport=23802 cc=astraea worker active
[worker cport=23402 agent=2] loaded checkpoint step=51200
[worker alg=ma_dreamer reward=tempest_fairness_ma_symetric cport=23402 agent=2 group=slot4_ep1 flow=1] started interval=20ms det=1 latent=8x8
[worker cport=23602 agent=2] loaded checkpoint step=51200
[worker alg=ma_dreamer reward=tempest_fairness_ma_symetric cport=23602 agent=2 group=slot6_ep5 flow=1] started interval=20ms det=1 latent=8x8
[sao-listener] new flow 1 10.0.0.3:23502->10.0.0.7:5206 cc=astraea pid=164877 child=166928
[sao-listener] single-flow mode: attached worker; stopping ss scans
[sao-listener flow 1] cport=23502 cc=astraea worker active
[worker cport=23102 agent=2] loaded checkpoint step=51200
[worker alg=ma_dreamer reward=tempest_fairness_ma_symetric cport=23102 agent=2 group=slot1_ep10 flow=1] started interval=20ms det=1 latent=8x8
[sao-listener] new flow 1 10.0.0.3:23702->10.0.0.7:5208 cc=astraea pid=165644 child=167185
[sao-listener] single-flow mode: attached worker; stopping ss scans
[sao-listener flow 1] cport=23702 cc=astraea worker active
[worker cport=23802 agent=2] loaded checkpoint step=51200
[worker alg=ma_dreamer reward=tempest_fairness_ma_symetric cport=23802 agent=2 group=slot8_ep6 flow=1] started interval=20ms det=1 latent=8x8
[sao-listener] new flow 1 10.0.0.3:23202->10.0.0.7:5203 cc=astraea pid=165685 child=167415
[sao-listener] single-flow mode: attached worker; stopping ss scans
[sao-listener flow 1] cport=23202 cc=astraea worker active
[worker cport=23502 agent=2] loaded checkpoint step=51200
[worker alg=ma_dreamer reward=tempest_fairness_ma_symetric cport=23502 agent=2 group=slot5_ep3 flow=1] started interval=20ms det=1 latent=8x8
[worker cport=23702 agent=2] loaded checkpoint step=51200
[worker alg=ma_dreamer reward=tempest_fairness_ma_symetric cport=23702 agent=2 group=slot7_ep7 flow=1] started interval=20ms det=1 latent=8x8
[worker cport=23202 agent=2] loaded checkpoint step=51200
[worker alg=ma_dreamer reward=tempest_fairness_ma_symetric cport=23202 agent=2 group=slot2_ep8 flow=1] started interval=20ms det=1 latent=8x8
[sao-listener] new flow 1 10.0.0.3:23002->10.0.0.7:5201 cc=astraea pid=166053 child=167907
[sao-listener] single-flow mode: attached worker; stopping ss scans
[sao-listener flow 1] cport=23002 cc=astraea worker active
[worker cport=23002 agent=2] loaded checkpoint step=51200
[worker alg=ma_dreamer reward=tempest_fairness_ma_symetric cport=23002 agent=2 group=slot0_ep9 flow=1] started interval=20ms det=1 latent=8x8
[orch] link change t=45.0s bw=67 delay=70
[orch] link change t=45.0s bw=49 delay=42
[orch] link change t=45.0s bw=70 delay=90
[orch] link change t=45.0s bw=21 delay=18
[sao-listener] new flow 1 10.0.0.4:23903->10.0.0.8:5210 cc=astraea pid=171065 child=171150
[sao-listener] single-flow mode: attached worker; stopping ss scans
[sao-listener flow 1] cport=23903 cc=astraea worker active
[orch] link change t=45.0s bw=13 delay=69
[orch] link change t=45.0s bw=28 delay=94
[orch] link change t=45.0s bw=78 delay=22
[orch] link change t=45.0s bw=15 delay=20
[sao-listener] new flow 1 10.0.0.4:23403->10.0.0.8:5205 cc=astraea pid=170943 child=171503
[sao-listener] single-flow mode: attached worker; stopping ss scans
[sao-listener flow 1] cport=23403 cc=astraea worker active
[worker cport=23903 agent=3] loaded checkpoint step=51200
[worker alg=ma_dreamer reward=tempest_fairness_ma_symetric cport=23903 agent=3 group=slot9_ep2 flow=1] started interval=20ms det=1 latent=8x8
[orch] link change t=45.0s bw=96 delay=10
[orch] link change t=45.0s bw=36 delay=69
[worker cport=23403 agent=3] loaded checkpoint step=51200
[worker alg=ma_dreamer reward=tempest_fairness_ma_symetric cport=23403 agent=3 group=slot4_ep1 flow=1] started interval=20ms det=1 latent=8x8
[sao-listener] new flow 1 10.0.0.4:23703->10.0.0.8:5208 cc=astraea pid=171656 child=171882
[sao-listener] single-flow mode: attached worker; stopping ss scans
[sao-listener flow 1] cport=23703 cc=astraea worker active
[sao-listener] new flow 1 10.0.0.4:23303->10.0.0.8:5204 cc=astraea pid=171259 child=171944
[sao-listener] single-flow mode: attached worker; stopping ss scans
[sao-listener flow 1] cport=23303 cc=astraea worker active
[sao-listener] new flow 1 10.0.0.4:23503->10.0.0.8:5206 cc=astraea pid=171250 child=172011
[sao-listener] single-flow mode: attached worker; stopping ss scans
[sao-listener flow 1] cport=23503 cc=astraea worker active
[sao-listener] new flow 1 10.0.0.4:23203->10.0.0.8:5203 cc=astraea pid=171675 child=172150
[sao-listener] single-flow mode: attached worker; stopping ss scans
[sao-listener flow 1] cport=23203 cc=astraea worker active
[worker cport=23703 agent=3] loaded checkpoint step=51200
[worker alg=ma_dreamer reward=tempest_fairness_ma_symetric cport=23703 agent=3 group=slot7_ep7 flow=1] started interval=20ms det=1 latent=8x8
[worker cport=23303 agent=3] loaded checkpoint step=51200
[worker alg=ma_dreamer reward=tempest_fairness_ma_symetric cport=23303 agent=3 group=slot3_ep4 flow=1] started interval=20ms det=1 latent=8x8
[worker cport=23503 agent=3] loaded checkpoint step=51200
[worker alg=ma_dreamer reward=tempest_fairness_ma_symetric cport=23503 agent=3 group=slot5_ep3 flow=1] started interval=20ms det=1 latent=8x8
[sao-listener] new flow 1 10.0.0.4:23003->10.0.0.8:5201 cc=astraea pid=171855 child=172426
[sao-listener] single-flow mode: attached worker; stopping ss scans
[sao-listener flow 1] cport=23003 cc=astraea worker active
[sao-listener] new flow 1 10.0.0.4:23603->10.0.0.8:5207 cc=astraea pid=171417 child=172483
[sao-listener] single-flow mode: attached worker; stopping ss scans
[sao-listener flow 1] cport=23603 cc=astraea worker active
[worker cport=23203 agent=3] loaded checkpoint step=51200
[worker alg=ma_dreamer reward=tempest_fairness_ma_symetric cport=23203 agent=3 group=slot2_ep8 flow=1] started interval=20ms det=1 latent=8x8
[sao-listener] new flow 1 10.0.0.4:23103->10.0.0.8:5202 cc=astraea pid=171973 child=172593
[sao-listener] single-flow mode: attached worker; stopping ss scans
[sao-listener flow 1] cport=23103 cc=astraea worker active
[sao-listener] new flow 1 10.0.0.4:23803->10.0.0.8:5209 cc=astraea pid=171435 child=172643
[sao-listener] single-flow mode: attached worker; stopping ss scans
[sao-listener flow 1] cport=23803 cc=astraea worker active
[worker cport=23003 agent=3] loaded checkpoint step=51200
[worker alg=ma_dreamer reward=tempest_fairness_ma_symetric cport=23003 agent=3 group=slot0_ep9 flow=1] started interval=20ms det=1 latent=8x8
[worker cport=23603 agent=3] loaded checkpoint step=51200
[worker alg=ma_dreamer reward=tempest_fairness_ma_symetric cport=23603 agent=3 group=slot6_ep5 flow=1] started interval=20ms det=1 latent=8x8
[worker cport=23103 agent=3] loaded checkpoint step=51200
[worker alg=ma_dreamer reward=tempest_fairness_ma_symetric cport=23103 agent=3 group=slot1_ep10 flow=1] started interval=20ms det=1 latent=8x8
[worker cport=23803 agent=3] loaded checkpoint step=51200
[worker alg=ma_dreamer reward=tempest_fairness_ma_symetric cport=23803 agent=3 group=slot8_ep6 flow=1] started interval=20ms det=1 latent=8x8
[orch] link change t=60.0s bw=93 delay=58
[orch] link change t=60.0s bw=87 delay=37
[orch] link change t=60.0s bw=84 delay=18
[orch] link change t=60.0s bw=12 delay=61
[orch] link change t=60.0s bw=41 delay=93
[orch] link change t=60.0s bw=85 delay=70
[orch] link change t=60.0s bw=56 delay=84
[orch] link change t=60.0s bw=27 delay=41
[orch] link change t=60.0s bw=53 delay=74
[orch] link change t=60.0s bw=72 delay=45
[orch] link change t=75.0s bw=36 delay=22
[orch] link change t=75.0s bw=87 delay=14
[orch] link change t=75.0s bw=87 delay=11
[orch] link change t=75.0s bw=80 delay=47
[orch] link change t=75.0s bw=16 delay=30
[orch] link change t=75.0s bw=57 delay=50
[orch] link change t=75.0s bw=17 delay=74
[orch] link change t=75.0s bw=74 delay=36
[orch] link change t=75.0s bw=69 delay=87
[orch] link change t=75.0s bw=93 delay=30
[orch] link change t=90.0s bw=72 delay=13
[orch] link change t=90.0s bw=84 delay=97
[orch] link change t=90.0s bw=70 delay=43
[orch] link change t=90.0s bw=17 delay=38
[orch] link change t=90.0s bw=24 delay=57
[orch] link change t=90.0s bw=12 delay=44
[orch] link change t=90.0s bw=37 delay=14
[orch] link change t=90.0s bw=61 delay=92
[orch] link change t=90.0s bw=20 delay=52
[orch] link change t=90.0s bw=14 delay=76
[orch] link change t=105.0s bw=59 delay=65
[orch] link change t=105.0s bw=30 delay=65
[orch] link change t=105.0s bw=80 delay=39
[orch] link change t=105.0s bw=76 delay=78
[orch] link change t=105.0s bw=70 delay=41
[orch] link change t=105.0s bw=72 delay=35
[orch] link change t=105.0s bw=21 delay=65
[orch] link change t=105.0s bw=13 delay=68
[orch] link change t=105.0s bw=80 delay=88
[orch] link change t=105.0s bw=72 delay=51
[orch] link change t=120.0s bw=87 delay=10
[orch] link change t=120.0s bw=91 delay=60
[orch] link change t=120.0s bw=34 delay=70
[orch] link change t=120.0s bw=56 delay=45
[orch] link change t=120.0s bw=58 delay=79
[orch] link change t=120.0s bw=62 delay=78
[orch] link change t=120.0s bw=63 delay=18
[orch] link change t=120.0s bw=72 delay=68
[orch] link change t=120.0s bw=99 delay=15
[orch] link change t=120.0s bw=19 delay=41
[orch] link change t=135.0s bw=99 delay=67
[orch] link change t=135.0s bw=75 delay=57
[orch] link change t=135.0s bw=79 delay=80
[orch] link change t=135.0s bw=32 delay=23
[orch] link change t=135.0s bw=23 delay=83
[orch] link change t=135.0s bw=79 delay=97
[orch] link change t=135.0s bw=40 delay=21
[orch] link change t=135.0s bw=59 delay=73
[orch] link change t=135.0s bw=58 delay=31
[orch] link change t=135.0s bw=56 delay=15
[orch] link change t=150.0s bw=44 delay=39
[orch] link change t=150.0s bw=79 delay=66
[orch] link change t=150.0s bw=70 delay=60
[orch] link change t=150.0s bw=43 delay=37
[orch] link change t=150.0s bw=41 delay=11
[orch] link change t=150.0s bw=22 delay=34
[orch] link change t=150.0s bw=80 delay=64
[orch] link change t=150.0s bw=83 delay=34
[orch] link change t=150.0s bw=100 delay=67
[orch] link change t=150.0s bw=63 delay=27
[orch] link change t=165.0s bw=85 delay=23
[orch] link change t=165.0s bw=74 delay=44
[orch] link change t=165.0s bw=91 delay=29
[orch] link change t=165.0s bw=13 delay=92
[orch] link change t=165.0s bw=37 delay=62
[orch] link change t=165.0s bw=82 delay=80
[orch] link change t=165.0s bw=17 delay=82
[orch] link change t=165.0s bw=61 delay=21
[orch] link change t=165.0s bw=64 delay=30
[orch] link change t=165.0s bw=87 delay=55
[orch] link change t=180.0s bw=50 delay=13
[orch] link change t=180.0s bw=14 delay=13
[orch] link change t=180.0s bw=39 delay=91
[orch] link change t=180.0s bw=43 delay=44
[orch] link change t=180.0s bw=45 delay=33
[orch] link change t=180.0s bw=99 delay=43
[orch] link change t=180.0s bw=25 delay=38
[orch] link change t=180.0s bw=72 delay=39
[orch] link change t=180.0s bw=31 delay=40
[orch] link change t=180.0s bw=58 delay=63
[orch] link change t=195.0s bw=12 delay=13
[orch] link change t=195.0s bw=56 delay=69
[orch] link change t=195.0s bw=29 delay=76
[orch] link change t=195.0s bw=34 delay=31
[orch] link change t=195.0s bw=59 delay=30
[orch] link change t=195.0s bw=94 delay=88
[orch] link change t=195.0s bw=90 delay=90
[orch] link change t=195.0s bw=12 delay=99
[orch] link change t=195.0s bw=16 delay=24
[orch] link change t=195.0s bw=46 delay=96
[orch] link change t=210.0s bw=93 delay=79
[orch] link change t=210.0s bw=50 delay=58
[orch] link change t=210.0s bw=59 delay=11
[orch] link change t=210.0s bw=49 delay=47
[orch] link change t=210.0s bw=19 delay=27
[orch] link change t=210.0s bw=97 delay=21
[orch] link change t=210.0s bw=84 delay=17
[orch] link change t=210.0s bw=44 delay=76
[orch] link change t=210.0s bw=26 delay=74
[orch] link change t=210.0s bw=43 delay=68
[orch] link change t=225.0s bw=11 delay=58
[orch] link change t=225.0s bw=64 delay=77
[orch] link change t=225.0s bw=95 delay=18
[orch] link change t=225.0s bw=90 delay=57
[orch] link change t=225.0s bw=89 delay=89
[orch] link change t=225.0s bw=64 delay=52
[orch] link change t=225.0s bw=83 delay=84
[orch] link change t=225.0s bw=62 delay=70
[orch] link change t=225.0s bw=85 delay=18
[orch] link change t=225.0s bw=32 delay=97
[orch] link change t=240.0s bw=97 delay=37
[orch] link change t=240.0s bw=31 delay=81
[orch] link change t=240.0s bw=30 delay=85
[orch] link change t=240.0s bw=21 delay=87
[orch] link change t=240.0s bw=66 delay=26
[orch] link change t=240.0s bw=21 delay=56
[orch] link change t=240.0s bw=60 delay=16
[orch] link change t=240.0s bw=58 delay=24
[orch] link change t=240.0s bw=98 delay=59
[orch] link change t=240.0s bw=48 delay=94
[orch] link change t=255.0s bw=64 delay=13
[orch] link change t=255.0s bw=32 delay=40
[orch] link change t=255.0s bw=15 delay=48
[orch] link change t=255.0s bw=53 delay=95
[orch] link change t=255.0s bw=26 delay=10
[orch] link change t=255.0s bw=62 delay=42
[orch] link change t=255.0s bw=38 delay=15
[orch] link change t=255.0s bw=94 delay=43
[orch] link change t=255.0s bw=23 delay=47
[orch] link change t=255.0s bw=56 delay=27
[orch] link change t=270.0s bw=77 delay=38
[orch] link change t=270.0s bw=39 delay=13
[orch] link change t=270.0s bw=13 delay=44
[orch] link change t=270.0s bw=59 delay=74
[orch] link change t=270.0s bw=10 delay=36
[orch] link change t=270.0s bw=66 delay=99
[orch] link change t=270.0s bw=81 delay=27
[orch] link change t=270.0s bw=22 delay=18
[orch] link change t=270.0s bw=36 delay=96
[orch] link change t=270.0s bw=68 delay=40
[orch] link change t=285.0s bw=66 delay=73
[orch] link change t=285.0s bw=32 delay=51
[orch] link change t=285.0s bw=70 delay=86
[orch] link change t=285.0s bw=41 delay=32
[orch] link change t=285.0s bw=37 delay=31
[orch] link change t=285.0s bw=22 delay=35
[orch] link change t=285.0s bw=47 delay=63
[orch] link change t=285.0s bw=59 delay=89
[orch] link change t=285.0s bw=38 delay=63
[orch] link change t=285.0s bw=66 delay=88
[orch] link change t=300.0s bw=80 delay=39
[orch] link change t=300.0s bw=32 delay=27
[orch] link change t=300.0s bw=59 delay=64
[orch] link change t=300.0s bw=41 delay=70
[orch] link change t=300.0s bw=31 delay=47
[orch] link change t=300.0s bw=99 delay=91
[orch] link change t=300.0s bw=28 delay=79
[orch] link change t=300.0s bw=58 delay=23
[orch] link change t=300.0s bw=21 delay=44
[orch] link change t=300.0s bw=58 delay=15
[orch] link change t=315.0s bw=54 delay=39
[orch] link change t=315.0s bw=75 delay=75
[orch] link change t=315.0s bw=60 delay=83
[orch] link change t=315.0s bw=45 delay=21
[orch] link change t=315.0s bw=50 delay=35
[orch] link change t=315.0s bw=47 delay=22
[orch] link change t=315.0s bw=25 delay=83
[orch] link change t=315.0s bw=94 delay=17
[orch] link change t=315.0s bw=36 delay=60
[orch] link change t=315.0s bw=84 delay=10
[orch] link change t=330.0s bw=96 delay=38
[orch] link change t=330.0s bw=56 delay=75
[orch] link change t=330.0s bw=66 delay=27
[orch] link change t=330.0s bw=80 delay=48
[orch] link change t=330.0s bw=79 delay=96
[orch] link change t=330.0s bw=15 delay=85
[orch] link change t=330.0s bw=49 delay=81
[orch] link change t=330.0s bw=53 delay=40
[orch] link change t=330.0s bw=45 delay=53
[orch] link change t=330.0s bw=40 delay=27
[multi_ep_plot] saved -> /its/home/mm2350/extra/Olympusv2/benchmarks/benchmark_responsive_fairness/data/ma_dreamer_symmetrical/4_flows/run1/ep000001_bw27_d82_n4.pdf  return=1059661.8
[ep_plot] ep=1 -> /its/home/mm2350/extra/Olympusv2/benchmarks/benchmark_responsive_fairness/data/ma_dreamer_symmetrical/4_flows/run1/ep000001_bw27_d82_n4.pdf  return=1059661.765625
[orch] ep=1 sum-of-agents return=1059661.8
[responsive_fairness] slot=4 ma_dreamer_symmetrical flows=4 run=11
[responsive_fairness] ma_dreamer_symmetrical flows=4 run=1 done (51/200)
[slot=4] ep=11  flows=4  bw=67Mbps  delay=81ms  duration=345s  delays=[0.0, 15.0, 30.0, 45.0]  lifetimes=[345.0, 330.0, 315.0, 300.0]
[multi_ep_plot] saved -> /its/home/mm2350/extra/Olympusv2/benchmarks/benchmark_responsive_fairness/data/ma_dreamer_symmetrical/4_flows/run2/ep000002_bw17_d21_n4.pdf  return=1097927.8
[ep_plot] ep=2 -> /its/home/mm2350/extra/Olympusv2/benchmarks/benchmark_responsive_fairness/data/ma_dreamer_symmetrical/4_flows/run2/ep000002_bw17_d21_n4.pdf  return=1097927.84375
[orch] ep=2 sum-of-agents return=1097927.8
[responsive_fairness] slot=9 ma_dreamer_symmetrical flows=4 run=12
[responsive_fairness] ma_dreamer_symmetrical flows=4 run=2 done (52/200)
[slot=9] ep=12  flows=4  bw=70Mbps  delay=44ms  duration=345s  delays=[0.0, 15.0, 30.0, 45.0]  lifetimes=[345.0, 330.0, 315.0, 300.0]
[sao-listener] cport=23400 worker=/its/home/mm2350/extra/Olympusv2/olympus/algorithms/ma_dreamer/worker.py scan=20ms target_cc=astraea single_flow=1 no_state_pipe=1
[sao-listener] cport=23401 worker=/its/home/mm2350/extra/Olympusv2/olympus/algorithms/ma_dreamer/worker.py scan=20ms target_cc=astraea single_flow=1 no_state_pipe=1
[sao-listener] cport=23402 worker=/its/home/mm2350/extra/Olympusv2/olympus/algorithms/ma_dreamer/worker.py scan=20ms target_cc=astraea single_flow=1 no_state_pipe=1
[sao-listener] cport=23403 worker=/its/home/mm2350/extra/Olympusv2/olympus/algorithms/ma_dreamer/worker.py scan=20ms target_cc=astraea single_flow=1 no_state_pipe=1
[multi_ep_plot] saved -> /its/home/mm2350/extra/Olympusv2/benchmarks/benchmark_responsive_fairness/data/ma_dreamer_symmetrical/4_flows/run3/ep000003_bw40_d85_n4.pdf  return=1036606.9
[ep_plot] ep=3 -> /its/home/mm2350/extra/Olympusv2/benchmarks/benchmark_responsive_fairness/data/ma_dreamer_symmetrical/4_flows/run3/ep000003_bw40_d85_n4.pdf  return=1036606.859375
[orch] ep=3 sum-of-agents return=1036606.9
[responsive_fairness] slot=5 ma_dreamer_symmetrical flows=4 run=13
[responsive_fairness] ma_dreamer_symmetrical flows=4 run=3 done (53/200)
[slot=5] ep=13  flows=4  bw=43Mbps  delay=47ms  duration=345s  delays=[0.0, 15.0, 30.0, 45.0]  lifetimes=[345.0, 330.0, 315.0, 300.0]
[sao-listener] cport=23900 worker=/its/home/mm2350/extra/Olympusv2/olympus/algorithms/ma_dreamer/worker.py scan=20ms target_cc=astraea single_flow=1 no_state_pipe=1
[multi_ep_plot] saved -> /its/home/mm2350/extra/Olympusv2/benchmarks/benchmark_responsive_fairness/data/ma_dreamer_symmetrical/4_flows/run4/ep000004_bw40_d48_n4.pdf  return=996589.3
[ep_plot] ep=4 -> /its/home/mm2350/extra/Olympusv2/benchmarks/benchmark_responsive_fairness/data/ma_dreamer_symmetrical/4_flows/run4/ep000004_bw40_d48_n4.pdf  return=996589.296875
[orch] ep=4 sum-of-agents return=996589.3
[sao-listener] cport=23901 worker=/its/home/mm2350/extra/Olympusv2/olympus/algorithms/ma_dreamer/worker.py scan=20ms target_cc=astraea single_flow=1 no_state_pipe=1
[responsive_fairness] slot=3 ma_dreamer_symmetrical flows=4 run=14
[sao-listener] cport=23902 worker=/its/home/mm2350/extra/Olympusv2/olympus/algorithms/ma_dreamer/worker.py scan=20ms target_cc=astraea single_flow=1 no_state_pipe=1
[responsive_fairness] ma_dreamer_symmetrical flows=4 run=4 done (54/200)
[sao-listener] cport=23903 worker=/its/home/mm2350/extra/Olympusv2/olympus/algorithms/ma_dreamer/worker.py scan=20ms target_cc=astraea single_flow=1 no_state_pipe=1
[slot=3] ep=14  flows=4  bw=23Mbps  delay=88ms  duration=345s  delays=[0.0, 15.0, 30.0, 45.0]  lifetimes=[345.0, 330.0, 315.0, 300.0]
[multi_ep_plot] saved -> /its/home/mm2350/extra/Olympusv2/benchmarks/benchmark_responsive_fairness/data/ma_dreamer_symmetrical/4_flows/run6/ep000006_bw83_d20_n4.pdf  return=941364.1
[ep_plot] ep=6 -> /its/home/mm2350/extra/Olympusv2/benchmarks/benchmark_responsive_fairness/data/ma_dreamer_symmetrical/4_flows/run6/ep000006_bw83_d20_n4.pdf  return=941364.078125
[orch] ep=6 sum-of-agents return=941364.1
[responsive_fairness] slot=8 ma_dreamer_symmetrical flows=4 run=15
[responsive_fairness] ma_dreamer_symmetrical flows=4 run=6 done (55/200)
[sao-listener] cport=23500 worker=/its/home/mm2350/extra/Olympusv2/olympus/algorithms/ma_dreamer/worker.py scan=20ms target_cc=astraea single_flow=1 no_state_pipe=1
[sao-listener] cport=23501 worker=/its/home/mm2350/extra/Olympusv2/olympus/algorithms/ma_dreamer/worker.py scan=20ms target_cc=astraea single_flow=1 no_state_pipe=1
[sao-listener] new flow 1 10.0.0.1:23400->10.0.0.5:5205 cc=astraea pid=175996 child=176906
[sao-listener] single-flow mode: attached worker; stopping ss scans
[sao-listener flow 1] cport=23400 cc=astraea worker active
[sao-listener] cport=23502 worker=/its/home/mm2350/extra/Olympusv2/olympus/algorithms/ma_dreamer/worker.py scan=20ms target_cc=astraea single_flow=1 no_state_pipe=1
[sao-listener] cport=23300 worker=/its/home/mm2350/extra/Olympusv2/olympus/algorithms/ma_dreamer/worker.py scan=20ms target_cc=astraea single_flow=1 no_state_pipe=1
[sao-listener] cport=23503 worker=/its/home/mm2350/extra/Olympusv2/olympus/algorithms/ma_dreamer/worker.py scan=20ms target_cc=astraea single_flow=1 no_state_pipe=1
[sao-listener] cport=23301 worker=/its/home/mm2350/extra/Olympusv2/olympus/algorithms/ma_dreamer/worker.py scan=20ms target_cc=astraea single_flow=1 no_state_pipe=1
[multi_ep_plot] saved -> /its/home/mm2350/extra/Olympusv2/benchmarks/benchmark_responsive_fairness/data/ma_dreamer_symmetrical/4_flows/run5/ep000005_bw89_d42_n4.pdf  return=1000720.0
[ep_plot] ep=5 -> /its/home/mm2350/extra/Olympusv2/benchmarks/benchmark_responsive_fairness/data/ma_dreamer_symmetrical/4_flows/run5/ep000005_bw89_d42_n4.pdf  return=1000719.96875
[orch] ep=5 sum-of-agents return=1000720.0
[sao-listener] cport=23302 worker=/its/home/mm2350/extra/Olympusv2/olympus/algorithms/ma_dreamer/worker.py scan=20ms target_cc=astraea single_flow=1 no_state_pipe=1
[responsive_fairness] slot=6 ma_dreamer_symmetrical flows=4 run=16
[responsive_fairness] ma_dreamer_symmetrical flows=4 run=5 done (56/200)
[slot=8] ep=15  flows=4  bw=36Mbps  delay=11ms  duration=345s  delays=[0.0, 15.0, 30.0, 45.0]  lifetimes=[345.0, 330.0, 315.0, 300.0]
[sao-listener] cport=23303 worker=/its/home/mm2350/extra/Olympusv2/olympus/algorithms/ma_dreamer/worker.py scan=20ms target_cc=astraea single_flow=1 no_state_pipe=1
[slot=6] ep=16  flows=4  bw=56Mbps  delay=70ms  duration=345s  delays=[0.0, 15.0, 30.0, 45.0]  lifetimes=[345.0, 330.0, 315.0, 300.0]
[sao-listener] new flow 1 10.0.0.1:23900->10.0.0.5:5210 cc=astraea pid=176605 child=177607
[sao-listener] single-flow mode: attached worker; stopping ss scans
[sao-listener flow 1] cport=23900 cc=astraea worker active
[multi_ep_plot] saved -> /its/home/mm2350/extra/Olympusv2/benchmarks/benchmark_responsive_fairness/data/ma_dreamer_symmetrical/4_flows/run7/ep000007_bw51_d29_n4.pdf  return=1051659.8
[ep_plot] ep=7 -> /its/home/mm2350/extra/Olympusv2/benchmarks/benchmark_responsive_fairness/data/ma_dreamer_symmetrical/4_flows/run7/ep000007_bw51_d29_n4.pdf  return=1051659.84375
[orch] ep=7 sum-of-agents return=1051659.8
[responsive_fairness] slot=7 ma_dreamer_symmetrical flows=4 run=17
[responsive_fairness] ma_dreamer_symmetrical flows=4 run=7 done (57/200)
[sao-listener] cport=23800 worker=/its/home/mm2350/extra/Olympusv2/olympus/algorithms/ma_dreamer/worker.py scan=20ms target_cc=astraea single_flow=1 no_state_pipe=1
[sao-listener] cport=23801 worker=/its/home/mm2350/extra/Olympusv2/olympus/algorithms/ma_dreamer/worker.py scan=20ms target_cc=astraea single_flow=1 no_state_pipe=1
[multi_ep_plot] saved -> /its/home/mm2350/extra/Olympusv2/benchmarks/benchmark_responsive_fairness/data/ma_dreamer_symmetrical/4_flows/run8/ep000008_bw39_d57_n4.pdf  return=994983.8
[ep_plot] ep=8 -> /its/home/mm2350/extra/Olympusv2/benchmarks/benchmark_responsive_fairness/data/ma_dreamer_symmetrical/4_flows/run8/ep000008_bw39_d57_n4.pdf  return=994983.84375
[orch] ep=8 sum-of-agents return=994983.8
[sao-listener] cport=23802 worker=/its/home/mm2350/extra/Olympusv2/olympus/algorithms/ma_dreamer/worker.py scan=20ms target_cc=astraea single_flow=1 no_state_pipe=1
[responsive_fairness] slot=2 ma_dreamer_symmetrical flows=4 run=18
[responsive_fairness] ma_dreamer_symmetrical flows=4 run=8 done (58/200)
[sao-listener] cport=23803 worker=/its/home/mm2350/extra/Olympusv2/olympus/algorithms/ma_dreamer/worker.py scan=20ms target_cc=astraea single_flow=1 no_state_pipe=1
[sao-listener] cport=23600 worker=/its/home/mm2350/extra/Olympusv2/olympus/algorithms/ma_dreamer/worker.py scan=20ms target_cc=astraea single_flow=1 no_state_pipe=1
[slot=7] ep=17  flows=4  bw=76Mbps  delay=63ms  duration=345s  delays=[0.0, 15.0, 30.0, 45.0]  lifetimes=[345.0, 330.0, 315.0, 300.0]
[sao-listener] cport=23601 worker=/its/home/mm2350/extra/Olympusv2/olympus/algorithms/ma_dreamer/worker.py scan=20ms target_cc=astraea single_flow=1 no_state_pipe=1
[sao-listener] cport=23602 worker=/its/home/mm2350/extra/Olympusv2/olympus/algorithms/ma_dreamer/worker.py scan=20ms target_cc=astraea single_flow=1 no_state_pipe=1
[sao-listener] cport=23603 worker=/its/home/mm2350/extra/Olympusv2/olympus/algorithms/ma_dreamer/worker.py scan=20ms target_cc=astraea single_flow=1 no_state_pipe=1
[slot=2] ep=18  flows=4  bw=33Mbps  delay=25ms  duration=345s  delays=[0.0, 15.0, 30.0, 45.0]  lifetimes=[345.0, 330.0, 315.0, 300.0]
[worker cport=23400 agent=0] loaded checkpoint step=51200
[worker alg=ma_dreamer reward=tempest_fairness_ma_symetric cport=23400 agent=0 group=slot4_ep11 flow=1] started interval=20ms det=1 latent=8x8
[multi_ep_plot] saved -> /its/home/mm2350/extra/Olympusv2/benchmarks/benchmark_responsive_fairness/data/ma_dreamer_symmetrical/4_flows/run9/ep000009_bw69_d88_n4.pdf  return=1072272.3
[ep_plot] ep=9 -> /its/home/mm2350/extra/Olympusv2/benchmarks/benchmark_responsive_fairness/data/ma_dreamer_symmetrical/4_flows/run9/ep000009_bw69_d88_n4.pdf  return=1072272.265625
[orch] ep=9 sum-of-agents return=1072272.3
[responsive_fairness] slot=0 ma_dreamer_symmetrical flows=4 run=19
[responsive_fairness] ma_dreamer_symmetrical flows=4 run=9 done (59/200)
[slot=0] ep=19  flows=4  bw=96Mbps  delay=15ms  duration=345s  delays=[0.0, 15.0, 30.0, 45.0]  lifetimes=[345.0, 330.0, 315.0, 300.0]
[multi_ep_plot] saved -> /its/home/mm2350/extra/Olympusv2/benchmarks/benchmark_responsive_fairness/data/ma_dreamer_symmetrical/4_flows/run10/ep000010_bw83_d14_n4.pdf  return=1083696.0
[ep_plot] ep=10 -> /its/home/mm2350/extra/Olympusv2/benchmarks/benchmark_responsive_fairness/data/ma_dreamer_symmetrical/4_flows/run10/ep000010_bw83_d14_n4.pdf  return=1083696.046875
[orch] ep=10 sum-of-agents return=1083696.0
[responsive_fairness] slot=1 ma_dreamer_symmetrical flows=4 run=20
[responsive_fairness] ma_dreamer_symmetrical flows=4 run=10 done (60/200)
[slot=1] ep=20  flows=4  bw=97Mbps  delay=29ms  duration=345s  delays=[0.0, 15.0, 30.0, 45.0]  lifetimes=[345.0, 330.0, 315.0, 300.0]
[worker cport=23900 agent=0] loaded checkpoint step=51200
[worker alg=ma_dreamer reward=tempest_fairness_ma_symetric cport=23900 agent=0 group=slot9_ep12 flow=1] started interval=20ms det=1 latent=8x8
[sao-listener] cport=23700 worker=/its/home/mm2350/extra/Olympusv2/olympus/algorithms/ma_dreamer/worker.py scan=20ms target_cc=astraea single_flow=1 no_state_pipe=1
[sao-listener] cport=23701 worker=/its/home/mm2350/extra/Olympusv2/olympus/algorithms/ma_dreamer/worker.py scan=20ms target_cc=astraea single_flow=1 no_state_pipe=1
[sao-listener] cport=23702 worker=/its/home/mm2350/extra/Olympusv2/olympus/algorithms/ma_dreamer/worker.py scan=20ms target_cc=astraea single_flow=1 no_state_pipe=1
[sao-listener] cport=23703 worker=/its/home/mm2350/extra/Olympusv2/olympus/algorithms/ma_dreamer/worker.py scan=20ms target_cc=astraea single_flow=1 no_state_pipe=1
[sao-listener] cport=23200 worker=/its/home/mm2350/extra/Olympusv2/olympus/algorithms/ma_dreamer/worker.py scan=20ms target_cc=astraea single_flow=1 no_state_pipe=1
[sao-listener] cport=23201 worker=/its/home/mm2350/extra/Olympusv2/olympus/algorithms/ma_dreamer/worker.py scan=20ms target_cc=astraea single_flow=1 no_state_pipe=1
[sao-listener] cport=23202 worker=/its/home/mm2350/extra/Olympusv2/olympus/algorithms/ma_dreamer/worker.py scan=20ms target_cc=astraea single_flow=1 no_state_pipe=1
[sao-listener] cport=23203 worker=/its/home/mm2350/extra/Olympusv2/olympus/algorithms/ma_dreamer/worker.py scan=20ms target_cc=astraea single_flow=1 no_state_pipe=1
[sao-listener] new flow 1 10.0.0.1:23500->10.0.0.5:5206 cc=astraea pid=177717 child=180921
[sao-listener] single-flow mode: attached worker; stopping ss scans
[sao-listener flow 1] cport=23500 cc=astraea worker active
[sao-listener] cport=23000 worker=/its/home/mm2350/extra/Olympusv2/olympus/algorithms/ma_dreamer/worker.py scan=20ms target_cc=astraea single_flow=1 no_state_pipe=1
[sao-listener] new flow 1 10.0.0.1:23800->10.0.0.5:5209 cc=astraea pid=178990 child=180953
[sao-listener] single-flow mode: attached worker; stopping ss scans
[sao-listener flow 1] cport=23800 cc=astraea worker active
[sao-listener] cport=23001 worker=/its/home/mm2350/extra/Olympusv2/olympus/algorithms/ma_dreamer/worker.py scan=20ms target_cc=astraea single_flow=1 no_state_pipe=1
[sao-listener] cport=23002 worker=/its/home/mm2350/extra/Olympusv2/olympus/algorithms/ma_dreamer/worker.py scan=20ms target_cc=astraea single_flow=1 no_state_pipe=1
[sao-listener] cport=23100 worker=/its/home/mm2350/extra/Olympusv2/olympus/algorithms/ma_dreamer/worker.py scan=20ms target_cc=astraea single_flow=1 no_state_pipe=1
[sao-listener] cport=23003 worker=/its/home/mm2350/extra/Olympusv2/olympus/algorithms/ma_dreamer/worker.py scan=20ms target_cc=astraea single_flow=1 no_state_pipe=1
[sao-listener] cport=23101 worker=/its/home/mm2350/extra/Olympusv2/olympus/algorithms/ma_dreamer/worker.py scan=20ms target_cc=astraea single_flow=1 no_state_pipe=1
[sao-listener] cport=23102 worker=/its/home/mm2350/extra/Olympusv2/olympus/algorithms/ma_dreamer/worker.py scan=20ms target_cc=astraea single_flow=1 no_state_pipe=1
[sao-listener] cport=23103 worker=/its/home/mm2350/extra/Olympusv2/olympus/algorithms/ma_dreamer/worker.py scan=20ms target_cc=astraea single_flow=1 no_state_pipe=1
[sao-listener] new flow 1 10.0.0.1:23600->10.0.0.5:5207 cc=astraea pid=179147 child=181216
[sao-listener] single-flow mode: attached worker; stopping ss scans
[sao-listener flow 1] cport=23600 cc=astraea worker active
[sao-listener] new flow 1 10.0.0.1:23300->10.0.0.5:5204 cc=astraea pid=177871 child=181357
[sao-listener] single-flow mode: attached worker; stopping ss scans
[sao-listener flow 1] cport=23300 cc=astraea worker active
[worker cport=23500 agent=0] loaded checkpoint step=51200
[worker alg=ma_dreamer reward=tempest_fairness_ma_symetric cport=23500 agent=0 group=slot5_ep13 flow=1] started interval=20ms det=1 latent=8x8
[worker cport=23800 agent=0] loaded checkpoint step=51200
[worker alg=ma_dreamer reward=tempest_fairness_ma_symetric cport=23800 agent=0 group=slot8_ep15 flow=1] started interval=20ms det=1 latent=8x8
[worker cport=23600 agent=0] loaded checkpoint step=51200
[worker alg=ma_dreamer reward=tempest_fairness_ma_symetric cport=23600 agent=0 group=slot6_ep16 flow=1] started interval=20ms det=1 latent=8x8
[worker cport=23300 agent=0] loaded checkpoint step=51200
[worker alg=ma_dreamer reward=tempest_fairness_ma_symetric cport=23300 agent=0 group=slot3_ep14 flow=1] started interval=20ms det=1 latent=8x8
[sao-listener] new flow 1 10.0.0.1:23700->10.0.0.5:5208 cc=astraea pid=180740 child=182939
[sao-listener] single-flow mode: attached worker; stopping ss scans
[sao-listener flow 1] cport=23700 cc=astraea worker active
[sao-listener] new flow 1 10.0.0.1:23200->10.0.0.5:5203 cc=astraea pid=180937 child=183339
[sao-listener] single-flow mode: attached worker; stopping ss scans
[sao-listener flow 1] cport=23200 cc=astraea worker active
[worker cport=23700 agent=0] loaded checkpoint step=51200
[worker alg=ma_dreamer reward=tempest_fairness_ma_symetric cport=23700 agent=0 group=slot7_ep17 flow=1] started interval=20ms det=1 latent=8x8
[sao-listener] new flow 1 10.0.0.1:23000->10.0.0.5:5201 cc=astraea pid=181858 child=184087
[sao-listener] single-flow mode: attached worker; stopping ss scans
[sao-listener flow 1] cport=23000 cc=astraea worker active
[worker cport=23200 agent=0] loaded checkpoint step=51200
[worker alg=ma_dreamer reward=tempest_fairness_ma_symetric cport=23200 agent=0 group=slot2_ep18 flow=1] started interval=20ms det=1 latent=8x8
[sao-listener] new flow 1 10.0.0.1:23100->10.0.0.5:5202 cc=astraea pid=181916 child=184314
[sao-listener] single-flow mode: attached worker; stopping ss scans
[sao-listener flow 1] cport=23100 cc=astraea worker active
[worker cport=23000 agent=0] loaded checkpoint step=51200
[worker alg=ma_dreamer reward=tempest_fairness_ma_symetric cport=23000 agent=0 group=slot0_ep19 flow=1] started interval=20ms det=1 latent=8x8
[worker cport=23100 agent=0] loaded checkpoint step=51200
[worker alg=ma_dreamer reward=tempest_fairness_ma_symetric cport=23100 agent=0 group=slot1_ep20 flow=1] started interval=20ms det=1 latent=8x8
[orch] link change t=15.0s bw=69 delay=67
[orch] link change t=15.0s bw=94 delay=77
[orch] link change t=15.0s bw=97 delay=97
[orch] link change t=15.0s bw=99 delay=93
[orch] link change t=15.0s bw=76 delay=14
[sao-listener] new flow 1 10.0.0.2:23401->10.0.0.6:5205 cc=astraea pid=192499 child=193789
[sao-listener] single-flow mode: attached worker; stopping ss scans
[sao-listener flow 1] cport=23401 cc=astraea worker active
[orch] link change t=15.0s bw=71 delay=46
[sao-listener] new flow 1 10.0.0.2:23901->10.0.0.6:5210 cc=astraea pid=192981 child=194216
[sao-listener] single-flow mode: attached worker; stopping ss scans
[sao-listener flow 1] cport=23901 cc=astraea worker active
[sao-listener] new flow 1 10.0.0.2:23501->10.0.0.6:5206 cc=astraea pid=193582 child=194440
[sao-listener] single-flow mode: attached worker; stopping ss scans
[sao-listener flow 1] cport=23501 cc=astraea worker active
[orch] link change t=15.0s bw=48 delay=56
[sao-listener] new flow 1 10.0.0.2:23301->10.0.0.6:5204 cc=astraea pid=193641 child=194739
[sao-listener] single-flow mode: attached worker; stopping ss scans
[sao-listener flow 1] cport=23301 cc=astraea worker active
[orch] link change t=15.0s bw=94 delay=67
[worker cport=23401 agent=1] loaded checkpoint step=51200
[worker alg=ma_dreamer reward=tempest_fairness_ma_symetric cport=23401 agent=1 group=slot4_ep11 flow=1] started interval=20ms det=1 latent=8x8
[worker cport=23901 agent=1] loaded checkpoint step=51200
[worker alg=ma_dreamer reward=tempest_fairness_ma_symetric cport=23901 agent=1 group=slot9_ep12 flow=1] started interval=20ms det=1 latent=8x8
[orch] link change t=15.0s bw=76 delay=25
[orch] link change t=15.0s bw=43 delay=96
[worker cport=23501 agent=1] loaded checkpoint step=51200
[worker alg=ma_dreamer reward=tempest_fairness_ma_symetric cport=23501 agent=1 group=slot5_ep13 flow=1] started interval=20ms det=1 latent=8x8
[worker cport=23301 agent=1] loaded checkpoint step=51200
[worker alg=ma_dreamer reward=tempest_fairness_ma_symetric cport=23301 agent=1 group=slot3_ep14 flow=1] started interval=20ms det=1 latent=8x8
[sao-listener] new flow 1 10.0.0.2:23701->10.0.0.6:5208 cc=astraea pid=195124 child=195788
[sao-listener] single-flow mode: attached worker; stopping ss scans
[sao-listener flow 1] cport=23701 cc=astraea worker active
[sao-listener] new flow 1 10.0.0.2:23201->10.0.0.6:5203 cc=astraea pid=195272 child=196208
[sao-listener] single-flow mode: attached worker; stopping ss scans
[sao-listener flow 1] cport=23201 cc=astraea worker active
[worker cport=23701 agent=1] loaded checkpoint step=51200
[worker alg=ma_dreamer reward=tempest_fairness_ma_symetric cport=23701 agent=1 group=slot7_ep17 flow=1] started interval=20ms det=1 latent=8x8
[sao-listener] new flow 1 10.0.0.2:23801->10.0.0.6:5209 cc=astraea pid=194322 child=196662
[sao-listener] single-flow mode: attached worker; stopping ss scans
[sao-listener flow 1] cport=23801 cc=astraea worker active
[sao-listener] new flow 1 10.0.0.2:23601->10.0.0.6:5207 cc=astraea pid=194371 child=196840
[sao-listener] single-flow mode: attached worker; stopping ss scans
[sao-listener flow 1] cport=23601 cc=astraea worker active
[worker cport=23201 agent=1] loaded checkpoint step=51200
[worker alg=ma_dreamer reward=tempest_fairness_ma_symetric cport=23201 agent=1 group=slot2_ep18 flow=1] started interval=20ms det=1 latent=8x8
[sao-listener] new flow 1 10.0.0.2:23001->10.0.0.6:5201 cc=astraea pid=195862 child=197199
[sao-listener] single-flow mode: attached worker; stopping ss scans
[sao-listener flow 1] cport=23001 cc=astraea worker active
[sao-listener] new flow 1 10.0.0.2:23101->10.0.0.6:5202 cc=astraea pid=195905 child=197307
[sao-listener] single-flow mode: attached worker; stopping ss scans
[sao-listener flow 1] cport=23101 cc=astraea worker active
[worker cport=23801 agent=1] loaded checkpoint step=51200
[worker alg=ma_dreamer reward=tempest_fairness_ma_symetric cport=23801 agent=1 group=slot8_ep15 flow=1] started interval=20ms det=1 latent=8x8
[worker cport=23601 agent=1] loaded checkpoint step=51200
[worker alg=ma_dreamer reward=tempest_fairness_ma_symetric cport=23601 agent=1 group=slot6_ep16 flow=1] started interval=20ms det=1 latent=8x8
[worker cport=23001 agent=1] loaded checkpoint step=51200
[worker alg=ma_dreamer reward=tempest_fairness_ma_symetric cport=23001 agent=1 group=slot0_ep19 flow=1] started interval=20ms det=1 latent=8x8
[worker cport=23101 agent=1] loaded checkpoint step=51200
[worker alg=ma_dreamer reward=tempest_fairness_ma_symetric cport=23101 agent=1 group=slot1_ep20 flow=1] started interval=20ms det=1 latent=8x8
[orch] link change t=30.0s bw=75 delay=85
[orch] link change t=30.0s bw=95 delay=54
[orch] link change t=30.0s bw=33 delay=93
[orch] link change t=30.0s bw=77 delay=41
[orch] link change t=30.0s bw=30 delay=40
[orch] link change t=30.0s bw=63 delay=39
[orch] link change t=30.0s bw=47 delay=32
[orch] link change t=30.0s bw=52 delay=40
[sao-listener] new flow 1 10.0.0.3:23402->10.0.0.7:5205 cc=astraea pid=203655 child=205401
[sao-listener] single-flow mode: attached worker; stopping ss scans
[sao-listener flow 1] cport=23402 cc=astraea worker active
[orch] link change t=30.0s bw=75 delay=35
[orch] link change t=30.0s bw=91 delay=22
[sao-listener] new flow 1 10.0.0.3:23802->10.0.0.7:5209 cc=astraea pid=204854 child=205554
[sao-listener] single-flow mode: attached worker; stopping ss scans
[sao-listener flow 1] cport=23802 cc=astraea worker active
[sao-listener] new flow 1 10.0.0.3:23602->10.0.0.7:5207 cc=astraea pid=204891 child=205757
[sao-listener] single-flow mode: attached worker; stopping ss scans
[sao-listener flow 1] cport=23602 cc=astraea worker active
[sao-listener] new flow 1 10.0.0.3:23902->10.0.0.7:5210 cc=astraea pid=203968 child=205863
[sao-listener] single-flow mode: attached worker; stopping ss scans
[sao-listener flow 1] cport=23902 cc=astraea worker active
[sao-listener] new flow 1 10.0.0.3:23502->10.0.0.7:5206 cc=astraea pid=204384 child=206017
[sao-listener] single-flow mode: attached worker; stopping ss scans
[sao-listener flow 1] cport=23502 cc=astraea worker active
[sao-listener] new flow 1 10.0.0.3:23302->10.0.0.7:5204 cc=astraea pid=204419 child=206116
[sao-listener] single-flow mode: attached worker; stopping ss scans
[sao-listener flow 1] cport=23302 cc=astraea worker active
[worker cport=23402 agent=2] loaded checkpoint step=51200
[worker alg=ma_dreamer reward=tempest_fairness_ma_symetric cport=23402 agent=2 group=slot4_ep11 flow=1] started interval=20ms det=1 latent=8x8
[sao-listener] new flow 1 10.0.0.3:23102->10.0.0.7:5202 cc=astraea pid=205991 child=206308
[sao-listener] single-flow mode: attached worker; stopping ss scans
[sao-listener flow 1] cport=23102 cc=astraea worker active
[worker cport=23802 agent=2] loaded checkpoint step=51200
[worker alg=ma_dreamer reward=tempest_fairness_ma_symetric cport=23802 agent=2 group=slot8_ep15 flow=1] started interval=20ms det=1 latent=8x8
[worker cport=23602 agent=2] loaded checkpoint step=51200
[worker alg=ma_dreamer reward=tempest_fairness_ma_symetric cport=23602 agent=2 group=slot6_ep16 flow=1] started interval=20ms det=1 latent=8x8
[worker cport=23902 agent=2] loaded checkpoint step=51200
[worker alg=ma_dreamer reward=tempest_fairness_ma_symetric cport=23902 agent=2 group=slot9_ep12 flow=1] started interval=20ms det=1 latent=8x8
[worker cport=23502 agent=2] loaded checkpoint step=51200
[worker alg=ma_dreamer reward=tempest_fairness_ma_symetric cport=23502 agent=2 group=slot5_ep13 flow=1] started interval=20ms det=1 latent=8x8
[worker cport=23302 agent=2] loaded checkpoint step=51200
[worker alg=ma_dreamer reward=tempest_fairness_ma_symetric cport=23302 agent=2 group=slot3_ep14 flow=1] started interval=20ms det=1 latent=8x8
[worker cport=23102 agent=2] loaded checkpoint step=51200
[worker alg=ma_dreamer reward=tempest_fairness_ma_symetric cport=23102 agent=2 group=slot1_ep20 flow=1] started interval=20ms det=1 latent=8x8
[sao-listener] new flow 1 10.0.0.3:23702->10.0.0.7:5208 cc=astraea pid=205387 child=207009
[sao-listener] single-flow mode: attached worker; stopping ss scans
[sao-listener flow 1] cport=23702 cc=astraea worker active
[sao-listener] new flow 1 10.0.0.3:23202->10.0.0.7:5203 cc=astraea pid=205502 child=207279
[sao-listener] single-flow mode: attached worker; stopping ss scans
[sao-listener flow 1] cport=23202 cc=astraea worker active
[worker cport=23702 agent=2] loaded checkpoint step=51200
[worker alg=ma_dreamer reward=tempest_fairness_ma_symetric cport=23702 agent=2 group=slot7_ep17 flow=1] started interval=20ms det=1 latent=8x8
[sao-listener] new flow 1 10.0.0.3:23002->10.0.0.7:5201 cc=astraea pid=205954 child=207613
[sao-listener] single-flow mode: attached worker; stopping ss scans
[sao-listener flow 1] cport=23002 cc=astraea worker active
[worker cport=23202 agent=2] loaded checkpoint step=51200
[worker alg=ma_dreamer reward=tempest_fairness_ma_symetric cport=23202 agent=2 group=slot2_ep18 flow=1] started interval=20ms det=1 latent=8x8
[worker cport=23002 agent=2] loaded checkpoint step=51200
[worker alg=ma_dreamer reward=tempest_fairness_ma_symetric cport=23002 agent=2 group=slot0_ep19 flow=1] started interval=20ms det=1 latent=8x8
[orch] link change t=45.0s bw=34 delay=33
[orch] link change t=45.0s bw=28 delay=58
[orch] link change t=45.0s bw=39 delay=95
[orch] link change t=45.0s bw=44 delay=42
[orch] link change t=45.0s bw=12 delay=17
[orch] link change t=45.0s bw=67 delay=10
[sao-listener] new flow 1 10.0.0.4:23403->10.0.0.8:5205 cc=astraea pid=210519 child=211016
[sao-listener] single-flow mode: attached worker; stopping ss scans
[sao-listener flow 1] cport=23403 cc=astraea worker active
[sao-listener] new flow 1 10.0.0.4:23903->10.0.0.8:5210 cc=astraea pid=210683 child=211144
[sao-listener] single-flow mode: attached worker; stopping ss scans
[sao-listener flow 1] cport=23903 cc=astraea worker active
[sao-listener] new flow 1 10.0.0.4:23503->10.0.0.8:5206 cc=astraea pid=210892 child=211260
[sao-listener] single-flow mode: attached worker; stopping ss scans
[sao-listener flow 1] cport=23503 cc=astraea worker active
[orch] link change t=45.0s bw=100 delay=100
[orch] link change t=45.0s bw=35 delay=72
[sao-listener] new flow 1 10.0.0.4:23303->10.0.0.8:5204 cc=astraea pid=210912 child=211360
[sao-listener] single-flow mode: attached worker; stopping ss scans
[sao-listener flow 1] cport=23303 cc=astraea worker active
[worker cport=23403 agent=3] loaded checkpoint step=51200
[worker alg=ma_dreamer reward=tempest_fairness_ma_symetric cport=23403 agent=3 group=slot4_ep11 flow=1] started interval=20ms det=1 latent=8x8
[worker cport=23903 agent=3] loaded checkpoint step=51200
[worker alg=ma_dreamer reward=tempest_fairness_ma_symetric cport=23903 agent=3 group=slot9_ep12 flow=1] started interval=20ms det=1 latent=8x8
[orch] link change t=45.0s bw=60 delay=54
[orch] link change t=45.0s bw=51 delay=83
[worker cport=23503 agent=3] loaded checkpoint step=51200
[worker alg=ma_dreamer reward=tempest_fairness_ma_symetric cport=23503 agent=3 group=slot5_ep13 flow=1] started interval=20ms det=1 latent=8x8
[worker cport=23303 agent=3] loaded checkpoint step=51200
[worker alg=ma_dreamer reward=tempest_fairness_ma_symetric cport=23303 agent=3 group=slot3_ep14 flow=1] started interval=20ms det=1 latent=8x8
[sao-listener] new flow 1 10.0.0.4:23203->10.0.0.8:5203 cc=astraea pid=211598 child=211908
[sao-listener] single-flow mode: attached worker; stopping ss scans
[sao-listener flow 1] cport=23203 cc=astraea worker active
[sao-listener] new flow 1 10.0.0.4:23603->10.0.0.8:5207 cc=astraea pid=211218 child=212019
[sao-listener] single-flow mode: attached worker; stopping ss scans
[sao-listener flow 1] cport=23603 cc=astraea worker active
[sao-listener] new flow 1 10.0.0.4:23803->10.0.0.8:5209 cc=astraea pid=211203 child=212077
[sao-listener] single-flow mode: attached worker; stopping ss scans
[sao-listener flow 1] cport=23803 cc=astraea worker active
[sao-listener] new flow 1 10.0.0.4:23103->10.0.0.8:5202 cc=astraea pid=211814 child=212149
[sao-listener] single-flow mode: attached worker; stopping ss scans
[sao-listener flow 1] cport=23103 cc=astraea worker active
[sao-listener] new flow 1 10.0.0.4:23003->10.0.0.8:5201 cc=astraea pid=211801 child=212199
[sao-listener] single-flow mode: attached worker; stopping ss scans
[sao-listener flow 1] cport=23003 cc=astraea worker active
[worker cport=23203 agent=3] loaded checkpoint step=51200
[worker alg=ma_dreamer reward=tempest_fairness_ma_symetric cport=23203 agent=3 group=slot2_ep18 flow=1] started interval=20ms det=1 latent=8x8
[worker cport=23603 agent=3] loaded checkpoint step=51200
[worker alg=ma_dreamer reward=tempest_fairness_ma_symetric cport=23603 agent=3 group=slot6_ep16 flow=1] started interval=20ms det=1 latent=8x8
[worker cport=23803 agent=3] loaded checkpoint step=51200
[worker alg=ma_dreamer reward=tempest_fairness_ma_symetric cport=23803 agent=3 group=slot8_ep15 flow=1] started interval=20ms det=1 latent=8x8
[worker cport=23003 agent=3] loaded checkpoint step=51200
[worker alg=ma_dreamer reward=tempest_fairness_ma_symetric cport=23003 agent=3 group=slot0_ep19 flow=1] started interval=20ms det=1 latent=8x8
[worker cport=23103 agent=3] loaded checkpoint step=51200
[worker alg=ma_dreamer reward=tempest_fairness_ma_symetric cport=23103 agent=3 group=slot1_ep20 flow=1] started interval=20ms det=1 latent=8x8
[sao-listener] new flow 1 10.0.0.4:23703->10.0.0.8:5208 cc=astraea pid=211542 child=212522
[sao-listener] single-flow mode: attached worker; stopping ss scans
[sao-listener flow 1] cport=23703 cc=astraea worker active
[worker cport=23703 agent=3] loaded checkpoint step=51200
[worker alg=ma_dreamer reward=tempest_fairness_ma_symetric cport=23703 agent=3 group=slot7_ep17 flow=1] started interval=20ms det=1 latent=8x8
[orch] link change t=60.0s bw=75 delay=70
[orch] link change t=60.0s bw=11 delay=57
[orch] link change t=60.0s bw=28 delay=38
[orch] link change t=60.0s bw=47 delay=19
[orch] link change t=60.0s bw=97 delay=28
[orch] link change t=60.0s bw=62 delay=94
[orch] link change t=60.0s bw=79 delay=94
[orch] link change t=60.0s bw=90 delay=73
[orch] link change t=60.0s bw=77 delay=47
[orch] link change t=60.0s bw=31 delay=13
[orch] link change t=75.0s bw=90 delay=88
[orch] link change t=75.0s bw=71 delay=45
[orch] link change t=75.0s bw=92 delay=33
[orch] link change t=75.0s bw=94 delay=67
[orch] link change t=75.0s bw=98 delay=57
[orch] link change t=75.0s bw=43 delay=40
[orch] link change t=75.0s bw=45 delay=24
[orch] link change t=75.0s bw=33 delay=71
[orch] link change t=75.0s bw=84 delay=28
[orch] link change t=75.0s bw=62 delay=62
[orch] link change t=90.0s bw=33 delay=22
[orch] link change t=90.0s bw=92 delay=68
[orch] link change t=90.0s bw=26 delay=19
[orch] link change t=90.0s bw=48 delay=69
[orch] link change t=90.0s bw=40 delay=24
[orch] link change t=90.0s bw=91 delay=38
[orch] link change t=90.0s bw=13 delay=41
[orch] link change t=90.0s bw=47 delay=68
[orch] link change t=90.0s bw=86 delay=43
[orch] link change t=90.0s bw=19 delay=23
[orch] link change t=105.0s bw=67 delay=48
[orch] link change t=105.0s bw=98 delay=86
[orch] link change t=105.0s bw=78 delay=37
[orch] link change t=105.0s bw=97 delay=60
[orch] link change t=105.0s bw=53 delay=69
[orch] link change t=105.0s bw=11 delay=47
[orch] link change t=105.0s bw=59 delay=63
[orch] link change t=105.0s bw=43 delay=35
[orch] link change t=105.0s bw=23 delay=43
[orch] link change t=105.0s bw=26 delay=50
[orch] link change t=120.0s bw=28 delay=21
[orch] link change t=120.0s bw=39 delay=81
[orch] link change t=120.0s bw=47 delay=13
[orch] link change t=120.0s bw=60 delay=25
[orch] link change t=120.0s bw=100 delay=55
[orch] link change t=120.0s bw=48 delay=52
[orch] link change t=120.0s bw=42 delay=74
[orch] link change t=120.0s bw=42 delay=98
[orch] link change t=120.0s bw=62 delay=51
[orch] link change t=120.0s bw=70 delay=84
[orch] link change t=135.0s bw=78 delay=98
[orch] link change t=135.0s bw=10 delay=94
[orch] link change t=135.0s bw=65 delay=26
[orch] link change t=135.0s bw=43 delay=38
[orch] link change t=135.0s bw=45 delay=60
[orch] link change t=135.0s bw=95 delay=28
[orch] link change t=135.0s bw=50 delay=91
[orch] link change t=135.0s bw=25 delay=51
[orch] link change t=135.0s bw=44 delay=23
[orch] link change t=135.0s bw=67 delay=62
[orch] link change t=150.0s bw=91 delay=15
[orch] link change t=150.0s bw=89 delay=28
[orch] link change t=150.0s bw=97 delay=87
[orch] link change t=150.0s bw=50 delay=55
[orch] link change t=150.0s bw=43 delay=54
[orch] link change t=150.0s bw=87 delay=49
[orch] link change t=150.0s bw=97 delay=61
[orch] link change t=150.0s bw=76 delay=96
[orch] link change t=150.0s bw=51 delay=49
[orch] link change t=150.0s bw=36 delay=35
[orch] link change t=165.0s bw=86 delay=60
[orch] link change t=165.0s bw=66 delay=57
[orch] link change t=165.0s bw=11 delay=45
[orch] link change t=165.0s bw=43 delay=56
[orch] link change t=165.0s bw=39 delay=36
[orch] link change t=165.0s bw=12 delay=38
[orch] link change t=165.0s bw=27 delay=80
[orch] link change t=165.0s bw=32 delay=40
[orch] link change t=165.0s bw=12 delay=82
[orch] link change t=165.0s bw=50 delay=90
[orch] link change t=180.0s bw=67 delay=93
[orch] link change t=180.0s bw=30 delay=53
[orch] link change t=180.0s bw=28 delay=20
[orch] link change t=180.0s bw=90 delay=90
[orch] link change t=180.0s bw=55 delay=50
[orch] link change t=180.0s bw=87 delay=42
[orch] link change t=180.0s bw=17 delay=27
[orch] link change t=180.0s bw=31 delay=40
[orch] link change t=180.0s bw=89 delay=35
[orch] link change t=180.0s bw=97 delay=52
[orch] link change t=195.0s bw=88 delay=93
[orch] link change t=195.0s bw=36 delay=17
[orch] link change t=195.0s bw=43 delay=67
[orch] link change t=195.0s bw=76 delay=29
[orch] link change t=195.0s bw=38 delay=49
[orch] link change t=195.0s bw=12 delay=29
[orch] link change t=195.0s bw=35 delay=29
[orch] link change t=195.0s bw=35 delay=56
[orch] link change t=195.0s bw=19 delay=35
[orch] link change t=195.0s bw=52 delay=64
[orch] link change t=210.0s bw=30 delay=89
[orch] link change t=210.0s bw=83 delay=35
[orch] link change t=210.0s bw=65 delay=27
[orch] link change t=210.0s bw=30 delay=80
[orch] link change t=210.0s bw=75 delay=63
[orch] link change t=210.0s bw=87 delay=95
[orch] link change t=210.0s bw=100 delay=78
[orch] link change t=210.0s bw=83 delay=74
[orch] link change t=210.0s bw=24 delay=79
[orch] link change t=210.0s bw=21 delay=90
[orch] link change t=225.0s bw=11 delay=77
[orch] link change t=225.0s bw=19 delay=75
[orch] link change t=225.0s bw=42 delay=55
[orch] link change t=225.0s bw=95 delay=94
[orch] link change t=225.0s bw=39 delay=83
[orch] link change t=225.0s bw=90 delay=13
[orch] link change t=225.0s bw=81 delay=97
[orch] link change t=225.0s bw=35 delay=96
[orch] link change t=225.0s bw=68 delay=59
[orch] link change t=225.0s bw=76 delay=72
[orch] link change t=240.0s bw=18 delay=17
[orch] link change t=240.0s bw=97 delay=53
[orch] link change t=240.0s bw=39 delay=72
[orch] link change t=240.0s bw=45 delay=31
[orch] link change t=240.0s bw=68 delay=63
[orch] link change t=240.0s bw=69 delay=68
[orch] link change t=240.0s bw=36 delay=52
[orch] link change t=240.0s bw=73 delay=37
[orch] link change t=240.0s bw=19 delay=22
[orch] link change t=240.0s bw=61 delay=20
[orch] link change t=255.0s bw=14 delay=34
[orch] link change t=255.0s bw=97 delay=61
[orch] link change t=255.0s bw=80 delay=82
[orch] link change t=255.0s bw=11 delay=93
[orch] link change t=255.0s bw=72 delay=20
[orch] link change t=255.0s bw=86 delay=90
[orch] link change t=255.0s bw=79 delay=25
[orch] link change t=255.0s bw=48 delay=43
[orch] link change t=255.0s bw=63 delay=12
[orch] link change t=255.0s bw=36 delay=83
[orch] link change t=270.0s bw=40 delay=86
[orch] link change t=270.0s bw=21 delay=12
[orch] link change t=270.0s bw=64 delay=95
[orch] link change t=270.0s bw=18 delay=25
[orch] link change t=270.0s bw=69 delay=82
[orch] link change t=270.0s bw=100 delay=47
[orch] link change t=270.0s bw=91 delay=18
[orch] link change t=270.0s bw=10 delay=53
[orch] link change t=270.0s bw=22 delay=84
[orch] link change t=270.0s bw=41 delay=14
[orch] link change t=285.0s bw=13 delay=69
[orch] link change t=285.0s bw=17 delay=94
[orch] link change t=285.0s bw=56 delay=65
[orch] link change t=285.0s bw=86 delay=53
[orch] link change t=285.0s bw=56 delay=66
[orch] link change t=285.0s bw=38 delay=49
[orch] link change t=285.0s bw=49 delay=62
[orch] link change t=285.0s bw=61 delay=38
[orch] link change t=285.0s bw=64 delay=60
[orch] link change t=285.0s bw=35 delay=22
[orch] link change t=300.0s bw=51 delay=66
[orch] link change t=300.0s bw=75 delay=38
[orch] link change t=300.0s bw=91 delay=50
[orch] link change t=300.0s bw=13 delay=20
[orch] link change t=300.0s bw=82 delay=50
[orch] link change t=300.0s bw=56 delay=43
[orch] link change t=300.0s bw=20 delay=74
[orch] link change t=300.0s bw=61 delay=78
[orch] link change t=300.0s bw=66 delay=94
[orch] link change t=300.0s bw=20 delay=34
[orch] link change t=315.0s bw=85 delay=35
[orch] link change t=315.0s bw=21 delay=64
[orch] link change t=315.0s bw=93 delay=25
[orch] link change t=315.0s bw=45 delay=36
[orch] link change t=315.0s bw=98 delay=92
[orch] link change t=315.0s bw=63 delay=21
[orch] link change t=315.0s bw=70 delay=91
[orch] link change t=315.0s bw=54 delay=85
[orch] link change t=315.0s bw=48 delay=83
[orch] link change t=315.0s bw=42 delay=98
[orch] link change t=330.0s bw=76 delay=39
[orch] link change t=330.0s bw=66 delay=24
[orch] link change t=330.0s bw=54 delay=86
[orch] link change t=330.0s bw=58 delay=61
[orch] link change t=330.0s bw=67 delay=61
[orch] link change t=330.0s bw=54 delay=73
[orch] link change t=330.0s bw=86 delay=28
[orch] link change t=330.0s bw=83 delay=77
[orch] link change t=330.0s bw=74 delay=30
[orch] link change t=330.0s bw=46 delay=49
[multi_ep_plot] saved -> /its/home/mm2350/extra/Olympusv2/benchmarks/benchmark_responsive_fairness/data/ma_dreamer_symmetrical/4_flows/run11/ep000011_bw67_d81_n4.pdf  return=939820.7
[ep_plot] ep=11 -> /its/home/mm2350/extra/Olympusv2/benchmarks/benchmark_responsive_fairness/data/ma_dreamer_symmetrical/4_flows/run11/ep000011_bw67_d81_n4.pdf  return=939820.671875
[orch] ep=11 sum-of-agents return=939820.7
[responsive_fairness] slot=4 ma_dreamer_symmetrical flows=4 run=21
[responsive_fairness] ma_dreamer_symmetrical flows=4 run=11 done (61/200)
[slot=4] ep=21  flows=4  bw=31Mbps  delay=63ms  duration=345s  delays=[0.0, 15.0, 30.0, 45.0]  lifetimes=[345.0, 330.0, 315.0, 300.0]
[multi_ep_plot] saved -> /its/home/mm2350/extra/Olympusv2/benchmarks/benchmark_responsive_fairness/data/ma_dreamer_symmetrical/4_flows/run12/ep000012_bw70_d44_n4.pdf  return=958690.5
[ep_plot] ep=12 -> /its/home/mm2350/extra/Olympusv2/benchmarks/benchmark_responsive_fairness/data/ma_dreamer_symmetrical/4_flows/run12/ep000012_bw70_d44_n4.pdf  return=958690.453125
[orch] ep=12 sum-of-agents return=958690.5
[responsive_fairness] slot=9 ma_dreamer_symmetrical flows=4 run=22
[responsive_fairness] ma_dreamer_symmetrical flows=4 run=12 done (62/200)
[slot=9] ep=22  flows=4  bw=27Mbps  delay=41ms  duration=345s  delays=[0.0, 15.0, 30.0, 45.0]  lifetimes=[345.0, 330.0, 315.0, 300.0]
[sao-listener] cport=23400 worker=/its/home/mm2350/extra/Olympusv2/olympus/algorithms/ma_dreamer/worker.py scan=20ms target_cc=astraea single_flow=1 no_state_pipe=1
[sao-listener] cport=23401 worker=/its/home/mm2350/extra/Olympusv2/olympus/algorithms/ma_dreamer/worker.py scan=20ms target_cc=astraea single_flow=1 no_state_pipe=1
[sao-listener] cport=23402 worker=/its/home/mm2350/extra/Olympusv2/olympus/algorithms/ma_dreamer/worker.py scan=20ms target_cc=astraea single_flow=1 no_state_pipe=1
[sao-listener] cport=23403 worker=/its/home/mm2350/extra/Olympusv2/olympus/algorithms/ma_dreamer/worker.py scan=20ms target_cc=astraea single_flow=1 no_state_pipe=1
[sao-listener] cport=23900 worker=/its/home/mm2350/extra/Olympusv2/olympus/algorithms/ma_dreamer/worker.py scan=20ms target_cc=astraea single_flow=1 no_state_pipe=1
[sao-listener] cport=23901 worker=/its/home/mm2350/extra/Olympusv2/olympus/algorithms/ma_dreamer/worker.py scan=20ms target_cc=astraea single_flow=1 no_state_pipe=1
[sao-listener] cport=23902 worker=/its/home/mm2350/extra/Olympusv2/olympus/algorithms/ma_dreamer/worker.py scan=20ms target_cc=astraea single_flow=1 no_state_pipe=1
[sao-listener] cport=23903 worker=/its/home/mm2350/extra/Olympusv2/olympus/algorithms/ma_dreamer/worker.py scan=20ms target_cc=astraea single_flow=1 no_state_pipe=1
[multi_ep_plot] saved -> /its/home/mm2350/extra/Olympusv2/benchmarks/benchmark_responsive_fairness/data/ma_dreamer_symmetrical/4_flows/run13/ep000013_bw43_d47_n4.pdf  return=1011992.9
[ep_plot] ep=13 -> /its/home/mm2350/extra/Olympusv2/benchmarks/benchmark_responsive_fairness/data/ma_dreamer_symmetrical/4_flows/run13/ep000013_bw43_d47_n4.pdf  return=1011992.9375
[orch] ep=13 sum-of-agents return=1011992.9
[responsive_fairness] slot=5 ma_dreamer_symmetrical flows=4 run=23
[responsive_fairness] ma_dreamer_symmetrical flows=4 run=13 done (63/200)
[slot=5] ep=23  flows=4  bw=47Mbps  delay=20ms  duration=345s  delays=[0.0, 15.0, 30.0, 45.0]  lifetimes=[345.0, 330.0, 315.0, 300.0]
[multi_ep_plot] saved -> /its/home/mm2350/extra/Olympusv2/benchmarks/benchmark_responsive_fairness/data/ma_dreamer_symmetrical/4_flows/run14/ep000014_bw23_d88_n4.pdf  return=989458.4
[ep_plot] ep=14 -> /its/home/mm2350/extra/Olympusv2/benchmarks/benchmark_responsive_fairness/data/ma_dreamer_symmetrical/4_flows/run14/ep000014_bw23_d88_n4.pdf  return=989458.4375
[orch] ep=14 sum-of-agents return=989458.4
[responsive_fairness] slot=3 ma_dreamer_symmetrical flows=4 run=24
[responsive_fairness] ma_dreamer_symmetrical flows=4 run=14 done (64/200)
[slot=3] ep=24  flows=4  bw=59Mbps  delay=84ms  duration=345s  delays=[0.0, 15.0, 30.0, 45.0]  lifetimes=[345.0, 330.0, 315.0, 300.0]
[sao-listener] cport=23500 worker=/its/home/mm2350/extra/Olympusv2/olympus/algorithms/ma_dreamer/worker.py scan=20ms target_cc=astraea single_flow=1 no_state_pipe=1
[sao-listener] cport=23501 worker=/its/home/mm2350/extra/Olympusv2/olympus/algorithms/ma_dreamer/worker.py scan=20ms target_cc=astraea single_flow=1 no_state_pipe=1
[sao-listener] cport=23502 worker=/its/home/mm2350/extra/Olympusv2/olympus/algorithms/ma_dreamer/worker.py scan=20ms target_cc=astraea single_flow=1 no_state_pipe=1
[sao-listener] cport=23503 worker=/its/home/mm2350/extra/Olympusv2/olympus/algorithms/ma_dreamer/worker.py scan=20ms target_cc=astraea single_flow=1 no_state_pipe=1
[sao-listener] new flow 1 10.0.0.1:23400->10.0.0.5:5205 cc=astraea pid=215635 child=216415
[sao-listener] single-flow mode: attached worker; stopping ss scans
[sao-listener flow 1] cport=23400 cc=astraea worker active
[sao-listener] new flow 1 10.0.0.1:23900->10.0.0.5:5210 cc=astraea pid=215811 child=216533
[sao-listener] single-flow mode: attached worker; stopping ss scans
[sao-listener flow 1] cport=23900 cc=astraea worker active
[multi_ep_plot] saved -> /its/home/mm2350/extra/Olympusv2/benchmarks/benchmark_responsive_fairness/data/ma_dreamer_symmetrical/4_flows/run15/ep000015_bw36_d11_n4.pdf  return=1145123.3
[ep_plot] ep=15 -> /its/home/mm2350/extra/Olympusv2/benchmarks/benchmark_responsive_fairness/data/ma_dreamer_symmetrical/4_flows/run15/ep000015_bw36_d11_n4.pdf  return=1145123.3125
[orch] ep=15 sum-of-agents return=1145123.3
[responsive_fairness] ma_dreamer_symmetrical flows=4 run=15 done (65/200)
[responsive_fairness] slot=8 ma_dreamer_symmetrical flows=4 run=25
[slot=8] ep=25  flows=4  bw=58Mbps  delay=11ms  duration=345s  delays=[0.0, 15.0, 30.0, 45.0]  lifetimes=[345.0, 330.0, 315.0, 300.0]
[multi_ep_plot] saved -> /its/home/mm2350/extra/Olympusv2/benchmarks/benchmark_responsive_fairness/data/ma_dreamer_symmetrical/4_flows/run16/ep000016_bw56_d70_n4.pdf  return=1053258.1
[ep_plot] ep=16 -> /its/home/mm2350/extra/Olympusv2/benchmarks/benchmark_responsive_fairness/data/ma_dreamer_symmetrical/4_flows/run16/ep000016_bw56_d70_n4.pdf  return=1053258.109375
[orch] ep=16 sum-of-agents return=1053258.1
[responsive_fairness] slot=6 ma_dreamer_symmetrical flows=4 run=26
[responsive_fairness] ma_dreamer_symmetrical flows=4 run=16 done (66/200)
[sao-listener] cport=23300 worker=/its/home/mm2350/extra/Olympusv2/olympus/algorithms/ma_dreamer/worker.py scan=20ms target_cc=astraea single_flow=1 no_state_pipe=1
[slot=6] ep=26  flows=4  bw=35Mbps  delay=94ms  duration=345s  delays=[0.0, 15.0, 30.0, 45.0]  lifetimes=[345.0, 330.0, 315.0, 300.0]
[sao-listener] cport=23301 worker=/its/home/mm2350/extra/Olympusv2/olympus/algorithms/ma_dreamer/worker.py scan=20ms target_cc=astraea single_flow=1 no_state_pipe=1
[sao-listener] cport=23302 worker=/its/home/mm2350/extra/Olympusv2/olympus/algorithms/ma_dreamer/worker.py scan=20ms target_cc=astraea single_flow=1 no_state_pipe=1
[sao-listener] cport=23303 worker=/its/home/mm2350/extra/Olympusv2/olympus/algorithms/ma_dreamer/worker.py scan=20ms target_cc=astraea single_flow=1 no_state_pipe=1
[sao-listener] new flow 1 10.0.0.1:23500->10.0.0.5:5206 cc=astraea pid=217252 child=217534
[sao-listener] single-flow mode: attached worker; stopping ss scans
[sao-listener flow 1] cport=23500 cc=astraea worker active
[sao-listener] cport=23800 worker=/its/home/mm2350/extra/Olympusv2/olympus/algorithms/ma_dreamer/worker.py scan=20ms target_cc=astraea single_flow=1 no_state_pipe=1
[sao-listener] cport=23801 worker=/its/home/mm2350/extra/Olympusv2/olympus/algorithms/ma_dreamer/worker.py scan=20ms target_cc=astraea single_flow=1 no_state_pipe=1
[sao-listener] cport=23802 worker=/its/home/mm2350/extra/Olympusv2/olympus/algorithms/ma_dreamer/worker.py scan=20ms target_cc=astraea single_flow=1 no_state_pipe=1
[sao-listener] cport=23803 worker=/its/home/mm2350/extra/Olympusv2/olympus/algorithms/ma_dreamer/worker.py scan=20ms target_cc=astraea single_flow=1 no_state_pipe=1
[worker cport=23400 agent=0] loaded checkpoint step=51200
[worker alg=ma_dreamer reward=tempest_fairness_ma_symetric cport=23400 agent=0 group=slot4_ep21 flow=1] started interval=20ms det=1 latent=8x8
[worker cport=23900 agent=0] loaded checkpoint step=51200
[worker alg=ma_dreamer reward=tempest_fairness_ma_symetric cport=23900 agent=0 group=slot9_ep22 flow=1] started interval=20ms det=1 latent=8x8
[sao-listener] cport=23600 worker=/its/home/mm2350/extra/Olympusv2/olympus/algorithms/ma_dreamer/worker.py scan=20ms target_cc=astraea single_flow=1 no_state_pipe=1
[sao-listener] cport=23601 worker=/its/home/mm2350/extra/Olympusv2/olympus/algorithms/ma_dreamer/worker.py scan=20ms target_cc=astraea single_flow=1 no_state_pipe=1
[sao-listener] cport=23602 worker=/its/home/mm2350/extra/Olympusv2/olympus/algorithms/ma_dreamer/worker.py scan=20ms target_cc=astraea single_flow=1 no_state_pipe=1
[sao-listener] cport=23603 worker=/its/home/mm2350/extra/Olympusv2/olympus/algorithms/ma_dreamer/worker.py scan=20ms target_cc=astraea single_flow=1 no_state_pipe=1
[multi_ep_plot] saved -> /its/home/mm2350/extra/Olympusv2/benchmarks/benchmark_responsive_fairness/data/ma_dreamer_symmetrical/4_flows/run17/ep000017_bw76_d63_n4.pdf  return=1067684.9
[ep_plot] ep=17 -> /its/home/mm2350/extra/Olympusv2/benchmarks/benchmark_responsive_fairness/data/ma_dreamer_symmetrical/4_flows/run17/ep000017_bw76_d63_n4.pdf  return=1067684.90625
[orch] ep=17 sum-of-agents return=1067684.9
[responsive_fairness] slot=7 ma_dreamer_symmetrical flows=4 run=27
[responsive_fairness] ma_dreamer_symmetrical flows=4 run=17 done (67/200)
[slot=7] ep=27  flows=4  bw=93Mbps  delay=71ms  duration=345s  delays=[0.0, 15.0, 30.0, 45.0]  lifetimes=[345.0, 330.0, 315.0, 300.0]
[multi_ep_plot] saved -> /its/home/mm2350/extra/Olympusv2/benchmarks/benchmark_responsive_fairness/data/ma_dreamer_symmetrical/4_flows/run18/ep000018_bw33_d25_n4.pdf  return=1007397.5
[ep_plot] ep=18 -> /its/home/mm2350/extra/Olympusv2/benchmarks/benchmark_responsive_fairness/data/ma_dreamer_symmetrical/4_flows/run18/ep000018_bw33_d25_n4.pdf  return=1007397.453125
[orch] ep=18 sum-of-agents return=1007397.5
[responsive_fairness] slot=2 ma_dreamer_symmetrical flows=4 run=28
[responsive_fairness] ma_dreamer_symmetrical flows=4 run=18 done (68/200)
[slot=2] ep=28  flows=4  bw=24Mbps  delay=26ms  duration=345s  delays=[0.0, 15.0, 30.0, 45.0]  lifetimes=[345.0, 330.0, 315.0, 300.0]
[sao-listener] new flow 1 10.0.0.1:23300->10.0.0.5:5204 cc=astraea pid=217986 child=218802
[sao-listener] single-flow mode: attached worker; stopping ss scans
[sao-listener flow 1] cport=23300 cc=astraea worker active
[worker cport=23500 agent=0] loaded checkpoint step=51200
[worker alg=ma_dreamer reward=tempest_fairness_ma_symetric cport=23500 agent=0 group=slot5_ep23 flow=1] started interval=20ms det=1 latent=8x8
[sao-listener] cport=23700 worker=/its/home/mm2350/extra/Olympusv2/olympus/algorithms/ma_dreamer/worker.py scan=20ms target_cc=astraea single_flow=1 no_state_pipe=1
[sao-listener] cport=23701 worker=/its/home/mm2350/extra/Olympusv2/olympus/algorithms/ma_dreamer/worker.py scan=20ms target_cc=astraea single_flow=1 no_state_pipe=1
[sao-listener] cport=23702 worker=/its/home/mm2350/extra/Olympusv2/olympus/algorithms/ma_dreamer/worker.py scan=20ms target_cc=astraea single_flow=1 no_state_pipe=1
[sao-listener] cport=23703 worker=/its/home/mm2350/extra/Olympusv2/olympus/algorithms/ma_dreamer/worker.py scan=20ms target_cc=astraea single_flow=1 no_state_pipe=1
[multi_ep_plot] saved -> /its/home/mm2350/extra/Olympusv2/benchmarks/benchmark_responsive_fairness/data/ma_dreamer_symmetrical/4_flows/run19/ep000019_bw96_d15_n4.pdf  return=1050422.9
[ep_plot] ep=19 -> /its/home/mm2350/extra/Olympusv2/benchmarks/benchmark_responsive_fairness/data/ma_dreamer_symmetrical/4_flows/run19/ep000019_bw96_d15_n4.pdf  return=1050422.859375
[orch] ep=19 sum-of-agents return=1050422.9
[responsive_fairness] slot=0 ma_dreamer_symmetrical flows=4 run=29
[responsive_fairness] ma_dreamer_symmetrical flows=4 run=19 done (69/200)
[slot=0] ep=29  flows=4  bw=80Mbps  delay=19ms  duration=345s  delays=[0.0, 15.0, 30.0, 45.0]  lifetimes=[345.0, 330.0, 315.0, 300.0]
[sao-listener] cport=23200 worker=/its/home/mm2350/extra/Olympusv2/olympus/algorithms/ma_dreamer/worker.py scan=20ms target_cc=astraea single_flow=1 no_state_pipe=1
[sao-listener] cport=23201 worker=/its/home/mm2350/extra/Olympusv2/olympus/algorithms/ma_dreamer/worker.py scan=20ms target_cc=astraea single_flow=1 no_state_pipe=1
[sao-listener] cport=23202 worker=/its/home/mm2350/extra/Olympusv2/olympus/algorithms/ma_dreamer/worker.py scan=20ms target_cc=astraea single_flow=1 no_state_pipe=1
[multi_ep_plot] saved -> /its/home/mm2350/extra/Olympusv2/benchmarks/benchmark_responsive_fairness/data/ma_dreamer_symmetrical/4_flows/run20/ep000020_bw97_d29_n4.pdf  return=1025539.6
[ep_plot] ep=20 -> /its/home/mm2350/extra/Olympusv2/benchmarks/benchmark_responsive_fairness/data/ma_dreamer_symmetrical/4_flows/run20/ep000020_bw97_d29_n4.pdf  return=1025539.5625
[orch] ep=20 sum-of-agents return=1025539.6
[sao-listener] cport=23203 worker=/its/home/mm2350/extra/Olympusv2/olympus/algorithms/ma_dreamer/worker.py scan=20ms target_cc=astraea single_flow=1 no_state_pipe=1
[responsive_fairness] slot=1 ma_dreamer_symmetrical flows=4 run=30
[responsive_fairness] ma_dreamer_symmetrical flows=4 run=20 done (70/200)
[slot=1] ep=30  flows=4  bw=79Mbps  delay=47ms  duration=345s  delays=[0.0, 15.0, 30.0, 45.0]  lifetimes=[345.0, 330.0, 315.0, 300.0]
[sao-listener] new flow 1 10.0.0.1:23800->10.0.0.5:5209 cc=astraea pid=218736 child=220210
[sao-listener] single-flow mode: attached worker; stopping ss scans
[sao-listener flow 1] cport=23800 cc=astraea worker active
[worker cport=23300 agent=0] loaded checkpoint step=51200
[worker alg=ma_dreamer reward=tempest_fairness_ma_symetric cport=23300 agent=0 group=slot3_ep24 flow=1] started interval=20ms det=1 latent=8x8
[sao-listener] cport=23000 worker=/its/home/mm2350/extra/Olympusv2/olympus/algorithms/ma_dreamer/worker.py scan=20ms target_cc=astraea single_flow=1 no_state_pipe=1
[sao-listener] cport=23001 worker=/its/home/mm2350/extra/Olympusv2/olympus/algorithms/ma_dreamer/worker.py scan=20ms target_cc=astraea single_flow=1 no_state_pipe=1
[sao-listener] cport=23002 worker=/its/home/mm2350/extra/Olympusv2/olympus/algorithms/ma_dreamer/worker.py scan=20ms target_cc=astraea single_flow=1 no_state_pipe=1
[sao-listener] cport=23003 worker=/its/home/mm2350/extra/Olympusv2/olympus/algorithms/ma_dreamer/worker.py scan=20ms target_cc=astraea single_flow=1 no_state_pipe=1
[sao-listener] new flow 1 10.0.0.1:23600->10.0.0.5:5207 cc=astraea pid=219044 child=221370
[sao-listener] single-flow mode: attached worker; stopping ss scans
[sao-listener flow 1] cport=23600 cc=astraea worker active
[sao-listener] cport=23100 worker=/its/home/mm2350/extra/Olympusv2/olympus/algorithms/ma_dreamer/worker.py scan=20ms target_cc=astraea single_flow=1 no_state_pipe=1
[sao-listener] cport=23101 worker=/its/home/mm2350/extra/Olympusv2/olympus/algorithms/ma_dreamer/worker.py scan=20ms target_cc=astraea single_flow=1 no_state_pipe=1
[sao-listener] cport=23102 worker=/its/home/mm2350/extra/Olympusv2/olympus/algorithms/ma_dreamer/worker.py scan=20ms target_cc=astraea single_flow=1 no_state_pipe=1
[sao-listener] cport=23103 worker=/its/home/mm2350/extra/Olympusv2/olympus/algorithms/ma_dreamer/worker.py scan=20ms target_cc=astraea single_flow=1 no_state_pipe=1
[worker cport=23800 agent=0] loaded checkpoint step=51200
[worker alg=ma_dreamer reward=tempest_fairness_ma_symetric cport=23800 agent=0 group=slot8_ep25 flow=1] started interval=20ms det=1 latent=8x8
[worker cport=23600 agent=0] loaded checkpoint step=51200
[worker alg=ma_dreamer reward=tempest_fairness_ma_symetric cport=23600 agent=0 group=slot6_ep26 flow=1] started interval=20ms det=1 latent=8x8
[sao-listener] new flow 1 10.0.0.1:23700->10.0.0.5:5208 cc=astraea pid=220388 child=222713
[sao-listener] single-flow mode: attached worker; stopping ss scans
[sao-listener flow 1] cport=23700 cc=astraea worker active
[sao-listener] new flow 1 10.0.0.1:23200->10.0.0.5:5203 cc=astraea pid=220876 child=223231
[sao-listener] single-flow mode: attached worker; stopping ss scans
[sao-listener flow 1] cport=23200 cc=astraea worker active
[worker cport=23700 agent=0] loaded checkpoint step=51200
[worker alg=ma_dreamer reward=tempest_fairness_ma_symetric cport=23700 agent=0 group=slot7_ep27 flow=1] started interval=20ms det=1 latent=8x8
[worker cport=23200 agent=0] loaded checkpoint step=51200
[worker alg=ma_dreamer reward=tempest_fairness_ma_symetric cport=23200 agent=0 group=slot2_ep28 flow=1] started interval=20ms det=1 latent=8x8
[sao-listener] new flow 1 10.0.0.1:23000->10.0.0.5:5201 cc=astraea pid=221917 child=224096
[sao-listener] single-flow mode: attached worker; stopping ss scans
[sao-listener flow 1] cport=23000 cc=astraea worker active
[sao-listener] new flow 1 10.0.0.1:23100->10.0.0.5:5202 cc=astraea pid=222167 child=224546
[sao-listener] single-flow mode: attached worker; stopping ss scans
[sao-listener flow 1] cport=23100 cc=astraea worker active
[worker cport=23000 agent=0] loaded checkpoint step=51200
[worker alg=ma_dreamer reward=tempest_fairness_ma_symetric cport=23000 agent=0 group=slot0_ep29 flow=1] started interval=20ms det=1 latent=8x8
[worker cport=23100 agent=0] loaded checkpoint step=51200
[worker alg=ma_dreamer reward=tempest_fairness_ma_symetric cport=23100 agent=0 group=slot1_ep30 flow=1] started interval=20ms det=1 latent=8x8
[orch] link change t=15.0s bw=98 delay=63
[orch] link change t=15.0s bw=13 delay=88
[orch] link change t=15.0s bw=12 delay=85
[sao-listener] new flow 1 10.0.0.2:23901->10.0.0.6:5210 cc=astraea pid=232144 child=232786
[sao-listener] single-flow mode: attached worker; stopping ss scans
[sao-listener flow 1] cport=23901 cc=astraea worker active
[orch] link change t=15.0s bw=33 delay=37
[sao-listener] new flow 1 10.0.0.2:23401->10.0.0.6:5205 cc=astraea pid=231829 child=233151
[sao-listener] single-flow mode: attached worker; stopping ss scans
[sao-listener flow 1] cport=23401 cc=astraea worker active
[orch] link change t=15.0s bw=37 delay=49
[orch] link change t=15.0s bw=36 delay=65
[sao-listener] new flow 1 10.0.0.2:23501->10.0.0.6:5206 cc=astraea pid=233003 child=233681
[sao-listener] single-flow mode: attached worker; stopping ss scans
[sao-listener flow 1] cport=23501 cc=astraea worker active
[worker cport=23901 agent=1] loaded checkpoint step=51200
[worker alg=ma_dreamer reward=tempest_fairness_ma_symetric cport=23901 agent=1 group=slot9_ep22 flow=1] started interval=20ms det=1 latent=8x8
[worker cport=23401 agent=1] loaded checkpoint step=51200
[worker alg=ma_dreamer reward=tempest_fairness_ma_symetric cport=23401 agent=1 group=slot4_ep21 flow=1] started interval=20ms det=1 latent=8x8
[orch] link change t=15.0s bw=99 delay=45
[worker cport=23501 agent=1] loaded checkpoint step=51200
[worker alg=ma_dreamer reward=tempest_fairness_ma_symetric cport=23501 agent=1 group=slot5_ep23 flow=1] started interval=20ms det=1 latent=8x8
[orch] link change t=15.0s bw=79 delay=86
[sao-listener] new flow 1 10.0.0.2:23301->10.0.0.6:5204 cc=astraea pid=233440 child=234787
[sao-listener] single-flow mode: attached worker; stopping ss scans
[sao-listener flow 1] cport=23301 cc=astraea worker active
[orch] link change t=15.0s bw=54 delay=86
[sao-listener] new flow 1 10.0.0.2:23701->10.0.0.6:5208 cc=astraea pid=234909 child=235366
[sao-listener] single-flow mode: attached worker; stopping ss scans
[sao-listener flow 1] cport=23701 cc=astraea worker active
[orch] link change t=15.0s bw=88 delay=13
[worker cport=23301 agent=1] loaded checkpoint step=51200
[worker alg=ma_dreamer reward=tempest_fairness_ma_symetric cport=23301 agent=1 group=slot3_ep24 flow=1] started interval=20ms det=1 latent=8x8
[sao-listener] new flow 1 10.0.0.2:23201->10.0.0.6:5203 cc=astraea pid=235121 child=235960
[sao-listener] single-flow mode: attached worker; stopping ss scans
[sao-listener flow 1] cport=23201 cc=astraea worker active
[sao-listener] new flow 1 10.0.0.2:23801->10.0.0.6:5209 cc=astraea pid=233924 child=236234
[sao-listener] single-flow mode: attached worker; stopping ss scans
[sao-listener flow 1] cport=23801 cc=astraea worker active
[worker cport=23701 agent=1] loaded checkpoint step=51200
[worker alg=ma_dreamer reward=tempest_fairness_ma_symetric cport=23701 agent=1 group=slot7_ep27 flow=1] started interval=20ms det=1 latent=8x8
[sao-listener] new flow 1 10.0.0.2:23601->10.0.0.6:5207 cc=astraea pid=234147 child=236718
[sao-listener] single-flow mode: attached worker; stopping ss scans
[sao-listener flow 1] cport=23601 cc=astraea worker active
[worker cport=23201 agent=1] loaded checkpoint step=51200
[worker alg=ma_dreamer reward=tempest_fairness_ma_symetric cport=23201 agent=1 group=slot2_ep28 flow=1] started interval=20ms det=1 latent=8x8
[sao-listener] new flow 1 10.0.0.2:23001->10.0.0.6:5201 cc=astraea pid=235686 child=237006
[sao-listener] single-flow mode: attached worker; stopping ss scans
[sao-listener flow 1] cport=23001 cc=astraea worker active
[worker cport=23801 agent=1] loaded checkpoint step=51200
[worker alg=ma_dreamer reward=tempest_fairness_ma_symetric cport=23801 agent=1 group=slot8_ep25 flow=1] started interval=20ms det=1 latent=8x8
[sao-listener] new flow 1 10.0.0.2:23101->10.0.0.6:5202 cc=astraea pid=235929 child=237300
[sao-listener] single-flow mode: attached worker; stopping ss scans
[sao-listener flow 1] cport=23101 cc=astraea worker active
[worker cport=23601 agent=1] loaded checkpoint step=51200
[worker alg=ma_dreamer reward=tempest_fairness_ma_symetric cport=23601 agent=1 group=slot6_ep26 flow=1] started interval=20ms det=1 latent=8x8
[worker cport=23001 agent=1] loaded checkpoint step=51200
[worker alg=ma_dreamer reward=tempest_fairness_ma_symetric cport=23001 agent=1 group=slot0_ep29 flow=1] started interval=20ms det=1 latent=8x8
[worker cport=23101 agent=1] loaded checkpoint step=51200
[worker alg=ma_dreamer reward=tempest_fairness_ma_symetric cport=23101 agent=1 group=slot1_ep30 flow=1] started interval=20ms det=1 latent=8x8
[orch] link change t=30.0s bw=91 delay=46
[orch] link change t=30.0s bw=67 delay=33
[orch] link change t=30.0s bw=49 delay=64
[orch] link change t=30.0s bw=31 delay=34
[orch] link change t=30.0s bw=91 delay=70
[orch] link change t=30.0s bw=86 delay=79
[sao-listener] new flow 1 10.0.0.3:23902->10.0.0.7:5210 cc=astraea pid=243304 child=244584
[sao-listener] single-flow mode: attached worker; stopping ss scans
[sao-listener flow 1] cport=23902 cc=astraea worker active
[orch] link change t=30.0s bw=46 delay=35
[sao-listener] new flow 1 10.0.0.3:23402->10.0.0.7:5205 cc=astraea pid=243083 child=244847
[sao-listener] single-flow mode: attached worker; stopping ss scans
[sao-listener flow 1] cport=23402 cc=astraea worker active
[orch] link change t=30.0s bw=32 delay=38
[sao-listener] new flow 1 10.0.0.3:23802->10.0.0.7:5209 cc=astraea pid=244475 child=245187
[sao-listener] single-flow mode: attached worker; stopping ss scans
[sao-listener flow 1] cport=23802 cc=astraea worker active
[worker cport=23902 agent=2] loaded checkpoint step=51200
[worker alg=ma_dreamer reward=tempest_fairness_ma_symetric cport=23902 agent=2 group=slot9_ep22 flow=1] started interval=20ms det=1 latent=8x8
[sao-listener] new flow 1 10.0.0.3:23502->10.0.0.7:5206 cc=astraea pid=243877 child=245309
[sao-listener] single-flow mode: attached worker; stopping ss scans
[sao-listener flow 1] cport=23502 cc=astraea worker active
[orch] link change t=30.0s bw=87 delay=46
[worker cport=23402 agent=2] loaded checkpoint step=51200
[worker alg=ma_dreamer reward=tempest_fairness_ma_symetric cport=23402 agent=2 group=slot4_ep21 flow=1] started interval=20ms det=1 latent=8x8
[sao-listener] new flow 1 10.0.0.3:23602->10.0.0.7:5207 cc=astraea pid=244652 child=245614
[sao-listener] single-flow mode: attached worker; stopping ss scans
[sao-listener flow 1] cport=23602 cc=astraea worker active
[orch] link change t=30.0s bw=89 delay=93
[worker cport=23802 agent=2] loaded checkpoint step=51200
[worker alg=ma_dreamer reward=tempest_fairness_ma_symetric cport=23802 agent=2 group=slot8_ep25 flow=1] started interval=20ms det=1 latent=8x8
[worker cport=23502 agent=2] loaded checkpoint step=51200
[worker alg=ma_dreamer reward=tempest_fairness_ma_symetric cport=23502 agent=2 group=slot5_ep23 flow=1] started interval=20ms det=1 latent=8x8
[sao-listener] new flow 1 10.0.0.3:23302->10.0.0.7:5204 cc=astraea pid=244173 child=246059
[sao-listener] single-flow mode: attached worker; stopping ss scans
[sao-listener flow 1] cport=23302 cc=astraea worker active
[worker cport=23602 agent=2] loaded checkpoint step=51200
[worker alg=ma_dreamer reward=tempest_fairness_ma_symetric cport=23602 agent=2 group=slot6_ep26 flow=1] started interval=20ms det=1 latent=8x8
[sao-listener] new flow 1 10.0.0.3:23702->10.0.0.7:5208 cc=astraea pid=245195 child=246483
[sao-listener] single-flow mode: attached worker; stopping ss scans
[sao-listener flow 1] cport=23702 cc=astraea worker active
[worker cport=23302 agent=2] loaded checkpoint step=51200
[worker alg=ma_dreamer reward=tempest_fairness_ma_symetric cport=23302 agent=2 group=slot3_ep24 flow=1] started interval=20ms det=1 latent=8x8
[sao-listener] new flow 1 10.0.0.3:23202->10.0.0.7:5203 cc=astraea pid=245423 child=246946
[sao-listener] single-flow mode: attached worker; stopping ss scans
[sao-listener flow 1] cport=23202 cc=astraea worker active
[worker cport=23702 agent=2] loaded checkpoint step=51200
[worker alg=ma_dreamer reward=tempest_fairness_ma_symetric cport=23702 agent=2 group=slot7_ep27 flow=1] started interval=20ms det=1 latent=8x8
[sao-listener] new flow 1 10.0.0.3:23002->10.0.0.7:5201 cc=astraea pid=245871 child=247319
[sao-listener] single-flow mode: attached worker; stopping ss scans
[sao-listener flow 1] cport=23002 cc=astraea worker active
[worker cport=23202 agent=2] loaded checkpoint step=51200
[worker alg=ma_dreamer reward=tempest_fairness_ma_symetric cport=23202 agent=2 group=slot2_ep28 flow=1] started interval=20ms det=1 latent=8x8
[sao-listener] new flow 1 10.0.0.3:23102->10.0.0.7:5202 cc=astraea pid=246070 child=247529
[sao-listener] single-flow mode: attached worker; stopping ss scans
[sao-listener flow 1] cport=23102 cc=astraea worker active
[worker cport=23002 agent=2] loaded checkpoint step=51200
[worker alg=ma_dreamer reward=tempest_fairness_ma_symetric cport=23002 agent=2 group=slot0_ep29 flow=1] started interval=20ms det=1 latent=8x8
[worker cport=23102 agent=2] loaded checkpoint step=51200
[worker alg=ma_dreamer reward=tempest_fairness_ma_symetric cport=23102 agent=2 group=slot1_ep30 flow=1] started interval=20ms det=1 latent=8x8
[orch] link change t=45.0s bw=71 delay=37
[orch] link change t=45.0s bw=99 delay=25
[orch] link change t=45.0s bw=58 delay=77
[sao-listener] new flow 1 10.0.0.4:23903->10.0.0.8:5210 cc=astraea pid=250259 child=250384
[sao-listener] single-flow mode: attached worker; stopping ss scans
[sao-listener flow 1] cport=23903 cc=astraea worker active
[orch] link change t=45.0s bw=31 delay=95
[sao-listener] new flow 1 10.0.0.4:23403->10.0.0.8:5205 cc=astraea pid=250155 child=250620
[sao-listener] single-flow mode: attached worker; stopping ss scans
[sao-listener flow 1] cport=23403 cc=astraea worker active
[worker cport=23903 agent=3] loaded checkpoint step=51200
[worker alg=ma_dreamer reward=tempest_fairness_ma_symetric cport=23903 agent=3 group=slot9_ep22 flow=1] started interval=20ms det=1 latent=8x8
[orch] link change t=45.0s bw=15 delay=42
[orch] link change t=45.0s bw=17 delay=26
[sao-listener] new flow 1 10.0.0.4:23503->10.0.0.8:5206 cc=astraea pid=250576 child=250827
[sao-listener] single-flow mode: attached worker; stopping ss scans
[sao-listener flow 1] cport=23503 cc=astraea worker active
[worker cport=23403 agent=3] loaded checkpoint step=51200
[worker alg=ma_dreamer reward=tempest_fairness_ma_symetric cport=23403 agent=3 group=slot4_ep21 flow=1] started interval=20ms det=1 latent=8x8
[orch] link change t=45.0s bw=19 delay=18
[worker cport=23503 agent=3] loaded checkpoint step=51200
[worker alg=ma_dreamer reward=tempest_fairness_ma_symetric cport=23503 agent=3 group=slot5_ep23 flow=1] started interval=20ms det=1 latent=8x8
[orch] link change t=45.0s bw=26 delay=91
[sao-listener] new flow 1 10.0.0.4:23303->10.0.0.8:5204 cc=astraea pid=250787 child=251297
[sao-listener] single-flow mode: attached worker; stopping ss scans
[sao-listener flow 1] cport=23303 cc=astraea worker active
[orch] link change t=45.0s bw=21 delay=75
[sao-listener] new flow 1 10.0.0.4:23703->10.0.0.8:5208 cc=astraea pid=251258 child=251410
[sao-listener] single-flow mode: attached worker; stopping ss scans
[sao-listener flow 1] cport=23703 cc=astraea worker active
[orch] link change t=45.0s bw=36 delay=42
[sao-listener] new flow 1 10.0.0.4:23203->10.0.0.8:5203 cc=astraea pid=251359 child=251517
[sao-listener] single-flow mode: attached worker; stopping ss scans
[sao-listener flow 1] cport=23203 cc=astraea worker active
[worker cport=23303 agent=3] loaded checkpoint step=51200
[worker alg=ma_dreamer reward=tempest_fairness_ma_symetric cport=23303 agent=3 group=slot3_ep24 flow=1] started interval=20ms det=1 latent=8x8
[sao-listener] new flow 1 10.0.0.4:23803->10.0.0.8:5209 cc=astraea pid=250941 child=251664
[sao-listener] single-flow mode: attached worker; stopping ss scans
[sao-listener flow 1] cport=23803 cc=astraea worker active
[worker cport=23703 agent=3] loaded checkpoint step=51200
[worker alg=ma_dreamer reward=tempest_fairness_ma_symetric cport=23703 agent=3 group=slot7_ep27 flow=1] started interval=20ms det=1 latent=8x8
[sao-listener] new flow 1 10.0.0.4:23603->10.0.0.8:5207 cc=astraea pid=251034 child=251847
[sao-listener] single-flow mode: attached worker; stopping ss scans
[sao-listener flow 1] cport=23603 cc=astraea worker active
[worker cport=23203 agent=3] loaded checkpoint step=51200
[worker alg=ma_dreamer reward=tempest_fairness_ma_symetric cport=23203 agent=3 group=slot2_ep28 flow=1] started interval=20ms det=1 latent=8x8
[sao-listener] new flow 1 10.0.0.4:23003->10.0.0.8:5201 cc=astraea pid=251515 child=251919
[sao-listener] single-flow mode: attached worker; stopping ss scans
[sao-listener flow 1] cport=23003 cc=astraea worker active
[worker cport=23803 agent=3] loaded checkpoint step=51200
[worker alg=ma_dreamer reward=tempest_fairness_ma_symetric cport=23803 agent=3 group=slot8_ep25 flow=1] started interval=20ms det=1 latent=8x8
[worker cport=23603 agent=3] loaded checkpoint step=51200
[worker alg=ma_dreamer reward=tempest_fairness_ma_symetric cport=23603 agent=3 group=slot6_ep26 flow=1] started interval=20ms det=1 latent=8x8
[sao-listener] new flow 1 10.0.0.4:23103->10.0.0.8:5202 cc=astraea pid=251649 child=252082
[sao-listener] single-flow mode: attached worker; stopping ss scans
[sao-listener flow 1] cport=23103 cc=astraea worker active
[worker cport=23003 agent=3] loaded checkpoint step=51200
[worker alg=ma_dreamer reward=tempest_fairness_ma_symetric cport=23003 agent=3 group=slot0_ep29 flow=1] started interval=20ms det=1 latent=8x8
[worker cport=23103 agent=3] loaded checkpoint step=51200
[worker alg=ma_dreamer reward=tempest_fairness_ma_symetric cport=23103 agent=3 group=slot1_ep30 flow=1] started interval=20ms det=1 latent=8x8
[orch] link change t=60.0s bw=70 delay=75
[orch] link change t=60.0s bw=93 delay=54
[orch] link change t=60.0s bw=55 delay=26
[orch] link change t=60.0s bw=97 delay=21
[orch] link change t=60.0s bw=14 delay=49
[orch] link change t=60.0s bw=71 delay=15
[orch] link change t=60.0s bw=42 delay=79
[orch] link change t=60.0s bw=69 delay=63
[orch] link change t=60.0s bw=54 delay=60
[orch] link change t=60.0s bw=16 delay=60
[orch] link change t=75.0s bw=33 delay=74
[orch] link change t=75.0s bw=20 delay=39
[orch] link change t=75.0s bw=34 delay=44
[orch] link change t=75.0s bw=100 delay=29
[orch] link change t=75.0s bw=82 delay=64
[orch] link change t=75.0s bw=97 delay=89
[orch] link change t=75.0s bw=52 delay=42
[orch] link change t=75.0s bw=36 delay=37
[orch] link change t=75.0s bw=63 delay=12
[orch] link change t=75.0s bw=58 delay=92
[orch] link change t=90.0s bw=77 delay=40
[orch] link change t=90.0s bw=44 delay=16
[orch] link change t=90.0s bw=66 delay=11
[orch] link change t=90.0s bw=100 delay=46
[orch] link change t=90.0s bw=22 delay=85
[orch] link change t=90.0s bw=74 delay=31
[orch] link change t=90.0s bw=57 delay=61
[orch] link change t=90.0s bw=28 delay=60
[orch] link change t=90.0s bw=14 delay=23
[orch] link change t=90.0s bw=27 delay=20
[orch] link change t=105.0s bw=10 delay=11
[orch] link change t=105.0s bw=50 delay=86
[orch] link change t=105.0s bw=38 delay=89
[orch] link change t=105.0s bw=11 delay=66
[orch] link change t=105.0s bw=25 delay=83
[orch] link change t=105.0s bw=91 delay=64
[orch] link change t=105.0s bw=33 delay=41
[orch] link change t=105.0s bw=30 delay=26
[orch] link change t=105.0s bw=66 delay=93
[orch] link change t=105.0s bw=69 delay=10
[orch] link change t=120.0s bw=57 delay=84
[orch] link change t=120.0s bw=32 delay=80
[orch] link change t=120.0s bw=68 delay=13
[orch] link change t=120.0s bw=69 delay=91
[orch] link change t=120.0s bw=97 delay=35
[orch] link change t=120.0s bw=41 delay=62
[orch] link change t=120.0s bw=40 delay=72
[orch] link change t=120.0s bw=87 delay=34
[orch] link change t=120.0s bw=38 delay=54
[orch] link change t=120.0s bw=76 delay=41
[orch] link change t=135.0s bw=64 delay=18
[orch] link change t=135.0s bw=97 delay=65
[orch] link change t=135.0s bw=23 delay=20
[orch] link change t=135.0s bw=24 delay=13
[orch] link change t=135.0s bw=75 delay=89
[orch] link change t=135.0s bw=35 delay=98
[orch] link change t=135.0s bw=19 delay=91
[orch] link change t=135.0s bw=35 delay=13
[orch] link change t=135.0s bw=20 delay=73
[orch] link change t=135.0s bw=13 delay=19
[orch] link change t=150.0s bw=28 delay=39
[orch] link change t=150.0s bw=100 delay=16
[orch] link change t=150.0s bw=100 delay=73
[orch] link change t=150.0s bw=76 delay=31
[orch] link change t=150.0s bw=50 delay=33
[orch] link change t=150.0s bw=13 delay=95
[orch] link change t=150.0s bw=83 delay=93
[orch] link change t=150.0s bw=62 delay=40
[orch] link change t=150.0s bw=52 delay=87
[orch] link change t=150.0s bw=30 delay=86
[orch] link change t=165.0s bw=39 delay=98
[orch] link change t=165.0s bw=83 delay=12
[orch] link change t=165.0s bw=63 delay=12
[orch] link change t=165.0s bw=72 delay=66
[orch] link change t=165.0s bw=80 delay=55
[orch] link change t=165.0s bw=38 delay=28
[orch] link change t=165.0s bw=20 delay=88
[orch] link change t=165.0s bw=18 delay=22
[orch] link change t=165.0s bw=79 delay=63
[orch] link change t=165.0s bw=77 delay=61
[orch] link change t=180.0s bw=15 delay=65
[orch] link change t=180.0s bw=85 delay=43
[orch] link change t=180.0s bw=75 delay=90
[orch] link change t=180.0s bw=97 delay=48
[orch] link change t=180.0s bw=75 delay=70
[orch] link change t=180.0s bw=26 delay=37
[orch] link change t=180.0s bw=64 delay=63
[orch] link change t=180.0s bw=63 delay=50
[orch] link change t=180.0s bw=35 delay=67
[orch] link change t=180.0s bw=93 delay=54
[orch] link change t=195.0s bw=62 delay=88
[orch] link change t=195.0s bw=49 delay=63
[orch] link change t=195.0s bw=65 delay=55
[orch] link change t=195.0s bw=73 delay=20
[orch] link change t=195.0s bw=77 delay=23
[orch] link change t=195.0s bw=86 delay=71
[orch] link change t=195.0s bw=16 delay=94
[orch] link change t=195.0s bw=99 delay=26
[orch] link change t=195.0s bw=31 delay=38
[orch] link change t=195.0s bw=78 delay=18
[orch] link change t=210.0s bw=66 delay=14
[orch] link change t=210.0s bw=34 delay=33
[orch] link change t=210.0s bw=17 delay=36
[orch] link change t=210.0s bw=97 delay=42
[orch] link change t=210.0s bw=91 delay=96
[orch] link change t=210.0s bw=59 delay=56
[orch] link change t=210.0s bw=66 delay=54
[orch] link change t=210.0s bw=32 delay=74
[orch] link change t=210.0s bw=65 delay=62
[orch] link change t=210.0s bw=61 delay=13
[orch] link change t=225.0s bw=52 delay=79
[orch] link change t=225.0s bw=24 delay=84
[orch] link change t=225.0s bw=14 delay=85
[orch] link change t=225.0s bw=88 delay=30
[orch] link change t=225.0s bw=22 delay=86
[orch] link change t=225.0s bw=41 delay=84
[orch] link change t=225.0s bw=11 delay=92
[orch] link change t=225.0s bw=76 delay=98
[orch] link change t=225.0s bw=96 delay=97
[orch] link change t=225.0s bw=41 delay=82
[orch] link change t=240.0s bw=73 delay=98
[orch] link change t=240.0s bw=77 delay=82
[orch] link change t=240.0s bw=57 delay=94
[orch] link change t=240.0s bw=97 delay=51
[orch] link change t=240.0s bw=84 delay=55
[orch] link change t=240.0s bw=13 delay=13
[orch] link change t=240.0s bw=71 delay=42
[orch] link change t=240.0s bw=94 delay=44
[orch] link change t=240.0s bw=82 delay=77
[orch] link change t=240.0s bw=96 delay=45
[orch] link change t=255.0s bw=24 delay=93
[orch] link change t=255.0s bw=17 delay=99
[orch] link change t=255.0s bw=32 delay=89
[orch] link change t=255.0s bw=49 delay=19
[orch] link change t=255.0s bw=63 delay=55
[orch] link change t=255.0s bw=47 delay=79
[orch] link change t=255.0s bw=27 delay=88
[orch] link change t=255.0s bw=88 delay=39
[orch] link change t=255.0s bw=35 delay=79
[orch] link change t=255.0s bw=64 delay=82
[orch] link change t=270.0s bw=57 delay=12
[orch] link change t=270.0s bw=51 delay=88
[orch] link change t=270.0s bw=37 delay=56
[orch] link change t=270.0s bw=79 delay=93
[orch] link change t=270.0s bw=34 delay=96
[orch] link change t=270.0s bw=78 delay=25
[orch] link change t=270.0s bw=53 delay=88
[orch] link change t=270.0s bw=96 delay=67
[orch] link change t=270.0s bw=96 delay=64
[orch] link change t=270.0s bw=22 delay=96
[orch] link change t=285.0s bw=29 delay=21
[orch] link change t=285.0s bw=52 delay=43
[orch] link change t=285.0s bw=82 delay=57
[orch] link change t=285.0s bw=56 delay=94
[orch] link change t=285.0s bw=30 delay=89
[orch] link change t=285.0s bw=75 delay=15
[orch] link change t=285.0s bw=93 delay=39
[orch] link change t=285.0s bw=26 delay=35
[orch] link change t=285.0s bw=48 delay=45
[orch] link change t=285.0s bw=45 delay=91
[orch] link change t=300.0s bw=25 delay=12
[orch] link change t=300.0s bw=33 delay=60
[orch] link change t=300.0s bw=83 delay=46
[orch] link change t=300.0s bw=14 delay=37
[orch] link change t=300.0s bw=68 delay=19
[orch] link change t=300.0s bw=92 delay=10
[orch] link change t=300.0s bw=100 delay=77
[orch] link change t=300.0s bw=11 delay=46
[orch] link change t=300.0s bw=75 delay=38
[orch] link change t=300.0s bw=81 delay=24
[orch] link change t=315.0s bw=68 delay=30
[orch] link change t=315.0s bw=49 delay=93
[orch] link change t=315.0s bw=94 delay=50
[orch] link change t=315.0s bw=50 delay=53
[orch] link change t=315.0s bw=19 delay=61
[orch] link change t=315.0s bw=69 delay=86
[orch] link change t=315.0s bw=28 delay=22
[orch] link change t=315.0s bw=91 delay=96
[orch] link change t=315.0s bw=62 delay=70
[orch] link change t=315.0s bw=88 delay=73
[orch] link change t=330.0s bw=80 delay=53
[orch] link change t=330.0s bw=75 delay=28
[orch] link change t=330.0s bw=83 delay=20
[orch] link change t=330.0s bw=18 delay=49
[orch] link change t=330.0s bw=82 delay=18
[orch] link change t=330.0s bw=94 delay=81
[orch] link change t=330.0s bw=60 delay=48
[orch] link change t=330.0s bw=43 delay=20
[orch] link change t=330.0s bw=76 delay=28
[orch] link change t=330.0s bw=49 delay=26
[multi_ep_plot] saved -> /its/home/mm2350/extra/Olympusv2/benchmarks/benchmark_responsive_fairness/data/ma_dreamer_symmetrical/4_flows/run21/ep000021_bw31_d63_n4.pdf  return=985027.9
[ep_plot] ep=21 -> /its/home/mm2350/extra/Olympusv2/benchmarks/benchmark_responsive_fairness/data/ma_dreamer_symmetrical/4_flows/run21/ep000021_bw31_d63_n4.pdf  return=985027.90625
[orch] ep=21 sum-of-agents return=985027.9
[responsive_fairness] slot=4 ma_dreamer_symmetrical flows=4 run=31
[responsive_fairness] ma_dreamer_symmetrical flows=4 run=21 done (71/200)
[slot=4] ep=31  flows=4  bw=11Mbps  delay=70ms  duration=345s  delays=[0.0, 15.0, 30.0, 45.0]  lifetimes=[345.0, 330.0, 315.0, 300.0]
[multi_ep_plot] saved -> /its/home/mm2350/extra/Olympusv2/benchmarks/benchmark_responsive_fairness/data/ma_dreamer_symmetrical/4_flows/run22/ep000022_bw27_d41_n4.pdf  return=1095679.8
[ep_plot] ep=22 -> /its/home/mm2350/extra/Olympusv2/benchmarks/benchmark_responsive_fairness/data/ma_dreamer_symmetrical/4_flows/run22/ep000022_bw27_d41_n4.pdf  return=1095679.84375
[orch] ep=22 sum-of-agents return=1095679.8
[responsive_fairness] slot=9 ma_dreamer_symmetrical flows=4 run=32
[responsive_fairness] ma_dreamer_symmetrical flows=4 run=22 done (72/200)
[slot=9] ep=32  flows=4  bw=19Mbps  delay=37ms  duration=345s  delays=[0.0, 15.0, 30.0, 45.0]  lifetimes=[345.0, 330.0, 315.0, 300.0]
[sao-listener] cport=23400 worker=/its/home/mm2350/extra/Olympusv2/olympus/algorithms/ma_dreamer/worker.py scan=20ms target_cc=astraea single_flow=1 no_state_pipe=1
[sao-listener] cport=23401 worker=/its/home/mm2350/extra/Olympusv2/olympus/algorithms/ma_dreamer/worker.py scan=20ms target_cc=astraea single_flow=1 no_state_pipe=1
[sao-listener] cport=23402 worker=/its/home/mm2350/extra/Olympusv2/olympus/algorithms/ma_dreamer/worker.py scan=20ms target_cc=astraea single_flow=1 no_state_pipe=1
[sao-listener] cport=23403 worker=/its/home/mm2350/extra/Olympusv2/olympus/algorithms/ma_dreamer/worker.py scan=20ms target_cc=astraea single_flow=1 no_state_pipe=1
[sao-listener] cport=23900 worker=/its/home/mm2350/extra/Olympusv2/olympus/algorithms/ma_dreamer/worker.py scan=20ms target_cc=astraea single_flow=1 no_state_pipe=1
[sao-listener] cport=23901 worker=/its/home/mm2350/extra/Olympusv2/olympus/algorithms/ma_dreamer/worker.py scan=20ms target_cc=astraea single_flow=1 no_state_pipe=1
[sao-listener] cport=23902 worker=/its/home/mm2350/extra/Olympusv2/olympus/algorithms/ma_dreamer/worker.py scan=20ms target_cc=astraea single_flow=1 no_state_pipe=1
[sao-listener] cport=23903 worker=/its/home/mm2350/extra/Olympusv2/olympus/algorithms/ma_dreamer/worker.py scan=20ms target_cc=astraea single_flow=1 no_state_pipe=1
[multi_ep_plot] saved -> /its/home/mm2350/extra/Olympusv2/benchmarks/benchmark_responsive_fairness/data/ma_dreamer_symmetrical/4_flows/run23/ep000023_bw47_d20_n4.pdf  return=1070810.5
[ep_plot] ep=23 -> /its/home/mm2350/extra/Olympusv2/benchmarks/benchmark_responsive_fairness/data/ma_dreamer_symmetrical/4_flows/run23/ep000023_bw47_d20_n4.pdf  return=1070810.515625
[orch] ep=23 sum-of-agents return=1070810.5
[responsive_fairness] slot=5 ma_dreamer_symmetrical flows=4 run=33
[responsive_fairness] ma_dreamer_symmetrical flows=4 run=23 done (73/200)
[slot=5] ep=33  flows=4  bw=83Mbps  delay=31ms  duration=345s  delays=[0.0, 15.0, 30.0, 45.0]  lifetimes=[345.0, 330.0, 315.0, 300.0]
[multi_ep_plot] saved -> /its/home/mm2350/extra/Olympusv2/benchmarks/benchmark_responsive_fairness/data/ma_dreamer_symmetrical/4_flows/run24/ep000024_bw59_d84_n4.pdf  return=1068151.0
[ep_plot] ep=24 -> /its/home/mm2350/extra/Olympusv2/benchmarks/benchmark_responsive_fairness/data/ma_dreamer_symmetrical/4_flows/run24/ep000024_bw59_d84_n4.pdf  return=1068150.96875
[orch] ep=24 sum-of-agents return=1068151.0
[responsive_fairness] slot=3 ma_dreamer_symmetrical flows=4 run=34
[responsive_fairness] ma_dreamer_symmetrical flows=4 run=24 done (74/200)
[slot=3] ep=34  flows=4  bw=77Mbps  delay=55ms  duration=345s  delays=[0.0, 15.0, 30.0, 45.0]  lifetimes=[345.0, 330.0, 315.0, 300.0]
[sao-listener] cport=23500 worker=/its/home/mm2350/extra/Olympusv2/olympus/algorithms/ma_dreamer/worker.py scan=20ms target_cc=astraea single_flow=1 no_state_pipe=1
[sao-listener] cport=23501 worker=/its/home/mm2350/extra/Olympusv2/olympus/algorithms/ma_dreamer/worker.py scan=20ms target_cc=astraea single_flow=1 no_state_pipe=1
[sao-listener] new flow 1 10.0.0.1:23400->10.0.0.5:5205 cc=astraea pid=255192 child=255955
[sao-listener] cport=23502 worker=/its/home/mm2350/extra/Olympusv2/olympus/algorithms/ma_dreamer/worker.py scan=20ms target_cc=astraea single_flow=1 no_state_pipe=1
[sao-listener] single-flow mode: attached worker; stopping ss scans
[sao-listener flow 1] cport=23400 cc=astraea worker active
[sao-listener] cport=23503 worker=/its/home/mm2350/extra/Olympusv2/olympus/algorithms/ma_dreamer/worker.py scan=20ms target_cc=astraea single_flow=1 no_state_pipe=1
[sao-listener] new flow 1 10.0.0.1:23900->10.0.0.5:5210 cc=astraea pid=255377 child=256054
[sao-listener] single-flow mode: attached worker; stopping ss scans
[sao-listener flow 1] cport=23900 cc=astraea worker active
[multi_ep_plot] saved -> /its/home/mm2350/extra/Olympusv2/benchmarks/benchmark_responsive_fairness/data/ma_dreamer_symmetrical/4_flows/run25/ep000025_bw58_d11_n4.pdf  return=1051401.1
[ep_plot] ep=25 -> /its/home/mm2350/extra/Olympusv2/benchmarks/benchmark_responsive_fairness/data/ma_dreamer_symmetrical/4_flows/run25/ep000025_bw58_d11_n4.pdf  return=1051401.140625
[orch] ep=25 sum-of-agents return=1051401.1
[responsive_fairness] slot=8 ma_dreamer_symmetrical flows=4 run=35
[responsive_fairness] ma_dreamer_symmetrical flows=4 run=25 done (75/200)
[slot=8] ep=35  flows=4  bw=80Mbps  delay=52ms  duration=345s  delays=[0.0, 15.0, 30.0, 45.0]  lifetimes=[345.0, 330.0, 315.0, 300.0]
[sao-listener] cport=23300 worker=/its/home/mm2350/extra/Olympusv2/olympus/algorithms/ma_dreamer/worker.py scan=20ms target_cc=astraea single_flow=1 no_state_pipe=1
[sao-listener] cport=23301 worker=/its/home/mm2350/extra/Olympusv2/olympus/algorithms/ma_dreamer/worker.py scan=20ms target_cc=astraea single_flow=1 no_state_pipe=1
[sao-listener] cport=23302 worker=/its/home/mm2350/extra/Olympusv2/olympus/algorithms/ma_dreamer/worker.py scan=20ms target_cc=astraea single_flow=1 no_state_pipe=1
[sao-listener] cport=23303 worker=/its/home/mm2350/extra/Olympusv2/olympus/algorithms/ma_dreamer/worker.py scan=20ms target_cc=astraea single_flow=1 no_state_pipe=1
[multi_ep_plot] saved -> /its/home/mm2350/extra/Olympusv2/benchmarks/benchmark_responsive_fairness/data/ma_dreamer_symmetrical/4_flows/run26/ep000026_bw35_d94_n4.pdf  return=1042776.9
[ep_plot] ep=26 -> /its/home/mm2350/extra/Olympusv2/benchmarks/benchmark_responsive_fairness/data/ma_dreamer_symmetrical/4_flows/run26/ep000026_bw35_d94_n4.pdf  return=1042776.859375
[orch] ep=26 sum-of-agents return=1042776.9
[responsive_fairness] slot=6 ma_dreamer_symmetrical flows=4 run=36
[responsive_fairness] ma_dreamer_symmetrical flows=4 run=26 done (76/200)
[slot=6] ep=36  flows=4  bw=52Mbps  delay=17ms  duration=345s  delays=[0.0, 15.0, 30.0, 45.0]  lifetimes=[345.0, 330.0, 315.0, 300.0]
[worker cport=23400 agent=0] loaded checkpoint step=51200
[worker alg=ma_dreamer reward=tempest_fairness_ma_symetric cport=23400 agent=0 group=slot4_ep31 flow=1] started interval=20ms det=1 latent=8x8
[sao-listener] cport=23800 worker=/its/home/mm2350/extra/Olympusv2/olympus/algorithms/ma_dreamer/worker.py scan=20ms target_cc=astraea single_flow=1 no_state_pipe=1
[worker cport=23900 agent=0] loaded checkpoint step=51200
[worker alg=ma_dreamer reward=tempest_fairness_ma_symetric cport=23900 agent=0 group=slot9_ep32 flow=1] started interval=20ms det=1 latent=8x8
[sao-listener] cport=23801 worker=/its/home/mm2350/extra/Olympusv2/olympus/algorithms/ma_dreamer/worker.py scan=20ms target_cc=astraea single_flow=1 no_state_pipe=1
[sao-listener] cport=23802 worker=/its/home/mm2350/extra/Olympusv2/olympus/algorithms/ma_dreamer/worker.py scan=20ms target_cc=astraea single_flow=1 no_state_pipe=1
[sao-listener] cport=23803 worker=/its/home/mm2350/extra/Olympusv2/olympus/algorithms/ma_dreamer/worker.py scan=20ms target_cc=astraea single_flow=1 no_state_pipe=1
[sao-listener] cport=23600 worker=/its/home/mm2350/extra/Olympusv2/olympus/algorithms/ma_dreamer/worker.py scan=20ms target_cc=astraea single_flow=1 no_state_pipe=1
[multi_ep_plot] saved -> /its/home/mm2350/extra/Olympusv2/benchmarks/benchmark_responsive_fairness/data/ma_dreamer_symmetrical/4_flows/run27/ep000027_bw93_d71_n4.pdf  return=961654.1
[ep_plot] ep=27 -> /its/home/mm2350/extra/Olympusv2/benchmarks/benchmark_responsive_fairness/data/ma_dreamer_symmetrical/4_flows/run27/ep000027_bw93_d71_n4.pdf  return=961654.109375
[orch] ep=27 sum-of-agents return=961654.1
[sao-listener] cport=23601 worker=/its/home/mm2350/extra/Olympusv2/olympus/algorithms/ma_dreamer/worker.py scan=20ms target_cc=astraea single_flow=1 no_state_pipe=1
[responsive_fairness] slot=7 ma_dreamer_symmetrical flows=4 run=37
[responsive_fairness] ma_dreamer_symmetrical flows=4 run=27 done (77/200)
[sao-listener] cport=23602 worker=/its/home/mm2350/extra/Olympusv2/olympus/algorithms/ma_dreamer/worker.py scan=20ms target_cc=astraea single_flow=1 no_state_pipe=1
[sao-listener] cport=23603 worker=/its/home/mm2350/extra/Olympusv2/olympus/algorithms/ma_dreamer/worker.py scan=20ms target_cc=astraea single_flow=1 no_state_pipe=1
[slot=7] ep=37  flows=4  bw=97Mbps  delay=87ms  duration=345s  delays=[0.0, 15.0, 30.0, 45.0]  lifetimes=[345.0, 330.0, 315.0, 300.0]
[sao-listener] new flow 1 10.0.0.1:23300->10.0.0.5:5204 cc=astraea pid=257439 child=258170
[sao-listener] single-flow mode: attached worker; stopping ss scans
[sao-listener flow 1] cport=23300 cc=astraea worker active
[sao-listener] new flow 1 10.0.0.1:23500->10.0.0.5:5206 cc=astraea pid=256706 child=258513
[sao-listener] single-flow mode: attached worker; stopping ss scans
[sao-listener flow 1] cport=23500 cc=astraea worker active
[multi_ep_plot] saved -> /its/home/mm2350/extra/Olympusv2/benchmarks/benchmark_responsive_fairness/data/ma_dreamer_symmetrical/4_flows/run28/ep000028_bw24_d26_n4.pdf  return=1040489.8
[ep_plot] ep=28 -> /its/home/mm2350/extra/Olympusv2/benchmarks/benchmark_responsive_fairness/data/ma_dreamer_symmetrical/4_flows/run28/ep000028_bw24_d26_n4.pdf  return=1040489.828125
[orch] ep=28 sum-of-agents return=1040489.8
[responsive_fairness] ma_dreamer_symmetrical flows=4 run=28 done (78/200)
[responsive_fairness] slot=2 ma_dreamer_symmetrical flows=4 run=38
[slot=2] ep=38  flows=4  bw=91Mbps  delay=63ms  duration=345s  delays=[0.0, 15.0, 30.0, 45.0]  lifetimes=[345.0, 330.0, 315.0, 300.0]
[sao-listener] cport=23700 worker=/its/home/mm2350/extra/Olympusv2/olympus/algorithms/ma_dreamer/worker.py scan=20ms target_cc=astraea single_flow=1 no_state_pipe=1
[sao-listener] cport=23701 worker=/its/home/mm2350/extra/Olympusv2/olympus/algorithms/ma_dreamer/worker.py scan=20ms target_cc=astraea single_flow=1 no_state_pipe=1
[sao-listener] cport=23702 worker=/its/home/mm2350/extra/Olympusv2/olympus/algorithms/ma_dreamer/worker.py scan=20ms target_cc=astraea single_flow=1 no_state_pipe=1
[sao-listener] cport=23703 worker=/its/home/mm2350/extra/Olympusv2/olympus/algorithms/ma_dreamer/worker.py scan=20ms target_cc=astraea single_flow=1 no_state_pipe=1
[sao-listener] new flow 1 10.0.0.1:23800->10.0.0.5:5209 cc=astraea pid=258329 child=259464
[sao-listener] single-flow mode: attached worker; stopping ss scans
[sao-listener flow 1] cport=23800 cc=astraea worker active
[multi_ep_plot] saved -> /its/home/mm2350/extra/Olympusv2/benchmarks/benchmark_responsive_fairness/data/ma_dreamer_symmetrical/4_flows/run29/ep000029_bw80_d19_n4.pdf  return=1045850.2
[ep_plot] ep=29 -> /its/home/mm2350/extra/Olympusv2/benchmarks/benchmark_responsive_fairness/data/ma_dreamer_symmetrical/4_flows/run29/ep000029_bw80_d19_n4.pdf  return=1045850.1875
[orch] ep=29 sum-of-agents return=1045850.2
[worker cport=23300 agent=0] loaded checkpoint step=51200
[worker alg=ma_dreamer reward=tempest_fairness_ma_symetric cport=23300 agent=0 group=slot3_ep34 flow=1] started interval=20ms det=1 latent=8x8
[responsive_fairness] slot=0 ma_dreamer_symmetrical flows=4 run=39
[responsive_fairness] ma_dreamer_symmetrical flows=4 run=29 done (79/200)
[slot=0] ep=39  flows=4  bw=36Mbps  delay=43ms  duration=345s  delays=[0.0, 15.0, 30.0, 45.0]  lifetimes=[345.0, 330.0, 315.0, 300.0]
[sao-listener] cport=23200 worker=/its/home/mm2350/extra/Olympusv2/olympus/algorithms/ma_dreamer/worker.py scan=20ms target_cc=astraea single_flow=1 no_state_pipe=1
[sao-listener] cport=23201 worker=/its/home/mm2350/extra/Olympusv2/olympus/algorithms/ma_dreamer/worker.py scan=20ms target_cc=astraea single_flow=1 no_state_pipe=1
[sao-listener] cport=23202 worker=/its/home/mm2350/extra/Olympusv2/olympus/algorithms/ma_dreamer/worker.py scan=20ms target_cc=astraea single_flow=1 no_state_pipe=1
[sao-listener] cport=23203 worker=/its/home/mm2350/extra/Olympusv2/olympus/algorithms/ma_dreamer/worker.py scan=20ms target_cc=astraea single_flow=1 no_state_pipe=1
[worker cport=23500 agent=0] loaded checkpoint step=51200
[worker alg=ma_dreamer reward=tempest_fairness_ma_symetric cport=23500 agent=0 group=slot5_ep33 flow=1] started interval=20ms det=1 latent=8x8
[multi_ep_plot] saved -> /its/home/mm2350/extra/Olympusv2/benchmarks/benchmark_responsive_fairness/data/ma_dreamer_symmetrical/4_flows/run30/ep000030_bw79_d47_n4.pdf  return=1031210.4
[ep_plot] ep=30 -> /its/home/mm2350/extra/Olympusv2/benchmarks/benchmark_responsive_fairness/data/ma_dreamer_symmetrical/4_flows/run30/ep000030_bw79_d47_n4.pdf  return=1031210.375
[orch] ep=30 sum-of-agents return=1031210.4
[responsive_fairness] slot=1 ma_dreamer_symmetrical flows=4 run=40
[responsive_fairness] ma_dreamer_symmetrical flows=4 run=30 done (80/200)
[slot=1] ep=40  flows=4  bw=68Mbps  delay=84ms  duration=345s  delays=[0.0, 15.0, 30.0, 45.0]  lifetimes=[345.0, 330.0, 315.0, 300.0]
[sao-listener] new flow 1 10.0.0.1:23600->10.0.0.5:5207 cc=astraea pid=258743 child=260841
[sao-listener] single-flow mode: attached worker; stopping ss scans
[sao-listener flow 1] cport=23600 cc=astraea worker active
[sao-listener] cport=23000 worker=/its/home/mm2350/extra/Olympusv2/olympus/algorithms/ma_dreamer/worker.py scan=20ms target_cc=astraea single_flow=1 no_state_pipe=1
[sao-listener] cport=23001 worker=/its/home/mm2350/extra/Olympusv2/olympus/algorithms/ma_dreamer/worker.py scan=20ms target_cc=astraea single_flow=1 no_state_pipe=1
[sao-listener] cport=23002 worker=/its/home/mm2350/extra/Olympusv2/olympus/algorithms/ma_dreamer/worker.py scan=20ms target_cc=astraea single_flow=1 no_state_pipe=1
[sao-listener] cport=23003 worker=/its/home/mm2350/extra/Olympusv2/olympus/algorithms/ma_dreamer/worker.py scan=20ms target_cc=astraea single_flow=1 no_state_pipe=1
[worker cport=23800 agent=0] loaded checkpoint step=51200
[worker alg=ma_dreamer reward=tempest_fairness_ma_symetric cport=23800 agent=0 group=slot8_ep35 flow=1] started interval=20ms det=1 latent=8x8
[sao-listener] cport=23100 worker=/its/home/mm2350/extra/Olympusv2/olympus/algorithms/ma_dreamer/worker.py scan=20ms target_cc=astraea single_flow=1 no_state_pipe=1
[sao-listener] cport=23101 worker=/its/home/mm2350/extra/Olympusv2/olympus/algorithms/ma_dreamer/worker.py scan=20ms target_cc=astraea single_flow=1 no_state_pipe=1
[sao-listener] cport=23102 worker=/its/home/mm2350/extra/Olympusv2/olympus/algorithms/ma_dreamer/worker.py scan=20ms target_cc=astraea single_flow=1 no_state_pipe=1
[sao-listener] cport=23103 worker=/its/home/mm2350/extra/Olympusv2/olympus/algorithms/ma_dreamer/worker.py scan=20ms target_cc=astraea single_flow=1 no_state_pipe=1
[worker cport=23600 agent=0] loaded checkpoint step=51200
[worker alg=ma_dreamer reward=tempest_fairness_ma_symetric cport=23600 agent=0 group=slot6_ep36 flow=1] started interval=20ms det=1 latent=8x8
[sao-listener] new flow 1 10.0.0.1:23700->10.0.0.5:5208 cc=astraea pid=259936 child=262393
[sao-listener] single-flow mode: attached worker; stopping ss scans
[sao-listener flow 1] cport=23700 cc=astraea worker active
[worker cport=23700 agent=0] loaded checkpoint step=51200
[worker alg=ma_dreamer reward=tempest_fairness_ma_symetric cport=23700 agent=0 group=slot7_ep37 flow=1] started interval=20ms det=1 latent=8x8
[sao-listener] new flow 1 10.0.0.1:23200->10.0.0.5:5203 cc=astraea pid=261026 child=263248
[sao-listener] single-flow mode: attached worker; stopping ss scans
[sao-listener flow 1] cport=23200 cc=astraea worker active
[sao-listener] new flow 1 10.0.0.1:23000->10.0.0.5:5201 cc=astraea pid=261793 child=263854
[sao-listener] single-flow mode: attached worker; stopping ss scans
[sao-listener flow 1] cport=23000 cc=astraea worker active
[worker cport=23200 agent=0] loaded checkpoint step=51200
[worker alg=ma_dreamer reward=tempest_fairness_ma_symetric cport=23200 agent=0 group=slot2_ep38 flow=1] started interval=20ms det=1 latent=8x8
[sao-listener] new flow 1 10.0.0.1:23100->10.0.0.5:5202 cc=astraea pid=262211 child=264526
[sao-listener] single-flow mode: attached worker; stopping ss scans
[sao-listener flow 1] cport=23100 cc=astraea worker active
[worker cport=23000 agent=0] loaded checkpoint step=51200
[worker alg=ma_dreamer reward=tempest_fairness_ma_symetric cport=23000 agent=0 group=slot0_ep39 flow=1] started interval=20ms det=1 latent=8x8
[worker cport=23100 agent=0] loaded checkpoint step=51200
[worker alg=ma_dreamer reward=tempest_fairness_ma_symetric cport=23100 agent=0 group=slot1_ep40 flow=1] started interval=20ms det=1 latent=8x8
[orch] link change t=15.0s bw=24 delay=60
[orch] link change t=15.0s bw=28 delay=48
[orch] link change t=15.0s bw=90 delay=39
[orch] link change t=15.0s bw=84 delay=13
[orch] link change t=15.0s bw=26 delay=53
[orch] link change t=15.0s bw=12 delay=46
[sao-listener] new flow 1 10.0.0.2:23301->10.0.0.6:5204 cc=astraea pid=272934 child=273799
[sao-listener] single-flow mode: attached worker; stopping ss scans
[sao-listener flow 1] cport=23301 cc=astraea worker active
[sao-listener] new flow 1 10.0.0.2:23401->10.0.0.6:5205 cc=astraea pid=271276 child=273930
[sao-listener] single-flow mode: attached worker; stopping ss scans
[sao-listener flow 1] cport=23401 cc=astraea worker active
[sao-listener] new flow 1 10.0.0.2:23901->10.0.0.6:5210 cc=astraea pid=271626 child=274041
[sao-listener] single-flow mode: attached worker; stopping ss scans
[sao-listener flow 1] cport=23901 cc=astraea worker active
[orch] link change t=15.0s bw=21 delay=89
[orch] link change t=15.0s bw=64 delay=23
[worker cport=23301 agent=1] loaded checkpoint step=51200
[worker alg=ma_dreamer reward=tempest_fairness_ma_symetric cport=23301 agent=1 group=slot3_ep34 flow=1] started interval=20ms det=1 latent=8x8
[worker cport=23401 agent=1] loaded checkpoint step=51200
[worker alg=ma_dreamer reward=tempest_fairness_ma_symetric cport=23401 agent=1 group=slot4_ep31 flow=1] started interval=20ms det=1 latent=8x8
[worker cport=23901 agent=1] loaded checkpoint step=51200
[worker alg=ma_dreamer reward=tempest_fairness_ma_symetric cport=23901 agent=1 group=slot9_ep32 flow=1] started interval=20ms det=1 latent=8x8
[orch] link change t=15.0s bw=59 delay=13
[sao-listener] new flow 1 10.0.0.2:23501->10.0.0.6:5206 cc=astraea pid=272471 child=275190
[sao-listener] single-flow mode: attached worker; stopping ss scans
[sao-listener flow 1] cport=23501 cc=astraea worker active
[orch] link change t=15.0s bw=77 delay=14
[sao-listener] new flow 1 10.0.0.2:23801->10.0.0.6:5209 cc=astraea pid=273452 child=275693
[sao-listener] single-flow mode: attached worker; stopping ss scans
[sao-listener flow 1] cport=23801 cc=astraea worker active
[worker cport=23501 agent=1] loaded checkpoint step=51200
[worker alg=ma_dreamer reward=tempest_fairness_ma_symetric cport=23501 agent=1 group=slot5_ep33 flow=1] started interval=20ms det=1 latent=8x8
[sao-listener] new flow 1 10.0.0.2:23201->10.0.0.6:5203 cc=astraea pid=275188 child=276064
[sao-listener] single-flow mode: attached worker; stopping ss scans
[sao-listener flow 1] cport=23201 cc=astraea worker active
[sao-listener] new flow 1 10.0.0.2:23601->10.0.0.6:5207 cc=astraea pid=273879 child=276363
[sao-listener] single-flow mode: attached worker; stopping ss scans
[sao-listener flow 1] cport=23601 cc=astraea worker active
[worker cport=23801 agent=1] loaded checkpoint step=51200
[worker alg=ma_dreamer reward=tempest_fairness_ma_symetric cport=23801 agent=1 group=slot8_ep35 flow=1] started interval=20ms det=1 latent=8x8
[worker cport=23201 agent=1] loaded checkpoint step=51200
[worker alg=ma_dreamer reward=tempest_fairness_ma_symetric cport=23201 agent=1 group=slot2_ep38 flow=1] started interval=20ms det=1 latent=8x8
[sao-listener] new flow 1 10.0.0.2:23001->10.0.0.6:5201 cc=astraea pid=275625 child=276923
[sao-listener] single-flow mode: attached worker; stopping ss scans
[sao-listener flow 1] cport=23001 cc=astraea worker active
[worker cport=23601 agent=1] loaded checkpoint step=51200
[worker alg=ma_dreamer reward=tempest_fairness_ma_symetric cport=23601 agent=1 group=slot6_ep36 flow=1] started interval=20ms det=1 latent=8x8
[sao-listener] new flow 1 10.0.0.2:23101->10.0.0.6:5202 cc=astraea pid=276061 child=277351
[sao-listener] single-flow mode: attached worker; stopping ss scans
[sao-listener flow 1] cport=23101 cc=astraea worker active
[sao-listener] new flow 1 10.0.0.2:23701->10.0.0.6:5208 cc=astraea pid=274550 child=277479
[sao-listener] single-flow mode: attached worker; stopping ss scans
[sao-listener flow 1] cport=23701 cc=astraea worker active
[worker cport=23001 agent=1] loaded checkpoint step=51200
[worker alg=ma_dreamer reward=tempest_fairness_ma_symetric cport=23001 agent=1 group=slot0_ep39 flow=1] started interval=20ms det=1 latent=8x8
[worker cport=23101 agent=1] loaded checkpoint step=51200
[worker alg=ma_dreamer reward=tempest_fairness_ma_symetric cport=23101 agent=1 group=slot1_ep40 flow=1] started interval=20ms det=1 latent=8x8
[worker cport=23701 agent=1] loaded checkpoint step=51200
[worker alg=ma_dreamer reward=tempest_fairness_ma_symetric cport=23701 agent=1 group=slot7_ep37 flow=1] started interval=20ms det=1 latent=8x8
[orch] link change t=30.0s bw=28 delay=97
[orch] link change t=30.0s bw=99 delay=40
[orch] link change t=30.0s bw=45 delay=71
[orch] link change t=30.0s bw=39 delay=13
[sao-listener] new flow 1 10.0.0.3:23402->10.0.0.7:5205 cc=astraea pid=282814 child=283732
[sao-listener] single-flow mode: attached worker; stopping ss scans
[sao-listener flow 1] cport=23402 cc=astraea worker active
[sao-listener] new flow 1 10.0.0.3:23902->10.0.0.7:5210 cc=astraea pid=283061 child=283872
[sao-listener] single-flow mode: attached worker; stopping ss scans
[sao-listener flow 1] cport=23902 cc=astraea worker active
[orch] link change t=30.0s bw=29 delay=46
[orch] link change t=30.0s bw=20 delay=10
[worker cport=23402 agent=2] loaded checkpoint step=51200
[worker alg=ma_dreamer reward=tempest_fairness_ma_symetric cport=23402 agent=2 group=slot4_ep31 flow=1] started interval=20ms det=1 latent=8x8
[worker cport=23902 agent=2] loaded checkpoint step=51200
[worker alg=ma_dreamer reward=tempest_fairness_ma_symetric cport=23902 agent=2 group=slot9_ep32 flow=1] started interval=20ms det=1 latent=8x8
[orch] link change t=30.0s bw=95 delay=91
[sao-listener] new flow 1 10.0.0.3:23502->10.0.0.7:5206 cc=astraea pid=283642 child=284851
[sao-listener] single-flow mode: attached worker; stopping ss scans
[sao-listener flow 1] cport=23502 cc=astraea worker active
[sao-listener] new flow 1 10.0.0.3:23802->10.0.0.7:5209 cc=astraea pid=284391 child=284942
[sao-listener] single-flow mode: attached worker; stopping ss scans
[sao-listener flow 1] cport=23802 cc=astraea worker active
[orch] link change t=30.0s bw=18 delay=56
[worker cport=23502 agent=2] loaded checkpoint step=51200
[worker alg=ma_dreamer reward=tempest_fairness_ma_symetric cport=23502 agent=2 group=slot5_ep33 flow=1] started interval=20ms det=1 latent=8x8
[orch] link change t=30.0s bw=34 delay=38
[worker cport=23802 agent=2] loaded checkpoint step=51200
[worker alg=ma_dreamer reward=tempest_fairness_ma_symetric cport=23802 agent=2 group=slot8_ep35 flow=1] started interval=20ms det=1 latent=8x8
[sao-listener] new flow 1 10.0.0.3:23302->10.0.0.7:5204 cc=astraea pid=284019 child=285563
[sao-listener] single-flow mode: attached worker; stopping ss scans
[sao-listener flow 1] cport=23302 cc=astraea worker active
[sao-listener] new flow 1 10.0.0.3:23602->10.0.0.7:5207 cc=astraea pid=284675 child=285629
[sao-listener] single-flow mode: attached worker; stopping ss scans
[sao-listener flow 1] cport=23602 cc=astraea worker active
[orch] link change t=30.0s bw=41 delay=46
[worker cport=23302 agent=2] loaded checkpoint step=51200
[worker alg=ma_dreamer reward=tempest_fairness_ma_symetric cport=23302 agent=2 group=slot3_ep34 flow=1] started interval=20ms det=1 latent=8x8
[worker cport=23602 agent=2] loaded checkpoint step=51200
[worker alg=ma_dreamer reward=tempest_fairness_ma_symetric cport=23602 agent=2 group=slot6_ep36 flow=1] started interval=20ms det=1 latent=8x8
[sao-listener] new flow 1 10.0.0.3:23702->10.0.0.7:5208 cc=astraea pid=285150 child=286265
[sao-listener] single-flow mode: attached worker; stopping ss scans
[sao-listener flow 1] cport=23702 cc=astraea worker active
[worker cport=23702 agent=2] loaded checkpoint step=51200
[worker alg=ma_dreamer reward=tempest_fairness_ma_symetric cport=23702 agent=2 group=slot7_ep37 flow=1] started interval=20ms det=1 latent=8x8
[sao-listener] new flow 1 10.0.0.3:23202->10.0.0.7:5203 cc=astraea pid=285561 child=286807
[sao-listener] single-flow mode: attached worker; stopping ss scans
[sao-listener flow 1] cport=23202 cc=astraea worker active
[worker cport=23202 agent=2] loaded checkpoint step=51200
[worker alg=ma_dreamer reward=tempest_fairness_ma_symetric cport=23202 agent=2 group=slot2_ep38 flow=1] started interval=20ms det=1 latent=8x8
[sao-listener] new flow 1 10.0.0.3:23002->10.0.0.7:5201 cc=astraea pid=285872 child=287246
[sao-listener] single-flow mode: attached worker; stopping ss scans
[sao-listener flow 1] cport=23002 cc=astraea worker active
[sao-listener] new flow 1 10.0.0.3:23102->10.0.0.7:5202 cc=astraea pid=286163 child=287479
[sao-listener] single-flow mode: attached worker; stopping ss scans
[sao-listener flow 1] cport=23102 cc=astraea worker active
[worker cport=23002 agent=2] loaded checkpoint step=51200
[worker alg=ma_dreamer reward=tempest_fairness_ma_symetric cport=23002 agent=2 group=slot0_ep39 flow=1] started interval=20ms det=1 latent=8x8
[worker cport=23102 agent=2] loaded checkpoint step=51200
[worker alg=ma_dreamer reward=tempest_fairness_ma_symetric cport=23102 agent=2 group=slot1_ep40 flow=1] started interval=20ms det=1 latent=8x8
[orch] link change t=45.0s bw=15 delay=27
[orch] link change t=45.0s bw=73 delay=13
[orch] link change t=45.0s bw=93 delay=78
[orch] link change t=45.0s bw=59 delay=56
[orch] link change t=45.0s bw=65 delay=42
[orch] link change t=45.0s bw=74 delay=90
[sao-listener] new flow 1 10.0.0.4:23303->10.0.0.8:5204 cc=astraea pid=290439 child=290683
[sao-listener] single-flow mode: attached worker; stopping ss scans
[sao-listener flow 1] cport=23303 cc=astraea worker active
[sao-listener] new flow 1 10.0.0.4:23903->10.0.0.8:5210 cc=astraea pid=289988 child=290762
[sao-listener] single-flow mode: attached worker; stopping ss scans
[sao-listener flow 1] cport=23903 cc=astraea worker active
[orch] link change t=45.0s bw=75 delay=14
[sao-listener] new flow 1 10.0.0.4:23403->10.0.0.8:5205 cc=astraea pid=289873 child=290955
[sao-listener] single-flow mode: attached worker; stopping ss scans
[sao-listener flow 1] cport=23403 cc=astraea worker active
[worker cport=23303 agent=3] loaded checkpoint step=51200
[worker alg=ma_dreamer reward=tempest_fairness_ma_symetric cport=23303 agent=3 group=slot3_ep34 flow=1] started interval=20ms det=1 latent=8x8
[orch] link change t=45.0s bw=99 delay=69
[worker cport=23903 agent=3] loaded checkpoint step=51200
[worker alg=ma_dreamer reward=tempest_fairness_ma_symetric cport=23903 agent=3 group=slot9_ep32 flow=1] started interval=20ms det=1 latent=8x8
[sao-listener] new flow 1 10.0.0.4:23703->10.0.0.8:5208 cc=astraea pid=291087 child=291194
[sao-listener] single-flow mode: attached worker; stopping ss scans
[sao-listener flow 1] cport=23703 cc=astraea worker active
[orch] link change t=45.0s bw=60 delay=82
[worker cport=23403 agent=3] loaded checkpoint step=51200
[worker alg=ma_dreamer reward=tempest_fairness_ma_symetric cport=23403 agent=3 group=slot4_ep31 flow=1] started interval=20ms det=1 latent=8x8
[sao-listener] new flow 1 10.0.0.4:23503->10.0.0.8:5206 cc=astraea pid=290279 child=291376
[sao-listener] single-flow mode: attached worker; stopping ss scans
[sao-listener flow 1] cport=23503 cc=astraea worker active
[orch] link change t=45.0s bw=95 delay=91
[sao-listener] new flow 1 10.0.0.4:23803->10.0.0.8:5209 cc=astraea pid=290618 child=291471
[sao-listener] single-flow mode: attached worker; stopping ss scans
[sao-listener flow 1] cport=23803 cc=astraea worker active
[worker cport=23703 agent=3] loaded checkpoint step=51200
[worker alg=ma_dreamer reward=tempest_fairness_ma_symetric cport=23703 agent=3 group=slot7_ep37 flow=1] started interval=20ms det=1 latent=8x8
[sao-listener] new flow 1 10.0.0.4:23203->10.0.0.8:5203 cc=astraea pid=291301 child=291625
[sao-listener] single-flow mode: attached worker; stopping ss scans
[sao-listener flow 1] cport=23203 cc=astraea worker active
[worker cport=23503 agent=3] loaded checkpoint step=51200
[worker alg=ma_dreamer reward=tempest_fairness_ma_symetric cport=23503 agent=3 group=slot5_ep33 flow=1] started interval=20ms det=1 latent=8x8
[sao-listener] new flow 1 10.0.0.4:23603->10.0.0.8:5207 cc=astraea pid=290828 child=291753
[sao-listener] single-flow mode: attached worker; stopping ss scans
[sao-listener flow 1] cport=23603 cc=astraea worker active
[worker cport=23803 agent=3] loaded checkpoint step=51200
[worker alg=ma_dreamer reward=tempest_fairness_ma_symetric cport=23803 agent=3 group=slot8_ep35 flow=1] started interval=20ms det=1 latent=8x8
[worker cport=23203 agent=3] loaded checkpoint step=51200
[worker alg=ma_dreamer reward=tempest_fairness_ma_symetric cport=23203 agent=3 group=slot2_ep38 flow=1] started interval=20ms det=1 latent=8x8
[sao-listener] new flow 1 10.0.0.4:23003->10.0.0.8:5201 cc=astraea pid=291525 child=291935
[sao-listener] single-flow mode: attached worker; stopping ss scans
[sao-listener flow 1] cport=23003 cc=astraea worker active
[worker cport=23603 agent=3] loaded checkpoint step=51200
[worker alg=ma_dreamer reward=tempest_fairness_ma_symetric cport=23603 agent=3 group=slot6_ep36 flow=1] started interval=20ms det=1 latent=8x8
[sao-listener] new flow 1 10.0.0.4:23103->10.0.0.8:5202 cc=astraea pid=291627 child=292043
[sao-listener] single-flow mode: attached worker; stopping ss scans
[sao-listener flow 1] cport=23103 cc=astraea worker active
[worker cport=23003 agent=3] loaded checkpoint step=51200
[worker alg=ma_dreamer reward=tempest_fairness_ma_symetric cport=23003 agent=3 group=slot0_ep39 flow=1] started interval=20ms det=1 latent=8x8
[worker cport=23103 agent=3] loaded checkpoint step=51200
[worker alg=ma_dreamer reward=tempest_fairness_ma_symetric cport=23103 agent=3 group=slot1_ep40 flow=1] started interval=20ms det=1 latent=8x8
[orch] link change t=60.0s bw=24 delay=78
[orch] link change t=60.0s bw=14 delay=22
[orch] link change t=60.0s bw=77 delay=33
[orch] link change t=60.0s bw=18 delay=64
[orch] link change t=60.0s bw=82 delay=17
[orch] link change t=60.0s bw=32 delay=41
[orch] link change t=60.0s bw=90 delay=57
[orch] link change t=60.0s bw=57 delay=15
[orch] link change t=60.0s bw=10 delay=92
[orch] link change t=60.0s bw=95 delay=36
[orch] link change t=75.0s bw=39 delay=27
[orch] link change t=75.0s bw=51 delay=75
[orch] link change t=75.0s bw=93 delay=88
[orch] link change t=75.0s bw=49 delay=53
[orch] link change t=75.0s bw=77 delay=45
[orch] link change t=75.0s bw=44 delay=93
[orch] link change t=75.0s bw=66 delay=77
[orch] link change t=75.0s bw=87 delay=95
[orch] link change t=75.0s bw=42 delay=96
[orch] link change t=75.0s bw=26 delay=54
[orch] link change t=90.0s bw=28 delay=14
[orch] link change t=90.0s bw=52 delay=17
[orch] link change t=90.0s bw=74 delay=51
[orch] link change t=90.0s bw=22 delay=84
[orch] link change t=90.0s bw=93 delay=56
[orch] link change t=90.0s bw=65 delay=56
[orch] link change t=90.0s bw=23 delay=97
[orch] link change t=90.0s bw=31 delay=85
[orch] link change t=90.0s bw=55 delay=100
[orch] link change t=90.0s bw=45 delay=66
[orch] link change t=105.0s bw=94 delay=17
[orch] link change t=105.0s bw=76 delay=98
[orch] link change t=105.0s bw=97 delay=77
[orch] link change t=105.0s bw=75 delay=29
[orch] link change t=105.0s bw=84 delay=22
[orch] link change t=105.0s bw=81 delay=44
[orch] link change t=105.0s bw=68 delay=86
[orch] link change t=105.0s bw=54 delay=51
[orch] link change t=105.0s bw=32 delay=13
[orch] link change t=105.0s bw=13 delay=77
[orch] link change t=120.0s bw=27 delay=39
[orch] link change t=120.0s bw=70 delay=57
[orch] link change t=120.0s bw=71 delay=66
[orch] link change t=120.0s bw=22 delay=45
[orch] link change t=120.0s bw=56 delay=11
[orch] link change t=120.0s bw=79 delay=19
[orch] link change t=120.0s bw=46 delay=58
[orch] link change t=120.0s bw=44 delay=100
[orch] link change t=120.0s bw=47 delay=96
[orch] link change t=120.0s bw=26 delay=17
[orch] link change t=135.0s bw=78 delay=67
[orch] link change t=135.0s bw=86 delay=10
[orch] link change t=135.0s bw=46 delay=96
[orch] link change t=135.0s bw=54 delay=88
[orch] link change t=135.0s bw=75 delay=11
[orch] link change t=135.0s bw=83 delay=62
[orch] link change t=135.0s bw=64 delay=66
[orch] link change t=135.0s bw=52 delay=89
[orch] link change t=135.0s bw=19 delay=56
[orch] link change t=135.0s bw=92 delay=35
[orch] link change t=150.0s bw=77 delay=62
[orch] link change t=150.0s bw=79 delay=26
[orch] link change t=150.0s bw=91 delay=19
[orch] link change t=150.0s bw=10 delay=29
[orch] link change t=150.0s bw=22 delay=73
[orch] link change t=150.0s bw=72 delay=59
[orch] link change t=150.0s bw=28 delay=16
[orch] link change t=150.0s bw=49 delay=70
[orch] link change t=150.0s bw=11 delay=23
[orch] link change t=150.0s bw=89 delay=100
[orch] link change t=165.0s bw=36 delay=85
[orch] link change t=165.0s bw=77 delay=11
[orch] link change t=165.0s bw=48 delay=62
[orch] link change t=165.0s bw=77 delay=21
[orch] link change t=165.0s bw=57 delay=13
[orch] link change t=165.0s bw=54 delay=60
[orch] link change t=165.0s bw=21 delay=62
[orch] link change t=165.0s bw=84 delay=61
[orch] link change t=165.0s bw=64 delay=54
[orch] link change t=165.0s bw=68 delay=16
[orch] link change t=180.0s bw=21 delay=25
[orch] link change t=180.0s bw=72 delay=35
[orch] link change t=180.0s bw=49 delay=76
[orch] link change t=180.0s bw=17 delay=57
[orch] link change t=180.0s bw=53 delay=96
[orch] link change t=180.0s bw=41 delay=60
[orch] link change t=180.0s bw=19 delay=79
[orch] link change t=180.0s bw=38 delay=88
[orch] link change t=180.0s bw=64 delay=22
[orch] link change t=180.0s bw=32 delay=87
[orch] link change t=195.0s bw=12 delay=61
[orch] link change t=195.0s bw=46 delay=35
[orch] link change t=195.0s bw=73 delay=16
[orch] link change t=195.0s bw=42 delay=80
[orch] link change t=195.0s bw=73 delay=16
[orch] link change t=195.0s bw=31 delay=25
[orch] link change t=195.0s bw=46 delay=56
[orch] link change t=195.0s bw=20 delay=77
[orch] link change t=195.0s bw=60 delay=75
[orch] link change t=195.0s bw=50 delay=24
[orch] link change t=210.0s bw=53 delay=35
[orch] link change t=210.0s bw=67 delay=20
[orch] link change t=210.0s bw=87 delay=96
[orch] link change t=210.0s bw=100 delay=17
[orch] link change t=210.0s bw=12 delay=40
[orch] link change t=210.0s bw=75 delay=73
[orch] link change t=210.0s bw=92 delay=100
[orch] link change t=210.0s bw=72 delay=28
[orch] link change t=210.0s bw=84 delay=48
[orch] link change t=210.0s bw=42 delay=51
[orch] link change t=225.0s bw=36 delay=52
[orch] link change t=225.0s bw=52 delay=25
[orch] link change t=225.0s bw=64 delay=45
[orch] link change t=225.0s bw=59 delay=31
[orch] link change t=225.0s bw=51 delay=20
[orch] link change t=225.0s bw=99 delay=36
[orch] link change t=225.0s bw=65 delay=85
[orch] link change t=225.0s bw=65 delay=77
[orch] link change t=225.0s bw=44 delay=18
[orch] link change t=225.0s bw=28 delay=75
[orch] link change t=240.0s bw=60 delay=56
[orch] link change t=240.0s bw=14 delay=77
[orch] link change t=240.0s bw=50 delay=81
[orch] link change t=240.0s bw=85 delay=91
[orch] link change t=240.0s bw=30 delay=53
[orch] link change t=240.0s bw=77 delay=47
[orch] link change t=240.0s bw=82 delay=56
[orch] link change t=240.0s bw=41 delay=11
[orch] link change t=240.0s bw=68 delay=65
[orch] link change t=240.0s bw=97 delay=76
[orch] link change t=255.0s bw=86 delay=41
[orch] link change t=255.0s bw=24 delay=30
[orch] link change t=255.0s bw=97 delay=41
[orch] link change t=255.0s bw=49 delay=47
[orch] link change t=255.0s bw=31 delay=82
[orch] link change t=255.0s bw=33 delay=72
[orch] link change t=255.0s bw=91 delay=100
[orch] link change t=255.0s bw=58 delay=57
[orch] link change t=255.0s bw=42 delay=83
[orch] link change t=255.0s bw=22 delay=62
[orch] link change t=270.0s bw=36 delay=37
[orch] link change t=270.0s bw=66 delay=12
[orch] link change t=270.0s bw=25 delay=17
[orch] link change t=270.0s bw=58 delay=50
[orch] link change t=270.0s bw=19 delay=71
[orch] link change t=270.0s bw=100 delay=85
[orch] link change t=270.0s bw=83 delay=14
[orch] link change t=270.0s bw=78 delay=97
[orch] link change t=270.0s bw=51 delay=82
[orch] link change t=270.0s bw=16 delay=50
[orch] link change t=285.0s bw=63 delay=84
[orch] link change t=285.0s bw=65 delay=16
[orch] link change t=285.0s bw=50 delay=46
[orch] link change t=285.0s bw=37 delay=36
[orch] link change t=285.0s bw=56 delay=20
[orch] link change t=285.0s bw=51 delay=80
[orch] link change t=285.0s bw=77 delay=89
[orch] link change t=285.0s bw=88 delay=74
[orch] link change t=285.0s bw=10 delay=100
[orch] link change t=285.0s bw=52 delay=39
[orch] link change t=300.0s bw=94 delay=80
[orch] link change t=300.0s bw=14 delay=81
[orch] link change t=300.0s bw=37 delay=18
[orch] link change t=300.0s bw=67 delay=78
[orch] link change t=300.0s bw=47 delay=30
[orch] link change t=300.0s bw=31 delay=10
[orch] link change t=300.0s bw=37 delay=74
[orch] link change t=300.0s bw=13 delay=28
[orch] link change t=300.0s bw=15 delay=93
[orch] link change t=300.0s bw=29 delay=49
[orch] link change t=315.0s bw=17 delay=16
[orch] link change t=315.0s bw=55 delay=39
[orch] link change t=315.0s bw=56 delay=25
[orch] link change t=315.0s bw=32 delay=87
[orch] link change t=315.0s bw=83 delay=19
[orch] link change t=315.0s bw=86 delay=59
[orch] link change t=315.0s bw=63 delay=18
[orch] link change t=315.0s bw=70 delay=23
[orch] link change t=315.0s bw=34 delay=89
[orch] link change t=315.0s bw=30 delay=76
[orch] link change t=330.0s bw=33 delay=55
[orch] link change t=330.0s bw=30 delay=69
[orch] link change t=330.0s bw=93 delay=51
[orch] link change t=330.0s bw=26 delay=83
[orch] link change t=330.0s bw=96 delay=26
[orch] link change t=330.0s bw=73 delay=27
[orch] link change t=330.0s bw=11 delay=10
[orch] link change t=330.0s bw=42 delay=24
[orch] link change t=330.0s bw=89 delay=71
[orch] link change t=330.0s bw=49 delay=99
[multi_ep_plot] saved -> /its/home/mm2350/extra/Olympusv2/benchmarks/benchmark_responsive_fairness/data/ma_dreamer_symmetrical/4_flows/run31/ep000031_bw11_d70_n4.pdf  return=976693.0
[ep_plot] ep=31 -> /its/home/mm2350/extra/Olympusv2/benchmarks/benchmark_responsive_fairness/data/ma_dreamer_symmetrical/4_flows/run31/ep000031_bw11_d70_n4.pdf  return=976692.953125
[orch] ep=31 sum-of-agents return=976693.0
[responsive_fairness] slot=4 ma_dreamer_symmetrical flows=4 run=41
[responsive_fairness] ma_dreamer_symmetrical flows=4 run=31 done (81/200)
[slot=4] ep=41  flows=4  bw=58Mbps  delay=52ms  duration=345s  delays=[0.0, 15.0, 30.0, 45.0]  lifetimes=[345.0, 330.0, 315.0, 300.0]
[multi_ep_plot] saved -> /its/home/mm2350/extra/Olympusv2/benchmarks/benchmark_responsive_fairness/data/ma_dreamer_symmetrical/4_flows/run32/ep000032_bw19_d37_n4.pdf  return=1089057.6
[ep_plot] ep=32 -> /its/home/mm2350/extra/Olympusv2/benchmarks/benchmark_responsive_fairness/data/ma_dreamer_symmetrical/4_flows/run32/ep000032_bw19_d37_n4.pdf  return=1089057.59375
[orch] ep=32 sum-of-agents return=1089057.6
[responsive_fairness] slot=9 ma_dreamer_symmetrical flows=4 run=42
[responsive_fairness] ma_dreamer_symmetrical flows=4 run=32 done (82/200)
[slot=9] ep=42  flows=4  bw=91Mbps  delay=24ms  duration=345s  delays=[0.0, 15.0, 30.0, 45.0]  lifetimes=[345.0, 330.0, 315.0, 300.0]
[sao-listener] cport=23400 worker=/its/home/mm2350/extra/Olympusv2/olympus/algorithms/ma_dreamer/worker.py scan=20ms target_cc=astraea single_flow=1 no_state_pipe=1
[sao-listener] cport=23401 worker=/its/home/mm2350/extra/Olympusv2/olympus/algorithms/ma_dreamer/worker.py scan=20ms target_cc=astraea single_flow=1 no_state_pipe=1
[sao-listener] cport=23402 worker=/its/home/mm2350/extra/Olympusv2/olympus/algorithms/ma_dreamer/worker.py scan=20ms target_cc=astraea single_flow=1 no_state_pipe=1
[sao-listener] cport=23403 worker=/its/home/mm2350/extra/Olympusv2/olympus/algorithms/ma_dreamer/worker.py scan=20ms target_cc=astraea single_flow=1 no_state_pipe=1
[sao-listener] cport=23900 worker=/its/home/mm2350/extra/Olympusv2/olympus/algorithms/ma_dreamer/worker.py scan=20ms target_cc=astraea single_flow=1 no_state_pipe=1
[sao-listener] cport=23901 worker=/its/home/mm2350/extra/Olympusv2/olympus/algorithms/ma_dreamer/worker.py scan=20ms target_cc=astraea single_flow=1 no_state_pipe=1
[sao-listener] cport=23902 worker=/its/home/mm2350/extra/Olympusv2/olympus/algorithms/ma_dreamer/worker.py scan=20ms target_cc=astraea single_flow=1 no_state_pipe=1
[sao-listener] cport=23903 worker=/its/home/mm2350/extra/Olympusv2/olympus/algorithms/ma_dreamer/worker.py scan=20ms target_cc=astraea single_flow=1 no_state_pipe=1
[multi_ep_plot] saved -> /its/home/mm2350/extra/Olympusv2/benchmarks/benchmark_responsive_fairness/data/ma_dreamer_symmetrical/4_flows/run33/ep000033_bw83_d31_n4.pdf  return=1116953.0
[ep_plot] ep=33 -> /its/home/mm2350/extra/Olympusv2/benchmarks/benchmark_responsive_fairness/data/ma_dreamer_symmetrical/4_flows/run33/ep000033_bw83_d31_n4.pdf  return=1116953.03125
[orch] ep=33 sum-of-agents return=1116953.0
[responsive_fairness] slot=5 ma_dreamer_symmetrical flows=4 run=43
[responsive_fairness] ma_dreamer_symmetrical flows=4 run=33 done (83/200)
[slot=5] ep=43  flows=4  bw=14Mbps  delay=46ms  duration=345s  delays=[0.0, 15.0, 30.0, 45.0]  lifetimes=[345.0, 330.0, 315.0, 300.0]
[multi_ep_plot] saved -> /its/home/mm2350/extra/Olympusv2/benchmarks/benchmark_responsive_fairness/data/ma_dreamer_symmetrical/4_flows/run34/ep000034_bw77_d55_n4.pdf  return=1051933.5
[ep_plot] ep=34 -> /its/home/mm2350/extra/Olympusv2/benchmarks/benchmark_responsive_fairness/data/ma_dreamer_symmetrical/4_flows/run34/ep000034_bw77_d55_n4.pdf  return=1051933.46875
[orch] ep=34 sum-of-agents return=1051933.5
[responsive_fairness] slot=3 ma_dreamer_symmetrical flows=4 run=44
[responsive_fairness] ma_dreamer_symmetrical flows=4 run=34 done (84/200)
[slot=3] ep=44  flows=4  bw=62Mbps  delay=76ms  duration=345s  delays=[0.0, 15.0, 30.0, 45.0]  lifetimes=[345.0, 330.0, 315.0, 300.0]
[sao-listener] cport=23500 worker=/its/home/mm2350/extra/Olympusv2/olympus/algorithms/ma_dreamer/worker.py scan=20ms target_cc=astraea single_flow=1 no_state_pipe=1
[sao-listener] cport=23501 worker=/its/home/mm2350/extra/Olympusv2/olympus/algorithms/ma_dreamer/worker.py scan=20ms target_cc=astraea single_flow=1 no_state_pipe=1
[sao-listener] cport=23502 worker=/its/home/mm2350/extra/Olympusv2/olympus/algorithms/ma_dreamer/worker.py scan=20ms target_cc=astraea single_flow=1 no_state_pipe=1
[sao-listener] cport=23503 worker=/its/home/mm2350/extra/Olympusv2/olympus/algorithms/ma_dreamer/worker.py scan=20ms target_cc=astraea single_flow=1 no_state_pipe=1
[sao-listener] new flow 1 10.0.0.1:23900->10.0.0.5:5210 cc=astraea pid=295378 child=295939
[sao-listener] single-flow mode: attached worker; stopping ss scans
[sao-listener flow 1] cport=23900 cc=astraea worker active
[sao-listener] new flow 1 10.0.0.1:23400->10.0.0.5:5205 cc=astraea pid=295261 child=296068
[sao-listener] single-flow mode: attached worker; stopping ss scans
[sao-listener flow 1] cport=23400 cc=astraea worker active
[multi_ep_plot] saved -> /its/home/mm2350/extra/Olympusv2/benchmarks/benchmark_responsive_fairness/data/ma_dreamer_symmetrical/4_flows/run35/ep000035_bw80_d52_n4.pdf  return=1102560.4
[ep_plot] ep=35 -> /its/home/mm2350/extra/Olympusv2/benchmarks/benchmark_responsive_fairness/data/ma_dreamer_symmetrical/4_flows/run35/ep000035_bw80_d52_n4.pdf  return=1102560.375
[orch] ep=35 sum-of-agents return=1102560.4
[responsive_fairness] slot=8 ma_dreamer_symmetrical flows=4 run=45
[responsive_fairness] ma_dreamer_symmetrical flows=4 run=35 done (85/200)
[slot=8] ep=45  flows=4  bw=44Mbps  delay=63ms  duration=345s  delays=[0.0, 15.0, 30.0, 45.0]  lifetimes=[345.0, 330.0, 315.0, 300.0]
[sao-listener] cport=23300 worker=/its/home/mm2350/extra/Olympusv2/olympus/algorithms/ma_dreamer/worker.py scan=20ms target_cc=astraea single_flow=1 no_state_pipe=1
[sao-listener] cport=23301 worker=/its/home/mm2350/extra/Olympusv2/olympus/algorithms/ma_dreamer/worker.py scan=20ms target_cc=astraea single_flow=1 no_state_pipe=1
[sao-listener] cport=23302 worker=/its/home/mm2350/extra/Olympusv2/olympus/algorithms/ma_dreamer/worker.py scan=20ms target_cc=astraea single_flow=1 no_state_pipe=1
[sao-listener] cport=23303 worker=/its/home/mm2350/extra/Olympusv2/olympus/algorithms/ma_dreamer/worker.py scan=20ms target_cc=astraea single_flow=1 no_state_pipe=1
[worker cport=23900 agent=0] loaded checkpoint step=51200
[worker alg=ma_dreamer reward=tempest_fairness_ma_symetric cport=23900 agent=0 group=slot9_ep42 flow=1] started interval=20ms det=1 latent=8x8
[multi_ep_plot] saved -> /its/home/mm2350/extra/Olympusv2/benchmarks/benchmark_responsive_fairness/data/ma_dreamer_symmetrical/4_flows/run36/ep000036_bw52_d17_n4.pdf  return=1107516.5
[ep_plot] ep=36 -> /its/home/mm2350/extra/Olympusv2/benchmarks/benchmark_responsive_fairness/data/ma_dreamer_symmetrical/4_flows/run36/ep000036_bw52_d17_n4.pdf  return=1107516.46875
[orch] ep=36 sum-of-agents return=1107516.5
[responsive_fairness] slot=6 ma_dreamer_symmetrical flows=4 run=46
[responsive_fairness] ma_dreamer_symmetrical flows=4 run=36 done (86/200)
[slot=6] ep=46  flows=4  bw=19Mbps  delay=61ms  duration=345s  delays=[0.0, 15.0, 30.0, 45.0]  lifetimes=[345.0, 330.0, 315.0, 300.0]
[worker cport=23400 agent=0] loaded checkpoint step=51200
[worker alg=ma_dreamer reward=tempest_fairness_ma_symetric cport=23400 agent=0 group=slot4_ep41 flow=1] started interval=20ms det=1 latent=8x8
[sao-listener] cport=23800 worker=/its/home/mm2350/extra/Olympusv2/olympus/algorithms/ma_dreamer/worker.py scan=20ms target_cc=astraea single_flow=1 no_state_pipe=1
[sao-listener] cport=23801 worker=/its/home/mm2350/extra/Olympusv2/olympus/algorithms/ma_dreamer/worker.py scan=20ms target_cc=astraea single_flow=1 no_state_pipe=1
[sao-listener] cport=23802 worker=/its/home/mm2350/extra/Olympusv2/olympus/algorithms/ma_dreamer/worker.py scan=20ms target_cc=astraea single_flow=1 no_state_pipe=1
[sao-listener] cport=23803 worker=/its/home/mm2350/extra/Olympusv2/olympus/algorithms/ma_dreamer/worker.py scan=20ms target_cc=astraea single_flow=1 no_state_pipe=1
[sao-listener] new flow 1 10.0.0.1:23300->10.0.0.5:5204 cc=astraea pid=297375 child=297935
[sao-listener] single-flow mode: attached worker; stopping ss scans
[sao-listener flow 1] cport=23300 cc=astraea worker active
[multi_ep_plot] saved -> /its/home/mm2350/extra/Olympusv2/benchmarks/benchmark_responsive_fairness/data/ma_dreamer_symmetrical/4_flows/run37/ep000037_bw97_d87_n4.pdf  return=1054194.3
[ep_plot] ep=37 -> /its/home/mm2350/extra/Olympusv2/benchmarks/benchmark_responsive_fairness/data/ma_dreamer_symmetrical/4_flows/run37/ep000037_bw97_d87_n4.pdf  return=1054194.328125
[orch] ep=37 sum-of-agents return=1054194.3
[responsive_fairness] slot=7 ma_dreamer_symmetrical flows=4 run=47
[responsive_fairness] ma_dreamer_symmetrical flows=4 run=37 done (87/200)
[sao-listener] cport=23600 worker=/its/home/mm2350/extra/Olympusv2/olympus/algorithms/ma_dreamer/worker.py scan=20ms target_cc=astraea single_flow=1 no_state_pipe=1
[sao-listener] cport=23601 worker=/its/home/mm2350/extra/Olympusv2/olympus/algorithms/ma_dreamer/worker.py scan=20ms target_cc=astraea single_flow=1 no_state_pipe=1
[slot=7] ep=47  flows=4  bw=55Mbps  delay=18ms  duration=345s  delays=[0.0, 15.0, 30.0, 45.0]  lifetimes=[345.0, 330.0, 315.0, 300.0]
[sao-listener] cport=23602 worker=/its/home/mm2350/extra/Olympusv2/olympus/algorithms/ma_dreamer/worker.py scan=20ms target_cc=astraea single_flow=1 no_state_pipe=1
[sao-listener] cport=23603 worker=/its/home/mm2350/extra/Olympusv2/olympus/algorithms/ma_dreamer/worker.py scan=20ms target_cc=astraea single_flow=1 no_state_pipe=1
[sao-listener] new flow 1 10.0.0.1:23500->10.0.0.5:5206 cc=astraea pid=296709 child=298408
[sao-listener] single-flow mode: attached worker; stopping ss scans
[sao-listener flow 1] cport=23500 cc=astraea worker active
[sao-listener] cport=23700 worker=/its/home/mm2350/extra/Olympusv2/olympus/algorithms/ma_dreamer/worker.py scan=20ms target_cc=astraea single_flow=1 no_state_pipe=1
[multi_ep_plot] saved -> /its/home/mm2350/extra/Olympusv2/benchmarks/benchmark_responsive_fairness/data/ma_dreamer_symmetrical/4_flows/run38/ep000038_bw91_d63_n4.pdf  return=1036239.5
[ep_plot] ep=38 -> /its/home/mm2350/extra/Olympusv2/benchmarks/benchmark_responsive_fairness/data/ma_dreamer_symmetrical/4_flows/run38/ep000038_bw91_d63_n4.pdf  return=1036239.5
[orch] ep=38 sum-of-agents return=1036239.5
[sao-listener] cport=23701 worker=/its/home/mm2350/extra/Olympusv2/olympus/algorithms/ma_dreamer/worker.py scan=20ms target_cc=astraea single_flow=1 no_state_pipe=1
[sao-listener] cport=23702 worker=/its/home/mm2350/extra/Olympusv2/olympus/algorithms/ma_dreamer/worker.py scan=20ms target_cc=astraea single_flow=1 no_state_pipe=1
[responsive_fairness] slot=2 ma_dreamer_symmetrical flows=4 run=48
[responsive_fairness] ma_dreamer_symmetrical flows=4 run=38 done (88/200)
[sao-listener] cport=23703 worker=/its/home/mm2350/extra/Olympusv2/olympus/algorithms/ma_dreamer/worker.py scan=20ms target_cc=astraea single_flow=1 no_state_pipe=1
[slot=2] ep=48  flows=4  bw=80Mbps  delay=50ms  duration=345s  delays=[0.0, 15.0, 30.0, 45.0]  lifetimes=[345.0, 330.0, 315.0, 300.0]
[sao-listener] new flow 1 10.0.0.1:23800->10.0.0.5:5209 cc=astraea pid=298105 child=299428
[sao-listener] single-flow mode: attached worker; stopping ss scans
[sao-listener flow 1] cport=23800 cc=astraea worker active
[worker cport=23300 agent=0] loaded checkpoint step=51200
[worker alg=ma_dreamer reward=tempest_fairness_ma_symetric cport=23300 agent=0 group=slot3_ep44 flow=1] started interval=20ms det=1 latent=8x8
[worker cport=23500 agent=0] loaded checkpoint step=51200
[worker alg=ma_dreamer reward=tempest_fairness_ma_symetric cport=23500 agent=0 group=slot5_ep43 flow=1] started interval=20ms det=1 latent=8x8
[multi_ep_plot] saved -> /its/home/mm2350/extra/Olympusv2/benchmarks/benchmark_responsive_fairness/data/ma_dreamer_symmetrical/4_flows/run39/ep000039_bw36_d43_n4.pdf  return=880607.1
[ep_plot] ep=39 -> /its/home/mm2350/extra/Olympusv2/benchmarks/benchmark_responsive_fairness/data/ma_dreamer_symmetrical/4_flows/run39/ep000039_bw36_d43_n4.pdf  return=880607.125
[orch] ep=39 sum-of-agents return=880607.1
[responsive_fairness] slot=0 ma_dreamer_symmetrical flows=4 run=49
[responsive_fairness] ma_dreamer_symmetrical flows=4 run=39 done (89/200)
[slot=0] ep=49  flows=4  bw=18Mbps  delay=54ms  duration=345s  delays=[0.0, 15.0, 30.0, 45.0]  lifetimes=[345.0, 330.0, 315.0, 300.0]
[sao-listener] cport=23200 worker=/its/home/mm2350/extra/Olympusv2/olympus/algorithms/ma_dreamer/worker.py scan=20ms target_cc=astraea single_flow=1 no_state_pipe=1
[sao-listener] cport=23201 worker=/its/home/mm2350/extra/Olympusv2/olympus/algorithms/ma_dreamer/worker.py scan=20ms target_cc=astraea single_flow=1 no_state_pipe=1
[sao-listener] cport=23202 worker=/its/home/mm2350/extra/Olympusv2/olympus/algorithms/ma_dreamer/worker.py scan=20ms target_cc=astraea single_flow=1 no_state_pipe=1
[sao-listener] cport=23203 worker=/its/home/mm2350/extra/Olympusv2/olympus/algorithms/ma_dreamer/worker.py scan=20ms target_cc=astraea single_flow=1 no_state_pipe=1
[sao-listener] new flow 1 10.0.0.1:23600->10.0.0.5:5207 cc=astraea pid=298919 child=300761
[sao-listener] single-flow mode: attached worker; stopping ss scans
[sao-listener flow 1] cport=23600 cc=astraea worker active
[multi_ep_plot] saved -> /its/home/mm2350/extra/Olympusv2/benchmarks/benchmark_responsive_fairness/data/ma_dreamer_symmetrical/4_flows/run40/ep000040_bw68_d84_n4.pdf  return=983346.5
[ep_plot] ep=40 -> /its/home/mm2350/extra/Olympusv2/benchmarks/benchmark_responsive_fairness/data/ma_dreamer_symmetrical/4_flows/run40/ep000040_bw68_d84_n4.pdf  return=983346.5
[orch] ep=40 sum-of-agents return=983346.5
[responsive_fairness] slot=1 ma_dreamer_symmetrical flows=4 run=50
[responsive_fairness] ma_dreamer_symmetrical flows=4 run=40 done (90/200)
[worker cport=23800 agent=0] loaded checkpoint step=51200
[worker alg=ma_dreamer reward=tempest_fairness_ma_symetric cport=23800 agent=0 group=slot8_ep45 flow=1] started interval=20ms det=1 latent=8x8
[slot=1] ep=50  flows=4  bw=73Mbps  delay=44ms  duration=345s  delays=[0.0, 15.0, 30.0, 45.0]  lifetimes=[345.0, 330.0, 315.0, 300.0]
[sao-listener] cport=23000 worker=/its/home/mm2350/extra/Olympusv2/olympus/algorithms/ma_dreamer/worker.py scan=20ms target_cc=astraea single_flow=1 no_state_pipe=1
[sao-listener] cport=23001 worker=/its/home/mm2350/extra/Olympusv2/olympus/algorithms/ma_dreamer/worker.py scan=20ms target_cc=astraea single_flow=1 no_state_pipe=1
[sao-listener] cport=23002 worker=/its/home/mm2350/extra/Olympusv2/olympus/algorithms/ma_dreamer/worker.py scan=20ms target_cc=astraea single_flow=1 no_state_pipe=1
[sao-listener] cport=23003 worker=/its/home/mm2350/extra/Olympusv2/olympus/algorithms/ma_dreamer/worker.py scan=20ms target_cc=astraea single_flow=1 no_state_pipe=1
[sao-listener] cport=23100 worker=/its/home/mm2350/extra/Olympusv2/olympus/algorithms/ma_dreamer/worker.py scan=20ms target_cc=astraea single_flow=1 no_state_pipe=1
[sao-listener] cport=23101 worker=/its/home/mm2350/extra/Olympusv2/olympus/algorithms/ma_dreamer/worker.py scan=20ms target_cc=astraea single_flow=1 no_state_pipe=1
[sao-listener] cport=23102 worker=/its/home/mm2350/extra/Olympusv2/olympus/algorithms/ma_dreamer/worker.py scan=20ms target_cc=astraea single_flow=1 no_state_pipe=1
[sao-listener] cport=23103 worker=/its/home/mm2350/extra/Olympusv2/olympus/algorithms/ma_dreamer/worker.py scan=20ms target_cc=astraea single_flow=1 no_state_pipe=1
[worker cport=23600 agent=0] loaded checkpoint step=51200
[worker alg=ma_dreamer reward=tempest_fairness_ma_symetric cport=23600 agent=0 group=slot6_ep46 flow=1] started interval=20ms det=1 latent=8x8
[sao-listener] new flow 1 10.0.0.1:23700->10.0.0.5:5208 cc=astraea pid=299924 child=302363
[sao-listener] single-flow mode: attached worker; stopping ss scans
[sao-listener flow 1] cport=23700 cc=astraea worker active
[worker cport=23700 agent=0] loaded checkpoint step=51200
[worker alg=ma_dreamer reward=tempest_fairness_ma_symetric cport=23700 agent=0 group=slot7_ep47 flow=1] started interval=20ms det=1 latent=8x8
[sao-listener] new flow 1 10.0.0.1:23200->10.0.0.5:5203 cc=astraea pid=301120 child=303358
[sao-listener] single-flow mode: attached worker; stopping ss scans
[sao-listener flow 1] cport=23200 cc=astraea worker active
[sao-listener] new flow 1 10.0.0.1:23000->10.0.0.5:5201 cc=astraea pid=301785 child=304080
[sao-listener] single-flow mode: attached worker; stopping ss scans
[sao-listener flow 1] cport=23000 cc=astraea worker active
[worker cport=23200 agent=0] loaded checkpoint step=51200
[worker alg=ma_dreamer reward=tempest_fairness_ma_symetric cport=23200 agent=0 group=slot2_ep48 flow=1] started interval=20ms det=1 latent=8x8
[sao-listener] new flow 1 10.0.0.1:23100->10.0.0.5:5202 cc=astraea pid=302503 child=304900
[sao-listener] single-flow mode: attached worker; stopping ss scans
[sao-listener flow 1] cport=23100 cc=astraea worker active
[worker cport=23000 agent=0] loaded checkpoint step=51200
[worker alg=ma_dreamer reward=tempest_fairness_ma_symetric cport=23000 agent=0 group=slot0_ep49 flow=1] started interval=20ms det=1 latent=8x8
[worker cport=23100 agent=0] loaded checkpoint step=51200
[worker alg=ma_dreamer reward=tempest_fairness_ma_symetric cport=23100 agent=0 group=slot1_ep50 flow=1] started interval=20ms det=1 latent=8x8
[orch] link change t=15.0s bw=39 delay=31
[orch] link change t=15.0s bw=13 delay=45
[sao-listener] new flow 1 10.0.0.2:23401->10.0.0.6:5205 cc=astraea pid=310981 child=311215
[sao-listener] single-flow mode: attached worker; stopping ss scans
[sao-listener flow 1] cport=23401 cc=astraea worker active
[orch] link change t=15.0s bw=99 delay=28
[worker cport=23401 agent=1] loaded checkpoint step=51200
[worker alg=ma_dreamer reward=tempest_fairness_ma_symetric cport=23401 agent=1 group=slot4_ep41 flow=1] started interval=20ms det=1 latent=8x8
[orch] link change t=15.0s bw=79 delay=99
[orch] link change t=15.0s bw=72 delay=42
[sao-listener] new flow 1 10.0.0.2:23901->10.0.0.6:5210 cc=astraea pid=311304 child=313215
[sao-listener] single-flow mode: attached worker; stopping ss scans
[sao-listener flow 1] cport=23901 cc=astraea worker active
[orch] link change t=15.0s bw=15 delay=85
[sao-listener] new flow 1 10.0.0.2:23301->10.0.0.6:5204 cc=astraea pid=312700 child=313627
[sao-listener] single-flow mode: attached worker; stopping ss scans
[sao-listener flow 1] cport=23301 cc=astraea worker active
[orch] link change t=15.0s bw=65 delay=80
[worker cport=23901 agent=1] loaded checkpoint step=51200
[worker alg=ma_dreamer reward=tempest_fairness_ma_symetric cport=23901 agent=1 group=slot9_ep42 flow=1] started interval=20ms det=1 latent=8x8
[sao-listener] new flow 1 10.0.0.2:23501->10.0.0.6:5206 cc=astraea pid=312215 child=314353
[sao-listener] single-flow mode: attached worker; stopping ss scans
[sao-listener flow 1] cport=23501 cc=astraea worker active
[worker cport=23301 agent=1] loaded checkpoint step=51200
[worker alg=ma_dreamer reward=tempest_fairness_ma_symetric cport=23301 agent=1 group=slot3_ep44 flow=1] started interval=20ms det=1 latent=8x8
[orch] link change t=15.0s bw=26 delay=81
[sao-listener] new flow 1 10.0.0.2:23701->10.0.0.6:5208 cc=astraea pid=314456 child=314938
[sao-listener] single-flow mode: attached worker; stopping ss scans
[sao-listener flow 1] cport=23701 cc=astraea worker active
[sao-listener] new flow 1 10.0.0.2:23801->10.0.0.6:5209 cc=astraea pid=313221 child=315024
[sao-listener] single-flow mode: attached worker; stopping ss scans
[sao-listener flow 1] cport=23801 cc=astraea worker active
[orch] link change t=15.0s bw=62 delay=24
[worker cport=23501 agent=1] loaded checkpoint step=51200
[worker alg=ma_dreamer reward=tempest_fairness_ma_symetric cport=23501 agent=1 group=slot5_ep43 flow=1] started interval=20ms det=1 latent=8x8
[orch] link change t=15.0s bw=56 delay=91
[worker cport=23801 agent=1] loaded checkpoint step=51200
[worker alg=ma_dreamer reward=tempest_fairness_ma_symetric cport=23801 agent=1 group=slot8_ep45 flow=1] started interval=20ms det=1 latent=8x8
[worker cport=23701 agent=1] loaded checkpoint step=51200
[worker alg=ma_dreamer reward=tempest_fairness_ma_symetric cport=23701 agent=1 group=slot7_ep47 flow=1] started interval=20ms det=1 latent=8x8
[sao-listener] new flow 1 10.0.0.2:23201->10.0.0.6:5203 cc=astraea pid=315170 child=316156
[sao-listener] single-flow mode: attached worker; stopping ss scans
[sao-listener flow 1] cport=23201 cc=astraea worker active
[sao-listener] new flow 1 10.0.0.2:23601->10.0.0.6:5207 cc=astraea pid=313813 child=316416
[sao-listener] single-flow mode: attached worker; stopping ss scans
[sao-listener flow 1] cport=23601 cc=astraea worker active
[worker cport=23201 agent=1] loaded checkpoint step=51200
[worker alg=ma_dreamer reward=tempest_fairness_ma_symetric cport=23201 agent=1 group=slot2_ep48 flow=1] started interval=20ms det=1 latent=8x8
[sao-listener] new flow 1 10.0.0.2:23001->10.0.0.6:5201 cc=astraea pid=315590 child=316895
[sao-listener] single-flow mode: attached worker; stopping ss scans
[sao-listener flow 1] cport=23001 cc=astraea worker active
[worker cport=23601 agent=1] loaded checkpoint step=51200
[worker alg=ma_dreamer reward=tempest_fairness_ma_symetric cport=23601 agent=1 group=slot6_ep46 flow=1] started interval=20ms det=1 latent=8x8
[sao-listener] new flow 1 10.0.0.2:23101->10.0.0.6:5202 cc=astraea pid=316158 child=317441
[sao-listener] single-flow mode: attached worker; stopping ss scans
[sao-listener flow 1] cport=23101 cc=astraea worker active
[worker cport=23001 agent=1] loaded checkpoint step=51200
[worker alg=ma_dreamer reward=tempest_fairness_ma_symetric cport=23001 agent=1 group=slot0_ep49 flow=1] started interval=20ms det=1 latent=8x8
[worker cport=23101 agent=1] loaded checkpoint step=51200
[worker alg=ma_dreamer reward=tempest_fairness_ma_symetric cport=23101 agent=1 group=slot1_ep50 flow=1] started interval=20ms det=1 latent=8x8
[orch] link change t=30.0s bw=59 delay=83
[orch] link change t=30.0s bw=41 delay=38
[orch] link change t=30.0s bw=69 delay=57
[orch] link change t=30.0s bw=24 delay=32
[sao-listener] new flow 1 10.0.0.3:23902->10.0.0.7:5210 cc=astraea pid=322622 child=323288
[sao-listener] single-flow mode: attached worker; stopping ss scans
[sao-listener flow 1] cport=23902 cc=astraea worker active
[orch] link change t=30.0s bw=20 delay=48
[sao-listener] new flow 1 10.0.0.3:23402->10.0.0.7:5205 cc=astraea pid=322434 child=323630
[sao-listener] single-flow mode: attached worker; stopping ss scans
[sao-listener flow 1] cport=23402 cc=astraea worker active
[worker cport=23902 agent=2] loaded checkpoint step=51200
[worker alg=ma_dreamer reward=tempest_fairness_ma_symetric cport=23902 agent=2 group=slot9_ep42 flow=1] started interval=20ms det=1 latent=8x8
[sao-listener] new flow 1 10.0.0.3:23502->10.0.0.7:5206 cc=astraea pid=323204 child=324022
[sao-listener] single-flow mode: attached worker; stopping ss scans
[sao-listener flow 1] cport=23502 cc=astraea worker active
[orch] link change t=30.0s bw=85 delay=39
[worker cport=23402 agent=2] loaded checkpoint step=51200
[worker alg=ma_dreamer reward=tempest_fairness_ma_symetric cport=23402 agent=2 group=slot4_ep41 flow=1] started interval=20ms det=1 latent=8x8
[sao-listener] new flow 1 10.0.0.3:23802->10.0.0.7:5209 cc=astraea pid=323996 child=324352
[sao-listener] single-flow mode: attached worker; stopping ss scans
[sao-listener flow 1] cport=23802 cc=astraea worker active
[orch] link change t=30.0s bw=68 delay=83
[worker cport=23502 agent=2] loaded checkpoint step=51200
[worker alg=ma_dreamer reward=tempest_fairness_ma_symetric cport=23502 agent=2 group=slot5_ep43 flow=1] started interval=20ms det=1 latent=8x8
[worker cport=23802 agent=2] loaded checkpoint step=51200
[worker alg=ma_dreamer reward=tempest_fairness_ma_symetric cport=23802 agent=2 group=slot8_ep45 flow=1] started interval=20ms det=1 latent=8x8
[orch] link change t=30.0s bw=78 delay=48
[sao-listener] new flow 1 10.0.0.3:23302->10.0.0.7:5204 cc=astraea pid=323572 child=325239
[sao-listener] single-flow mode: attached worker; stopping ss scans
[sao-listener flow 1] cport=23302 cc=astraea worker active
[sao-listener] new flow 1 10.0.0.3:23602->10.0.0.7:5207 cc=astraea pid=324449 child=325317
[sao-listener] single-flow mode: attached worker; stopping ss scans
[sao-listener flow 1] cport=23602 cc=astraea worker active
[orch] link change t=30.0s bw=51 delay=80
[orch] link change t=30.0s bw=41 delay=98
[worker cport=23302 agent=2] loaded checkpoint step=51200
[worker alg=ma_dreamer reward=tempest_fairness_ma_symetric cport=23302 agent=2 group=slot3_ep44 flow=1] started interval=20ms det=1 latent=8x8
[worker cport=23602 agent=2] loaded checkpoint step=51200
[worker alg=ma_dreamer reward=tempest_fairness_ma_symetric cport=23602 agent=2 group=slot6_ep46 flow=1] started interval=20ms det=1 latent=8x8
[sao-listener] new flow 1 10.0.0.3:23702->10.0.0.7:5208 cc=astraea pid=324896 child=326047
[sao-listener] single-flow mode: attached worker; stopping ss scans
[sao-listener flow 1] cport=23702 cc=astraea worker active
[worker cport=23702 agent=2] loaded checkpoint step=51200
[worker alg=ma_dreamer reward=tempest_fairness_ma_symetric cport=23702 agent=2 group=slot7_ep47 flow=1] started interval=20ms det=1 latent=8x8
[sao-listener] new flow 1 10.0.0.3:23202->10.0.0.7:5203 cc=astraea pid=325323 child=326654
[sao-listener] single-flow mode: attached worker; stopping ss scans
[sao-listener flow 1] cport=23202 cc=astraea worker active
[sao-listener] new flow 1 10.0.0.3:23002->10.0.0.7:5201 cc=astraea pid=325606 child=326957
[sao-listener] single-flow mode: attached worker; stopping ss scans
[sao-listener flow 1] cport=23002 cc=astraea worker active
[worker cport=23202 agent=2] loaded checkpoint step=51200
[worker alg=ma_dreamer reward=tempest_fairness_ma_symetric cport=23202 agent=2 group=slot2_ep48 flow=1] started interval=20ms det=1 latent=8x8
[sao-listener] new flow 1 10.0.0.3:23102->10.0.0.7:5202 cc=astraea pid=326020 child=327296
[sao-listener] single-flow mode: attached worker; stopping ss scans
[sao-listener flow 1] cport=23102 cc=astraea worker active
[worker cport=23002 agent=2] loaded checkpoint step=51200
[worker alg=ma_dreamer reward=tempest_fairness_ma_symetric cport=23002 agent=2 group=slot0_ep49 flow=1] started interval=20ms det=1 latent=8x8
[worker cport=23102 agent=2] loaded checkpoint step=51200
[worker alg=ma_dreamer reward=tempest_fairness_ma_symetric cport=23102 agent=2 group=slot1_ep50 flow=1] started interval=20ms det=1 latent=8x8
[orch] link change t=45.0s bw=98 delay=46
[orch] link change t=45.0s bw=27 delay=23
[orch] link change t=45.0s bw=95 delay=99
[orch] link change t=45.0s bw=58 delay=38
[orch] link change t=45.0s bw=53 delay=12
[sao-listener] new flow 1 10.0.0.4:23903->10.0.0.8:5210 cc=astraea pid=329679 child=330284
[sao-listener] single-flow mode: attached worker; stopping ss scans
[sao-listener flow 1] cport=23903 cc=astraea worker active
[orch] link change t=45.0s bw=91 delay=76
[sao-listener] new flow 1 10.0.0.4:23303->10.0.0.8:5204 cc=astraea pid=330149 child=330465
[sao-listener] single-flow mode: attached worker; stopping ss scans
[sao-listener flow 1] cport=23303 cc=astraea worker active
[sao-listener] new flow 1 10.0.0.4:23403->10.0.0.8:5205 cc=astraea pid=329579 child=330544
[sao-listener] single-flow mode: attached worker; stopping ss scans
[sao-listener flow 1] cport=23403 cc=astraea worker active
[orch] link change t=45.0s bw=53 delay=42
[worker cport=23903 agent=3] loaded checkpoint step=51200
[worker alg=ma_dreamer reward=tempest_fairness_ma_symetric cport=23903 agent=3 group=slot9_ep42 flow=1] started interval=20ms det=1 latent=8x8
[sao-listener] new flow 1 10.0.0.4:23503->10.0.0.8:5206 cc=astraea pid=329988 child=330766
[sao-listener] single-flow mode: attached worker; stopping ss scans
[sao-listener flow 1] cport=23503 cc=astraea worker active
[worker cport=23303 agent=3] loaded checkpoint step=51200
[worker alg=ma_dreamer reward=tempest_fairness_ma_symetric cport=23303 agent=3 group=slot3_ep44 flow=1] started interval=20ms det=1 latent=8x8
[worker cport=23403 agent=3] loaded checkpoint step=51200
[worker alg=ma_dreamer reward=tempest_fairness_ma_symetric cport=23403 agent=3 group=slot4_ep41 flow=1] started interval=20ms det=1 latent=8x8
[orch] link change t=45.0s bw=74 delay=34
[sao-listener] new flow 1 10.0.0.4:23803->10.0.0.8:5209 cc=astraea pid=330370 child=330997
[sao-listener] single-flow mode: attached worker; stopping ss scans
[sao-listener flow 1] cport=23803 cc=astraea worker active
[orch] link change t=45.0s bw=75 delay=16
[worker cport=23503 agent=3] loaded checkpoint step=51200
[worker alg=ma_dreamer reward=tempest_fairness_ma_symetric cport=23503 agent=3 group=slot5_ep43 flow=1] started interval=20ms det=1 latent=8x8
[worker cport=23803 agent=3] loaded checkpoint step=51200
[worker alg=ma_dreamer reward=tempest_fairness_ma_symetric cport=23803 agent=3 group=slot8_ep45 flow=1] started interval=20ms det=1 latent=8x8
[orch] link change t=45.0s bw=70 delay=52
[sao-listener] new flow 1 10.0.0.4:23203->10.0.0.8:5203 cc=astraea pid=331159 child=331326
[sao-listener] single-flow mode: attached worker; stopping ss scans
[sao-listener flow 1] cport=23203 cc=astraea worker active
[sao-listener] new flow 1 10.0.0.4:23603->10.0.0.8:5207 cc=astraea pid=330620 child=331451
[sao-listener] single-flow mode: attached worker; stopping ss scans
[sao-listener flow 1] cport=23603 cc=astraea worker active
[sao-listener] new flow 1 10.0.0.4:23003->10.0.0.8:5201 cc=astraea pid=331282 child=331580
[sao-listener] single-flow mode: attached worker; stopping ss scans
[sao-listener flow 1] cport=23003 cc=astraea worker active
[worker cport=23203 agent=3] loaded checkpoint step=51200
[worker alg=ma_dreamer reward=tempest_fairness_ma_symetric cport=23203 agent=3 group=slot2_ep48 flow=1] started interval=20ms det=1 latent=8x8
[worker cport=23603 agent=3] loaded checkpoint step=51200
[worker alg=ma_dreamer reward=tempest_fairness_ma_symetric cport=23603 agent=3 group=slot6_ep46 flow=1] started interval=20ms det=1 latent=8x8
[sao-listener] new flow 1 10.0.0.4:23703->10.0.0.8:5208 cc=astraea pid=330895 child=331716
[sao-listener] single-flow mode: attached worker; stopping ss scans
[sao-listener flow 1] cport=23703 cc=astraea worker active
[worker cport=23003 agent=3] loaded checkpoint step=51200
[worker alg=ma_dreamer reward=tempest_fairness_ma_symetric cport=23003 agent=3 group=slot0_ep49 flow=1] started interval=20ms det=1 latent=8x8
[sao-listener] new flow 1 10.0.0.4:23103->10.0.0.8:5202 cc=astraea pid=331426 child=331828
[sao-listener] single-flow mode: attached worker; stopping ss scans
[sao-listener flow 1] cport=23103 cc=astraea worker active
[worker cport=23703 agent=3] loaded checkpoint step=51200
[worker alg=ma_dreamer reward=tempest_fairness_ma_symetric cport=23703 agent=3 group=slot7_ep47 flow=1] started interval=20ms det=1 latent=8x8
[worker cport=23103 agent=3] loaded checkpoint step=51200
[worker alg=ma_dreamer reward=tempest_fairness_ma_symetric cport=23103 agent=3 group=slot1_ep50 flow=1] started interval=20ms det=1 latent=8x8
[orch] link change t=60.0s bw=80 delay=45
[orch] link change t=60.0s bw=96 delay=79
[orch] link change t=60.0s bw=22 delay=68
[orch] link change t=60.0s bw=47 delay=13
[orch] link change t=60.0s bw=19 delay=71
[orch] link change t=60.0s bw=29 delay=84
[orch] link change t=60.0s bw=75 delay=59
[orch] link change t=60.0s bw=65 delay=31
[orch] link change t=60.0s bw=97 delay=15
[orch] link change t=60.0s bw=20 delay=78
[orch] link change t=75.0s bw=59 delay=83
[orch] link change t=75.0s bw=21 delay=85
[orch] link change t=75.0s bw=86 delay=73
[orch] link change t=75.0s bw=38 delay=24
[orch] link change t=75.0s bw=11 delay=24
[orch] link change t=75.0s bw=78 delay=14
[orch] link change t=75.0s bw=60 delay=88
[orch] link change t=75.0s bw=29 delay=94
[orch] link change t=75.0s bw=45 delay=29
[orch] link change t=75.0s bw=50 delay=38
[orch] link change t=90.0s bw=11 delay=41
[orch] link change t=90.0s bw=64 delay=14
[orch] link change t=90.0s bw=87 delay=12
[orch] link change t=90.0s bw=82 delay=11
[orch] link change t=90.0s bw=46 delay=25
[orch] link change t=90.0s bw=13 delay=18
[orch] link change t=90.0s bw=15 delay=63
[orch] link change t=90.0s bw=23 delay=73
[orch] link change t=90.0s bw=68 delay=15
[orch] link change t=90.0s bw=96 delay=81
[orch] link change t=105.0s bw=94 delay=12
[orch] link change t=105.0s bw=13 delay=21
[orch] link change t=105.0s bw=75 delay=65
[orch] link change t=105.0s bw=22 delay=30
[orch] link change t=105.0s bw=49 delay=93
[orch] link change t=105.0s bw=50 delay=90
[orch] link change t=105.0s bw=94 delay=13
[orch] link change t=105.0s bw=93 delay=38
[orch] link change t=105.0s bw=90 delay=79
[orch] link change t=105.0s bw=20 delay=29
[orch] link change t=120.0s bw=66 delay=29
[orch] link change t=120.0s bw=37 delay=39
[orch] link change t=120.0s bw=83 delay=57
[orch] link change t=120.0s bw=75 delay=98
[orch] link change t=120.0s bw=14 delay=89
[orch] link change t=120.0s bw=16 delay=13
[orch] link change t=120.0s bw=23 delay=10
[orch] link change t=120.0s bw=37 delay=75
[orch] link change t=120.0s bw=74 delay=38
[orch] link change t=120.0s bw=54 delay=22
[orch] link change t=135.0s bw=29 delay=50
[orch] link change t=135.0s bw=74 delay=87
[orch] link change t=135.0s bw=89 delay=80
[orch] link change t=135.0s bw=48 delay=98
[orch] link change t=135.0s bw=18 delay=27
[orch] link change t=135.0s bw=27 delay=80
[orch] link change t=135.0s bw=43 delay=71
[orch] link change t=135.0s bw=81 delay=75
[orch] link change t=135.0s bw=87 delay=46
[orch] link change t=135.0s bw=54 delay=50
[orch] link change t=150.0s bw=31 delay=42
[orch] link change t=150.0s bw=13 delay=81
[orch] link change t=150.0s bw=65 delay=60
[orch] link change t=150.0s bw=91 delay=58
[orch] link change t=150.0s bw=44 delay=29
[orch] link change t=150.0s bw=47 delay=77
[orch] link change t=150.0s bw=79 delay=11
[orch] link change t=150.0s bw=29 delay=70
[orch] link change t=150.0s bw=83 delay=57
[orch] link change t=150.0s bw=38 delay=34
[orch] link change t=165.0s bw=93 delay=98
[orch] link change t=165.0s bw=35 delay=93
[orch] link change t=165.0s bw=32 delay=17
[orch] link change t=165.0s bw=85 delay=61
[orch] link change t=165.0s bw=37 delay=64
[orch] link change t=165.0s bw=52 delay=21
[orch] link change t=165.0s bw=50 delay=82
[orch] link change t=165.0s bw=37 delay=13
[orch] link change t=165.0s bw=61 delay=13
[orch] link change t=165.0s bw=18 delay=52
[orch] link change t=180.0s bw=89 delay=84
[orch] link change t=180.0s bw=99 delay=79
[orch] link change t=180.0s bw=23 delay=25
[orch] link change t=180.0s bw=98 delay=95
[orch] link change t=180.0s bw=19 delay=88
[orch] link change t=180.0s bw=60 delay=100
[orch] link change t=180.0s bw=64 delay=39
[orch] link change t=180.0s bw=19 delay=64
[orch] link change t=180.0s bw=41 delay=27
[orch] link change t=180.0s bw=87 delay=87
[orch] link change t=195.0s bw=17 delay=25
[orch] link change t=195.0s bw=63 delay=38
[orch] link change t=195.0s bw=58 delay=29
[orch] link change t=195.0s bw=51 delay=55
[orch] link change t=195.0s bw=62 delay=28
[orch] link change t=195.0s bw=71 delay=56
[orch] link change t=195.0s bw=40 delay=76
[orch] link change t=195.0s bw=18 delay=26
[orch] link change t=195.0s bw=22 delay=64
[orch] link change t=195.0s bw=64 delay=91
[orch] link change t=210.0s bw=85 delay=14
[orch] link change t=210.0s bw=67 delay=85
[orch] link change t=210.0s bw=22 delay=30
[orch] link change t=210.0s bw=19 delay=53
[orch] link change t=210.0s bw=99 delay=17
[orch] link change t=210.0s bw=29 delay=70
[orch] link change t=210.0s bw=75 delay=55
[orch] link change t=210.0s bw=73 delay=96
[orch] link change t=210.0s bw=58 delay=51
[orch] link change t=210.0s bw=21 delay=18
[orch] link change t=225.0s bw=65 delay=46
[orch] link change t=225.0s bw=45 delay=10
[orch] link change t=225.0s bw=75 delay=73
[orch] link change t=225.0s bw=46 delay=89
[orch] link change t=225.0s bw=14 delay=32
[orch] link change t=225.0s bw=69 delay=19
[orch] link change t=225.0s bw=66 delay=40
[orch] link change t=225.0s bw=30 delay=26
[orch] link change t=225.0s bw=55 delay=44
[orch] link change t=225.0s bw=98 delay=87
[orch] link change t=240.0s bw=37 delay=19
[orch] link change t=240.0s bw=30 delay=99
[orch] link change t=240.0s bw=26 delay=59
[orch] link change t=240.0s bw=30 delay=24
[orch] link change t=240.0s bw=51 delay=42
[orch] link change t=240.0s bw=68 delay=99
[orch] link change t=240.0s bw=14 delay=81
[orch] link change t=240.0s bw=17 delay=99
[orch] link change t=240.0s bw=93 delay=61
[orch] link change t=240.0s bw=52 delay=98
[orch] link change t=255.0s bw=56 delay=70
[orch] link change t=255.0s bw=64 delay=53
[orch] link change t=255.0s bw=86 delay=74
[orch] link change t=255.0s bw=75 delay=18
[orch] link change t=255.0s bw=55 delay=50
[orch] link change t=255.0s bw=79 delay=89
[orch] link change t=255.0s bw=57 delay=98
[orch] link change t=255.0s bw=80 delay=47
[orch] link change t=255.0s bw=88 delay=89
[orch] link change t=255.0s bw=92 delay=65
[orch] link change t=270.0s bw=26 delay=81
[orch] link change t=270.0s bw=45 delay=29
[orch] link change t=270.0s bw=44 delay=83
[orch] link change t=270.0s bw=85 delay=22
[orch] link change t=270.0s bw=22 delay=62
[orch] link change t=270.0s bw=24 delay=65
[orch] link change t=270.0s bw=55 delay=86
[orch] link change t=270.0s bw=53 delay=99
[orch] link change t=270.0s bw=16 delay=94
[orch] link change t=270.0s bw=10 delay=39
[orch] link change t=285.0s bw=95 delay=12
[orch] link change t=285.0s bw=37 delay=53
[orch] link change t=285.0s bw=33 delay=58
[orch] link change t=285.0s bw=44 delay=50
[orch] link change t=285.0s bw=21 delay=12
[orch] link change t=285.0s bw=38 delay=53
[orch] link change t=285.0s bw=53 delay=81
[orch] link change t=285.0s bw=53 delay=22
[orch] link change t=285.0s bw=62 delay=98
[orch] link change t=285.0s bw=53 delay=44
[orch] link change t=300.0s bw=25 delay=22
[orch] link change t=300.0s bw=23 delay=21
[orch] link change t=300.0s bw=18 delay=16
[orch] link change t=300.0s bw=23 delay=90
[orch] link change t=300.0s bw=52 delay=50
[orch] link change t=300.0s bw=74 delay=66
[orch] link change t=300.0s bw=83 delay=35
[orch] link change t=300.0s bw=40 delay=44
[orch] link change t=300.0s bw=79 delay=88
[orch] link change t=300.0s bw=65 delay=99
[orch] link change t=315.0s bw=28 delay=98
[orch] link change t=315.0s bw=58 delay=22
[orch] link change t=315.0s bw=84 delay=17
[orch] link change t=315.0s bw=47 delay=14
[orch] link change t=315.0s bw=59 delay=99
[orch] link change t=315.0s bw=45 delay=29
[orch] link change t=315.0s bw=40 delay=14
[orch] link change t=315.0s bw=43 delay=92
[orch] link change t=315.0s bw=36 delay=93
[orch] link change t=315.0s bw=23 delay=35
[orch] link change t=330.0s bw=32 delay=16
[orch] link change t=330.0s bw=55 delay=54
[orch] link change t=330.0s bw=33 delay=17
[orch] link change t=330.0s bw=54 delay=59
[orch] link change t=330.0s bw=77 delay=94
[orch] link change t=330.0s bw=23 delay=86
[orch] link change t=330.0s bw=26 delay=52
[orch] link change t=330.0s bw=11 delay=83
[orch] link change t=330.0s bw=18 delay=82
[orch] link change t=330.0s bw=66 delay=44
[multi_ep_plot] saved -> /its/home/mm2350/extra/Olympusv2/benchmarks/benchmark_responsive_fairness/data/ma_dreamer_symmetrical/4_flows/run41/ep000041_bw58_d52_n4.pdf  return=1090612.4
[ep_plot] ep=41 -> /its/home/mm2350/extra/Olympusv2/benchmarks/benchmark_responsive_fairness/data/ma_dreamer_symmetrical/4_flows/run41/ep000041_bw58_d52_n4.pdf  return=1090612.359375
[orch] ep=41 sum-of-agents return=1090612.4
[responsive_fairness] slot=4 ma_dreamer_symmetrical flows=5 run=1
[responsive_fairness] ma_dreamer_symmetrical flows=4 run=41 done (91/200)
[slot=4] ep=1  flows=5  bw=27Mbps  delay=82ms  duration=345s  delays=[0.0, 11.2, 22.5, 33.8, 45.0]  lifetimes=[345.0, 333.8, 322.5, 311.2, 300.0]
[multi_ep_plot] saved -> /its/home/mm2350/extra/Olympusv2/benchmarks/benchmark_responsive_fairness/data/ma_dreamer_symmetrical/4_flows/run42/ep000042_bw91_d24_n4.pdf  return=1040935.8
[ep_plot] ep=42 -> /its/home/mm2350/extra/Olympusv2/benchmarks/benchmark_responsive_fairness/data/ma_dreamer_symmetrical/4_flows/run42/ep000042_bw91_d24_n4.pdf  return=1040935.78125
[orch] ep=42 sum-of-agents return=1040935.8
[responsive_fairness] slot=9 ma_dreamer_symmetrical flows=5 run=2
[responsive_fairness] ma_dreamer_symmetrical flows=4 run=42 done (92/200)
[slot=9] ep=2  flows=5  bw=17Mbps  delay=21ms  duration=345s  delays=[0.0, 11.2, 22.5, 33.8, 45.0]  lifetimes=[345.0, 333.8, 322.5, 311.2, 300.0]
[sao-listener] cport=23400 worker=/its/home/mm2350/extra/Olympusv2/olympus/algorithms/ma_dreamer/worker.py scan=20ms target_cc=astraea single_flow=1 no_state_pipe=1
[sao-listener] cport=23401 worker=/its/home/mm2350/extra/Olympusv2/olympus/algorithms/ma_dreamer/worker.py scan=20ms target_cc=astraea single_flow=1 no_state_pipe=1
[sao-listener] cport=23402 worker=/its/home/mm2350/extra/Olympusv2/olympus/algorithms/ma_dreamer/worker.py scan=20ms target_cc=astraea single_flow=1 no_state_pipe=1
[sao-listener] cport=23403 worker=/its/home/mm2350/extra/Olympusv2/olympus/algorithms/ma_dreamer/worker.py scan=20ms target_cc=astraea single_flow=1 no_state_pipe=1
[sao-listener] cport=23404 worker=/its/home/mm2350/extra/Olympusv2/olympus/algorithms/ma_dreamer/worker.py scan=20ms target_cc=astraea single_flow=1 no_state_pipe=1
[multi_ep_plot] saved -> /its/home/mm2350/extra/Olympusv2/benchmarks/benchmark_responsive_fairness/data/ma_dreamer_symmetrical/4_flows/run43/ep000043_bw14_d46_n4.pdf  return=1043837.2
[ep_plot] ep=43 -> /its/home/mm2350/extra/Olympusv2/benchmarks/benchmark_responsive_fairness/data/ma_dreamer_symmetrical/4_flows/run43/ep000043_bw14_d46_n4.pdf  return=1043837.234375
[orch] ep=43 sum-of-agents return=1043837.2
[responsive_fairness] slot=5 ma_dreamer_symmetrical flows=5 run=3
[responsive_fairness] ma_dreamer_symmetrical flows=4 run=43 done (93/200)
[sao-listener] cport=23900 worker=/its/home/mm2350/extra/Olympusv2/olympus/algorithms/ma_dreamer/worker.py scan=20ms target_cc=astraea single_flow=1 no_state_pipe=1
[slot=5] ep=3  flows=5  bw=40Mbps  delay=85ms  duration=345s  delays=[0.0, 11.2, 22.5, 33.8, 45.0]  lifetimes=[345.0, 333.8, 322.5, 311.2, 300.0]
[sao-listener] cport=23901 worker=/its/home/mm2350/extra/Olympusv2/olympus/algorithms/ma_dreamer/worker.py scan=20ms target_cc=astraea single_flow=1 no_state_pipe=1
[sao-listener] cport=23902 worker=/its/home/mm2350/extra/Olympusv2/olympus/algorithms/ma_dreamer/worker.py scan=20ms target_cc=astraea single_flow=1 no_state_pipe=1
[sao-listener] cport=23903 worker=/its/home/mm2350/extra/Olympusv2/olympus/algorithms/ma_dreamer/worker.py scan=20ms target_cc=astraea single_flow=1 no_state_pipe=1
[sao-listener] cport=23904 worker=/its/home/mm2350/extra/Olympusv2/olympus/algorithms/ma_dreamer/worker.py scan=20ms target_cc=astraea single_flow=1 no_state_pipe=1
[multi_ep_plot] saved -> /its/home/mm2350/extra/Olympusv2/benchmarks/benchmark_responsive_fairness/data/ma_dreamer_symmetrical/4_flows/run44/ep000044_bw62_d76_n4.pdf  return=1064669.5
[ep_plot] ep=44 -> /its/home/mm2350/extra/Olympusv2/benchmarks/benchmark_responsive_fairness/data/ma_dreamer_symmetrical/4_flows/run44/ep000044_bw62_d76_n4.pdf  return=1064669.484375
[orch] ep=44 sum-of-agents return=1064669.5
[responsive_fairness] slot=3 ma_dreamer_symmetrical flows=5 run=4
[responsive_fairness] ma_dreamer_symmetrical flows=4 run=44 done (94/200)
[slot=3] ep=4  flows=5  bw=40Mbps  delay=48ms  duration=345s  delays=[0.0, 11.2, 22.5, 33.8, 45.0]  lifetimes=[345.0, 333.8, 322.5, 311.2, 300.0]
[sao-listener] cport=23500 worker=/its/home/mm2350/extra/Olympusv2/olympus/algorithms/ma_dreamer/worker.py scan=20ms target_cc=astraea single_flow=1 no_state_pipe=1
[sao-listener] cport=23501 worker=/its/home/mm2350/extra/Olympusv2/olympus/algorithms/ma_dreamer/worker.py scan=20ms target_cc=astraea single_flow=1 no_state_pipe=1
[sao-listener] cport=23502 worker=/its/home/mm2350/extra/Olympusv2/olympus/algorithms/ma_dreamer/worker.py scan=20ms target_cc=astraea single_flow=1 no_state_pipe=1
[sao-listener] cport=23503 worker=/its/home/mm2350/extra/Olympusv2/olympus/algorithms/ma_dreamer/worker.py scan=20ms target_cc=astraea single_flow=1 no_state_pipe=1
[sao-listener] cport=23504 worker=/its/home/mm2350/extra/Olympusv2/olympus/algorithms/ma_dreamer/worker.py scan=20ms target_cc=astraea single_flow=1 no_state_pipe=1
[multi_ep_plot] saved -> /its/home/mm2350/extra/Olympusv2/benchmarks/benchmark_responsive_fairness/data/ma_dreamer_symmetrical/4_flows/run45/ep000045_bw44_d63_n4.pdf  return=971456.3
[ep_plot] ep=45 -> /its/home/mm2350/extra/Olympusv2/benchmarks/benchmark_responsive_fairness/data/ma_dreamer_symmetrical/4_flows/run45/ep000045_bw44_d63_n4.pdf  return=971456.34375
[orch] ep=45 sum-of-agents return=971456.3
[responsive_fairness] slot=8 ma_dreamer_symmetrical flows=5 run=5
[responsive_fairness] ma_dreamer_symmetrical flows=4 run=45 done (95/200)
[slot=8] ep=5  flows=5  bw=89Mbps  delay=42ms  duration=345s  delays=[0.0, 11.2, 22.5, 33.8, 45.0]  lifetimes=[345.0, 333.8, 322.5, 311.2, 300.0]
[sao-listener] cport=23300 worker=/its/home/mm2350/extra/Olympusv2/olympus/algorithms/ma_dreamer/worker.py scan=20ms target_cc=astraea single_flow=1 no_state_pipe=1
[sao-listener] cport=23301 worker=/its/home/mm2350/extra/Olympusv2/olympus/algorithms/ma_dreamer/worker.py scan=20ms target_cc=astraea single_flow=1 no_state_pipe=1
[sao-listener] new flow 1 10.0.0.1:23900->10.0.0.6:5210 cc=astraea pid=335724 child=336883
[sao-listener] single-flow mode: attached worker; stopping ss scans
[sao-listener flow 1] cport=23900 cc=astraea worker active
[sao-listener] cport=23302 worker=/its/home/mm2350/extra/Olympusv2/olympus/algorithms/ma_dreamer/worker.py scan=20ms target_cc=astraea single_flow=1 no_state_pipe=1
[sao-listener] cport=23303 worker=/its/home/mm2350/extra/Olympusv2/olympus/algorithms/ma_dreamer/worker.py scan=20ms target_cc=astraea single_flow=1 no_state_pipe=1
[sao-listener] cport=23304 worker=/its/home/mm2350/extra/Olympusv2/olympus/algorithms/ma_dreamer/worker.py scan=20ms target_cc=astraea single_flow=1 no_state_pipe=1
[sao-listener] new flow 1 10.0.0.1:23400->10.0.0.6:5205 cc=astraea pid=335334 child=337178
[sao-listener] single-flow mode: attached worker; stopping ss scans
[sao-listener flow 1] cport=23400 cc=astraea worker active
[multi_ep_plot] saved -> /its/home/mm2350/extra/Olympusv2/benchmarks/benchmark_responsive_fairness/data/ma_dreamer_symmetrical/4_flows/run46/ep000046_bw19_d61_n4.pdf  return=983837.2
[ep_plot] ep=46 -> /its/home/mm2350/extra/Olympusv2/benchmarks/benchmark_responsive_fairness/data/ma_dreamer_symmetrical/4_flows/run46/ep000046_bw19_d61_n4.pdf  return=983837.15625
[orch] ep=46 sum-of-agents return=983837.2
[responsive_fairness] slot=6 ma_dreamer_symmetrical flows=5 run=6
[responsive_fairness] ma_dreamer_symmetrical flows=4 run=46 done (96/200)
[slot=6] ep=6  flows=5  bw=83Mbps  delay=20ms  duration=345s  delays=[0.0, 11.2, 22.5, 33.8, 45.0]  lifetimes=[345.0, 333.8, 322.5, 311.2, 300.0]
[sao-listener] cport=23800 worker=/its/home/mm2350/extra/Olympusv2/olympus/algorithms/ma_dreamer/worker.py scan=20ms target_cc=astraea single_flow=1 no_state_pipe=1
[sao-listener] cport=23801 worker=/its/home/mm2350/extra/Olympusv2/olympus/algorithms/ma_dreamer/worker.py scan=20ms target_cc=astraea single_flow=1 no_state_pipe=1
[sao-listener] cport=23802 worker=/its/home/mm2350/extra/Olympusv2/olympus/algorithms/ma_dreamer/worker.py scan=20ms target_cc=astraea single_flow=1 no_state_pipe=1
[sao-listener] cport=23803 worker=/its/home/mm2350/extra/Olympusv2/olympus/algorithms/ma_dreamer/worker.py scan=20ms target_cc=astraea single_flow=1 no_state_pipe=1
[sao-listener] cport=23804 worker=/its/home/mm2350/extra/Olympusv2/olympus/algorithms/ma_dreamer/worker.py scan=20ms target_cc=astraea single_flow=1 no_state_pipe=1
[worker cport=23900 agent=0] loaded checkpoint step=51200
[worker alg=ma_dreamer reward=tempest_fairness_ma_symetric cport=23900 agent=0 group=slot9_ep2 flow=1] started interval=20ms det=1 latent=8x8
[sao-listener] new flow 1 10.0.0.1:23300->10.0.0.6:5204 cc=astraea pid=337504 child=338630
[sao-listener] single-flow mode: attached worker; stopping ss scans
[sao-listener flow 1] cport=23300 cc=astraea worker active
[multi_ep_plot] saved -> /its/home/mm2350/extra/Olympusv2/benchmarks/benchmark_responsive_fairness/data/ma_dreamer_symmetrical/4_flows/run47/ep000047_bw55_d18_n4.pdf  return=1017053.8
[ep_plot] ep=47 -> /its/home/mm2350/extra/Olympusv2/benchmarks/benchmark_responsive_fairness/data/ma_dreamer_symmetrical/4_flows/run47/ep000047_bw55_d18_n4.pdf  return=1017053.75
[orch] ep=47 sum-of-agents return=1017053.8
[worker cport=23400 agent=0] loaded checkpoint step=51200
[worker alg=ma_dreamer reward=tempest_fairness_ma_symetric cport=23400 agent=0 group=slot4_ep1 flow=1] started interval=20ms det=1 latent=8x8
[responsive_fairness] slot=7 ma_dreamer_symmetrical flows=5 run=7
[responsive_fairness] ma_dreamer_symmetrical flows=4 run=47 done (97/200)
[slot=7] ep=7  flows=5  bw=51Mbps  delay=29ms  duration=345s  delays=[0.0, 11.2, 22.5, 33.8, 45.0]  lifetimes=[345.0, 333.8, 322.5, 311.2, 300.0]
[sao-listener] cport=23600 worker=/its/home/mm2350/extra/Olympusv2/olympus/algorithms/ma_dreamer/worker.py scan=20ms target_cc=astraea single_flow=1 no_state_pipe=1
[sao-listener] cport=23601 worker=/its/home/mm2350/extra/Olympusv2/olympus/algorithms/ma_dreamer/worker.py scan=20ms target_cc=astraea single_flow=1 no_state_pipe=1
[sao-listener] cport=23602 worker=/its/home/mm2350/extra/Olympusv2/olympus/algorithms/ma_dreamer/worker.py scan=20ms target_cc=astraea single_flow=1 no_state_pipe=1
[sao-listener] cport=23603 worker=/its/home/mm2350/extra/Olympusv2/olympus/algorithms/ma_dreamer/worker.py scan=20ms target_cc=astraea single_flow=1 no_state_pipe=1
[sao-listener] cport=23604 worker=/its/home/mm2350/extra/Olympusv2/olympus/algorithms/ma_dreamer/worker.py scan=20ms target_cc=astraea single_flow=1 no_state_pipe=1
[sao-listener] new flow 1 10.0.0.1:23500->10.0.0.6:5206 cc=astraea pid=336866 child=339390
[sao-listener] single-flow mode: attached worker; stopping ss scans
[sao-listener flow 1] cport=23500 cc=astraea worker active
[multi_ep_plot] saved -> /its/home/mm2350/extra/Olympusv2/benchmarks/benchmark_responsive_fairness/data/ma_dreamer_symmetrical/4_flows/run48/ep000048_bw80_d50_n4.pdf  return=942640.8
[ep_plot] ep=48 -> /its/home/mm2350/extra/Olympusv2/benchmarks/benchmark_responsive_fairness/data/ma_dreamer_symmetrical/4_flows/run48/ep000048_bw80_d50_n4.pdf  return=942640.84375
[orch] ep=48 sum-of-agents return=942640.8
[responsive_fairness] slot=2 ma_dreamer_symmetrical flows=5 run=8
[responsive_fairness] ma_dreamer_symmetrical flows=4 run=48 done (98/200)
[slot=2] ep=8  flows=5  bw=39Mbps  delay=57ms  duration=345s  delays=[0.0, 11.2, 22.5, 33.8, 45.0]  lifetimes=[345.0, 333.8, 322.5, 311.2, 300.0]
[sao-listener] cport=23700 worker=/its/home/mm2350/extra/Olympusv2/olympus/algorithms/ma_dreamer/worker.py scan=20ms target_cc=astraea single_flow=1 no_state_pipe=1
[sao-listener] cport=23701 worker=/its/home/mm2350/extra/Olympusv2/olympus/algorithms/ma_dreamer/worker.py scan=20ms target_cc=astraea single_flow=1 no_state_pipe=1
[sao-listener] cport=23702 worker=/its/home/mm2350/extra/Olympusv2/olympus/algorithms/ma_dreamer/worker.py scan=20ms target_cc=astraea single_flow=1 no_state_pipe=1
[worker cport=23300 agent=0] loaded checkpoint step=51200
[worker alg=ma_dreamer reward=tempest_fairness_ma_symetric cport=23300 agent=0 group=slot3_ep4 flow=1] started interval=20ms det=1 latent=8x8
[sao-listener] cport=23703 worker=/its/home/mm2350/extra/Olympusv2/olympus/algorithms/ma_dreamer/worker.py scan=20ms target_cc=astraea single_flow=1 no_state_pipe=1
[sao-listener] cport=23704 worker=/its/home/mm2350/extra/Olympusv2/olympus/algorithms/ma_dreamer/worker.py scan=20ms target_cc=astraea single_flow=1 no_state_pipe=1
[sao-listener] new flow 1 10.0.0.1:23800->10.0.0.6:5209 cc=astraea pid=338649 child=340520
[sao-listener] single-flow mode: attached worker; stopping ss scans
[sao-listener flow 1] cport=23800 cc=astraea worker active
[multi_ep_plot] saved -> /its/home/mm2350/extra/Olympusv2/benchmarks/benchmark_responsive_fairness/data/ma_dreamer_symmetrical/4_flows/run49/ep000049_bw18_d54_n4.pdf  return=1121829.1
[ep_plot] ep=49 -> /its/home/mm2350/extra/Olympusv2/benchmarks/benchmark_responsive_fairness/data/ma_dreamer_symmetrical/4_flows/run49/ep000049_bw18_d54_n4.pdf  return=1121829.09375
[orch] ep=49 sum-of-agents return=1121829.1
[responsive_fairness] slot=0 ma_dreamer_symmetrical flows=5 run=9
[responsive_fairness] ma_dreamer_symmetrical flows=4 run=49 done (99/200)
[slot=0] ep=9  flows=5  bw=69Mbps  delay=88ms  duration=345s  delays=[0.0, 11.2, 22.5, 33.8, 45.0]  lifetimes=[345.0, 333.8, 322.5, 311.2, 300.0]
[worker cport=23500 agent=0] loaded checkpoint step=51200
[worker alg=ma_dreamer reward=tempest_fairness_ma_symetric cport=23500 agent=0 group=slot5_ep3 flow=1] started interval=20ms det=1 latent=8x8
[sao-listener] cport=23200 worker=/its/home/mm2350/extra/Olympusv2/olympus/algorithms/ma_dreamer/worker.py scan=20ms target_cc=astraea single_flow=1 no_state_pipe=1
[sao-listener] cport=23201 worker=/its/home/mm2350/extra/Olympusv2/olympus/algorithms/ma_dreamer/worker.py scan=20ms target_cc=astraea single_flow=1 no_state_pipe=1
[sao-listener] cport=23202 worker=/its/home/mm2350/extra/Olympusv2/olympus/algorithms/ma_dreamer/worker.py scan=20ms target_cc=astraea single_flow=1 no_state_pipe=1
[sao-listener] cport=23203 worker=/its/home/mm2350/extra/Olympusv2/olympus/algorithms/ma_dreamer/worker.py scan=20ms target_cc=astraea single_flow=1 no_state_pipe=1
[sao-listener] cport=23204 worker=/its/home/mm2350/extra/Olympusv2/olympus/algorithms/ma_dreamer/worker.py scan=20ms target_cc=astraea single_flow=1 no_state_pipe=1
[worker cport=23800 agent=0] loaded checkpoint step=51200
[worker alg=ma_dreamer reward=tempest_fairness_ma_symetric cport=23800 agent=0 group=slot8_ep5 flow=1] started interval=20ms det=1 latent=8x8
[multi_ep_plot] saved -> /its/home/mm2350/extra/Olympusv2/benchmarks/benchmark_responsive_fairness/data/ma_dreamer_symmetrical/4_flows/run50/ep000050_bw73_d44_n4.pdf  return=953417.0
[ep_plot] ep=50 -> /its/home/mm2350/extra/Olympusv2/benchmarks/benchmark_responsive_fairness/data/ma_dreamer_symmetrical/4_flows/run50/ep000050_bw73_d44_n4.pdf  return=953416.953125
[orch] ep=50 sum-of-agents return=953417.0
[responsive_fairness] slot=1 ma_dreamer_symmetrical flows=5 run=10
[responsive_fairness] ma_dreamer_symmetrical flows=4 run=50 done (100/200)
[slot=1] ep=10  flows=5  bw=83Mbps  delay=14ms  duration=345s  delays=[0.0, 11.2, 22.5, 33.8, 45.0]  lifetimes=[345.0, 333.8, 322.5, 311.2, 300.0]
[sao-listener] cport=23000 worker=/its/home/mm2350/extra/Olympusv2/olympus/algorithms/ma_dreamer/worker.py scan=20ms target_cc=astraea single_flow=1 no_state_pipe=1
[sao-listener] cport=23001 worker=/its/home/mm2350/extra/Olympusv2/olympus/algorithms/ma_dreamer/worker.py scan=20ms target_cc=astraea single_flow=1 no_state_pipe=1
[sao-listener] cport=23002 worker=/its/home/mm2350/extra/Olympusv2/olympus/algorithms/ma_dreamer/worker.py scan=20ms target_cc=astraea single_flow=1 no_state_pipe=1
[sao-listener] cport=23003 worker=/its/home/mm2350/extra/Olympusv2/olympus/algorithms/ma_dreamer/worker.py scan=20ms target_cc=astraea single_flow=1 no_state_pipe=1
[sao-listener] cport=23004 worker=/its/home/mm2350/extra/Olympusv2/olympus/algorithms/ma_dreamer/worker.py scan=20ms target_cc=astraea single_flow=1 no_state_pipe=1
[sao-listener] new flow 1 10.0.0.1:23600->10.0.0.6:5207 cc=astraea pid=339705 child=342688
[sao-listener] single-flow mode: attached worker; stopping ss scans
[sao-listener flow 1] cport=23600 cc=astraea worker active
[sao-listener] cport=23100 worker=/its/home/mm2350/extra/Olympusv2/olympus/algorithms/ma_dreamer/worker.py scan=20ms target_cc=astraea single_flow=1 no_state_pipe=1
[sao-listener] cport=23101 worker=/its/home/mm2350/extra/Olympusv2/olympus/algorithms/ma_dreamer/worker.py scan=20ms target_cc=astraea single_flow=1 no_state_pipe=1
[sao-listener] cport=23102 worker=/its/home/mm2350/extra/Olympusv2/olympus/algorithms/ma_dreamer/worker.py scan=20ms target_cc=astraea single_flow=1 no_state_pipe=1
[sao-listener] cport=23103 worker=/its/home/mm2350/extra/Olympusv2/olympus/algorithms/ma_dreamer/worker.py scan=20ms target_cc=astraea single_flow=1 no_state_pipe=1
[sao-listener] cport=23104 worker=/its/home/mm2350/extra/Olympusv2/olympus/algorithms/ma_dreamer/worker.py scan=20ms target_cc=astraea single_flow=1 no_state_pipe=1
[worker cport=23600 agent=0] loaded checkpoint step=51200
[worker alg=ma_dreamer reward=tempest_fairness_ma_symetric cport=23600 agent=0 group=slot6_ep6 flow=1] started interval=20ms det=1 latent=8x8
[sao-listener] new flow 1 10.0.0.1:23700->10.0.0.6:5208 cc=astraea pid=340939 child=344496
[sao-listener] single-flow mode: attached worker; stopping ss scans
[sao-listener flow 1] cport=23700 cc=astraea worker active
[worker cport=23700 agent=0] loaded checkpoint step=51200
[worker alg=ma_dreamer reward=tempest_fairness_ma_symetric cport=23700 agent=0 group=slot7_ep7 flow=1] started interval=20ms det=1 latent=8x8
[sao-listener] new flow 1 10.0.0.1:23200->10.0.0.6:5203 cc=astraea pid=342284 child=345806
[sao-listener] single-flow mode: attached worker; stopping ss scans
[sao-listener flow 1] cport=23200 cc=astraea worker active
[worker cport=23200 agent=0] loaded checkpoint step=51200
[worker alg=ma_dreamer reward=tempest_fairness_ma_symetric cport=23200 agent=0 group=slot2_ep8 flow=1] started interval=20ms det=1 latent=8x8
[sao-listener] new flow 1 10.0.0.1:23000->10.0.0.6:5201 cc=astraea pid=343100 child=346844
[sao-listener] single-flow mode: attached worker; stopping ss scans
[sao-listener flow 1] cport=23000 cc=astraea worker active
[worker cport=23000 agent=0] loaded checkpoint step=51200
[worker alg=ma_dreamer reward=tempest_fairness_ma_symetric cport=23000 agent=0 group=slot0_ep9 flow=1] started interval=20ms det=1 latent=8x8
[sao-listener] new flow 1 10.0.0.1:23100->10.0.0.6:5202 cc=astraea pid=344337 child=348176
[sao-listener] single-flow mode: attached worker; stopping ss scans
[sao-listener flow 1] cport=23100 cc=astraea worker active
[worker cport=23100 agent=0] loaded checkpoint step=51200
[worker alg=ma_dreamer reward=tempest_fairness_ma_symetric cport=23100 agent=0 group=slot1_ep10 flow=1] started interval=20ms det=1 latent=8x8
[sao-listener] new flow 1 10.0.0.2:23401->10.0.0.7:5205 cc=astraea pid=348747 child=349747
[sao-listener] single-flow mode: attached worker; stopping ss scans
[sao-listener flow 1] cport=23401 cc=astraea worker active
[worker cport=23401 agent=1] loaded checkpoint step=51200
[worker alg=ma_dreamer reward=tempest_fairness_ma_symetric cport=23401 agent=1 group=slot4_ep1 flow=1] started interval=20ms det=1 latent=8x8
[orch] link change t=15.0s bw=18 delay=42
[sao-listener] new flow 1 10.0.0.2:23501->10.0.0.7:5206 cc=astraea pid=350012 child=352352
[sao-listener] single-flow mode: attached worker; stopping ss scans
[sao-listener flow 1] cport=23501 cc=astraea worker active
[orch] link change t=15.0s bw=20 delay=56
[sao-listener] new flow 1 10.0.0.2:23901->10.0.0.7:5210 cc=astraea pid=349271 child=352608
[sao-listener] single-flow mode: attached worker; stopping ss scans
[sao-listener flow 1] cport=23901 cc=astraea worker active
[sao-listener] new flow 1 10.0.0.2:23801->10.0.0.7:5209 cc=astraea pid=351358 child=352735
[sao-listener] single-flow mode: attached worker; stopping ss scans
[sao-listener flow 1] cport=23801 cc=astraea worker active
[orch] link change t=15.0s bw=79 delay=26
[worker cport=23501 agent=1] loaded checkpoint step=51200
[worker alg=ma_dreamer reward=tempest_fairness_ma_symetric cport=23501 agent=1 group=slot5_ep3 flow=1] started interval=20ms det=1 latent=8x8
[worker cport=23801 agent=1] loaded checkpoint step=51200
[worker alg=ma_dreamer reward=tempest_fairness_ma_symetric cport=23801 agent=1 group=slot8_ep5 flow=1] started interval=20ms det=1 latent=8x8
[orch] link change t=15.0s bw=23 delay=60
[worker cport=23901 agent=1] loaded checkpoint step=51200
[worker alg=ma_dreamer reward=tempest_fairness_ma_symetric cport=23901 agent=1 group=slot9_ep2 flow=1] started interval=20ms det=1 latent=8x8
[sao-listener] new flow 1 10.0.0.2:23201->10.0.0.7:5203 cc=astraea pid=353908 child=354231
[sao-listener] single-flow mode: attached worker; stopping ss scans
[sao-listener flow 1] cport=23201 cc=astraea worker active
[orch] link change t=15.0s bw=55 delay=98
[sao-listener] new flow 1 10.0.0.2:23301->10.0.0.7:5204 cc=astraea pid=350581 child=354777
[sao-listener] single-flow mode: attached worker; stopping ss scans
[sao-listener flow 1] cport=23301 cc=astraea worker active
[sao-listener] new flow 1 10.0.0.2:23601->10.0.0.7:5207 cc=astraea pid=352051 child=355005
[sao-listener] single-flow mode: attached worker; stopping ss scans
[sao-listener flow 1] cport=23601 cc=astraea worker active
[sao-listener] new flow 1 10.0.0.2:23001->10.0.0.7:5201 cc=astraea pid=354526 child=355297
[sao-listener] single-flow mode: attached worker; stopping ss scans
[sao-listener flow 1] cport=23001 cc=astraea worker active
[worker cport=23201 agent=1] loaded checkpoint step=51200
[worker alg=ma_dreamer reward=tempest_fairness_ma_symetric cport=23201 agent=1 group=slot2_ep8 flow=1] started interval=20ms det=1 latent=8x8
[orch] link change t=15.0s bw=72 delay=43
[worker cport=23301 agent=1] loaded checkpoint step=51200
[worker alg=ma_dreamer reward=tempest_fairness_ma_symetric cport=23301 agent=1 group=slot3_ep4 flow=1] started interval=20ms det=1 latent=8x8
[worker cport=23601 agent=1] loaded checkpoint step=51200
[worker alg=ma_dreamer reward=tempest_fairness_ma_symetric cport=23601 agent=1 group=slot6_ep6 flow=1] started interval=20ms det=1 latent=8x8
[orch] link change t=15.0s bw=60 delay=93
[worker cport=23001 agent=1] loaded checkpoint step=51200
[worker alg=ma_dreamer reward=tempest_fairness_ma_symetric cport=23001 agent=1 group=slot0_ep9 flow=1] started interval=20ms det=1 latent=8x8
[sao-listener] new flow 1 10.0.0.2:23701->10.0.0.7:5208 cc=astraea pid=352975 child=356521
[sao-listener] single-flow mode: attached worker; stopping ss scans
[sao-listener flow 1] cport=23701 cc=astraea worker active
[sao-listener] new flow 1 10.0.0.2:23101->10.0.0.7:5202 cc=astraea pid=355579 child=356621
[sao-listener] single-flow mode: attached worker; stopping ss scans
[sao-listener flow 1] cport=23101 cc=astraea worker active
[orch] link change t=15.0s bw=58 delay=26
[worker cport=23701 agent=1] loaded checkpoint step=51200
[worker alg=ma_dreamer reward=tempest_fairness_ma_symetric cport=23701 agent=1 group=slot7_ep7 flow=1] started interval=20ms det=1 latent=8x8
[worker cport=23101 agent=1] loaded checkpoint step=51200
[worker alg=ma_dreamer reward=tempest_fairness_ma_symetric cport=23101 agent=1 group=slot1_ep10 flow=1] started interval=20ms det=1 latent=8x8
[orch] link change t=15.0s bw=57 delay=44
[orch] link change t=15.0s bw=64 delay=71
[sao-listener] new flow 1 10.0.0.3:23402->10.0.0.8:5205 cc=astraea pid=359762 child=361491
[sao-listener] single-flow mode: attached worker; stopping ss scans
[sao-listener flow 1] cport=23402 cc=astraea worker active
[sao-listener] new flow 1 10.0.0.3:23302->10.0.0.8:5204 cc=astraea pid=361227 child=361924
[sao-listener] single-flow mode: attached worker; stopping ss scans
[sao-listener flow 1] cport=23302 cc=astraea worker active
[worker cport=23402 agent=2] loaded checkpoint step=51200
[worker alg=ma_dreamer reward=tempest_fairness_ma_symetric cport=23402 agent=2 group=slot4_ep1 flow=1] started interval=20ms det=1 latent=8x8
[worker cport=23302 agent=2] loaded checkpoint step=51200
[worker alg=ma_dreamer reward=tempest_fairness_ma_symetric cport=23302 agent=2 group=slot3_ep4 flow=1] started interval=20ms det=1 latent=8x8
[sao-listener] new flow 1 10.0.0.3:23502->10.0.0.8:5206 cc=astraea pid=360760 child=363323
[sao-listener] single-flow mode: attached worker; stopping ss scans
[sao-listener flow 1] cport=23502 cc=astraea worker active
[sao-listener] new flow 1 10.0.0.3:23902->10.0.0.8:5210 cc=astraea pid=360165 child=363495
[sao-listener] single-flow mode: attached worker; stopping ss scans
[sao-listener flow 1] cport=23902 cc=astraea worker active
[sao-listener] new flow 1 10.0.0.3:23802->10.0.0.8:5209 cc=astraea pid=361894 child=363613
[sao-listener] single-flow mode: attached worker; stopping ss scans
[sao-listener flow 1] cport=23802 cc=astraea worker active
[worker cport=23502 agent=2] loaded checkpoint step=51200
[worker alg=ma_dreamer reward=tempest_fairness_ma_symetric cport=23502 agent=2 group=slot5_ep3 flow=1] started interval=20ms det=1 latent=8x8
[worker cport=23902 agent=2] loaded checkpoint step=51200
[worker alg=ma_dreamer reward=tempest_fairness_ma_symetric cport=23902 agent=2 group=slot9_ep2 flow=1] started interval=20ms det=1 latent=8x8
[worker cport=23802 agent=2] loaded checkpoint step=51200
[worker alg=ma_dreamer reward=tempest_fairness_ma_symetric cport=23802 agent=2 group=slot8_ep5 flow=1] started interval=20ms det=1 latent=8x8
[sao-listener] new flow 1 10.0.0.3:23202->10.0.0.8:5203 cc=astraea pid=363947 child=364609
[sao-listener] single-flow mode: attached worker; stopping ss scans
[sao-listener flow 1] cport=23202 cc=astraea worker active
[sao-listener] new flow 1 10.0.0.3:23602->10.0.0.8:5207 cc=astraea pid=362536 child=365062
[sao-listener] single-flow mode: attached worker; stopping ss scans
[sao-listener flow 1] cport=23602 cc=astraea worker active
[sao-listener] new flow 1 10.0.0.3:23002->10.0.0.8:5201 cc=astraea pid=364520 child=365178
[sao-listener] single-flow mode: attached worker; stopping ss scans
[sao-listener flow 1] cport=23002 cc=astraea worker active
[worker cport=23202 agent=2] loaded checkpoint step=51200
[worker alg=ma_dreamer reward=tempest_fairness_ma_symetric cport=23202 agent=2 group=slot2_ep8 flow=1] started interval=20ms det=1 latent=8x8
[orch] link change t=30.0s bw=25 delay=73
[worker cport=23602 agent=2] loaded checkpoint step=51200
[worker alg=ma_dreamer reward=tempest_fairness_ma_symetric cport=23602 agent=2 group=slot6_ep6 flow=1] started interval=20ms det=1 latent=8x8
[worker cport=23002 agent=2] loaded checkpoint step=51200
[worker alg=ma_dreamer reward=tempest_fairness_ma_symetric cport=23002 agent=2 group=slot0_ep9 flow=1] started interval=20ms det=1 latent=8x8
[orch] link change t=30.0s bw=31 delay=95
[sao-listener] new flow 1 10.0.0.3:23702->10.0.0.8:5208 cc=astraea pid=363224 child=366185
[sao-listener] single-flow mode: attached worker; stopping ss scans
[sao-listener flow 1] cport=23702 cc=astraea worker active
[sao-listener] new flow 1 10.0.0.3:23102->10.0.0.8:5202 cc=astraea pid=365305 child=366324
[sao-listener] single-flow mode: attached worker; stopping ss scans
[sao-listener flow 1] cport=23102 cc=astraea worker active
[orch] link change t=30.0s bw=57 delay=87
[worker cport=23702 agent=2] loaded checkpoint step=51200
[worker alg=ma_dreamer reward=tempest_fairness_ma_symetric cport=23702 agent=2 group=slot7_ep7 flow=1] started interval=20ms det=1 latent=8x8
[orch] link change t=30.0s bw=71 delay=29
[worker cport=23102 agent=2] loaded checkpoint step=51200
[worker alg=ma_dreamer reward=tempest_fairness_ma_symetric cport=23102 agent=2 group=slot1_ep10 flow=1] started interval=20ms det=1 latent=8x8
[orch] link change t=30.0s bw=93 delay=77
[orch] link change t=30.0s bw=14 delay=10
[orch] link change t=30.0s bw=16 delay=19
[orch] link change t=30.0s bw=34 delay=100
[orch] link change t=30.0s bw=27 delay=33
[orch] link change t=30.0s bw=83 delay=11
[sao-listener] new flow 1 10.0.0.4:23403->10.0.0.9:5205 cc=astraea pid=368348 child=369667
[sao-listener] single-flow mode: attached worker; stopping ss scans
[sao-listener flow 1] cport=23403 cc=astraea worker active
[sao-listener] new flow 1 10.0.0.4:23303->10.0.0.9:5204 cc=astraea pid=369334 child=369797
[sao-listener] single-flow mode: attached worker; stopping ss scans
[sao-listener flow 1] cport=23303 cc=astraea worker active
[worker cport=23403 agent=3] loaded checkpoint step=51200
[worker alg=ma_dreamer reward=tempest_fairness_ma_symetric cport=23403 agent=3 group=slot4_ep1 flow=1] started interval=20ms det=1 latent=8x8
[worker cport=23303 agent=3] loaded checkpoint step=51200
[worker alg=ma_dreamer reward=tempest_fairness_ma_symetric cport=23303 agent=3 group=slot3_ep4 flow=1] started interval=20ms det=1 latent=8x8
[sao-listener] new flow 1 10.0.0.4:23503->10.0.0.9:5206 cc=astraea pid=369012 child=370933
[sao-listener] single-flow mode: attached worker; stopping ss scans
[sao-listener flow 1] cport=23503 cc=astraea worker active
[sao-listener] new flow 1 10.0.0.4:23903->10.0.0.9:5210 cc=astraea pid=368617 child=371072
[sao-listener] single-flow mode: attached worker; stopping ss scans
[sao-listener flow 1] cport=23903 cc=astraea worker active
[sao-listener] new flow 1 10.0.0.4:23803->10.0.0.9:5209 cc=astraea pid=369858 child=371211
[sao-listener] single-flow mode: attached worker; stopping ss scans
[sao-listener flow 1] cport=23803 cc=astraea worker active
[worker cport=23503 agent=3] loaded checkpoint step=51200
[worker alg=ma_dreamer reward=tempest_fairness_ma_symetric cport=23503 agent=3 group=slot5_ep3 flow=1] started interval=20ms det=1 latent=8x8
[worker cport=23903 agent=3] loaded checkpoint step=51200
[worker alg=ma_dreamer reward=tempest_fairness_ma_symetric cport=23903 agent=3 group=slot9_ep2 flow=1] started interval=20ms det=1 latent=8x8
[worker cport=23803 agent=3] loaded checkpoint step=51200
[worker alg=ma_dreamer reward=tempest_fairness_ma_symetric cport=23803 agent=3 group=slot8_ep5 flow=1] started interval=20ms det=1 latent=8x8
[sao-listener] new flow 1 10.0.0.4:23603->10.0.0.9:5207 cc=astraea pid=370267 child=371977
[sao-listener] single-flow mode: attached worker; stopping ss scans
[sao-listener flow 1] cport=23603 cc=astraea worker active
[sao-listener] new flow 1 10.0.0.4:23003->10.0.0.9:5201 cc=astraea pid=371674 child=372222
[sao-listener] single-flow mode: attached worker; stopping ss scans
[sao-listener flow 1] cport=23003 cc=astraea worker active
[worker cport=23603 agent=3] loaded checkpoint step=51200
[worker alg=ma_dreamer reward=tempest_fairness_ma_symetric cport=23603 agent=3 group=slot6_ep6 flow=1] started interval=20ms det=1 latent=8x8
[sao-listener] new flow 1 10.0.0.4:23703->10.0.0.9:5208 cc=astraea pid=370736 child=372678
[sao-listener] single-flow mode: attached worker; stopping ss scans
[sao-listener flow 1] cport=23703 cc=astraea worker active
[worker cport=23003 agent=3] loaded checkpoint step=51200
[worker alg=ma_dreamer reward=tempest_fairness_ma_symetric cport=23003 agent=3 group=slot0_ep9 flow=1] started interval=20ms det=1 latent=8x8
[sao-listener] new flow 1 10.0.0.4:23103->10.0.0.9:5202 cc=astraea pid=372185 child=372884
[sao-listener] single-flow mode: attached worker; stopping ss scans
[sao-listener flow 1] cport=23103 cc=astraea worker active
[worker cport=23703 agent=3] loaded checkpoint step=51200
[worker alg=ma_dreamer reward=tempest_fairness_ma_symetric cport=23703 agent=3 group=slot7_ep7 flow=1] started interval=20ms det=1 latent=8x8
[worker cport=23103 agent=3] loaded checkpoint step=51200
[worker alg=ma_dreamer reward=tempest_fairness_ma_symetric cport=23103 agent=3 group=slot1_ep10 flow=1] started interval=20ms det=1 latent=8x8
[sao-listener] new flow 1 10.0.0.4:23203->10.0.0.9:5203 cc=astraea pid=371295 child=373385
[sao-listener] single-flow mode: attached worker; stopping ss scans
[sao-listener flow 1] cport=23203 cc=astraea worker active
[worker cport=23203 agent=3] loaded checkpoint step=51200
[worker alg=ma_dreamer reward=tempest_fairness_ma_symetric cport=23203 agent=3 group=slot2_ep8 flow=1] started interval=20ms det=1 latent=8x8
[orch] link change t=45.0s bw=67 delay=70
[orch] link change t=45.0s bw=49 delay=42
[orch] link change t=45.0s bw=70 delay=90
[orch] link change t=45.0s bw=21 delay=18
[sao-listener] new flow 1 10.0.0.5:23404->10.0.0.10:5205 cc=astraea pid=374082 child=374692
[sao-listener] single-flow mode: attached worker; stopping ss scans
[sao-listener flow 1] cport=23404 cc=astraea worker active
[orch] link change t=45.0s bw=13 delay=69
[sao-listener] new flow 1 10.0.0.5:23304->10.0.0.10:5204 cc=astraea pid=374671 child=374866
[sao-listener] single-flow mode: attached worker; stopping ss scans
[sao-listener flow 1] cport=23304 cc=astraea worker active
[orch] link change t=45.0s bw=28 delay=94
[worker cport=23404 agent=4] loaded checkpoint step=51200
[worker alg=ma_dreamer reward=tempest_fairness_ma_symetric cport=23404 agent=4 group=slot4_ep1 flow=1] started interval=20ms det=1 latent=8x8
[worker cport=23304 agent=4] loaded checkpoint step=51200
[worker alg=ma_dreamer reward=tempest_fairness_ma_symetric cport=23304 agent=4 group=slot3_ep4 flow=1] started interval=20ms det=1 latent=8x8
[orch] link change t=45.0s bw=78 delay=22
[orch] link change t=45.0s bw=15 delay=20
[sao-listener] new flow 1 10.0.0.5:23904->10.0.0.10:5210 cc=astraea pid=374263 child=375458
[sao-listener] single-flow mode: attached worker; stopping ss scans
[sao-listener flow 1] cport=23904 cc=astraea worker active
[sao-listener] new flow 1 10.0.0.5:23504->10.0.0.10:5206 cc=astraea pid=374511 child=375538
[sao-listener] single-flow mode: attached worker; stopping ss scans
[sao-listener flow 1] cport=23504 cc=astraea worker active
[sao-listener] new flow 1 10.0.0.5:23804->10.0.0.10:5209 cc=astraea pid=374953 child=375606
[sao-listener] single-flow mode: attached worker; stopping ss scans
[sao-listener flow 1] cport=23804 cc=astraea worker active
[orch] link change t=45.0s bw=96 delay=10
[worker cport=23904 agent=4] loaded checkpoint step=51200
[worker alg=ma_dreamer reward=tempest_fairness_ma_symetric cport=23904 agent=4 group=slot9_ep2 flow=1] started interval=20ms det=1 latent=8x8
[worker cport=23504 agent=4] loaded checkpoint step=51200
[worker alg=ma_dreamer reward=tempest_fairness_ma_symetric cport=23504 agent=4 group=slot5_ep3 flow=1] started interval=20ms det=1 latent=8x8
[worker cport=23804 agent=4] loaded checkpoint step=51200
[worker alg=ma_dreamer reward=tempest_fairness_ma_symetric cport=23804 agent=4 group=slot8_ep5 flow=1] started interval=20ms det=1 latent=8x8
[orch] link change t=45.0s bw=36 delay=69
[sao-listener] new flow 1 10.0.0.5:23604->10.0.0.10:5207 cc=astraea pid=375213 child=376016
[sao-listener] single-flow mode: attached worker; stopping ss scans
[sao-listener flow 1] cport=23604 cc=astraea worker active
[sao-listener] new flow 1 10.0.0.5:23004->10.0.0.10:5201 cc=astraea pid=375924 child=376103
[sao-listener] single-flow mode: attached worker; stopping ss scans
[sao-listener flow 1] cport=23004 cc=astraea worker active
[worker cport=23604 agent=4] loaded checkpoint step=51200
[worker alg=ma_dreamer reward=tempest_fairness_ma_symetric cport=23604 agent=4 group=slot6_ep6 flow=1] started interval=20ms det=1 latent=8x8
[worker cport=23004 agent=4] loaded checkpoint step=51200
[worker alg=ma_dreamer reward=tempest_fairness_ma_symetric cport=23004 agent=4 group=slot0_ep9 flow=1] started interval=20ms det=1 latent=8x8
[sao-listener] new flow 1 10.0.0.5:23704->10.0.0.10:5208 cc=astraea pid=375393 child=376350
[sao-listener] single-flow mode: attached worker; stopping ss scans
[sao-listener flow 1] cport=23704 cc=astraea worker active
[sao-listener] new flow 1 10.0.0.5:23104->10.0.0.10:5202 cc=astraea pid=376101 child=376405
[sao-listener] single-flow mode: attached worker; stopping ss scans
[sao-listener flow 1] cport=23104 cc=astraea worker active
[worker cport=23704 agent=4] loaded checkpoint step=51200
[worker alg=ma_dreamer reward=tempest_fairness_ma_symetric cport=23704 agent=4 group=slot7_ep7 flow=1] started interval=20ms det=1 latent=8x8
[worker cport=23104 agent=4] loaded checkpoint step=51200
[worker alg=ma_dreamer reward=tempest_fairness_ma_symetric cport=23104 agent=4 group=slot1_ep10 flow=1] started interval=20ms det=1 latent=8x8
[sao-listener] new flow 1 10.0.0.5:23204->10.0.0.10:5203 cc=astraea pid=375692 child=376584
[sao-listener] single-flow mode: attached worker; stopping ss scans
[sao-listener flow 1] cport=23204 cc=astraea worker active
[worker cport=23204 agent=4] loaded checkpoint step=51200
[worker alg=ma_dreamer reward=tempest_fairness_ma_symetric cport=23204 agent=4 group=slot2_ep8 flow=1] started interval=20ms det=1 latent=8x8
[orch] link change t=60.0s bw=93 delay=58
[orch] link change t=60.0s bw=87 delay=37
[orch] link change t=60.0s bw=84 delay=18
[orch] link change t=60.0s bw=12 delay=61
[orch] link change t=60.0s bw=41 delay=93
[orch] link change t=60.0s bw=85 delay=70
[orch] link change t=60.0s bw=56 delay=84
[orch] link change t=60.0s bw=27 delay=41
[orch] link change t=60.0s bw=53 delay=74
[orch] link change t=60.0s bw=72 delay=45
[orch] link change t=75.0s bw=36 delay=22
[orch] link change t=75.0s bw=87 delay=14
[orch] link change t=75.0s bw=87 delay=11
[orch] link change t=75.0s bw=80 delay=47
[orch] link change t=75.0s bw=16 delay=30
[orch] link change t=75.0s bw=57 delay=50
[orch] link change t=75.0s bw=17 delay=74
[orch] link change t=75.0s bw=74 delay=36
[orch] link change t=75.0s bw=69 delay=87
[orch] link change t=75.0s bw=93 delay=30
[orch] link change t=90.0s bw=72 delay=13
[orch] link change t=90.0s bw=84 delay=97
[orch] link change t=90.0s bw=70 delay=43
[orch] link change t=90.0s bw=17 delay=38
[orch] link change t=90.0s bw=24 delay=57
[orch] link change t=90.0s bw=12 delay=44
[orch] link change t=90.0s bw=37 delay=14
[orch] link change t=90.0s bw=61 delay=92
[orch] link change t=90.0s bw=20 delay=52
[orch] link change t=90.0s bw=14 delay=76
[orch] link change t=105.0s bw=59 delay=65
[orch] link change t=105.0s bw=30 delay=65
[orch] link change t=105.0s bw=80 delay=39
[orch] link change t=105.0s bw=76 delay=78
[orch] link change t=105.0s bw=70 delay=41
[orch] link change t=105.0s bw=72 delay=35
[orch] link change t=105.0s bw=21 delay=65
[orch] link change t=105.0s bw=13 delay=68
[orch] link change t=105.0s bw=80 delay=88
[orch] link change t=105.0s bw=72 delay=51
[orch] link change t=120.0s bw=87 delay=10
[orch] link change t=120.0s bw=91 delay=60
[orch] link change t=120.0s bw=34 delay=70
[orch] link change t=120.0s bw=56 delay=45
[orch] link change t=120.0s bw=58 delay=79
[orch] link change t=120.0s bw=62 delay=78
[orch] link change t=120.0s bw=63 delay=18
[orch] link change t=120.0s bw=72 delay=68
[orch] link change t=120.0s bw=99 delay=15
[orch] link change t=120.0s bw=19 delay=41
[orch] link change t=135.0s bw=99 delay=67
[orch] link change t=135.0s bw=75 delay=57
[orch] link change t=135.0s bw=79 delay=80
[orch] link change t=135.0s bw=32 delay=23
[orch] link change t=135.0s bw=23 delay=83
[orch] link change t=135.0s bw=79 delay=97
[orch] link change t=135.0s bw=40 delay=21
[orch] link change t=135.0s bw=59 delay=73
[orch] link change t=135.0s bw=58 delay=31
[orch] link change t=135.0s bw=56 delay=15
[orch] link change t=150.0s bw=44 delay=39
[orch] link change t=150.0s bw=79 delay=66
[orch] link change t=150.0s bw=70 delay=60
[orch] link change t=150.0s bw=43 delay=37
[orch] link change t=150.0s bw=41 delay=11
[orch] link change t=150.0s bw=22 delay=34
[orch] link change t=150.0s bw=80 delay=64
[orch] link change t=150.0s bw=83 delay=34
[orch] link change t=150.0s bw=100 delay=67
[orch] link change t=150.0s bw=63 delay=27
[orch] link change t=165.0s bw=85 delay=23
[orch] link change t=165.0s bw=74 delay=44
[orch] link change t=165.0s bw=91 delay=29
[orch] link change t=165.0s bw=13 delay=92
[orch] link change t=165.0s bw=37 delay=62
[orch] link change t=165.0s bw=82 delay=80
[orch] link change t=165.0s bw=17 delay=82
[orch] link change t=165.0s bw=61 delay=21
[orch] link change t=165.0s bw=64 delay=30
[orch] link change t=165.0s bw=87 delay=55
[orch] link change t=180.0s bw=50 delay=13
[orch] link change t=180.0s bw=14 delay=13
[orch] link change t=180.0s bw=39 delay=91
[orch] link change t=180.0s bw=43 delay=44
[orch] link change t=180.0s bw=45 delay=33
[orch] link change t=180.0s bw=99 delay=43
[orch] link change t=180.0s bw=25 delay=38
[orch] link change t=180.0s bw=72 delay=39
[orch] link change t=180.0s bw=31 delay=40
[orch] link change t=180.0s bw=58 delay=63
[orch] link change t=195.0s bw=12 delay=13
[orch] link change t=195.0s bw=56 delay=69
[orch] link change t=195.0s bw=29 delay=76
[orch] link change t=195.0s bw=34 delay=31
[orch] link change t=195.0s bw=59 delay=30
[orch] link change t=195.0s bw=94 delay=88
[orch] link change t=195.0s bw=90 delay=90
[orch] link change t=195.0s bw=12 delay=99
[orch] link change t=195.0s bw=16 delay=24
[orch] link change t=195.0s bw=46 delay=96
[orch] link change t=210.0s bw=93 delay=79
[orch] link change t=210.0s bw=50 delay=58
[orch] link change t=210.0s bw=59 delay=11
[orch] link change t=210.0s bw=49 delay=47
[orch] link change t=210.0s bw=19 delay=27
[orch] link change t=210.0s bw=97 delay=21
[orch] link change t=210.0s bw=84 delay=17
[orch] link change t=210.0s bw=44 delay=76
[orch] link change t=210.0s bw=26 delay=74
[orch] link change t=210.0s bw=43 delay=68
[orch] link change t=225.0s bw=11 delay=58
[orch] link change t=225.0s bw=64 delay=77
[orch] link change t=225.0s bw=95 delay=18
[orch] link change t=225.0s bw=90 delay=57
[orch] link change t=225.0s bw=89 delay=89
[orch] link change t=225.0s bw=64 delay=52
[orch] link change t=225.0s bw=83 delay=84
[orch] link change t=225.0s bw=62 delay=70
[orch] link change t=225.0s bw=85 delay=18
[orch] link change t=225.0s bw=32 delay=97
[orch] link change t=240.0s bw=97 delay=37
[orch] link change t=240.0s bw=31 delay=81
[orch] link change t=240.0s bw=30 delay=85
[orch] link change t=240.0s bw=21 delay=87
[orch] link change t=240.0s bw=66 delay=26
[orch] link change t=240.0s bw=21 delay=56
[orch] link change t=240.0s bw=60 delay=16
[orch] link change t=240.0s bw=58 delay=24
[orch] link change t=240.0s bw=98 delay=59
[orch] link change t=240.0s bw=48 delay=94
[orch] link change t=255.0s bw=64 delay=13
[orch] link change t=255.0s bw=32 delay=40
[orch] link change t=255.0s bw=15 delay=48
[orch] link change t=255.0s bw=53 delay=95
[orch] link change t=255.0s bw=26 delay=10
[orch] link change t=255.0s bw=62 delay=42
[orch] link change t=255.0s bw=38 delay=15
[orch] link change t=255.0s bw=94 delay=43
[orch] link change t=255.0s bw=23 delay=47
[orch] link change t=255.0s bw=56 delay=27
[orch] link change t=270.0s bw=77 delay=38
[orch] link change t=270.0s bw=39 delay=13
[orch] link change t=270.0s bw=13 delay=44
[orch] link change t=270.0s bw=59 delay=74
[orch] link change t=270.0s bw=10 delay=36
[orch] link change t=270.0s bw=66 delay=99
[orch] link change t=270.0s bw=81 delay=27
[orch] link change t=270.0s bw=22 delay=18
[orch] link change t=270.0s bw=36 delay=96
[orch] link change t=270.0s bw=68 delay=40
[orch] link change t=285.0s bw=66 delay=73
[orch] link change t=285.0s bw=32 delay=51
[orch] link change t=285.0s bw=70 delay=86
[orch] link change t=285.0s bw=41 delay=32
[orch] link change t=285.0s bw=37 delay=31
[orch] link change t=285.0s bw=22 delay=35
[orch] link change t=285.0s bw=47 delay=63
[orch] link change t=285.0s bw=59 delay=89
[orch] link change t=285.0s bw=38 delay=63
[orch] link change t=285.0s bw=66 delay=88
[orch] link change t=300.0s bw=80 delay=39
[orch] link change t=300.0s bw=32 delay=27
[orch] link change t=300.0s bw=59 delay=64
[orch] link change t=300.0s bw=41 delay=70
[orch] link change t=300.0s bw=31 delay=47
[orch] link change t=300.0s bw=99 delay=91
[orch] link change t=300.0s bw=28 delay=79
[orch] link change t=300.0s bw=58 delay=23
[orch] link change t=300.0s bw=21 delay=44
[orch] link change t=300.0s bw=58 delay=15
[orch] link change t=315.0s bw=54 delay=39
[orch] link change t=315.0s bw=75 delay=75
[orch] link change t=315.0s bw=60 delay=83
[orch] link change t=315.0s bw=45 delay=21
[orch] link change t=315.0s bw=50 delay=35
[orch] link change t=315.0s bw=47 delay=22
[orch] link change t=315.0s bw=25 delay=83
[orch] link change t=315.0s bw=94 delay=17
[orch] link change t=315.0s bw=36 delay=60
[orch] link change t=315.0s bw=84 delay=10
[orch] link change t=330.0s bw=96 delay=38
[orch] link change t=330.0s bw=56 delay=75
[orch] link change t=330.0s bw=66 delay=27
[orch] link change t=330.0s bw=80 delay=48
[orch] link change t=330.0s bw=79 delay=96
[orch] link change t=330.0s bw=15 delay=85
[orch] link change t=330.0s bw=49 delay=81
[orch] link change t=330.0s bw=53 delay=40
[orch] link change t=330.0s bw=45 delay=53
[orch] link change t=330.0s bw=40 delay=27
[multi_ep_plot] saved -> /its/home/mm2350/extra/Olympusv2/benchmarks/benchmark_responsive_fairness/data/ma_dreamer_symmetrical/5_flows/run1/ep000001_bw27_d82_n5.pdf  return=1205806.3
[ep_plot] ep=1 -> /its/home/mm2350/extra/Olympusv2/benchmarks/benchmark_responsive_fairness/data/ma_dreamer_symmetrical/5_flows/run1/ep000001_bw27_d82_n5.pdf  return=1205806.328125
[orch] ep=1 sum-of-agents return=1205806.3
[responsive_fairness] slot=4 ma_dreamer_symmetrical flows=5 run=11
[responsive_fairness] ma_dreamer_symmetrical flows=5 run=1 done (101/200)
[slot=4] ep=11  flows=5  bw=67Mbps  delay=81ms  duration=345s  delays=[0.0, 11.2, 22.5, 33.8, 45.0]  lifetimes=[345.0, 333.8, 322.5, 311.2, 300.0]
[multi_ep_plot] saved -> /its/home/mm2350/extra/Olympusv2/benchmarks/benchmark_responsive_fairness/data/ma_dreamer_symmetrical/5_flows/run2/ep000002_bw17_d21_n5.pdf  return=1153641.1
[ep_plot] ep=2 -> /its/home/mm2350/extra/Olympusv2/benchmarks/benchmark_responsive_fairness/data/ma_dreamer_symmetrical/5_flows/run2/ep000002_bw17_d21_n5.pdf  return=1153641.09375
[orch] ep=2 sum-of-agents return=1153641.1
[responsive_fairness] slot=9 ma_dreamer_symmetrical flows=5 run=12
[responsive_fairness] ma_dreamer_symmetrical flows=5 run=2 done (102/200)
[slot=9] ep=12  flows=5  bw=70Mbps  delay=44ms  duration=345s  delays=[0.0, 11.2, 22.5, 33.8, 45.0]  lifetimes=[345.0, 333.8, 322.5, 311.2, 300.0]
[sao-listener] cport=23400 worker=/its/home/mm2350/extra/Olympusv2/olympus/algorithms/ma_dreamer/worker.py scan=20ms target_cc=astraea single_flow=1 no_state_pipe=1
[sao-listener] cport=23401 worker=/its/home/mm2350/extra/Olympusv2/olympus/algorithms/ma_dreamer/worker.py scan=20ms target_cc=astraea single_flow=1 no_state_pipe=1
[sao-listener] cport=23402 worker=/its/home/mm2350/extra/Olympusv2/olympus/algorithms/ma_dreamer/worker.py scan=20ms target_cc=astraea single_flow=1 no_state_pipe=1
[sao-listener] cport=23403 worker=/its/home/mm2350/extra/Olympusv2/olympus/algorithms/ma_dreamer/worker.py scan=20ms target_cc=astraea single_flow=1 no_state_pipe=1
[sao-listener] cport=23404 worker=/its/home/mm2350/extra/Olympusv2/olympus/algorithms/ma_dreamer/worker.py scan=20ms target_cc=astraea single_flow=1 no_state_pipe=1
[multi_ep_plot] saved -> /its/home/mm2350/extra/Olympusv2/benchmarks/benchmark_responsive_fairness/data/ma_dreamer_symmetrical/5_flows/run3/ep000003_bw40_d85_n5.pdf  return=1265198.8
[ep_plot] ep=3 -> /its/home/mm2350/extra/Olympusv2/benchmarks/benchmark_responsive_fairness/data/ma_dreamer_symmetrical/5_flows/run3/ep000003_bw40_d85_n5.pdf  return=1265198.78125
[orch] ep=3 sum-of-agents return=1265198.8
[responsive_fairness] slot=5 ma_dreamer_symmetrical flows=5 run=13
[responsive_fairness] ma_dreamer_symmetrical flows=5 run=3 done (103/200)
[sao-listener] cport=23900 worker=/its/home/mm2350/extra/Olympusv2/olympus/algorithms/ma_dreamer/worker.py scan=20ms target_cc=astraea single_flow=1 no_state_pipe=1
[sao-listener] cport=23901 worker=/its/home/mm2350/extra/Olympusv2/olympus/algorithms/ma_dreamer/worker.py scan=20ms target_cc=astraea single_flow=1 no_state_pipe=1
[sao-listener] cport=23902 worker=/its/home/mm2350/extra/Olympusv2/olympus/algorithms/ma_dreamer/worker.py scan=20ms target_cc=astraea single_flow=1 no_state_pipe=1
[sao-listener] cport=23903 worker=/its/home/mm2350/extra/Olympusv2/olympus/algorithms/ma_dreamer/worker.py scan=20ms target_cc=astraea single_flow=1 no_state_pipe=1
[sao-listener] cport=23904 worker=/its/home/mm2350/extra/Olympusv2/olympus/algorithms/ma_dreamer/worker.py scan=20ms target_cc=astraea single_flow=1 no_state_pipe=1
[slot=5] ep=13  flows=5  bw=43Mbps  delay=47ms  duration=345s  delays=[0.0, 11.2, 22.5, 33.8, 45.0]  lifetimes=[345.0, 333.8, 322.5, 311.2, 300.0]
[multi_ep_plot] saved -> /its/home/mm2350/extra/Olympusv2/benchmarks/benchmark_responsive_fairness/data/ma_dreamer_symmetrical/5_flows/run4/ep000004_bw40_d48_n5.pdf  return=1122048.2
[ep_plot] ep=4 -> /its/home/mm2350/extra/Olympusv2/benchmarks/benchmark_responsive_fairness/data/ma_dreamer_symmetrical/5_flows/run4/ep000004_bw40_d48_n5.pdf  return=1122048.234375
[orch] ep=4 sum-of-agents return=1122048.2
[responsive_fairness] slot=3 ma_dreamer_symmetrical flows=5 run=14
[responsive_fairness] ma_dreamer_symmetrical flows=5 run=4 done (104/200)
[slot=3] ep=14  flows=5  bw=23Mbps  delay=88ms  duration=345s  delays=[0.0, 11.2, 22.5, 33.8, 45.0]  lifetimes=[345.0, 333.8, 322.5, 311.2, 300.0]
[sao-listener] cport=23500 worker=/its/home/mm2350/extra/Olympusv2/olympus/algorithms/ma_dreamer/worker.py scan=20ms target_cc=astraea single_flow=1 no_state_pipe=1
[sao-listener] cport=23501 worker=/its/home/mm2350/extra/Olympusv2/olympus/algorithms/ma_dreamer/worker.py scan=20ms target_cc=astraea single_flow=1 no_state_pipe=1
[sao-listener] cport=23502 worker=/its/home/mm2350/extra/Olympusv2/olympus/algorithms/ma_dreamer/worker.py scan=20ms target_cc=astraea single_flow=1 no_state_pipe=1
[sao-listener] cport=23503 worker=/its/home/mm2350/extra/Olympusv2/olympus/algorithms/ma_dreamer/worker.py scan=20ms target_cc=astraea single_flow=1 no_state_pipe=1
[sao-listener] cport=23504 worker=/its/home/mm2350/extra/Olympusv2/olympus/algorithms/ma_dreamer/worker.py scan=20ms target_cc=astraea single_flow=1 no_state_pipe=1
[sao-listener] new flow 1 10.0.0.1:23400->10.0.0.6:5205 cc=astraea pid=380255 child=381065
[sao-listener] single-flow mode: attached worker; stopping ss scans
[sao-listener flow 1] cport=23400 cc=astraea worker active
[multi_ep_plot] saved -> /its/home/mm2350/extra/Olympusv2/benchmarks/benchmark_responsive_fairness/data/ma_dreamer_symmetrical/5_flows/run5/ep000005_bw89_d42_n5.pdf  return=1072380.5
[ep_plot] ep=5 -> /its/home/mm2350/extra/Olympusv2/benchmarks/benchmark_responsive_fairness/data/ma_dreamer_symmetrical/5_flows/run5/ep000005_bw89_d42_n5.pdf  return=1072380.53125
[orch] ep=5 sum-of-agents return=1072380.5
[responsive_fairness] slot=8 ma_dreamer_symmetrical flows=5 run=15
[responsive_fairness] ma_dreamer_symmetrical flows=5 run=5 done (105/200)
[slot=8] ep=15  flows=5  bw=36Mbps  delay=11ms  duration=345s  delays=[0.0, 11.2, 22.5, 33.8, 45.0]  lifetimes=[345.0, 333.8, 322.5, 311.2, 300.0]
[sao-listener] cport=23300 worker=/its/home/mm2350/extra/Olympusv2/olympus/algorithms/ma_dreamer/worker.py scan=20ms target_cc=astraea single_flow=1 no_state_pipe=1
[sao-listener] cport=23301 worker=/its/home/mm2350/extra/Olympusv2/olympus/algorithms/ma_dreamer/worker.py scan=20ms target_cc=astraea single_flow=1 no_state_pipe=1
[sao-listener] cport=23302 worker=/its/home/mm2350/extra/Olympusv2/olympus/algorithms/ma_dreamer/worker.py scan=20ms target_cc=astraea single_flow=1 no_state_pipe=1
[sao-listener] cport=23303 worker=/its/home/mm2350/extra/Olympusv2/olympus/algorithms/ma_dreamer/worker.py scan=20ms target_cc=astraea single_flow=1 no_state_pipe=1
[sao-listener] cport=23304 worker=/its/home/mm2350/extra/Olympusv2/olympus/algorithms/ma_dreamer/worker.py scan=20ms target_cc=astraea single_flow=1 no_state_pipe=1
[sao-listener] new flow 1 10.0.0.1:23900->10.0.0.6:5210 cc=astraea pid=380521 child=381818
[sao-listener] single-flow mode: attached worker; stopping ss scans
[sao-listener flow 1] cport=23900 cc=astraea worker active
[sao-listener] new flow 1 10.0.0.1:23500->10.0.0.6:5206 cc=astraea pid=381664 child=382076
[sao-listener] single-flow mode: attached worker; stopping ss scans
[sao-listener flow 1] cport=23500 cc=astraea worker active
[worker cport=23400 agent=0] loaded checkpoint step=51200
[worker alg=ma_dreamer reward=tempest_fairness_ma_symetric cport=23400 agent=0 group=slot4_ep11 flow=1] started interval=20ms det=1 latent=8x8
[multi_ep_plot] saved -> /its/home/mm2350/extra/Olympusv2/benchmarks/benchmark_responsive_fairness/data/ma_dreamer_symmetrical/5_flows/run6/ep000006_bw83_d20_n5.pdf  return=1017016.6
[ep_plot] ep=6 -> /its/home/mm2350/extra/Olympusv2/benchmarks/benchmark_responsive_fairness/data/ma_dreamer_symmetrical/5_flows/run6/ep000006_bw83_d20_n5.pdf  return=1017016.5625
[orch] ep=6 sum-of-agents return=1017016.6
[responsive_fairness] slot=6 ma_dreamer_symmetrical flows=5 run=16
[responsive_fairness] ma_dreamer_symmetrical flows=5 run=6 done (106/200)
[sao-listener] cport=23800 worker=/its/home/mm2350/extra/Olympusv2/olympus/algorithms/ma_dreamer/worker.py scan=20ms target_cc=astraea single_flow=1 no_state_pipe=1
[sao-listener] cport=23801 worker=/its/home/mm2350/extra/Olympusv2/olympus/algorithms/ma_dreamer/worker.py scan=20ms target_cc=astraea single_flow=1 no_state_pipe=1
[sao-listener] cport=23802 worker=/its/home/mm2350/extra/Olympusv2/olympus/algorithms/ma_dreamer/worker.py scan=20ms target_cc=astraea single_flow=1 no_state_pipe=1
[sao-listener] cport=23803 worker=/its/home/mm2350/extra/Olympusv2/olympus/algorithms/ma_dreamer/worker.py scan=20ms target_cc=astraea single_flow=1 no_state_pipe=1
[sao-listener] cport=23804 worker=/its/home/mm2350/extra/Olympusv2/olympus/algorithms/ma_dreamer/worker.py scan=20ms target_cc=astraea single_flow=1 no_state_pipe=1
[slot=6] ep=16  flows=5  bw=56Mbps  delay=70ms  duration=345s  delays=[0.0, 11.2, 22.5, 33.8, 45.0]  lifetimes=[345.0, 333.8, 322.5, 311.2, 300.0]
[worker cport=23900 agent=0] loaded checkpoint step=51200
[worker alg=ma_dreamer reward=tempest_fairness_ma_symetric cport=23900 agent=0 group=slot9_ep12 flow=1] started interval=20ms det=1 latent=8x8
[worker cport=23500 agent=0] loaded checkpoint step=51200
[worker alg=ma_dreamer reward=tempest_fairness_ma_symetric cport=23500 agent=0 group=slot5_ep13 flow=1] started interval=20ms det=1 latent=8x8
[sao-listener] new flow 1 10.0.0.1:23300->10.0.0.6:5204 cc=astraea pid=382397 child=383480
[sao-listener] single-flow mode: attached worker; stopping ss scans
[sao-listener flow 1] cport=23300 cc=astraea worker active
[multi_ep_plot] saved -> /its/home/mm2350/extra/Olympusv2/benchmarks/benchmark_responsive_fairness/data/ma_dreamer_symmetrical/5_flows/run7/ep000007_bw51_d29_n5.pdf  return=1172487.3
[ep_plot] ep=7 -> /its/home/mm2350/extra/Olympusv2/benchmarks/benchmark_responsive_fairness/data/ma_dreamer_symmetrical/5_flows/run7/ep000007_bw51_d29_n5.pdf  return=1172487.265625
[orch] ep=7 sum-of-agents return=1172487.3
[responsive_fairness] slot=7 ma_dreamer_symmetrical flows=5 run=17
[responsive_fairness] ma_dreamer_symmetrical flows=5 run=7 done (107/200)
[slot=7] ep=17  flows=5  bw=76Mbps  delay=63ms  duration=345s  delays=[0.0, 11.2, 22.5, 33.8, 45.0]  lifetimes=[345.0, 333.8, 322.5, 311.2, 300.0]
[sao-listener] cport=23600 worker=/its/home/mm2350/extra/Olympusv2/olympus/algorithms/ma_dreamer/worker.py scan=20ms target_cc=astraea single_flow=1 no_state_pipe=1
[sao-listener] cport=23601 worker=/its/home/mm2350/extra/Olympusv2/olympus/algorithms/ma_dreamer/worker.py scan=20ms target_cc=astraea single_flow=1 no_state_pipe=1
[sao-listener] cport=23602 worker=/its/home/mm2350/extra/Olympusv2/olympus/algorithms/ma_dreamer/worker.py scan=20ms target_cc=astraea single_flow=1 no_state_pipe=1
[sao-listener] cport=23603 worker=/its/home/mm2350/extra/Olympusv2/olympus/algorithms/ma_dreamer/worker.py scan=20ms target_cc=astraea single_flow=1 no_state_pipe=1
[sao-listener] cport=23604 worker=/its/home/mm2350/extra/Olympusv2/olympus/algorithms/ma_dreamer/worker.py scan=20ms target_cc=astraea single_flow=1 no_state_pipe=1
[worker cport=23300 agent=0] loaded checkpoint step=51200
[worker alg=ma_dreamer reward=tempest_fairness_ma_symetric cport=23300 agent=0 group=slot3_ep14 flow=1] started interval=20ms det=1 latent=8x8
[multi_ep_plot] saved -> /its/home/mm2350/extra/Olympusv2/benchmarks/benchmark_responsive_fairness/data/ma_dreamer_symmetrical/5_flows/run8/ep000008_bw39_d57_n5.pdf  return=1191784.7
[ep_plot] ep=8 -> /its/home/mm2350/extra/Olympusv2/benchmarks/benchmark_responsive_fairness/data/ma_dreamer_symmetrical/5_flows/run8/ep000008_bw39_d57_n5.pdf  return=1191784.6875
[orch] ep=8 sum-of-agents return=1191784.7
[sao-listener] cport=23700 worker=/its/home/mm2350/extra/Olympusv2/olympus/algorithms/ma_dreamer/worker.py scan=20ms target_cc=astraea single_flow=1 no_state_pipe=1
[sao-listener] cport=23701 worker=/its/home/mm2350/extra/Olympusv2/olympus/algorithms/ma_dreamer/worker.py scan=20ms target_cc=astraea single_flow=1 no_state_pipe=1
[sao-listener] cport=23702 worker=/its/home/mm2350/extra/Olympusv2/olympus/algorithms/ma_dreamer/worker.py scan=20ms target_cc=astraea single_flow=1 no_state_pipe=1
[sao-listener] cport=23703 worker=/its/home/mm2350/extra/Olympusv2/olympus/algorithms/ma_dreamer/worker.py scan=20ms target_cc=astraea single_flow=1 no_state_pipe=1
[sao-listener] cport=23704 worker=/its/home/mm2350/extra/Olympusv2/olympus/algorithms/ma_dreamer/worker.py scan=20ms target_cc=astraea single_flow=1 no_state_pipe=1
[responsive_fairness] slot=2 ma_dreamer_symmetrical flows=5 run=18
[responsive_fairness] ma_dreamer_symmetrical flows=5 run=8 done (108/200)
[sao-listener] new flow 1 10.0.0.1:23800->10.0.0.6:5209 cc=astraea pid=383427 child=385334
[sao-listener] single-flow mode: attached worker; stopping ss scans
[sao-listener flow 1] cport=23800 cc=astraea worker active
[slot=2] ep=18  flows=5  bw=33Mbps  delay=25ms  duration=345s  delays=[0.0, 11.2, 22.5, 33.8, 45.0]  lifetimes=[345.0, 333.8, 322.5, 311.2, 300.0]
[sao-listener] cport=23200 worker=/its/home/mm2350/extra/Olympusv2/olympus/algorithms/ma_dreamer/worker.py scan=20ms target_cc=astraea single_flow=1 no_state_pipe=1
[sao-listener] cport=23201 worker=/its/home/mm2350/extra/Olympusv2/olympus/algorithms/ma_dreamer/worker.py scan=20ms target_cc=astraea single_flow=1 no_state_pipe=1
[sao-listener] cport=23202 worker=/its/home/mm2350/extra/Olympusv2/olympus/algorithms/ma_dreamer/worker.py scan=20ms target_cc=astraea single_flow=1 no_state_pipe=1
[sao-listener] cport=23203 worker=/its/home/mm2350/extra/Olympusv2/olympus/algorithms/ma_dreamer/worker.py scan=20ms target_cc=astraea single_flow=1 no_state_pipe=1
[sao-listener] cport=23204 worker=/its/home/mm2350/extra/Olympusv2/olympus/algorithms/ma_dreamer/worker.py scan=20ms target_cc=astraea single_flow=1 no_state_pipe=1
[multi_ep_plot] saved -> /its/home/mm2350/extra/Olympusv2/benchmarks/benchmark_responsive_fairness/data/ma_dreamer_symmetrical/5_flows/run9/ep000009_bw69_d88_n5.pdf  return=1186619.1
[ep_plot] ep=9 -> /its/home/mm2350/extra/Olympusv2/benchmarks/benchmark_responsive_fairness/data/ma_dreamer_symmetrical/5_flows/run9/ep000009_bw69_d88_n5.pdf  return=1186619.109375
[orch] ep=9 sum-of-agents return=1186619.1
[responsive_fairness] slot=0 ma_dreamer_symmetrical flows=5 run=19
[responsive_fairness] ma_dreamer_symmetrical flows=5 run=9 done (109/200)
[slot=0] ep=19  flows=5  bw=96Mbps  delay=15ms  duration=345s  delays=[0.0, 11.2, 22.5, 33.8, 45.0]  lifetimes=[345.0, 333.8, 322.5, 311.2, 300.0]
[worker cport=23800 agent=0] loaded checkpoint step=51200
[worker alg=ma_dreamer reward=tempest_fairness_ma_symetric cport=23800 agent=0 group=slot8_ep15 flow=1] started interval=20ms det=1 latent=8x8
[sao-listener] new flow 1 10.0.0.1:23600->10.0.0.6:5207 cc=astraea pid=384709 child=387222
[sao-listener] single-flow mode: attached worker; stopping ss scans
[sao-listener flow 1] cport=23600 cc=astraea worker active
[multi_ep_plot] saved -> /its/home/mm2350/extra/Olympusv2/benchmarks/benchmark_responsive_fairness/data/ma_dreamer_symmetrical/5_flows/run10/ep000010_bw83_d14_n5.pdf  return=1311961.5
[ep_plot] ep=10 -> /its/home/mm2350/extra/Olympusv2/benchmarks/benchmark_responsive_fairness/data/ma_dreamer_symmetrical/5_flows/run10/ep000010_bw83_d14_n5.pdf  return=1311961.53125
[orch] ep=10 sum-of-agents return=1311961.5
[sao-listener] cport=23000 worker=/its/home/mm2350/extra/Olympusv2/olympus/algorithms/ma_dreamer/worker.py scan=20ms target_cc=astraea single_flow=1 no_state_pipe=1
[responsive_fairness] slot=1 ma_dreamer_symmetrical flows=5 run=20
[responsive_fairness] ma_dreamer_symmetrical flows=5 run=10 done (110/200)
[sao-listener] cport=23001 worker=/its/home/mm2350/extra/Olympusv2/olympus/algorithms/ma_dreamer/worker.py scan=20ms target_cc=astraea single_flow=1 no_state_pipe=1
[sao-listener] cport=23002 worker=/its/home/mm2350/extra/Olympusv2/olympus/algorithms/ma_dreamer/worker.py scan=20ms target_cc=astraea single_flow=1 no_state_pipe=1
[sao-listener] cport=23003 worker=/its/home/mm2350/extra/Olympusv2/olympus/algorithms/ma_dreamer/worker.py scan=20ms target_cc=astraea single_flow=1 no_state_pipe=1
[sao-listener] cport=23004 worker=/its/home/mm2350/extra/Olympusv2/olympus/algorithms/ma_dreamer/worker.py scan=20ms target_cc=astraea single_flow=1 no_state_pipe=1
[slot=1] ep=20  flows=5  bw=97Mbps  delay=29ms  duration=345s  delays=[0.0, 11.2, 22.5, 33.8, 45.0]  lifetimes=[345.0, 333.8, 322.5, 311.2, 300.0]
[worker cport=23600 agent=0] loaded checkpoint step=51200
[worker alg=ma_dreamer reward=tempest_fairness_ma_symetric cport=23600 agent=0 group=slot6_ep16 flow=1] started interval=20ms det=1 latent=8x8
[sao-listener] new flow 1 10.0.0.1:23700->10.0.0.6:5208 cc=astraea pid=385768 child=389102
[sao-listener] single-flow mode: attached worker; stopping ss scans
[sao-listener flow 1] cport=23700 cc=astraea worker active
[sao-listener] cport=23100 worker=/its/home/mm2350/extra/Olympusv2/olympus/algorithms/ma_dreamer/worker.py scan=20ms target_cc=astraea single_flow=1 no_state_pipe=1
[sao-listener] cport=23101 worker=/its/home/mm2350/extra/Olympusv2/olympus/algorithms/ma_dreamer/worker.py scan=20ms target_cc=astraea single_flow=1 no_state_pipe=1
[sao-listener] cport=23102 worker=/its/home/mm2350/extra/Olympusv2/olympus/algorithms/ma_dreamer/worker.py scan=20ms target_cc=astraea single_flow=1 no_state_pipe=1
[sao-listener] cport=23103 worker=/its/home/mm2350/extra/Olympusv2/olympus/algorithms/ma_dreamer/worker.py scan=20ms target_cc=astraea single_flow=1 no_state_pipe=1
[sao-listener] cport=23104 worker=/its/home/mm2350/extra/Olympusv2/olympus/algorithms/ma_dreamer/worker.py scan=20ms target_cc=astraea single_flow=1 no_state_pipe=1
[worker cport=23700 agent=0] loaded checkpoint step=51200
[worker alg=ma_dreamer reward=tempest_fairness_ma_symetric cport=23700 agent=0 group=slot7_ep17 flow=1] started interval=20ms det=1 latent=8x8
[sao-listener] new flow 1 10.0.0.1:23200->10.0.0.6:5203 cc=astraea pid=386992 child=390726
[sao-listener] single-flow mode: attached worker; stopping ss scans
[sao-listener flow 1] cport=23200 cc=astraea worker active
[worker cport=23200 agent=0] loaded checkpoint step=51200
[worker alg=ma_dreamer reward=tempest_fairness_ma_symetric cport=23200 agent=0 group=slot2_ep18 flow=1] started interval=20ms det=1 latent=8x8
[sao-listener] new flow 1 10.0.0.1:23000->10.0.0.6:5201 cc=astraea pid=388332 child=392187
[sao-listener] single-flow mode: attached worker; stopping ss scans
[sao-listener flow 1] cport=23000 cc=astraea worker active
[worker cport=23000 agent=0] loaded checkpoint step=51200
[worker alg=ma_dreamer reward=tempest_fairness_ma_symetric cport=23000 agent=0 group=slot0_ep19 flow=1] started interval=20ms det=1 latent=8x8
[sao-listener] new flow 1 10.0.0.1:23100->10.0.0.6:5202 cc=astraea pid=389807 child=393536
[sao-listener] single-flow mode: attached worker; stopping ss scans
[sao-listener flow 1] cport=23100 cc=astraea worker active
[worker cport=23100 agent=0] loaded checkpoint step=51200
[worker alg=ma_dreamer reward=tempest_fairness_ma_symetric cport=23100 agent=0 group=slot1_ep20 flow=1] started interval=20ms det=1 latent=8x8
[sao-listener] new flow 1 10.0.0.2:23401->10.0.0.7:5205 cc=astraea pid=393121 child=395483
[sao-listener] single-flow mode: attached worker; stopping ss scans
[sao-listener flow 1] cport=23401 cc=astraea worker active
[sao-listener] new flow 1 10.0.0.2:23501->10.0.0.7:5206 cc=astraea pid=394296 child=396202
[sao-listener] single-flow mode: attached worker; stopping ss scans
[sao-listener flow 1] cport=23501 cc=astraea worker active
[orch] link change t=15.0s bw=69 delay=67
[sao-listener] new flow 1 10.0.0.2:23901->10.0.0.7:5210 cc=astraea pid=393515 child=396427
[sao-listener] single-flow mode: attached worker; stopping ss scans
[sao-listener flow 1] cport=23901 cc=astraea worker active
[worker cport=23401 agent=1] loaded checkpoint step=51200
[worker alg=ma_dreamer reward=tempest_fairness_ma_symetric cport=23401 agent=1 group=slot4_ep11 flow=1] started interval=20ms det=1 latent=8x8
[orch] link change t=15.0s bw=94 delay=77
[sao-listener] new flow 1 10.0.0.2:23801->10.0.0.7:5209 cc=astraea pid=395758 child=397213
[sao-listener] single-flow mode: attached worker; stopping ss scans
[sao-listener flow 1] cport=23801 cc=astraea worker active
[worker cport=23501 agent=1] loaded checkpoint step=51200
[worker alg=ma_dreamer reward=tempest_fairness_ma_symetric cport=23501 agent=1 group=slot5_ep13 flow=1] started interval=20ms det=1 latent=8x8
[orch] link change t=15.0s bw=97 delay=97
[worker cport=23901 agent=1] loaded checkpoint step=51200
[worker alg=ma_dreamer reward=tempest_fairness_ma_symetric cport=23901 agent=1 group=slot9_ep12 flow=1] started interval=20ms det=1 latent=8x8
[orch] link change t=15.0s bw=99 delay=93
[worker cport=23801 agent=1] loaded checkpoint step=51200
[worker alg=ma_dreamer reward=tempest_fairness_ma_symetric cport=23801 agent=1 group=slot8_ep15 flow=1] started interval=20ms det=1 latent=8x8
[sao-listener] new flow 1 10.0.0.2:23301->10.0.0.7:5204 cc=astraea pid=394935 child=398415
[sao-listener] single-flow mode: attached worker; stopping ss scans
[sao-listener flow 1] cport=23301 cc=astraea worker active
[sao-listener] new flow 1 10.0.0.2:23201->10.0.0.7:5203 cc=astraea pid=398605 child=398752
[sao-listener] single-flow mode: attached worker; stopping ss scans
[sao-listener flow 1] cport=23201 cc=astraea worker active
[orch] link change t=15.0s bw=76 delay=14
[worker cport=23301 agent=1] loaded checkpoint step=51200
[worker alg=ma_dreamer reward=tempest_fairness_ma_symetric cport=23301 agent=1 group=slot3_ep14 flow=1] started interval=20ms det=1 latent=8x8
[sao-listener] new flow 1 10.0.0.2:23601->10.0.0.7:5207 cc=astraea pid=396755 child=399498
[sao-listener] single-flow mode: attached worker; stopping ss scans
[sao-listener flow 1] cport=23601 cc=astraea worker active
[worker cport=23201 agent=1] loaded checkpoint step=51200
[worker alg=ma_dreamer reward=tempest_fairness_ma_symetric cport=23201 agent=1 group=slot2_ep18 flow=1] started interval=20ms det=1 latent=8x8
[orch] link change t=15.0s bw=71 delay=46
[worker cport=23601 agent=1] loaded checkpoint step=51200
[worker alg=ma_dreamer reward=tempest_fairness_ma_symetric cport=23601 agent=1 group=slot6_ep16 flow=1] started interval=20ms det=1 latent=8x8
[sao-listener] new flow 1 10.0.0.2:23001->10.0.0.7:5201 cc=astraea pid=399680 child=400489
[sao-listener] single-flow mode: attached worker; stopping ss scans
[sao-listener flow 1] cport=23001 cc=astraea worker active
[orch] link change t=15.0s bw=48 delay=56
[sao-listener] new flow 1 10.0.0.2:23701->10.0.0.7:5208 cc=astraea pid=397573 child=401135
[sao-listener] single-flow mode: attached worker; stopping ss scans
[sao-listener flow 1] cport=23701 cc=astraea worker active
[worker cport=23001 agent=1] loaded checkpoint step=51200
[worker alg=ma_dreamer reward=tempest_fairness_ma_symetric cport=23001 agent=1 group=slot0_ep19 flow=1] started interval=20ms det=1 latent=8x8
[orch] link change t=15.0s bw=94 delay=67
[sao-listener] new flow 1 10.0.0.2:23101->10.0.0.7:5202 cc=astraea pid=400844 child=401926
[sao-listener] single-flow mode: attached worker; stopping ss scans
[sao-listener flow 1] cport=23101 cc=astraea worker active
[worker cport=23701 agent=1] loaded checkpoint step=51200
[worker alg=ma_dreamer reward=tempest_fairness_ma_symetric cport=23701 agent=1 group=slot7_ep17 flow=1] started interval=20ms det=1 latent=8x8
[orch] link change t=15.0s bw=76 delay=25
[worker cport=23101 agent=1] loaded checkpoint step=51200
[worker alg=ma_dreamer reward=tempest_fairness_ma_symetric cport=23101 agent=1 group=slot1_ep20 flow=1] started interval=20ms det=1 latent=8x8
[orch] link change t=15.0s bw=43 delay=96
[sao-listener] new flow 1 10.0.0.3:23402->10.0.0.8:5205 cc=astraea pid=403969 child=406667
[sao-listener] single-flow mode: attached worker; stopping ss scans
[sao-listener flow 1] cport=23402 cc=astraea worker active
[sao-listener] new flow 1 10.0.0.3:23902->10.0.0.8:5210 cc=astraea pid=404266 child=407209
[sao-listener] single-flow mode: attached worker; stopping ss scans
[sao-listener flow 1] cport=23902 cc=astraea worker active
[sao-listener] new flow 1 10.0.0.3:23502->10.0.0.8:5206 cc=astraea pid=404882 child=407302
[sao-listener] single-flow mode: attached worker; stopping ss scans
[sao-listener flow 1] cport=23502 cc=astraea worker active
[worker cport=23402 agent=2] loaded checkpoint step=51200
[worker alg=ma_dreamer reward=tempest_fairness_ma_symetric cport=23402 agent=2 group=slot4_ep11 flow=1] started interval=20ms det=1 latent=8x8
[sao-listener] new flow 1 10.0.0.3:23702->10.0.0.8:5208 cc=astraea pid=407455 child=407911
[sao-listener] single-flow mode: attached worker; stopping ss scans
[sao-listener flow 1] cport=23702 cc=astraea worker active
[sao-listener] new flow 1 10.0.0.3:23802->10.0.0.8:5209 cc=astraea pid=405996 child=408007
[sao-listener] single-flow mode: attached worker; stopping ss scans
[sao-listener flow 1] cport=23802 cc=astraea worker active
[worker cport=23902 agent=2] loaded checkpoint step=51200
[worker alg=ma_dreamer reward=tempest_fairness_ma_symetric cport=23902 agent=2 group=slot9_ep12 flow=1] started interval=20ms det=1 latent=8x8
[worker cport=23502 agent=2] loaded checkpoint step=51200
[worker alg=ma_dreamer reward=tempest_fairness_ma_symetric cport=23502 agent=2 group=slot5_ep13 flow=1] started interval=20ms det=1 latent=8x8
[worker cport=23702 agent=2] loaded checkpoint step=51200
[worker alg=ma_dreamer reward=tempest_fairness_ma_symetric cport=23702 agent=2 group=slot7_ep17 flow=1] started interval=20ms det=1 latent=8x8
[worker cport=23802 agent=2] loaded checkpoint step=51200
[worker alg=ma_dreamer reward=tempest_fairness_ma_symetric cport=23802 agent=2 group=slot8_ep15 flow=1] started interval=20ms det=1 latent=8x8
[sao-listener] new flow 1 10.0.0.3:23302->10.0.0.8:5204 cc=astraea pid=405348 child=408970
[sao-listener] single-flow mode: attached worker; stopping ss scans
[sao-listener flow 1] cport=23302 cc=astraea worker active
[sao-listener] new flow 1 10.0.0.3:23202->10.0.0.8:5203 cc=astraea pid=408364 child=409209
[sao-listener] single-flow mode: attached worker; stopping ss scans
[sao-listener flow 1] cport=23202 cc=astraea worker active
[sao-listener] new flow 1 10.0.0.3:23602->10.0.0.8:5207 cc=astraea pid=406771 child=409609
[sao-listener] single-flow mode: attached worker; stopping ss scans
[sao-listener flow 1] cport=23602 cc=astraea worker active
[orch] link change t=30.0s bw=75 delay=85
[worker cport=23302 agent=2] loaded checkpoint step=51200
[worker alg=ma_dreamer reward=tempest_fairness_ma_symetric cport=23302 agent=2 group=slot3_ep14 flow=1] started interval=20ms det=1 latent=8x8
[worker cport=23202 agent=2] loaded checkpoint step=51200
[worker alg=ma_dreamer reward=tempest_fairness_ma_symetric cport=23202 agent=2 group=slot2_ep18 flow=1] started interval=20ms det=1 latent=8x8
[orch] link change t=30.0s bw=95 delay=54
[sao-listener] new flow 1 10.0.0.3:23002->10.0.0.8:5201 cc=astraea pid=409281 child=410359
[sao-listener] single-flow mode: attached worker; stopping ss scans
[sao-listener flow 1] cport=23002 cc=astraea worker active
[worker cport=23602 agent=2] loaded checkpoint step=51200
[worker alg=ma_dreamer reward=tempest_fairness_ma_symetric cport=23602 agent=2 group=slot6_ep16 flow=1] started interval=20ms det=1 latent=8x8
[orch] link change t=30.0s bw=33 delay=93
[orch] link change t=30.0s bw=77 delay=41
[worker cport=23002 agent=2] loaded checkpoint step=51200
[worker alg=ma_dreamer reward=tempest_fairness_ma_symetric cport=23002 agent=2 group=slot0_ep19 flow=1] started interval=20ms det=1 latent=8x8
[sao-listener] new flow 1 10.0.0.3:23102->10.0.0.8:5202 cc=astraea pid=410165 child=411345
[sao-listener] single-flow mode: attached worker; stopping ss scans
[sao-listener flow 1] cport=23102 cc=astraea worker active
[orch] link change t=30.0s bw=30 delay=40
[worker cport=23102 agent=2] loaded checkpoint step=51200
[worker alg=ma_dreamer reward=tempest_fairness_ma_symetric cport=23102 agent=2 group=slot1_ep20 flow=1] started interval=20ms det=1 latent=8x8
[orch] link change t=30.0s bw=63 delay=39
[orch] link change t=30.0s bw=47 delay=32
[orch] link change t=30.0s bw=52 delay=40
[sao-listener] new flow 1 10.0.0.4:23903->10.0.0.9:5210 cc=astraea pid=412675 child=413195
[sao-listener] single-flow mode: attached worker; stopping ss scans
[sao-listener flow 1] cport=23903 cc=astraea worker active
[orch] link change t=30.0s bw=75 delay=35
[worker cport=23903 agent=3] loaded checkpoint step=51200
[worker alg=ma_dreamer reward=tempest_fairness_ma_symetric cport=23903 agent=3 group=slot9_ep12 flow=1] started interval=20ms det=1 latent=8x8
[sao-listener] new flow 1 10.0.0.4:23303->10.0.0.9:5204 cc=astraea pid=413484 child=413815
[sao-listener] single-flow mode: attached worker; stopping ss scans
[sao-listener flow 1] cport=23303 cc=astraea worker active
[worker cport=23303 agent=3] loaded checkpoint step=51200
[worker alg=ma_dreamer reward=tempest_fairness_ma_symetric cport=23303 agent=3 group=slot3_ep14 flow=1] started interval=20ms det=1 latent=8x8
[orch] link change t=30.0s bw=91 delay=22
[sao-listener] new flow 1 10.0.0.4:23403->10.0.0.9:5205 cc=astraea pid=412470 child=414677
[sao-listener] single-flow mode: attached worker; stopping ss scans
[sao-listener flow 1] cport=23403 cc=astraea worker active
[sao-listener] new flow 1 10.0.0.4:23503->10.0.0.9:5206 cc=astraea pid=413113 child=414901
[sao-listener] single-flow mode: attached worker; stopping ss scans
[sao-listener flow 1] cport=23503 cc=astraea worker active
[worker cport=23403 agent=3] loaded checkpoint step=51200
[worker alg=ma_dreamer reward=tempest_fairness_ma_symetric cport=23403 agent=3 group=slot4_ep11 flow=1] started interval=20ms det=1 latent=8x8
[sao-listener] new flow 1 10.0.0.4:23703->10.0.0.9:5208 cc=astraea pid=414971 child=415289
[sao-listener] single-flow mode: attached worker; stopping ss scans
[sao-listener flow 1] cport=23703 cc=astraea worker active
[worker cport=23503 agent=3] loaded checkpoint step=51200
[worker alg=ma_dreamer reward=tempest_fairness_ma_symetric cport=23503 agent=3 group=slot5_ep13 flow=1] started interval=20ms det=1 latent=8x8
[sao-listener] new flow 1 10.0.0.4:23803->10.0.0.9:5209 cc=astraea pid=413991 child=415485
[sao-listener] single-flow mode: attached worker; stopping ss scans
[sao-listener flow 1] cport=23803 cc=astraea worker active
[worker cport=23703 agent=3] loaded checkpoint step=51200
[worker alg=ma_dreamer reward=tempest_fairness_ma_symetric cport=23703 agent=3 group=slot7_ep17 flow=1] started interval=20ms det=1 latent=8x8
[worker cport=23803 agent=3] loaded checkpoint step=51200
[worker alg=ma_dreamer reward=tempest_fairness_ma_symetric cport=23803 agent=3 group=slot8_ep15 flow=1] started interval=20ms det=1 latent=8x8
[sao-listener] new flow 1 10.0.0.4:23203->10.0.0.9:5203 cc=astraea pid=415573 child=416123
[sao-listener] single-flow mode: attached worker; stopping ss scans
[sao-listener flow 1] cport=23203 cc=astraea worker active
[sao-listener] new flow 1 10.0.0.4:23603->10.0.0.9:5207 cc=astraea pid=414489 child=416396
[sao-listener] single-flow mode: attached worker; stopping ss scans
[sao-listener flow 1] cport=23603 cc=astraea worker active
[worker cport=23203 agent=3] loaded checkpoint step=51200
[worker alg=ma_dreamer reward=tempest_fairness_ma_symetric cport=23203 agent=3 group=slot2_ep18 flow=1] started interval=20ms det=1 latent=8x8
[worker cport=23603 agent=3] loaded checkpoint step=51200
[worker alg=ma_dreamer reward=tempest_fairness_ma_symetric cport=23603 agent=3 group=slot6_ep16 flow=1] started interval=20ms det=1 latent=8x8
[sao-listener] new flow 1 10.0.0.4:23003->10.0.0.9:5201 cc=astraea pid=416095 child=416872
[sao-listener] single-flow mode: attached worker; stopping ss scans
[sao-listener flow 1] cport=23003 cc=astraea worker active
[worker cport=23003 agent=3] loaded checkpoint step=51200
[worker alg=ma_dreamer reward=tempest_fairness_ma_symetric cport=23003 agent=3 group=slot0_ep19 flow=1] started interval=20ms det=1 latent=8x8
[sao-listener] new flow 1 10.0.0.4:23103->10.0.0.9:5202 cc=astraea pid=416669 child=417464
[sao-listener] single-flow mode: attached worker; stopping ss scans
[sao-listener flow 1] cport=23103 cc=astraea worker active
[worker cport=23103 agent=3] loaded checkpoint step=51200
[worker alg=ma_dreamer reward=tempest_fairness_ma_symetric cport=23103 agent=3 group=slot1_ep20 flow=1] started interval=20ms det=1 latent=8x8
[orch] link change t=45.0s bw=34 delay=33
[orch] link change t=45.0s bw=28 delay=58
[orch] link change t=45.0s bw=39 delay=95
[orch] link change t=45.0s bw=44 delay=42
[sao-listener] new flow 1 10.0.0.5:23904->10.0.0.10:5210 cc=astraea pid=418093 child=418374
[sao-listener] single-flow mode: attached worker; stopping ss scans
[sao-listener flow 1] cport=23904 cc=astraea worker active
[orch] link change t=45.0s bw=12 delay=17
[worker cport=23904 agent=4] loaded checkpoint step=51200
[worker alg=ma_dreamer reward=tempest_fairness_ma_symetric cport=23904 agent=4 group=slot9_ep12 flow=1] started interval=20ms det=1 latent=8x8
[sao-listener] new flow 1 10.0.0.5:23304->10.0.0.10:5204 cc=astraea pid=418519 child=418813
[sao-listener] single-flow mode: attached worker; stopping ss scans
[sao-listener flow 1] cport=23304 cc=astraea worker active
[orch] link change t=45.0s bw=67 delay=10
[worker cport=23304 agent=4] loaded checkpoint step=51200
[worker alg=ma_dreamer reward=tempest_fairness_ma_symetric cport=23304 agent=4 group=slot3_ep14 flow=1] started interval=20ms det=1 latent=8x8
[orch] link change t=45.0s bw=100 delay=100
[sao-listener] new flow 1 10.0.0.5:23404->10.0.0.10:5205 cc=astraea pid=417987 child=419237
[sao-listener] single-flow mode: attached worker; stopping ss scans
[sao-listener flow 1] cport=23404 cc=astraea worker active
[sao-listener] new flow 1 10.0.0.5:23504->10.0.0.10:5206 cc=astraea pid=418313 child=419379
[sao-listener] single-flow mode: attached worker; stopping ss scans
[sao-listener flow 1] cport=23504 cc=astraea worker active
[orch] link change t=45.0s bw=35 delay=72
[worker cport=23404 agent=4] loaded checkpoint step=51200
[worker alg=ma_dreamer reward=tempest_fairness_ma_symetric cport=23404 agent=4 group=slot4_ep11 flow=1] started interval=20ms det=1 latent=8x8
[sao-listener] new flow 1 10.0.0.5:23804->10.0.0.10:5209 cc=astraea pid=418767 child=419547
[sao-listener] single-flow mode: attached worker; stopping ss scans
[sao-listener flow 1] cport=23804 cc=astraea worker active
[sao-listener] new flow 1 10.0.0.5:23704->10.0.0.10:5208 cc=astraea pid=419301 child=419611
[sao-listener] single-flow mode: attached worker; stopping ss scans
[sao-listener flow 1] cport=23704 cc=astraea worker active
[worker cport=23504 agent=4] loaded checkpoint step=51200
[worker alg=ma_dreamer reward=tempest_fairness_ma_symetric cport=23504 agent=4 group=slot5_ep13 flow=1] started interval=20ms det=1 latent=8x8
[orch] link change t=45.0s bw=60 delay=54
[worker cport=23804 agent=4] loaded checkpoint step=51200
[worker alg=ma_dreamer reward=tempest_fairness_ma_symetric cport=23804 agent=4 group=slot8_ep15 flow=1] started interval=20ms det=1 latent=8x8
[worker cport=23704 agent=4] loaded checkpoint step=51200
[worker alg=ma_dreamer reward=tempest_fairness_ma_symetric cport=23704 agent=4 group=slot7_ep17 flow=1] started interval=20ms det=1 latent=8x8
[sao-listener] new flow 1 10.0.0.5:23204->10.0.0.10:5203 cc=astraea pid=419616 child=419936
[sao-listener] single-flow mode: attached worker; stopping ss scans
[sao-listener flow 1] cport=23204 cc=astraea worker active
[orch] link change t=45.0s bw=51 delay=83
[sao-listener] new flow 1 10.0.0.5:23604->10.0.0.10:5207 cc=astraea pid=419033 child=420041
[sao-listener] single-flow mode: attached worker; stopping ss scans
[sao-listener flow 1] cport=23604 cc=astraea worker active
[worker cport=23204 agent=4] loaded checkpoint step=51200
[worker alg=ma_dreamer reward=tempest_fairness_ma_symetric cport=23204 agent=4 group=slot2_ep18 flow=1] started interval=20ms det=1 latent=8x8
[worker cport=23604 agent=4] loaded checkpoint step=51200
[worker alg=ma_dreamer reward=tempest_fairness_ma_symetric cport=23604 agent=4 group=slot6_ep16 flow=1] started interval=20ms det=1 latent=8x8
[sao-listener] new flow 1 10.0.0.5:23004->10.0.0.10:5201 cc=astraea pid=419927 child=420248
[sao-listener] single-flow mode: attached worker; stopping ss scans
[sao-listener flow 1] cport=23004 cc=astraea worker active
[worker cport=23004 agent=4] loaded checkpoint step=51200
[worker alg=ma_dreamer reward=tempest_fairness_ma_symetric cport=23004 agent=4 group=slot0_ep19 flow=1] started interval=20ms det=1 latent=8x8
[sao-listener] new flow 1 10.0.0.5:23104->10.0.0.10:5202 cc=astraea pid=420166 child=420380
[sao-listener] single-flow mode: attached worker; stopping ss scans
[sao-listener flow 1] cport=23104 cc=astraea worker active
[worker cport=23104 agent=4] loaded checkpoint step=51200
[worker alg=ma_dreamer reward=tempest_fairness_ma_symetric cport=23104 agent=4 group=slot1_ep20 flow=1] started interval=20ms det=1 latent=8x8
[orch] link change t=60.0s bw=75 delay=70
[orch] link change t=60.0s bw=11 delay=57
[orch] link change t=60.0s bw=28 delay=38
[orch] link change t=60.0s bw=47 delay=19
[orch] link change t=60.0s bw=97 delay=28
[orch] link change t=60.0s bw=62 delay=94
[orch] link change t=60.0s bw=79 delay=94
[orch] link change t=60.0s bw=90 delay=73
[orch] link change t=60.0s bw=77 delay=47
[orch] link change t=60.0s bw=31 delay=13
[orch] link change t=75.0s bw=90 delay=88
[orch] link change t=75.0s bw=71 delay=45
[orch] link change t=75.0s bw=92 delay=33
[orch] link change t=75.0s bw=94 delay=67
[orch] link change t=75.0s bw=98 delay=57
[orch] link change t=75.0s bw=43 delay=40
[orch] link change t=75.0s bw=45 delay=24
[orch] link change t=75.0s bw=33 delay=71
[orch] link change t=75.0s bw=84 delay=28
[orch] link change t=75.0s bw=62 delay=62
[orch] link change t=90.0s bw=33 delay=22
[orch] link change t=90.0s bw=92 delay=68
[orch] link change t=90.0s bw=26 delay=19
[orch] link change t=90.0s bw=48 delay=69
[orch] link change t=90.0s bw=40 delay=24
[orch] link change t=90.0s bw=91 delay=38
[orch] link change t=90.0s bw=13 delay=41
[orch] link change t=90.0s bw=47 delay=68
[orch] link change t=90.0s bw=86 delay=43
[orch] link change t=90.0s bw=19 delay=23
[orch] link change t=105.0s bw=67 delay=48
[orch] link change t=105.0s bw=98 delay=86
[orch] link change t=105.0s bw=78 delay=37
[orch] link change t=105.0s bw=97 delay=60
[orch] link change t=105.0s bw=53 delay=69
[orch] link change t=105.0s bw=11 delay=47
[orch] link change t=105.0s bw=59 delay=63
[orch] link change t=105.0s bw=43 delay=35
[orch] link change t=105.0s bw=23 delay=43
[orch] link change t=105.0s bw=26 delay=50
[orch] link change t=120.0s bw=28 delay=21
[orch] link change t=120.0s bw=39 delay=81
[orch] link change t=120.0s bw=47 delay=13
[orch] link change t=120.0s bw=60 delay=25
[orch] link change t=120.0s bw=100 delay=55
[orch] link change t=120.0s bw=48 delay=52
[orch] link change t=120.0s bw=42 delay=74
[orch] link change t=120.0s bw=42 delay=98
[orch] link change t=120.0s bw=62 delay=51
[orch] link change t=120.0s bw=70 delay=84
[orch] link change t=135.0s bw=78 delay=98
[orch] link change t=135.0s bw=10 delay=94
[orch] link change t=135.0s bw=65 delay=26
[orch] link change t=135.0s bw=43 delay=38
[orch] link change t=135.0s bw=45 delay=60
[orch] link change t=135.0s bw=95 delay=28
[orch] link change t=135.0s bw=50 delay=91
[orch] link change t=135.0s bw=25 delay=51
[orch] link change t=135.0s bw=44 delay=23
[orch] link change t=135.0s bw=67 delay=62
[orch] link change t=150.0s bw=91 delay=15
[orch] link change t=150.0s bw=89 delay=28
[orch] link change t=150.0s bw=97 delay=87
[orch] link change t=150.0s bw=50 delay=55
[orch] link change t=150.0s bw=43 delay=54
[orch] link change t=150.0s bw=87 delay=49
[orch] link change t=150.0s bw=97 delay=61
[orch] link change t=150.0s bw=76 delay=96
[orch] link change t=150.0s bw=51 delay=49
[orch] link change t=150.0s bw=36 delay=35
[orch] link change t=165.0s bw=86 delay=60
[orch] link change t=165.0s bw=66 delay=57
[orch] link change t=165.0s bw=11 delay=45
[orch] link change t=165.0s bw=43 delay=56
[orch] link change t=165.0s bw=39 delay=36
[orch] link change t=165.0s bw=12 delay=38
[orch] link change t=165.0s bw=27 delay=80
[orch] link change t=165.0s bw=32 delay=40
[orch] link change t=165.0s bw=12 delay=82
[orch] link change t=165.0s bw=50 delay=90
[orch] link change t=180.0s bw=67 delay=93
[orch] link change t=180.0s bw=30 delay=53
[orch] link change t=180.0s bw=28 delay=20
[orch] link change t=180.0s bw=90 delay=90
[orch] link change t=180.0s bw=55 delay=50
[orch] link change t=180.0s bw=87 delay=42
[orch] link change t=180.0s bw=17 delay=27
[orch] link change t=180.0s bw=31 delay=40
[orch] link change t=180.0s bw=89 delay=35
[orch] link change t=180.0s bw=97 delay=52
[orch] link change t=195.0s bw=88 delay=93
[orch] link change t=195.0s bw=36 delay=17
[orch] link change t=195.0s bw=43 delay=67
[orch] link change t=195.0s bw=76 delay=29
[orch] link change t=195.0s bw=38 delay=49
[orch] link change t=195.0s bw=12 delay=29
[orch] link change t=195.0s bw=35 delay=29
[orch] link change t=195.0s bw=35 delay=56
[orch] link change t=195.0s bw=19 delay=35
[orch] link change t=195.0s bw=52 delay=64
[orch] link change t=210.0s bw=30 delay=89
[orch] link change t=210.0s bw=83 delay=35
[orch] link change t=210.0s bw=65 delay=27
[orch] link change t=210.0s bw=30 delay=80
[orch] link change t=210.0s bw=75 delay=63
[orch] link change t=210.0s bw=87 delay=95
[orch] link change t=210.0s bw=100 delay=78
[orch] link change t=210.0s bw=83 delay=74
[orch] link change t=210.0s bw=24 delay=79
[orch] link change t=210.0s bw=21 delay=90
[orch] link change t=225.0s bw=11 delay=77
[orch] link change t=225.0s bw=19 delay=75
[orch] link change t=225.0s bw=42 delay=55
[orch] link change t=225.0s bw=95 delay=94
[orch] link change t=225.0s bw=39 delay=83
[orch] link change t=225.0s bw=90 delay=13
[orch] link change t=225.0s bw=81 delay=97
[orch] link change t=225.0s bw=35 delay=96
[orch] link change t=225.0s bw=68 delay=59
[orch] link change t=225.0s bw=76 delay=72
[orch] link change t=240.0s bw=18 delay=17
[orch] link change t=240.0s bw=97 delay=53
[orch] link change t=240.0s bw=39 delay=72
[orch] link change t=240.0s bw=45 delay=31
[orch] link change t=240.0s bw=68 delay=63
[orch] link change t=240.0s bw=69 delay=68
[orch] link change t=240.0s bw=36 delay=52
[orch] link change t=240.0s bw=73 delay=37
[orch] link change t=240.0s bw=19 delay=22
[orch] link change t=240.0s bw=61 delay=20
[orch] link change t=255.0s bw=14 delay=34
[orch] link change t=255.0s bw=97 delay=61
[orch] link change t=255.0s bw=80 delay=82
[orch] link change t=255.0s bw=11 delay=93
[orch] link change t=255.0s bw=72 delay=20
[orch] link change t=255.0s bw=86 delay=90
[orch] link change t=255.0s bw=79 delay=25
[orch] link change t=255.0s bw=48 delay=43
[orch] link change t=255.0s bw=63 delay=12
[orch] link change t=255.0s bw=36 delay=83
[orch] link change t=270.0s bw=40 delay=86
[orch] link change t=270.0s bw=21 delay=12
[orch] link change t=270.0s bw=64 delay=95
[orch] link change t=270.0s bw=18 delay=25
[orch] link change t=270.0s bw=69 delay=82
[orch] link change t=270.0s bw=100 delay=47
[orch] link change t=270.0s bw=91 delay=18
[orch] link change t=270.0s bw=10 delay=53
[orch] link change t=270.0s bw=22 delay=84
[orch] link change t=270.0s bw=41 delay=14
[orch] link change t=285.0s bw=13 delay=69
[orch] link change t=285.0s bw=17 delay=94
[orch] link change t=285.0s bw=56 delay=65
[orch] link change t=285.0s bw=86 delay=53
[orch] link change t=285.0s bw=56 delay=66
[orch] link change t=285.0s bw=38 delay=49
[orch] link change t=285.0s bw=49 delay=62
[orch] link change t=285.0s bw=61 delay=38
[orch] link change t=285.0s bw=64 delay=60
[orch] link change t=285.0s bw=35 delay=22
[orch] link change t=300.0s bw=51 delay=66
[orch] link change t=300.0s bw=75 delay=38
[orch] link change t=300.0s bw=91 delay=50
[orch] link change t=300.0s bw=13 delay=20
[orch] link change t=300.0s bw=82 delay=50
[orch] link change t=300.0s bw=56 delay=43
[orch] link change t=300.0s bw=20 delay=74
[orch] link change t=300.0s bw=61 delay=78
[orch] link change t=300.0s bw=66 delay=94
[orch] link change t=300.0s bw=20 delay=34
[orch] link change t=315.0s bw=85 delay=35
[orch] link change t=315.0s bw=21 delay=64
[orch] link change t=315.0s bw=93 delay=25
[orch] link change t=315.0s bw=45 delay=36
[orch] link change t=315.0s bw=98 delay=92
[orch] link change t=315.0s bw=63 delay=21
[orch] link change t=315.0s bw=70 delay=91
[orch] link change t=315.0s bw=54 delay=85
[orch] link change t=315.0s bw=48 delay=83
[orch] link change t=315.0s bw=42 delay=98
[orch] link change t=330.0s bw=76 delay=39
[orch] link change t=330.0s bw=66 delay=24
[orch] link change t=330.0s bw=54 delay=86
[orch] link change t=330.0s bw=58 delay=61
[orch] link change t=330.0s bw=67 delay=61
[orch] link change t=330.0s bw=54 delay=73
[orch] link change t=330.0s bw=86 delay=28
[orch] link change t=330.0s bw=83 delay=77
[orch] link change t=330.0s bw=74 delay=30
[orch] link change t=330.0s bw=46 delay=49
[multi_ep_plot] saved -> /its/home/mm2350/extra/Olympusv2/benchmarks/benchmark_responsive_fairness/data/ma_dreamer_symmetrical/5_flows/run11/ep000011_bw67_d81_n5.pdf  return=1050420.9
[ep_plot] ep=11 -> /its/home/mm2350/extra/Olympusv2/benchmarks/benchmark_responsive_fairness/data/ma_dreamer_symmetrical/5_flows/run11/ep000011_bw67_d81_n5.pdf  return=1050420.90625
[orch] ep=11 sum-of-agents return=1050420.9
[responsive_fairness] slot=4 ma_dreamer_symmetrical flows=5 run=21
[responsive_fairness] ma_dreamer_symmetrical flows=5 run=11 done (111/200)
[slot=4] ep=21  flows=5  bw=31Mbps  delay=63ms  duration=345s  delays=[0.0, 11.2, 22.5, 33.8, 45.0]  lifetimes=[345.0, 333.8, 322.5, 311.2, 300.0]
[multi_ep_plot] saved -> /its/home/mm2350/extra/Olympusv2/benchmarks/benchmark_responsive_fairness/data/ma_dreamer_symmetrical/5_flows/run12/ep000012_bw70_d44_n5.pdf  return=1130592.7
[ep_plot] ep=12 -> /its/home/mm2350/extra/Olympusv2/benchmarks/benchmark_responsive_fairness/data/ma_dreamer_symmetrical/5_flows/run12/ep000012_bw70_d44_n5.pdf  return=1130592.671875
[orch] ep=12 sum-of-agents return=1130592.7
[responsive_fairness] slot=9 ma_dreamer_symmetrical flows=5 run=22
[responsive_fairness] ma_dreamer_symmetrical flows=5 run=12 done (112/200)
[slot=9] ep=22  flows=5  bw=27Mbps  delay=41ms  duration=345s  delays=[0.0, 11.2, 22.5, 33.8, 45.0]  lifetimes=[345.0, 333.8, 322.5, 311.2, 300.0]
[sao-listener] cport=23400 worker=/its/home/mm2350/extra/Olympusv2/olympus/algorithms/ma_dreamer/worker.py scan=20ms target_cc=astraea single_flow=1 no_state_pipe=1
[sao-listener] cport=23401 worker=/its/home/mm2350/extra/Olympusv2/olympus/algorithms/ma_dreamer/worker.py scan=20ms target_cc=astraea single_flow=1 no_state_pipe=1
[sao-listener] cport=23402 worker=/its/home/mm2350/extra/Olympusv2/olympus/algorithms/ma_dreamer/worker.py scan=20ms target_cc=astraea single_flow=1 no_state_pipe=1
[sao-listener] cport=23403 worker=/its/home/mm2350/extra/Olympusv2/olympus/algorithms/ma_dreamer/worker.py scan=20ms target_cc=astraea single_flow=1 no_state_pipe=1
[sao-listener] cport=23404 worker=/its/home/mm2350/extra/Olympusv2/olympus/algorithms/ma_dreamer/worker.py scan=20ms target_cc=astraea single_flow=1 no_state_pipe=1
[multi_ep_plot] saved -> /its/home/mm2350/extra/Olympusv2/benchmarks/benchmark_responsive_fairness/data/ma_dreamer_symmetrical/5_flows/run13/ep000013_bw43_d47_n5.pdf  return=1176742.2
[ep_plot] ep=13 -> /its/home/mm2350/extra/Olympusv2/benchmarks/benchmark_responsive_fairness/data/ma_dreamer_symmetrical/5_flows/run13/ep000013_bw43_d47_n5.pdf  return=1176742.21875
[orch] ep=13 sum-of-agents return=1176742.2
[responsive_fairness] slot=5 ma_dreamer_symmetrical flows=5 run=23
[responsive_fairness] ma_dreamer_symmetrical flows=5 run=13 done (113/200)
[slot=5] ep=23  flows=5  bw=47Mbps  delay=20ms  duration=345s  delays=[0.0, 11.2, 22.5, 33.8, 45.0]  lifetimes=[345.0, 333.8, 322.5, 311.2, 300.0]
[sao-listener] cport=23900 worker=/its/home/mm2350/extra/Olympusv2/olympus/algorithms/ma_dreamer/worker.py scan=20ms target_cc=astraea single_flow=1 no_state_pipe=1
[sao-listener] cport=23901 worker=/its/home/mm2350/extra/Olympusv2/olympus/algorithms/ma_dreamer/worker.py scan=20ms target_cc=astraea single_flow=1 no_state_pipe=1
[sao-listener] cport=23902 worker=/its/home/mm2350/extra/Olympusv2/olympus/algorithms/ma_dreamer/worker.py scan=20ms target_cc=astraea single_flow=1 no_state_pipe=1
[sao-listener] cport=23903 worker=/its/home/mm2350/extra/Olympusv2/olympus/algorithms/ma_dreamer/worker.py scan=20ms target_cc=astraea single_flow=1 no_state_pipe=1
[sao-listener] cport=23904 worker=/its/home/mm2350/extra/Olympusv2/olympus/algorithms/ma_dreamer/worker.py scan=20ms target_cc=astraea single_flow=1 no_state_pipe=1
[multi_ep_plot] saved -> /its/home/mm2350/extra/Olympusv2/benchmarks/benchmark_responsive_fairness/data/ma_dreamer_symmetrical/5_flows/run14/ep000014_bw23_d88_n5.pdf  return=1185997.2
[ep_plot] ep=14 -> /its/home/mm2350/extra/Olympusv2/benchmarks/benchmark_responsive_fairness/data/ma_dreamer_symmetrical/5_flows/run14/ep000014_bw23_d88_n5.pdf  return=1185997.171875
[orch] ep=14 sum-of-agents return=1185997.2
[responsive_fairness] slot=3 ma_dreamer_symmetrical flows=5 run=24
[responsive_fairness] ma_dreamer_symmetrical flows=5 run=14 done (114/200)
[slot=3] ep=24  flows=5  bw=59Mbps  delay=84ms  duration=345s  delays=[0.0, 11.2, 22.5, 33.8, 45.0]  lifetimes=[345.0, 333.8, 322.5, 311.2, 300.0]
[sao-listener] cport=23500 worker=/its/home/mm2350/extra/Olympusv2/olympus/algorithms/ma_dreamer/worker.py scan=20ms target_cc=astraea single_flow=1 no_state_pipe=1
[sao-listener] cport=23501 worker=/its/home/mm2350/extra/Olympusv2/olympus/algorithms/ma_dreamer/worker.py scan=20ms target_cc=astraea single_flow=1 no_state_pipe=1
[sao-listener] cport=23502 worker=/its/home/mm2350/extra/Olympusv2/olympus/algorithms/ma_dreamer/worker.py scan=20ms target_cc=astraea single_flow=1 no_state_pipe=1
[sao-listener] cport=23503 worker=/its/home/mm2350/extra/Olympusv2/olympus/algorithms/ma_dreamer/worker.py scan=20ms target_cc=astraea single_flow=1 no_state_pipe=1
[sao-listener] cport=23504 worker=/its/home/mm2350/extra/Olympusv2/olympus/algorithms/ma_dreamer/worker.py scan=20ms target_cc=astraea single_flow=1 no_state_pipe=1
[sao-listener] new flow 1 10.0.0.1:23900->10.0.0.6:5210 cc=astraea pid=424345 child=424759
[sao-listener] single-flow mode: attached worker; stopping ss scans
[sao-listener flow 1] cport=23900 cc=astraea worker active
[multi_ep_plot] saved -> /its/home/mm2350/extra/Olympusv2/benchmarks/benchmark_responsive_fairness/data/ma_dreamer_symmetrical/5_flows/run15/ep000015_bw36_d11_n5.pdf  return=1314441.9
[ep_plot] ep=15 -> /its/home/mm2350/extra/Olympusv2/benchmarks/benchmark_responsive_fairness/data/ma_dreamer_symmetrical/5_flows/run15/ep000015_bw36_d11_n5.pdf  return=1314441.890625
[orch] ep=15 sum-of-agents return=1314441.9
[responsive_fairness] slot=8 ma_dreamer_symmetrical flows=5 run=25
[responsive_fairness] ma_dreamer_symmetrical flows=5 run=15 done (115/200)
[sao-listener] new flow 1 10.0.0.1:23400->10.0.0.6:5205 cc=astraea pid=423656 child=425348
[sao-listener] single-flow mode: attached worker; stopping ss scans
[sao-listener flow 1] cport=23400 cc=astraea worker active
[slot=8] ep=25  flows=5  bw=58Mbps  delay=11ms  duration=345s  delays=[0.0, 11.2, 22.5, 33.8, 45.0]  lifetimes=[345.0, 333.8, 322.5, 311.2, 300.0]
[sao-listener] cport=23300 worker=/its/home/mm2350/extra/Olympusv2/olympus/algorithms/ma_dreamer/worker.py scan=20ms target_cc=astraea single_flow=1 no_state_pipe=1
[sao-listener] cport=23301 worker=/its/home/mm2350/extra/Olympusv2/olympus/algorithms/ma_dreamer/worker.py scan=20ms target_cc=astraea single_flow=1 no_state_pipe=1
[sao-listener] cport=23302 worker=/its/home/mm2350/extra/Olympusv2/olympus/algorithms/ma_dreamer/worker.py scan=20ms target_cc=astraea single_flow=1 no_state_pipe=1
[sao-listener] cport=23303 worker=/its/home/mm2350/extra/Olympusv2/olympus/algorithms/ma_dreamer/worker.py scan=20ms target_cc=astraea single_flow=1 no_state_pipe=1
[sao-listener] cport=23304 worker=/its/home/mm2350/extra/Olympusv2/olympus/algorithms/ma_dreamer/worker.py scan=20ms target_cc=astraea single_flow=1 no_state_pipe=1
[worker cport=23900 agent=0] loaded checkpoint step=51200
[worker alg=ma_dreamer reward=tempest_fairness_ma_symetric cport=23900 agent=0 group=slot9_ep22 flow=1] started interval=20ms det=1 latent=8x8
[sao-listener] new flow 1 10.0.0.1:23500->10.0.0.6:5206 cc=astraea pid=425128 child=426249
[sao-listener] single-flow mode: attached worker; stopping ss scans
[sao-listener flow 1] cport=23500 cc=astraea worker active
[sao-listener] cport=23800 worker=/its/home/mm2350/extra/Olympusv2/olympus/algorithms/ma_dreamer/worker.py scan=20ms target_cc=astraea single_flow=1 no_state_pipe=1
[sao-listener] cport=23801 worker=/its/home/mm2350/extra/Olympusv2/olympus/algorithms/ma_dreamer/worker.py scan=20ms target_cc=astraea single_flow=1 no_state_pipe=1
[sao-listener] cport=23802 worker=/its/home/mm2350/extra/Olympusv2/olympus/algorithms/ma_dreamer/worker.py scan=20ms target_cc=astraea single_flow=1 no_state_pipe=1
[sao-listener] cport=23803 worker=/its/home/mm2350/extra/Olympusv2/olympus/algorithms/ma_dreamer/worker.py scan=20ms target_cc=astraea single_flow=1 no_state_pipe=1
[sao-listener] cport=23804 worker=/its/home/mm2350/extra/Olympusv2/olympus/algorithms/ma_dreamer/worker.py scan=20ms target_cc=astraea single_flow=1 no_state_pipe=1
[worker cport=23400 agent=0] loaded checkpoint step=51200
[worker alg=ma_dreamer reward=tempest_fairness_ma_symetric cport=23400 agent=0 group=slot4_ep21 flow=1] started interval=20ms det=1 latent=8x8
[multi_ep_plot] saved -> /its/home/mm2350/extra/Olympusv2/benchmarks/benchmark_responsive_fairness/data/ma_dreamer_symmetrical/5_flows/run16/ep000016_bw56_d70_n5.pdf  return=1269331.1
[ep_plot] ep=16 -> /its/home/mm2350/extra/Olympusv2/benchmarks/benchmark_responsive_fairness/data/ma_dreamer_symmetrical/5_flows/run16/ep000016_bw56_d70_n5.pdf  return=1269331.125
[orch] ep=16 sum-of-agents return=1269331.1
[responsive_fairness] slot=6 ma_dreamer_symmetrical flows=5 run=26
[responsive_fairness] ma_dreamer_symmetrical flows=5 run=16 done (116/200)
[slot=6] ep=26  flows=5  bw=35Mbps  delay=94ms  duration=345s  delays=[0.0, 11.2, 22.5, 33.8, 45.0]  lifetimes=[345.0, 333.8, 322.5, 311.2, 300.0]
[sao-listener] new flow 1 10.0.0.1:23300->10.0.0.6:5204 cc=astraea pid=426122 child=426972
[sao-listener] single-flow mode: attached worker; stopping ss scans
[sao-listener flow 1] cport=23300 cc=astraea worker active
[worker cport=23500 agent=0] loaded checkpoint step=51200
[worker alg=ma_dreamer reward=tempest_fairness_ma_symetric cport=23500 agent=0 group=slot5_ep23 flow=1] started interval=20ms det=1 latent=8x8
[sao-listener] cport=23600 worker=/its/home/mm2350/extra/Olympusv2/olympus/algorithms/ma_dreamer/worker.py scan=20ms target_cc=astraea single_flow=1 no_state_pipe=1
[sao-listener] cport=23601 worker=/its/home/mm2350/extra/Olympusv2/olympus/algorithms/ma_dreamer/worker.py scan=20ms target_cc=astraea single_flow=1 no_state_pipe=1
[sao-listener] cport=23602 worker=/its/home/mm2350/extra/Olympusv2/olympus/algorithms/ma_dreamer/worker.py scan=20ms target_cc=astraea single_flow=1 no_state_pipe=1
[sao-listener] cport=23603 worker=/its/home/mm2350/extra/Olympusv2/olympus/algorithms/ma_dreamer/worker.py scan=20ms target_cc=astraea single_flow=1 no_state_pipe=1
[multi_ep_plot] saved -> /its/home/mm2350/extra/Olympusv2/benchmarks/benchmark_responsive_fairness/data/ma_dreamer_symmetrical/5_flows/run17/ep000017_bw76_d63_n5.pdf  return=1204676.2
[ep_plot] ep=17 -> /its/home/mm2350/extra/Olympusv2/benchmarks/benchmark_responsive_fairness/data/ma_dreamer_symmetrical/5_flows/run17/ep000017_bw76_d63_n5.pdf  return=1204676.1875
[orch] ep=17 sum-of-agents return=1204676.2
[sao-listener] cport=23604 worker=/its/home/mm2350/extra/Olympusv2/olympus/algorithms/ma_dreamer/worker.py scan=20ms target_cc=astraea single_flow=1 no_state_pipe=1
[responsive_fairness] slot=7 ma_dreamer_symmetrical flows=5 run=27
[responsive_fairness] ma_dreamer_symmetrical flows=5 run=17 done (117/200)
[slot=7] ep=27  flows=5  bw=93Mbps  delay=71ms  duration=345s  delays=[0.0, 11.2, 22.5, 33.8, 45.0]  lifetimes=[345.0, 333.8, 322.5, 311.2, 300.0]
[worker cport=23300 agent=0] loaded checkpoint step=51200
[worker alg=ma_dreamer reward=tempest_fairness_ma_symetric cport=23300 agent=0 group=slot3_ep24 flow=1] started interval=20ms det=1 latent=8x8
[sao-listener] new flow 1 10.0.0.1:23800->10.0.0.6:5209 cc=astraea pid=426942 child=428481
[sao-listener] single-flow mode: attached worker; stopping ss scans
[sao-listener flow 1] cport=23800 cc=astraea worker active
[sao-listener] cport=23700 worker=/its/home/mm2350/extra/Olympusv2/olympus/algorithms/ma_dreamer/worker.py scan=20ms target_cc=astraea single_flow=1 no_state_pipe=1
[sao-listener] cport=23701 worker=/its/home/mm2350/extra/Olympusv2/olympus/algorithms/ma_dreamer/worker.py scan=20ms target_cc=astraea single_flow=1 no_state_pipe=1
[sao-listener] cport=23702 worker=/its/home/mm2350/extra/Olympusv2/olympus/algorithms/ma_dreamer/worker.py scan=20ms target_cc=astraea single_flow=1 no_state_pipe=1
[sao-listener] cport=23703 worker=/its/home/mm2350/extra/Olympusv2/olympus/algorithms/ma_dreamer/worker.py scan=20ms target_cc=astraea single_flow=1 no_state_pipe=1
[sao-listener] cport=23704 worker=/its/home/mm2350/extra/Olympusv2/olympus/algorithms/ma_dreamer/worker.py scan=20ms target_cc=astraea single_flow=1 no_state_pipe=1
[multi_ep_plot] saved -> /its/home/mm2350/extra/Olympusv2/benchmarks/benchmark_responsive_fairness/data/ma_dreamer_symmetrical/5_flows/run18/ep000018_bw33_d25_n5.pdf  return=1205575.4
[ep_plot] ep=18 -> /its/home/mm2350/extra/Olympusv2/benchmarks/benchmark_responsive_fairness/data/ma_dreamer_symmetrical/5_flows/run18/ep000018_bw33_d25_n5.pdf  return=1205575.421875
[orch] ep=18 sum-of-agents return=1205575.4
[responsive_fairness] slot=2 ma_dreamer_symmetrical flows=5 run=28
[responsive_fairness] ma_dreamer_symmetrical flows=5 run=18 done (118/200)
[slot=2] ep=28  flows=5  bw=24Mbps  delay=26ms  duration=345s  delays=[0.0, 11.2, 22.5, 33.8, 45.0]  lifetimes=[345.0, 333.8, 322.5, 311.2, 300.0]
[worker cport=23800 agent=0] loaded checkpoint step=51200
[worker alg=ma_dreamer reward=tempest_fairness_ma_symetric cport=23800 agent=0 group=slot8_ep25 flow=1] started interval=20ms det=1 latent=8x8
[sao-listener] cport=23200 worker=/its/home/mm2350/extra/Olympusv2/olympus/algorithms/ma_dreamer/worker.py scan=20ms target_cc=astraea single_flow=1 no_state_pipe=1
[sao-listener] cport=23201 worker=/its/home/mm2350/extra/Olympusv2/olympus/algorithms/ma_dreamer/worker.py scan=20ms target_cc=astraea single_flow=1 no_state_pipe=1
[sao-listener] cport=23202 worker=/its/home/mm2350/extra/Olympusv2/olympus/algorithms/ma_dreamer/worker.py scan=20ms target_cc=astraea single_flow=1 no_state_pipe=1
[sao-listener] cport=23203 worker=/its/home/mm2350/extra/Olympusv2/olympus/algorithms/ma_dreamer/worker.py scan=20ms target_cc=astraea single_flow=1 no_state_pipe=1
[sao-listener] cport=23204 worker=/its/home/mm2350/extra/Olympusv2/olympus/algorithms/ma_dreamer/worker.py scan=20ms target_cc=astraea single_flow=1 no_state_pipe=1
[sao-listener] new flow 1 10.0.0.1:23600->10.0.0.6:5207 cc=astraea pid=428314 child=430578
[sao-listener] single-flow mode: attached worker; stopping ss scans
[sao-listener flow 1] cport=23600 cc=astraea worker active
[multi_ep_plot] saved -> /its/home/mm2350/extra/Olympusv2/benchmarks/benchmark_responsive_fairness/data/ma_dreamer_symmetrical/5_flows/run19/ep000019_bw96_d15_n5.pdf  return=1196923.5
[ep_plot] ep=19 -> /its/home/mm2350/extra/Olympusv2/benchmarks/benchmark_responsive_fairness/data/ma_dreamer_symmetrical/5_flows/run19/ep000019_bw96_d15_n5.pdf  return=1196923.5
[orch] ep=19 sum-of-agents return=1196923.5
[responsive_fairness] slot=0 ma_dreamer_symmetrical flows=5 run=29
[responsive_fairness] ma_dreamer_symmetrical flows=5 run=19 done (119/200)
[slot=0] ep=29  flows=5  bw=80Mbps  delay=19ms  duration=345s  delays=[0.0, 11.2, 22.5, 33.8, 45.0]  lifetimes=[345.0, 333.8, 322.5, 311.2, 300.0]
[worker cport=23600 agent=0] loaded checkpoint step=51200
[worker alg=ma_dreamer reward=tempest_fairness_ma_symetric cport=23600 agent=0 group=slot6_ep26 flow=1] started interval=20ms det=1 latent=8x8
[sao-listener] cport=23000 worker=/its/home/mm2350/extra/Olympusv2/olympus/algorithms/ma_dreamer/worker.py scan=20ms target_cc=astraea single_flow=1 no_state_pipe=1
[sao-listener] cport=23001 worker=/its/home/mm2350/extra/Olympusv2/olympus/algorithms/ma_dreamer/worker.py scan=20ms target_cc=astraea single_flow=1 no_state_pipe=1
[sao-listener] cport=23002 worker=/its/home/mm2350/extra/Olympusv2/olympus/algorithms/ma_dreamer/worker.py scan=20ms target_cc=astraea single_flow=1 no_state_pipe=1
[sao-listener] cport=23003 worker=/its/home/mm2350/extra/Olympusv2/olympus/algorithms/ma_dreamer/worker.py scan=20ms target_cc=astraea single_flow=1 no_state_pipe=1
[sao-listener] cport=23004 worker=/its/home/mm2350/extra/Olympusv2/olympus/algorithms/ma_dreamer/worker.py scan=20ms target_cc=astraea single_flow=1 no_state_pipe=1
[multi_ep_plot] saved -> /its/home/mm2350/extra/Olympusv2/benchmarks/benchmark_responsive_fairness/data/ma_dreamer_symmetrical/5_flows/run20/ep000020_bw97_d29_n5.pdf  return=1139992.8
[ep_plot] ep=20 -> /its/home/mm2350/extra/Olympusv2/benchmarks/benchmark_responsive_fairness/data/ma_dreamer_symmetrical/5_flows/run20/ep000020_bw97_d29_n5.pdf  return=1139992.765625
[orch] ep=20 sum-of-agents return=1139992.8
[responsive_fairness] slot=1 ma_dreamer_symmetrical flows=5 run=30
[responsive_fairness] ma_dreamer_symmetrical flows=5 run=20 done (120/200)
[slot=1] ep=30  flows=5  bw=79Mbps  delay=47ms  duration=345s  delays=[0.0, 11.2, 22.5, 33.8, 45.0]  lifetimes=[345.0, 333.8, 322.5, 311.2, 300.0]
[sao-listener] new flow 1 10.0.0.1:23700->10.0.0.6:5208 cc=astraea pid=429598 child=432501
[sao-listener] single-flow mode: attached worker; stopping ss scans
[sao-listener flow 1] cport=23700 cc=astraea worker active
[sao-listener] cport=23100 worker=/its/home/mm2350/extra/Olympusv2/olympus/algorithms/ma_dreamer/worker.py scan=20ms target_cc=astraea single_flow=1 no_state_pipe=1
[sao-listener] cport=23101 worker=/its/home/mm2350/extra/Olympusv2/olympus/algorithms/ma_dreamer/worker.py scan=20ms target_cc=astraea single_flow=1 no_state_pipe=1
[sao-listener] cport=23102 worker=/its/home/mm2350/extra/Olympusv2/olympus/algorithms/ma_dreamer/worker.py scan=20ms target_cc=astraea single_flow=1 no_state_pipe=1
[sao-listener] cport=23103 worker=/its/home/mm2350/extra/Olympusv2/olympus/algorithms/ma_dreamer/worker.py scan=20ms target_cc=astraea single_flow=1 no_state_pipe=1
[sao-listener] cport=23104 worker=/its/home/mm2350/extra/Olympusv2/olympus/algorithms/ma_dreamer/worker.py scan=20ms target_cc=astraea single_flow=1 no_state_pipe=1
[worker cport=23700 agent=0] loaded checkpoint step=51200
[worker alg=ma_dreamer reward=tempest_fairness_ma_symetric cport=23700 agent=0 group=slot7_ep27 flow=1] started interval=20ms det=1 latent=8x8
[sao-listener] new flow 1 10.0.0.1:23200->10.0.0.6:5203 cc=astraea pid=430898 child=434575
[sao-listener] single-flow mode: attached worker; stopping ss scans
[sao-listener flow 1] cport=23200 cc=astraea worker active
[worker cport=23200 agent=0] loaded checkpoint step=51200
[worker alg=ma_dreamer reward=tempest_fairness_ma_symetric cport=23200 agent=0 group=slot2_ep28 flow=1] started interval=20ms det=1 latent=8x8
[sao-listener] new flow 1 10.0.0.1:23000->10.0.0.6:5201 cc=astraea pid=432652 child=436305
[sao-listener] single-flow mode: attached worker; stopping ss scans
[sao-listener flow 1] cport=23000 cc=astraea worker active
[worker cport=23000 agent=0] loaded checkpoint step=51200
[worker alg=ma_dreamer reward=tempest_fairness_ma_symetric cport=23000 agent=0 group=slot0_ep29 flow=1] started interval=20ms det=1 latent=8x8
[sao-listener] new flow 1 10.0.0.1:23100->10.0.0.6:5202 cc=astraea pid=434299 child=437993
[sao-listener] single-flow mode: attached worker; stopping ss scans
[sao-listener flow 1] cport=23100 cc=astraea worker active
[worker cport=23100 agent=0] loaded checkpoint step=51200
[worker alg=ma_dreamer reward=tempest_fairness_ma_symetric cport=23100 agent=0 group=slot1_ep30 flow=1] started interval=20ms det=1 latent=8x8
[orch] link change t=15.0s bw=98 delay=63
[sao-listener] new flow 1 10.0.0.2:23401->10.0.0.7:5205 cc=astraea pid=436522 child=439887
[sao-listener] single-flow mode: attached worker; stopping ss scans
[sao-listener flow 1] cport=23401 cc=astraea worker active
[sao-listener] new flow 1 10.0.0.2:23801->10.0.0.7:5209 cc=astraea pid=439132 child=440085
[sao-listener] single-flow mode: attached worker; stopping ss scans
[sao-listener flow 1] cport=23801 cc=astraea worker active
[sao-listener] new flow 1 10.0.0.2:23501->10.0.0.7:5206 cc=astraea pid=437652 child=440401
[sao-listener] single-flow mode: attached worker; stopping ss scans
[sao-listener flow 1] cport=23501 cc=astraea worker active
[orch] link change t=15.0s bw=13 delay=88
[sao-listener] new flow 1 10.0.0.2:23901->10.0.0.7:5210 cc=astraea pid=437045 child=440797
[sao-listener] single-flow mode: attached worker; stopping ss scans
[sao-listener flow 1] cport=23901 cc=astraea worker active
[orch] link change t=15.0s bw=12 delay=85
[worker cport=23401 agent=1] loaded checkpoint step=51200
[worker alg=ma_dreamer reward=tempest_fairness_ma_symetric cport=23401 agent=1 group=slot4_ep21 flow=1] started interval=20ms det=1 latent=8x8
[worker cport=23801 agent=1] loaded checkpoint step=51200
[worker alg=ma_dreamer reward=tempest_fairness_ma_symetric cport=23801 agent=1 group=slot8_ep25 flow=1] started interval=20ms det=1 latent=8x8
[worker cport=23501 agent=1] loaded checkpoint step=51200
[worker alg=ma_dreamer reward=tempest_fairness_ma_symetric cport=23501 agent=1 group=slot5_ep23 flow=1] started interval=20ms det=1 latent=8x8
[sao-listener] new flow 1 10.0.0.2:23301->10.0.0.7:5204 cc=astraea pid=438375 child=441620
[sao-listener] single-flow mode: attached worker; stopping ss scans
[sao-listener flow 1] cport=23301 cc=astraea worker active
[orch] link change t=15.0s bw=33 delay=37
[worker cport=23901 agent=1] loaded checkpoint step=51200
[worker alg=ma_dreamer reward=tempest_fairness_ma_symetric cport=23901 agent=1 group=slot9_ep22 flow=1] started interval=20ms det=1 latent=8x8
[sao-listener] new flow 1 10.0.0.2:23601->10.0.0.7:5207 cc=astraea pid=440261 child=442364
[sao-listener] single-flow mode: attached worker; stopping ss scans
[sao-listener flow 1] cport=23601 cc=astraea worker active
[orch] link change t=15.0s bw=37 delay=49
[worker cport=23301 agent=1] loaded checkpoint step=51200
[worker alg=ma_dreamer reward=tempest_fairness_ma_symetric cport=23301 agent=1 group=slot3_ep24 flow=1] started interval=20ms det=1 latent=8x8
[worker cport=23601 agent=1] loaded checkpoint step=51200
[worker alg=ma_dreamer reward=tempest_fairness_ma_symetric cport=23601 agent=1 group=slot6_ep26 flow=1] started interval=20ms det=1 latent=8x8
[orch] link change t=15.0s bw=36 delay=65
[orch] link change t=15.0s bw=99 delay=45
[sao-listener] new flow 1 10.0.0.2:23001->10.0.0.7:5201 cc=astraea pid=443975 child=444534
[sao-listener] single-flow mode: attached worker; stopping ss scans
[sao-listener flow 1] cport=23001 cc=astraea worker active
[sao-listener] new flow 1 10.0.0.2:23701->10.0.0.7:5208 cc=astraea pid=441406 child=444770
[sao-listener] single-flow mode: attached worker; stopping ss scans
[sao-listener flow 1] cport=23701 cc=astraea worker active
[worker cport=23001 agent=1] loaded checkpoint step=51200
[worker alg=ma_dreamer reward=tempest_fairness_ma_symetric cport=23001 agent=1 group=slot0_ep29 flow=1] started interval=20ms det=1 latent=8x8
[orch] link change t=15.0s bw=79 delay=86
[worker cport=23701 agent=1] loaded checkpoint step=51200
[worker alg=ma_dreamer reward=tempest_fairness_ma_symetric cport=23701 agent=1 group=slot7_ep27 flow=1] started interval=20ms det=1 latent=8x8
[sao-listener] new flow 1 10.0.0.2:23101->10.0.0.7:5202 cc=astraea pid=445299 child=446293
[sao-listener] single-flow mode: attached worker; stopping ss scans
[sao-listener flow 1] cport=23101 cc=astraea worker active
[sao-listener] new flow 1 10.0.0.2:23201->10.0.0.7:5203 cc=astraea pid=442580 child=446413
[sao-listener] single-flow mode: attached worker; stopping ss scans
[sao-listener flow 1] cport=23201 cc=astraea worker active
[orch] link change t=15.0s bw=54 delay=86
[worker cport=23101 agent=1] loaded checkpoint step=51200
[worker alg=ma_dreamer reward=tempest_fairness_ma_symetric cport=23101 agent=1 group=slot1_ep30 flow=1] started interval=20ms det=1 latent=8x8
[worker cport=23201 agent=1] loaded checkpoint step=51200
[worker alg=ma_dreamer reward=tempest_fairness_ma_symetric cport=23201 agent=1 group=slot2_ep28 flow=1] started interval=20ms det=1 latent=8x8
[orch] link change t=15.0s bw=88 delay=13
[sao-listener] new flow 1 10.0.0.3:23402->10.0.0.8:5205 cc=astraea pid=447651 child=450979
[sao-listener] single-flow mode: attached worker; stopping ss scans
[sao-listener flow 1] cport=23402 cc=astraea worker active
[sao-listener] new flow 1 10.0.0.3:23802->10.0.0.8:5209 cc=astraea pid=449720 child=451074
[sao-listener] single-flow mode: attached worker; stopping ss scans
[sao-listener flow 1] cport=23802 cc=astraea worker active
[sao-listener] new flow 1 10.0.0.3:23502->10.0.0.8:5206 cc=astraea pid=448590 child=451337
[sao-listener] single-flow mode: attached worker; stopping ss scans
[sao-listener flow 1] cport=23502 cc=astraea worker active
[sao-listener] new flow 1 10.0.0.3:23902->10.0.0.8:5210 cc=astraea pid=448121 child=451598
[sao-listener] single-flow mode: attached worker; stopping ss scans
[sao-listener flow 1] cport=23902 cc=astraea worker active
[worker cport=23802 agent=2] loaded checkpoint step=51200
[worker alg=ma_dreamer reward=tempest_fairness_ma_symetric cport=23802 agent=2 group=slot8_ep25 flow=1] started interval=20ms det=1 latent=8x8
[worker cport=23402 agent=2] loaded checkpoint step=51200
[worker alg=ma_dreamer reward=tempest_fairness_ma_symetric cport=23402 agent=2 group=slot4_ep21 flow=1] started interval=20ms det=1 latent=8x8
[sao-listener] new flow 1 10.0.0.3:23302->10.0.0.8:5204 cc=astraea pid=449146 child=452136
[sao-listener] single-flow mode: attached worker; stopping ss scans
[sao-listener flow 1] cport=23302 cc=astraea worker active
[worker cport=23502 agent=2] loaded checkpoint step=51200
[worker alg=ma_dreamer reward=tempest_fairness_ma_symetric cport=23502 agent=2 group=slot5_ep23 flow=1] started interval=20ms det=1 latent=8x8
[worker cport=23902 agent=2] loaded checkpoint step=51200
[worker alg=ma_dreamer reward=tempest_fairness_ma_symetric cport=23902 agent=2 group=slot9_ep22 flow=1] started interval=20ms det=1 latent=8x8
[sao-listener] new flow 1 10.0.0.3:23602->10.0.0.8:5207 cc=astraea pid=450578 child=452842
[sao-listener] single-flow mode: attached worker; stopping ss scans
[sao-listener flow 1] cport=23602 cc=astraea worker active
[worker cport=23302 agent=2] loaded checkpoint step=51200
[worker alg=ma_dreamer reward=tempest_fairness_ma_symetric cport=23302 agent=2 group=slot3_ep24 flow=1] started interval=20ms det=1 latent=8x8
[sao-listener] new flow 1 10.0.0.3:23202->10.0.0.8:5203 cc=astraea pid=452536 child=453143
[sao-listener] single-flow mode: attached worker; stopping ss scans
[sao-listener flow 1] cport=23202 cc=astraea worker active
[orch] link change t=30.0s bw=91 delay=46
[worker cport=23602 agent=2] loaded checkpoint step=51200
[worker alg=ma_dreamer reward=tempest_fairness_ma_symetric cport=23602 agent=2 group=slot6_ep26 flow=1] started interval=20ms det=1 latent=8x8
[worker cport=23202 agent=2] loaded checkpoint step=51200
[worker alg=ma_dreamer reward=tempest_fairness_ma_symetric cport=23202 agent=2 group=slot2_ep28 flow=1] started interval=20ms det=1 latent=8x8
[orch] link change t=30.0s bw=67 delay=33
[orch] link change t=30.0s bw=49 delay=64
[sao-listener] new flow 1 10.0.0.3:23002->10.0.0.8:5201 cc=astraea pid=453702 child=454411
[sao-listener] single-flow mode: attached worker; stopping ss scans
[sao-listener flow 1] cport=23002 cc=astraea worker active
[sao-listener] new flow 1 10.0.0.3:23702->10.0.0.8:5208 cc=astraea pid=451494 child=454697
[sao-listener] single-flow mode: attached worker; stopping ss scans
[sao-listener flow 1] cport=23702 cc=astraea worker active
[orch] link change t=30.0s bw=31 delay=34
[worker cport=23002 agent=2] loaded checkpoint step=51200
[worker alg=ma_dreamer reward=tempest_fairness_ma_symetric cport=23002 agent=2 group=slot0_ep29 flow=1] started interval=20ms det=1 latent=8x8
[orch] link change t=30.0s bw=91 delay=70
[worker cport=23702 agent=2] loaded checkpoint step=51200
[worker alg=ma_dreamer reward=tempest_fairness_ma_symetric cport=23702 agent=2 group=slot7_ep27 flow=1] started interval=20ms det=1 latent=8x8
[sao-listener] new flow 1 10.0.0.3:23102->10.0.0.8:5202 cc=astraea pid=454753 child=455706
[sao-listener] single-flow mode: attached worker; stopping ss scans
[sao-listener flow 1] cport=23102 cc=astraea worker active
[orch] link change t=30.0s bw=86 delay=79
[worker cport=23102 agent=2] loaded checkpoint step=51200
[worker alg=ma_dreamer reward=tempest_fairness_ma_symetric cport=23102 agent=2 group=slot1_ep30 flow=1] started interval=20ms det=1 latent=8x8
[orch] link change t=30.0s bw=46 delay=35
[sao-listener] new flow 1 10.0.0.4:23403->10.0.0.9:5205 cc=astraea pid=456365 child=456677
[sao-listener] single-flow mode: attached worker; stopping ss scans
[sao-listener flow 1] cport=23403 cc=astraea worker active
[worker cport=23403 agent=3] loaded checkpoint step=51200
[worker alg=ma_dreamer reward=tempest_fairness_ma_symetric cport=23403 agent=3 group=slot4_ep21 flow=1] started interval=20ms det=1 latent=8x8
[orch] link change t=30.0s bw=32 delay=38
[sao-listener] new flow 1 10.0.0.4:23903->10.0.0.9:5210 cc=astraea pid=456744 child=457354
[sao-listener] single-flow mode: attached worker; stopping ss scans
[sao-listener flow 1] cport=23903 cc=astraea worker active
[worker cport=23903 agent=3] loaded checkpoint step=51200
[worker alg=ma_dreamer reward=tempest_fairness_ma_symetric cport=23903 agent=3 group=slot9_ep22 flow=1] started interval=20ms det=1 latent=8x8
[orch] link change t=30.0s bw=87 delay=46
[sao-listener] new flow 1 10.0.0.4:23803->10.0.0.9:5209 cc=astraea pid=457912 child=458715
[sao-listener] single-flow mode: attached worker; stopping ss scans
[sao-listener flow 1] cport=23803 cc=astraea worker active
[orch] link change t=30.0s bw=89 delay=93
[sao-listener] new flow 1 10.0.0.4:23503->10.0.0.9:5206 cc=astraea pid=457054 child=459041
[sao-listener] single-flow mode: attached worker; stopping ss scans
[sao-listener flow 1] cport=23503 cc=astraea worker active
[worker cport=23803 agent=3] loaded checkpoint step=51200
[worker alg=ma_dreamer reward=tempest_fairness_ma_symetric cport=23803 agent=3 group=slot8_ep25 flow=1] started interval=20ms det=1 latent=8x8
[sao-listener] new flow 1 10.0.0.4:23703->10.0.0.9:5208 cc=astraea pid=459006 child=459283
[sao-listener] single-flow mode: attached worker; stopping ss scans
[sao-listener flow 1] cport=23703 cc=astraea worker active
[worker cport=23503 agent=3] loaded checkpoint step=51200
[worker alg=ma_dreamer reward=tempest_fairness_ma_symetric cport=23503 agent=3 group=slot5_ep23 flow=1] started interval=20ms det=1 latent=8x8
[sao-listener] new flow 1 10.0.0.4:23303->10.0.0.9:5204 cc=astraea pid=457499 child=459647
[sao-listener] single-flow mode: attached worker; stopping ss scans
[sao-listener flow 1] cport=23303 cc=astraea worker active
[worker cport=23703 agent=3] loaded checkpoint step=51200
[worker alg=ma_dreamer reward=tempest_fairness_ma_symetric cport=23703 agent=3 group=slot7_ep27 flow=1] started interval=20ms det=1 latent=8x8
[sao-listener] new flow 1 10.0.0.4:23603->10.0.0.9:5207 cc=astraea pid=458449 child=460028
[sao-listener] single-flow mode: attached worker; stopping ss scans
[sao-listener flow 1] cport=23603 cc=astraea worker active
[sao-listener] new flow 1 10.0.0.4:23203->10.0.0.9:5203 cc=astraea pid=459651 child=460160
[sao-listener] single-flow mode: attached worker; stopping ss scans
[sao-listener flow 1] cport=23203 cc=astraea worker active
[worker cport=23303 agent=3] loaded checkpoint step=51200
[worker alg=ma_dreamer reward=tempest_fairness_ma_symetric cport=23303 agent=3 group=slot3_ep24 flow=1] started interval=20ms det=1 latent=8x8
[worker cport=23603 agent=3] loaded checkpoint step=51200
[worker alg=ma_dreamer reward=tempest_fairness_ma_symetric cport=23603 agent=3 group=slot6_ep26 flow=1] started interval=20ms det=1 latent=8x8
[worker cport=23203 agent=3] loaded checkpoint step=51200
[worker alg=ma_dreamer reward=tempest_fairness_ma_symetric cport=23203 agent=3 group=slot2_ep28 flow=1] started interval=20ms det=1 latent=8x8
[sao-listener] new flow 1 10.0.0.4:23003->10.0.0.9:5201 cc=astraea pid=460421 child=460890
[sao-listener] single-flow mode: attached worker; stopping ss scans
[sao-listener flow 1] cport=23003 cc=astraea worker active
[worker cport=23003 agent=3] loaded checkpoint step=51200
[worker alg=ma_dreamer reward=tempest_fairness_ma_symetric cport=23003 agent=3 group=slot0_ep29 flow=1] started interval=20ms det=1 latent=8x8
[sao-listener] new flow 1 10.0.0.4:23103->10.0.0.9:5202 cc=astraea pid=461038 child=461554
[sao-listener] single-flow mode: attached worker; stopping ss scans
[sao-listener flow 1] cport=23103 cc=astraea worker active
[orch] link change t=45.0s bw=71 delay=37
[worker cport=23103 agent=3] loaded checkpoint step=51200
[worker alg=ma_dreamer reward=tempest_fairness_ma_symetric cport=23103 agent=3 group=slot1_ep30 flow=1] started interval=20ms det=1 latent=8x8
[orch] link change t=45.0s bw=99 delay=25
[orch] link change t=45.0s bw=58 delay=77
[sao-listener] new flow 1 10.0.0.5:23404->10.0.0.10:5205 cc=astraea pid=461930 child=462154
[sao-listener] single-flow mode: attached worker; stopping ss scans
[sao-listener flow 1] cport=23404 cc=astraea worker active
[orch] link change t=45.0s bw=31 delay=95
[worker cport=23404 agent=4] loaded checkpoint step=51200
[worker alg=ma_dreamer reward=tempest_fairness_ma_symetric cport=23404 agent=4 group=slot4_ep21 flow=1] started interval=20ms det=1 latent=8x8
[sao-listener] new flow 1 10.0.0.5:23904->10.0.0.10:5210 cc=astraea pid=462094 child=462555
[sao-listener] single-flow mode: attached worker; stopping ss scans
[sao-listener flow 1] cport=23904 cc=astraea worker active
[orch] link change t=45.0s bw=15 delay=42
[worker cport=23904 agent=4] loaded checkpoint step=51200
[worker alg=ma_dreamer reward=tempest_fairness_ma_symetric cport=23904 agent=4 group=slot9_ep22 flow=1] started interval=20ms det=1 latent=8x8
[orch] link change t=45.0s bw=17 delay=26
[orch] link change t=45.0s bw=19 delay=18
[sao-listener] new flow 1 10.0.0.5:23804->10.0.0.10:5209 cc=astraea pid=462731 child=463194
[sao-listener] single-flow mode: attached worker; stopping ss scans
[sao-listener flow 1] cport=23804 cc=astraea worker active
[sao-listener] new flow 1 10.0.0.5:23504->10.0.0.10:5206 cc=astraea pid=462292 child=463381
[sao-listener] single-flow mode: attached worker; stopping ss scans
[sao-listener flow 1] cport=23504 cc=astraea worker active
[sao-listener] new flow 1 10.0.0.5:23704->10.0.0.10:5208 cc=astraea pid=463294 child=463384
[sao-listener] single-flow mode: attached worker; stopping ss scans
[sao-listener flow 1] cport=23704 cc=astraea worker active
[orch] link change t=45.0s bw=26 delay=91
[worker cport=23804 agent=4] loaded checkpoint step=51200
[worker alg=ma_dreamer reward=tempest_fairness_ma_symetric cport=23804 agent=4 group=slot8_ep25 flow=1] started interval=20ms det=1 latent=8x8
[sao-listener] new flow 1 10.0.0.5:23304->10.0.0.10:5204 cc=astraea pid=462519 child=463632
[sao-listener] single-flow mode: attached worker; stopping ss scans
[sao-listener flow 1] cport=23304 cc=astraea worker active
[worker cport=23704 agent=4] loaded checkpoint step=51200
[worker alg=ma_dreamer reward=tempest_fairness_ma_symetric cport=23704 agent=4 group=slot7_ep27 flow=1] started interval=20ms det=1 latent=8x8
[worker cport=23504 agent=4] loaded checkpoint step=51200
[worker alg=ma_dreamer reward=tempest_fairness_ma_symetric cport=23504 agent=4 group=slot5_ep23 flow=1] started interval=20ms det=1 latent=8x8
[orch] link change t=45.0s bw=21 delay=75
[worker cport=23304 agent=4] loaded checkpoint step=51200
[worker alg=ma_dreamer reward=tempest_fairness_ma_symetric cport=23304 agent=4 group=slot3_ep24 flow=1] started interval=20ms det=1 latent=8x8
[sao-listener] new flow 1 10.0.0.5:23604->10.0.0.10:5207 cc=astraea pid=463019 child=463923
[sao-listener] single-flow mode: attached worker; stopping ss scans
[sao-listener flow 1] cport=23604 cc=astraea worker active
[sao-listener] new flow 1 10.0.0.5:23204->10.0.0.10:5203 cc=astraea pid=463618 child=463986
[sao-listener] single-flow mode: attached worker; stopping ss scans
[sao-listener flow 1] cport=23204 cc=astraea worker active
[worker cport=23604 agent=4] loaded checkpoint step=51200
[worker alg=ma_dreamer reward=tempest_fairness_ma_symetric cport=23604 agent=4 group=slot6_ep26 flow=1] started interval=20ms det=1 latent=8x8
[worker cport=23204 agent=4] loaded checkpoint step=51200
[worker alg=ma_dreamer reward=tempest_fairness_ma_symetric cport=23204 agent=4 group=slot2_ep28 flow=1] started interval=20ms det=1 latent=8x8
[orch] link change t=45.0s bw=36 delay=42
[sao-listener] new flow 1 10.0.0.5:23004->10.0.0.10:5201 cc=astraea pid=464049 child=464223
[sao-listener] single-flow mode: attached worker; stopping ss scans
[sao-listener flow 1] cport=23004 cc=astraea worker active
[worker cport=23004 agent=4] loaded checkpoint step=51200
[worker alg=ma_dreamer reward=tempest_fairness_ma_symetric cport=23004 agent=4 group=slot0_ep29 flow=1] started interval=20ms det=1 latent=8x8
[sao-listener] new flow 1 10.0.0.5:23104->10.0.0.10:5202 cc=astraea pid=464274 child=464376
[sao-listener] single-flow mode: attached worker; stopping ss scans
[sao-listener flow 1] cport=23104 cc=astraea worker active
[worker cport=23104 agent=4] loaded checkpoint step=51200
[worker alg=ma_dreamer reward=tempest_fairness_ma_symetric cport=23104 agent=4 group=slot1_ep30 flow=1] started interval=20ms det=1 latent=8x8
[orch] link change t=60.0s bw=70 delay=75
[orch] link change t=60.0s bw=93 delay=54
[orch] link change t=60.0s bw=55 delay=26
[orch] link change t=60.0s bw=97 delay=21
[orch] link change t=60.0s bw=14 delay=49
[orch] link change t=60.0s bw=71 delay=15
[orch] link change t=60.0s bw=42 delay=79
[orch] link change t=60.0s bw=69 delay=63
[orch] link change t=60.0s bw=54 delay=60
[orch] link change t=60.0s bw=16 delay=60
[orch] link change t=75.0s bw=33 delay=74
[orch] link change t=75.0s bw=20 delay=39
[orch] link change t=75.0s bw=34 delay=44
[orch] link change t=75.0s bw=100 delay=29
[orch] link change t=75.0s bw=82 delay=64
[orch] link change t=75.0s bw=97 delay=89
[orch] link change t=75.0s bw=52 delay=42
[orch] link change t=75.0s bw=36 delay=37
[orch] link change t=75.0s bw=63 delay=12
[orch] link change t=75.0s bw=58 delay=92
[orch] link change t=90.0s bw=77 delay=40
[orch] link change t=90.0s bw=44 delay=16
[orch] link change t=90.0s bw=66 delay=11
[orch] link change t=90.0s bw=100 delay=46
[orch] link change t=90.0s bw=22 delay=85
[orch] link change t=90.0s bw=74 delay=31
[orch] link change t=90.0s bw=57 delay=61
[orch] link change t=90.0s bw=28 delay=60
[orch] link change t=90.0s bw=14 delay=23
[orch] link change t=90.0s bw=27 delay=20
[orch] link change t=105.0s bw=10 delay=11
[orch] link change t=105.0s bw=50 delay=86
[orch] link change t=105.0s bw=38 delay=89
[orch] link change t=105.0s bw=11 delay=66
[orch] link change t=105.0s bw=25 delay=83
[orch] link change t=105.0s bw=91 delay=64
[orch] link change t=105.0s bw=33 delay=41
[orch] link change t=105.0s bw=30 delay=26
[orch] link change t=105.0s bw=66 delay=93
[orch] link change t=105.0s bw=69 delay=10
[orch] link change t=120.0s bw=57 delay=84
[orch] link change t=120.0s bw=32 delay=80
[orch] link change t=120.0s bw=68 delay=13
[orch] link change t=120.0s bw=69 delay=91
[orch] link change t=120.0s bw=97 delay=35
[orch] link change t=120.0s bw=41 delay=62
[orch] link change t=120.0s bw=40 delay=72
[orch] link change t=120.0s bw=87 delay=34
[orch] link change t=120.0s bw=38 delay=54
[orch] link change t=120.0s bw=76 delay=41
[orch] link change t=135.0s bw=64 delay=18
[orch] link change t=135.0s bw=97 delay=65
[orch] link change t=135.0s bw=23 delay=20
[orch] link change t=135.0s bw=24 delay=13
[orch] link change t=135.0s bw=75 delay=89
[orch] link change t=135.0s bw=35 delay=98
[orch] link change t=135.0s bw=19 delay=91
[orch] link change t=135.0s bw=35 delay=13
[orch] link change t=135.0s bw=20 delay=73
[orch] link change t=135.0s bw=13 delay=19
[orch] link change t=150.0s bw=28 delay=39
[orch] link change t=150.0s bw=100 delay=16
[orch] link change t=150.0s bw=100 delay=73
[orch] link change t=150.0s bw=76 delay=31
[orch] link change t=150.0s bw=50 delay=33
[orch] link change t=150.0s bw=13 delay=95
[orch] link change t=150.0s bw=83 delay=93
[orch] link change t=150.0s bw=62 delay=40
[orch] link change t=150.0s bw=52 delay=87
[orch] link change t=150.0s bw=30 delay=86
[orch] link change t=165.0s bw=39 delay=98
[orch] link change t=165.0s bw=83 delay=12
[orch] link change t=165.0s bw=63 delay=12
[orch] link change t=165.0s bw=72 delay=66
[orch] link change t=165.0s bw=80 delay=55
[orch] link change t=165.0s bw=38 delay=28
[orch] link change t=165.0s bw=20 delay=88
[orch] link change t=165.0s bw=18 delay=22
[orch] link change t=165.0s bw=79 delay=63
[orch] link change t=165.0s bw=77 delay=61
[orch] link change t=180.0s bw=15 delay=65
[orch] link change t=180.0s bw=85 delay=43
[orch] link change t=180.0s bw=75 delay=90
[orch] link change t=180.0s bw=97 delay=48
[orch] link change t=180.0s bw=75 delay=70
[orch] link change t=180.0s bw=26 delay=37
[orch] link change t=180.0s bw=64 delay=63
[orch] link change t=180.0s bw=63 delay=50
[orch] link change t=180.0s bw=35 delay=67
[orch] link change t=180.0s bw=93 delay=54
[orch] link change t=195.0s bw=62 delay=88
[orch] link change t=195.0s bw=49 delay=63
[orch] link change t=195.0s bw=65 delay=55
[orch] link change t=195.0s bw=73 delay=20
[orch] link change t=195.0s bw=77 delay=23
[orch] link change t=195.0s bw=86 delay=71
[orch] link change t=195.0s bw=16 delay=94
[orch] link change t=195.0s bw=99 delay=26
[orch] link change t=195.0s bw=31 delay=38
[orch] link change t=195.0s bw=78 delay=18
[orch] link change t=210.0s bw=66 delay=14
[orch] link change t=210.0s bw=34 delay=33
[orch] link change t=210.0s bw=17 delay=36
[orch] link change t=210.0s bw=97 delay=42
[orch] link change t=210.0s bw=91 delay=96
[orch] link change t=210.0s bw=59 delay=56
[orch] link change t=210.0s bw=66 delay=54
[orch] link change t=210.0s bw=32 delay=74
[orch] link change t=210.0s bw=65 delay=62
[orch] link change t=210.0s bw=61 delay=13
[orch] link change t=225.0s bw=52 delay=79
[orch] link change t=225.0s bw=24 delay=84
[orch] link change t=225.0s bw=14 delay=85
[orch] link change t=225.0s bw=88 delay=30
[orch] link change t=225.0s bw=22 delay=86
[orch] link change t=225.0s bw=41 delay=84
[orch] link change t=225.0s bw=11 delay=92
[orch] link change t=225.0s bw=76 delay=98
[orch] link change t=225.0s bw=96 delay=97
[orch] link change t=225.0s bw=41 delay=82
[orch] link change t=240.0s bw=73 delay=98
[orch] link change t=240.0s bw=77 delay=82
[orch] link change t=240.0s bw=57 delay=94
[orch] link change t=240.0s bw=97 delay=51
[orch] link change t=240.0s bw=84 delay=55
[orch] link change t=240.0s bw=13 delay=13
[orch] link change t=240.0s bw=71 delay=42
[orch] link change t=240.0s bw=94 delay=44
[orch] link change t=240.0s bw=82 delay=77
[orch] link change t=240.0s bw=96 delay=45
[orch] link change t=255.0s bw=24 delay=93
[orch] link change t=255.0s bw=17 delay=99
[orch] link change t=255.0s bw=32 delay=89
[orch] link change t=255.0s bw=49 delay=19
[orch] link change t=255.0s bw=63 delay=55
[orch] link change t=255.0s bw=47 delay=79
[orch] link change t=255.0s bw=27 delay=88
[orch] link change t=255.0s bw=88 delay=39
[orch] link change t=255.0s bw=35 delay=79
[orch] link change t=255.0s bw=64 delay=82
[orch] link change t=270.0s bw=57 delay=12
[orch] link change t=270.0s bw=51 delay=88
[orch] link change t=270.0s bw=37 delay=56
[orch] link change t=270.0s bw=79 delay=93
[orch] link change t=270.0s bw=34 delay=96
[orch] link change t=270.0s bw=78 delay=25
[orch] link change t=270.0s bw=53 delay=88
[orch] link change t=270.0s bw=96 delay=67
[orch] link change t=270.0s bw=96 delay=64
[orch] link change t=270.0s bw=22 delay=96
[orch] link change t=285.0s bw=29 delay=21
[orch] link change t=285.0s bw=52 delay=43
[orch] link change t=285.0s bw=82 delay=57
[orch] link change t=285.0s bw=56 delay=94
[orch] link change t=285.0s bw=30 delay=89
[orch] link change t=285.0s bw=75 delay=15
[orch] link change t=285.0s bw=93 delay=39
[orch] link change t=285.0s bw=26 delay=35
[orch] link change t=285.0s bw=48 delay=45
[orch] link change t=285.0s bw=45 delay=91
[orch] link change t=300.0s bw=25 delay=12
[orch] link change t=300.0s bw=33 delay=60
[orch] link change t=300.0s bw=83 delay=46
[orch] link change t=300.0s bw=14 delay=37
[orch] link change t=300.0s bw=68 delay=19
[orch] link change t=300.0s bw=92 delay=10
[orch] link change t=300.0s bw=100 delay=77
[orch] link change t=300.0s bw=11 delay=46
[orch] link change t=300.0s bw=75 delay=38
[orch] link change t=300.0s bw=81 delay=24
[orch] link change t=315.0s bw=68 delay=30
[orch] link change t=315.0s bw=49 delay=93
[orch] link change t=315.0s bw=94 delay=50
[orch] link change t=315.0s bw=50 delay=53
[orch] link change t=315.0s bw=19 delay=61
[orch] link change t=315.0s bw=69 delay=86
[orch] link change t=315.0s bw=28 delay=22
[orch] link change t=315.0s bw=91 delay=96
[orch] link change t=315.0s bw=62 delay=70
[orch] link change t=315.0s bw=88 delay=73
[orch] link change t=330.0s bw=80 delay=53
[orch] link change t=330.0s bw=75 delay=28
[orch] link change t=330.0s bw=83 delay=20
[orch] link change t=330.0s bw=18 delay=49
[orch] link change t=330.0s bw=82 delay=18
[orch] link change t=330.0s bw=94 delay=81
[orch] link change t=330.0s bw=60 delay=48
[orch] link change t=330.0s bw=43 delay=20
[orch] link change t=330.0s bw=76 delay=28
[orch] link change t=330.0s bw=49 delay=26
[multi_ep_plot] saved -> /its/home/mm2350/extra/Olympusv2/benchmarks/benchmark_responsive_fairness/data/ma_dreamer_symmetrical/5_flows/run21/ep000021_bw31_d63_n5.pdf  return=1223756.1
[ep_plot] ep=21 -> /its/home/mm2350/extra/Olympusv2/benchmarks/benchmark_responsive_fairness/data/ma_dreamer_symmetrical/5_flows/run21/ep000021_bw31_d63_n5.pdf  return=1223756.0625
[orch] ep=21 sum-of-agents return=1223756.1
[responsive_fairness] slot=4 ma_dreamer_symmetrical flows=5 run=31
[responsive_fairness] ma_dreamer_symmetrical flows=5 run=21 done (121/200)
[slot=4] ep=31  flows=5  bw=11Mbps  delay=70ms  duration=345s  delays=[0.0, 11.2, 22.5, 33.8, 45.0]  lifetimes=[345.0, 333.8, 322.5, 311.2, 300.0]
[multi_ep_plot] saved -> /its/home/mm2350/extra/Olympusv2/benchmarks/benchmark_responsive_fairness/data/ma_dreamer_symmetrical/5_flows/run22/ep000022_bw27_d41_n5.pdf  return=1281530.5
[ep_plot] ep=22 -> /its/home/mm2350/extra/Olympusv2/benchmarks/benchmark_responsive_fairness/data/ma_dreamer_symmetrical/5_flows/run22/ep000022_bw27_d41_n5.pdf  return=1281530.5
[orch] ep=22 sum-of-agents return=1281530.5
[responsive_fairness] slot=9 ma_dreamer_symmetrical flows=5 run=32
[responsive_fairness] ma_dreamer_symmetrical flows=5 run=22 done (122/200)
[slot=9] ep=32  flows=5  bw=19Mbps  delay=37ms  duration=345s  delays=[0.0, 11.2, 22.5, 33.8, 45.0]  lifetimes=[345.0, 333.8, 322.5, 311.2, 300.0]
[sao-listener] cport=23400 worker=/its/home/mm2350/extra/Olympusv2/olympus/algorithms/ma_dreamer/worker.py scan=20ms target_cc=astraea single_flow=1 no_state_pipe=1
[sao-listener] cport=23401 worker=/its/home/mm2350/extra/Olympusv2/olympus/algorithms/ma_dreamer/worker.py scan=20ms target_cc=astraea single_flow=1 no_state_pipe=1
[sao-listener] cport=23402 worker=/its/home/mm2350/extra/Olympusv2/olympus/algorithms/ma_dreamer/worker.py scan=20ms target_cc=astraea single_flow=1 no_state_pipe=1
[sao-listener] cport=23403 worker=/its/home/mm2350/extra/Olympusv2/olympus/algorithms/ma_dreamer/worker.py scan=20ms target_cc=astraea single_flow=1 no_state_pipe=1
[sao-listener] cport=23404 worker=/its/home/mm2350/extra/Olympusv2/olympus/algorithms/ma_dreamer/worker.py scan=20ms target_cc=astraea single_flow=1 no_state_pipe=1
[multi_ep_plot] saved -> /its/home/mm2350/extra/Olympusv2/benchmarks/benchmark_responsive_fairness/data/ma_dreamer_symmetrical/5_flows/run23/ep000023_bw47_d20_n5.pdf  return=1088415.7
[ep_plot] ep=23 -> /its/home/mm2350/extra/Olympusv2/benchmarks/benchmark_responsive_fairness/data/ma_dreamer_symmetrical/5_flows/run23/ep000023_bw47_d20_n5.pdf  return=1088415.703125
[orch] ep=23 sum-of-agents return=1088415.7
[responsive_fairness] slot=5 ma_dreamer_symmetrical flows=5 run=33
[responsive_fairness] ma_dreamer_symmetrical flows=5 run=23 done (123/200)
[sao-listener] cport=23900 worker=/its/home/mm2350/extra/Olympusv2/olympus/algorithms/ma_dreamer/worker.py scan=20ms target_cc=astraea single_flow=1 no_state_pipe=1
[slot=5] ep=33  flows=5  bw=83Mbps  delay=31ms  duration=345s  delays=[0.0, 11.2, 22.5, 33.8, 45.0]  lifetimes=[345.0, 333.8, 322.5, 311.2, 300.0]
[sao-listener] cport=23901 worker=/its/home/mm2350/extra/Olympusv2/olympus/algorithms/ma_dreamer/worker.py scan=20ms target_cc=astraea single_flow=1 no_state_pipe=1
[sao-listener] cport=23902 worker=/its/home/mm2350/extra/Olympusv2/olympus/algorithms/ma_dreamer/worker.py scan=20ms target_cc=astraea single_flow=1 no_state_pipe=1
[sao-listener] cport=23903 worker=/its/home/mm2350/extra/Olympusv2/olympus/algorithms/ma_dreamer/worker.py scan=20ms target_cc=astraea single_flow=1 no_state_pipe=1
[sao-listener] cport=23904 worker=/its/home/mm2350/extra/Olympusv2/olympus/algorithms/ma_dreamer/worker.py scan=20ms target_cc=astraea single_flow=1 no_state_pipe=1
[multi_ep_plot] saved -> /its/home/mm2350/extra/Olympusv2/benchmarks/benchmark_responsive_fairness/data/ma_dreamer_symmetrical/5_flows/run24/ep000024_bw59_d84_n5.pdf  return=1230511.4
[ep_plot] ep=24 -> /its/home/mm2350/extra/Olympusv2/benchmarks/benchmark_responsive_fairness/data/ma_dreamer_symmetrical/5_flows/run24/ep000024_bw59_d84_n5.pdf  return=1230511.375
[orch] ep=24 sum-of-agents return=1230511.4
[responsive_fairness] slot=3 ma_dreamer_symmetrical flows=5 run=34
[responsive_fairness] ma_dreamer_symmetrical flows=5 run=24 done (124/200)
[slot=3] ep=34  flows=5  bw=77Mbps  delay=55ms  duration=345s  delays=[0.0, 11.2, 22.5, 33.8, 45.0]  lifetimes=[345.0, 333.8, 322.5, 311.2, 300.0]
[sao-listener] cport=23500 worker=/its/home/mm2350/extra/Olympusv2/olympus/algorithms/ma_dreamer/worker.py scan=20ms target_cc=astraea single_flow=1 no_state_pipe=1
[sao-listener] cport=23501 worker=/its/home/mm2350/extra/Olympusv2/olympus/algorithms/ma_dreamer/worker.py scan=20ms target_cc=astraea single_flow=1 no_state_pipe=1
[sao-listener] cport=23502 worker=/its/home/mm2350/extra/Olympusv2/olympus/algorithms/ma_dreamer/worker.py scan=20ms target_cc=astraea single_flow=1 no_state_pipe=1
[sao-listener] cport=23503 worker=/its/home/mm2350/extra/Olympusv2/olympus/algorithms/ma_dreamer/worker.py scan=20ms target_cc=astraea single_flow=1 no_state_pipe=1
[sao-listener] cport=23504 worker=/its/home/mm2350/extra/Olympusv2/olympus/algorithms/ma_dreamer/worker.py scan=20ms target_cc=astraea single_flow=1 no_state_pipe=1
[sao-listener] new flow 1 10.0.0.1:23900->10.0.0.6:5210 cc=astraea pid=468018 child=468921
[sao-listener] single-flow mode: attached worker; stopping ss scans
[sao-listener flow 1] cport=23900 cc=astraea worker active
[multi_ep_plot] saved -> /its/home/mm2350/extra/Olympusv2/benchmarks/benchmark_responsive_fairness/data/ma_dreamer_symmetrical/5_flows/run25/ep000025_bw58_d11_n5.pdf  return=1255773.4
[ep_plot] ep=25 -> /its/home/mm2350/extra/Olympusv2/benchmarks/benchmark_responsive_fairness/data/ma_dreamer_symmetrical/5_flows/run25/ep000025_bw58_d11_n5.pdf  return=1255773.359375
[orch] ep=25 sum-of-agents return=1255773.4
[sao-listener] cport=23300 worker=/its/home/mm2350/extra/Olympusv2/olympus/algorithms/ma_dreamer/worker.py scan=20ms target_cc=astraea single_flow=1 no_state_pipe=1
[sao-listener] cport=23301 worker=/its/home/mm2350/extra/Olympusv2/olympus/algorithms/ma_dreamer/worker.py scan=20ms target_cc=astraea single_flow=1 no_state_pipe=1
[responsive_fairness] slot=8 ma_dreamer_symmetrical flows=5 run=35
[responsive_fairness] ma_dreamer_symmetrical flows=5 run=25 done (125/200)
[sao-listener] cport=23302 worker=/its/home/mm2350/extra/Olympusv2/olympus/algorithms/ma_dreamer/worker.py scan=20ms target_cc=astraea single_flow=1 no_state_pipe=1
[sao-listener] cport=23303 worker=/its/home/mm2350/extra/Olympusv2/olympus/algorithms/ma_dreamer/worker.py scan=20ms target_cc=astraea single_flow=1 no_state_pipe=1
[sao-listener] cport=23304 worker=/its/home/mm2350/extra/Olympusv2/olympus/algorithms/ma_dreamer/worker.py scan=20ms target_cc=astraea single_flow=1 no_state_pipe=1
[slot=8] ep=35  flows=5  bw=80Mbps  delay=52ms  duration=345s  delays=[0.0, 11.2, 22.5, 33.8, 45.0]  lifetimes=[345.0, 333.8, 322.5, 311.2, 300.0]
[sao-listener] new flow 1 10.0.0.1:23400->10.0.0.6:5205 cc=astraea pid=467561 child=469578
[sao-listener] single-flow mode: attached worker; stopping ss scans
[sao-listener flow 1] cport=23400 cc=astraea worker active
[worker cport=23900 agent=0] loaded checkpoint step=51200
[worker alg=ma_dreamer reward=tempest_fairness_ma_symetric cport=23900 agent=0 group=slot9_ep32 flow=1] started interval=20ms det=1 latent=8x8
[sao-listener] new flow 1 10.0.0.1:23500->10.0.0.6:5206 cc=astraea pid=469043 child=470342
[sao-listener] single-flow mode: attached worker; stopping ss scans
[sao-listener flow 1] cport=23500 cc=astraea worker active
[sao-listener] cport=23800 worker=/its/home/mm2350/extra/Olympusv2/olympus/algorithms/ma_dreamer/worker.py scan=20ms target_cc=astraea single_flow=1 no_state_pipe=1
[sao-listener] cport=23801 worker=/its/home/mm2350/extra/Olympusv2/olympus/algorithms/ma_dreamer/worker.py scan=20ms target_cc=astraea single_flow=1 no_state_pipe=1
[sao-listener] cport=23802 worker=/its/home/mm2350/extra/Olympusv2/olympus/algorithms/ma_dreamer/worker.py scan=20ms target_cc=astraea single_flow=1 no_state_pipe=1
[sao-listener] cport=23803 worker=/its/home/mm2350/extra/Olympusv2/olympus/algorithms/ma_dreamer/worker.py scan=20ms target_cc=astraea single_flow=1 no_state_pipe=1
[sao-listener] cport=23804 worker=/its/home/mm2350/extra/Olympusv2/olympus/algorithms/ma_dreamer/worker.py scan=20ms target_cc=astraea single_flow=1 no_state_pipe=1
[multi_ep_plot] saved -> /its/home/mm2350/extra/Olympusv2/benchmarks/benchmark_responsive_fairness/data/ma_dreamer_symmetrical/5_flows/run26/ep000026_bw35_d94_n5.pdf  return=1201489.7
[ep_plot] ep=26 -> /its/home/mm2350/extra/Olympusv2/benchmarks/benchmark_responsive_fairness/data/ma_dreamer_symmetrical/5_flows/run26/ep000026_bw35_d94_n5.pdf  return=1201489.6875
[orch] ep=26 sum-of-agents return=1201489.7
[responsive_fairness] slot=6 ma_dreamer_symmetrical flows=5 run=36
[responsive_fairness] ma_dreamer_symmetrical flows=5 run=26 done (126/200)
[slot=6] ep=36  flows=5  bw=52Mbps  delay=17ms  duration=345s  delays=[0.0, 11.2, 22.5, 33.8, 45.0]  lifetimes=[345.0, 333.8, 322.5, 311.2, 300.0]
[worker cport=23400 agent=0] loaded checkpoint step=51200
[worker alg=ma_dreamer reward=tempest_fairness_ma_symetric cport=23400 agent=0 group=slot4_ep31 flow=1] started interval=20ms det=1 latent=8x8
[sao-listener] new flow 1 10.0.0.1:23300->10.0.0.6:5204 cc=astraea pid=469898 child=471467
[sao-listener] single-flow mode: attached worker; stopping ss scans
[sao-listener flow 1] cport=23300 cc=astraea worker active
[worker cport=23500 agent=0] loaded checkpoint step=51200
[worker alg=ma_dreamer reward=tempest_fairness_ma_symetric cport=23500 agent=0 group=slot5_ep33 flow=1] started interval=20ms det=1 latent=8x8
[sao-listener] cport=23600 worker=/its/home/mm2350/extra/Olympusv2/olympus/algorithms/ma_dreamer/worker.py scan=20ms target_cc=astraea single_flow=1 no_state_pipe=1
[sao-listener] cport=23601 worker=/its/home/mm2350/extra/Olympusv2/olympus/algorithms/ma_dreamer/worker.py scan=20ms target_cc=astraea single_flow=1 no_state_pipe=1
[sao-listener] cport=23602 worker=/its/home/mm2350/extra/Olympusv2/olympus/algorithms/ma_dreamer/worker.py scan=20ms target_cc=astraea single_flow=1 no_state_pipe=1
[sao-listener] cport=23603 worker=/its/home/mm2350/extra/Olympusv2/olympus/algorithms/ma_dreamer/worker.py scan=20ms target_cc=astraea single_flow=1 no_state_pipe=1
[sao-listener] cport=23604 worker=/its/home/mm2350/extra/Olympusv2/olympus/algorithms/ma_dreamer/worker.py scan=20ms target_cc=astraea single_flow=1 no_state_pipe=1
[multi_ep_plot] saved -> /its/home/mm2350/extra/Olympusv2/benchmarks/benchmark_responsive_fairness/data/ma_dreamer_symmetrical/5_flows/run27/ep000027_bw93_d71_n5.pdf  return=1055720.0
[ep_plot] ep=27 -> /its/home/mm2350/extra/Olympusv2/benchmarks/benchmark_responsive_fairness/data/ma_dreamer_symmetrical/5_flows/run27/ep000027_bw93_d71_n5.pdf  return=1055719.953125
[orch] ep=27 sum-of-agents return=1055720.0
[responsive_fairness] slot=7 ma_dreamer_symmetrical flows=5 run=37
[responsive_fairness] ma_dreamer_symmetrical flows=5 run=27 done (127/200)
[slot=7] ep=37  flows=5  bw=97Mbps  delay=87ms  duration=345s  delays=[0.0, 11.2, 22.5, 33.8, 45.0]  lifetimes=[345.0, 333.8, 322.5, 311.2, 300.0]
[worker cport=23300 agent=0] loaded checkpoint step=51200
[worker alg=ma_dreamer reward=tempest_fairness_ma_symetric cport=23300 agent=0 group=slot3_ep34 flow=1] started interval=20ms det=1 latent=8x8
[sao-listener] new flow 1 10.0.0.1:23800->10.0.0.6:5209 cc=astraea pid=471129 child=472594
[sao-listener] single-flow mode: attached worker; stopping ss scans
[sao-listener flow 1] cport=23800 cc=astraea worker active
[sao-listener] cport=23700 worker=/its/home/mm2350/extra/Olympusv2/olympus/algorithms/ma_dreamer/worker.py scan=20ms target_cc=astraea single_flow=1 no_state_pipe=1
[sao-listener] cport=23701 worker=/its/home/mm2350/extra/Olympusv2/olympus/algorithms/ma_dreamer/worker.py scan=20ms target_cc=astraea single_flow=1 no_state_pipe=1
[sao-listener] cport=23702 worker=/its/home/mm2350/extra/Olympusv2/olympus/algorithms/ma_dreamer/worker.py scan=20ms target_cc=astraea single_flow=1 no_state_pipe=1
[sao-listener] cport=23703 worker=/its/home/mm2350/extra/Olympusv2/olympus/algorithms/ma_dreamer/worker.py scan=20ms target_cc=astraea single_flow=1 no_state_pipe=1
[sao-listener] cport=23704 worker=/its/home/mm2350/extra/Olympusv2/olympus/algorithms/ma_dreamer/worker.py scan=20ms target_cc=astraea single_flow=1 no_state_pipe=1
[multi_ep_plot] saved -> /its/home/mm2350/extra/Olympusv2/benchmarks/benchmark_responsive_fairness/data/ma_dreamer_symmetrical/5_flows/run28/ep000028_bw24_d26_n5.pdf  return=1193698.2
[ep_plot] ep=28 -> /its/home/mm2350/extra/Olympusv2/benchmarks/benchmark_responsive_fairness/data/ma_dreamer_symmetrical/5_flows/run28/ep000028_bw24_d26_n5.pdf  return=1193698.234375
[orch] ep=28 sum-of-agents return=1193698.2
[responsive_fairness] slot=2 ma_dreamer_symmetrical flows=5 run=38
[responsive_fairness] ma_dreamer_symmetrical flows=5 run=28 done (128/200)
[slot=2] ep=38  flows=5  bw=91Mbps  delay=63ms  duration=345s  delays=[0.0, 11.2, 22.5, 33.8, 45.0]  lifetimes=[345.0, 333.8, 322.5, 311.2, 300.0]
[worker cport=23800 agent=0] loaded checkpoint step=51200
[worker alg=ma_dreamer reward=tempest_fairness_ma_symetric cport=23800 agent=0 group=slot8_ep35 flow=1] started interval=20ms det=1 latent=8x8
[sao-listener] cport=23200 worker=/its/home/mm2350/extra/Olympusv2/olympus/algorithms/ma_dreamer/worker.py scan=20ms target_cc=astraea single_flow=1 no_state_pipe=1
[sao-listener] new flow 1 10.0.0.1:23600->10.0.0.6:5207 cc=astraea pid=472365 child=474655
[sao-listener] single-flow mode: attached worker; stopping ss scans
[sao-listener flow 1] cport=23600 cc=astraea worker active
[sao-listener] cport=23201 worker=/its/home/mm2350/extra/Olympusv2/olympus/algorithms/ma_dreamer/worker.py scan=20ms target_cc=astraea single_flow=1 no_state_pipe=1
[sao-listener] cport=23202 worker=/its/home/mm2350/extra/Olympusv2/olympus/algorithms/ma_dreamer/worker.py scan=20ms target_cc=astraea single_flow=1 no_state_pipe=1
[sao-listener] cport=23203 worker=/its/home/mm2350/extra/Olympusv2/olympus/algorithms/ma_dreamer/worker.py scan=20ms target_cc=astraea single_flow=1 no_state_pipe=1
[sao-listener] cport=23204 worker=/its/home/mm2350/extra/Olympusv2/olympus/algorithms/ma_dreamer/worker.py scan=20ms target_cc=astraea single_flow=1 no_state_pipe=1
[multi_ep_plot] saved -> /its/home/mm2350/extra/Olympusv2/benchmarks/benchmark_responsive_fairness/data/ma_dreamer_symmetrical/5_flows/run29/ep000029_bw80_d19_n5.pdf  return=1206945.6
[ep_plot] ep=29 -> /its/home/mm2350/extra/Olympusv2/benchmarks/benchmark_responsive_fairness/data/ma_dreamer_symmetrical/5_flows/run29/ep000029_bw80_d19_n5.pdf  return=1206945.578125
[orch] ep=29 sum-of-agents return=1206945.6
[responsive_fairness] slot=0 ma_dreamer_symmetrical flows=5 run=39
[responsive_fairness] ma_dreamer_symmetrical flows=5 run=29 done (129/200)
[slot=0] ep=39  flows=5  bw=36Mbps  delay=43ms  duration=345s  delays=[0.0, 11.2, 22.5, 33.8, 45.0]  lifetimes=[345.0, 333.8, 322.5, 311.2, 300.0]
[worker cport=23600 agent=0] loaded checkpoint step=51200
[worker alg=ma_dreamer reward=tempest_fairness_ma_symetric cport=23600 agent=0 group=slot6_ep36 flow=1] started interval=20ms det=1 latent=8x8
[sao-listener] cport=23000 worker=/its/home/mm2350/extra/Olympusv2/olympus/algorithms/ma_dreamer/worker.py scan=20ms target_cc=astraea single_flow=1 no_state_pipe=1
[sao-listener] cport=23001 worker=/its/home/mm2350/extra/Olympusv2/olympus/algorithms/ma_dreamer/worker.py scan=20ms target_cc=astraea single_flow=1 no_state_pipe=1
[sao-listener] cport=23002 worker=/its/home/mm2350/extra/Olympusv2/olympus/algorithms/ma_dreamer/worker.py scan=20ms target_cc=astraea single_flow=1 no_state_pipe=1
[sao-listener] cport=23003 worker=/its/home/mm2350/extra/Olympusv2/olympus/algorithms/ma_dreamer/worker.py scan=20ms target_cc=astraea single_flow=1 no_state_pipe=1
[sao-listener] cport=23004 worker=/its/home/mm2350/extra/Olympusv2/olympus/algorithms/ma_dreamer/worker.py scan=20ms target_cc=astraea single_flow=1 no_state_pipe=1
[sao-listener] new flow 1 10.0.0.1:23700->10.0.0.6:5208 cc=astraea pid=473935 child=476853
[sao-listener] single-flow mode: attached worker; stopping ss scans
[sao-listener flow 1] cport=23700 cc=astraea worker active
[multi_ep_plot] saved -> /its/home/mm2350/extra/Olympusv2/benchmarks/benchmark_responsive_fairness/data/ma_dreamer_symmetrical/5_flows/run30/ep000030_bw79_d47_n5.pdf  return=1185219.1
[ep_plot] ep=30 -> /its/home/mm2350/extra/Olympusv2/benchmarks/benchmark_responsive_fairness/data/ma_dreamer_symmetrical/5_flows/run30/ep000030_bw79_d47_n5.pdf  return=1185219.125
[orch] ep=30 sum-of-agents return=1185219.1
[responsive_fairness] slot=1 ma_dreamer_symmetrical flows=5 run=40
[responsive_fairness] ma_dreamer_symmetrical flows=5 run=30 done (130/200)
[slot=1] ep=40  flows=5  bw=68Mbps  delay=84ms  duration=345s  delays=[0.0, 11.2, 22.5, 33.8, 45.0]  lifetimes=[345.0, 333.8, 322.5, 311.2, 300.0]
[worker cport=23700 agent=0] loaded checkpoint step=51200
[worker alg=ma_dreamer reward=tempest_fairness_ma_symetric cport=23700 agent=0 group=slot7_ep37 flow=1] started interval=20ms det=1 latent=8x8
[sao-listener] new flow 1 10.0.0.1:23200->10.0.0.6:5203 cc=astraea pid=475256 child=478419
[sao-listener] single-flow mode: attached worker; stopping ss scans
[sao-listener flow 1] cport=23200 cc=astraea worker active
[sao-listener] cport=23100 worker=/its/home/mm2350/extra/Olympusv2/olympus/algorithms/ma_dreamer/worker.py scan=20ms target_cc=astraea single_flow=1 no_state_pipe=1
[sao-listener] cport=23101 worker=/its/home/mm2350/extra/Olympusv2/olympus/algorithms/ma_dreamer/worker.py scan=20ms target_cc=astraea single_flow=1 no_state_pipe=1
[sao-listener] cport=23102 worker=/its/home/mm2350/extra/Olympusv2/olympus/algorithms/ma_dreamer/worker.py scan=20ms target_cc=astraea single_flow=1 no_state_pipe=1
[sao-listener] cport=23103 worker=/its/home/mm2350/extra/Olympusv2/olympus/algorithms/ma_dreamer/worker.py scan=20ms target_cc=astraea single_flow=1 no_state_pipe=1
[sao-listener] cport=23104 worker=/its/home/mm2350/extra/Olympusv2/olympus/algorithms/ma_dreamer/worker.py scan=20ms target_cc=astraea single_flow=1 no_state_pipe=1
[worker cport=23200 agent=0] loaded checkpoint step=51200
[worker alg=ma_dreamer reward=tempest_fairness_ma_symetric cport=23200 agent=0 group=slot2_ep38 flow=1] started interval=20ms det=1 latent=8x8
[sao-listener] new flow 1 10.0.0.1:23000->10.0.0.6:5201 cc=astraea pid=477237 child=480909
[sao-listener] single-flow mode: attached worker; stopping ss scans
[sao-listener flow 1] cport=23000 cc=astraea worker active
[worker cport=23000 agent=0] loaded checkpoint step=51200
[worker alg=ma_dreamer reward=tempest_fairness_ma_symetric cport=23000 agent=0 group=slot0_ep39 flow=1] started interval=20ms det=1 latent=8x8
[sao-listener] new flow 1 10.0.0.1:23100->10.0.0.6:5202 cc=astraea pid=479373 child=483002
[sao-listener] single-flow mode: attached worker; stopping ss scans
[sao-listener flow 1] cport=23100 cc=astraea worker active
[sao-listener] new flow 1 10.0.0.2:23501->10.0.0.7:5206 cc=astraea pid=481525 child=483010
[sao-listener] single-flow mode: attached worker; stopping ss scans
[sao-listener flow 1] cport=23501 cc=astraea worker active
[sao-listener] new flow 1 10.0.0.2:23801->10.0.0.7:5209 cc=astraea pid=483156 child=483629
[sao-listener] single-flow mode: attached worker; stopping ss scans
[sao-listener flow 1] cport=23801 cc=astraea worker active
[orch] link change t=15.0s bw=24 delay=60
[orch] link change t=15.0s bw=28 delay=48
[worker cport=23100 agent=0] loaded checkpoint step=51200
[worker alg=ma_dreamer reward=tempest_fairness_ma_symetric cport=23100 agent=0 group=slot1_ep40 flow=1] started interval=20ms det=1 latent=8x8
[sao-listener] new flow 1 10.0.0.2:23401->10.0.0.7:5205 cc=astraea pid=480551 child=484291
[sao-listener] single-flow mode: attached worker; stopping ss scans
[sao-listener flow 1] cport=23401 cc=astraea worker active
[worker cport=23501 agent=1] loaded checkpoint step=51200
[worker alg=ma_dreamer reward=tempest_fairness_ma_symetric cport=23501 agent=1 group=slot5_ep33 flow=1] started interval=20ms det=1 latent=8x8
[worker cport=23801 agent=1] loaded checkpoint step=51200
[worker alg=ma_dreamer reward=tempest_fairness_ma_symetric cport=23801 agent=1 group=slot8_ep35 flow=1] started interval=20ms det=1 latent=8x8
[orch] link change t=15.0s bw=90 delay=39
[worker cport=23401 agent=1] loaded checkpoint step=51200
[worker alg=ma_dreamer reward=tempest_fairness_ma_symetric cport=23401 agent=1 group=slot4_ep31 flow=1] started interval=20ms det=1 latent=8x8
[sao-listener] new flow 1 10.0.0.2:23901->10.0.0.7:5210 cc=astraea pid=480870 child=485387
[sao-listener] single-flow mode: attached worker; stopping ss scans
[sao-listener flow 1] cport=23901 cc=astraea worker active
[orch] link change t=15.0s bw=84 delay=13
[sao-listener] new flow 1 10.0.0.2:23301->10.0.0.7:5204 cc=astraea pid=482185 child=485884
[sao-listener] single-flow mode: attached worker; stopping ss scans
[sao-listener flow 1] cport=23301 cc=astraea worker active
[worker cport=23901 agent=1] loaded checkpoint step=51200
[worker alg=ma_dreamer reward=tempest_fairness_ma_symetric cport=23901 agent=1 group=slot9_ep32 flow=1] started interval=20ms det=1 latent=8x8
[sao-listener] new flow 1 10.0.0.2:23601->10.0.0.7:5207 cc=astraea pid=484367 child=486469
[sao-listener] single-flow mode: attached worker; stopping ss scans
[sao-listener flow 1] cport=23601 cc=astraea worker active
[orch] link change t=15.0s bw=26 delay=53
[worker cport=23301 agent=1] loaded checkpoint step=51200
[worker alg=ma_dreamer reward=tempest_fairness_ma_symetric cport=23301 agent=1 group=slot3_ep34 flow=1] started interval=20ms det=1 latent=8x8
[worker cport=23601 agent=1] loaded checkpoint step=51200
[worker alg=ma_dreamer reward=tempest_fairness_ma_symetric cport=23601 agent=1 group=slot6_ep36 flow=1] started interval=20ms det=1 latent=8x8
[orch] link change t=15.0s bw=12 delay=46
[orch] link change t=15.0s bw=21 delay=89
[sao-listener] new flow 1 10.0.0.2:23701->10.0.0.7:5208 cc=astraea pid=485671 child=488721
[sao-listener] single-flow mode: attached worker; stopping ss scans
[sao-listener flow 1] cport=23701 cc=astraea worker active
[sao-listener] new flow 1 10.0.0.2:23001->10.0.0.7:5201 cc=astraea pid=488433 child=489068
[sao-listener] single-flow mode: attached worker; stopping ss scans
[sao-listener flow 1] cport=23001 cc=astraea worker active
[orch] link change t=15.0s bw=64 delay=23
[worker cport=23701 agent=1] loaded checkpoint step=51200
[worker alg=ma_dreamer reward=tempest_fairness_ma_symetric cport=23701 agent=1 group=slot7_ep37 flow=1] started interval=20ms det=1 latent=8x8
[worker cport=23001 agent=1] loaded checkpoint step=51200
[worker alg=ma_dreamer reward=tempest_fairness_ma_symetric cport=23001 agent=1 group=slot0_ep39 flow=1] started interval=20ms det=1 latent=8x8
[sao-listener] new flow 1 10.0.0.2:23201->10.0.0.7:5203 cc=astraea pid=486721 child=490545
[sao-listener] single-flow mode: attached worker; stopping ss scans
[sao-listener flow 1] cport=23201 cc=astraea worker active
[sao-listener] new flow 1 10.0.0.2:23101->10.0.0.7:5202 cc=astraea pid=490263 child=491047
[sao-listener] single-flow mode: attached worker; stopping ss scans
[sao-listener flow 1] cport=23101 cc=astraea worker active
[orch] link change t=15.0s bw=59 delay=13
[worker cport=23201 agent=1] loaded checkpoint step=51200
[worker alg=ma_dreamer reward=tempest_fairness_ma_symetric cport=23201 agent=1 group=slot2_ep38 flow=1] started interval=20ms det=1 latent=8x8
[worker cport=23101 agent=1] loaded checkpoint step=51200
[worker alg=ma_dreamer reward=tempest_fairness_ma_symetric cport=23101 agent=1 group=slot1_ep40 flow=1] started interval=20ms det=1 latent=8x8
[sao-listener] new flow 1 10.0.0.3:23402->10.0.0.8:5205 cc=astraea pid=491509 child=492016
[sao-listener] single-flow mode: attached worker; stopping ss scans
[sao-listener flow 1] cport=23402 cc=astraea worker active
[sao-listener] new flow 1 10.0.0.3:23902->10.0.0.8:5210 cc=astraea pid=491800 child=492760
[sao-listener] single-flow mode: attached worker; stopping ss scans
[sao-listener flow 1] cport=23902 cc=astraea worker active
[worker cport=23402 agent=2] loaded checkpoint step=51200
[worker alg=ma_dreamer reward=tempest_fairness_ma_symetric cport=23402 agent=2 group=slot4_ep31 flow=1] started interval=20ms det=1 latent=8x8
[orch] link change t=15.0s bw=77 delay=14
[sao-listener] new flow 1 10.0.0.3:23302->10.0.0.8:5204 cc=astraea pid=493107 child=493227
[sao-listener] single-flow mode: attached worker; stopping ss scans
[sao-listener flow 1] cport=23302 cc=astraea worker active
[worker cport=23902 agent=2] loaded checkpoint step=51200
[worker alg=ma_dreamer reward=tempest_fairness_ma_symetric cport=23902 agent=2 group=slot9_ep32 flow=1] started interval=20ms det=1 latent=8x8
[worker cport=23302 agent=2] loaded checkpoint step=51200
[worker alg=ma_dreamer reward=tempest_fairness_ma_symetric cport=23302 agent=2 group=slot3_ep34 flow=1] started interval=20ms det=1 latent=8x8
[sao-listener] new flow 1 10.0.0.3:23502->10.0.0.8:5206 cc=astraea pid=492470 child=494453
[sao-listener] single-flow mode: attached worker; stopping ss scans
[sao-listener flow 1] cport=23502 cc=astraea worker active
[sao-listener] new flow 1 10.0.0.3:23802->10.0.0.8:5209 cc=astraea pid=493823 child=494839
[sao-listener] single-flow mode: attached worker; stopping ss scans
[sao-listener flow 1] cport=23802 cc=astraea worker active
[worker cport=23502 agent=2] loaded checkpoint step=51200
[worker alg=ma_dreamer reward=tempest_fairness_ma_symetric cport=23502 agent=2 group=slot5_ep33 flow=1] started interval=20ms det=1 latent=8x8
[worker cport=23802 agent=2] loaded checkpoint step=51200
[worker alg=ma_dreamer reward=tempest_fairness_ma_symetric cport=23802 agent=2 group=slot8_ep35 flow=1] started interval=20ms det=1 latent=8x8
[sao-listener] new flow 1 10.0.0.3:23602->10.0.0.8:5207 cc=astraea pid=494707 child=496687
[sao-listener] single-flow mode: attached worker; stopping ss scans
[sao-listener flow 1] cport=23602 cc=astraea worker active
[sao-listener] new flow 1 10.0.0.3:23202->10.0.0.8:5203 cc=astraea pid=496422 child=497019
[sao-listener] single-flow mode: attached worker; stopping ss scans
[sao-listener flow 1] cport=23202 cc=astraea worker active
[orch] link change t=30.0s bw=28 delay=97
[orch] link change t=30.0s bw=99 delay=40
[worker cport=23602 agent=2] loaded checkpoint step=51200
[worker alg=ma_dreamer reward=tempest_fairness_ma_symetric cport=23602 agent=2 group=slot6_ep36 flow=1] started interval=20ms det=1 latent=8x8
[worker cport=23202 agent=2] loaded checkpoint step=51200
[worker alg=ma_dreamer reward=tempest_fairness_ma_symetric cport=23202 agent=2 group=slot2_ep38 flow=1] started interval=20ms det=1 latent=8x8
[orch] link change t=30.0s bw=45 delay=71
[sao-listener] new flow 1 10.0.0.3:23702->10.0.0.8:5208 cc=astraea pid=495711 child=498278
[sao-listener] single-flow mode: attached worker; stopping ss scans
[sao-listener flow 1] cport=23702 cc=astraea worker active
[orch] link change t=30.0s bw=39 delay=13
[sao-listener] new flow 1 10.0.0.3:23002->10.0.0.8:5201 cc=astraea pid=497817 child=498536
[sao-listener] single-flow mode: attached worker; stopping ss scans
[sao-listener flow 1] cport=23002 cc=astraea worker active
[worker cport=23702 agent=2] loaded checkpoint step=51200
[worker alg=ma_dreamer reward=tempest_fairness_ma_symetric cport=23702 agent=2 group=slot7_ep37 flow=1] started interval=20ms det=1 latent=8x8
[orch] link change t=30.0s bw=29 delay=46
[worker cport=23002 agent=2] loaded checkpoint step=51200
[worker alg=ma_dreamer reward=tempest_fairness_ma_symetric cport=23002 agent=2 group=slot0_ep39 flow=1] started interval=20ms det=1 latent=8x8
[orch] link change t=30.0s bw=20 delay=10
[sao-listener] new flow 1 10.0.0.3:23102->10.0.0.8:5202 cc=astraea pid=499171 child=499890
[sao-listener] single-flow mode: attached worker; stopping ss scans
[sao-listener flow 1] cport=23102 cc=astraea worker active
[orch] link change t=30.0s bw=95 delay=91
[worker cport=23102 agent=2] loaded checkpoint step=51200
[worker alg=ma_dreamer reward=tempest_fairness_ma_symetric cport=23102 agent=2 group=slot1_ep40 flow=1] started interval=20ms det=1 latent=8x8
[sao-listener] new flow 1 10.0.0.4:23403->10.0.0.9:5205 cc=astraea pid=499978 child=500727
[sao-listener] single-flow mode: attached worker; stopping ss scans
[sao-listener flow 1] cport=23403 cc=astraea worker active
[orch] link change t=30.0s bw=18 delay=56
[sao-listener] new flow 1 10.0.0.4:23903->10.0.0.9:5210 cc=astraea pid=500179 child=501066
[sao-listener] single-flow mode: attached worker; stopping ss scans
[sao-listener flow 1] cport=23903 cc=astraea worker active
[worker cport=23403 agent=3] loaded checkpoint step=51200
[worker alg=ma_dreamer reward=tempest_fairness_ma_symetric cport=23403 agent=3 group=slot4_ep31 flow=1] started interval=20ms det=1 latent=8x8
[sao-listener] new flow 1 10.0.0.4:23303->10.0.0.9:5204 cc=astraea pid=501069 child=501397
[sao-listener] single-flow mode: attached worker; stopping ss scans
[sao-listener flow 1] cport=23303 cc=astraea worker active
[worker cport=23903 agent=3] loaded checkpoint step=51200
[worker alg=ma_dreamer reward=tempest_fairness_ma_symetric cport=23903 agent=3 group=slot9_ep32 flow=1] started interval=20ms det=1 latent=8x8
[worker cport=23303 agent=3] loaded checkpoint step=51200
[worker alg=ma_dreamer reward=tempest_fairness_ma_symetric cport=23303 agent=3 group=slot3_ep34 flow=1] started interval=20ms det=1 latent=8x8
[orch] link change t=30.0s bw=34 delay=38
[sao-listener] new flow 1 10.0.0.4:23503->10.0.0.9:5206 cc=astraea pid=500647 child=502261
[sao-listener] single-flow mode: attached worker; stopping ss scans
[sao-listener flow 1] cport=23503 cc=astraea worker active
[sao-listener] new flow 1 10.0.0.4:23803->10.0.0.9:5209 cc=astraea pid=501670 child=502506
[sao-listener] single-flow mode: attached worker; stopping ss scans
[sao-listener flow 1] cport=23803 cc=astraea worker active
[worker cport=23503 agent=3] loaded checkpoint step=51200
[worker alg=ma_dreamer reward=tempest_fairness_ma_symetric cport=23503 agent=3 group=slot5_ep33 flow=1] started interval=20ms det=1 latent=8x8
[worker cport=23803 agent=3] loaded checkpoint step=51200
[worker alg=ma_dreamer reward=tempest_fairness_ma_symetric cport=23803 agent=3 group=slot8_ep35 flow=1] started interval=20ms det=1 latent=8x8
[orch] link change t=30.0s bw=41 delay=46
[sao-listener] new flow 1 10.0.0.4:23603->10.0.0.9:5207 cc=astraea pid=502260 child=503702
[sao-listener] single-flow mode: attached worker; stopping ss scans
[sao-listener flow 1] cport=23603 cc=astraea worker active
[sao-listener] new flow 1 10.0.0.4:23203->10.0.0.9:5203 cc=astraea pid=503449 child=503874
[sao-listener] single-flow mode: attached worker; stopping ss scans
[sao-listener flow 1] cport=23203 cc=astraea worker active
[worker cport=23603 agent=3] loaded checkpoint step=51200
[worker alg=ma_dreamer reward=tempest_fairness_ma_symetric cport=23603 agent=3 group=slot6_ep36 flow=1] started interval=20ms det=1 latent=8x8
[worker cport=23203 agent=3] loaded checkpoint step=51200
[worker alg=ma_dreamer reward=tempest_fairness_ma_symetric cport=23203 agent=3 group=slot2_ep38 flow=1] started interval=20ms det=1 latent=8x8
[sao-listener] new flow 1 10.0.0.4:23703->10.0.0.9:5208 cc=astraea pid=502952 child=504630
[sao-listener] single-flow mode: attached worker; stopping ss scans
[sao-listener flow 1] cport=23703 cc=astraea worker active
[sao-listener] new flow 1 10.0.0.4:23003->10.0.0.9:5201 cc=astraea pid=504351 child=504802
[sao-listener] single-flow mode: attached worker; stopping ss scans
[sao-listener flow 1] cport=23003 cc=astraea worker active
[worker cport=23703 agent=3] loaded checkpoint step=51200
[worker alg=ma_dreamer reward=tempest_fairness_ma_symetric cport=23703 agent=3 group=slot7_ep37 flow=1] started interval=20ms det=1 latent=8x8
[worker cport=23003 agent=3] loaded checkpoint step=51200
[worker alg=ma_dreamer reward=tempest_fairness_ma_symetric cport=23003 agent=3 group=slot0_ep39 flow=1] started interval=20ms det=1 latent=8x8
[orch] link change t=45.0s bw=15 delay=27
[sao-listener] new flow 1 10.0.0.4:23103->10.0.0.9:5202 cc=astraea pid=505162 child=505522
[sao-listener] single-flow mode: attached worker; stopping ss scans
[sao-listener flow 1] cport=23103 cc=astraea worker active
[orch] link change t=45.0s bw=73 delay=13
[worker cport=23103 agent=3] loaded checkpoint step=51200
[worker alg=ma_dreamer reward=tempest_fairness_ma_symetric cport=23103 agent=3 group=slot1_ep40 flow=1] started interval=20ms det=1 latent=8x8
[orch] link change t=45.0s bw=93 delay=78
[sao-listener] new flow 1 10.0.0.5:23404->10.0.0.10:5205 cc=astraea pid=505670 child=505972
[sao-listener] single-flow mode: attached worker; stopping ss scans
[sao-listener flow 1] cport=23404 cc=astraea worker active
[orch] link change t=45.0s bw=59 delay=56
[worker cport=23404 agent=4] loaded checkpoint step=51200
[worker alg=ma_dreamer reward=tempest_fairness_ma_symetric cport=23404 agent=4 group=slot4_ep31 flow=1] started interval=20ms det=1 latent=8x8
[sao-listener] new flow 1 10.0.0.5:23904->10.0.0.10:5210 cc=astraea pid=505776 child=506343
[sao-listener] single-flow mode: attached worker; stopping ss scans
[sao-listener flow 1] cport=23904 cc=astraea worker active
[orch] link change t=45.0s bw=65 delay=42
[worker cport=23904 agent=4] loaded checkpoint step=51200
[worker alg=ma_dreamer reward=tempest_fairness_ma_symetric cport=23904 agent=4 group=slot9_ep32 flow=1] started interval=20ms det=1 latent=8x8
[orch] link change t=45.0s bw=74 delay=90
[sao-listener] new flow 1 10.0.0.5:23504->10.0.0.10:5206 cc=astraea pid=506078 child=506801
[sao-listener] single-flow mode: attached worker; stopping ss scans
[sao-listener flow 1] cport=23504 cc=astraea worker active
[sao-listener] new flow 1 10.0.0.5:23804->10.0.0.10:5209 cc=astraea pid=506554 child=506932
[sao-listener] single-flow mode: attached worker; stopping ss scans
[sao-listener flow 1] cport=23804 cc=astraea worker active
[orch] link change t=45.0s bw=75 delay=14
[worker cport=23504 agent=4] loaded checkpoint step=51200
[worker alg=ma_dreamer reward=tempest_fairness_ma_symetric cport=23504 agent=4 group=slot5_ep33 flow=1] started interval=20ms det=1 latent=8x8
[worker cport=23804 agent=4] loaded checkpoint step=51200
[worker alg=ma_dreamer reward=tempest_fairness_ma_symetric cport=23804 agent=4 group=slot8_ep35 flow=1] started interval=20ms det=1 latent=8x8
[orch] link change t=45.0s bw=99 delay=69
[sao-listener] new flow 1 10.0.0.5:23304->10.0.0.10:5204 cc=astraea pid=506307 child=507381
[sao-listener] single-flow mode: attached worker; stopping ss scans
[sao-listener flow 1] cport=23304 cc=astraea worker active
[sao-listener] new flow 1 10.0.0.5:23604->10.0.0.10:5207 cc=astraea pid=506890 child=507532
[sao-listener] single-flow mode: attached worker; stopping ss scans
[sao-listener flow 1] cport=23604 cc=astraea worker active
[worker cport=23304 agent=4] loaded checkpoint step=51200
[worker alg=ma_dreamer reward=tempest_fairness_ma_symetric cport=23304 agent=4 group=slot3_ep34 flow=1] started interval=20ms det=1 latent=8x8
[sao-listener] new flow 1 10.0.0.5:23204->10.0.0.10:5203 cc=astraea pid=507464 child=507658
[sao-listener] single-flow mode: attached worker; stopping ss scans
[sao-listener flow 1] cport=23204 cc=astraea worker active
[orch] link change t=45.0s bw=60 delay=82
[worker cport=23604 agent=4] loaded checkpoint step=51200
[worker alg=ma_dreamer reward=tempest_fairness_ma_symetric cport=23604 agent=4 group=slot6_ep36 flow=1] started interval=20ms det=1 latent=8x8
[worker cport=23204 agent=4] loaded checkpoint step=51200
[worker alg=ma_dreamer reward=tempest_fairness_ma_symetric cport=23204 agent=4 group=slot2_ep38 flow=1] started interval=20ms det=1 latent=8x8
[sao-listener] new flow 1 10.0.0.5:23704->10.0.0.10:5208 cc=astraea pid=507249 child=507961
[sao-listener] single-flow mode: attached worker; stopping ss scans
[sao-listener] new flow 1 10.0.0.5:23004->10.0.0.10:5201 cc=astraea pid=507893 child=507962
[sao-listener flow 1] cport=23704 cc=astraea worker active
[sao-listener] single-flow mode: attached worker; stopping ss scans
[sao-listener flow 1] cport=23004 cc=astraea worker active
[orch] link change t=45.0s bw=95 delay=91
[worker cport=23004 agent=4] loaded checkpoint step=51200
[worker alg=ma_dreamer reward=tempest_fairness_ma_symetric cport=23004 agent=4 group=slot0_ep39 flow=1] started interval=20ms det=1 latent=8x8
[worker cport=23704 agent=4] loaded checkpoint step=51200
[worker alg=ma_dreamer reward=tempest_fairness_ma_symetric cport=23704 agent=4 group=slot7_ep37 flow=1] started interval=20ms det=1 latent=8x8
[sao-listener] new flow 1 10.0.0.5:23104->10.0.0.10:5202 cc=astraea pid=508189 child=508224
[sao-listener] single-flow mode: attached worker; stopping ss scans
[sao-listener flow 1] cport=23104 cc=astraea worker active
[worker cport=23104 agent=4] loaded checkpoint step=51200
[worker alg=ma_dreamer reward=tempest_fairness_ma_symetric cport=23104 agent=4 group=slot1_ep40 flow=1] started interval=20ms det=1 latent=8x8
[orch] link change t=60.0s bw=24 delay=78
[orch] link change t=60.0s bw=14 delay=22
[orch] link change t=60.0s bw=77 delay=33
[orch] link change t=60.0s bw=18 delay=64
[orch] link change t=60.0s bw=82 delay=17
[orch] link change t=60.0s bw=32 delay=41
[orch] link change t=60.0s bw=90 delay=57
[orch] link change t=60.0s bw=57 delay=15
[orch] link change t=60.0s bw=10 delay=92
[orch] link change t=60.0s bw=95 delay=36
[orch] link change t=75.0s bw=39 delay=27
[orch] link change t=75.0s bw=51 delay=75
[orch] link change t=75.0s bw=93 delay=88
[orch] link change t=75.0s bw=49 delay=53
[orch] link change t=75.0s bw=77 delay=45
[orch] link change t=75.0s bw=44 delay=93
[orch] link change t=75.0s bw=66 delay=77
[orch] link change t=75.0s bw=87 delay=95
[orch] link change t=75.0s bw=42 delay=96
[orch] link change t=75.0s bw=26 delay=54
[orch] link change t=90.0s bw=28 delay=14
[orch] link change t=90.0s bw=52 delay=17
[orch] link change t=90.0s bw=74 delay=51
[orch] link change t=90.0s bw=22 delay=84
[orch] link change t=90.0s bw=93 delay=56
[orch] link change t=90.0s bw=65 delay=56
[orch] link change t=90.0s bw=23 delay=97
[orch] link change t=90.0s bw=31 delay=85
[orch] link change t=90.0s bw=55 delay=100
[orch] link change t=90.0s bw=45 delay=66
[orch] link change t=105.0s bw=94 delay=17
[orch] link change t=105.0s bw=76 delay=98
[orch] link change t=105.0s bw=97 delay=77
[orch] link change t=105.0s bw=75 delay=29
[orch] link change t=105.0s bw=84 delay=22
[orch] link change t=105.0s bw=81 delay=44
[orch] link change t=105.0s bw=68 delay=86
[orch] link change t=105.0s bw=54 delay=51
[orch] link change t=105.0s bw=32 delay=13
[orch] link change t=105.0s bw=13 delay=77
[orch] link change t=120.0s bw=27 delay=39
[orch] link change t=120.0s bw=70 delay=57
[orch] link change t=120.0s bw=71 delay=66
[orch] link change t=120.0s bw=22 delay=45
[orch] link change t=120.0s bw=56 delay=11
[orch] link change t=120.0s bw=79 delay=19
[orch] link change t=120.0s bw=46 delay=58
[orch] link change t=120.0s bw=44 delay=100
[orch] link change t=120.0s bw=47 delay=96
[orch] link change t=120.0s bw=26 delay=17
[orch] link change t=135.0s bw=78 delay=67
[orch] link change t=135.0s bw=86 delay=10
[orch] link change t=135.0s bw=46 delay=96
[orch] link change t=135.0s bw=54 delay=88
[orch] link change t=135.0s bw=75 delay=11
[orch] link change t=135.0s bw=83 delay=62
[orch] link change t=135.0s bw=64 delay=66
[orch] link change t=135.0s bw=52 delay=89
[orch] link change t=135.0s bw=19 delay=56
[orch] link change t=135.0s bw=92 delay=35
[orch] link change t=150.0s bw=77 delay=62
[orch] link change t=150.0s bw=79 delay=26
[orch] link change t=150.0s bw=91 delay=19
[orch] link change t=150.0s bw=10 delay=29
[orch] link change t=150.0s bw=22 delay=73
[orch] link change t=150.0s bw=72 delay=59
[orch] link change t=150.0s bw=28 delay=16
[orch] link change t=150.0s bw=49 delay=70
[orch] link change t=150.0s bw=11 delay=23
[orch] link change t=150.0s bw=89 delay=100
[orch] link change t=165.0s bw=36 delay=85
[orch] link change t=165.0s bw=77 delay=11
[orch] link change t=165.0s bw=48 delay=62
[orch] link change t=165.0s bw=77 delay=21
[orch] link change t=165.0s bw=57 delay=13
[orch] link change t=165.0s bw=54 delay=60
[orch] link change t=165.0s bw=21 delay=62
[orch] link change t=165.0s bw=84 delay=61
[orch] link change t=165.0s bw=64 delay=54
[orch] link change t=165.0s bw=68 delay=16
[orch] link change t=180.0s bw=21 delay=25
[orch] link change t=180.0s bw=72 delay=35
[orch] link change t=180.0s bw=49 delay=76
[orch] link change t=180.0s bw=17 delay=57
[orch] link change t=180.0s bw=53 delay=96
[orch] link change t=180.0s bw=41 delay=60
[orch] link change t=180.0s bw=19 delay=79
[orch] link change t=180.0s bw=38 delay=88
[orch] link change t=180.0s bw=64 delay=22
[orch] link change t=180.0s bw=32 delay=87
[orch] link change t=195.0s bw=12 delay=61
[orch] link change t=195.0s bw=46 delay=35
[orch] link change t=195.0s bw=73 delay=16
[orch] link change t=195.0s bw=42 delay=80
[orch] link change t=195.0s bw=73 delay=16
[orch] link change t=195.0s bw=31 delay=25
[orch] link change t=195.0s bw=46 delay=56
[orch] link change t=195.0s bw=20 delay=77
[orch] link change t=195.0s bw=60 delay=75
[orch] link change t=195.0s bw=50 delay=24
[orch] link change t=210.0s bw=53 delay=35
[orch] link change t=210.0s bw=67 delay=20
[orch] link change t=210.0s bw=87 delay=96
[orch] link change t=210.0s bw=100 delay=17
[orch] link change t=210.0s bw=12 delay=40
[orch] link change t=210.0s bw=75 delay=73
[orch] link change t=210.0s bw=92 delay=100
[orch] link change t=210.0s bw=72 delay=28
[orch] link change t=210.0s bw=84 delay=48
[orch] link change t=210.0s bw=42 delay=51
[orch] link change t=225.0s bw=36 delay=52
[orch] link change t=225.0s bw=52 delay=25
[orch] link change t=225.0s bw=64 delay=45
[orch] link change t=225.0s bw=59 delay=31
[orch] link change t=225.0s bw=51 delay=20
[orch] link change t=225.0s bw=99 delay=36
[orch] link change t=225.0s bw=65 delay=85
[orch] link change t=225.0s bw=65 delay=77
[orch] link change t=225.0s bw=44 delay=18
[orch] link change t=225.0s bw=28 delay=75
[orch] link change t=240.0s bw=60 delay=56
[orch] link change t=240.0s bw=14 delay=77
[orch] link change t=240.0s bw=50 delay=81
[orch] link change t=240.0s bw=85 delay=91
[orch] link change t=240.0s bw=30 delay=53
[orch] link change t=240.0s bw=77 delay=47
[orch] link change t=240.0s bw=82 delay=56
[orch] link change t=240.0s bw=41 delay=11
[orch] link change t=240.0s bw=68 delay=65
[orch] link change t=240.0s bw=97 delay=76
[orch] link change t=255.0s bw=86 delay=41
[orch] link change t=255.0s bw=24 delay=30
[orch] link change t=255.0s bw=97 delay=41
[orch] link change t=255.0s bw=49 delay=47
[orch] link change t=255.0s bw=31 delay=82
[orch] link change t=255.0s bw=33 delay=72
[orch] link change t=255.0s bw=91 delay=100
[orch] link change t=255.0s bw=58 delay=57
[orch] link change t=255.0s bw=42 delay=83
[orch] link change t=255.0s bw=22 delay=62
[orch] link change t=270.0s bw=36 delay=37
[orch] link change t=270.0s bw=66 delay=12
[orch] link change t=270.0s bw=25 delay=17
[orch] link change t=270.0s bw=58 delay=50
[orch] link change t=270.0s bw=19 delay=71
[orch] link change t=270.0s bw=100 delay=85
[orch] link change t=270.0s bw=83 delay=14
[orch] link change t=270.0s bw=78 delay=97
[orch] link change t=270.0s bw=51 delay=82
[orch] link change t=270.0s bw=16 delay=50
[orch] link change t=285.0s bw=63 delay=84
[orch] link change t=285.0s bw=65 delay=16
[orch] link change t=285.0s bw=50 delay=46
[orch] link change t=285.0s bw=37 delay=36
[orch] link change t=285.0s bw=56 delay=20
[orch] link change t=285.0s bw=51 delay=80
[orch] link change t=285.0s bw=77 delay=89
[orch] link change t=285.0s bw=88 delay=74
[orch] link change t=285.0s bw=10 delay=100
[orch] link change t=285.0s bw=52 delay=39
[orch] link change t=300.0s bw=94 delay=80
[orch] link change t=300.0s bw=14 delay=81
[orch] link change t=300.0s bw=37 delay=18
[orch] link change t=300.0s bw=67 delay=78
[orch] link change t=300.0s bw=47 delay=30
[orch] link change t=300.0s bw=31 delay=10
[orch] link change t=300.0s bw=37 delay=74
[orch] link change t=300.0s bw=13 delay=28
[orch] link change t=300.0s bw=15 delay=93
[orch] link change t=300.0s bw=29 delay=49
[orch] link change t=315.0s bw=17 delay=16
[orch] link change t=315.0s bw=55 delay=39
[orch] link change t=315.0s bw=56 delay=25
[orch] link change t=315.0s bw=32 delay=87
[orch] link change t=315.0s bw=83 delay=19
[orch] link change t=315.0s bw=86 delay=59
[orch] link change t=315.0s bw=63 delay=18
[orch] link change t=315.0s bw=70 delay=23
[orch] link change t=315.0s bw=34 delay=89
[orch] link change t=315.0s bw=30 delay=76
[orch] link change t=330.0s bw=33 delay=55
[orch] link change t=330.0s bw=30 delay=69
[orch] link change t=330.0s bw=93 delay=51
[orch] link change t=330.0s bw=26 delay=83
[orch] link change t=330.0s bw=96 delay=26
[orch] link change t=330.0s bw=73 delay=27
[orch] link change t=330.0s bw=11 delay=10
[orch] link change t=330.0s bw=42 delay=24
[orch] link change t=330.0s bw=89 delay=71
[orch] link change t=330.0s bw=49 delay=99
[multi_ep_plot] saved -> /its/home/mm2350/extra/Olympusv2/benchmarks/benchmark_responsive_fairness/data/ma_dreamer_symmetrical/5_flows/run31/ep000031_bw11_d70_n5.pdf  return=1100203.4
[ep_plot] ep=31 -> /its/home/mm2350/extra/Olympusv2/benchmarks/benchmark_responsive_fairness/data/ma_dreamer_symmetrical/5_flows/run31/ep000031_bw11_d70_n5.pdf  return=1100203.4375
[orch] ep=31 sum-of-agents return=1100203.4
[responsive_fairness] slot=4 ma_dreamer_symmetrical flows=5 run=41
[responsive_fairness] ma_dreamer_symmetrical flows=5 run=31 done (131/200)
[slot=4] ep=41  flows=5  bw=58Mbps  delay=52ms  duration=345s  delays=[0.0, 11.2, 22.5, 33.8, 45.0]  lifetimes=[345.0, 333.8, 322.5, 311.2, 300.0]
[multi_ep_plot] saved -> /its/home/mm2350/extra/Olympusv2/benchmarks/benchmark_responsive_fairness/data/ma_dreamer_symmetrical/5_flows/run32/ep000032_bw19_d37_n5.pdf  return=1237501.8
[ep_plot] ep=32 -> /its/home/mm2350/extra/Olympusv2/benchmarks/benchmark_responsive_fairness/data/ma_dreamer_symmetrical/5_flows/run32/ep000032_bw19_d37_n5.pdf  return=1237501.75
[orch] ep=32 sum-of-agents return=1237501.8
[responsive_fairness] slot=9 ma_dreamer_symmetrical flows=5 run=42
[responsive_fairness] ma_dreamer_symmetrical flows=5 run=32 done (132/200)
[slot=9] ep=42  flows=5  bw=91Mbps  delay=24ms  duration=345s  delays=[0.0, 11.2, 22.5, 33.8, 45.0]  lifetimes=[345.0, 333.8, 322.5, 311.2, 300.0]
[sao-listener] cport=23400 worker=/its/home/mm2350/extra/Olympusv2/olympus/algorithms/ma_dreamer/worker.py scan=20ms target_cc=astraea single_flow=1 no_state_pipe=1
[sao-listener] cport=23401 worker=/its/home/mm2350/extra/Olympusv2/olympus/algorithms/ma_dreamer/worker.py scan=20ms target_cc=astraea single_flow=1 no_state_pipe=1
[sao-listener] cport=23402 worker=/its/home/mm2350/extra/Olympusv2/olympus/algorithms/ma_dreamer/worker.py scan=20ms target_cc=astraea single_flow=1 no_state_pipe=1
[sao-listener] cport=23403 worker=/its/home/mm2350/extra/Olympusv2/olympus/algorithms/ma_dreamer/worker.py scan=20ms target_cc=astraea single_flow=1 no_state_pipe=1
[sao-listener] cport=23404 worker=/its/home/mm2350/extra/Olympusv2/olympus/algorithms/ma_dreamer/worker.py scan=20ms target_cc=astraea single_flow=1 no_state_pipe=1
[multi_ep_plot] saved -> /its/home/mm2350/extra/Olympusv2/benchmarks/benchmark_responsive_fairness/data/ma_dreamer_symmetrical/5_flows/run33/ep000033_bw83_d31_n5.pdf  return=1331562.6
[ep_plot] ep=33 -> /its/home/mm2350/extra/Olympusv2/benchmarks/benchmark_responsive_fairness/data/ma_dreamer_symmetrical/5_flows/run33/ep000033_bw83_d31_n5.pdf  return=1331562.5625
[orch] ep=33 sum-of-agents return=1331562.6
[responsive_fairness] slot=5 ma_dreamer_symmetrical flows=5 run=43
[responsive_fairness] ma_dreamer_symmetrical flows=5 run=33 done (133/200)
[slot=5] ep=43  flows=5  bw=14Mbps  delay=46ms  duration=345s  delays=[0.0, 11.2, 22.5, 33.8, 45.0]  lifetimes=[345.0, 333.8, 322.5, 311.2, 300.0]
[sao-listener] cport=23900 worker=/its/home/mm2350/extra/Olympusv2/olympus/algorithms/ma_dreamer/worker.py scan=20ms target_cc=astraea single_flow=1 no_state_pipe=1
[sao-listener] cport=23901 worker=/its/home/mm2350/extra/Olympusv2/olympus/algorithms/ma_dreamer/worker.py scan=20ms target_cc=astraea single_flow=1 no_state_pipe=1
[sao-listener] cport=23902 worker=/its/home/mm2350/extra/Olympusv2/olympus/algorithms/ma_dreamer/worker.py scan=20ms target_cc=astraea single_flow=1 no_state_pipe=1
[sao-listener] cport=23903 worker=/its/home/mm2350/extra/Olympusv2/olympus/algorithms/ma_dreamer/worker.py scan=20ms target_cc=astraea single_flow=1 no_state_pipe=1
[sao-listener] cport=23904 worker=/its/home/mm2350/extra/Olympusv2/olympus/algorithms/ma_dreamer/worker.py scan=20ms target_cc=astraea single_flow=1 no_state_pipe=1
[sao-listener] new flow 1 10.0.0.1:23400->10.0.0.6:5205 cc=astraea pid=512098 child=512451
[sao-listener] single-flow mode: attached worker; stopping ss scans
[sao-listener flow 1] cport=23400 cc=astraea worker active
[sao-listener] cport=23500 worker=/its/home/mm2350/extra/Olympusv2/olympus/algorithms/ma_dreamer/worker.py scan=20ms target_cc=astraea single_flow=1 no_state_pipe=1
[sao-listener] cport=23501 worker=/its/home/mm2350/extra/Olympusv2/olympus/algorithms/ma_dreamer/worker.py scan=20ms target_cc=astraea single_flow=1 no_state_pipe=1
[sao-listener] cport=23502 worker=/its/home/mm2350/extra/Olympusv2/olympus/algorithms/ma_dreamer/worker.py scan=20ms target_cc=astraea single_flow=1 no_state_pipe=1
[sao-listener] cport=23503 worker=/its/home/mm2350/extra/Olympusv2/olympus/algorithms/ma_dreamer/worker.py scan=20ms target_cc=astraea single_flow=1 no_state_pipe=1
[sao-listener] cport=23504 worker=/its/home/mm2350/extra/Olympusv2/olympus/algorithms/ma_dreamer/worker.py scan=20ms target_cc=astraea single_flow=1 no_state_pipe=1
[multi_ep_plot] saved -> /its/home/mm2350/extra/Olympusv2/benchmarks/benchmark_responsive_fairness/data/ma_dreamer_symmetrical/5_flows/run34/ep000034_bw77_d55_n5.pdf  return=1174666.8
[ep_plot] ep=34 -> /its/home/mm2350/extra/Olympusv2/benchmarks/benchmark_responsive_fairness/data/ma_dreamer_symmetrical/5_flows/run34/ep000034_bw77_d55_n5.pdf  return=1174666.78125
[orch] ep=34 sum-of-agents return=1174666.8
[responsive_fairness] slot=3 ma_dreamer_symmetrical flows=5 run=44
[responsive_fairness] ma_dreamer_symmetrical flows=5 run=34 done (134/200)
[slot=3] ep=44  flows=5  bw=62Mbps  delay=76ms  duration=345s  delays=[0.0, 11.2, 22.5, 33.8, 45.0]  lifetimes=[345.0, 333.8, 322.5, 311.2, 300.0]
[sao-listener] new flow 1 10.0.0.1:23900->10.0.0.6:5210 cc=astraea pid=512622 child=513402
[sao-listener] single-flow mode: attached worker; stopping ss scans
[sao-listener flow 1] cport=23900 cc=astraea worker active
[worker cport=23400 agent=0] loaded checkpoint step=51200
[worker alg=ma_dreamer reward=tempest_fairness_ma_symetric cport=23400 agent=0 group=slot4_ep41 flow=1] started interval=20ms det=1 latent=8x8
[multi_ep_plot] saved -> /its/home/mm2350/extra/Olympusv2/benchmarks/benchmark_responsive_fairness/data/ma_dreamer_symmetrical/5_flows/run35/ep000035_bw80_d52_n5.pdf  return=1297624.2
[ep_plot] ep=35 -> /its/home/mm2350/extra/Olympusv2/benchmarks/benchmark_responsive_fairness/data/ma_dreamer_symmetrical/5_flows/run35/ep000035_bw80_d52_n5.pdf  return=1297624.15625
[orch] ep=35 sum-of-agents return=1297624.2
[responsive_fairness] slot=8 ma_dreamer_symmetrical flows=5 run=45
[responsive_fairness] ma_dreamer_symmetrical flows=5 run=35 done (135/200)
[slot=8] ep=45  flows=5  bw=44Mbps  delay=63ms  duration=345s  delays=[0.0, 11.2, 22.5, 33.8, 45.0]  lifetimes=[345.0, 333.8, 322.5, 311.2, 300.0]
[sao-listener] cport=23300 worker=/its/home/mm2350/extra/Olympusv2/olympus/algorithms/ma_dreamer/worker.py scan=20ms target_cc=astraea single_flow=1 no_state_pipe=1
[sao-listener] cport=23301 worker=/its/home/mm2350/extra/Olympusv2/olympus/algorithms/ma_dreamer/worker.py scan=20ms target_cc=astraea single_flow=1 no_state_pipe=1
[sao-listener] cport=23302 worker=/its/home/mm2350/extra/Olympusv2/olympus/algorithms/ma_dreamer/worker.py scan=20ms target_cc=astraea single_flow=1 no_state_pipe=1
[sao-listener] cport=23303 worker=/its/home/mm2350/extra/Olympusv2/olympus/algorithms/ma_dreamer/worker.py scan=20ms target_cc=astraea single_flow=1 no_state_pipe=1
[sao-listener] cport=23304 worker=/its/home/mm2350/extra/Olympusv2/olympus/algorithms/ma_dreamer/worker.py scan=20ms target_cc=astraea single_flow=1 no_state_pipe=1
[worker cport=23900 agent=0] loaded checkpoint step=51200
[worker alg=ma_dreamer reward=tempest_fairness_ma_symetric cport=23900 agent=0 group=slot9_ep42 flow=1] started interval=20ms det=1 latent=8x8
[sao-listener] cport=23800 worker=/its/home/mm2350/extra/Olympusv2/olympus/algorithms/ma_dreamer/worker.py scan=20ms target_cc=astraea single_flow=1 no_state_pipe=1
[sao-listener] cport=23801 worker=/its/home/mm2350/extra/Olympusv2/olympus/algorithms/ma_dreamer/worker.py scan=20ms target_cc=astraea single_flow=1 no_state_pipe=1
[sao-listener] cport=23802 worker=/its/home/mm2350/extra/Olympusv2/olympus/algorithms/ma_dreamer/worker.py scan=20ms target_cc=astraea single_flow=1 no_state_pipe=1
[sao-listener] cport=23803 worker=/its/home/mm2350/extra/Olympusv2/olympus/algorithms/ma_dreamer/worker.py scan=20ms target_cc=astraea single_flow=1 no_state_pipe=1
[sao-listener] new flow 1 10.0.0.1:23500->10.0.0.6:5206 cc=astraea pid=513293 child=514916
[sao-listener] single-flow mode: attached worker; stopping ss scans
[sao-listener flow 1] cport=23500 cc=astraea worker active
[sao-listener] cport=23804 worker=/its/home/mm2350/extra/Olympusv2/olympus/algorithms/ma_dreamer/worker.py scan=20ms target_cc=astraea single_flow=1 no_state_pipe=1
[multi_ep_plot] saved -> /its/home/mm2350/extra/Olympusv2/benchmarks/benchmark_responsive_fairness/data/ma_dreamer_symmetrical/5_flows/run36/ep000036_bw52_d17_n5.pdf  return=1229436.7
[ep_plot] ep=36 -> /its/home/mm2350/extra/Olympusv2/benchmarks/benchmark_responsive_fairness/data/ma_dreamer_symmetrical/5_flows/run36/ep000036_bw52_d17_n5.pdf  return=1229436.65625
[orch] ep=36 sum-of-agents return=1229436.7
[responsive_fairness] slot=6 ma_dreamer_symmetrical flows=5 run=46
[responsive_fairness] ma_dreamer_symmetrical flows=5 run=36 done (136/200)
[slot=6] ep=46  flows=5  bw=19Mbps  delay=61ms  duration=345s  delays=[0.0, 11.2, 22.5, 33.8, 45.0]  lifetimes=[345.0, 333.8, 322.5, 311.2, 300.0]
[worker cport=23500 agent=0] loaded checkpoint step=51200
[worker alg=ma_dreamer reward=tempest_fairness_ma_symetric cport=23500 agent=0 group=slot5_ep43 flow=1] started interval=20ms det=1 latent=8x8
[sao-listener] new flow 1 10.0.0.1:23300->10.0.0.6:5204 cc=astraea pid=514567 child=515991
[sao-listener] single-flow mode: attached worker; stopping ss scans
[sao-listener flow 1] cport=23300 cc=astraea worker active
[sao-listener] cport=23600 worker=/its/home/mm2350/extra/Olympusv2/olympus/algorithms/ma_dreamer/worker.py scan=20ms target_cc=astraea single_flow=1 no_state_pipe=1
[sao-listener] cport=23601 worker=/its/home/mm2350/extra/Olympusv2/olympus/algorithms/ma_dreamer/worker.py scan=20ms target_cc=astraea single_flow=1 no_state_pipe=1
[sao-listener] cport=23602 worker=/its/home/mm2350/extra/Olympusv2/olympus/algorithms/ma_dreamer/worker.py scan=20ms target_cc=astraea single_flow=1 no_state_pipe=1
[sao-listener] cport=23603 worker=/its/home/mm2350/extra/Olympusv2/olympus/algorithms/ma_dreamer/worker.py scan=20ms target_cc=astraea single_flow=1 no_state_pipe=1
[sao-listener] cport=23604 worker=/its/home/mm2350/extra/Olympusv2/olympus/algorithms/ma_dreamer/worker.py scan=20ms target_cc=astraea single_flow=1 no_state_pipe=1
[multi_ep_plot] saved -> /its/home/mm2350/extra/Olympusv2/benchmarks/benchmark_responsive_fairness/data/ma_dreamer_symmetrical/5_flows/run37/ep000037_bw97_d87_n5.pdf  return=1039600.2
[ep_plot] ep=37 -> /its/home/mm2350/extra/Olympusv2/benchmarks/benchmark_responsive_fairness/data/ma_dreamer_symmetrical/5_flows/run37/ep000037_bw97_d87_n5.pdf  return=1039600.25
[orch] ep=37 sum-of-agents return=1039600.2
[responsive_fairness] slot=7 ma_dreamer_symmetrical flows=5 run=47
[responsive_fairness] ma_dreamer_symmetrical flows=5 run=37 done (137/200)
[slot=7] ep=47  flows=5  bw=55Mbps  delay=18ms  duration=345s  delays=[0.0, 11.2, 22.5, 33.8, 45.0]  lifetimes=[345.0, 333.8, 322.5, 311.2, 300.0]
[worker cport=23300 agent=0] loaded checkpoint step=51200
[worker alg=ma_dreamer reward=tempest_fairness_ma_symetric cport=23300 agent=0 group=slot3_ep44 flow=1] started interval=20ms det=1 latent=8x8
[sao-listener] new flow 1 10.0.0.1:23800->10.0.0.6:5209 cc=astraea pid=515286 child=517166
[sao-listener] single-flow mode: attached worker; stopping ss scans
[sao-listener flow 1] cport=23800 cc=astraea worker active
[sao-listener] cport=23700 worker=/its/home/mm2350/extra/Olympusv2/olympus/algorithms/ma_dreamer/worker.py scan=20ms target_cc=astraea single_flow=1 no_state_pipe=1
[sao-listener] cport=23701 worker=/its/home/mm2350/extra/Olympusv2/olympus/algorithms/ma_dreamer/worker.py scan=20ms target_cc=astraea single_flow=1 no_state_pipe=1
[sao-listener] cport=23702 worker=/its/home/mm2350/extra/Olympusv2/olympus/algorithms/ma_dreamer/worker.py scan=20ms target_cc=astraea single_flow=1 no_state_pipe=1
[sao-listener] cport=23703 worker=/its/home/mm2350/extra/Olympusv2/olympus/algorithms/ma_dreamer/worker.py scan=20ms target_cc=astraea single_flow=1 no_state_pipe=1
[sao-listener] cport=23704 worker=/its/home/mm2350/extra/Olympusv2/olympus/algorithms/ma_dreamer/worker.py scan=20ms target_cc=astraea single_flow=1 no_state_pipe=1
[multi_ep_plot] saved -> /its/home/mm2350/extra/Olympusv2/benchmarks/benchmark_responsive_fairness/data/ma_dreamer_symmetrical/5_flows/run38/ep000038_bw91_d63_n5.pdf  return=1218742.3
[ep_plot] ep=38 -> /its/home/mm2350/extra/Olympusv2/benchmarks/benchmark_responsive_fairness/data/ma_dreamer_symmetrical/5_flows/run38/ep000038_bw91_d63_n5.pdf  return=1218742.3125
[orch] ep=38 sum-of-agents return=1218742.3
[responsive_fairness] slot=2 ma_dreamer_symmetrical flows=5 run=48
[responsive_fairness] ma_dreamer_symmetrical flows=5 run=38 done (138/200)
[slot=2] ep=48  flows=5  bw=80Mbps  delay=50ms  duration=345s  delays=[0.0, 11.2, 22.5, 33.8, 45.0]  lifetimes=[345.0, 333.8, 322.5, 311.2, 300.0]
[worker cport=23800 agent=0] loaded checkpoint step=51200
[worker alg=ma_dreamer reward=tempest_fairness_ma_symetric cport=23800 agent=0 group=slot8_ep45 flow=1] started interval=20ms det=1 latent=8x8
[sao-listener] new flow 1 10.0.0.1:23600->10.0.0.6:5207 cc=astraea pid=516875 child=519066
[sao-listener] single-flow mode: attached worker; stopping ss scans
[sao-listener flow 1] cport=23600 cc=astraea worker active
[sao-listener] cport=23200 worker=/its/home/mm2350/extra/Olympusv2/olympus/algorithms/ma_dreamer/worker.py scan=20ms target_cc=astraea single_flow=1 no_state_pipe=1
[sao-listener] cport=23201 worker=/its/home/mm2350/extra/Olympusv2/olympus/algorithms/ma_dreamer/worker.py scan=20ms target_cc=astraea single_flow=1 no_state_pipe=1
[sao-listener] cport=23202 worker=/its/home/mm2350/extra/Olympusv2/olympus/algorithms/ma_dreamer/worker.py scan=20ms target_cc=astraea single_flow=1 no_state_pipe=1
[sao-listener] cport=23203 worker=/its/home/mm2350/extra/Olympusv2/olympus/algorithms/ma_dreamer/worker.py scan=20ms target_cc=astraea single_flow=1 no_state_pipe=1
[sao-listener] cport=23204 worker=/its/home/mm2350/extra/Olympusv2/olympus/algorithms/ma_dreamer/worker.py scan=20ms target_cc=astraea single_flow=1 no_state_pipe=1
[worker cport=23600 agent=0] loaded checkpoint step=51200
[worker alg=ma_dreamer reward=tempest_fairness_ma_symetric cport=23600 agent=0 group=slot6_ep46 flow=1] started interval=20ms det=1 latent=8x8
[multi_ep_plot] saved -> /its/home/mm2350/extra/Olympusv2/benchmarks/benchmark_responsive_fairness/data/ma_dreamer_symmetrical/5_flows/run39/ep000039_bw36_d43_n5.pdf  return=1070393.1
[ep_plot] ep=39 -> /its/home/mm2350/extra/Olympusv2/benchmarks/benchmark_responsive_fairness/data/ma_dreamer_symmetrical/5_flows/run39/ep000039_bw36_d43_n5.pdf  return=1070393.140625
[orch] ep=39 sum-of-agents return=1070393.1
[responsive_fairness] slot=0 ma_dreamer_symmetrical flows=5 run=49
[responsive_fairness] ma_dreamer_symmetrical flows=5 run=39 done (139/200)
[slot=0] ep=49  flows=5  bw=18Mbps  delay=54ms  duration=345s  delays=[0.0, 11.2, 22.5, 33.8, 45.0]  lifetimes=[345.0, 333.8, 322.5, 311.2, 300.0]
[sao-listener] new flow 1 10.0.0.1:23700->10.0.0.6:5208 cc=astraea pid=518453 child=520824
[sao-listener] single-flow mode: attached worker; stopping ss scans
[sao-listener flow 1] cport=23700 cc=astraea worker active
[sao-listener] cport=23000 worker=/its/home/mm2350/extra/Olympusv2/olympus/algorithms/ma_dreamer/worker.py scan=20ms target_cc=astraea single_flow=1 no_state_pipe=1
[sao-listener] cport=23001 worker=/its/home/mm2350/extra/Olympusv2/olympus/algorithms/ma_dreamer/worker.py scan=20ms target_cc=astraea single_flow=1 no_state_pipe=1
[sao-listener] cport=23002 worker=/its/home/mm2350/extra/Olympusv2/olympus/algorithms/ma_dreamer/worker.py scan=20ms target_cc=astraea single_flow=1 no_state_pipe=1
[sao-listener] cport=23003 worker=/its/home/mm2350/extra/Olympusv2/olympus/algorithms/ma_dreamer/worker.py scan=20ms target_cc=astraea single_flow=1 no_state_pipe=1
[sao-listener] cport=23004 worker=/its/home/mm2350/extra/Olympusv2/olympus/algorithms/ma_dreamer/worker.py scan=20ms target_cc=astraea single_flow=1 no_state_pipe=1
[worker cport=23700 agent=0] loaded checkpoint step=51200
[worker alg=ma_dreamer reward=tempest_fairness_ma_symetric cport=23700 agent=0 group=slot7_ep47 flow=1] started interval=20ms det=1 latent=8x8
[sao-listener] new flow 1 10.0.0.1:23200->10.0.0.6:5203 cc=astraea pid=519782 child=522730
[sao-listener] single-flow mode: attached worker; stopping ss scans
[sao-listener flow 1] cport=23200 cc=astraea worker active
[multi_ep_plot] saved -> /its/home/mm2350/extra/Olympusv2/benchmarks/benchmark_responsive_fairness/data/ma_dreamer_symmetrical/5_flows/run40/ep000040_bw68_d84_n5.pdf  return=1196608.8
[ep_plot] ep=40 -> /its/home/mm2350/extra/Olympusv2/benchmarks/benchmark_responsive_fairness/data/ma_dreamer_symmetrical/5_flows/run40/ep000040_bw68_d84_n5.pdf  return=1196608.765625
[orch] ep=40 sum-of-agents return=1196608.8
[responsive_fairness] slot=1 ma_dreamer_symmetrical flows=5 run=50
[responsive_fairness] ma_dreamer_symmetrical flows=5 run=40 done (140/200)
[slot=1] ep=50  flows=5  bw=73Mbps  delay=44ms  duration=345s  delays=[0.0, 11.2, 22.5, 33.8, 45.0]  lifetimes=[345.0, 333.8, 322.5, 311.2, 300.0]
[worker cport=23200 agent=0] loaded checkpoint step=51200
[worker alg=ma_dreamer reward=tempest_fairness_ma_symetric cport=23200 agent=0 group=slot2_ep48 flow=1] started interval=20ms det=1 latent=8x8
[sao-listener] cport=23100 worker=/its/home/mm2350/extra/Olympusv2/olympus/algorithms/ma_dreamer/worker.py scan=20ms target_cc=astraea single_flow=1 no_state_pipe=1
[sao-listener] cport=23101 worker=/its/home/mm2350/extra/Olympusv2/olympus/algorithms/ma_dreamer/worker.py scan=20ms target_cc=astraea single_flow=1 no_state_pipe=1
[sao-listener] cport=23102 worker=/its/home/mm2350/extra/Olympusv2/olympus/algorithms/ma_dreamer/worker.py scan=20ms target_cc=astraea single_flow=1 no_state_pipe=1
[sao-listener] cport=23103 worker=/its/home/mm2350/extra/Olympusv2/olympus/algorithms/ma_dreamer/worker.py scan=20ms target_cc=astraea single_flow=1 no_state_pipe=1
[sao-listener] cport=23104 worker=/its/home/mm2350/extra/Olympusv2/olympus/algorithms/ma_dreamer/worker.py scan=20ms target_cc=astraea single_flow=1 no_state_pipe=1
[sao-listener] new flow 1 10.0.0.1:23000->10.0.0.6:5201 cc=astraea pid=522206 child=525679
[sao-listener] single-flow mode: attached worker; stopping ss scans
[sao-listener flow 1] cport=23000 cc=astraea worker active
[worker cport=23000 agent=0] loaded checkpoint step=51200
[worker alg=ma_dreamer reward=tempest_fairness_ma_symetric cport=23000 agent=0 group=slot0_ep49 flow=1] started interval=20ms det=1 latent=8x8
[orch] link change t=15.0s bw=39 delay=31
[sao-listener] new flow 1 10.0.0.2:23501->10.0.0.7:5206 cc=astraea pid=525527 child=527721
[sao-listener] single-flow mode: attached worker; stopping ss scans
[sao-listener flow 1] cport=23501 cc=astraea worker active
[orch] link change t=15.0s bw=13 delay=45
[sao-listener] new flow 1 10.0.0.2:23801->10.0.0.7:5209 cc=astraea pid=526957 child=527982
[sao-listener] single-flow mode: attached worker; stopping ss scans
[sao-listener flow 1] cport=23801 cc=astraea worker active
[sao-listener] new flow 1 10.0.0.1:23100->10.0.0.6:5202 cc=astraea pid=524654 child=528354
[sao-listener] single-flow mode: attached worker; stopping ss scans
[sao-listener flow 1] cport=23100 cc=astraea worker active
[orch] link change t=15.0s bw=99 delay=28
[sao-listener] new flow 1 10.0.0.2:23401->10.0.0.7:5205 cc=astraea pid=524651 child=528657
[sao-listener] single-flow mode: attached worker; stopping ss scans
[sao-listener flow 1] cport=23401 cc=astraea worker active
[worker cport=23501 agent=1] loaded checkpoint step=51200
[worker alg=ma_dreamer reward=tempest_fairness_ma_symetric cport=23501 agent=1 group=slot5_ep43 flow=1] started interval=20ms det=1 latent=8x8
[worker cport=23801 agent=1] loaded checkpoint step=51200
[worker alg=ma_dreamer reward=tempest_fairness_ma_symetric cport=23801 agent=1 group=slot8_ep45 flow=1] started interval=20ms det=1 latent=8x8
[sao-listener] new flow 1 10.0.0.2:23901->10.0.0.7:5210 cc=astraea pid=525014 child=529364
[sao-listener] single-flow mode: attached worker; stopping ss scans
[sao-listener flow 1] cport=23901 cc=astraea worker active
[worker cport=23100 agent=0] loaded checkpoint step=51200
[worker alg=ma_dreamer reward=tempest_fairness_ma_symetric cport=23100 agent=0 group=slot1_ep50 flow=1] started interval=20ms det=1 latent=8x8
[orch] link change t=15.0s bw=79 delay=99
[worker cport=23401 agent=1] loaded checkpoint step=51200
[worker alg=ma_dreamer reward=tempest_fairness_ma_symetric cport=23401 agent=1 group=slot4_ep41 flow=1] started interval=20ms det=1 latent=8x8
[sao-listener] new flow 1 10.0.0.2:23301->10.0.0.7:5204 cc=astraea pid=526337 child=530174
[sao-listener] single-flow mode: attached worker; stopping ss scans
[sao-listener flow 1] cport=23301 cc=astraea worker active
[orch] link change t=15.0s bw=72 delay=42
[worker cport=23901 agent=1] loaded checkpoint step=51200
[worker alg=ma_dreamer reward=tempest_fairness_ma_symetric cport=23901 agent=1 group=slot9_ep42 flow=1] started interval=20ms det=1 latent=8x8
[sao-listener] new flow 1 10.0.0.2:23601->10.0.0.7:5207 cc=astraea pid=528317 child=530792
[sao-listener] single-flow mode: attached worker; stopping ss scans
[sao-listener flow 1] cport=23601 cc=astraea worker active
[worker cport=23301 agent=1] loaded checkpoint step=51200
[worker alg=ma_dreamer reward=tempest_fairness_ma_symetric cport=23301 agent=1 group=slot3_ep44 flow=1] started interval=20ms det=1 latent=8x8
[orch] link change t=15.0s bw=15 delay=85
[worker cport=23601 agent=1] loaded checkpoint step=51200
[worker alg=ma_dreamer reward=tempest_fairness_ma_symetric cport=23601 agent=1 group=slot6_ep46 flow=1] started interval=20ms det=1 latent=8x8
[orch] link change t=15.0s bw=65 delay=80
[sao-listener] new flow 1 10.0.0.2:23701->10.0.0.7:5208 cc=astraea pid=529812 child=533107
[sao-listener] single-flow mode: attached worker; stopping ss scans
[sao-listener flow 1] cport=23701 cc=astraea worker active
[sao-listener] new flow 1 10.0.0.2:23001->10.0.0.7:5201 cc=astraea pid=533209 child=533781
[sao-listener] single-flow mode: attached worker; stopping ss scans
[sao-listener flow 1] cport=23001 cc=astraea worker active
[orch] link change t=15.0s bw=26 delay=81
[worker cport=23701 agent=1] loaded checkpoint step=51200
[worker alg=ma_dreamer reward=tempest_fairness_ma_symetric cport=23701 agent=1 group=slot7_ep47 flow=1] started interval=20ms det=1 latent=8x8
[sao-listener] new flow 1 10.0.0.2:23201->10.0.0.7:5203 cc=astraea pid=531002 child=534713
[sao-listener] single-flow mode: attached worker; stopping ss scans
[sao-listener flow 1] cport=23201 cc=astraea worker active
[worker cport=23001 agent=1] loaded checkpoint step=51200
[worker alg=ma_dreamer reward=tempest_fairness_ma_symetric cport=23001 agent=1 group=slot0_ep49 flow=1] started interval=20ms det=1 latent=8x8
[worker cport=23201 agent=1] loaded checkpoint step=51200
[worker alg=ma_dreamer reward=tempest_fairness_ma_symetric cport=23201 agent=1 group=slot2_ep48 flow=1] started interval=20ms det=1 latent=8x8
[orch] link change t=15.0s bw=62 delay=24
[sao-listener] new flow 1 10.0.0.2:23101->10.0.0.7:5202 cc=astraea pid=535385 child=536119
[sao-listener] single-flow mode: attached worker; stopping ss scans
[sao-listener flow 1] cport=23101 cc=astraea worker active
[sao-listener] new flow 1 10.0.0.3:23402->10.0.0.8:5205 cc=astraea pid=535377 child=536392
[sao-listener] single-flow mode: attached worker; stopping ss scans
[sao-listener flow 1] cport=23402 cc=astraea worker active
[sao-listener] new flow 1 10.0.0.3:23902->10.0.0.8:5210 cc=astraea pid=535773 child=536978
[sao-listener] single-flow mode: attached worker; stopping ss scans
[sao-listener flow 1] cport=23902 cc=astraea worker active
[worker cport=23101 agent=1] loaded checkpoint step=51200
[worker alg=ma_dreamer reward=tempest_fairness_ma_symetric cport=23101 agent=1 group=slot1_ep50 flow=1] started interval=20ms det=1 latent=8x8
[worker cport=23402 agent=2] loaded checkpoint step=51200
[worker alg=ma_dreamer reward=tempest_fairness_ma_symetric cport=23402 agent=2 group=slot4_ep41 flow=1] started interval=20ms det=1 latent=8x8
[sao-listener] new flow 1 10.0.0.3:23302->10.0.0.8:5204 cc=astraea pid=537174 child=537745
[sao-listener] single-flow mode: attached worker; stopping ss scans
[sao-listener flow 1] cport=23302 cc=astraea worker active
[worker cport=23902 agent=2] loaded checkpoint step=51200
[worker alg=ma_dreamer reward=tempest_fairness_ma_symetric cport=23902 agent=2 group=slot9_ep42 flow=1] started interval=20ms det=1 latent=8x8
[orch] link change t=15.0s bw=56 delay=91
[worker cport=23302 agent=2] loaded checkpoint step=51200
[worker alg=ma_dreamer reward=tempest_fairness_ma_symetric cport=23302 agent=2 group=slot3_ep44 flow=1] started interval=20ms det=1 latent=8x8
[sao-listener] new flow 1 10.0.0.3:23502->10.0.0.8:5206 cc=astraea pid=536325 child=539252
[sao-listener] single-flow mode: attached worker; stopping ss scans
[sao-listener flow 1] cport=23502 cc=astraea worker active
[sao-listener] new flow 1 10.0.0.3:23802->10.0.0.8:5209 cc=astraea pid=537860 child=539424
[sao-listener] single-flow mode: attached worker; stopping ss scans
[sao-listener flow 1] cport=23802 cc=astraea worker active
[worker cport=23502 agent=2] loaded checkpoint step=51200
[worker alg=ma_dreamer reward=tempest_fairness_ma_symetric cport=23502 agent=2 group=slot5_ep43 flow=1] started interval=20ms det=1 latent=8x8
[worker cport=23802 agent=2] loaded checkpoint step=51200
[worker alg=ma_dreamer reward=tempest_fairness_ma_symetric cport=23802 agent=2 group=slot8_ep45 flow=1] started interval=20ms det=1 latent=8x8
[sao-listener] new flow 1 10.0.0.3:23602->10.0.0.8:5207 cc=astraea pid=538887 child=541026
[sao-listener] single-flow mode: attached worker; stopping ss scans
[sao-listener flow 1] cport=23602 cc=astraea worker active
[orch] link change t=30.0s bw=59 delay=83
[sao-listener] new flow 1 10.0.0.3:23202->10.0.0.8:5203 cc=astraea pid=540794 child=541269
[sao-listener] single-flow mode: attached worker; stopping ss scans
[sao-listener flow 1] cport=23202 cc=astraea worker active
[orch] link change t=30.0s bw=41 delay=38
[worker cport=23602 agent=2] loaded checkpoint step=51200
[worker alg=ma_dreamer reward=tempest_fairness_ma_symetric cport=23602 agent=2 group=slot6_ep46 flow=1] started interval=20ms det=1 latent=8x8
[orch] link change t=30.0s bw=69 delay=57
[worker cport=23202 agent=2] loaded checkpoint step=51200
[worker alg=ma_dreamer reward=tempest_fairness_ma_symetric cport=23202 agent=2 group=slot2_ep48 flow=1] started interval=20ms det=1 latent=8x8
[orch] link change t=30.0s bw=24 delay=32
[sao-listener] new flow 1 10.0.0.3:23702->10.0.0.8:5208 cc=astraea pid=539921 child=542695
[sao-listener] single-flow mode: attached worker; stopping ss scans
[sao-listener flow 1] cport=23702 cc=astraea worker active
[orch] link change t=30.0s bw=20 delay=48
[sao-listener] new flow 1 10.0.0.3:23002->10.0.0.8:5201 cc=astraea pid=542484 child=543248
[sao-listener] single-flow mode: attached worker; stopping ss scans
[sao-listener flow 1] cport=23002 cc=astraea worker active
[worker cport=23702 agent=2] loaded checkpoint step=51200
[worker alg=ma_dreamer reward=tempest_fairness_ma_symetric cport=23702 agent=2 group=slot7_ep47 flow=1] started interval=20ms det=1 latent=8x8
[worker cport=23002 agent=2] loaded checkpoint step=51200
[worker alg=ma_dreamer reward=tempest_fairness_ma_symetric cport=23002 agent=2 group=slot0_ep49 flow=1] started interval=20ms det=1 latent=8x8
[orch] link change t=30.0s bw=85 delay=39
[orch] link change t=30.0s bw=68 delay=83
[sao-listener] new flow 1 10.0.0.3:23102->10.0.0.8:5202 cc=astraea pid=544107 child=544843
[sao-listener] single-flow mode: attached worker; stopping ss scans
[sao-listener flow 1] cport=23102 cc=astraea worker active
[sao-listener] new flow 1 10.0.0.4:23403->10.0.0.9:5205 cc=astraea pid=544106 child=544975
[sao-listener] single-flow mode: attached worker; stopping ss scans
[sao-listener flow 1] cport=23403 cc=astraea worker active
[worker cport=23102 agent=2] loaded checkpoint step=51200
[worker alg=ma_dreamer reward=tempest_fairness_ma_symetric cport=23102 agent=2 group=slot1_ep50 flow=1] started interval=20ms det=1 latent=8x8
[orch] link change t=30.0s bw=78 delay=48
[worker cport=23403 agent=3] loaded checkpoint step=51200
[worker alg=ma_dreamer reward=tempest_fairness_ma_symetric cport=23403 agent=3 group=slot4_ep41 flow=1] started interval=20ms det=1 latent=8x8
[sao-listener] new flow 1 10.0.0.4:23903->10.0.0.9:5210 cc=astraea pid=544351 child=545564
[sao-listener] single-flow mode: attached worker; stopping ss scans
[sao-listener flow 1] cport=23903 cc=astraea worker active
[sao-listener] new flow 1 10.0.0.4:23303->10.0.0.9:5204 cc=astraea pid=545303 child=545797
[sao-listener] single-flow mode: attached worker; stopping ss scans
[sao-listener flow 1] cport=23303 cc=astraea worker active
[worker cport=23903 agent=3] loaded checkpoint step=51200
[worker alg=ma_dreamer reward=tempest_fairness_ma_symetric cport=23903 agent=3 group=slot9_ep42 flow=1] started interval=20ms det=1 latent=8x8
[worker cport=23303 agent=3] loaded checkpoint step=51200
[worker alg=ma_dreamer reward=tempest_fairness_ma_symetric cport=23303 agent=3 group=slot3_ep44 flow=1] started interval=20ms det=1 latent=8x8
[sao-listener] new flow 1 10.0.0.4:23503->10.0.0.9:5206 cc=astraea pid=544724 child=546688
[sao-listener] single-flow mode: attached worker; stopping ss scans
[sao-listener flow 1] cport=23503 cc=astraea worker active
[orch] link change t=30.0s bw=51 delay=80
[sao-listener] new flow 1 10.0.0.4:23803->10.0.0.9:5209 cc=astraea pid=545795 child=546943
[sao-listener] single-flow mode: attached worker; stopping ss scans
[sao-listener flow 1] cport=23803 cc=astraea worker active
[worker cport=23503 agent=3] loaded checkpoint step=51200
[worker alg=ma_dreamer reward=tempest_fairness_ma_symetric cport=23503 agent=3 group=slot5_ep43 flow=1] started interval=20ms det=1 latent=8x8
[worker cport=23803 agent=3] loaded checkpoint step=51200
[worker alg=ma_dreamer reward=tempest_fairness_ma_symetric cport=23803 agent=3 group=slot8_ep45 flow=1] started interval=20ms det=1 latent=8x8
[orch] link change t=30.0s bw=41 delay=98
[sao-listener] new flow 1 10.0.0.4:23603->10.0.0.9:5207 cc=astraea pid=546561 child=548033
[sao-listener] single-flow mode: attached worker; stopping ss scans
[sao-listener flow 1] cport=23603 cc=astraea worker active
[sao-listener] new flow 1 10.0.0.4:23203->10.0.0.9:5203 cc=astraea pid=547827 child=548160
[sao-listener] single-flow mode: attached worker; stopping ss scans
[sao-listener flow 1] cport=23203 cc=astraea worker active
[worker cport=23603 agent=3] loaded checkpoint step=51200
[worker alg=ma_dreamer reward=tempest_fairness_ma_symetric cport=23603 agent=3 group=slot6_ep46 flow=1] started interval=20ms det=1 latent=8x8
[worker cport=23203 agent=3] loaded checkpoint step=51200
[worker alg=ma_dreamer reward=tempest_fairness_ma_symetric cport=23203 agent=3 group=slot2_ep48 flow=1] started interval=20ms det=1 latent=8x8
[sao-listener] new flow 1 10.0.0.4:23703->10.0.0.9:5208 cc=astraea pid=547297 child=549077
[sao-listener] single-flow mode: attached worker; stopping ss scans
[sao-listener flow 1] cport=23703 cc=astraea worker active
[sao-listener] new flow 1 10.0.0.4:23003->10.0.0.9:5201 cc=astraea pid=548877 child=549345
[sao-listener] single-flow mode: attached worker; stopping ss scans
[sao-listener flow 1] cport=23003 cc=astraea worker active
[worker cport=23703 agent=3] loaded checkpoint step=51200
[worker alg=ma_dreamer reward=tempest_fairness_ma_symetric cport=23703 agent=3 group=slot7_ep47 flow=1] started interval=20ms det=1 latent=8x8
[orch] link change t=45.0s bw=98 delay=46
[worker cport=23003 agent=3] loaded checkpoint step=51200
[worker alg=ma_dreamer reward=tempest_fairness_ma_symetric cport=23003 agent=3 group=slot0_ep49 flow=1] started interval=20ms det=1 latent=8x8
[orch] link change t=45.0s bw=27 delay=23
[orch] link change t=45.0s bw=95 delay=99
[sao-listener] new flow 1 10.0.0.4:23103->10.0.0.9:5202 cc=astraea pid=549865 child=550206
[sao-listener] single-flow mode: attached worker; stopping ss scans
[sao-listener flow 1] cport=23103 cc=astraea worker active
[orch] link change t=45.0s bw=58 delay=38
[sao-listener] new flow 1 10.0.0.5:23404->10.0.0.10:5205 cc=astraea pid=549859 child=550413
[sao-listener] single-flow mode: attached worker; stopping ss scans
[sao-listener flow 1] cport=23404 cc=astraea worker active
[worker cport=23103 agent=3] loaded checkpoint step=51200
[worker alg=ma_dreamer reward=tempest_fairness_ma_symetric cport=23103 agent=3 group=slot1_ep50 flow=1] started interval=20ms det=1 latent=8x8
[orch] link change t=45.0s bw=53 delay=12
[worker cport=23404 agent=4] loaded checkpoint step=51200
[worker alg=ma_dreamer reward=tempest_fairness_ma_symetric cport=23404 agent=4 group=slot4_ep41 flow=1] started interval=20ms det=1 latent=8x8
[sao-listener] new flow 1 10.0.0.5:23904->10.0.0.10:5210 cc=astraea pid=549998 child=550780
[sao-listener flow 1] cport=23904 cc=astraea worker active
[sao-listener] single-flow mode: attached worker; stopping ss scans
[sao-listener] new flow 1 10.0.0.5:23304->10.0.0.10:5204 cc=astraea pid=550591 child=550876
[sao-listener] single-flow mode: attached worker; stopping ss scans
[sao-listener flow 1] cport=23304 cc=astraea worker active
[orch] link change t=45.0s bw=91 delay=76
[worker cport=23904 agent=4] loaded checkpoint step=51200
[worker alg=ma_dreamer reward=tempest_fairness_ma_symetric cport=23904 agent=4 group=slot9_ep42 flow=1] started interval=20ms det=1 latent=8x8
[worker cport=23304 agent=4] loaded checkpoint step=51200
[worker alg=ma_dreamer reward=tempest_fairness_ma_symetric cport=23304 agent=4 group=slot3_ep44 flow=1] started interval=20ms det=1 latent=8x8
[orch] link change t=45.0s bw=53 delay=42
[sao-listener] new flow 1 10.0.0.5:23504->10.0.0.10:5206 cc=astraea pid=550201 child=551421
[sao-listener] single-flow mode: attached worker; stopping ss scans
[sao-listener flow 1] cport=23504 cc=astraea worker active
[sao-listener] new flow 1 10.0.0.5:23804->10.0.0.10:5209 cc=astraea pid=550867 child=551493
[sao-listener] single-flow mode: attached worker; stopping ss scans
[sao-listener flow 1] cport=23804 cc=astraea worker active
[worker cport=23504 agent=4] loaded checkpoint step=51200
[worker alg=ma_dreamer reward=tempest_fairness_ma_symetric cport=23504 agent=4 group=slot5_ep43 flow=1] started interval=20ms det=1 latent=8x8
[sao-listener] new flow 1 10.0.0.5:23704->10.0.0.10:5208 cc=astraea pid=551591 child=551699
[sao-listener] single-flow mode: attached worker; stopping ss scans
[sao-listener flow 1] cport=23704 cc=astraea worker active
[orch] link change t=45.0s bw=74 delay=34
[worker cport=23804 agent=4] loaded checkpoint step=51200
[worker alg=ma_dreamer reward=tempest_fairness_ma_symetric cport=23804 agent=4 group=slot8_ep45 flow=1] started interval=20ms det=1 latent=8x8
[worker cport=23704 agent=4] loaded checkpoint step=51200
[worker alg=ma_dreamer reward=tempest_fairness_ma_symetric cport=23704 agent=4 group=slot7_ep47 flow=1] started interval=20ms det=1 latent=8x8
[sao-listener] new flow 1 10.0.0.5:23604->10.0.0.10:5207 cc=astraea pid=551260 child=551989
[sao-listener] single-flow mode: attached worker; stopping ss scans
[sao-listener flow 1] cport=23604 cc=astraea worker active
[sao-listener] new flow 1 10.0.0.5:23204->10.0.0.10:5203 cc=astraea pid=551873 child=552055
[sao-listener] single-flow mode: attached worker; stopping ss scans
[sao-listener flow 1] cport=23204 cc=astraea worker active
[worker cport=23604 agent=4] loaded checkpoint step=51200
[worker alg=ma_dreamer reward=tempest_fairness_ma_symetric cport=23604 agent=4 group=slot6_ep46 flow=1] started interval=20ms det=1 latent=8x8
[worker cport=23204 agent=4] loaded checkpoint step=51200
[worker alg=ma_dreamer reward=tempest_fairness_ma_symetric cport=23204 agent=4 group=slot2_ep48 flow=1] started interval=20ms det=1 latent=8x8
[orch] link change t=45.0s bw=75 delay=16
[sao-listener] new flow 1 10.0.0.5:23004->10.0.0.10:5201 cc=astraea pid=552285 child=552359
[sao-listener] single-flow mode: attached worker; stopping ss scans
[sao-listener flow 1] cport=23004 cc=astraea worker active
[orch] link change t=45.0s bw=70 delay=52
[worker cport=23004 agent=4] loaded checkpoint step=51200
[worker alg=ma_dreamer reward=tempest_fairness_ma_symetric cport=23004 agent=4 group=slot0_ep49 flow=1] started interval=20ms det=1 latent=8x8
[sao-listener] new flow 1 10.0.0.5:23104->10.0.0.10:5202 cc=astraea pid=552488 child=552528
[sao-listener] single-flow mode: attached worker; stopping ss scans
[sao-listener flow 1] cport=23104 cc=astraea worker active
[worker cport=23104 agent=4] loaded checkpoint step=51200
[worker alg=ma_dreamer reward=tempest_fairness_ma_symetric cport=23104 agent=4 group=slot1_ep50 flow=1] started interval=20ms det=1 latent=8x8
[orch] link change t=60.0s bw=80 delay=45
[orch] link change t=60.0s bw=96 delay=79
[orch] link change t=60.0s bw=22 delay=68
[orch] link change t=60.0s bw=47 delay=13
[orch] link change t=60.0s bw=19 delay=71
[orch] link change t=60.0s bw=29 delay=84
[orch] link change t=60.0s bw=75 delay=59
[orch] link change t=60.0s bw=65 delay=31
[orch] link change t=60.0s bw=97 delay=15
[orch] link change t=60.0s bw=20 delay=78
[orch] link change t=75.0s bw=59 delay=83
[orch] link change t=75.0s bw=21 delay=85
[orch] link change t=75.0s bw=86 delay=73
[orch] link change t=75.0s bw=38 delay=24
[orch] link change t=75.0s bw=11 delay=24
[orch] link change t=75.0s bw=78 delay=14
[orch] link change t=75.0s bw=60 delay=88
[orch] link change t=75.0s bw=29 delay=94
[orch] link change t=75.0s bw=45 delay=29
[orch] link change t=75.0s bw=50 delay=38
[orch] link change t=90.0s bw=11 delay=41
[orch] link change t=90.0s bw=64 delay=14
[orch] link change t=90.0s bw=87 delay=12
[orch] link change t=90.0s bw=82 delay=11
[orch] link change t=90.0s bw=46 delay=25
[orch] link change t=90.0s bw=13 delay=18
[orch] link change t=90.0s bw=15 delay=63
[orch] link change t=90.0s bw=23 delay=73
[orch] link change t=90.0s bw=68 delay=15
[orch] link change t=90.0s bw=96 delay=81
[orch] link change t=105.0s bw=94 delay=12
[orch] link change t=105.0s bw=13 delay=21
[orch] link change t=105.0s bw=75 delay=65
[orch] link change t=105.0s bw=22 delay=30
[orch] link change t=105.0s bw=49 delay=93
[orch] link change t=105.0s bw=50 delay=90
[orch] link change t=105.0s bw=94 delay=13
[orch] link change t=105.0s bw=93 delay=38
[orch] link change t=105.0s bw=90 delay=79
[orch] link change t=105.0s bw=20 delay=29
[orch] link change t=120.0s bw=66 delay=29
[orch] link change t=120.0s bw=37 delay=39
[orch] link change t=120.0s bw=83 delay=57
[orch] link change t=120.0s bw=75 delay=98
[orch] link change t=120.0s bw=14 delay=89
[orch] link change t=120.0s bw=16 delay=13
[orch] link change t=120.0s bw=23 delay=10
[orch] link change t=120.0s bw=37 delay=75
[orch] link change t=120.0s bw=74 delay=38
[orch] link change t=120.0s bw=54 delay=22
[orch] link change t=135.0s bw=29 delay=50
[orch] link change t=135.0s bw=74 delay=87
[orch] link change t=135.0s bw=89 delay=80
[orch] link change t=135.0s bw=48 delay=98
[orch] link change t=135.0s bw=18 delay=27
[orch] link change t=135.0s bw=27 delay=80
[orch] link change t=135.0s bw=43 delay=71
[orch] link change t=135.0s bw=81 delay=75
[orch] link change t=135.0s bw=87 delay=46
[orch] link change t=135.0s bw=54 delay=50
[orch] link change t=150.0s bw=31 delay=42
[orch] link change t=150.0s bw=13 delay=81
[orch] link change t=150.0s bw=65 delay=60
[orch] link change t=150.0s bw=91 delay=58
[orch] link change t=150.0s bw=44 delay=29
[orch] link change t=150.0s bw=47 delay=77
[orch] link change t=150.0s bw=79 delay=11
[orch] link change t=150.0s bw=29 delay=70
[orch] link change t=150.0s bw=83 delay=57
[orch] link change t=150.0s bw=38 delay=34
[orch] link change t=165.0s bw=93 delay=98
[orch] link change t=165.0s bw=35 delay=93
[orch] link change t=165.0s bw=32 delay=17
[orch] link change t=165.0s bw=85 delay=61
[orch] link change t=165.0s bw=37 delay=64
[orch] link change t=165.0s bw=52 delay=21
[orch] link change t=165.0s bw=50 delay=82
[orch] link change t=165.0s bw=37 delay=13
[orch] link change t=165.0s bw=61 delay=13
[orch] link change t=165.0s bw=18 delay=52
[orch] link change t=180.0s bw=89 delay=84
[orch] link change t=180.0s bw=99 delay=79
[orch] link change t=180.0s bw=23 delay=25
[orch] link change t=180.0s bw=98 delay=95
[orch] link change t=180.0s bw=19 delay=88
[orch] link change t=180.0s bw=60 delay=100
[orch] link change t=180.0s bw=64 delay=39
[orch] link change t=180.0s bw=19 delay=64
[orch] link change t=180.0s bw=41 delay=27
[orch] link change t=180.0s bw=87 delay=87
[orch] link change t=195.0s bw=17 delay=25
[orch] link change t=195.0s bw=63 delay=38
[orch] link change t=195.0s bw=58 delay=29
[orch] link change t=195.0s bw=51 delay=55
[orch] link change t=195.0s bw=62 delay=28
[orch] link change t=195.0s bw=71 delay=56
[orch] link change t=195.0s bw=40 delay=76
[orch] link change t=195.0s bw=18 delay=26
[orch] link change t=195.0s bw=22 delay=64
[orch] link change t=195.0s bw=64 delay=91
[orch] link change t=210.0s bw=85 delay=14
[orch] link change t=210.0s bw=67 delay=85
[orch] link change t=210.0s bw=22 delay=30
[orch] link change t=210.0s bw=19 delay=53
[orch] link change t=210.0s bw=99 delay=17
[orch] link change t=210.0s bw=29 delay=70
[orch] link change t=210.0s bw=75 delay=55
[orch] link change t=210.0s bw=73 delay=96
[orch] link change t=210.0s bw=58 delay=51
[orch] link change t=210.0s bw=21 delay=18
[orch] link change t=225.0s bw=65 delay=46
[orch] link change t=225.0s bw=45 delay=10
[orch] link change t=225.0s bw=75 delay=73
[orch] link change t=225.0s bw=46 delay=89
[orch] link change t=225.0s bw=14 delay=32
[orch] link change t=225.0s bw=69 delay=19
[orch] link change t=225.0s bw=66 delay=40
[orch] link change t=225.0s bw=30 delay=26
[orch] link change t=225.0s bw=55 delay=44
[orch] link change t=225.0s bw=98 delay=87
[orch] link change t=240.0s bw=37 delay=19
[orch] link change t=240.0s bw=30 delay=99
[orch] link change t=240.0s bw=26 delay=59
[orch] link change t=240.0s bw=30 delay=24
[orch] link change t=240.0s bw=51 delay=42
[orch] link change t=240.0s bw=68 delay=99
[orch] link change t=240.0s bw=14 delay=81
[orch] link change t=240.0s bw=17 delay=99
[orch] link change t=240.0s bw=93 delay=61
[orch] link change t=240.0s bw=52 delay=98
[orch] link change t=255.0s bw=56 delay=70
[orch] link change t=255.0s bw=64 delay=53
[orch] link change t=255.0s bw=86 delay=74
[orch] link change t=255.0s bw=75 delay=18
[orch] link change t=255.0s bw=55 delay=50
[orch] link change t=255.0s bw=79 delay=89
[orch] link change t=255.0s bw=57 delay=98
[orch] link change t=255.0s bw=80 delay=47
[orch] link change t=255.0s bw=88 delay=89
[orch] link change t=255.0s bw=92 delay=65
[orch] link change t=270.0s bw=26 delay=81
[orch] link change t=270.0s bw=45 delay=29
[orch] link change t=270.0s bw=44 delay=83
[orch] link change t=270.0s bw=85 delay=22
[orch] link change t=270.0s bw=22 delay=62
[orch] link change t=270.0s bw=24 delay=65
[orch] link change t=270.0s bw=55 delay=86
[orch] link change t=270.0s bw=53 delay=99
[orch] link change t=270.0s bw=16 delay=94
[orch] link change t=270.0s bw=10 delay=39
[orch] link change t=285.0s bw=95 delay=12
[orch] link change t=285.0s bw=37 delay=53
[orch] link change t=285.0s bw=33 delay=58
[orch] link change t=285.0s bw=44 delay=50
[orch] link change t=285.0s bw=21 delay=12
[orch] link change t=285.0s bw=38 delay=53
[orch] link change t=285.0s bw=53 delay=81
[orch] link change t=285.0s bw=53 delay=22
[orch] link change t=285.0s bw=62 delay=98
[orch] link change t=285.0s bw=53 delay=44
[orch] link change t=300.0s bw=25 delay=22
[orch] link change t=300.0s bw=23 delay=21
[orch] link change t=300.0s bw=18 delay=16
[orch] link change t=300.0s bw=23 delay=90
[orch] link change t=300.0s bw=52 delay=50
[orch] link change t=300.0s bw=74 delay=66
[orch] link change t=300.0s bw=83 delay=35
[orch] link change t=300.0s bw=40 delay=44
[orch] link change t=300.0s bw=79 delay=88
[orch] link change t=300.0s bw=65 delay=99
[orch] link change t=315.0s bw=28 delay=98
[orch] link change t=315.0s bw=58 delay=22
[orch] link change t=315.0s bw=84 delay=17
[orch] link change t=315.0s bw=47 delay=14
[orch] link change t=315.0s bw=59 delay=99
[orch] link change t=315.0s bw=45 delay=29
[orch] link change t=315.0s bw=40 delay=14
[orch] link change t=315.0s bw=43 delay=92
[orch] link change t=315.0s bw=36 delay=93
[orch] link change t=315.0s bw=23 delay=35
[orch] link change t=330.0s bw=32 delay=16
[orch] link change t=330.0s bw=55 delay=54
[orch] link change t=330.0s bw=33 delay=17
[orch] link change t=330.0s bw=54 delay=59
[orch] link change t=330.0s bw=77 delay=94
[orch] link change t=330.0s bw=23 delay=86
[orch] link change t=330.0s bw=26 delay=52
[orch] link change t=330.0s bw=11 delay=83
[orch] link change t=330.0s bw=18 delay=82
[orch] link change t=330.0s bw=66 delay=44
[multi_ep_plot] saved -> /its/home/mm2350/extra/Olympusv2/benchmarks/benchmark_responsive_fairness/data/ma_dreamer_symmetrical/5_flows/run41/ep000041_bw58_d52_n5.pdf  return=1250607.9
[ep_plot] ep=41 -> /its/home/mm2350/extra/Olympusv2/benchmarks/benchmark_responsive_fairness/data/ma_dreamer_symmetrical/5_flows/run41/ep000041_bw58_d52_n5.pdf  return=1250607.9375
[orch] ep=41 sum-of-agents return=1250607.9
[responsive_fairness] slot=4 ma_dreamer_symmetrical flows=7 run=1
[responsive_fairness] ma_dreamer_symmetrical flows=5 run=41 done (141/200)
[slot=4] ep=1  flows=7  bw=27Mbps  delay=82ms  duration=345s  delays=[0.0, 7.5, 15.0, 22.5, 30.0, 37.5, 45.0]  lifetimes=[345.0, 337.5, 330.0, 322.5, 315.0, 307.5, 300.0]
[multi_ep_plot] saved -> /its/home/mm2350/extra/Olympusv2/benchmarks/benchmark_responsive_fairness/data/ma_dreamer_symmetrical/5_flows/run42/ep000042_bw91_d24_n5.pdf  return=1186492.4
[ep_plot] ep=42 -> /its/home/mm2350/extra/Olympusv2/benchmarks/benchmark_responsive_fairness/data/ma_dreamer_symmetrical/5_flows/run42/ep000042_bw91_d24_n5.pdf  return=1186492.390625
[orch] ep=42 sum-of-agents return=1186492.4
[responsive_fairness] slot=9 ma_dreamer_symmetrical flows=7 run=2
[responsive_fairness] ma_dreamer_symmetrical flows=5 run=42 done (142/200)
[slot=9] ep=2  flows=7  bw=17Mbps  delay=21ms  duration=345s  delays=[0.0, 7.5, 15.0, 22.5, 30.0, 37.5, 45.0]  lifetimes=[345.0, 337.5, 330.0, 322.5, 315.0, 307.5, 300.0]
[sao-listener] cport=23400 worker=/its/home/mm2350/extra/Olympusv2/olympus/algorithms/ma_dreamer/worker.py scan=20ms target_cc=astraea single_flow=1 no_state_pipe=1
[sao-listener] cport=23401 worker=/its/home/mm2350/extra/Olympusv2/olympus/algorithms/ma_dreamer/worker.py scan=20ms target_cc=astraea single_flow=1 no_state_pipe=1
[sao-listener] cport=23402 worker=/its/home/mm2350/extra/Olympusv2/olympus/algorithms/ma_dreamer/worker.py scan=20ms target_cc=astraea single_flow=1 no_state_pipe=1
[sao-listener] cport=23403 worker=/its/home/mm2350/extra/Olympusv2/olympus/algorithms/ma_dreamer/worker.py scan=20ms target_cc=astraea single_flow=1 no_state_pipe=1
[sao-listener] cport=23404 worker=/its/home/mm2350/extra/Olympusv2/olympus/algorithms/ma_dreamer/worker.py scan=20ms target_cc=astraea single_flow=1 no_state_pipe=1
[sao-listener] cport=23405 worker=/its/home/mm2350/extra/Olympusv2/olympus/algorithms/ma_dreamer/worker.py scan=20ms target_cc=astraea single_flow=1 no_state_pipe=1
[multi_ep_plot] saved -> /its/home/mm2350/extra/Olympusv2/benchmarks/benchmark_responsive_fairness/data/ma_dreamer_symmetrical/5_flows/run43/ep000043_bw14_d46_n5.pdf  return=1174883.7
[ep_plot] ep=43 -> /its/home/mm2350/extra/Olympusv2/benchmarks/benchmark_responsive_fairness/data/ma_dreamer_symmetrical/5_flows/run43/ep000043_bw14_d46_n5.pdf  return=1174883.65625
[orch] ep=43 sum-of-agents return=1174883.7
[sao-listener] cport=23406 worker=/its/home/mm2350/extra/Olympusv2/olympus/algorithms/ma_dreamer/worker.py scan=20ms target_cc=astraea single_flow=1 no_state_pipe=1
[responsive_fairness] slot=5 ma_dreamer_symmetrical flows=7 run=3
[responsive_fairness] ma_dreamer_symmetrical flows=5 run=43 done (143/200)
[slot=5] ep=3  flows=7  bw=40Mbps  delay=85ms  duration=345s  delays=[0.0, 7.5, 15.0, 22.5, 30.0, 37.5, 45.0]  lifetimes=[345.0, 337.5, 330.0, 322.5, 315.0, 307.5, 300.0]
[sao-listener] cport=23900 worker=/its/home/mm2350/extra/Olympusv2/olympus/algorithms/ma_dreamer/worker.py scan=20ms target_cc=astraea single_flow=1 no_state_pipe=1
[sao-listener] cport=23901 worker=/its/home/mm2350/extra/Olympusv2/olympus/algorithms/ma_dreamer/worker.py scan=20ms target_cc=astraea single_flow=1 no_state_pipe=1
[sao-listener] cport=23902 worker=/its/home/mm2350/extra/Olympusv2/olympus/algorithms/ma_dreamer/worker.py scan=20ms target_cc=astraea single_flow=1 no_state_pipe=1
[sao-listener] cport=23903 worker=/its/home/mm2350/extra/Olympusv2/olympus/algorithms/ma_dreamer/worker.py scan=20ms target_cc=astraea single_flow=1 no_state_pipe=1
[sao-listener] cport=23904 worker=/its/home/mm2350/extra/Olympusv2/olympus/algorithms/ma_dreamer/worker.py scan=20ms target_cc=astraea single_flow=1 no_state_pipe=1
[sao-listener] cport=23905 worker=/its/home/mm2350/extra/Olympusv2/olympus/algorithms/ma_dreamer/worker.py scan=20ms target_cc=astraea single_flow=1 no_state_pipe=1
[sao-listener] cport=23906 worker=/its/home/mm2350/extra/Olympusv2/olympus/algorithms/ma_dreamer/worker.py scan=20ms target_cc=astraea single_flow=1 no_state_pipe=1
[multi_ep_plot] saved -> /its/home/mm2350/extra/Olympusv2/benchmarks/benchmark_responsive_fairness/data/ma_dreamer_symmetrical/5_flows/run44/ep000044_bw62_d76_n5.pdf  return=1320358.4
[ep_plot] ep=44 -> /its/home/mm2350/extra/Olympusv2/benchmarks/benchmark_responsive_fairness/data/ma_dreamer_symmetrical/5_flows/run44/ep000044_bw62_d76_n5.pdf  return=1320358.390625
[orch] ep=44 sum-of-agents return=1320358.4
[responsive_fairness] slot=3 ma_dreamer_symmetrical flows=7 run=4
[responsive_fairness] ma_dreamer_symmetrical flows=5 run=44 done (144/200)
[slot=3] ep=4  flows=7  bw=40Mbps  delay=48ms  duration=345s  delays=[0.0, 7.5, 15.0, 22.5, 30.0, 37.5, 45.0]  lifetimes=[345.0, 337.5, 330.0, 322.5, 315.0, 307.5, 300.0]
[sao-listener] cport=23500 worker=/its/home/mm2350/extra/Olympusv2/olympus/algorithms/ma_dreamer/worker.py scan=20ms target_cc=astraea single_flow=1 no_state_pipe=1
[sao-listener] new flow 1 10.0.0.1:23400->10.0.0.8:5205 cc=astraea pid=556196 child=557062
[sao-listener] single-flow mode: attached worker; stopping ss scans
[sao-listener flow 1] cport=23400 cc=astraea worker active
[sao-listener] cport=23501 worker=/its/home/mm2350/extra/Olympusv2/olympus/algorithms/ma_dreamer/worker.py scan=20ms target_cc=astraea single_flow=1 no_state_pipe=1
[sao-listener] cport=23502 worker=/its/home/mm2350/extra/Olympusv2/olympus/algorithms/ma_dreamer/worker.py scan=20ms target_cc=astraea single_flow=1 no_state_pipe=1
[sao-listener] cport=23503 worker=/its/home/mm2350/extra/Olympusv2/olympus/algorithms/ma_dreamer/worker.py scan=20ms target_cc=astraea single_flow=1 no_state_pipe=1
[sao-listener] cport=23504 worker=/its/home/mm2350/extra/Olympusv2/olympus/algorithms/ma_dreamer/worker.py scan=20ms target_cc=astraea single_flow=1 no_state_pipe=1
[sao-listener] cport=23505 worker=/its/home/mm2350/extra/Olympusv2/olympus/algorithms/ma_dreamer/worker.py scan=20ms target_cc=astraea single_flow=1 no_state_pipe=1
[sao-listener] cport=23506 worker=/its/home/mm2350/extra/Olympusv2/olympus/algorithms/ma_dreamer/worker.py scan=20ms target_cc=astraea single_flow=1 no_state_pipe=1
[multi_ep_plot] saved -> /its/home/mm2350/extra/Olympusv2/benchmarks/benchmark_responsive_fairness/data/ma_dreamer_symmetrical/5_flows/run45/ep000045_bw44_d63_n5.pdf  return=1128100.4
[ep_plot] ep=45 -> /its/home/mm2350/extra/Olympusv2/benchmarks/benchmark_responsive_fairness/data/ma_dreamer_symmetrical/5_flows/run45/ep000045_bw44_d63_n5.pdf  return=1128100.375
[orch] ep=45 sum-of-agents return=1128100.4
[responsive_fairness] slot=8 ma_dreamer_symmetrical flows=7 run=5
[responsive_fairness] ma_dreamer_symmetrical flows=5 run=45 done (145/200)
[slot=8] ep=5  flows=7  bw=89Mbps  delay=42ms  duration=345s  delays=[0.0, 7.5, 15.0, 22.5, 30.0, 37.5, 45.0]  lifetimes=[345.0, 337.5, 330.0, 322.5, 315.0, 307.5, 300.0]
[sao-listener] new flow 1 10.0.0.1:23900->10.0.0.8:5210 cc=astraea pid=557072 child=558225
[sao-listener] single-flow mode: attached worker; stopping ss scans
[sao-listener flow 1] cport=23900 cc=astraea worker active
[worker cport=23400 agent=0] loaded checkpoint step=51200
[worker alg=ma_dreamer reward=tempest_fairness_ma_symetric cport=23400 agent=0 group=slot4_ep1 flow=1] started interval=20ms det=1 latent=8x8
[sao-listener] cport=23300 worker=/its/home/mm2350/extra/Olympusv2/olympus/algorithms/ma_dreamer/worker.py scan=20ms target_cc=astraea single_flow=1 no_state_pipe=1
[sao-listener] cport=23301 worker=/its/home/mm2350/extra/Olympusv2/olympus/algorithms/ma_dreamer/worker.py scan=20ms target_cc=astraea single_flow=1 no_state_pipe=1
[sao-listener] cport=23302 worker=/its/home/mm2350/extra/Olympusv2/olympus/algorithms/ma_dreamer/worker.py scan=20ms target_cc=astraea single_flow=1 no_state_pipe=1
[sao-listener] cport=23303 worker=/its/home/mm2350/extra/Olympusv2/olympus/algorithms/ma_dreamer/worker.py scan=20ms target_cc=astraea single_flow=1 no_state_pipe=1
[sao-listener] cport=23304 worker=/its/home/mm2350/extra/Olympusv2/olympus/algorithms/ma_dreamer/worker.py scan=20ms target_cc=astraea single_flow=1 no_state_pipe=1
[sao-listener] cport=23305 worker=/its/home/mm2350/extra/Olympusv2/olympus/algorithms/ma_dreamer/worker.py scan=20ms target_cc=astraea single_flow=1 no_state_pipe=1
[sao-listener] cport=23306 worker=/its/home/mm2350/extra/Olympusv2/olympus/algorithms/ma_dreamer/worker.py scan=20ms target_cc=astraea single_flow=1 no_state_pipe=1
[worker cport=23900 agent=0] loaded checkpoint step=51200
[worker alg=ma_dreamer reward=tempest_fairness_ma_symetric cport=23900 agent=0 group=slot9_ep2 flow=1] started interval=20ms det=1 latent=8x8
[sao-listener] cport=23800 worker=/its/home/mm2350/extra/Olympusv2/olympus/algorithms/ma_dreamer/worker.py scan=20ms target_cc=astraea single_flow=1 no_state_pipe=1
[sao-listener] cport=23801 worker=/its/home/mm2350/extra/Olympusv2/olympus/algorithms/ma_dreamer/worker.py scan=20ms target_cc=astraea single_flow=1 no_state_pipe=1
[sao-listener] cport=23802 worker=/its/home/mm2350/extra/Olympusv2/olympus/algorithms/ma_dreamer/worker.py scan=20ms target_cc=astraea single_flow=1 no_state_pipe=1
[sao-listener] cport=23803 worker=/its/home/mm2350/extra/Olympusv2/olympus/algorithms/ma_dreamer/worker.py scan=20ms target_cc=astraea single_flow=1 no_state_pipe=1
[sao-listener] cport=23804 worker=/its/home/mm2350/extra/Olympusv2/olympus/algorithms/ma_dreamer/worker.py scan=20ms target_cc=astraea single_flow=1 no_state_pipe=1
[sao-listener] cport=23805 worker=/its/home/mm2350/extra/Olympusv2/olympus/algorithms/ma_dreamer/worker.py scan=20ms target_cc=astraea single_flow=1 no_state_pipe=1
[sao-listener] cport=23806 worker=/its/home/mm2350/extra/Olympusv2/olympus/algorithms/ma_dreamer/worker.py scan=20ms target_cc=astraea single_flow=1 no_state_pipe=1
[sao-listener] new flow 1 10.0.0.1:23500->10.0.0.8:5206 cc=astraea pid=557694 child=560192
[sao-listener] single-flow mode: attached worker; stopping ss scans
[sao-listener flow 1] cport=23500 cc=astraea worker active
[multi_ep_plot] saved -> /its/home/mm2350/extra/Olympusv2/benchmarks/benchmark_responsive_fairness/data/ma_dreamer_symmetrical/5_flows/run46/ep000046_bw19_d61_n5.pdf  return=1168932.0
[ep_plot] ep=46 -> /its/home/mm2350/extra/Olympusv2/benchmarks/benchmark_responsive_fairness/data/ma_dreamer_symmetrical/5_flows/run46/ep000046_bw19_d61_n5.pdf  return=1168931.96875
[orch] ep=46 sum-of-agents return=1168932.0
[responsive_fairness] slot=6 ma_dreamer_symmetrical flows=7 run=6
[responsive_fairness] ma_dreamer_symmetrical flows=5 run=46 done (146/200)
[slot=6] ep=6  flows=7  bw=83Mbps  delay=20ms  duration=345s  delays=[0.0, 7.5, 15.0, 22.5, 30.0, 37.5, 45.0]  lifetimes=[345.0, 337.5, 330.0, 322.5, 315.0, 307.5, 300.0]
[worker cport=23500 agent=0] loaded checkpoint step=51200
[worker alg=ma_dreamer reward=tempest_fairness_ma_symetric cport=23500 agent=0 group=slot5_ep3 flow=1] started interval=20ms det=1 latent=8x8
[sao-listener] cport=23600 worker=/its/home/mm2350/extra/Olympusv2/olympus/algorithms/ma_dreamer/worker.py scan=20ms target_cc=astraea single_flow=1 no_state_pipe=1
[sao-listener] cport=23601 worker=/its/home/mm2350/extra/Olympusv2/olympus/algorithms/ma_dreamer/worker.py scan=20ms target_cc=astraea single_flow=1 no_state_pipe=1
[sao-listener] cport=23602 worker=/its/home/mm2350/extra/Olympusv2/olympus/algorithms/ma_dreamer/worker.py scan=20ms target_cc=astraea single_flow=1 no_state_pipe=1
[sao-listener] cport=23603 worker=/its/home/mm2350/extra/Olympusv2/olympus/algorithms/ma_dreamer/worker.py scan=20ms target_cc=astraea single_flow=1 no_state_pipe=1
[sao-listener] cport=23604 worker=/its/home/mm2350/extra/Olympusv2/olympus/algorithms/ma_dreamer/worker.py scan=20ms target_cc=astraea single_flow=1 no_state_pipe=1
[sao-listener] cport=23605 worker=/its/home/mm2350/extra/Olympusv2/olympus/algorithms/ma_dreamer/worker.py scan=20ms target_cc=astraea single_flow=1 no_state_pipe=1
[sao-listener] cport=23606 worker=/its/home/mm2350/extra/Olympusv2/olympus/algorithms/ma_dreamer/worker.py scan=20ms target_cc=astraea single_flow=1 no_state_pipe=1
[multi_ep_plot] saved -> /its/home/mm2350/extra/Olympusv2/benchmarks/benchmark_responsive_fairness/data/ma_dreamer_symmetrical/5_flows/run47/ep000047_bw55_d18_n5.pdf  return=1139884.7
[ep_plot] ep=47 -> /its/home/mm2350/extra/Olympusv2/benchmarks/benchmark_responsive_fairness/data/ma_dreamer_symmetrical/5_flows/run47/ep000047_bw55_d18_n5.pdf  return=1139884.71875
[orch] ep=47 sum-of-agents return=1139884.7
[responsive_fairness] slot=7 ma_dreamer_symmetrical flows=7 run=7
[responsive_fairness] ma_dreamer_symmetrical flows=5 run=47 done (147/200)
[slot=7] ep=7  flows=7  bw=51Mbps  delay=29ms  duration=345s  delays=[0.0, 7.5, 15.0, 22.5, 30.0, 37.5, 45.0]  lifetimes=[345.0, 337.5, 330.0, 322.5, 315.0, 307.5, 300.0]
[sao-listener] new flow 1 10.0.0.1:23300->10.0.0.8:5204 cc=astraea pid=559347 child=562607
[sao-listener] single-flow mode: attached worker; stopping ss scans
[sao-listener flow 1] cport=23300 cc=astraea worker active
[sao-listener] cport=23700 worker=/its/home/mm2350/extra/Olympusv2/olympus/algorithms/ma_dreamer/worker.py scan=20ms target_cc=astraea single_flow=1 no_state_pipe=1
[sao-listener] cport=23701 worker=/its/home/mm2350/extra/Olympusv2/olympus/algorithms/ma_dreamer/worker.py scan=20ms target_cc=astraea single_flow=1 no_state_pipe=1
[sao-listener] cport=23702 worker=/its/home/mm2350/extra/Olympusv2/olympus/algorithms/ma_dreamer/worker.py scan=20ms target_cc=astraea single_flow=1 no_state_pipe=1
[sao-listener] cport=23703 worker=/its/home/mm2350/extra/Olympusv2/olympus/algorithms/ma_dreamer/worker.py scan=20ms target_cc=astraea single_flow=1 no_state_pipe=1
[multi_ep_plot] saved -> /its/home/mm2350/extra/Olympusv2/benchmarks/benchmark_responsive_fairness/data/ma_dreamer_symmetrical/5_flows/run48/ep000048_bw80_d50_n5.pdf  return=1066141.1
[ep_plot] ep=48 -> /its/home/mm2350/extra/Olympusv2/benchmarks/benchmark_responsive_fairness/data/ma_dreamer_symmetrical/5_flows/run48/ep000048_bw80_d50_n5.pdf  return=1066141.078125
[orch] ep=48 sum-of-agents return=1066141.1
[worker cport=23300 agent=0] loaded checkpoint step=51200
[worker alg=ma_dreamer reward=tempest_fairness_ma_symetric cport=23300 agent=0 group=slot3_ep4 flow=1] started interval=20ms det=1 latent=8x8
[sao-listener] cport=23704 worker=/its/home/mm2350/extra/Olympusv2/olympus/algorithms/ma_dreamer/worker.py scan=20ms target_cc=astraea single_flow=1 no_state_pipe=1
[responsive_fairness] slot=2 ma_dreamer_symmetrical flows=7 run=8
[responsive_fairness] ma_dreamer_symmetrical flows=5 run=48 done (148/200)
[sao-listener] cport=23705 worker=/its/home/mm2350/extra/Olympusv2/olympus/algorithms/ma_dreamer/worker.py scan=20ms target_cc=astraea single_flow=1 no_state_pipe=1
[sao-listener] cport=23706 worker=/its/home/mm2350/extra/Olympusv2/olympus/algorithms/ma_dreamer/worker.py scan=20ms target_cc=astraea single_flow=1 no_state_pipe=1
[slot=2] ep=8  flows=7  bw=39Mbps  delay=57ms  duration=345s  delays=[0.0, 7.5, 15.0, 22.5, 30.0, 37.5, 45.0]  lifetimes=[345.0, 337.5, 330.0, 322.5, 315.0, 307.5, 300.0]
[sao-listener] new flow 1 10.0.0.1:23800->10.0.0.8:5209 cc=astraea pid=560586 child=564413
[sao-listener] single-flow mode: attached worker; stopping ss scans
[sao-listener flow 1] cport=23800 cc=astraea worker active
[worker cport=23800 agent=0] loaded checkpoint step=51200
[worker alg=ma_dreamer reward=tempest_fairness_ma_symetric cport=23800 agent=0 group=slot8_ep5 flow=1] started interval=20ms det=1 latent=8x8
[sao-listener] cport=23200 worker=/its/home/mm2350/extra/Olympusv2/olympus/algorithms/ma_dreamer/worker.py scan=20ms target_cc=astraea single_flow=1 no_state_pipe=1
[sao-listener] cport=23201 worker=/its/home/mm2350/extra/Olympusv2/olympus/algorithms/ma_dreamer/worker.py scan=20ms target_cc=astraea single_flow=1 no_state_pipe=1
[sao-listener] cport=23202 worker=/its/home/mm2350/extra/Olympusv2/olympus/algorithms/ma_dreamer/worker.py scan=20ms target_cc=astraea single_flow=1 no_state_pipe=1
[sao-listener] cport=23203 worker=/its/home/mm2350/extra/Olympusv2/olympus/algorithms/ma_dreamer/worker.py scan=20ms target_cc=astraea single_flow=1 no_state_pipe=1
[sao-listener] cport=23204 worker=/its/home/mm2350/extra/Olympusv2/olympus/algorithms/ma_dreamer/worker.py scan=20ms target_cc=astraea single_flow=1 no_state_pipe=1
[sao-listener] cport=23205 worker=/its/home/mm2350/extra/Olympusv2/olympus/algorithms/ma_dreamer/worker.py scan=20ms target_cc=astraea single_flow=1 no_state_pipe=1
[sao-listener] cport=23206 worker=/its/home/mm2350/extra/Olympusv2/olympus/algorithms/ma_dreamer/worker.py scan=20ms target_cc=astraea single_flow=1 no_state_pipe=1
[sao-listener] new flow 1 10.0.0.1:23600->10.0.0.8:5207 cc=astraea pid=562560 child=567428
[sao-listener] single-flow mode: attached worker; stopping ss scans
[sao-listener flow 1] cport=23600 cc=astraea worker active
[multi_ep_plot] saved -> /its/home/mm2350/extra/Olympusv2/benchmarks/benchmark_responsive_fairness/data/ma_dreamer_symmetrical/5_flows/run49/ep000049_bw18_d54_n5.pdf  return=1266419.0
[ep_plot] ep=49 -> /its/home/mm2350/extra/Olympusv2/benchmarks/benchmark_responsive_fairness/data/ma_dreamer_symmetrical/5_flows/run49/ep000049_bw18_d54_n5.pdf  return=1266419.046875
[orch] ep=49 sum-of-agents return=1266419.0
[responsive_fairness] slot=0 ma_dreamer_symmetrical flows=7 run=9
[responsive_fairness] ma_dreamer_symmetrical flows=5 run=49 done (149/200)
[slot=0] ep=9  flows=7  bw=69Mbps  delay=88ms  duration=345s  delays=[0.0, 7.5, 15.0, 22.5, 30.0, 37.5, 45.0]  lifetimes=[345.0, 337.5, 330.0, 322.5, 315.0, 307.5, 300.0]
[worker cport=23600 agent=0] loaded checkpoint step=51200
[worker alg=ma_dreamer reward=tempest_fairness_ma_symetric cport=23600 agent=0 group=slot6_ep6 flow=1] started interval=20ms det=1 latent=8x8
[sao-listener] new flow 1 10.0.0.2:23501->10.0.0.9:5206 cc=astraea pid=567237 child=569616
[sao-listener] single-flow mode: attached worker; stopping ss scans
[sao-listener flow 1] cport=23501 cc=astraea worker active
[sao-listener] new flow 1 10.0.0.1:23700->10.0.0.8:5208 cc=astraea pid=564809 child=569821
[sao-listener] single-flow mode: attached worker; stopping ss scans
[sao-listener flow 1] cport=23700 cc=astraea worker active
[sao-listener] cport=23000 worker=/its/home/mm2350/extra/Olympusv2/olympus/algorithms/ma_dreamer/worker.py scan=20ms target_cc=astraea single_flow=1 no_state_pipe=1
[sao-listener] cport=23001 worker=/its/home/mm2350/extra/Olympusv2/olympus/algorithms/ma_dreamer/worker.py scan=20ms target_cc=astraea single_flow=1 no_state_pipe=1
[sao-listener] cport=23002 worker=/its/home/mm2350/extra/Olympusv2/olympus/algorithms/ma_dreamer/worker.py scan=20ms target_cc=astraea single_flow=1 no_state_pipe=1
[sao-listener] cport=23003 worker=/its/home/mm2350/extra/Olympusv2/olympus/algorithms/ma_dreamer/worker.py scan=20ms target_cc=astraea single_flow=1 no_state_pipe=1
[sao-listener] cport=23004 worker=/its/home/mm2350/extra/Olympusv2/olympus/algorithms/ma_dreamer/worker.py scan=20ms target_cc=astraea single_flow=1 no_state_pipe=1
[sao-listener] cport=23005 worker=/its/home/mm2350/extra/Olympusv2/olympus/algorithms/ma_dreamer/worker.py scan=20ms target_cc=astraea single_flow=1 no_state_pipe=1
[sao-listener] cport=23006 worker=/its/home/mm2350/extra/Olympusv2/olympus/algorithms/ma_dreamer/worker.py scan=20ms target_cc=astraea single_flow=1 no_state_pipe=1
[multi_ep_plot] saved -> /its/home/mm2350/extra/Olympusv2/benchmarks/benchmark_responsive_fairness/data/ma_dreamer_symmetrical/5_flows/run50/ep000050_bw73_d44_n5.pdf  return=1070498.9
[ep_plot] ep=50 -> /its/home/mm2350/extra/Olympusv2/benchmarks/benchmark_responsive_fairness/data/ma_dreamer_symmetrical/5_flows/run50/ep000050_bw73_d44_n5.pdf  return=1070498.875
[orch] ep=50 sum-of-agents return=1070498.9
[responsive_fairness] slot=1 ma_dreamer_symmetrical flows=7 run=10
[responsive_fairness] ma_dreamer_symmetrical flows=5 run=50 done (150/200)
[slot=1] ep=10  flows=7  bw=83Mbps  delay=14ms  duration=345s  delays=[0.0, 7.5, 15.0, 22.5, 30.0, 37.5, 45.0]  lifetimes=[345.0, 337.5, 330.0, 322.5, 315.0, 307.5, 300.0]
[worker cport=23501 agent=1] loaded checkpoint step=51200
[worker alg=ma_dreamer reward=tempest_fairness_ma_symetric cport=23501 agent=1 group=slot5_ep3 flow=1] started interval=20ms det=1 latent=8x8
[worker cport=23700 agent=0] loaded checkpoint step=51200
[worker alg=ma_dreamer reward=tempest_fairness_ma_symetric cport=23700 agent=0 group=slot7_ep7 flow=1] started interval=20ms det=1 latent=8x8
[sao-listener] new flow 1 10.0.0.2:23401->10.0.0.9:5205 cc=astraea pid=566102 child=572014
[sao-listener] single-flow mode: attached worker; stopping ss scans
[sao-listener flow 1] cport=23401 cc=astraea worker active
[sao-listener] cport=23100 worker=/its/home/mm2350/extra/Olympusv2/olympus/algorithms/ma_dreamer/worker.py scan=20ms target_cc=astraea single_flow=1 no_state_pipe=1
[sao-listener] cport=23101 worker=/its/home/mm2350/extra/Olympusv2/olympus/algorithms/ma_dreamer/worker.py scan=20ms target_cc=astraea single_flow=1 no_state_pipe=1
[sao-listener] cport=23102 worker=/its/home/mm2350/extra/Olympusv2/olympus/algorithms/ma_dreamer/worker.py scan=20ms target_cc=astraea single_flow=1 no_state_pipe=1
[sao-listener] cport=23103 worker=/its/home/mm2350/extra/Olympusv2/olympus/algorithms/ma_dreamer/worker.py scan=20ms target_cc=astraea single_flow=1 no_state_pipe=1
[sao-listener] cport=23104 worker=/its/home/mm2350/extra/Olympusv2/olympus/algorithms/ma_dreamer/worker.py scan=20ms target_cc=astraea single_flow=1 no_state_pipe=1
[sao-listener] cport=23105 worker=/its/home/mm2350/extra/Olympusv2/olympus/algorithms/ma_dreamer/worker.py scan=20ms target_cc=astraea single_flow=1 no_state_pipe=1
[sao-listener] cport=23106 worker=/its/home/mm2350/extra/Olympusv2/olympus/algorithms/ma_dreamer/worker.py scan=20ms target_cc=astraea single_flow=1 no_state_pipe=1
[sao-listener] new flow 1 10.0.0.1:23200->10.0.0.8:5203 cc=astraea pid=566963 child=573373
[sao-listener] single-flow mode: attached worker; stopping ss scans
[sao-listener flow 1] cport=23200 cc=astraea worker active
[orch] link change t=15.1s bw=18 delay=42
[sao-listener] new flow 1 10.0.0.2:23601->10.0.0.9:5207 cc=astraea pid=571065 child=573807
[sao-listener] single-flow mode: attached worker; stopping ss scans
[sao-listener flow 1] cport=23601 cc=astraea worker active
[worker cport=23401 agent=1] loaded checkpoint step=51200
[worker alg=ma_dreamer reward=tempest_fairness_ma_symetric cport=23401 agent=1 group=slot4_ep1 flow=1] started interval=20ms det=1 latent=8x8
[orch] link change t=15.1s bw=20 delay=56
[sao-listener] new flow 1 10.0.0.2:23301->10.0.0.9:5204 cc=astraea pid=568213 child=574334
[sao-listener] single-flow mode: attached worker; stopping ss scans
[sao-listener flow 1] cport=23301 cc=astraea worker active
[orch] link change t=15.1s bw=79 delay=26
[worker cport=23200 agent=0] loaded checkpoint step=51200
[worker alg=ma_dreamer reward=tempest_fairness_ma_symetric cport=23200 agent=0 group=slot2_ep8 flow=1] started interval=20ms det=1 latent=8x8
[sao-listener] new flow 1 10.0.0.2:23901->10.0.0.9:5210 cc=astraea pid=566740 child=575104
[sao-listener] single-flow mode: attached worker; stopping ss scans
[sao-listener flow 1] cport=23901 cc=astraea worker active
[worker cport=23601 agent=1] loaded checkpoint step=51200
[worker alg=ma_dreamer reward=tempest_fairness_ma_symetric cport=23601 agent=1 group=slot6_ep6 flow=1] started interval=20ms det=1 latent=8x8
[sao-listener] new flow 1 10.0.0.3:23902->10.0.0.10:5210 cc=astraea pid=574708 child=575549
[sao-listener] single-flow mode: attached worker; stopping ss scans
[sao-listener flow 1] cport=23902 cc=astraea worker active
[orch] link change t=15.0s bw=23 delay=60
[worker cport=23301 agent=1] loaded checkpoint step=51200
[worker alg=ma_dreamer reward=tempest_fairness_ma_symetric cport=23301 agent=1 group=slot3_ep4 flow=1] started interval=20ms det=1 latent=8x8
[orch] link change t=15.1s bw=55 delay=98
[worker cport=23901 agent=1] loaded checkpoint step=51200
[worker alg=ma_dreamer reward=tempest_fairness_ma_symetric cport=23901 agent=1 group=slot9_ep2 flow=1] started interval=20ms det=1 latent=8x8
[worker cport=23902 agent=2] loaded checkpoint step=51200
[worker alg=ma_dreamer reward=tempest_fairness_ma_symetric cport=23902 agent=2 group=slot9_ep2 flow=1] started interval=20ms det=1 latent=8x8
[sao-listener] new flow 1 10.0.0.1:23000->10.0.0.8:5201 cc=astraea pid=570589 child=577415
[sao-listener] single-flow mode: attached worker; stopping ss scans
[sao-listener flow 1] cport=23000 cc=astraea worker active
[sao-listener] new flow 1 10.0.0.3:23802->10.0.0.10:5209 cc=astraea pid=577116 child=577772
[sao-listener] single-flow mode: attached worker; stopping ss scans
[sao-listener flow 1] cport=23802 cc=astraea worker active
[orch] link change t=15.0s bw=72 delay=43
[sao-listener] new flow 1 10.0.0.2:23801->10.0.0.9:5209 cc=astraea pid=569322 child=578090
[sao-listener] single-flow mode: attached worker; stopping ss scans
[sao-listener flow 1] cport=23801 cc=astraea worker active
[sao-listener] new flow 1 10.0.0.2:23701->10.0.0.9:5208 cc=astraea pid=573058 child=578349
[sao-listener] single-flow mode: attached worker; stopping ss scans
[sao-listener flow 1] cport=23701 cc=astraea worker active
[sao-listener] new flow 1 10.0.0.3:23502->10.0.0.10:5206 cc=astraea pid=575270 child=578518
[sao-listener] single-flow mode: attached worker; stopping ss scans
[sao-listener flow 1] cport=23502 cc=astraea worker active
[sao-listener] new flow 1 10.0.0.2:23001->10.0.0.9:5201 cc=astraea pid=578238 child=578801
[sao-listener] single-flow mode: attached worker; stopping ss scans
[sao-listener flow 1] cport=23001 cc=astraea worker active
[worker cport=23000 agent=0] loaded checkpoint step=51200
[worker alg=ma_dreamer reward=tempest_fairness_ma_symetric cport=23000 agent=0 group=slot0_ep9 flow=1] started interval=20ms det=1 latent=8x8
[worker cport=23802 agent=2] loaded checkpoint step=51200
[worker alg=ma_dreamer reward=tempest_fairness_ma_symetric cport=23802 agent=2 group=slot8_ep5 flow=1] started interval=20ms det=1 latent=8x8
[worker cport=23801 agent=1] loaded checkpoint step=51200
[worker alg=ma_dreamer reward=tempest_fairness_ma_symetric cport=23801 agent=1 group=slot8_ep5 flow=1] started interval=20ms det=1 latent=8x8
[worker cport=23701 agent=1] loaded checkpoint step=51200
[worker alg=ma_dreamer reward=tempest_fairness_ma_symetric cport=23701 agent=1 group=slot7_ep7 flow=1] started interval=20ms det=1 latent=8x8
[orch] link change t=15.0s bw=60 delay=93
[sao-listener] new flow 1 10.0.0.2:23201->10.0.0.9:5203 cc=astraea pid=574962 child=580229
[sao-listener] single-flow mode: attached worker; stopping ss scans
[sao-listener flow 1] cport=23201 cc=astraea worker active
[worker cport=23502 agent=2] loaded checkpoint step=51200
[worker alg=ma_dreamer reward=tempest_fairness_ma_symetric cport=23502 agent=2 group=slot5_ep3 flow=1] started interval=20ms det=1 latent=8x8
[worker cport=23001 agent=1] loaded checkpoint step=51200
[worker alg=ma_dreamer reward=tempest_fairness_ma_symetric cport=23001 agent=1 group=slot0_ep9 flow=1] started interval=20ms det=1 latent=8x8
[sao-listener] new flow 1 10.0.0.3:23402->10.0.0.10:5205 cc=astraea pid=574229 child=580722
[sao-listener] single-flow mode: attached worker; stopping ss scans
[sao-listener flow 1] cport=23402 cc=astraea worker active
[worker cport=23201 agent=1] loaded checkpoint step=51200
[worker alg=ma_dreamer reward=tempest_fairness_ma_symetric cport=23201 agent=1 group=slot2_ep8 flow=1] started interval=20ms det=1 latent=8x8
[sao-listener] new flow 1 10.0.0.1:23100->10.0.0.8:5202 cc=astraea pid=573739 child=581840
[sao-listener] single-flow mode: attached worker; stopping ss scans
[sao-listener flow 1] cport=23100 cc=astraea worker active
[orch] link change t=15.0s bw=58 delay=26
[worker cport=23402 agent=2] loaded checkpoint step=51200
[worker alg=ma_dreamer reward=tempest_fairness_ma_symetric cport=23402 agent=2 group=slot4_ep1 flow=1] started interval=20ms det=1 latent=8x8
[sao-listener] new flow 1 10.0.0.4:23403->10.0.0.11:5205 cc=astraea pid=581777 child=582330
[sao-listener] single-flow mode: attached worker; stopping ss scans
[sao-listener flow 1] cport=23403 cc=astraea worker active
[sao-listener] new flow 1 10.0.0.3:23302->10.0.0.10:5204 cc=astraea pid=576228 child=582638
[sao-listener] single-flow mode: attached worker; stopping ss scans
[sao-listener flow 1] cport=23302 cc=astraea worker active
[worker cport=23100 agent=0] loaded checkpoint step=51200
[worker alg=ma_dreamer reward=tempest_fairness_ma_symetric cport=23100 agent=0 group=slot1_ep10 flow=1] started interval=20ms det=1 latent=8x8
[sao-listener] new flow 1 10.0.0.3:23602->10.0.0.10:5207 cc=astraea pid=578759 child=583210
[sao-listener] single-flow mode: attached worker; stopping ss scans
[sao-listener flow 1] cport=23602 cc=astraea worker active
[worker cport=23403 agent=3] loaded checkpoint step=51200
[worker alg=ma_dreamer reward=tempest_fairness_ma_symetric cport=23403 agent=3 group=slot4_ep1 flow=1] started interval=20ms det=1 latent=8x8
[worker cport=23302 agent=2] loaded checkpoint step=51200
[worker alg=ma_dreamer reward=tempest_fairness_ma_symetric cport=23302 agent=2 group=slot3_ep4 flow=1] started interval=20ms det=1 latent=8x8
[worker cport=23602 agent=2] loaded checkpoint step=51200
[worker alg=ma_dreamer reward=tempest_fairness_ma_symetric cport=23602 agent=2 group=slot6_ep6 flow=1] started interval=20ms det=1 latent=8x8
[sao-listener] new flow 1 10.0.0.4:23903->10.0.0.11:5210 cc=astraea pid=582341 child=584946
[sao-listener] single-flow mode: attached worker; stopping ss scans
[sao-listener flow 1] cport=23903 cc=astraea worker active
[orch] link change t=15.0s bw=57 delay=44
[sao-listener] new flow 1 10.0.0.4:23803->10.0.0.11:5209 cc=astraea pid=584836 child=585504
[sao-listener] single-flow mode: attached worker; stopping ss scans
[sao-listener flow 1] cport=23803 cc=astraea worker active
[sao-listener] new flow 1 10.0.0.3:23702->10.0.0.10:5208 cc=astraea pid=580710 child=585713
[sao-listener] single-flow mode: attached worker; stopping ss scans
[sao-listener flow 1] cport=23702 cc=astraea worker active
[worker cport=23903 agent=3] loaded checkpoint step=51200
[worker alg=ma_dreamer reward=tempest_fairness_ma_symetric cport=23903 agent=3 group=slot9_ep2 flow=1] started interval=20ms det=1 latent=8x8
[worker cport=23803 agent=3] loaded checkpoint step=51200
[worker alg=ma_dreamer reward=tempest_fairness_ma_symetric cport=23803 agent=3 group=slot8_ep5 flow=1] started interval=20ms det=1 latent=8x8
[worker cport=23702 agent=2] loaded checkpoint step=51200
[worker alg=ma_dreamer reward=tempest_fairness_ma_symetric cport=23702 agent=2 group=slot7_ep7 flow=1] started interval=20ms det=1 latent=8x8
[sao-listener] new flow 1 10.0.0.4:23503->10.0.0.11:5206 cc=astraea pid=582956 child=587055
[sao-listener] single-flow mode: attached worker; stopping ss scans
[sao-listener flow 1] cport=23503 cc=astraea worker active
[orch] link change t=15.0s bw=64 delay=71
[sao-listener] new flow 1 10.0.0.4:23603->10.0.0.11:5207 cc=astraea pid=586258 child=587745
[sao-listener] single-flow mode: attached worker; stopping ss scans
[sao-listener flow 1] cport=23603 cc=astraea worker active
[sao-listener] new flow 1 10.0.0.2:23101->10.0.0.9:5202 cc=astraea pid=581263 child=588127
[sao-listener] single-flow mode: attached worker; stopping ss scans
[sao-listener flow 1] cport=23101 cc=astraea worker active
[worker cport=23503 agent=3] loaded checkpoint step=51200
[worker alg=ma_dreamer reward=tempest_fairness_ma_symetric cport=23503 agent=3 group=slot5_ep3 flow=1] started interval=20ms det=1 latent=8x8
[sao-listener] new flow 1 10.0.0.3:23202->10.0.0.10:5203 cc=astraea pid=582630 child=588262
[sao-listener] single-flow mode: attached worker; stopping ss scans
[sao-listener flow 1] cport=23202 cc=astraea worker active
[orch] link change t=30.0s bw=25 delay=73
[orch] link change t=30.0s bw=31 delay=95
[worker cport=23603 agent=3] loaded checkpoint step=51200
[worker alg=ma_dreamer reward=tempest_fairness_ma_symetric cport=23603 agent=3 group=slot6_ep6 flow=1] started interval=20ms det=1 latent=8x8
[worker cport=23101 agent=1] loaded checkpoint step=51200
[worker alg=ma_dreamer reward=tempest_fairness_ma_symetric cport=23101 agent=1 group=slot1_ep10 flow=1] started interval=20ms det=1 latent=8x8
[worker cport=23202 agent=2] loaded checkpoint step=51200
[worker alg=ma_dreamer reward=tempest_fairness_ma_symetric cport=23202 agent=2 group=slot2_ep8 flow=1] started interval=20ms det=1 latent=8x8
[orch] link change t=30.0s bw=57 delay=87
[sao-listener] new flow 1 10.0.0.4:23303->10.0.0.11:5204 cc=astraea pid=583967 child=589958
[sao-listener] single-flow mode: attached worker; stopping ss scans
[sao-listener flow 1] cport=23303 cc=astraea worker active
[orch] link change t=30.0s bw=71 delay=29
[sao-listener] new flow 1 10.0.0.5:23904->10.0.0.12:5210 cc=astraea pid=589382 child=590663
[sao-listener] single-flow mode: attached worker; stopping ss scans
[sao-listener flow 1] cport=23904 cc=astraea worker active
[worker cport=23303 agent=3] loaded checkpoint step=51200
[worker alg=ma_dreamer reward=tempest_fairness_ma_symetric cport=23303 agent=3 group=slot3_ep4 flow=1] started interval=20ms det=1 latent=8x8
[orch] link change t=30.0s bw=93 delay=77
[sao-listener] new flow 1 10.0.0.5:23304->10.0.0.12:5204 cc=astraea pid=590739 child=591230
[sao-listener] single-flow mode: attached worker; stopping ss scans
[sao-listener flow 1] cport=23304 cc=astraea worker active
[sao-listener] new flow 1 10.0.0.4:23703->10.0.0.11:5208 cc=astraea pid=587849 child=591677
[sao-listener] single-flow mode: attached worker; stopping ss scans
[sao-listener flow 1] cport=23703 cc=astraea worker active
[worker cport=23904 agent=4] loaded checkpoint step=51200
[worker alg=ma_dreamer reward=tempest_fairness_ma_symetric cport=23904 agent=4 group=slot9_ep2 flow=1] started interval=20ms det=1 latent=8x8
[sao-listener] new flow 1 10.0.0.3:23002->10.0.0.10:5201 cc=astraea pid=585847 child=591861
[sao-listener] single-flow mode: attached worker; stopping ss scans
[sao-listener flow 1] cport=23002 cc=astraea worker active
[worker cport=23304 agent=4] loaded checkpoint step=51200
[worker alg=ma_dreamer reward=tempest_fairness_ma_symetric cport=23304 agent=4 group=slot3_ep4 flow=1] started interval=20ms det=1 latent=8x8
[orch] link change t=30.0s bw=14 delay=10
[sao-listener] new flow 1 10.0.0.5:23504->10.0.0.12:5206 cc=astraea pid=589857 child=592351
[sao-listener] single-flow mode: attached worker; stopping ss scans
[sao-listener flow 1] cport=23504 cc=astraea worker active
[worker cport=23703 agent=3] loaded checkpoint step=51200
[worker alg=ma_dreamer reward=tempest_fairness_ma_symetric cport=23703 agent=3 group=slot7_ep7 flow=1] started interval=20ms det=1 latent=8x8
[worker cport=23002 agent=2] loaded checkpoint step=51200
[worker alg=ma_dreamer reward=tempest_fairness_ma_symetric cport=23002 agent=2 group=slot0_ep9 flow=1] started interval=20ms det=1 latent=8x8
[sao-listener] new flow 1 10.0.0.5:23804->10.0.0.12:5209 cc=astraea pid=591545 child=593041
[sao-listener] single-flow mode: attached worker; stopping ss scans
[sao-listener flow 1] cport=23804 cc=astraea worker active
[worker cport=23504 agent=4] loaded checkpoint step=51200
[worker alg=ma_dreamer reward=tempest_fairness_ma_symetric cport=23504 agent=4 group=slot5_ep3 flow=1] started interval=20ms det=1 latent=8x8
[orch] link change t=30.0s bw=16 delay=19
[worker cport=23804 agent=4] loaded checkpoint step=51200
[worker alg=ma_dreamer reward=tempest_fairness_ma_symetric cport=23804 agent=4 group=slot8_ep5 flow=1] started interval=20ms det=1 latent=8x8
[sao-listener] new flow 1 10.0.0.5:23604->10.0.0.12:5207 cc=astraea pid=592896 child=593839
[sao-listener] single-flow mode: attached worker; stopping ss scans
[sao-listener flow 1] cport=23604 cc=astraea worker active
[sao-listener] new flow 1 10.0.0.5:23404->10.0.0.12:5205 cc=astraea pid=588825 child=593943
[sao-listener] single-flow mode: attached worker; stopping ss scans
[sao-listener flow 1] cport=23404 cc=astraea worker active
[sao-listener] new flow 1 10.0.0.3:23102->10.0.0.10:5202 cc=astraea pid=588417 child=594213
[sao-listener] single-flow mode: attached worker; stopping ss scans
[sao-listener flow 1] cport=23102 cc=astraea worker active
[sao-listener] new flow 1 10.0.0.4:23203->10.0.0.11:5203 cc=astraea pid=589592 child=594505
[sao-listener] single-flow mode: attached worker; stopping ss scans
[sao-listener flow 1] cport=23203 cc=astraea worker active
[worker cport=23604 agent=4] loaded checkpoint step=51200
[worker alg=ma_dreamer reward=tempest_fairness_ma_symetric cport=23604 agent=4 group=slot6_ep6 flow=1] started interval=20ms det=1 latent=8x8
[worker cport=23404 agent=4] loaded checkpoint step=51200
[worker alg=ma_dreamer reward=tempest_fairness_ma_symetric cport=23404 agent=4 group=slot4_ep1 flow=1] started interval=20ms det=1 latent=8x8
[worker cport=23102 agent=2] loaded checkpoint step=51200
[worker alg=ma_dreamer reward=tempest_fairness_ma_symetric cport=23102 agent=2 group=slot1_ep10 flow=1] started interval=20ms det=1 latent=8x8
[orch] link change t=30.0s bw=34 delay=100
[worker cport=23203 agent=3] loaded checkpoint step=51200
[worker alg=ma_dreamer reward=tempest_fairness_ma_symetric cport=23203 agent=3 group=slot2_ep8 flow=1] started interval=20ms det=1 latent=8x8
[sao-listener] new flow 1 10.0.0.4:23003->10.0.0.11:5201 cc=astraea pid=592485 child=596341
[sao-listener] single-flow mode: attached worker; stopping ss scans
[sao-listener flow 1] cport=23003 cc=astraea worker active
[sao-listener] new flow 1 10.0.0.6:23905->10.0.0.13:5210 cc=astraea pid=595539 child=596525
[sao-listener] single-flow mode: attached worker; stopping ss scans
[sao-listener flow 1] cport=23905 cc=astraea worker active
[sao-listener] new flow 1 10.0.0.5:23704->10.0.0.12:5208 cc=astraea pid=594334 child=596980
[sao-listener] single-flow mode: attached worker; stopping ss scans
[sao-listener flow 1] cport=23704 cc=astraea worker active
[worker cport=23003 agent=3] loaded checkpoint step=51200
[worker alg=ma_dreamer reward=tempest_fairness_ma_symetric cport=23003 agent=3 group=slot0_ep9 flow=1] started interval=20ms det=1 latent=8x8
[sao-listener] new flow 1 10.0.0.6:23505->10.0.0.13:5206 cc=astraea pid=595892 child=597132
[sao-listener] single-flow mode: attached worker; stopping ss scans
[sao-listener flow 1] cport=23505 cc=astraea worker active
[worker cport=23905 agent=5] loaded checkpoint step=51200
[worker alg=ma_dreamer reward=tempest_fairness_ma_symetric cport=23905 agent=5 group=slot9_ep2 flow=1] started interval=20ms det=1 latent=8x8
[orch] link change t=30.0s bw=27 delay=33
[worker cport=23704 agent=4] loaded checkpoint step=51200
[worker alg=ma_dreamer reward=tempest_fairness_ma_symetric cport=23704 agent=4 group=slot7_ep7 flow=1] started interval=20ms det=1 latent=8x8
[worker cport=23505 agent=5] loaded checkpoint step=51200
[worker alg=ma_dreamer reward=tempest_fairness_ma_symetric cport=23505 agent=5 group=slot5_ep3 flow=1] started interval=20ms det=1 latent=8x8
[sao-listener] new flow 1 10.0.0.5:23204->10.0.0.12:5203 cc=astraea pid=595703 child=598245
[sao-listener] single-flow mode: attached worker; stopping ss scans
[sao-listener flow 1] cport=23204 cc=astraea worker active
[sao-listener] new flow 1 10.0.0.6:23405->10.0.0.13:5205 cc=astraea pid=595152 child=598491
[sao-listener] single-flow mode: attached worker; stopping ss scans
[sao-listener flow 1] cport=23405 cc=astraea worker active
[sao-listener] new flow 1 10.0.0.6:23605->10.0.0.13:5207 cc=astraea pid=598151 child=598561
[sao-listener] single-flow mode: attached worker; stopping ss scans
[sao-listener flow 1] cport=23605 cc=astraea worker active
[sao-listener] new flow 1 10.0.0.4:23103->10.0.0.11:5202 cc=astraea pid=594805 child=598576
[sao-listener] single-flow mode: attached worker; stopping ss scans
[sao-listener flow 1] cport=23103 cc=astraea worker active
[worker cport=23204 agent=4] loaded checkpoint step=51200
[worker alg=ma_dreamer reward=tempest_fairness_ma_symetric cport=23204 agent=4 group=slot2_ep8 flow=1] started interval=20ms det=1 latent=8x8
[worker cport=23405 agent=5] loaded checkpoint step=51200
[worker alg=ma_dreamer reward=tempest_fairness_ma_symetric cport=23405 agent=5 group=slot4_ep1 flow=1] started interval=20ms det=1 latent=8x8
[worker cport=23605 agent=5] loaded checkpoint step=51200
[worker alg=ma_dreamer reward=tempest_fairness_ma_symetric cport=23605 agent=5 group=slot6_ep6 flow=1] started interval=20ms det=1 latent=8x8
[worker cport=23103 agent=3] loaded checkpoint step=51200
[worker alg=ma_dreamer reward=tempest_fairness_ma_symetric cport=23103 agent=3 group=slot1_ep10 flow=1] started interval=20ms det=1 latent=8x8
[orch] link change t=30.0s bw=83 delay=11
[sao-listener] new flow 1 10.0.0.6:23305->10.0.0.13:5204 cc=astraea pid=596598 child=599503
[sao-listener] single-flow mode: attached worker; stopping ss scans
[sao-listener flow 1] cport=23305 cc=astraea worker active
[orch] link change t=45.0s bw=67 delay=70
[orch] link change t=45.0s bw=49 delay=42
[worker cport=23305 agent=5] loaded checkpoint step=51200
[worker alg=ma_dreamer reward=tempest_fairness_ma_symetric cport=23305 agent=5 group=slot3_ep4 flow=1] started interval=20ms det=1 latent=8x8
[orch] link change t=45.0s bw=70 delay=90
[sao-listener] new flow 1 10.0.0.5:23004->10.0.0.12:5201 cc=astraea pid=597921 child=600172
[sao-listener] single-flow mode: attached worker; stopping ss scans
[sao-listener flow 1] cport=23004 cc=astraea worker active
[orch] link change t=45.0s bw=21 delay=18
[sao-listener] new flow 1 10.0.0.6:23805->10.0.0.13:5209 cc=astraea pid=597292 child=600505
[sao-listener] single-flow mode: attached worker; stopping ss scans
[sao-listener flow 1] cport=23805 cc=astraea worker active
[sao-listener] new flow 1 10.0.0.6:23705->10.0.0.13:5208 cc=astraea pid=599316 child=600566
[sao-listener] single-flow mode: attached worker; stopping ss scans
[sao-listener flow 1] cport=23705 cc=astraea worker active
[worker cport=23004 agent=4] loaded checkpoint step=51200
[worker alg=ma_dreamer reward=tempest_fairness_ma_symetric cport=23004 agent=4 group=slot0_ep9 flow=1] started interval=20ms det=1 latent=8x8
[sao-listener] new flow 1 10.0.0.7:23506->10.0.0.14:5206 cc=astraea pid=600309 child=601024
[sao-listener] single-flow mode: attached worker; stopping ss scans
[sao-listener flow 1] cport=23506 cc=astraea worker active
[worker cport=23805 agent=5] loaded checkpoint step=51200
[worker alg=ma_dreamer reward=tempest_fairness_ma_symetric cport=23805 agent=5 group=slot8_ep5 flow=1] started interval=20ms det=1 latent=8x8
[worker cport=23705 agent=5] loaded checkpoint step=51200
[worker alg=ma_dreamer reward=tempest_fairness_ma_symetric cport=23705 agent=5 group=slot7_ep7 flow=1] started interval=20ms det=1 latent=8x8
[orch] link change t=45.0s bw=13 delay=69
[worker cport=23506 agent=6] loaded checkpoint step=51200
[worker alg=ma_dreamer reward=tempest_fairness_ma_symetric cport=23506 agent=6 group=slot5_ep3 flow=1] started interval=20ms det=1 latent=8x8
[sao-listener] new flow 1 10.0.0.6:23205->10.0.0.13:5203 cc=astraea pid=600154 child=601409
[sao-listener] single-flow mode: attached worker; stopping ss scans
[sao-listener flow 1] cport=23205 cc=astraea worker active
[sao-listener] new flow 1 10.0.0.5:23104->10.0.0.12:5202 cc=astraea pid=599591 child=601591
[sao-listener] single-flow mode: attached worker; stopping ss scans
[sao-listener flow 1] cport=23104 cc=astraea worker active
[orch] link change t=45.0s bw=28 delay=94
[worker cport=23205 agent=5] loaded checkpoint step=51200
[worker alg=ma_dreamer reward=tempest_fairness_ma_symetric cport=23205 agent=5 group=slot2_ep8 flow=1] started interval=20ms det=1 latent=8x8
[worker cport=23104 agent=4] loaded checkpoint step=51200
[worker alg=ma_dreamer reward=tempest_fairness_ma_symetric cport=23104 agent=4 group=slot1_ep10 flow=1] started interval=20ms det=1 latent=8x8
[sao-listener] new flow 1 10.0.0.7:23406->10.0.0.14:5205 cc=astraea pid=599787 child=602078
[sao-listener] single-flow mode: attached worker; stopping ss scans
[sao-listener flow 1] cport=23406 cc=astraea worker active
[sao-listener] new flow 1 10.0.0.7:23906->10.0.0.14:5210 cc=astraea pid=600050 child=602230
[sao-listener] single-flow mode: attached worker; stopping ss scans
[sao-listener flow 1] cport=23906 cc=astraea worker active
[orch] link change t=45.0s bw=78 delay=22
[worker cport=23406 agent=6] loaded checkpoint step=51200
[worker alg=ma_dreamer reward=tempest_fairness_ma_symetric cport=23406 agent=6 group=slot4_ep1 flow=1] started interval=20ms det=1 latent=8x8
[worker cport=23906 agent=6] loaded checkpoint step=51200
[worker alg=ma_dreamer reward=tempest_fairness_ma_symetric cport=23906 agent=6 group=slot9_ep2 flow=1] started interval=20ms det=1 latent=8x8
[sao-listener] new flow 1 10.0.0.7:23306->10.0.0.14:5204 cc=astraea pid=600818 child=602599
[sao-listener] single-flow mode: attached worker; stopping ss scans
[sao-listener flow 1] cport=23306 cc=astraea worker active
[sao-listener] new flow 1 10.0.0.7:23706->10.0.0.14:5208 cc=astraea pid=602499 child=602724
[sao-listener] single-flow mode: attached worker; stopping ss scans
[sao-listener flow 1] cport=23706 cc=astraea worker active
[sao-listener] new flow 1 10.0.0.6:23005->10.0.0.13:5201 cc=astraea pid=601720 child=602795
[sao-listener] single-flow mode: attached worker; stopping ss scans
[sao-listener flow 1] cport=23005 cc=astraea worker active
[worker cport=23306 agent=6] loaded checkpoint step=51200
[worker alg=ma_dreamer reward=tempest_fairness_ma_symetric cport=23306 agent=6 group=slot3_ep4 flow=1] started interval=20ms det=1 latent=8x8
[orch] link change t=45.0s bw=15 delay=20
[sao-listener] new flow 1 10.0.0.7:23806->10.0.0.14:5209 cc=astraea pid=601269 child=602990
[sao-listener] single-flow mode: attached worker; stopping ss scans
[sao-listener flow 1] cport=23806 cc=astraea worker active
[worker cport=23706 agent=6] loaded checkpoint step=51200
[worker alg=ma_dreamer reward=tempest_fairness_ma_symetric cport=23706 agent=6 group=slot7_ep7 flow=1] started interval=20ms det=1 latent=8x8
[worker cport=23005 agent=5] loaded checkpoint step=51200
[worker alg=ma_dreamer reward=tempest_fairness_ma_symetric cport=23005 agent=5 group=slot0_ep9 flow=1] started interval=20ms det=1 latent=8x8
[worker cport=23806 agent=6] loaded checkpoint step=51200
[worker alg=ma_dreamer reward=tempest_fairness_ma_symetric cport=23806 agent=6 group=slot8_ep5 flow=1] started interval=20ms det=1 latent=8x8
[sao-listener] new flow 1 10.0.0.7:23606->10.0.0.14:5207 cc=astraea pid=601890 child=603387
[sao-listener] single-flow mode: attached worker; stopping ss scans
[sao-listener flow 1] cport=23606 cc=astraea worker active
[sao-listener] new flow 1 10.0.0.7:23206->10.0.0.14:5203 cc=astraea pid=603178 child=603474
[sao-listener] single-flow mode: attached worker; stopping ss scans
[sao-listener flow 1] cport=23206 cc=astraea worker active
[worker cport=23606 agent=6] loaded checkpoint step=51200
[worker alg=ma_dreamer reward=tempest_fairness_ma_symetric cport=23606 agent=6 group=slot6_ep6 flow=1] started interval=20ms det=1 latent=8x8
[sao-listener] new flow 1 10.0.0.6:23105->10.0.0.13:5202 cc=astraea pid=602706 child=603623
[sao-listener] single-flow mode: attached worker; stopping ss scans
[sao-listener flow 1] cport=23105 cc=astraea worker active
[worker cport=23206 agent=6] loaded checkpoint step=51200
[worker alg=ma_dreamer reward=tempest_fairness_ma_symetric cport=23206 agent=6 group=slot2_ep8 flow=1] started interval=20ms det=1 latent=8x8
[orch] link change t=45.0s bw=96 delay=10
[worker cport=23105 agent=5] loaded checkpoint step=51200
[worker alg=ma_dreamer reward=tempest_fairness_ma_symetric cport=23105 agent=5 group=slot1_ep10 flow=1] started interval=20ms det=1 latent=8x8
[sao-listener] new flow 1 10.0.0.7:23006->10.0.0.14:5201 cc=astraea pid=603811 child=603888
[sao-listener] single-flow mode: attached worker; stopping ss scans
[sao-listener flow 1] cport=23006 cc=astraea worker active
[orch] link change t=45.0s bw=36 delay=69
[worker cport=23006 agent=6] loaded checkpoint step=51200
[worker alg=ma_dreamer reward=tempest_fairness_ma_symetric cport=23006 agent=6 group=slot0_ep9 flow=1] started interval=20ms det=1 latent=8x8
[orch] link change t=60.0s bw=93 delay=58
[orch] link change t=60.0s bw=87 delay=37
[orch] link change t=60.0s bw=84 delay=18
[sao-listener] new flow 1 10.0.0.7:23106->10.0.0.14:5202 cc=astraea pid=604020 child=604065
[sao-listener] single-flow mode: attached worker; stopping ss scans
[sao-listener flow 1] cport=23106 cc=astraea worker active
[orch] link change t=60.0s bw=12 delay=61
[worker cport=23106 agent=6] loaded checkpoint step=51200
[worker alg=ma_dreamer reward=tempest_fairness_ma_symetric cport=23106 agent=6 group=slot1_ep10 flow=1] started interval=20ms det=1 latent=8x8
[orch] link change t=60.0s bw=41 delay=93
[orch] link change t=60.0s bw=85 delay=70
[orch] link change t=60.0s bw=56 delay=84
[orch] link change t=60.0s bw=27 delay=41
[orch] link change t=60.0s bw=53 delay=74
[orch] link change t=60.0s bw=72 delay=45
[orch] link change t=75.0s bw=36 delay=22
[orch] link change t=75.0s bw=87 delay=14
[orch] link change t=75.0s bw=87 delay=11
[orch] link change t=75.0s bw=80 delay=47
[orch] link change t=75.0s bw=16 delay=30
[orch] link change t=75.0s bw=57 delay=50
[orch] link change t=75.0s bw=17 delay=74
[orch] link change t=75.0s bw=74 delay=36
[orch] link change t=75.0s bw=69 delay=87
[orch] link change t=75.0s bw=93 delay=30
[orch] link change t=90.0s bw=72 delay=13
[orch] link change t=90.0s bw=84 delay=97
[orch] link change t=90.0s bw=70 delay=43
[orch] link change t=90.0s bw=17 delay=38
[orch] link change t=90.0s bw=24 delay=57
[orch] link change t=90.0s bw=12 delay=44
[orch] link change t=90.0s bw=37 delay=14
[orch] link change t=90.0s bw=61 delay=92
[orch] link change t=90.0s bw=20 delay=52
[orch] link change t=90.0s bw=14 delay=76
[orch] link change t=105.0s bw=59 delay=65
[orch] link change t=105.0s bw=30 delay=65
[orch] link change t=105.0s bw=80 delay=39
[orch] link change t=105.0s bw=76 delay=78
[orch] link change t=105.0s bw=70 delay=41
[orch] link change t=105.0s bw=72 delay=35
[orch] link change t=105.0s bw=21 delay=65
[orch] link change t=105.0s bw=13 delay=68
[orch] link change t=105.0s bw=80 delay=88
[orch] link change t=105.0s bw=72 delay=51
[orch] link change t=120.0s bw=87 delay=10
[orch] link change t=120.0s bw=91 delay=60
[orch] link change t=120.0s bw=34 delay=70
[orch] link change t=120.0s bw=56 delay=45
[orch] link change t=120.0s bw=58 delay=79
[orch] link change t=120.0s bw=62 delay=78
[orch] link change t=120.0s bw=63 delay=18
[orch] link change t=120.0s bw=72 delay=68
[orch] link change t=120.0s bw=99 delay=15
[orch] link change t=120.0s bw=19 delay=41
[orch] link change t=135.0s bw=99 delay=67
[orch] link change t=135.0s bw=75 delay=57
[orch] link change t=135.0s bw=79 delay=80
[orch] link change t=135.0s bw=32 delay=23
[orch] link change t=135.0s bw=23 delay=83
[orch] link change t=135.0s bw=79 delay=97
[orch] link change t=135.0s bw=40 delay=21
[orch] link change t=135.0s bw=59 delay=73
[orch] link change t=135.0s bw=58 delay=31
[orch] link change t=135.0s bw=56 delay=15
[orch] link change t=150.0s bw=44 delay=39
[orch] link change t=150.0s bw=79 delay=66
[orch] link change t=150.0s bw=70 delay=60
[orch] link change t=150.0s bw=43 delay=37
[orch] link change t=150.0s bw=41 delay=11
[orch] link change t=150.0s bw=22 delay=34
[orch] link change t=150.0s bw=80 delay=64
[orch] link change t=150.0s bw=83 delay=34
[orch] link change t=150.0s bw=100 delay=67
[orch] link change t=150.0s bw=63 delay=27
[orch] link change t=165.0s bw=85 delay=23
[orch] link change t=165.0s bw=74 delay=44
[orch] link change t=165.0s bw=91 delay=29
[orch] link change t=165.0s bw=13 delay=92
[orch] link change t=165.0s bw=37 delay=62
[orch] link change t=165.0s bw=82 delay=80
[orch] link change t=165.0s bw=17 delay=82
[orch] link change t=165.0s bw=61 delay=21
[orch] link change t=165.0s bw=64 delay=30
[orch] link change t=165.0s bw=87 delay=55
[orch] link change t=180.0s bw=50 delay=13
[orch] link change t=180.0s bw=14 delay=13
[orch] link change t=180.0s bw=39 delay=91
[orch] link change t=180.0s bw=43 delay=44
[orch] link change t=180.0s bw=45 delay=33
[orch] link change t=180.0s bw=99 delay=43
[orch] link change t=180.0s bw=25 delay=38
[orch] link change t=180.0s bw=72 delay=39
[orch] link change t=180.0s bw=31 delay=40
[orch] link change t=180.0s bw=58 delay=63
[orch] link change t=195.0s bw=12 delay=13
[orch] link change t=195.0s bw=56 delay=69
[orch] link change t=195.0s bw=29 delay=76
[orch] link change t=195.0s bw=34 delay=31
[orch] link change t=195.0s bw=59 delay=30
[orch] link change t=195.0s bw=94 delay=88
[orch] link change t=195.0s bw=90 delay=90
[orch] link change t=195.0s bw=12 delay=99
[orch] link change t=195.0s bw=16 delay=24
[orch] link change t=195.0s bw=46 delay=96
[orch] link change t=210.0s bw=93 delay=79
[orch] link change t=210.0s bw=50 delay=58
[orch] link change t=210.0s bw=59 delay=11
[orch] link change t=210.0s bw=49 delay=47
[orch] link change t=210.0s bw=19 delay=27
[orch] link change t=210.0s bw=97 delay=21
[orch] link change t=210.0s bw=84 delay=17
[orch] link change t=210.0s bw=44 delay=76
[orch] link change t=210.0s bw=26 delay=74
[orch] link change t=210.0s bw=43 delay=68
[orch] link change t=225.0s bw=11 delay=58
[orch] link change t=225.0s bw=64 delay=77
[orch] link change t=225.0s bw=95 delay=18
[orch] link change t=225.0s bw=90 delay=57
[orch] link change t=225.0s bw=89 delay=89
[orch] link change t=225.0s bw=64 delay=52
[orch] link change t=225.0s bw=83 delay=84
[orch] link change t=225.0s bw=62 delay=70
[orch] link change t=225.0s bw=85 delay=18
[orch] link change t=225.0s bw=32 delay=97
[orch] link change t=240.0s bw=97 delay=37
[orch] link change t=240.0s bw=31 delay=81
[orch] link change t=240.0s bw=30 delay=85
[orch] link change t=240.0s bw=21 delay=87
[orch] link change t=240.0s bw=66 delay=26
[orch] link change t=240.0s bw=21 delay=56
[orch] link change t=240.0s bw=60 delay=16
[orch] link change t=240.0s bw=58 delay=24
[orch] link change t=240.0s bw=98 delay=59
[orch] link change t=240.0s bw=48 delay=94
[orch] link change t=255.0s bw=64 delay=13
[orch] link change t=255.0s bw=32 delay=40
[orch] link change t=255.0s bw=15 delay=48
[orch] link change t=255.0s bw=53 delay=95
[orch] link change t=255.0s bw=26 delay=10
[orch] link change t=255.0s bw=62 delay=42
[orch] link change t=255.0s bw=38 delay=15
[orch] link change t=255.0s bw=94 delay=43
[orch] link change t=255.0s bw=23 delay=47
[orch] link change t=255.0s bw=56 delay=27
[orch] link change t=270.0s bw=77 delay=38
[orch] link change t=270.0s bw=39 delay=13
[orch] link change t=270.0s bw=13 delay=44
[orch] link change t=270.0s bw=59 delay=74
[orch] link change t=270.0s bw=10 delay=36
[orch] link change t=270.0s bw=66 delay=99
[orch] link change t=270.0s bw=81 delay=27
[orch] link change t=270.0s bw=22 delay=18
[orch] link change t=270.0s bw=36 delay=96
[orch] link change t=270.0s bw=68 delay=40
[orch] link change t=285.0s bw=66 delay=73
[orch] link change t=285.0s bw=32 delay=51
[orch] link change t=285.0s bw=70 delay=86
[orch] link change t=285.0s bw=41 delay=32
[orch] link change t=285.0s bw=37 delay=31
[orch] link change t=285.0s bw=22 delay=35
[orch] link change t=285.0s bw=47 delay=63
[orch] link change t=285.0s bw=59 delay=89
[orch] link change t=285.0s bw=38 delay=63
[orch] link change t=285.0s bw=66 delay=88
[orch] link change t=300.0s bw=80 delay=39
[orch] link change t=300.0s bw=32 delay=27
[orch] link change t=300.0s bw=59 delay=64
[orch] link change t=300.0s bw=41 delay=70
[orch] link change t=300.0s bw=31 delay=47
[orch] link change t=300.0s bw=99 delay=91
[orch] link change t=300.0s bw=28 delay=79
[orch] link change t=300.0s bw=58 delay=23
[orch] link change t=300.0s bw=21 delay=44
[orch] link change t=300.0s bw=58 delay=15
[orch] link change t=315.0s bw=54 delay=39
[orch] link change t=315.0s bw=75 delay=75
[orch] link change t=315.0s bw=60 delay=83
[orch] link change t=315.0s bw=45 delay=21
[orch] link change t=315.0s bw=50 delay=35
[orch] link change t=315.0s bw=47 delay=22
[orch] link change t=315.0s bw=25 delay=83
[orch] link change t=315.0s bw=94 delay=17
[orch] link change t=315.0s bw=36 delay=60
[orch] link change t=315.0s bw=84 delay=10
[orch] link change t=330.0s bw=96 delay=38
[orch] link change t=330.0s bw=56 delay=75
[orch] link change t=330.0s bw=66 delay=27
[orch] link change t=330.0s bw=80 delay=48
[orch] link change t=330.0s bw=79 delay=96
[orch] link change t=330.0s bw=15 delay=85
[orch] link change t=330.0s bw=49 delay=81
[orch] link change t=330.0s bw=53 delay=40
[orch] link change t=330.0s bw=45 delay=53
[orch] link change t=330.0s bw=40 delay=27
[multi_ep_plot] saved -> /its/home/mm2350/extra/Olympusv2/benchmarks/benchmark_responsive_fairness/data/ma_dreamer_symmetrical/7_flows/run1/ep000001_bw27_d82_n7.pdf  return=1463533.7
[ep_plot] ep=1 -> /its/home/mm2350/extra/Olympusv2/benchmarks/benchmark_responsive_fairness/data/ma_dreamer_symmetrical/7_flows/run1/ep000001_bw27_d82_n7.pdf  return=1463533.703125
[orch] ep=1 sum-of-agents return=1463533.7
[responsive_fairness] slot=4 ma_dreamer_symmetrical flows=7 run=11
[responsive_fairness] ma_dreamer_symmetrical flows=7 run=1 done (151/200)
[slot=4] ep=11  flows=7  bw=67Mbps  delay=81ms  duration=345s  delays=[0.0, 7.5, 15.0, 22.5, 30.0, 37.5, 45.0]  lifetimes=[345.0, 337.5, 330.0, 322.5, 315.0, 307.5, 300.0]
[multi_ep_plot] saved -> /its/home/mm2350/extra/Olympusv2/benchmarks/benchmark_responsive_fairness/data/ma_dreamer_symmetrical/7_flows/run2/ep000002_bw17_d21_n7.pdf  return=1405890.0
[ep_plot] ep=2 -> /its/home/mm2350/extra/Olympusv2/benchmarks/benchmark_responsive_fairness/data/ma_dreamer_symmetrical/7_flows/run2/ep000002_bw17_d21_n7.pdf  return=1405889.984375
[orch] ep=2 sum-of-agents return=1405890.0
[responsive_fairness] slot=9 ma_dreamer_symmetrical flows=7 run=12
[responsive_fairness] ma_dreamer_symmetrical flows=7 run=2 done (152/200)
[slot=9] ep=12  flows=7  bw=70Mbps  delay=44ms  duration=345s  delays=[0.0, 7.5, 15.0, 22.5, 30.0, 37.5, 45.0]  lifetimes=[345.0, 337.5, 330.0, 322.5, 315.0, 307.5, 300.0]
[sao-listener] cport=23400 worker=/its/home/mm2350/extra/Olympusv2/olympus/algorithms/ma_dreamer/worker.py scan=20ms target_cc=astraea single_flow=1 no_state_pipe=1
[sao-listener] cport=23401 worker=/its/home/mm2350/extra/Olympusv2/olympus/algorithms/ma_dreamer/worker.py scan=20ms target_cc=astraea single_flow=1 no_state_pipe=1
[sao-listener] cport=23402 worker=/its/home/mm2350/extra/Olympusv2/olympus/algorithms/ma_dreamer/worker.py scan=20ms target_cc=astraea single_flow=1 no_state_pipe=1
[sao-listener] cport=23403 worker=/its/home/mm2350/extra/Olympusv2/olympus/algorithms/ma_dreamer/worker.py scan=20ms target_cc=astraea single_flow=1 no_state_pipe=1
[sao-listener] cport=23404 worker=/its/home/mm2350/extra/Olympusv2/olympus/algorithms/ma_dreamer/worker.py scan=20ms target_cc=astraea single_flow=1 no_state_pipe=1
[sao-listener] cport=23405 worker=/its/home/mm2350/extra/Olympusv2/olympus/algorithms/ma_dreamer/worker.py scan=20ms target_cc=astraea single_flow=1 no_state_pipe=1
[sao-listener] cport=23406 worker=/its/home/mm2350/extra/Olympusv2/olympus/algorithms/ma_dreamer/worker.py scan=20ms target_cc=astraea single_flow=1 no_state_pipe=1
[multi_ep_plot] saved -> /its/home/mm2350/extra/Olympusv2/benchmarks/benchmark_responsive_fairness/data/ma_dreamer_symmetrical/7_flows/run3/ep000003_bw40_d85_n7.pdf  return=1530477.8
[ep_plot] ep=3 -> /its/home/mm2350/extra/Olympusv2/benchmarks/benchmark_responsive_fairness/data/ma_dreamer_symmetrical/7_flows/run3/ep000003_bw40_d85_n7.pdf  return=1530477.828125
[orch] ep=3 sum-of-agents return=1530477.8
[responsive_fairness] slot=5 ma_dreamer_symmetrical flows=7 run=13
[responsive_fairness] ma_dreamer_symmetrical flows=7 run=3 done (153/200)
[slot=5] ep=13  flows=7  bw=43Mbps  delay=47ms  duration=345s  delays=[0.0, 7.5, 15.0, 22.5, 30.0, 37.5, 45.0]  lifetimes=[345.0, 337.5, 330.0, 322.5, 315.0, 307.5, 300.0]
[sao-listener] cport=23900 worker=/its/home/mm2350/extra/Olympusv2/olympus/algorithms/ma_dreamer/worker.py scan=20ms target_cc=astraea single_flow=1 no_state_pipe=1
[sao-listener] cport=23901 worker=/its/home/mm2350/extra/Olympusv2/olympus/algorithms/ma_dreamer/worker.py scan=20ms target_cc=astraea single_flow=1 no_state_pipe=1
[sao-listener] cport=23902 worker=/its/home/mm2350/extra/Olympusv2/olympus/algorithms/ma_dreamer/worker.py scan=20ms target_cc=astraea single_flow=1 no_state_pipe=1
[sao-listener] cport=23903 worker=/its/home/mm2350/extra/Olympusv2/olympus/algorithms/ma_dreamer/worker.py scan=20ms target_cc=astraea single_flow=1 no_state_pipe=1
[sao-listener] cport=23904 worker=/its/home/mm2350/extra/Olympusv2/olympus/algorithms/ma_dreamer/worker.py scan=20ms target_cc=astraea single_flow=1 no_state_pipe=1
[sao-listener] cport=23905 worker=/its/home/mm2350/extra/Olympusv2/olympus/algorithms/ma_dreamer/worker.py scan=20ms target_cc=astraea single_flow=1 no_state_pipe=1
[sao-listener] cport=23906 worker=/its/home/mm2350/extra/Olympusv2/olympus/algorithms/ma_dreamer/worker.py scan=20ms target_cc=astraea single_flow=1 no_state_pipe=1
[multi_ep_plot] saved -> /its/home/mm2350/extra/Olympusv2/benchmarks/benchmark_responsive_fairness/data/ma_dreamer_symmetrical/7_flows/run4/ep000004_bw40_d48_n7.pdf  return=1417097.7
[ep_plot] ep=4 -> /its/home/mm2350/extra/Olympusv2/benchmarks/benchmark_responsive_fairness/data/ma_dreamer_symmetrical/7_flows/run4/ep000004_bw40_d48_n7.pdf  return=1417097.671875
[orch] ep=4 sum-of-agents return=1417097.7
[responsive_fairness] slot=3 ma_dreamer_symmetrical flows=7 run=14
[responsive_fairness] ma_dreamer_symmetrical flows=7 run=4 done (154/200)
[slot=3] ep=14  flows=7  bw=23Mbps  delay=88ms  duration=345s  delays=[0.0, 7.5, 15.0, 22.5, 30.0, 37.5, 45.0]  lifetimes=[345.0, 337.5, 330.0, 322.5, 315.0, 307.5, 300.0]
[sao-listener] cport=23500 worker=/its/home/mm2350/extra/Olympusv2/olympus/algorithms/ma_dreamer/worker.py scan=20ms target_cc=astraea single_flow=1 no_state_pipe=1
[sao-listener] cport=23501 worker=/its/home/mm2350/extra/Olympusv2/olympus/algorithms/ma_dreamer/worker.py scan=20ms target_cc=astraea single_flow=1 no_state_pipe=1
[sao-listener] cport=23502 worker=/its/home/mm2350/extra/Olympusv2/olympus/algorithms/ma_dreamer/worker.py scan=20ms target_cc=astraea single_flow=1 no_state_pipe=1
[sao-listener] cport=23503 worker=/its/home/mm2350/extra/Olympusv2/olympus/algorithms/ma_dreamer/worker.py scan=20ms target_cc=astraea single_flow=1 no_state_pipe=1
[sao-listener] cport=23504 worker=/its/home/mm2350/extra/Olympusv2/olympus/algorithms/ma_dreamer/worker.py scan=20ms target_cc=astraea single_flow=1 no_state_pipe=1
[sao-listener] cport=23505 worker=/its/home/mm2350/extra/Olympusv2/olympus/algorithms/ma_dreamer/worker.py scan=20ms target_cc=astraea single_flow=1 no_state_pipe=1
[sao-listener] cport=23506 worker=/its/home/mm2350/extra/Olympusv2/olympus/algorithms/ma_dreamer/worker.py scan=20ms target_cc=astraea single_flow=1 no_state_pipe=1
[sao-listener] new flow 1 10.0.0.1:23400->10.0.0.8:5205 cc=astraea pid=607635 child=609345
[sao-listener] single-flow mode: attached worker; stopping ss scans
[sao-listener flow 1] cport=23400 cc=astraea worker active
[multi_ep_plot] saved -> /its/home/mm2350/extra/Olympusv2/benchmarks/benchmark_responsive_fairness/data/ma_dreamer_symmetrical/7_flows/run5/ep000005_bw89_d42_n7.pdf  return=1240698.6
[ep_plot] ep=5 -> /its/home/mm2350/extra/Olympusv2/benchmarks/benchmark_responsive_fairness/data/ma_dreamer_symmetrical/7_flows/run5/ep000005_bw89_d42_n7.pdf  return=1240698.609375
[orch] ep=5 sum-of-agents return=1240698.6
[responsive_fairness] slot=8 ma_dreamer_symmetrical flows=7 run=15
[responsive_fairness] ma_dreamer_symmetrical flows=7 run=5 done (155/200)
[slot=8] ep=15  flows=7  bw=36Mbps  delay=11ms  duration=345s  delays=[0.0, 7.5, 15.0, 22.5, 30.0, 37.5, 45.0]  lifetimes=[345.0, 337.5, 330.0, 322.5, 315.0, 307.5, 300.0]
[sao-listener] cport=23300 worker=/its/home/mm2350/extra/Olympusv2/olympus/algorithms/ma_dreamer/worker.py scan=20ms target_cc=astraea single_flow=1 no_state_pipe=1
[sao-listener] cport=23301 worker=/its/home/mm2350/extra/Olympusv2/olympus/algorithms/ma_dreamer/worker.py scan=20ms target_cc=astraea single_flow=1 no_state_pipe=1
[sao-listener] cport=23302 worker=/its/home/mm2350/extra/Olympusv2/olympus/algorithms/ma_dreamer/worker.py scan=20ms target_cc=astraea single_flow=1 no_state_pipe=1
[sao-listener] cport=23303 worker=/its/home/mm2350/extra/Olympusv2/olympus/algorithms/ma_dreamer/worker.py scan=20ms target_cc=astraea single_flow=1 no_state_pipe=1
[sao-listener] cport=23304 worker=/its/home/mm2350/extra/Olympusv2/olympus/algorithms/ma_dreamer/worker.py scan=20ms target_cc=astraea single_flow=1 no_state_pipe=1
[sao-listener] cport=23305 worker=/its/home/mm2350/extra/Olympusv2/olympus/algorithms/ma_dreamer/worker.py scan=20ms target_cc=astraea single_flow=1 no_state_pipe=1
[sao-listener] cport=23306 worker=/its/home/mm2350/extra/Olympusv2/olympus/algorithms/ma_dreamer/worker.py scan=20ms target_cc=astraea single_flow=1 no_state_pipe=1
[worker cport=23400 agent=0] loaded checkpoint step=51200
[worker alg=ma_dreamer reward=tempest_fairness_ma_symetric cport=23400 agent=0 group=slot4_ep11 flow=1] started interval=20ms det=1 latent=8x8
[sao-listener] new flow 1 10.0.0.1:23900->10.0.0.8:5210 cc=astraea pid=608883 child=610563
[sao-listener] single-flow mode: attached worker; stopping ss scans
[sao-listener flow 1] cport=23900 cc=astraea worker active
[sao-listener] cport=23800 worker=/its/home/mm2350/extra/Olympusv2/olympus/algorithms/ma_dreamer/worker.py scan=20ms target_cc=astraea single_flow=1 no_state_pipe=1
[sao-listener] cport=23801 worker=/its/home/mm2350/extra/Olympusv2/olympus/algorithms/ma_dreamer/worker.py scan=20ms target_cc=astraea single_flow=1 no_state_pipe=1
[sao-listener] cport=23802 worker=/its/home/mm2350/extra/Olympusv2/olympus/algorithms/ma_dreamer/worker.py scan=20ms target_cc=astraea single_flow=1 no_state_pipe=1
[sao-listener] cport=23803 worker=/its/home/mm2350/extra/Olympusv2/olympus/algorithms/ma_dreamer/worker.py scan=20ms target_cc=astraea single_flow=1 no_state_pipe=1
[sao-listener] cport=23804 worker=/its/home/mm2350/extra/Olympusv2/olympus/algorithms/ma_dreamer/worker.py scan=20ms target_cc=astraea single_flow=1 no_state_pipe=1
[sao-listener] cport=23805 worker=/its/home/mm2350/extra/Olympusv2/olympus/algorithms/ma_dreamer/worker.py scan=20ms target_cc=astraea single_flow=1 no_state_pipe=1
[sao-listener] cport=23806 worker=/its/home/mm2350/extra/Olympusv2/olympus/algorithms/ma_dreamer/worker.py scan=20ms target_cc=astraea single_flow=1 no_state_pipe=1
[multi_ep_plot] saved -> /its/home/mm2350/extra/Olympusv2/benchmarks/benchmark_responsive_fairness/data/ma_dreamer_symmetrical/7_flows/run6/ep000006_bw83_d20_n7.pdf  return=1236394.7
[ep_plot] ep=6 -> /its/home/mm2350/extra/Olympusv2/benchmarks/benchmark_responsive_fairness/data/ma_dreamer_symmetrical/7_flows/run6/ep000006_bw83_d20_n7.pdf  return=1236394.71875
[orch] ep=6 sum-of-agents return=1236394.7
[worker cport=23900 agent=0] loaded checkpoint step=51200
[worker alg=ma_dreamer reward=tempest_fairness_ma_symetric cport=23900 agent=0 group=slot9_ep12 flow=1] started interval=20ms det=1 latent=8x8
[responsive_fairness] slot=6 ma_dreamer_symmetrical flows=7 run=16
[responsive_fairness] ma_dreamer_symmetrical flows=7 run=6 done (156/200)
[slot=6] ep=16  flows=7  bw=56Mbps  delay=70ms  duration=345s  delays=[0.0, 7.5, 15.0, 22.5, 30.0, 37.5, 45.0]  lifetimes=[345.0, 337.5, 330.0, 322.5, 315.0, 307.5, 300.0]
[sao-listener] new flow 1 10.0.0.1:23500->10.0.0.8:5206 cc=astraea pid=609288 child=612230
[sao-listener] single-flow mode: attached worker; stopping ss scans
[sao-listener flow 1] cport=23500 cc=astraea worker active
[sao-listener] cport=23600 worker=/its/home/mm2350/extra/Olympusv2/olympus/algorithms/ma_dreamer/worker.py scan=20ms target_cc=astraea single_flow=1 no_state_pipe=1
[sao-listener] cport=23601 worker=/its/home/mm2350/extra/Olympusv2/olympus/algorithms/ma_dreamer/worker.py scan=20ms target_cc=astraea single_flow=1 no_state_pipe=1
[sao-listener] cport=23602 worker=/its/home/mm2350/extra/Olympusv2/olympus/algorithms/ma_dreamer/worker.py scan=20ms target_cc=astraea single_flow=1 no_state_pipe=1
[sao-listener] cport=23603 worker=/its/home/mm2350/extra/Olympusv2/olympus/algorithms/ma_dreamer/worker.py scan=20ms target_cc=astraea single_flow=1 no_state_pipe=1
[sao-listener] cport=23604 worker=/its/home/mm2350/extra/Olympusv2/olympus/algorithms/ma_dreamer/worker.py scan=20ms target_cc=astraea single_flow=1 no_state_pipe=1
[sao-listener] cport=23605 worker=/its/home/mm2350/extra/Olympusv2/olympus/algorithms/ma_dreamer/worker.py scan=20ms target_cc=astraea single_flow=1 no_state_pipe=1
[sao-listener] cport=23606 worker=/its/home/mm2350/extra/Olympusv2/olympus/algorithms/ma_dreamer/worker.py scan=20ms target_cc=astraea single_flow=1 no_state_pipe=1
[worker cport=23500 agent=0] loaded checkpoint step=51200
[worker alg=ma_dreamer reward=tempest_fairness_ma_symetric cport=23500 agent=0 group=slot5_ep13 flow=1] started interval=20ms det=1 latent=8x8
[sao-listener] new flow 1 10.0.0.1:23300->10.0.0.8:5204 cc=astraea pid=610567 child=614330
[sao-listener] single-flow mode: attached worker; stopping ss scans
[sao-listener flow 1] cport=23300 cc=astraea worker active
[multi_ep_plot] saved -> /its/home/mm2350/extra/Olympusv2/benchmarks/benchmark_responsive_fairness/data/ma_dreamer_symmetrical/7_flows/run7/ep000007_bw51_d29_n7.pdf  return=1293192.4
[ep_plot] ep=7 -> /its/home/mm2350/extra/Olympusv2/benchmarks/benchmark_responsive_fairness/data/ma_dreamer_symmetrical/7_flows/run7/ep000007_bw51_d29_n7.pdf  return=1293192.421875
[orch] ep=7 sum-of-agents return=1293192.4
[responsive_fairness] slot=7 ma_dreamer_symmetrical flows=7 run=17
[responsive_fairness] ma_dreamer_symmetrical flows=7 run=7 done (157/200)
[slot=7] ep=17  flows=7  bw=76Mbps  delay=63ms  duration=345s  delays=[0.0, 7.5, 15.0, 22.5, 30.0, 37.5, 45.0]  lifetimes=[345.0, 337.5, 330.0, 322.5, 315.0, 307.5, 300.0]
[worker cport=23300 agent=0] loaded checkpoint step=51200
[worker alg=ma_dreamer reward=tempest_fairness_ma_symetric cport=23300 agent=0 group=slot3_ep14 flow=1] started interval=20ms det=1 latent=8x8
[sao-listener] cport=23700 worker=/its/home/mm2350/extra/Olympusv2/olympus/algorithms/ma_dreamer/worker.py scan=20ms target_cc=astraea single_flow=1 no_state_pipe=1
[sao-listener] cport=23701 worker=/its/home/mm2350/extra/Olympusv2/olympus/algorithms/ma_dreamer/worker.py scan=20ms target_cc=astraea single_flow=1 no_state_pipe=1
[sao-listener] cport=23702 worker=/its/home/mm2350/extra/Olympusv2/olympus/algorithms/ma_dreamer/worker.py scan=20ms target_cc=astraea single_flow=1 no_state_pipe=1
[sao-listener] cport=23703 worker=/its/home/mm2350/extra/Olympusv2/olympus/algorithms/ma_dreamer/worker.py scan=20ms target_cc=astraea single_flow=1 no_state_pipe=1
[sao-listener] cport=23704 worker=/its/home/mm2350/extra/Olympusv2/olympus/algorithms/ma_dreamer/worker.py scan=20ms target_cc=astraea single_flow=1 no_state_pipe=1
[sao-listener] cport=23705 worker=/its/home/mm2350/extra/Olympusv2/olympus/algorithms/ma_dreamer/worker.py scan=20ms target_cc=astraea single_flow=1 no_state_pipe=1
[sao-listener] cport=23706 worker=/its/home/mm2350/extra/Olympusv2/olympus/algorithms/ma_dreamer/worker.py scan=20ms target_cc=astraea single_flow=1 no_state_pipe=1
[sao-listener] new flow 1 10.0.0.1:23800->10.0.0.8:5209 cc=astraea pid=612084 child=616707
[sao-listener] single-flow mode: attached worker; stopping ss scans
[sao-listener flow 1] cport=23800 cc=astraea worker active
[multi_ep_plot] saved -> /its/home/mm2350/extra/Olympusv2/benchmarks/benchmark_responsive_fairness/data/ma_dreamer_symmetrical/7_flows/run8/ep000008_bw39_d57_n7.pdf  return=1378097.2
[ep_plot] ep=8 -> /its/home/mm2350/extra/Olympusv2/benchmarks/benchmark_responsive_fairness/data/ma_dreamer_symmetrical/7_flows/run8/ep000008_bw39_d57_n7.pdf  return=1378097.1875
[orch] ep=8 sum-of-agents return=1378097.2
[responsive_fairness] slot=2 ma_dreamer_symmetrical flows=7 run=18
[responsive_fairness] ma_dreamer_symmetrical flows=7 run=8 done (158/200)
[slot=2] ep=18  flows=7  bw=33Mbps  delay=25ms  duration=345s  delays=[0.0, 7.5, 15.0, 22.5, 30.0, 37.5, 45.0]  lifetimes=[345.0, 337.5, 330.0, 322.5, 315.0, 307.5, 300.0]
[worker cport=23800 agent=0] loaded checkpoint step=51200
[worker alg=ma_dreamer reward=tempest_fairness_ma_symetric cport=23800 agent=0 group=slot8_ep15 flow=1] started interval=20ms det=1 latent=8x8
[sao-listener] new flow 1 10.0.0.1:23600->10.0.0.8:5207 cc=astraea pid=614205 child=618830
[sao-listener] single-flow mode: attached worker; stopping ss scans
[sao-listener flow 1] cport=23600 cc=astraea worker active
[sao-listener] new flow 1 10.0.0.2:23901->10.0.0.9:5210 cc=astraea pid=617497 child=618871
[sao-listener] single-flow mode: attached worker; stopping ss scans
[sao-listener flow 1] cport=23901 cc=astraea worker active
[sao-listener] cport=23200 worker=/its/home/mm2350/extra/Olympusv2/olympus/algorithms/ma_dreamer/worker.py scan=20ms target_cc=astraea single_flow=1 no_state_pipe=1
[sao-listener] cport=23201 worker=/its/home/mm2350/extra/Olympusv2/olympus/algorithms/ma_dreamer/worker.py scan=20ms target_cc=astraea single_flow=1 no_state_pipe=1
[sao-listener] cport=23202 worker=/its/home/mm2350/extra/Olympusv2/olympus/algorithms/ma_dreamer/worker.py scan=20ms target_cc=astraea single_flow=1 no_state_pipe=1
[sao-listener] cport=23203 worker=/its/home/mm2350/extra/Olympusv2/olympus/algorithms/ma_dreamer/worker.py scan=20ms target_cc=astraea single_flow=1 no_state_pipe=1
[sao-listener] cport=23204 worker=/its/home/mm2350/extra/Olympusv2/olympus/algorithms/ma_dreamer/worker.py scan=20ms target_cc=astraea single_flow=1 no_state_pipe=1
[sao-listener] cport=23205 worker=/its/home/mm2350/extra/Olympusv2/olympus/algorithms/ma_dreamer/worker.py scan=20ms target_cc=astraea single_flow=1 no_state_pipe=1
[sao-listener] cport=23206 worker=/its/home/mm2350/extra/Olympusv2/olympus/algorithms/ma_dreamer/worker.py scan=20ms target_cc=astraea single_flow=1 no_state_pipe=1
[worker cport=23600 agent=0] loaded checkpoint step=51200
[worker alg=ma_dreamer reward=tempest_fairness_ma_symetric cport=23600 agent=0 group=slot6_ep16 flow=1] started interval=20ms det=1 latent=8x8
[worker cport=23901 agent=1] loaded checkpoint step=51200
[worker alg=ma_dreamer reward=tempest_fairness_ma_symetric cport=23901 agent=1 group=slot9_ep12 flow=1] started interval=20ms det=1 latent=8x8
[sao-listener] new flow 1 10.0.0.2:23501->10.0.0.9:5206 cc=astraea pid=618014 child=621199
[sao-listener] single-flow mode: attached worker; stopping ss scans
[sao-listener flow 1] cport=23501 cc=astraea worker active
[sao-listener] new flow 1 10.0.0.2:23801->10.0.0.9:5209 cc=astraea pid=620496 child=621376
[sao-listener] single-flow mode: attached worker; stopping ss scans
[sao-listener flow 1] cport=23801 cc=astraea worker active
[sao-listener] new flow 1 10.0.0.1:23700->10.0.0.8:5208 cc=astraea pid=617083 child=621845
[sao-listener] single-flow mode: attached worker; stopping ss scans
[sao-listener flow 1] cport=23700 cc=astraea worker active
[multi_ep_plot] saved -> /its/home/mm2350/extra/Olympusv2/benchmarks/benchmark_responsive_fairness/data/ma_dreamer_symmetrical/7_flows/run9/ep000009_bw69_d88_n7.pdf  return=1469389.2
[ep_plot] ep=9 -> /its/home/mm2350/extra/Olympusv2/benchmarks/benchmark_responsive_fairness/data/ma_dreamer_symmetrical/7_flows/run9/ep000009_bw69_d88_n7.pdf  return=1469389.21875
[orch] ep=9 sum-of-agents return=1469389.2
[responsive_fairness] slot=0 ma_dreamer_symmetrical flows=7 run=19
[responsive_fairness] ma_dreamer_symmetrical flows=7 run=9 done (159/200)
[slot=0] ep=19  flows=7  bw=96Mbps  delay=15ms  duration=345s  delays=[0.0, 7.5, 15.0, 22.5, 30.0, 37.5, 45.0]  lifetimes=[345.0, 337.5, 330.0, 322.5, 315.0, 307.5, 300.0]
[worker cport=23501 agent=1] loaded checkpoint step=51200
[worker alg=ma_dreamer reward=tempest_fairness_ma_symetric cport=23501 agent=1 group=slot5_ep13 flow=1] started interval=20ms det=1 latent=8x8
[worker cport=23801 agent=1] loaded checkpoint step=51200
[worker alg=ma_dreamer reward=tempest_fairness_ma_symetric cport=23801 agent=1 group=slot8_ep15 flow=1] started interval=20ms det=1 latent=8x8
[worker cport=23700 agent=0] loaded checkpoint step=51200
[worker alg=ma_dreamer reward=tempest_fairness_ma_symetric cport=23700 agent=0 group=slot7_ep17 flow=1] started interval=20ms det=1 latent=8x8
[sao-listener] new flow 1 10.0.0.2:23401->10.0.0.9:5205 cc=astraea pid=616934 child=623784
[sao-listener] single-flow mode: attached worker; stopping ss scans
[sao-listener flow 1] cport=23401 cc=astraea worker active
[sao-listener] cport=23000 worker=/its/home/mm2350/extra/Olympusv2/olympus/algorithms/ma_dreamer/worker.py scan=20ms target_cc=astraea single_flow=1 no_state_pipe=1
[sao-listener] cport=23001 worker=/its/home/mm2350/extra/Olympusv2/olympus/algorithms/ma_dreamer/worker.py scan=20ms target_cc=astraea single_flow=1 no_state_pipe=1
[orch] link change t=15.1s bw=69 delay=67
[sao-listener] cport=23002 worker=/its/home/mm2350/extra/Olympusv2/olympus/algorithms/ma_dreamer/worker.py scan=20ms target_cc=astraea single_flow=1 no_state_pipe=1
[sao-listener] cport=23003 worker=/its/home/mm2350/extra/Olympusv2/olympus/algorithms/ma_dreamer/worker.py scan=20ms target_cc=astraea single_flow=1 no_state_pipe=1
[sao-listener] cport=23004 worker=/its/home/mm2350/extra/Olympusv2/olympus/algorithms/ma_dreamer/worker.py scan=20ms target_cc=astraea single_flow=1 no_state_pipe=1
[sao-listener] cport=23005 worker=/its/home/mm2350/extra/Olympusv2/olympus/algorithms/ma_dreamer/worker.py scan=20ms target_cc=astraea single_flow=1 no_state_pipe=1
[sao-listener] cport=23006 worker=/its/home/mm2350/extra/Olympusv2/olympus/algorithms/ma_dreamer/worker.py scan=20ms target_cc=astraea single_flow=1 no_state_pipe=1
[orch] link change t=15.1s bw=94 delay=77
[sao-listener] new flow 1 10.0.0.2:23601->10.0.0.9:5207 cc=astraea pid=622066 child=625038
[sao-listener] single-flow mode: attached worker; stopping ss scans
[sao-listener flow 1] cport=23601 cc=astraea worker active
[worker cport=23401 agent=1] loaded checkpoint step=51200
[multi_ep_plot] saved -> /its/home/mm2350/extra/Olympusv2/benchmarks/benchmark_responsive_fairness/data/ma_dreamer_symmetrical/7_flows/run10/ep000010_bw83_d14_n7.pdf  return=1688932.9
[ep_plot] ep=10 -> /its/home/mm2350/extra/Olympusv2/benchmarks/benchmark_responsive_fairness/data/ma_dreamer_symmetrical/7_flows/run10/ep000010_bw83_d14_n7.pdf  return=1688932.90625
[orch] ep=10 sum-of-agents return=1688932.9
[worker alg=ma_dreamer reward=tempest_fairness_ma_symetric cport=23401 agent=1 group=slot4_ep11 flow=1] started interval=20ms det=1 latent=8x8
[responsive_fairness] slot=1 ma_dreamer_symmetrical flows=7 run=20
[responsive_fairness] ma_dreamer_symmetrical flows=7 run=10 done (160/200)
[slot=1] ep=20  flows=7  bw=97Mbps  delay=29ms  duration=345s  delays=[0.0, 7.5, 15.0, 22.5, 30.0, 37.5, 45.0]  lifetimes=[345.0, 337.5, 330.0, 322.5, 315.0, 307.5, 300.0]
[sao-listener] new flow 1 10.0.0.2:23301->10.0.0.9:5204 cc=astraea pid=619312 child=625450
[sao-listener] single-flow mode: attached worker; stopping ss scans
[sao-listener flow 1] cport=23301 cc=astraea worker active
[orch] link change t=15.1s bw=97 delay=97
[sao-listener] new flow 1 10.0.0.1:23200->10.0.0.8:5203 cc=astraea pid=620016 child=625702
[sao-listener] single-flow mode: attached worker; stopping ss scans
[sao-listener flow 1] cport=23200 cc=astraea worker active
[worker cport=23601 agent=1] loaded checkpoint step=51200
[worker alg=ma_dreamer reward=tempest_fairness_ma_symetric cport=23601 agent=1 group=slot6_ep16 flow=1] started interval=20ms det=1 latent=8x8
[orch] link change t=15.0s bw=99 delay=93
[sao-listener] new flow 1 10.0.0.3:23902->10.0.0.10:5210 cc=astraea pid=625646 child=626914
[sao-listener] single-flow mode: attached worker; stopping ss scans
[sao-listener flow 1] cport=23902 cc=astraea worker active
[worker cport=23301 agent=1] loaded checkpoint step=51200
[worker alg=ma_dreamer reward=tempest_fairness_ma_symetric cport=23301 agent=1 group=slot3_ep14 flow=1] started interval=20ms det=1 latent=8x8
[worker cport=23200 agent=0] loaded checkpoint step=51200
[worker alg=ma_dreamer reward=tempest_fairness_ma_symetric cport=23200 agent=0 group=slot2_ep18 flow=1] started interval=20ms det=1 latent=8x8
[sao-listener] cport=23100 worker=/its/home/mm2350/extra/Olympusv2/olympus/algorithms/ma_dreamer/worker.py scan=20ms target_cc=astraea single_flow=1 no_state_pipe=1
[sao-listener] cport=23101 worker=/its/home/mm2350/extra/Olympusv2/olympus/algorithms/ma_dreamer/worker.py scan=20ms target_cc=astraea single_flow=1 no_state_pipe=1
[sao-listener] cport=23102 worker=/its/home/mm2350/extra/Olympusv2/olympus/algorithms/ma_dreamer/worker.py scan=20ms target_cc=astraea single_flow=1 no_state_pipe=1
[sao-listener] cport=23103 worker=/its/home/mm2350/extra/Olympusv2/olympus/algorithms/ma_dreamer/worker.py scan=20ms target_cc=astraea single_flow=1 no_state_pipe=1
[sao-listener] cport=23104 worker=/its/home/mm2350/extra/Olympusv2/olympus/algorithms/ma_dreamer/worker.py scan=20ms target_cc=astraea single_flow=1 no_state_pipe=1
[sao-listener] cport=23105 worker=/its/home/mm2350/extra/Olympusv2/olympus/algorithms/ma_dreamer/worker.py scan=20ms target_cc=astraea single_flow=1 no_state_pipe=1
[sao-listener] cport=23106 worker=/its/home/mm2350/extra/Olympusv2/olympus/algorithms/ma_dreamer/worker.py scan=20ms target_cc=astraea single_flow=1 no_state_pipe=1
[orch] link change t=15.0s bw=76 delay=14
[worker cport=23902 agent=2] loaded checkpoint step=51200
[worker alg=ma_dreamer reward=tempest_fairness_ma_symetric cport=23902 agent=2 group=slot9_ep12 flow=1] started interval=20ms det=1 latent=8x8
[sao-listener] new flow 1 10.0.0.2:23701->10.0.0.9:5208 cc=astraea pid=625042 child=628689
[sao-listener] single-flow mode: attached worker; stopping ss scans
[sao-listener flow 1] cport=23701 cc=astraea worker active
[orch] link change t=15.0s bw=71 delay=46
[worker cport=23701 agent=1] loaded checkpoint step=51200
[worker alg=ma_dreamer reward=tempest_fairness_ma_symetric cport=23701 agent=1 group=slot7_ep17 flow=1] started interval=20ms det=1 latent=8x8
[sao-listener] new flow 1 10.0.0.3:23502->10.0.0.10:5206 cc=astraea pid=626094 child=630099
[sao-listener flow 1] cport=23502 cc=astraea worker active
[sao-listener] single-flow mode: attached worker; stopping ss scans
[sao-listener] new flow 1 10.0.0.1:23000->10.0.0.8:5201 cc=astraea pid=624877 child=631272
[sao-listener] single-flow mode: attached worker; stopping ss scans
[sao-listener flow 1] cport=23000 cc=astraea worker active
[worker cport=23502 agent=2] loaded checkpoint step=51200
[worker alg=ma_dreamer reward=tempest_fairness_ma_symetric cport=23502 agent=2 group=slot5_ep13 flow=1] started interval=20ms det=1 latent=8x8
[orch] link change t=15.0s bw=48 delay=56
[sao-listener] new flow 1 10.0.0.3:23302->10.0.0.10:5204 cc=astraea pid=627449 child=632326
[sao-listener] single-flow mode: attached worker; stopping ss scans
[sao-listener flow 1] cport=23302 cc=astraea worker active
[sao-listener] new flow 1 10.0.0.3:23402->10.0.0.10:5205 cc=astraea pid=624837 child=632689
[sao-listener] single-flow mode: attached worker; stopping ss scans
[sao-listener flow 1] cport=23402 cc=astraea worker active
[worker cport=23000 agent=0] loaded checkpoint step=51200
[worker alg=ma_dreamer reward=tempest_fairness_ma_symetric cport=23000 agent=0 group=slot0_ep19 flow=1] started interval=20ms det=1 latent=8x8
[sao-listener] new flow 1 10.0.0.3:23602->10.0.0.10:5207 cc=astraea pid=630187 child=633034
[sao-listener] single-flow mode: attached worker; stopping ss scans
[sao-listener flow 1] cport=23602 cc=astraea worker active
[sao-listener] new flow 1 10.0.0.2:23201->10.0.0.9:5203 cc=astraea pid=628181 child=633304
[sao-listener] single-flow mode: attached worker; stopping ss scans
[sao-listener flow 1] cport=23201 cc=astraea worker active
[worker cport=23302 agent=2] loaded checkpoint step=51200
[worker alg=ma_dreamer reward=tempest_fairness_ma_symetric cport=23302 agent=2 group=slot3_ep14 flow=1] started interval=20ms det=1 latent=8x8
[worker cport=23402 agent=2] loaded checkpoint step=51200
[worker alg=ma_dreamer reward=tempest_fairness_ma_symetric cport=23402 agent=2 group=slot4_ep11 flow=1] started interval=20ms det=1 latent=8x8
[worker cport=23602 agent=2] loaded checkpoint step=51200
[worker alg=ma_dreamer reward=tempest_fairness_ma_symetric cport=23602 agent=2 group=slot6_ep16 flow=1] started interval=20ms det=1 latent=8x8
[worker cport=23201 agent=1] loaded checkpoint step=51200
[worker alg=ma_dreamer reward=tempest_fairness_ma_symetric cport=23201 agent=1 group=slot2_ep18 flow=1] started interval=20ms det=1 latent=8x8
[orch] link change t=15.0s bw=94 delay=67
[sao-listener] new flow 1 10.0.0.1:23100->10.0.0.8:5202 cc=astraea pid=628295 child=634914
[sao-listener] single-flow mode: attached worker; stopping ss scans
[sao-listener flow 1] cport=23100 cc=astraea worker active
[sao-listener] new flow 1 10.0.0.4:23903->10.0.0.11:5210 cc=astraea pid=633143 child=635481
[sao-listener] single-flow mode: attached worker; stopping ss scans
[sao-listener flow 1] cport=23903 cc=astraea worker active
[sao-listener] new flow 1 10.0.0.2:23101->10.0.0.9:5202 cc=astraea pid=635491 child=635895
[sao-listener] single-flow mode: attached worker; stopping ss scans
[sao-listener flow 1] cport=23101 cc=astraea worker active
[sao-listener] new flow 1 10.0.0.4:23803->10.0.0.11:5209 cc=astraea pid=635819 child=636103
[sao-listener] single-flow mode: attached worker; stopping ss scans
[sao-listener flow 1] cport=23803 cc=astraea worker active
[sao-listener] new flow 1 10.0.0.3:23802->10.0.0.10:5209 cc=astraea pid=628615 child=636171
[sao-listener] single-flow mode: attached worker; stopping ss scans
[sao-listener flow 1] cport=23802 cc=astraea worker active
[worker cport=23100 agent=0] loaded checkpoint step=51200
[worker alg=ma_dreamer reward=tempest_fairness_ma_symetric cport=23100 agent=0 group=slot1_ep20 flow=1] started interval=20ms det=1 latent=8x8
[sao-listener] new flow 1 10.0.0.3:23702->10.0.0.10:5208 cc=astraea pid=632572 child=636572
[sao-listener] single-flow mode: attached worker; stopping ss scans
[sao-listener flow 1] cport=23702 cc=astraea worker active
[worker cport=23903 agent=3] loaded checkpoint step=51200
[worker alg=ma_dreamer reward=tempest_fairness_ma_symetric cport=23903 agent=3 group=slot9_ep12 flow=1] started interval=20ms det=1 latent=8x8
[worker cport=23101 agent=1] loaded checkpoint step=51200
[worker alg=ma_dreamer reward=tempest_fairness_ma_symetric cport=23101 agent=1 group=slot1_ep20 flow=1] started interval=20ms det=1 latent=8x8
[worker cport=23803 agent=3] loaded checkpoint step=51200
[worker alg=ma_dreamer reward=tempest_fairness_ma_symetric cport=23803 agent=3 group=slot8_ep15 flow=1] started interval=20ms det=1 latent=8x8
[worker cport=23802 agent=2] loaded checkpoint step=51200
[worker alg=ma_dreamer reward=tempest_fairness_ma_symetric cport=23802 agent=2 group=slot8_ep15 flow=1] started interval=20ms det=1 latent=8x8
[worker cport=23702 agent=2] loaded checkpoint step=51200
[worker alg=ma_dreamer reward=tempest_fairness_ma_symetric cport=23702 agent=2 group=slot7_ep17 flow=1] started interval=20ms det=1 latent=8x8
[sao-listener] new flow 1 10.0.0.4:23503->10.0.0.11:5206 cc=astraea pid=633618 child=638295
[sao-listener] single-flow mode: attached worker; stopping ss scans
[sao-listener flow 1] cport=23503 cc=astraea worker active
[sao-listener] new flow 1 10.0.0.2:23001->10.0.0.9:5201 cc=astraea pid=632312 child=638742
[sao-listener] single-flow mode: attached worker; stopping ss scans
[sao-listener flow 1] cport=23001 cc=astraea worker active
[orch] link change t=15.0s bw=76 delay=25
[orch] link change t=30.0s bw=75 delay=85
[worker cport=23503 agent=3] loaded checkpoint step=51200
[worker alg=ma_dreamer reward=tempest_fairness_ma_symetric cport=23503 agent=3 group=slot5_ep13 flow=1] started interval=20ms det=1 latent=8x8
[sao-listener] new flow 1 10.0.0.4:23403->10.0.0.11:5205 cc=astraea pid=632263 child=639838
[sao-listener] single-flow mode: attached worker; stopping ss scans
[sao-listener flow 1] cport=23403 cc=astraea worker active
[orch] link change t=30.0s bw=95 delay=54
[worker cport=23001 agent=1] loaded checkpoint step=51200
[worker alg=ma_dreamer reward=tempest_fairness_ma_symetric cport=23001 agent=1 group=slot0_ep19 flow=1] started interval=20ms det=1 latent=8x8
[sao-listener] new flow 1 10.0.0.4:23603->10.0.0.11:5207 cc=astraea pid=637660 child=639938
[sao-listener] single-flow mode: attached worker; stopping ss scans
[sao-listener flow 1] cport=23603 cc=astraea worker active
[sao-listener] new flow 1 10.0.0.4:23303->10.0.0.11:5204 cc=astraea pid=634707 child=640128
[sao-listener] single-flow mode: attached worker; stopping ss scans
[sao-listener flow 1] cport=23303 cc=astraea worker active
[orch] link change t=30.0s bw=33 delay=93
[worker cport=23403 agent=3] loaded checkpoint step=51200
[worker alg=ma_dreamer reward=tempest_fairness_ma_symetric cport=23403 agent=3 group=slot4_ep11 flow=1] started interval=20ms det=1 latent=8x8
[worker cport=23603 agent=3] loaded checkpoint step=51200
[worker alg=ma_dreamer reward=tempest_fairness_ma_symetric cport=23603 agent=3 group=slot6_ep16 flow=1] started interval=20ms det=1 latent=8x8
[worker cport=23303 agent=3] loaded checkpoint step=51200
[worker alg=ma_dreamer reward=tempest_fairness_ma_symetric cport=23303 agent=3 group=slot3_ep14 flow=1] started interval=20ms det=1 latent=8x8
[sao-listener] new flow 1 10.0.0.3:23202->10.0.0.10:5203 cc=astraea pid=635366 child=641249
[sao-listener] single-flow mode: attached worker; stopping ss scans
[sao-listener flow 1] cport=23202 cc=astraea worker active
[orch] link change t=30.0s bw=77 delay=41
[sao-listener] new flow 1 10.0.0.5:23904->10.0.0.12:5210 cc=astraea pid=640452 child=641365
[sao-listener] single-flow mode: attached worker; stopping ss scans
[sao-listener flow 1] cport=23904 cc=astraea worker active
[orch] link change t=15.0s bw=43 delay=96
[worker cport=23202 agent=2] loaded checkpoint step=51200
[worker alg=ma_dreamer reward=tempest_fairness_ma_symetric cport=23202 agent=2 group=slot2_ep18 flow=1] started interval=20ms det=1 latent=8x8
[orch] link change t=30.0s bw=30 delay=40
[worker cport=23904 agent=4] loaded checkpoint step=51200
[worker alg=ma_dreamer reward=tempest_fairness_ma_symetric cport=23904 agent=4 group=slot9_ep12 flow=1] started interval=20ms det=1 latent=8x8
[sao-listener] new flow 1 10.0.0.4:23703->10.0.0.11:5208 cc=astraea pid=640003 child=643108
[sao-listener] single-flow mode: attached worker; stopping ss scans
[sao-listener flow 1] cport=23703 cc=astraea worker active
[sao-listener] new flow 1 10.0.0.5:23804->10.0.0.12:5209 cc=astraea pid=642759 child=643388
[sao-listener] single-flow mode: attached worker; stopping ss scans
[sao-listener flow 1] cport=23804 cc=astraea worker active
[orch] link change t=30.0s bw=63 delay=39
[worker cport=23703 agent=3] loaded checkpoint step=51200
[worker alg=ma_dreamer reward=tempest_fairness_ma_symetric cport=23703 agent=3 group=slot7_ep17 flow=1] started interval=20ms det=1 latent=8x8
[sao-listener] new flow 1 10.0.0.5:23504->10.0.0.12:5206 cc=astraea pid=640857 child=644083
[sao-listener] single-flow mode: attached worker; stopping ss scans
[sao-listener flow 1] cport=23504 cc=astraea worker active
[worker cport=23804 agent=4] loaded checkpoint step=51200
[worker alg=ma_dreamer reward=tempest_fairness_ma_symetric cport=23804 agent=4 group=slot8_ep15 flow=1] started interval=20ms det=1 latent=8x8
[sao-listener] new flow 1 10.0.0.3:23002->10.0.0.10:5201 cc=astraea pid=639715 child=644772
[sao-listener] single-flow mode: attached worker; stopping ss scans
[sao-listener flow 1] cport=23002 cc=astraea worker active
[worker cport=23504 agent=4] loaded checkpoint step=51200
[worker alg=ma_dreamer reward=tempest_fairness_ma_symetric cport=23504 agent=4 group=slot5_ep13 flow=1] started interval=20ms det=1 latent=8x8
[sao-listener] new flow 1 10.0.0.5:23404->10.0.0.12:5205 cc=astraea pid=639671 child=645315
[sao-listener] single-flow mode: attached worker; stopping ss scans
[sao-listener flow 1] cport=23404 cc=astraea worker active
[worker cport=23002 agent=2] loaded checkpoint step=51200
[worker alg=ma_dreamer reward=tempest_fairness_ma_symetric cport=23002 agent=2 group=slot0_ep19 flow=1] started interval=20ms det=1 latent=8x8
[orch] link change t=30.0s bw=47 delay=32
[sao-listener] new flow 1 10.0.0.5:23304->10.0.0.12:5204 cc=astraea pid=641782 child=645795
[sao-listener] single-flow mode: attached worker; stopping ss scans
[sao-listener flow 1] cport=23304 cc=astraea worker active
[worker cport=23404 agent=4] loaded checkpoint step=51200
[worker alg=ma_dreamer reward=tempest_fairness_ma_symetric cport=23404 agent=4 group=slot4_ep11 flow=1] started interval=20ms det=1 latent=8x8
[sao-listener] new flow 1 10.0.0.5:23604->10.0.0.12:5207 cc=astraea pid=644206 child=646299
[sao-listener] single-flow mode: attached worker; stopping ss scans
[sao-listener flow 1] cport=23604 cc=astraea worker active
[worker cport=23304 agent=4] loaded checkpoint step=51200
[worker alg=ma_dreamer reward=tempest_fairness_ma_symetric cport=23304 agent=4 group=slot3_ep14 flow=1] started interval=20ms det=1 latent=8x8
[sao-listener] new flow 1 10.0.0.4:23203->10.0.0.11:5203 cc=astraea pid=642410 child=646841
[sao-listener] single-flow mode: attached worker; stopping ss scans
[sao-listener flow 1] cport=23203 cc=astraea worker active
[worker cport=23604 agent=4] loaded checkpoint step=51200
[worker alg=ma_dreamer reward=tempest_fairness_ma_symetric cport=23604 agent=4 group=slot6_ep16 flow=1] started interval=20ms det=1 latent=8x8
[sao-listener] new flow 1 10.0.0.3:23102->10.0.0.10:5202 cc=astraea pid=642506 child=647279
[sao-listener] single-flow mode: attached worker; stopping ss scans
[sao-listener flow 1] cport=23102 cc=astraea worker active
[worker cport=23203 agent=3] loaded checkpoint step=51200
[worker alg=ma_dreamer reward=tempest_fairness_ma_symetric cport=23203 agent=3 group=slot2_ep18 flow=1] started interval=20ms det=1 latent=8x8
[orch] link change t=30.0s bw=52 delay=40
[sao-listener] new flow 1 10.0.0.5:23704->10.0.0.12:5208 cc=astraea pid=646243 child=647895
[sao-listener] single-flow mode: attached worker; stopping ss scans
[sao-listener flow 1] cport=23704 cc=astraea worker active
[worker cport=23102 agent=2] loaded checkpoint step=51200
[worker alg=ma_dreamer reward=tempest_fairness_ma_symetric cport=23102 agent=2 group=slot1_ep20 flow=1] started interval=20ms det=1 latent=8x8
[sao-listener] new flow 1 10.0.0.6:23905->10.0.0.13:5210 cc=astraea pid=646667 child=648093
[sao-listener] single-flow mode: attached worker; stopping ss scans
[sao-listener flow 1] cport=23905 cc=astraea worker active
[worker cport=23704 agent=4] loaded checkpoint step=51200
[worker alg=ma_dreamer reward=tempest_fairness_ma_symetric cport=23704 agent=4 group=slot7_ep17 flow=1] started interval=20ms det=1 latent=8x8
[worker cport=23905 agent=5] loaded checkpoint step=51200
[worker alg=ma_dreamer reward=tempest_fairness_ma_symetric cport=23905 agent=5 group=slot9_ep12 flow=1] started interval=20ms det=1 latent=8x8
[sao-listener] new flow 1 10.0.0.4:23003->10.0.0.11:5201 cc=astraea pid=646077 child=649555
[sao-listener] single-flow mode: attached worker; stopping ss scans
[sao-listener flow 1] cport=23003 cc=astraea worker active
[sao-listener] new flow 1 10.0.0.6:23505->10.0.0.13:5206 cc=astraea pid=647003 child=649618
[sao-listener] single-flow mode: attached worker; stopping ss scans
[sao-listener flow 1] cport=23505 cc=astraea worker active
[worker cport=23003 agent=3] loaded checkpoint step=51200
[worker alg=ma_dreamer reward=tempest_fairness_ma_symetric cport=23003 agent=3 group=slot0_ep19 flow=1] started interval=20ms det=1 latent=8x8
[worker cport=23505 agent=5] loaded checkpoint step=51200
[worker alg=ma_dreamer reward=tempest_fairness_ma_symetric cport=23505 agent=5 group=slot5_ep13 flow=1] started interval=20ms det=1 latent=8x8
[sao-listener] new flow 1 10.0.0.6:23405->10.0.0.13:5205 cc=astraea pid=646037 child=650268
[sao-listener] single-flow mode: attached worker; stopping ss scans
[sao-listener flow 1] cport=23405 cc=astraea worker active
[sao-listener] new flow 1 10.0.0.5:23204->10.0.0.12:5203 cc=astraea pid=648284 child=650581
[sao-listener] single-flow mode: attached worker; stopping ss scans
[sao-listener flow 1] cport=23204 cc=astraea worker active
[sao-listener] new flow 1 10.0.0.6:23605->10.0.0.13:5207 cc=astraea pid=649702 child=650673
[sao-listener flow 1] cport=23605 cc=astraea worker active
[sao-listener] single-flow mode: attached worker; stopping ss scans
[orch] link change t=30.0s bw=75 delay=35
[orch] link change t=45.0s bw=34 delay=33
[worker cport=23405 agent=5] loaded checkpoint step=51200
[worker alg=ma_dreamer reward=tempest_fairness_ma_symetric cport=23405 agent=5 group=slot4_ep11 flow=1] started interval=20ms det=1 latent=8x8
[sao-listener] new flow 1 10.0.0.6:23305->10.0.0.13:5204 cc=astraea pid=647735 child=650965
[sao-listener] single-flow mode: attached worker; stopping ss scans
[sao-listener flow 1] cport=23305 cc=astraea worker active
[worker cport=23204 agent=4] loaded checkpoint step=51200
[worker alg=ma_dreamer reward=tempest_fairness_ma_symetric cport=23204 agent=4 group=slot2_ep18 flow=1] started interval=20ms det=1 latent=8x8
[orch] link change t=45.0s bw=28 delay=58
[worker cport=23605 agent=5] loaded checkpoint step=51200
[worker alg=ma_dreamer reward=tempest_fairness_ma_symetric cport=23605 agent=5 group=slot6_ep16 flow=1] started interval=20ms det=1 latent=8x8
[worker cport=23305 agent=5] loaded checkpoint step=51200
[worker alg=ma_dreamer reward=tempest_fairness_ma_symetric cport=23305 agent=5 group=slot3_ep14 flow=1] started interval=20ms det=1 latent=8x8
[orch] link change t=45.0s bw=39 delay=95
[sao-listener] new flow 1 10.0.0.4:23103->10.0.0.11:5202 cc=astraea pid=648361 child=651582
[sao-listener] single-flow mode: attached worker; stopping ss scans
[sao-listener flow 1] cport=23103 cc=astraea worker active
[sao-listener] new flow 1 10.0.0.6:23805->10.0.0.13:5209 cc=astraea pid=648538 child=651814
[sao-listener] single-flow mode: attached worker; stopping ss scans
[sao-listener flow 1] cport=23805 cc=astraea worker active
[orch] link change t=45.0s bw=44 delay=42
[worker cport=23103 agent=3] loaded checkpoint step=51200
[worker alg=ma_dreamer reward=tempest_fairness_ma_symetric cport=23103 agent=3 group=slot1_ep20 flow=1] started interval=20ms det=1 latent=8x8
[sao-listener] new flow 1 10.0.0.6:23705->10.0.0.13:5208 cc=astraea pid=651308 child=652186
[sao-listener] single-flow mode: attached worker; stopping ss scans
[sao-listener flow 1] cport=23705 cc=astraea worker active
[worker cport=23805 agent=5] loaded checkpoint step=51200
[worker alg=ma_dreamer reward=tempest_fairness_ma_symetric cport=23805 agent=5 group=slot8_ep15 flow=1] started interval=20ms det=1 latent=8x8
[sao-listener] new flow 1 10.0.0.7:23906->10.0.0.14:5210 cc=astraea pid=651575 child=652385
[sao-listener] single-flow mode: attached worker; stopping ss scans
[sao-listener flow 1] cport=23906 cc=astraea worker active
[orch] link change t=30.0s bw=91 delay=22
[orch] link change t=45.0s bw=12 delay=17
[worker cport=23705 agent=5] loaded checkpoint step=51200
[worker alg=ma_dreamer reward=tempest_fairness_ma_symetric cport=23705 agent=5 group=slot7_ep17 flow=1] started interval=20ms det=1 latent=8x8
[sao-listener] new flow 1 10.0.0.7:23506->10.0.0.14:5206 cc=astraea pid=651818 child=652821
[sao-listener] single-flow mode: attached worker; stopping ss scans
[sao-listener flow 1] cport=23506 cc=astraea worker active
[worker cport=23906 agent=6] loaded checkpoint step=51200
[worker alg=ma_dreamer reward=tempest_fairness_ma_symetric cport=23906 agent=6 group=slot9_ep12 flow=1] started interval=20ms det=1 latent=8x8
[sao-listener] new flow 1 10.0.0.5:23004->10.0.0.12:5201 cc=astraea pid=651136 child=653173
[sao-listener] single-flow mode: attached worker; stopping ss scans
[sao-listener flow 1] cport=23004 cc=astraea worker active
[worker cport=23506 agent=6] loaded checkpoint step=51200
[worker alg=ma_dreamer reward=tempest_fairness_ma_symetric cport=23506 agent=6 group=slot5_ep13 flow=1] started interval=20ms det=1 latent=8x8
[orch] link change t=45.0s bw=67 delay=10
[sao-listener] new flow 1 10.0.0.7:23406->10.0.0.14:5205 cc=astraea pid=651110 child=653450
[sao-listener] single-flow mode: attached worker; stopping ss scans
[sao-listener flow 1] cport=23406 cc=astraea worker active
[worker cport=23004 agent=4] loaded checkpoint step=51200
[worker alg=ma_dreamer reward=tempest_fairness_ma_symetric cport=23004 agent=4 group=slot0_ep19 flow=1] started interval=20ms det=1 latent=8x8
[sao-listener] new flow 1 10.0.0.6:23205->10.0.0.13:5203 cc=astraea pid=652701 child=653663
[sao-listener] single-flow mode: attached worker; stopping ss scans
[sao-listener flow 1] cport=23205 cc=astraea worker active
[worker cport=23406 agent=6] loaded checkpoint step=51200
[worker alg=ma_dreamer reward=tempest_fairness_ma_symetric cport=23406 agent=6 group=slot4_ep11 flow=1] started interval=20ms det=1 latent=8x8
[sao-listener] new flow 1 10.0.0.7:23306->10.0.0.14:5204 cc=astraea pid=652369 child=653931
[sao-listener] single-flow mode: attached worker; stopping ss scans
[sao-listener flow 1] cport=23306 cc=astraea worker active
[worker cport=23205 agent=5] loaded checkpoint step=51200
[worker alg=ma_dreamer reward=tempest_fairness_ma_symetric cport=23205 agent=5 group=slot2_ep18 flow=1] started interval=20ms det=1 latent=8x8
[sao-listener] new flow 1 10.0.0.5:23104->10.0.0.12:5202 cc=astraea pid=652747 child=654196
[sao-listener] single-flow mode: attached worker; stopping ss scans
[sao-listener flow 1] cport=23104 cc=astraea worker active
[worker cport=23306 agent=6] loaded checkpoint step=51200
[worker alg=ma_dreamer reward=tempest_fairness_ma_symetric cport=23306 agent=6 group=slot3_ep14 flow=1] started interval=20ms det=1 latent=8x8
[orch] link change t=45.0s bw=100 delay=100
[worker cport=23104 agent=4] loaded checkpoint step=51200
[worker alg=ma_dreamer reward=tempest_fairness_ma_symetric cport=23104 agent=4 group=slot1_ep20 flow=1] started interval=20ms det=1 latent=8x8
[sao-listener] new flow 1 10.0.0.7:23806->10.0.0.14:5209 cc=astraea pid=652938 child=654584
[sao-listener] single-flow mode: attached worker; stopping ss scans
[sao-listener flow 1] cport=23806 cc=astraea worker active
[worker cport=23806 agent=6] loaded checkpoint step=51200
[worker alg=ma_dreamer reward=tempest_fairness_ma_symetric cport=23806 agent=6 group=slot8_ep15 flow=1] started interval=20ms det=1 latent=8x8
[orch] link change t=45.0s bw=35 delay=72
[sao-listener] new flow 1 10.0.0.6:23005->10.0.0.13:5201 cc=astraea pid=654434 child=654999
[sao-listener] single-flow mode: attached worker; stopping ss scans
[sao-listener flow 1] cport=23005 cc=astraea worker active
[sao-listener] new flow 1 10.0.0.7:23606->10.0.0.14:5207 cc=astraea pid=653640 child=655173
[sao-listener] single-flow mode: attached worker; stopping ss scans
[sao-listener flow 1] cport=23606 cc=astraea worker active
[worker cport=23005 agent=5] loaded checkpoint step=51200
[worker alg=ma_dreamer reward=tempest_fairness_ma_symetric cport=23005 agent=5 group=slot0_ep19 flow=1] started interval=20ms det=1 latent=8x8
[worker cport=23606 agent=6] loaded checkpoint step=51200
[worker alg=ma_dreamer reward=tempest_fairness_ma_symetric cport=23606 agent=6 group=slot6_ep16 flow=1] started interval=20ms det=1 latent=8x8
[sao-listener] new flow 1 10.0.0.7:23206->10.0.0.14:5203 cc=astraea pid=655112 child=655486
[sao-listener] single-flow mode: attached worker; stopping ss scans
[sao-listener flow 1] cport=23206 cc=astraea worker active
[sao-listener] new flow 1 10.0.0.6:23105->10.0.0.13:5202 cc=astraea pid=655131 child=655605
[sao-listener] single-flow mode: attached worker; stopping ss scans
[sao-listener flow 1] cport=23105 cc=astraea worker active
[worker cport=23206 agent=6] loaded checkpoint step=51200
[worker alg=ma_dreamer reward=tempest_fairness_ma_symetric cport=23206 agent=6 group=slot2_ep18 flow=1] started interval=20ms det=1 latent=8x8
[worker cport=23105 agent=5] loaded checkpoint step=51200
[worker alg=ma_dreamer reward=tempest_fairness_ma_symetric cport=23105 agent=5 group=slot1_ep20 flow=1] started interval=20ms det=1 latent=8x8
[sao-listener] new flow 1 10.0.0.7:23706->10.0.0.14:5208 cc=astraea pid=654516 child=655831
[sao-listener] single-flow mode: attached worker; stopping ss scans
[sao-listener flow 1] cport=23706 cc=astraea worker active
[orch] link change t=45.0s bw=60 delay=54
[orch] link change t=60.0s bw=75 delay=70
[orch] link change t=60.0s bw=11 delay=57
[worker cport=23706 agent=6] loaded checkpoint step=51200
[worker alg=ma_dreamer reward=tempest_fairness_ma_symetric cport=23706 agent=6 group=slot7_ep17 flow=1] started interval=20ms det=1 latent=8x8
[orch] link change t=60.0s bw=28 delay=38
[sao-listener] new flow 1 10.0.0.7:23006->10.0.0.14:5201 cc=astraea pid=655925 child=656054
[sao-listener] single-flow mode: attached worker; stopping ss scans
[sao-listener flow 1] cport=23006 cc=astraea worker active
[orch] link change t=60.0s bw=47 delay=19
[orch] link change t=45.0s bw=51 delay=83
[worker cport=23006 agent=6] loaded checkpoint step=51200
[worker alg=ma_dreamer reward=tempest_fairness_ma_symetric cport=23006 agent=6 group=slot0_ep19 flow=1] started interval=20ms det=1 latent=8x8
[orch] link change t=60.0s bw=97 delay=28
[orch] link change t=60.0s bw=62 delay=94
[sao-listener] new flow 1 10.0.0.7:23106->10.0.0.14:5202 cc=astraea pid=656201 child=656244
[sao-listener] single-flow mode: attached worker; stopping ss scans
[sao-listener flow 1] cport=23106 cc=astraea worker active
[worker cport=23106 agent=6] loaded checkpoint step=51200
[worker alg=ma_dreamer reward=tempest_fairness_ma_symetric cport=23106 agent=6 group=slot1_ep20 flow=1] started interval=20ms det=1 latent=8x8
[orch] link change t=60.0s bw=79 delay=94
[orch] link change t=60.0s bw=90 delay=73
[orch] link change t=60.0s bw=77 delay=47
[orch] link change t=75.0s bw=90 delay=88
[orch] link change t=75.0s bw=71 delay=45
[orch] link change t=75.0s bw=92 delay=33
[orch] link change t=75.0s bw=94 delay=67
[orch] link change t=60.0s bw=31 delay=13
[orch] link change t=75.0s bw=98 delay=57
[orch] link change t=75.0s bw=43 delay=40
[orch] link change t=75.0s bw=45 delay=24
[orch] link change t=75.0s bw=33 delay=71
[orch] link change t=75.0s bw=84 delay=28
[orch] link change t=90.0s bw=33 delay=22
[orch] link change t=90.0s bw=92 delay=68
[orch] link change t=90.0s bw=26 delay=19
[orch] link change t=90.0s bw=48 delay=69
[orch] link change t=75.0s bw=62 delay=62
[orch] link change t=90.0s bw=40 delay=24
[orch] link change t=90.0s bw=91 delay=38
[orch] link change t=90.0s bw=13 delay=41
[orch] link change t=90.0s bw=47 delay=68
[orch] link change t=90.0s bw=86 delay=43
[orch] link change t=105.0s bw=67 delay=48
[orch] link change t=105.0s bw=98 delay=86
[orch] link change t=105.0s bw=78 delay=37
[orch] link change t=105.0s bw=97 delay=60
[orch] link change t=90.0s bw=19 delay=23
[orch] link change t=105.0s bw=53 delay=69
[orch] link change t=105.0s bw=11 delay=47
[orch] link change t=105.0s bw=59 delay=63
[orch] link change t=105.0s bw=43 delay=35
[orch] link change t=105.0s bw=23 delay=43
[orch] link change t=120.0s bw=28 delay=21
[orch] link change t=120.0s bw=39 delay=81
[orch] link change t=120.0s bw=47 delay=13
[orch] link change t=120.0s bw=60 delay=25
[orch] link change t=105.0s bw=26 delay=50
[orch] link change t=120.0s bw=100 delay=55
[orch] link change t=120.0s bw=48 delay=52
[orch] link change t=120.0s bw=42 delay=74
[orch] link change t=120.0s bw=42 delay=98
[orch] link change t=120.0s bw=62 delay=51
[orch] link change t=135.0s bw=78 delay=98
[orch] link change t=135.0s bw=10 delay=94
[orch] link change t=135.0s bw=65 delay=26
[orch] link change t=135.0s bw=43 delay=38
[orch] link change t=120.0s bw=70 delay=84
[orch] link change t=135.0s bw=45 delay=60
[orch] link change t=135.0s bw=95 delay=28
[orch] link change t=135.0s bw=50 delay=91
[orch] link change t=135.0s bw=25 delay=51
[orch] link change t=135.0s bw=44 delay=23
[orch] link change t=150.0s bw=91 delay=15
[orch] link change t=150.0s bw=89 delay=28
[orch] link change t=150.0s bw=97 delay=87
[orch] link change t=150.0s bw=50 delay=55
[orch] link change t=135.0s bw=67 delay=62
[orch] link change t=150.0s bw=43 delay=54
[orch] link change t=150.0s bw=87 delay=49
[orch] link change t=150.0s bw=97 delay=61
[orch] link change t=150.0s bw=76 delay=96
[orch] link change t=150.0s bw=51 delay=49
[orch] link change t=165.0s bw=86 delay=60
[orch] link change t=165.0s bw=66 delay=57
[orch] link change t=165.0s bw=11 delay=45
[orch] link change t=165.0s bw=43 delay=56
[orch] link change t=150.0s bw=36 delay=35
[orch] link change t=165.0s bw=39 delay=36
[orch] link change t=165.0s bw=12 delay=38
[orch] link change t=165.0s bw=27 delay=80
[orch] link change t=165.0s bw=32 delay=40
[orch] link change t=165.0s bw=12 delay=82
[orch] link change t=180.0s bw=67 delay=93
[orch] link change t=180.0s bw=30 delay=53
[orch] link change t=180.0s bw=28 delay=20
[orch] link change t=180.0s bw=90 delay=90
[orch] link change t=165.0s bw=50 delay=90
[orch] link change t=180.0s bw=55 delay=50
[orch] link change t=180.0s bw=87 delay=42
[orch] link change t=180.0s bw=17 delay=27
[orch] link change t=180.0s bw=31 delay=40
[orch] link change t=180.0s bw=89 delay=35
[orch] link change t=195.0s bw=88 delay=93
[orch] link change t=195.0s bw=36 delay=17
[orch] link change t=195.0s bw=43 delay=67
[orch] link change t=195.0s bw=76 delay=29
[orch] link change t=180.0s bw=97 delay=52
[orch] link change t=195.0s bw=38 delay=49
[orch] link change t=195.0s bw=12 delay=29
[orch] link change t=195.0s bw=35 delay=29
[orch] link change t=195.0s bw=35 delay=56
[orch] link change t=195.0s bw=19 delay=35
[orch] link change t=210.0s bw=30 delay=89
[orch] link change t=210.0s bw=83 delay=35
[orch] link change t=210.0s bw=65 delay=27
[orch] link change t=210.0s bw=30 delay=80
[orch] link change t=195.0s bw=52 delay=64
[orch] link change t=210.0s bw=75 delay=63
[orch] link change t=210.0s bw=87 delay=95
[orch] link change t=210.0s bw=100 delay=78
[orch] link change t=210.0s bw=83 delay=74
[orch] link change t=210.0s bw=24 delay=79
[orch] link change t=225.0s bw=11 delay=77
[orch] link change t=225.0s bw=19 delay=75
[orch] link change t=225.0s bw=42 delay=55
[orch] link change t=225.0s bw=95 delay=94
[orch] link change t=210.0s bw=21 delay=90
[orch] link change t=225.0s bw=39 delay=83
[orch] link change t=225.0s bw=90 delay=13
[orch] link change t=225.0s bw=81 delay=97
[orch] link change t=225.0s bw=35 delay=96
[orch] link change t=225.0s bw=68 delay=59
[orch] link change t=240.0s bw=18 delay=17
[orch] link change t=240.0s bw=97 delay=53
[orch] link change t=240.0s bw=39 delay=72
[orch] link change t=240.0s bw=45 delay=31
[orch] link change t=225.0s bw=76 delay=72
[orch] link change t=240.0s bw=68 delay=63
[orch] link change t=240.0s bw=69 delay=68
[orch] link change t=240.0s bw=36 delay=52
[orch] link change t=240.0s bw=73 delay=37
[orch] link change t=240.0s bw=19 delay=22
[orch] link change t=255.0s bw=14 delay=34
[orch] link change t=255.0s bw=97 delay=61
[orch] link change t=255.0s bw=80 delay=82
[orch] link change t=255.0s bw=11 delay=93
[orch] link change t=240.0s bw=61 delay=20
[orch] link change t=255.0s bw=72 delay=20
[orch] link change t=255.0s bw=86 delay=90
[orch] link change t=255.0s bw=79 delay=25
[orch] link change t=255.0s bw=48 delay=43
[orch] link change t=255.0s bw=63 delay=12
[orch] link change t=270.0s bw=40 delay=86
[orch] link change t=270.0s bw=21 delay=12
[orch] link change t=270.0s bw=64 delay=95
[orch] link change t=270.0s bw=18 delay=25
[orch] link change t=255.0s bw=36 delay=83
[orch] link change t=270.0s bw=69 delay=82
[orch] link change t=270.0s bw=100 delay=47
[orch] link change t=270.0s bw=91 delay=18
[orch] link change t=270.0s bw=10 delay=53
[orch] link change t=270.0s bw=22 delay=84
[orch] link change t=285.0s bw=13 delay=69
[orch] link change t=285.0s bw=17 delay=94
[orch] link change t=285.0s bw=56 delay=65
[orch] link change t=285.0s bw=86 delay=53
[orch] link change t=270.0s bw=41 delay=14
[orch] link change t=285.0s bw=56 delay=66
[orch] link change t=285.0s bw=38 delay=49
[orch] link change t=285.0s bw=49 delay=62
[orch] link change t=285.0s bw=61 delay=38
[orch] link change t=285.0s bw=64 delay=60
[orch] link change t=300.0s bw=51 delay=66
[orch] link change t=300.0s bw=75 delay=38
[orch] link change t=300.0s bw=91 delay=50
[orch] link change t=300.0s bw=13 delay=20
[orch] link change t=285.0s bw=35 delay=22
[orch] link change t=300.0s bw=82 delay=50
[orch] link change t=300.0s bw=56 delay=43
[orch] link change t=300.0s bw=20 delay=74
[orch] link change t=300.0s bw=61 delay=78
[orch] link change t=300.0s bw=66 delay=94
[orch] link change t=315.0s bw=85 delay=35
[orch] link change t=315.0s bw=21 delay=64
[orch] link change t=315.0s bw=93 delay=25
[orch] link change t=315.0s bw=45 delay=36
[orch] link change t=300.0s bw=20 delay=34
[orch] link change t=315.0s bw=98 delay=92
[orch] link change t=315.0s bw=63 delay=21
[orch] link change t=315.0s bw=70 delay=91
[orch] link change t=315.0s bw=54 delay=85
[orch] link change t=315.0s bw=48 delay=83
[orch] link change t=330.0s bw=76 delay=39
[orch] link change t=330.0s bw=66 delay=24
[orch] link change t=330.0s bw=54 delay=86
[orch] link change t=330.0s bw=58 delay=61
[orch] link change t=315.0s bw=42 delay=98
[orch] link change t=330.0s bw=67 delay=61
[orch] link change t=330.0s bw=54 delay=73
[orch] link change t=330.0s bw=86 delay=28
[orch] link change t=330.0s bw=83 delay=77
[orch] link change t=330.0s bw=74 delay=30
[orch] link change t=330.0s bw=46 delay=49
[multi_ep_plot] saved -> /its/home/mm2350/extra/Olympusv2/benchmarks/benchmark_responsive_fairness/data/ma_dreamer_symmetrical/7_flows/run11/ep000011_bw67_d81_n7.pdf  return=1212624.0
[ep_plot] ep=11 -> /its/home/mm2350/extra/Olympusv2/benchmarks/benchmark_responsive_fairness/data/ma_dreamer_symmetrical/7_flows/run11/ep000011_bw67_d81_n7.pdf  return=1212623.953125
[orch] ep=11 sum-of-agents return=1212624.0
[responsive_fairness] slot=4 ma_dreamer_symmetrical flows=7 run=21
[responsive_fairness] ma_dreamer_symmetrical flows=7 run=11 done (161/200)
[slot=4] ep=21  flows=7  bw=31Mbps  delay=63ms  duration=345s  delays=[0.0, 7.5, 15.0, 22.5, 30.0, 37.5, 45.0]  lifetimes=[345.0, 337.5, 330.0, 322.5, 315.0, 307.5, 300.0]
[multi_ep_plot] saved -> /its/home/mm2350/extra/Olympusv2/benchmarks/benchmark_responsive_fairness/data/ma_dreamer_symmetrical/7_flows/run12/ep000012_bw70_d44_n7.pdf  return=1289582.8
[ep_plot] ep=12 -> /its/home/mm2350/extra/Olympusv2/benchmarks/benchmark_responsive_fairness/data/ma_dreamer_symmetrical/7_flows/run12/ep000012_bw70_d44_n7.pdf  return=1289582.84375
[orch] ep=12 sum-of-agents return=1289582.8
[responsive_fairness] slot=9 ma_dreamer_symmetrical flows=7 run=22
[responsive_fairness] ma_dreamer_symmetrical flows=7 run=12 done (162/200)
[slot=9] ep=22  flows=7  bw=27Mbps  delay=41ms  duration=345s  delays=[0.0, 7.5, 15.0, 22.5, 30.0, 37.5, 45.0]  lifetimes=[345.0, 337.5, 330.0, 322.5, 315.0, 307.5, 300.0]
[sao-listener] cport=23400 worker=/its/home/mm2350/extra/Olympusv2/olympus/algorithms/ma_dreamer/worker.py scan=20ms target_cc=astraea single_flow=1 no_state_pipe=1
[sao-listener] cport=23401 worker=/its/home/mm2350/extra/Olympusv2/olympus/algorithms/ma_dreamer/worker.py scan=20ms target_cc=astraea single_flow=1 no_state_pipe=1
[sao-listener] cport=23402 worker=/its/home/mm2350/extra/Olympusv2/olympus/algorithms/ma_dreamer/worker.py scan=20ms target_cc=astraea single_flow=1 no_state_pipe=1
[sao-listener] cport=23403 worker=/its/home/mm2350/extra/Olympusv2/olympus/algorithms/ma_dreamer/worker.py scan=20ms target_cc=astraea single_flow=1 no_state_pipe=1
[sao-listener] cport=23404 worker=/its/home/mm2350/extra/Olympusv2/olympus/algorithms/ma_dreamer/worker.py scan=20ms target_cc=astraea single_flow=1 no_state_pipe=1
[sao-listener] cport=23405 worker=/its/home/mm2350/extra/Olympusv2/olympus/algorithms/ma_dreamer/worker.py scan=20ms target_cc=astraea single_flow=1 no_state_pipe=1
[sao-listener] cport=23406 worker=/its/home/mm2350/extra/Olympusv2/olympus/algorithms/ma_dreamer/worker.py scan=20ms target_cc=astraea single_flow=1 no_state_pipe=1
[multi_ep_plot] saved -> /its/home/mm2350/extra/Olympusv2/benchmarks/benchmark_responsive_fairness/data/ma_dreamer_symmetrical/7_flows/run13/ep000013_bw43_d47_n7.pdf  return=1487358.0
[ep_plot] ep=13 -> /its/home/mm2350/extra/Olympusv2/benchmarks/benchmark_responsive_fairness/data/ma_dreamer_symmetrical/7_flows/run13/ep000013_bw43_d47_n7.pdf  return=1487357.953125
[orch] ep=13 sum-of-agents return=1487358.0
[responsive_fairness] slot=5 ma_dreamer_symmetrical flows=7 run=23
[responsive_fairness] ma_dreamer_symmetrical flows=7 run=13 done (163/200)
[slot=5] ep=23  flows=7  bw=47Mbps  delay=20ms  duration=345s  delays=[0.0, 7.5, 15.0, 22.5, 30.0, 37.5, 45.0]  lifetimes=[345.0, 337.5, 330.0, 322.5, 315.0, 307.5, 300.0]
[sao-listener] cport=23900 worker=/its/home/mm2350/extra/Olympusv2/olympus/algorithms/ma_dreamer/worker.py scan=20ms target_cc=astraea single_flow=1 no_state_pipe=1
[sao-listener] cport=23901 worker=/its/home/mm2350/extra/Olympusv2/olympus/algorithms/ma_dreamer/worker.py scan=20ms target_cc=astraea single_flow=1 no_state_pipe=1
[sao-listener] cport=23902 worker=/its/home/mm2350/extra/Olympusv2/olympus/algorithms/ma_dreamer/worker.py scan=20ms target_cc=astraea single_flow=1 no_state_pipe=1
[sao-listener] cport=23903 worker=/its/home/mm2350/extra/Olympusv2/olympus/algorithms/ma_dreamer/worker.py scan=20ms target_cc=astraea single_flow=1 no_state_pipe=1
[sao-listener] cport=23904 worker=/its/home/mm2350/extra/Olympusv2/olympus/algorithms/ma_dreamer/worker.py scan=20ms target_cc=astraea single_flow=1 no_state_pipe=1
[sao-listener] cport=23905 worker=/its/home/mm2350/extra/Olympusv2/olympus/algorithms/ma_dreamer/worker.py scan=20ms target_cc=astraea single_flow=1 no_state_pipe=1
[sao-listener] cport=23906 worker=/its/home/mm2350/extra/Olympusv2/olympus/algorithms/ma_dreamer/worker.py scan=20ms target_cc=astraea single_flow=1 no_state_pipe=1
[multi_ep_plot] saved -> /its/home/mm2350/extra/Olympusv2/benchmarks/benchmark_responsive_fairness/data/ma_dreamer_symmetrical/7_flows/run14/ep000014_bw23_d88_n7.pdf  return=1552078.2
[ep_plot] ep=14 -> /its/home/mm2350/extra/Olympusv2/benchmarks/benchmark_responsive_fairness/data/ma_dreamer_symmetrical/7_flows/run14/ep000014_bw23_d88_n7.pdf  return=1552078.203125
[orch] ep=14 sum-of-agents return=1552078.2
[responsive_fairness] slot=3 ma_dreamer_symmetrical flows=7 run=24
[responsive_fairness] ma_dreamer_symmetrical flows=7 run=14 done (164/200)
[slot=3] ep=24  flows=7  bw=59Mbps  delay=84ms  duration=345s  delays=[0.0, 7.5, 15.0, 22.5, 30.0, 37.5, 45.0]  lifetimes=[345.0, 337.5, 330.0, 322.5, 315.0, 307.5, 300.0]
[sao-listener] cport=23500 worker=/its/home/mm2350/extra/Olympusv2/olympus/algorithms/ma_dreamer/worker.py scan=20ms target_cc=astraea single_flow=1 no_state_pipe=1
[sao-listener] cport=23501 worker=/its/home/mm2350/extra/Olympusv2/olympus/algorithms/ma_dreamer/worker.py scan=20ms target_cc=astraea single_flow=1 no_state_pipe=1
[sao-listener] cport=23502 worker=/its/home/mm2350/extra/Olympusv2/olympus/algorithms/ma_dreamer/worker.py scan=20ms target_cc=astraea single_flow=1 no_state_pipe=1
[sao-listener] cport=23503 worker=/its/home/mm2350/extra/Olympusv2/olympus/algorithms/ma_dreamer/worker.py scan=20ms target_cc=astraea single_flow=1 no_state_pipe=1
[sao-listener] cport=23504 worker=/its/home/mm2350/extra/Olympusv2/olympus/algorithms/ma_dreamer/worker.py scan=20ms target_cc=astraea single_flow=1 no_state_pipe=1
[sao-listener] cport=23505 worker=/its/home/mm2350/extra/Olympusv2/olympus/algorithms/ma_dreamer/worker.py scan=20ms target_cc=astraea single_flow=1 no_state_pipe=1
[sao-listener] cport=23506 worker=/its/home/mm2350/extra/Olympusv2/olympus/algorithms/ma_dreamer/worker.py scan=20ms target_cc=astraea single_flow=1 no_state_pipe=1
[sao-listener] new flow 1 10.0.0.1:23400->10.0.0.8:5205 cc=astraea pid=659712 child=661496
[sao-listener] single-flow mode: attached worker; stopping ss scans
[sao-listener flow 1] cport=23400 cc=astraea worker active
[multi_ep_plot] saved -> /its/home/mm2350/extra/Olympusv2/benchmarks/benchmark_responsive_fairness/data/ma_dreamer_symmetrical/7_flows/run15/ep000015_bw36_d11_n7.pdf  return=1643542.2
[ep_plot] ep=15 -> /its/home/mm2350/extra/Olympusv2/benchmarks/benchmark_responsive_fairness/data/ma_dreamer_symmetrical/7_flows/run15/ep000015_bw36_d11_n7.pdf  return=1643542.15625
[orch] ep=15 sum-of-agents return=1643542.2
[responsive_fairness] slot=8 ma_dreamer_symmetrical flows=7 run=25
[responsive_fairness] ma_dreamer_symmetrical flows=7 run=15 done (165/200)
[slot=8] ep=25  flows=7  bw=58Mbps  delay=11ms  duration=345s  delays=[0.0, 7.5, 15.0, 22.5, 30.0, 37.5, 45.0]  lifetimes=[345.0, 337.5, 330.0, 322.5, 315.0, 307.5, 300.0]
[sao-listener] cport=23300 worker=/its/home/mm2350/extra/Olympusv2/olympus/algorithms/ma_dreamer/worker.py scan=20ms target_cc=astraea single_flow=1 no_state_pipe=1
[sao-listener] cport=23301 worker=/its/home/mm2350/extra/Olympusv2/olympus/algorithms/ma_dreamer/worker.py scan=20ms target_cc=astraea single_flow=1 no_state_pipe=1
[sao-listener] cport=23302 worker=/its/home/mm2350/extra/Olympusv2/olympus/algorithms/ma_dreamer/worker.py scan=20ms target_cc=astraea single_flow=1 no_state_pipe=1
[sao-listener] cport=23303 worker=/its/home/mm2350/extra/Olympusv2/olympus/algorithms/ma_dreamer/worker.py scan=20ms target_cc=astraea single_flow=1 no_state_pipe=1
[sao-listener] cport=23304 worker=/its/home/mm2350/extra/Olympusv2/olympus/algorithms/ma_dreamer/worker.py scan=20ms target_cc=astraea single_flow=1 no_state_pipe=1
[sao-listener] cport=23305 worker=/its/home/mm2350/extra/Olympusv2/olympus/algorithms/ma_dreamer/worker.py scan=20ms target_cc=astraea single_flow=1 no_state_pipe=1
[sao-listener] cport=23306 worker=/its/home/mm2350/extra/Olympusv2/olympus/algorithms/ma_dreamer/worker.py scan=20ms target_cc=astraea single_flow=1 no_state_pipe=1
[worker cport=23400 agent=0] loaded checkpoint step=51200
[worker alg=ma_dreamer reward=tempest_fairness_ma_symetric cport=23400 agent=0 group=slot4_ep21 flow=1] started interval=20ms det=1 latent=8x8
[sao-listener] cport=23800 worker=/its/home/mm2350/extra/Olympusv2/olympus/algorithms/ma_dreamer/worker.py scan=20ms target_cc=astraea single_flow=1 no_state_pipe=1
[sao-listener] cport=23801 worker=/its/home/mm2350/extra/Olympusv2/olympus/algorithms/ma_dreamer/worker.py scan=20ms target_cc=astraea single_flow=1 no_state_pipe=1
[sao-listener] cport=23802 worker=/its/home/mm2350/extra/Olympusv2/olympus/algorithms/ma_dreamer/worker.py scan=20ms target_cc=astraea single_flow=1 no_state_pipe=1
[sao-listener] cport=23803 worker=/its/home/mm2350/extra/Olympusv2/olympus/algorithms/ma_dreamer/worker.py scan=20ms target_cc=astraea single_flow=1 no_state_pipe=1
[sao-listener] new flow 1 10.0.0.1:23900->10.0.0.8:5210 cc=astraea pid=660927 child=663757
[sao-listener] single-flow mode: attached worker; stopping ss scans
[sao-listener flow 1] cport=23900 cc=astraea worker active
[sao-listener] cport=23804 worker=/its/home/mm2350/extra/Olympusv2/olympus/algorithms/ma_dreamer/worker.py scan=20ms target_cc=astraea single_flow=1 no_state_pipe=1
[sao-listener] cport=23805 worker=/its/home/mm2350/extra/Olympusv2/olympus/algorithms/ma_dreamer/worker.py scan=20ms target_cc=astraea single_flow=1 no_state_pipe=1
[sao-listener] cport=23806 worker=/its/home/mm2350/extra/Olympusv2/olympus/algorithms/ma_dreamer/worker.py scan=20ms target_cc=astraea single_flow=1 no_state_pipe=1
[multi_ep_plot] saved -> /its/home/mm2350/extra/Olympusv2/benchmarks/benchmark_responsive_fairness/data/ma_dreamer_symmetrical/7_flows/run16/ep000016_bw56_d70_n7.pdf  return=1580270.3
[ep_plot] ep=16 -> /its/home/mm2350/extra/Olympusv2/benchmarks/benchmark_responsive_fairness/data/ma_dreamer_symmetrical/7_flows/run16/ep000016_bw56_d70_n7.pdf  return=1580270.28125
[orch] ep=16 sum-of-agents return=1580270.3
[responsive_fairness] slot=6 ma_dreamer_symmetrical flows=7 run=26
[responsive_fairness] ma_dreamer_symmetrical flows=7 run=16 done (166/200)
[slot=6] ep=26  flows=7  bw=35Mbps  delay=94ms  duration=345s  delays=[0.0, 7.5, 15.0, 22.5, 30.0, 37.5, 45.0]  lifetimes=[345.0, 337.5, 330.0, 322.5, 315.0, 307.5, 300.0]
[worker cport=23900 agent=0] loaded checkpoint step=51200
[worker alg=ma_dreamer reward=tempest_fairness_ma_symetric cport=23900 agent=0 group=slot9_ep22 flow=1] started interval=20ms det=1 latent=8x8
[sao-listener] new flow 1 10.0.0.1:23500->10.0.0.8:5206 cc=astraea pid=661343 child=664754
[sao-listener] single-flow mode: attached worker; stopping ss scans
[sao-listener flow 1] cport=23500 cc=astraea worker active
[sao-listener] cport=23600 worker=/its/home/mm2350/extra/Olympusv2/olympus/algorithms/ma_dreamer/worker.py scan=20ms target_cc=astraea single_flow=1 no_state_pipe=1
[sao-listener] cport=23601 worker=/its/home/mm2350/extra/Olympusv2/olympus/algorithms/ma_dreamer/worker.py scan=20ms target_cc=astraea single_flow=1 no_state_pipe=1
[sao-listener] cport=23602 worker=/its/home/mm2350/extra/Olympusv2/olympus/algorithms/ma_dreamer/worker.py scan=20ms target_cc=astraea single_flow=1 no_state_pipe=1
[sao-listener] cport=23603 worker=/its/home/mm2350/extra/Olympusv2/olympus/algorithms/ma_dreamer/worker.py scan=20ms target_cc=astraea single_flow=1 no_state_pipe=1
[sao-listener] cport=23604 worker=/its/home/mm2350/extra/Olympusv2/olympus/algorithms/ma_dreamer/worker.py scan=20ms target_cc=astraea single_flow=1 no_state_pipe=1
[sao-listener] cport=23605 worker=/its/home/mm2350/extra/Olympusv2/olympus/algorithms/ma_dreamer/worker.py scan=20ms target_cc=astraea single_flow=1 no_state_pipe=1
[sao-listener] cport=23606 worker=/its/home/mm2350/extra/Olympusv2/olympus/algorithms/ma_dreamer/worker.py scan=20ms target_cc=astraea single_flow=1 no_state_pipe=1
[worker cport=23500 agent=0] loaded checkpoint step=51200
[worker alg=ma_dreamer reward=tempest_fairness_ma_symetric cport=23500 agent=0 group=slot5_ep23 flow=1] started interval=20ms det=1 latent=8x8
[sao-listener] new flow 1 10.0.0.1:23300->10.0.0.8:5204 cc=astraea pid=662874 child=666664
[sao-listener] single-flow mode: attached worker; stopping ss scans
[sao-listener flow 1] cport=23300 cc=astraea worker active
[worker cport=23300 agent=0] loaded checkpoint step=51200
[worker alg=ma_dreamer reward=tempest_fairness_ma_symetric cport=23300 agent=0 group=slot3_ep24 flow=1] started interval=20ms det=1 latent=8x8
[multi_ep_plot] saved -> /its/home/mm2350/extra/Olympusv2/benchmarks/benchmark_responsive_fairness/data/ma_dreamer_symmetrical/7_flows/run17/ep000017_bw76_d63_n7.pdf  return=1414878.7
[ep_plot] ep=17 -> /its/home/mm2350/extra/Olympusv2/benchmarks/benchmark_responsive_fairness/data/ma_dreamer_symmetrical/7_flows/run17/ep000017_bw76_d63_n7.pdf  return=1414878.671875
[orch] ep=17 sum-of-agents return=1414878.7
[responsive_fairness] slot=7 ma_dreamer_symmetrical flows=7 run=27
[responsive_fairness] ma_dreamer_symmetrical flows=7 run=17 done (167/200)
[slot=7] ep=27  flows=7  bw=93Mbps  delay=71ms  duration=345s  delays=[0.0, 7.5, 15.0, 22.5, 30.0, 37.5, 45.0]  lifetimes=[345.0, 337.5, 330.0, 322.5, 315.0, 307.5, 300.0]
[sao-listener] new flow 1 10.0.0.1:23800->10.0.0.8:5209 cc=astraea pid=664217 child=668201
[sao-listener] single-flow mode: attached worker; stopping ss scans
[sao-listener flow 1] cport=23800 cc=astraea worker active
[sao-listener] new flow 1 10.0.0.2:23401->10.0.0.9:5205 cc=astraea pid=668340 child=669449
[sao-listener] single-flow mode: attached worker; stopping ss scans
[sao-listener flow 1] cport=23401 cc=astraea worker active
[worker cport=23800 agent=0] loaded checkpoint step=51200
[worker alg=ma_dreamer reward=tempest_fairness_ma_symetric cport=23800 agent=0 group=slot8_ep25 flow=1] started interval=20ms det=1 latent=8x8
[sao-listener] cport=23700 worker=/its/home/mm2350/extra/Olympusv2/olympus/algorithms/ma_dreamer/worker.py scan=20ms target_cc=astraea single_flow=1 no_state_pipe=1
[sao-listener] cport=23701 worker=/its/home/mm2350/extra/Olympusv2/olympus/algorithms/ma_dreamer/worker.py scan=20ms target_cc=astraea single_flow=1 no_state_pipe=1
[sao-listener] cport=23702 worker=/its/home/mm2350/extra/Olympusv2/olympus/algorithms/ma_dreamer/worker.py scan=20ms target_cc=astraea single_flow=1 no_state_pipe=1
[sao-listener] cport=23703 worker=/its/home/mm2350/extra/Olympusv2/olympus/algorithms/ma_dreamer/worker.py scan=20ms target_cc=astraea single_flow=1 no_state_pipe=1
[sao-listener] cport=23704 worker=/its/home/mm2350/extra/Olympusv2/olympus/algorithms/ma_dreamer/worker.py scan=20ms target_cc=astraea single_flow=1 no_state_pipe=1
[sao-listener] cport=23705 worker=/its/home/mm2350/extra/Olympusv2/olympus/algorithms/ma_dreamer/worker.py scan=20ms target_cc=astraea single_flow=1 no_state_pipe=1
[sao-listener] cport=23706 worker=/its/home/mm2350/extra/Olympusv2/olympus/algorithms/ma_dreamer/worker.py scan=20ms target_cc=astraea single_flow=1 no_state_pipe=1
[worker cport=23401 agent=1] loaded checkpoint step=51200
[worker alg=ma_dreamer reward=tempest_fairness_ma_symetric cport=23401 agent=1 group=slot4_ep21 flow=1] started interval=20ms det=1 latent=8x8
[sao-listener] new flow 1 10.0.0.1:23600->10.0.0.8:5207 cc=astraea pid=666614 child=671537
[sao-listener] single-flow mode: attached worker; stopping ss scans
[sao-listener flow 1] cport=23600 cc=astraea worker active
[multi_ep_plot] saved -> /its/home/mm2350/extra/Olympusv2/benchmarks/benchmark_responsive_fairness/data/ma_dreamer_symmetrical/7_flows/run18/ep000018_bw33_d25_n7.pdf  return=1511742.8
[ep_plot] ep=18 -> /its/home/mm2350/extra/Olympusv2/benchmarks/benchmark_responsive_fairness/data/ma_dreamer_symmetrical/7_flows/run18/ep000018_bw33_d25_n7.pdf  return=1511742.84375
[orch] ep=18 sum-of-agents return=1511742.8
[responsive_fairness] slot=2 ma_dreamer_symmetrical flows=7 run=28
[responsive_fairness] ma_dreamer_symmetrical flows=7 run=18 done (168/200)
[slot=2] ep=28  flows=7  bw=24Mbps  delay=26ms  duration=345s  delays=[0.0, 7.5, 15.0, 22.5, 30.0, 37.5, 45.0]  lifetimes=[345.0, 337.5, 330.0, 322.5, 315.0, 307.5, 300.0]
[sao-listener] new flow 1 10.0.0.2:23901->10.0.0.9:5210 cc=astraea pid=669189 child=672365
[sao-listener] single-flow mode: attached worker; stopping ss scans
[sao-listener flow 1] cport=23901 cc=astraea worker active
[worker cport=23600 agent=0] loaded checkpoint step=51200
[worker alg=ma_dreamer reward=tempest_fairness_ma_symetric cport=23600 agent=0 group=slot6_ep26 flow=1] started interval=20ms det=1 latent=8x8
[sao-listener] cport=23200 worker=/its/home/mm2350/extra/Olympusv2/olympus/algorithms/ma_dreamer/worker.py scan=20ms target_cc=astraea single_flow=1 no_state_pipe=1
[sao-listener] cport=23201 worker=/its/home/mm2350/extra/Olympusv2/olympus/algorithms/ma_dreamer/worker.py scan=20ms target_cc=astraea single_flow=1 no_state_pipe=1
[sao-listener] cport=23202 worker=/its/home/mm2350/extra/Olympusv2/olympus/algorithms/ma_dreamer/worker.py scan=20ms target_cc=astraea single_flow=1 no_state_pipe=1
[sao-listener] cport=23203 worker=/its/home/mm2350/extra/Olympusv2/olympus/algorithms/ma_dreamer/worker.py scan=20ms target_cc=astraea single_flow=1 no_state_pipe=1
[sao-listener] cport=23204 worker=/its/home/mm2350/extra/Olympusv2/olympus/algorithms/ma_dreamer/worker.py scan=20ms target_cc=astraea single_flow=1 no_state_pipe=1
[sao-listener] new flow 1 10.0.0.2:23801->10.0.0.9:5209 cc=astraea pid=671910 child=673730
[sao-listener] single-flow mode: attached worker; stopping ss scans
[sao-listener flow 1] cport=23801 cc=astraea worker active
[sao-listener] cport=23205 worker=/its/home/mm2350/extra/Olympusv2/olympus/algorithms/ma_dreamer/worker.py scan=20ms target_cc=astraea single_flow=1 no_state_pipe=1
[sao-listener] cport=23206 worker=/its/home/mm2350/extra/Olympusv2/olympus/algorithms/ma_dreamer/worker.py scan=20ms target_cc=astraea single_flow=1 no_state_pipe=1
[worker cport=23901 agent=1] loaded checkpoint step=51200
[worker alg=ma_dreamer reward=tempest_fairness_ma_symetric cport=23901 agent=1 group=slot9_ep22 flow=1] started interval=20ms det=1 latent=8x8
[sao-listener] new flow 1 10.0.0.2:23501->10.0.0.9:5206 cc=astraea pid=669980 child=674361
[sao-listener] single-flow mode: attached worker; stopping ss scans
[sao-listener flow 1] cport=23501 cc=astraea worker active
[worker cport=23801 agent=1] loaded checkpoint step=51200
[worker alg=ma_dreamer reward=tempest_fairness_ma_symetric cport=23801 agent=1 group=slot8_ep25 flow=1] started interval=20ms det=1 latent=8x8
[orch] link change t=15.0s bw=98 delay=63
[worker cport=23501 agent=1] loaded checkpoint step=51200
[worker alg=ma_dreamer reward=tempest_fairness_ma_symetric cport=23501 agent=1 group=slot5_ep23 flow=1] started interval=20ms det=1 latent=8x8
[sao-listener] new flow 1 10.0.0.1:23700->10.0.0.8:5208 cc=astraea pid=670396 child=676006
[sao-listener flow 1] cport=23700 cc=astraea worker active
[sao-listener] single-flow mode: attached worker; stopping ss scans
[orch] link change t=15.0s bw=13 delay=88
[sao-listener] new flow 1 10.0.0.2:23301->10.0.0.9:5204 cc=astraea pid=670960 child=676359
[sao-listener] single-flow mode: attached worker; stopping ss scans
[sao-listener flow 1] cport=23301 cc=astraea worker active
[orch] link change t=15.0s bw=12 delay=85
[sao-listener] new flow 1 10.0.0.2:23601->10.0.0.9:5207 cc=astraea pid=674505 child=676728
[sao-listener] single-flow mode: attached worker; stopping ss scans
[sao-listener flow 1] cport=23601 cc=astraea worker active
[multi_ep_plot] saved -> /its/home/mm2350/extra/Olympusv2/benchmarks/benchmark_responsive_fairness/data/ma_dreamer_symmetrical/7_flows/run19/ep000019_bw96_d15_n7.pdf  return=1456503.8
[ep_plot] ep=19 -> /its/home/mm2350/extra/Olympusv2/benchmarks/benchmark_responsive_fairness/data/ma_dreamer_symmetrical/7_flows/run19/ep000019_bw96_d15_n7.pdf  return=1456503.828125
[orch] ep=19 sum-of-agents return=1456503.8
[responsive_fairness] slot=0 ma_dreamer_symmetrical flows=7 run=29
[responsive_fairness] ma_dreamer_symmetrical flows=7 run=19 done (169/200)
[slot=0] ep=29  flows=7  bw=80Mbps  delay=19ms  duration=345s  delays=[0.0, 7.5, 15.0, 22.5, 30.0, 37.5, 45.0]  lifetimes=[345.0, 337.5, 330.0, 322.5, 315.0, 307.5, 300.0]
[worker cport=23700 agent=0] loaded checkpoint step=51200
[worker alg=ma_dreamer reward=tempest_fairness_ma_symetric cport=23700 agent=0 group=slot7_ep27 flow=1] started interval=20ms det=1 latent=8x8
[worker cport=23301 agent=1] loaded checkpoint step=51200
[worker alg=ma_dreamer reward=tempest_fairness_ma_symetric cport=23301 agent=1 group=slot3_ep24 flow=1] started interval=20ms det=1 latent=8x8
[orch] link change t=15.1s bw=33 delay=37
[worker cport=23601 agent=1] loaded checkpoint step=51200
[worker alg=ma_dreamer reward=tempest_fairness_ma_symetric cport=23601 agent=1 group=slot6_ep26 flow=1] started interval=20ms det=1 latent=8x8
[sao-listener] new flow 1 10.0.0.3:23902->10.0.0.10:5210 cc=astraea pid=676704 child=678966
[sao-listener] single-flow mode: attached worker; stopping ss scans
[sao-listener flow 1] cport=23902 cc=astraea worker active
[sao-listener] cport=23000 worker=/its/home/mm2350/extra/Olympusv2/olympus/algorithms/ma_dreamer/worker.py scan=20ms target_cc=astraea single_flow=1 no_state_pipe=1
[sao-listener] cport=23001 worker=/its/home/mm2350/extra/Olympusv2/olympus/algorithms/ma_dreamer/worker.py scan=20ms target_cc=astraea single_flow=1 no_state_pipe=1
[sao-listener] cport=23002 worker=/its/home/mm2350/extra/Olympusv2/olympus/algorithms/ma_dreamer/worker.py scan=20ms target_cc=astraea single_flow=1 no_state_pipe=1
[sao-listener] cport=23003 worker=/its/home/mm2350/extra/Olympusv2/olympus/algorithms/ma_dreamer/worker.py scan=20ms target_cc=astraea single_flow=1 no_state_pipe=1
[orch] link change t=15.0s bw=37 delay=49
[sao-listener] cport=23004 worker=/its/home/mm2350/extra/Olympusv2/olympus/algorithms/ma_dreamer/worker.py scan=20ms target_cc=astraea single_flow=1 no_state_pipe=1
[sao-listener] cport=23005 worker=/its/home/mm2350/extra/Olympusv2/olympus/algorithms/ma_dreamer/worker.py scan=20ms target_cc=astraea single_flow=1 no_state_pipe=1
[sao-listener] cport=23006 worker=/its/home/mm2350/extra/Olympusv2/olympus/algorithms/ma_dreamer/worker.py scan=20ms target_cc=astraea single_flow=1 no_state_pipe=1
[sao-listener] new flow 1 10.0.0.1:23200->10.0.0.8:5203 cc=astraea pid=674300 child=679615
[sao-listener] single-flow mode: attached worker; stopping ss scans
[sao-listener flow 1] cport=23200 cc=astraea worker active
[worker cport=23902 agent=2] loaded checkpoint step=51200
[worker alg=ma_dreamer reward=tempest_fairness_ma_symetric cport=23902 agent=2 group=slot9_ep22 flow=1] started interval=20ms det=1 latent=8x8
[multi_ep_plot] saved -> /its/home/mm2350/extra/Olympusv2/benchmarks/benchmark_responsive_fairness/data/ma_dreamer_symmetrical/7_flows/run20/ep000020_bw97_d29_n7.pdf  return=1348776.7
[ep_plot] ep=20 -> /its/home/mm2350/extra/Olympusv2/benchmarks/benchmark_responsive_fairness/data/ma_dreamer_symmetrical/7_flows/run20/ep000020_bw97_d29_n7.pdf  return=1348776.703125
[orch] ep=20 sum-of-agents return=1348776.7
[responsive_fairness] slot=1 ma_dreamer_symmetrical flows=7 run=30
[responsive_fairness] ma_dreamer_symmetrical flows=7 run=20 done (170/200)
[slot=1] ep=30  flows=7  bw=79Mbps  delay=47ms  duration=345s  delays=[0.0, 7.5, 15.0, 22.5, 30.0, 37.5, 45.0]  lifetimes=[345.0, 337.5, 330.0, 322.5, 315.0, 307.5, 300.0]
[worker cport=23200 agent=0] loaded checkpoint step=51200
[worker alg=ma_dreamer reward=tempest_fairness_ma_symetric cport=23200 agent=0 group=slot2_ep28 flow=1] started interval=20ms det=1 latent=8x8
[orch] link change t=15.0s bw=36 delay=65
[sao-listener] new flow 1 10.0.0.3:23502->10.0.0.10:5206 cc=astraea pid=677214 child=681505
[sao-listener] single-flow mode: attached worker; stopping ss scans
[sao-listener flow 1] cport=23502 cc=astraea worker active
[sao-listener] new flow 1 10.0.0.2:23701->10.0.0.9:5208 cc=astraea pid=677765 child=682253
[sao-listener] single-flow mode: attached worker; stopping ss scans
[sao-listener flow 1] cport=23701 cc=astraea worker active
[sao-listener] new flow 1 10.0.0.3:23402->10.0.0.10:5205 cc=astraea pid=675982 child=682672
[sao-listener] single-flow mode: attached worker; stopping ss scans
[sao-listener flow 1] cport=23402 cc=astraea worker active
[sao-listener] cport=23100 worker=/its/home/mm2350/extra/Olympusv2/olympus/algorithms/ma_dreamer/worker.py scan=20ms target_cc=astraea single_flow=1 no_state_pipe=1
[sao-listener] cport=23101 worker=/its/home/mm2350/extra/Olympusv2/olympus/algorithms/ma_dreamer/worker.py scan=20ms target_cc=astraea single_flow=1 no_state_pipe=1
[sao-listener] cport=23102 worker=/its/home/mm2350/extra/Olympusv2/olympus/algorithms/ma_dreamer/worker.py scan=20ms target_cc=astraea single_flow=1 no_state_pipe=1
[sao-listener] cport=23103 worker=/its/home/mm2350/extra/Olympusv2/olympus/algorithms/ma_dreamer/worker.py scan=20ms target_cc=astraea single_flow=1 no_state_pipe=1
[sao-listener] cport=23104 worker=/its/home/mm2350/extra/Olympusv2/olympus/algorithms/ma_dreamer/worker.py scan=20ms target_cc=astraea single_flow=1 no_state_pipe=1
[sao-listener] cport=23105 worker=/its/home/mm2350/extra/Olympusv2/olympus/algorithms/ma_dreamer/worker.py scan=20ms target_cc=astraea single_flow=1 no_state_pipe=1
[sao-listener] cport=23106 worker=/its/home/mm2350/extra/Olympusv2/olympus/algorithms/ma_dreamer/worker.py scan=20ms target_cc=astraea single_flow=1 no_state_pipe=1
[worker cport=23502 agent=2] loaded checkpoint step=51200
[worker alg=ma_dreamer reward=tempest_fairness_ma_symetric cport=23502 agent=2 group=slot5_ep23 flow=1] started interval=20ms det=1 latent=8x8
[worker cport=23701 agent=1] loaded checkpoint step=51200
[worker alg=ma_dreamer reward=tempest_fairness_ma_symetric cport=23701 agent=1 group=slot7_ep27 flow=1] started interval=20ms det=1 latent=8x8
[sao-listener] new flow 1 10.0.0.3:23302->10.0.0.10:5204 cc=astraea pid=678701 child=684169
[sao-listener] single-flow mode: attached worker; stopping ss scans
[sao-listener flow 1] cport=23302 cc=astraea worker active
[worker cport=23402 agent=2] loaded checkpoint step=51200
[worker alg=ma_dreamer reward=tempest_fairness_ma_symetric cport=23402 agent=2 group=slot4_ep21 flow=1] started interval=20ms det=1 latent=8x8
[orch] link change t=15.0s bw=99 delay=45
[sao-listener] new flow 1 10.0.0.3:23602->10.0.0.10:5207 cc=astraea pid=681982 child=685028
[sao-listener] single-flow mode: attached worker; stopping ss scans
[sao-listener flow 1] cport=23602 cc=astraea worker active
[worker cport=23302 agent=2] loaded checkpoint step=51200
[worker alg=ma_dreamer reward=tempest_fairness_ma_symetric cport=23302 agent=2 group=slot3_ep24 flow=1] started interval=20ms det=1 latent=8x8
[sao-listener] new flow 1 10.0.0.1:23000->10.0.0.8:5201 cc=astraea pid=679862 child=686059
[sao-listener] single-flow mode: attached worker; stopping ss scans
[sao-listener flow 1] cport=23000 cc=astraea worker active
[worker cport=23602 agent=2] loaded checkpoint step=51200
[worker alg=ma_dreamer reward=tempest_fairness_ma_symetric cport=23602 agent=2 group=slot6_ep26 flow=1] started interval=20ms det=1 latent=8x8
[sao-listener] new flow 1 10.0.0.4:23903->10.0.0.11:5210 cc=astraea pid=684560 child=686529
[sao-listener] single-flow mode: attached worker; stopping ss scans
[sao-listener flow 1] cport=23903 cc=astraea worker active
[sao-listener] new flow 1 10.0.0.2:23201->10.0.0.9:5203 cc=astraea pid=681767 child=686734
[sao-listener] single-flow mode: attached worker; stopping ss scans
[sao-listener flow 1] cport=23201 cc=astraea worker active
[sao-listener] new flow 1 10.0.0.3:23802->10.0.0.10:5209 cc=astraea pid=679911 child=687156
[sao-listener] single-flow mode: attached worker; stopping ss scans
[sao-listener flow 1] cport=23802 cc=astraea worker active
[worker cport=23000 agent=0] loaded checkpoint step=51200
[worker alg=ma_dreamer reward=tempest_fairness_ma_symetric cport=23000 agent=0 group=slot0_ep29 flow=1] started interval=20ms det=1 latent=8x8
[worker cport=23903 agent=3] loaded checkpoint step=51200
[worker alg=ma_dreamer reward=tempest_fairness_ma_symetric cport=23903 agent=3 group=slot9_ep22 flow=1] started interval=20ms det=1 latent=8x8
[worker cport=23201 agent=1] loaded checkpoint step=51200
[worker alg=ma_dreamer reward=tempest_fairness_ma_symetric cport=23201 agent=1 group=slot2_ep28 flow=1] started interval=20ms det=1 latent=8x8
[orch] link change t=15.0s bw=79 delay=86
[worker cport=23802 agent=2] loaded checkpoint step=51200
[worker alg=ma_dreamer reward=tempest_fairness_ma_symetric cport=23802 agent=2 group=slot8_ep25 flow=1] started interval=20ms det=1 latent=8x8
[sao-listener] new flow 1 10.0.0.3:23702->10.0.0.10:5208 cc=astraea pid=685423 child=689287
[sao-listener] single-flow mode: attached worker; stopping ss scans
[sao-listener flow 1] cport=23702 cc=astraea worker active
[sao-listener] new flow 1 10.0.0.4:23503->10.0.0.11:5206 cc=astraea pid=684932 child=689404
[sao-listener] single-flow mode: attached worker; stopping ss scans
[sao-listener flow 1] cport=23503 cc=astraea worker active
[sao-listener] new flow 1 10.0.0.1:23100->10.0.0.8:5202 cc=astraea pid=683461 child=690061
[sao-listener] single-flow mode: attached worker; stopping ss scans
[sao-listener flow 1] cport=23100 cc=astraea worker active
[orch] link change t=30.1s bw=91 delay=46
[worker cport=23702 agent=2] loaded checkpoint step=51200
[worker alg=ma_dreamer reward=tempest_fairness_ma_symetric cport=23702 agent=2 group=slot7_ep27 flow=1] started interval=20ms det=1 latent=8x8
[worker cport=23503 agent=3] loaded checkpoint step=51200
[worker alg=ma_dreamer reward=tempest_fairness_ma_symetric cport=23503 agent=3 group=slot5_ep23 flow=1] started interval=20ms det=1 latent=8x8
[orch] link change t=30.0s bw=67 delay=33
[sao-listener] new flow 1 10.0.0.4:23403->10.0.0.11:5205 cc=astraea pid=683885 child=690884
[sao-listener] single-flow mode: attached worker; stopping ss scans
[sao-listener flow 1] cport=23403 cc=astraea worker active
[orch] link change t=30.0s bw=49 delay=64
[worker cport=23100 agent=0] loaded checkpoint step=51200
[worker alg=ma_dreamer reward=tempest_fairness_ma_symetric cport=23100 agent=0 group=slot1_ep30 flow=1] started interval=20ms det=1 latent=8x8
[sao-listener] new flow 1 10.0.0.4:23303->10.0.0.11:5204 cc=astraea pid=685882 child=691567
[sao-listener] single-flow mode: attached worker; stopping ss scans
[sao-listener flow 1] cport=23303 cc=astraea worker active
[worker cport=23403 agent=3] loaded checkpoint step=51200
[worker alg=ma_dreamer reward=tempest_fairness_ma_symetric cport=23403 agent=3 group=slot4_ep21 flow=1] started interval=20ms det=1 latent=8x8
[sao-listener] new flow 1 10.0.0.4:23603->10.0.0.11:5207 cc=astraea pid=689034 child=692046
[sao-listener] single-flow mode: attached worker; stopping ss scans
[sao-listener flow 1] cport=23603 cc=astraea worker active
[orch] link change t=30.0s bw=31 delay=34
[worker cport=23303 agent=3] loaded checkpoint step=51200
[worker alg=ma_dreamer reward=tempest_fairness_ma_symetric cport=23303 agent=3 group=slot3_ep24 flow=1] started interval=20ms det=1 latent=8x8
[sao-listener] new flow 1 10.0.0.2:23001->10.0.0.9:5201 cc=astraea pid=686963 child=692803
[sao-listener] single-flow mode: attached worker; stopping ss scans
[sao-listener flow 1] cport=23001 cc=astraea worker active
[worker cport=23603 agent=3] loaded checkpoint step=51200
[worker alg=ma_dreamer reward=tempest_fairness_ma_symetric cport=23603 agent=3 group=slot6_ep26 flow=1] started interval=20ms det=1 latent=8x8
[orch] link change t=15.0s bw=54 delay=86
[orch] link change t=30.0s bw=91 delay=70
[sao-listener] new flow 1 10.0.0.3:23202->10.0.0.10:5203 cc=astraea pid=688870 child=693356
[sao-listener] single-flow mode: attached worker; stopping ss scans
[sao-listener flow 1] cport=23202 cc=astraea worker active
[worker cport=23001 agent=1] loaded checkpoint step=51200
[worker alg=ma_dreamer reward=tempest_fairness_ma_symetric cport=23001 agent=1 group=slot0_ep29 flow=1] started interval=20ms det=1 latent=8x8
[sao-listener] new flow 1 10.0.0.4:23803->10.0.0.11:5209 cc=astraea pid=686985 child=694050
[sao-listener] single-flow mode: attached worker; stopping ss scans
[sao-listener flow 1] cport=23803 cc=astraea worker active
[sao-listener] new flow 1 10.0.0.5:23804->10.0.0.12:5209 cc=astraea pid=693851 child=694230
[sao-listener] single-flow mode: attached worker; stopping ss scans
[sao-listener flow 1] cport=23804 cc=astraea worker active
[sao-listener] new flow 1 10.0.0.5:23904->10.0.0.12:5210 cc=astraea pid=691384 child=694366
[sao-listener] single-flow mode: attached worker; stopping ss scans
[sao-listener flow 1] cport=23904 cc=astraea worker active
[worker cport=23202 agent=2] loaded checkpoint step=51200
[worker alg=ma_dreamer reward=tempest_fairness_ma_symetric cport=23202 agent=2 group=slot2_ep28 flow=1] started interval=20ms det=1 latent=8x8
[worker cport=23803 agent=3] loaded checkpoint step=51200
[worker alg=ma_dreamer reward=tempest_fairness_ma_symetric cport=23803 agent=3 group=slot8_ep25 flow=1] started interval=20ms det=1 latent=8x8
[orch] link change t=30.0s bw=86 delay=79
[worker cport=23804 agent=4] loaded checkpoint step=51200
[worker alg=ma_dreamer reward=tempest_fairness_ma_symetric cport=23804 agent=4 group=slot8_ep25 flow=1] started interval=20ms det=1 latent=8x8
[worker cport=23904 agent=4] loaded checkpoint step=51200
[worker alg=ma_dreamer reward=tempest_fairness_ma_symetric cport=23904 agent=4 group=slot9_ep22 flow=1] started interval=20ms det=1 latent=8x8
[sao-listener] new flow 1 10.0.0.4:23703->10.0.0.11:5208 cc=astraea pid=692290 child=695588
[sao-listener] single-flow mode: attached worker; stopping ss scans
[sao-listener flow 1] cport=23703 cc=astraea worker active
[sao-listener] new flow 1 10.0.0.5:23504->10.0.0.12:5206 cc=astraea pid=691790 child=695805
[sao-listener] single-flow mode: attached worker; stopping ss scans
[sao-listener flow 1] cport=23504 cc=astraea worker active
[orch] link change t=15.0s bw=88 delay=13
[sao-listener] new flow 1 10.0.0.2:23101->10.0.0.9:5202 cc=astraea pid=690208 child=696380
[sao-listener] single-flow mode: attached worker; stopping ss scans
[sao-listener flow 1] cport=23101 cc=astraea worker active
[worker cport=23703 agent=3] loaded checkpoint step=51200
[worker alg=ma_dreamer reward=tempest_fairness_ma_symetric cport=23703 agent=3 group=slot7_ep27 flow=1] started interval=20ms det=1 latent=8x8
[worker cport=23504 agent=4] loaded checkpoint step=51200
[worker alg=ma_dreamer reward=tempest_fairness_ma_symetric cport=23504 agent=4 group=slot5_ep23 flow=1] started interval=20ms det=1 latent=8x8
[sao-listener] new flow 1 10.0.0.5:23404->10.0.0.12:5205 cc=astraea pid=690656 child=696954
[sao-listener] single-flow mode: attached worker; stopping ss scans
[sao-listener flow 1] cport=23404 cc=astraea worker active
[worker cport=23101 agent=1] loaded checkpoint step=51200
[worker alg=ma_dreamer reward=tempest_fairness_ma_symetric cport=23101 agent=1 group=slot1_ep30 flow=1] started interval=20ms det=1 latent=8x8
[sao-listener] new flow 1 10.0.0.5:23604->10.0.0.12:5207 cc=astraea pid=695889 child=697510
[sao-listener] single-flow mode: attached worker; stopping ss scans
[sao-listener flow 1] cport=23604 cc=astraea worker active
[sao-listener] new flow 1 10.0.0.6:23405->10.0.0.13:5205 cc=astraea pid=697311 child=697809
[sao-listener] single-flow mode: attached worker; stopping ss scans
[sao-listener flow 1] cport=23405 cc=astraea worker active
[worker cport=23404 agent=4] loaded checkpoint step=51200
[worker alg=ma_dreamer reward=tempest_fairness_ma_symetric cport=23404 agent=4 group=slot4_ep21 flow=1] started interval=20ms det=1 latent=8x8
[orch] link change t=30.0s bw=46 delay=35
[sao-listener] new flow 1 10.0.0.5:23304->10.0.0.12:5204 cc=astraea pid=692778 child=698211
[sao-listener] single-flow mode: attached worker; stopping ss scans
[sao-listener flow 1] cport=23304 cc=astraea worker active
[worker cport=23604 agent=4] loaded checkpoint step=51200
[worker alg=ma_dreamer reward=tempest_fairness_ma_symetric cport=23604 agent=4 group=slot6_ep26 flow=1] started interval=20ms det=1 latent=8x8
[worker cport=23405 agent=5] loaded checkpoint step=51200
[worker alg=ma_dreamer reward=tempest_fairness_ma_symetric cport=23405 agent=5 group=slot4_ep21 flow=1] started interval=20ms det=1 latent=8x8
[worker cport=23304 agent=4] loaded checkpoint step=51200
[worker alg=ma_dreamer reward=tempest_fairness_ma_symetric cport=23304 agent=4 group=slot3_ep24 flow=1] started interval=20ms det=1 latent=8x8
[sao-listener] new flow 1 10.0.0.3:23002->10.0.0.10:5201 cc=astraea pid=693775 child=699193
[sao-listener] single-flow mode: attached worker; stopping ss scans
[sao-listener flow 1] cport=23002 cc=astraea worker active
[sao-listener] new flow 1 10.0.0.4:23203->10.0.0.11:5203 cc=astraea pid=695709 child=699268
[sao-listener] single-flow mode: attached worker; stopping ss scans
[sao-listener flow 1] cport=23203 cc=astraea worker active
[sao-listener] new flow 1 10.0.0.6:23905->10.0.0.13:5210 cc=astraea pid=697930 child=699599
[sao-listener] single-flow mode: attached worker; stopping ss scans
[sao-listener flow 1] cport=23905 cc=astraea worker active
[worker cport=23002 agent=2] loaded checkpoint step=51200
[worker alg=ma_dreamer reward=tempest_fairness_ma_symetric cport=23002 agent=2 group=slot0_ep29 flow=1] started interval=20ms det=1 latent=8x8
[worker cport=23203 agent=3] loaded checkpoint step=51200
[worker alg=ma_dreamer reward=tempest_fairness_ma_symetric cport=23203 agent=3 group=slot2_ep28 flow=1] started interval=20ms det=1 latent=8x8
[worker cport=23905 agent=5] loaded checkpoint step=51200
[worker alg=ma_dreamer reward=tempest_fairness_ma_symetric cport=23905 agent=5 group=slot9_ep22 flow=1] started interval=20ms det=1 latent=8x8
[orch] link change t=30.0s bw=32 delay=38
[sao-listener] new flow 1 10.0.0.5:23704->10.0.0.12:5208 cc=astraea pid=698709 child=701150
[sao-listener] single-flow mode: attached worker; stopping ss scans
[sao-listener flow 1] cport=23704 cc=astraea worker active
[sao-listener] new flow 1 10.0.0.3:23102->10.0.0.10:5202 cc=astraea pid=696908 child=701422
[sao-listener] single-flow mode: attached worker; stopping ss scans
[sao-listener flow 1] cport=23102 cc=astraea worker active
[sao-listener] new flow 1 10.0.0.6:23505->10.0.0.13:5206 cc=astraea pid=698297 child=701539
[sao-listener] single-flow mode: attached worker; stopping ss scans
[sao-listener flow 1] cport=23505 cc=astraea worker active
[worker cport=23704 agent=4] loaded checkpoint step=51200
[worker alg=ma_dreamer reward=tempest_fairness_ma_symetric cport=23704 agent=4 group=slot7_ep27 flow=1] started interval=20ms det=1 latent=8x8
[worker cport=23102 agent=2] loaded checkpoint step=51200
[worker alg=ma_dreamer reward=tempest_fairness_ma_symetric cport=23102 agent=2 group=slot1_ep30 flow=1] started interval=20ms det=1 latent=8x8
[orch] link change t=45.0s bw=71 delay=37
[sao-listener] new flow 1 10.0.0.6:23305->10.0.0.13:5204 cc=astraea pid=699140 child=702203
[sao-listener] single-flow mode: attached worker; stopping ss scans
[sao-listener flow 1] cport=23305 cc=astraea worker active
[worker cport=23505 agent=5] loaded checkpoint step=51200
[worker alg=ma_dreamer reward=tempest_fairness_ma_symetric cport=23505 agent=5 group=slot5_ep23 flow=1] started interval=20ms det=1 latent=8x8
[sao-listener] new flow 1 10.0.0.6:23605->10.0.0.13:5207 cc=astraea pid=701365 child=702440
[sao-listener] single-flow mode: attached worker; stopping ss scans
[sao-listener flow 1] cport=23605 cc=astraea worker active
[orch] link change t=45.0s bw=99 delay=25
[worker cport=23305 agent=5] loaded checkpoint step=51200
[worker alg=ma_dreamer reward=tempest_fairness_ma_symetric cport=23305 agent=5 group=slot3_ep24 flow=1] started interval=20ms det=1 latent=8x8
[orch] link change t=45.0s bw=58 delay=77
[worker cport=23605 agent=5] loaded checkpoint step=51200
[worker alg=ma_dreamer reward=tempest_fairness_ma_symetric cport=23605 agent=5 group=slot6_ep26 flow=1] started interval=20ms det=1 latent=8x8
[sao-listener] new flow 1 10.0.0.4:23003->10.0.0.11:5201 cc=astraea pid=699948 child=703063
[sao-listener] single-flow mode: attached worker; stopping ss scans
[sao-listener flow 1] cport=23003 cc=astraea worker active
[sao-listener] new flow 1 10.0.0.5:23204->10.0.0.12:5203 cc=astraea pid=701266 child=703313
[sao-listener] single-flow mode: attached worker; stopping ss scans
[sao-listener flow 1] cport=23204 cc=astraea worker active
[orch] link change t=45.0s bw=31 delay=95
[worker cport=23003 agent=3] loaded checkpoint step=51200
[worker alg=ma_dreamer reward=tempest_fairness_ma_symetric cport=23003 agent=3 group=slot0_ep29 flow=1] started interval=20ms det=1 latent=8x8
[sao-listener] new flow 1 10.0.0.7:23906->10.0.0.14:5210 cc=astraea pid=702996 child=703711
[sao-listener] single-flow mode: attached worker; stopping ss scans
[sao-listener flow 1] cport=23906 cc=astraea worker active
[sao-listener] new flow 1 10.0.0.6:23805->10.0.0.13:5209 cc=astraea pid=700012 child=703805
[sao-listener] single-flow mode: attached worker; stopping ss scans
[sao-listener flow 1] cport=23805 cc=astraea worker active
[worker cport=23204 agent=4] loaded checkpoint step=51200
[worker alg=ma_dreamer reward=tempest_fairness_ma_symetric cport=23204 agent=4 group=slot2_ep28 flow=1] started interval=20ms det=1 latent=8x8
[orch] link change t=30.0s bw=87 delay=46
[orch] link change t=45.0s bw=15 delay=42
[worker cport=23906 agent=6] loaded checkpoint step=51200
[worker alg=ma_dreamer reward=tempest_fairness_ma_symetric cport=23906 agent=6 group=slot9_ep22 flow=1] started interval=20ms det=1 latent=8x8
[worker cport=23805 agent=5] loaded checkpoint step=51200
[worker alg=ma_dreamer reward=tempest_fairness_ma_symetric cport=23805 agent=5 group=slot8_ep25 flow=1] started interval=20ms det=1 latent=8x8
[sao-listener] new flow 1 10.0.0.6:23705->10.0.0.13:5208 cc=astraea pid=703512 child=704557
[sao-listener] single-flow mode: attached worker; stopping ss scans
[sao-listener flow 1] cport=23705 cc=astraea worker active
[sao-listener] new flow 1 10.0.0.7:23506->10.0.0.14:5206 cc=astraea pid=703254 child=704715
[sao-listener] single-flow mode: attached worker; stopping ss scans
[sao-listener flow 1] cport=23506 cc=astraea worker active
[worker cport=23705 agent=5] loaded checkpoint step=51200
[worker alg=ma_dreamer reward=tempest_fairness_ma_symetric cport=23705 agent=5 group=slot7_ep27 flow=1] started interval=20ms det=1 latent=8x8
[sao-listener] new flow 1 10.0.0.4:23103->10.0.0.11:5202 cc=astraea pid=702284 child=705090
[sao-listener] single-flow mode: attached worker; stopping ss scans
[sao-listener flow 1] cport=23103 cc=astraea worker active
[worker cport=23506 agent=6] loaded checkpoint step=51200
[worker alg=ma_dreamer reward=tempest_fairness_ma_symetric cport=23506 agent=6 group=slot5_ep23 flow=1] started interval=20ms det=1 latent=8x8
[orch] link change t=45.0s bw=17 delay=26
[worker cport=23103 agent=3] loaded checkpoint step=51200
[worker alg=ma_dreamer reward=tempest_fairness_ma_symetric cport=23103 agent=3 group=slot1_ep30 flow=1] started interval=20ms det=1 latent=8x8
[sao-listener] new flow 1 10.0.0.7:23406->10.0.0.14:5205 cc=astraea pid=702543 child=705530
[sao-listener] single-flow mode: attached worker; stopping ss scans
[sao-listener] new flow 1 10.0.0.7:23306->10.0.0.14:5204 cc=astraea pid=703935 child=705531
[sao-listener flow 1] cport=23406 cc=astraea worker active
[sao-listener] single-flow mode: attached worker; stopping ss scans
[sao-listener flow 1] cport=23306 cc=astraea worker active
[orch] link change t=30.0s bw=89 delay=93
[worker cport=23306 agent=6] loaded checkpoint step=51200
[worker alg=ma_dreamer reward=tempest_fairness_ma_symetric cport=23306 agent=6 group=slot3_ep24 flow=1] started interval=20ms det=1 latent=8x8
[worker cport=23406 agent=6] loaded checkpoint step=51200
[worker alg=ma_dreamer reward=tempest_fairness_ma_symetric cport=23406 agent=6 group=slot4_ep21 flow=1] started interval=20ms det=1 latent=8x8
[sao-listener] new flow 1 10.0.0.5:23004->10.0.0.12:5201 cc=astraea pid=704443 child=706137
[sao-listener] single-flow mode: attached worker; stopping ss scans
[sao-listener flow 1] cport=23004 cc=astraea worker active
[sao-listener] new flow 1 10.0.0.6:23205->10.0.0.13:5203 cc=astraea pid=705376 child=706225
[sao-listener] single-flow mode: attached worker; stopping ss scans
[sao-listener flow 1] cport=23205 cc=astraea worker active
[sao-listener] new flow 1 10.0.0.7:23806->10.0.0.14:5209 cc=astraea pid=704456 child=706392
[sao-listener] single-flow mode: attached worker; stopping ss scans
[sao-listener flow 1] cport=23806 cc=astraea worker active
[worker cport=23004 agent=4] loaded checkpoint step=51200
[worker alg=ma_dreamer reward=tempest_fairness_ma_symetric cport=23004 agent=4 group=slot0_ep29 flow=1] started interval=20ms det=1 latent=8x8
[worker cport=23205 agent=5] loaded checkpoint step=51200
[worker alg=ma_dreamer reward=tempest_fairness_ma_symetric cport=23205 agent=5 group=slot2_ep28 flow=1] started interval=20ms det=1 latent=8x8
[orch] link change t=45.0s bw=19 delay=18
[worker cport=23806 agent=6] loaded checkpoint step=51200
[worker alg=ma_dreamer reward=tempest_fairness_ma_symetric cport=23806 agent=6 group=slot8_ep25 flow=1] started interval=20ms det=1 latent=8x8
[sao-listener] new flow 1 10.0.0.7:23706->10.0.0.14:5208 cc=astraea pid=706781 child=706889
[sao-listener] single-flow mode: attached worker; stopping ss scans
[sao-listener flow 1] cport=23706 cc=astraea worker active
[worker cport=23706 agent=6] loaded checkpoint step=51200
[worker alg=ma_dreamer reward=tempest_fairness_ma_symetric cport=23706 agent=6 group=slot7_ep27 flow=1] started interval=20ms det=1 latent=8x8
[sao-listener] new flow 1 10.0.0.5:23104->10.0.0.12:5202 cc=astraea pid=706018 child=707210
[sao-listener] single-flow mode: attached worker; stopping ss scans
[sao-listener flow 1] cport=23104 cc=astraea worker active
[worker cport=23104 agent=4] loaded checkpoint step=51200
[worker alg=ma_dreamer reward=tempest_fairness_ma_symetric cport=23104 agent=4 group=slot1_ep30 flow=1] started interval=20ms det=1 latent=8x8
[orch] link change t=45.0s bw=26 delay=91
[sao-listener] new flow 1 10.0.0.7:23606->10.0.0.14:5207 cc=astraea pid=705441 child=707514
[sao-listener] single-flow mode: attached worker; stopping ss scans
[sao-listener flow 1] cport=23606 cc=astraea worker active
[sao-listener] new flow 1 10.0.0.6:23005->10.0.0.13:5201 cc=astraea pid=707172 child=707654
[sao-listener] single-flow mode: attached worker; stopping ss scans
[sao-listener flow 1] cport=23005 cc=astraea worker active
[worker cport=23606 agent=6] loaded checkpoint step=51200
[worker alg=ma_dreamer reward=tempest_fairness_ma_symetric cport=23606 agent=6 group=slot6_ep26 flow=1] started interval=20ms det=1 latent=8x8
[orch] link change t=60.0s bw=70 delay=75
[worker cport=23005 agent=5] loaded checkpoint step=51200
[worker alg=ma_dreamer reward=tempest_fairness_ma_symetric cport=23005 agent=5 group=slot0_ep29 flow=1] started interval=20ms det=1 latent=8x8
[sao-listener] new flow 1 10.0.0.7:23206->10.0.0.14:5203 cc=astraea pid=707613 child=707895
[sao-listener] single-flow mode: attached worker; stopping ss scans
[sao-listener flow 1] cport=23206 cc=astraea worker active
[orch] link change t=60.0s bw=93 delay=54
[worker cport=23206 agent=6] loaded checkpoint step=51200
[worker alg=ma_dreamer reward=tempest_fairness_ma_symetric cport=23206 agent=6 group=slot2_ep28 flow=1] started interval=20ms det=1 latent=8x8
[orch] link change t=60.0s bw=55 delay=26
[orch] link change t=60.0s bw=97 delay=21
[sao-listener] new flow 1 10.0.0.6:23105->10.0.0.13:5202 cc=astraea pid=707951 child=708184
[sao-listener] single-flow mode: attached worker; stopping ss scans
[sao-listener flow 1] cport=23105 cc=astraea worker active
[orch] link change t=45.0s bw=21 delay=75
[orch] link change t=60.0s bw=14 delay=49
[worker cport=23105 agent=5] loaded checkpoint step=51200
[worker alg=ma_dreamer reward=tempest_fairness_ma_symetric cport=23105 agent=5 group=slot1_ep30 flow=1] started interval=20ms det=1 latent=8x8
[orch] link change t=60.0s bw=71 delay=15
[sao-listener] new flow 1 10.0.0.7:23006->10.0.0.14:5201 cc=astraea pid=708359 child=708445
[sao-listener] single-flow mode: attached worker; stopping ss scans
[sao-listener flow 1] cport=23006 cc=astraea worker active
[worker cport=23006 agent=6] loaded checkpoint step=51200
[worker alg=ma_dreamer reward=tempest_fairness_ma_symetric cport=23006 agent=6 group=slot0_ep29 flow=1] started interval=20ms det=1 latent=8x8
[orch] link change t=45.0s bw=36 delay=42
[sao-listener] new flow 1 10.0.0.7:23106->10.0.0.14:5202 cc=astraea pid=708592 child=708626
[sao-listener] single-flow mode: attached worker; stopping ss scans
[sao-listener flow 1] cport=23106 cc=astraea worker active
[orch] link change t=60.0s bw=42 delay=79
[worker cport=23106 agent=6] loaded checkpoint step=51200
[worker alg=ma_dreamer reward=tempest_fairness_ma_symetric cport=23106 agent=6 group=slot1_ep30 flow=1] started interval=20ms det=1 latent=8x8
[orch] link change t=60.0s bw=69 delay=63
[orch] link change t=75.0s bw=33 delay=74
[orch] link change t=75.0s bw=20 delay=39
[orch] link change t=75.0s bw=34 delay=44
[orch] link change t=75.0s bw=100 delay=29
[orch] link change t=60.0s bw=54 delay=60
[orch] link change t=75.0s bw=82 delay=64
[orch] link change t=75.0s bw=97 delay=89
[orch] link change t=60.0s bw=16 delay=60
[orch] link change t=75.0s bw=52 delay=42
[orch] link change t=75.0s bw=36 delay=37
[orch] link change t=90.0s bw=77 delay=40
[orch] link change t=90.0s bw=44 delay=16
[orch] link change t=90.0s bw=66 delay=11
[orch] link change t=90.0s bw=100 delay=46
[orch] link change t=75.0s bw=63 delay=12
[orch] link change t=90.0s bw=22 delay=85
[orch] link change t=90.0s bw=74 delay=31
[orch] link change t=75.0s bw=58 delay=92
[orch] link change t=90.0s bw=57 delay=61
[orch] link change t=90.0s bw=28 delay=60
[orch] link change t=105.0s bw=10 delay=11
[orch] link change t=105.0s bw=50 delay=86
[orch] link change t=105.0s bw=38 delay=89
[orch] link change t=105.0s bw=11 delay=66
[orch] link change t=90.0s bw=14 delay=23
[orch] link change t=105.0s bw=25 delay=83
[orch] link change t=105.0s bw=91 delay=64
[orch] link change t=90.0s bw=27 delay=20
[orch] link change t=105.0s bw=33 delay=41
[orch] link change t=105.0s bw=30 delay=26
[orch] link change t=120.0s bw=57 delay=84
[orch] link change t=120.0s bw=32 delay=80
[orch] link change t=120.0s bw=68 delay=13
[orch] link change t=120.0s bw=69 delay=91
[orch] link change t=105.0s bw=66 delay=93
[orch] link change t=120.0s bw=97 delay=35
[orch] link change t=120.0s bw=41 delay=62
[orch] link change t=105.0s bw=69 delay=10
[orch] link change t=120.0s bw=40 delay=72
[orch] link change t=120.0s bw=87 delay=34
[orch] link change t=135.0s bw=64 delay=18
[orch] link change t=135.0s bw=97 delay=65
[orch] link change t=135.0s bw=23 delay=20
[orch] link change t=135.0s bw=24 delay=13
[orch] link change t=120.0s bw=38 delay=54
[orch] link change t=135.0s bw=75 delay=89
[orch] link change t=135.0s bw=35 delay=98
[orch] link change t=120.0s bw=76 delay=41
[orch] link change t=135.0s bw=19 delay=91
[orch] link change t=135.0s bw=35 delay=13
[orch] link change t=150.0s bw=28 delay=39
[orch] link change t=150.0s bw=100 delay=16
[orch] link change t=150.0s bw=100 delay=73
[orch] link change t=150.0s bw=76 delay=31
[orch] link change t=135.0s bw=20 delay=73
[orch] link change t=150.0s bw=50 delay=33
[orch] link change t=150.0s bw=13 delay=95
[orch] link change t=135.0s bw=13 delay=19
[orch] link change t=150.0s bw=83 delay=93
[orch] link change t=150.0s bw=62 delay=40
[orch] link change t=165.0s bw=39 delay=98
[orch] link change t=165.0s bw=83 delay=12
[orch] link change t=165.0s bw=63 delay=12
[orch] link change t=165.0s bw=72 delay=66
[orch] link change t=150.0s bw=52 delay=87
[orch] link change t=165.0s bw=80 delay=55
[orch] link change t=165.0s bw=38 delay=28
[orch] link change t=150.0s bw=30 delay=86
[orch] link change t=165.0s bw=20 delay=88
[orch] link change t=165.0s bw=18 delay=22
[orch] link change t=180.0s bw=15 delay=65
[orch] link change t=180.0s bw=85 delay=43
[orch] link change t=180.0s bw=75 delay=90
[orch] link change t=180.0s bw=97 delay=48
[orch] link change t=165.0s bw=79 delay=63
[orch] link change t=180.0s bw=75 delay=70
[orch] link change t=180.0s bw=26 delay=37
[orch] link change t=165.0s bw=77 delay=61
[orch] link change t=180.0s bw=64 delay=63
[orch] link change t=180.0s bw=63 delay=50
[orch] link change t=195.0s bw=62 delay=88
[orch] link change t=195.0s bw=49 delay=63
[orch] link change t=195.0s bw=65 delay=55
[orch] link change t=195.0s bw=73 delay=20
[orch] link change t=180.0s bw=35 delay=67
[orch] link change t=195.0s bw=77 delay=23
[orch] link change t=195.0s bw=86 delay=71
[orch] link change t=180.0s bw=93 delay=54
[orch] link change t=195.0s bw=16 delay=94
[orch] link change t=195.0s bw=99 delay=26
[orch] link change t=210.0s bw=66 delay=14
[orch] link change t=210.0s bw=34 delay=33
[orch] link change t=210.0s bw=17 delay=36
[orch] link change t=210.0s bw=97 delay=42
[orch] link change t=195.0s bw=31 delay=38
[orch] link change t=210.0s bw=91 delay=96
[orch] link change t=210.0s bw=59 delay=56
[orch] link change t=195.0s bw=78 delay=18
[orch] link change t=210.0s bw=66 delay=54
[orch] link change t=210.0s bw=32 delay=74
[orch] link change t=225.0s bw=52 delay=79
[orch] link change t=225.0s bw=24 delay=84
[orch] link change t=225.0s bw=14 delay=85
[orch] link change t=225.0s bw=88 delay=30
[orch] link change t=210.0s bw=65 delay=62
[orch] link change t=225.0s bw=22 delay=86
[orch] link change t=225.0s bw=41 delay=84
[orch] link change t=210.0s bw=61 delay=13
[orch] link change t=225.0s bw=11 delay=92
[orch] link change t=225.0s bw=76 delay=98
[orch] link change t=240.0s bw=73 delay=98
[orch] link change t=240.0s bw=77 delay=82
[orch] link change t=240.0s bw=57 delay=94
[orch] link change t=240.0s bw=97 delay=51
[orch] link change t=225.0s bw=96 delay=97
[orch] link change t=240.0s bw=84 delay=55
[orch] link change t=240.0s bw=13 delay=13
[orch] link change t=225.0s bw=41 delay=82
[orch] link change t=240.0s bw=71 delay=42
[orch] link change t=240.0s bw=94 delay=44
[orch] link change t=255.0s bw=24 delay=93
[orch] link change t=255.0s bw=17 delay=99
[orch] link change t=255.0s bw=32 delay=89
[orch] link change t=255.0s bw=49 delay=19
[orch] link change t=240.0s bw=82 delay=77
[orch] link change t=255.0s bw=63 delay=55
[orch] link change t=255.0s bw=47 delay=79
[orch] link change t=240.0s bw=96 delay=45
[orch] link change t=255.0s bw=27 delay=88
[orch] link change t=255.0s bw=88 delay=39
[orch] link change t=270.0s bw=57 delay=12
[orch] link change t=270.0s bw=51 delay=88
[orch] link change t=270.0s bw=37 delay=56
[orch] link change t=270.0s bw=79 delay=93
[orch] link change t=255.0s bw=35 delay=79
[orch] link change t=270.0s bw=34 delay=96
[orch] link change t=270.0s bw=78 delay=25
[orch] link change t=255.0s bw=64 delay=82
[orch] link change t=270.0s bw=53 delay=88
[orch] link change t=270.0s bw=96 delay=67
[orch] link change t=285.0s bw=29 delay=21
[orch] link change t=285.0s bw=52 delay=43
[orch] link change t=285.0s bw=82 delay=57
[orch] link change t=285.0s bw=56 delay=94
[orch] link change t=270.0s bw=96 delay=64
[orch] link change t=285.0s bw=30 delay=89
[orch] link change t=285.0s bw=75 delay=15
[orch] link change t=270.0s bw=22 delay=96
[orch] link change t=285.0s bw=93 delay=39
[orch] link change t=285.0s bw=26 delay=35
[orch] link change t=300.0s bw=25 delay=12
[orch] link change t=300.0s bw=33 delay=60
[orch] link change t=300.0s bw=83 delay=46
[orch] link change t=300.0s bw=14 delay=37
[orch] link change t=285.0s bw=48 delay=45
[orch] link change t=300.0s bw=68 delay=19
[orch] link change t=300.0s bw=92 delay=10
[orch] link change t=285.0s bw=45 delay=91
[orch] link change t=300.0s bw=100 delay=77
[orch] link change t=300.0s bw=11 delay=46
[orch] link change t=315.0s bw=68 delay=30
[orch] link change t=315.0s bw=49 delay=93
[orch] link change t=315.0s bw=94 delay=50
[orch] link change t=315.0s bw=50 delay=53
[orch] link change t=300.0s bw=75 delay=38
[orch] link change t=315.0s bw=19 delay=61
[orch] link change t=315.0s bw=69 delay=86
[orch] link change t=300.0s bw=81 delay=24
[orch] link change t=315.0s bw=28 delay=22
[orch] link change t=315.0s bw=91 delay=96
[orch] link change t=330.0s bw=80 delay=53
[orch] link change t=330.0s bw=75 delay=28
[orch] link change t=330.0s bw=83 delay=20
[orch] link change t=330.0s bw=18 delay=49
[orch] link change t=315.0s bw=62 delay=70
[orch] link change t=330.0s bw=82 delay=18
[orch] link change t=330.0s bw=94 delay=81
[orch] link change t=315.0s bw=88 delay=73
[orch] link change t=330.0s bw=60 delay=48
[orch] link change t=330.0s bw=43 delay=20
[orch] link change t=330.0s bw=76 delay=28
[orch] link change t=330.0s bw=49 delay=26
[multi_ep_plot] saved -> /its/home/mm2350/extra/Olympusv2/benchmarks/benchmark_responsive_fairness/data/ma_dreamer_symmetrical/7_flows/run21/ep000021_bw31_d63_n7.pdf  return=1430825.8
[ep_plot] ep=21 -> /its/home/mm2350/extra/Olympusv2/benchmarks/benchmark_responsive_fairness/data/ma_dreamer_symmetrical/7_flows/run21/ep000021_bw31_d63_n7.pdf  return=1430825.765625
[orch] ep=21 sum-of-agents return=1430825.8
[responsive_fairness] slot=4 ma_dreamer_symmetrical flows=7 run=31
[responsive_fairness] ma_dreamer_symmetrical flows=7 run=21 done (171/200)
[slot=4] ep=31  flows=7  bw=11Mbps  delay=70ms  duration=345s  delays=[0.0, 7.5, 15.0, 22.5, 30.0, 37.5, 45.0]  lifetimes=[345.0, 337.5, 330.0, 322.5, 315.0, 307.5, 300.0]
[multi_ep_plot] saved -> /its/home/mm2350/extra/Olympusv2/benchmarks/benchmark_responsive_fairness/data/ma_dreamer_symmetrical/7_flows/run22/ep000022_bw27_d41_n7.pdf  return=1650627.6
[ep_plot] ep=22 -> /its/home/mm2350/extra/Olympusv2/benchmarks/benchmark_responsive_fairness/data/ma_dreamer_symmetrical/7_flows/run22/ep000022_bw27_d41_n7.pdf  return=1650627.640625
[orch] ep=22 sum-of-agents return=1650627.6
[responsive_fairness] slot=9 ma_dreamer_symmetrical flows=7 run=32
[responsive_fairness] ma_dreamer_symmetrical flows=7 run=22 done (172/200)
[slot=9] ep=32  flows=7  bw=19Mbps  delay=37ms  duration=345s  delays=[0.0, 7.5, 15.0, 22.5, 30.0, 37.5, 45.0]  lifetimes=[345.0, 337.5, 330.0, 322.5, 315.0, 307.5, 300.0]
[sao-listener] cport=23400 worker=/its/home/mm2350/extra/Olympusv2/olympus/algorithms/ma_dreamer/worker.py scan=20ms target_cc=astraea single_flow=1 no_state_pipe=1
[sao-listener] cport=23401 worker=/its/home/mm2350/extra/Olympusv2/olympus/algorithms/ma_dreamer/worker.py scan=20ms target_cc=astraea single_flow=1 no_state_pipe=1
[sao-listener] cport=23402 worker=/its/home/mm2350/extra/Olympusv2/olympus/algorithms/ma_dreamer/worker.py scan=20ms target_cc=astraea single_flow=1 no_state_pipe=1
[sao-listener] cport=23403 worker=/its/home/mm2350/extra/Olympusv2/olympus/algorithms/ma_dreamer/worker.py scan=20ms target_cc=astraea single_flow=1 no_state_pipe=1
[sao-listener] cport=23404 worker=/its/home/mm2350/extra/Olympusv2/olympus/algorithms/ma_dreamer/worker.py scan=20ms target_cc=astraea single_flow=1 no_state_pipe=1
[sao-listener] cport=23405 worker=/its/home/mm2350/extra/Olympusv2/olympus/algorithms/ma_dreamer/worker.py scan=20ms target_cc=astraea single_flow=1 no_state_pipe=1
[sao-listener] cport=23406 worker=/its/home/mm2350/extra/Olympusv2/olympus/algorithms/ma_dreamer/worker.py scan=20ms target_cc=astraea single_flow=1 no_state_pipe=1
[multi_ep_plot] saved -> /its/home/mm2350/extra/Olympusv2/benchmarks/benchmark_responsive_fairness/data/ma_dreamer_symmetrical/7_flows/run23/ep000023_bw47_d20_n7.pdf  return=1501452.1
[ep_plot] ep=23 -> /its/home/mm2350/extra/Olympusv2/benchmarks/benchmark_responsive_fairness/data/ma_dreamer_symmetrical/7_flows/run23/ep000023_bw47_d20_n7.pdf  return=1501452.0625
[orch] ep=23 sum-of-agents return=1501452.1
[responsive_fairness] slot=5 ma_dreamer_symmetrical flows=7 run=33
[responsive_fairness] ma_dreamer_symmetrical flows=7 run=23 done (173/200)
[slot=5] ep=33  flows=7  bw=83Mbps  delay=31ms  duration=345s  delays=[0.0, 7.5, 15.0, 22.5, 30.0, 37.5, 45.0]  lifetimes=[345.0, 337.5, 330.0, 322.5, 315.0, 307.5, 300.0]
[sao-listener] cport=23900 worker=/its/home/mm2350/extra/Olympusv2/olympus/algorithms/ma_dreamer/worker.py scan=20ms target_cc=astraea single_flow=1 no_state_pipe=1
[sao-listener] cport=23901 worker=/its/home/mm2350/extra/Olympusv2/olympus/algorithms/ma_dreamer/worker.py scan=20ms target_cc=astraea single_flow=1 no_state_pipe=1
[sao-listener] cport=23902 worker=/its/home/mm2350/extra/Olympusv2/olympus/algorithms/ma_dreamer/worker.py scan=20ms target_cc=astraea single_flow=1 no_state_pipe=1
[sao-listener] cport=23903 worker=/its/home/mm2350/extra/Olympusv2/olympus/algorithms/ma_dreamer/worker.py scan=20ms target_cc=astraea single_flow=1 no_state_pipe=1
[sao-listener] cport=23904 worker=/its/home/mm2350/extra/Olympusv2/olympus/algorithms/ma_dreamer/worker.py scan=20ms target_cc=astraea single_flow=1 no_state_pipe=1
[sao-listener] cport=23905 worker=/its/home/mm2350/extra/Olympusv2/olympus/algorithms/ma_dreamer/worker.py scan=20ms target_cc=astraea single_flow=1 no_state_pipe=1
[sao-listener] cport=23906 worker=/its/home/mm2350/extra/Olympusv2/olympus/algorithms/ma_dreamer/worker.py scan=20ms target_cc=astraea single_flow=1 no_state_pipe=1
[multi_ep_plot] saved -> /its/home/mm2350/extra/Olympusv2/benchmarks/benchmark_responsive_fairness/data/ma_dreamer_symmetrical/7_flows/run24/ep000024_bw59_d84_n7.pdf  return=1501777.8
[ep_plot] ep=24 -> /its/home/mm2350/extra/Olympusv2/benchmarks/benchmark_responsive_fairness/data/ma_dreamer_symmetrical/7_flows/run24/ep000024_bw59_d84_n7.pdf  return=1501777.796875
[orch] ep=24 sum-of-agents return=1501777.8
[responsive_fairness] slot=3 ma_dreamer_symmetrical flows=7 run=34
[responsive_fairness] ma_dreamer_symmetrical flows=7 run=24 done (174/200)
[slot=3] ep=34  flows=7  bw=77Mbps  delay=55ms  duration=345s  delays=[0.0, 7.5, 15.0, 22.5, 30.0, 37.5, 45.0]  lifetimes=[345.0, 337.5, 330.0, 322.5, 315.0, 307.5, 300.0]
[sao-listener] cport=23500 worker=/its/home/mm2350/extra/Olympusv2/olympus/algorithms/ma_dreamer/worker.py scan=20ms target_cc=astraea single_flow=1 no_state_pipe=1
[sao-listener] cport=23501 worker=/its/home/mm2350/extra/Olympusv2/olympus/algorithms/ma_dreamer/worker.py scan=20ms target_cc=astraea single_flow=1 no_state_pipe=1
[sao-listener] cport=23502 worker=/its/home/mm2350/extra/Olympusv2/olympus/algorithms/ma_dreamer/worker.py scan=20ms target_cc=astraea single_flow=1 no_state_pipe=1
[sao-listener] cport=23503 worker=/its/home/mm2350/extra/Olympusv2/olympus/algorithms/ma_dreamer/worker.py scan=20ms target_cc=astraea single_flow=1 no_state_pipe=1
[sao-listener] cport=23504 worker=/its/home/mm2350/extra/Olympusv2/olympus/algorithms/ma_dreamer/worker.py scan=20ms target_cc=astraea single_flow=1 no_state_pipe=1
[sao-listener] cport=23505 worker=/its/home/mm2350/extra/Olympusv2/olympus/algorithms/ma_dreamer/worker.py scan=20ms target_cc=astraea single_flow=1 no_state_pipe=1
[sao-listener] cport=23506 worker=/its/home/mm2350/extra/Olympusv2/olympus/algorithms/ma_dreamer/worker.py scan=20ms target_cc=astraea single_flow=1 no_state_pipe=1
[sao-listener] cport=23300 worker=/its/home/mm2350/extra/Olympusv2/olympus/algorithms/ma_dreamer/worker.py scan=20ms target_cc=astraea single_flow=1 no_state_pipe=1
[multi_ep_plot] saved -> /its/home/mm2350/extra/Olympusv2/benchmarks/benchmark_responsive_fairness/data/ma_dreamer_symmetrical/7_flows/run25/ep000025_bw58_d11_n7.pdf  return=1396736.1
[ep_plot] ep=25 -> /its/home/mm2350/extra/Olympusv2/benchmarks/benchmark_responsive_fairness/data/ma_dreamer_symmetrical/7_flows/run25/ep000025_bw58_d11_n7.pdf  return=1396736.078125
[orch] ep=25 sum-of-agents return=1396736.1
[sao-listener] cport=23301 worker=/its/home/mm2350/extra/Olympusv2/olympus/algorithms/ma_dreamer/worker.py scan=20ms target_cc=astraea single_flow=1 no_state_pipe=1
[sao-listener] cport=23302 worker=/its/home/mm2350/extra/Olympusv2/olympus/algorithms/ma_dreamer/worker.py scan=20ms target_cc=astraea single_flow=1 no_state_pipe=1
[responsive_fairness] slot=8 ma_dreamer_symmetrical flows=7 run=35
[responsive_fairness] ma_dreamer_symmetrical flows=7 run=25 done (175/200)
[sao-listener] cport=23303 worker=/its/home/mm2350/extra/Olympusv2/olympus/algorithms/ma_dreamer/worker.py scan=20ms target_cc=astraea single_flow=1 no_state_pipe=1
[sao-listener] cport=23304 worker=/its/home/mm2350/extra/Olympusv2/olympus/algorithms/ma_dreamer/worker.py scan=20ms target_cc=astraea single_flow=1 no_state_pipe=1
[slot=8] ep=35  flows=7  bw=80Mbps  delay=52ms  duration=345s  delays=[0.0, 7.5, 15.0, 22.5, 30.0, 37.5, 45.0]  lifetimes=[345.0, 337.5, 330.0, 322.5, 315.0, 307.5, 300.0]
[sao-listener] cport=23305 worker=/its/home/mm2350/extra/Olympusv2/olympus/algorithms/ma_dreamer/worker.py scan=20ms target_cc=astraea single_flow=1 no_state_pipe=1
[sao-listener] cport=23306 worker=/its/home/mm2350/extra/Olympusv2/olympus/algorithms/ma_dreamer/worker.py scan=20ms target_cc=astraea single_flow=1 no_state_pipe=1
[sao-listener] new flow 1 10.0.0.1:23400->10.0.0.8:5205 cc=astraea pid=712135 child=714645
[sao-listener] single-flow mode: attached worker; stopping ss scans
[sao-listener flow 1] cport=23400 cc=astraea worker active
[sao-listener] cport=23800 worker=/its/home/mm2350/extra/Olympusv2/olympus/algorithms/ma_dreamer/worker.py scan=20ms target_cc=astraea single_flow=1 no_state_pipe=1
[sao-listener] cport=23801 worker=/its/home/mm2350/extra/Olympusv2/olympus/algorithms/ma_dreamer/worker.py scan=20ms target_cc=astraea single_flow=1 no_state_pipe=1
[sao-listener] cport=23802 worker=/its/home/mm2350/extra/Olympusv2/olympus/algorithms/ma_dreamer/worker.py scan=20ms target_cc=astraea single_flow=1 no_state_pipe=1
[sao-listener] cport=23803 worker=/its/home/mm2350/extra/Olympusv2/olympus/algorithms/ma_dreamer/worker.py scan=20ms target_cc=astraea single_flow=1 no_state_pipe=1
[worker cport=23400 agent=0] loaded checkpoint step=51200
[worker alg=ma_dreamer reward=tempest_fairness_ma_symetric cport=23400 agent=0 group=slot4_ep31 flow=1] started interval=20ms det=1 latent=8x8
[sao-listener] cport=23804 worker=/its/home/mm2350/extra/Olympusv2/olympus/algorithms/ma_dreamer/worker.py scan=20ms target_cc=astraea single_flow=1 no_state_pipe=1
[sao-listener] cport=23805 worker=/its/home/mm2350/extra/Olympusv2/olympus/algorithms/ma_dreamer/worker.py scan=20ms target_cc=astraea single_flow=1 no_state_pipe=1
[sao-listener] cport=23806 worker=/its/home/mm2350/extra/Olympusv2/olympus/algorithms/ma_dreamer/worker.py scan=20ms target_cc=astraea single_flow=1 no_state_pipe=1
[sao-listener] new flow 1 10.0.0.1:23900->10.0.0.8:5210 cc=astraea pid=712764 child=716251
[sao-listener] single-flow mode: attached worker; stopping ss scans
[sao-listener flow 1] cport=23900 cc=astraea worker active
[multi_ep_plot] saved -> /its/home/mm2350/extra/Olympusv2/benchmarks/benchmark_responsive_fairness/data/ma_dreamer_symmetrical/7_flows/run26/ep000026_bw35_d94_n7.pdf  return=1515473.2
[ep_plot] ep=26 -> /its/home/mm2350/extra/Olympusv2/benchmarks/benchmark_responsive_fairness/data/ma_dreamer_symmetrical/7_flows/run26/ep000026_bw35_d94_n7.pdf  return=1515473.15625
[orch] ep=26 sum-of-agents return=1515473.2
[sao-listener] new flow 1 10.0.0.1:23500->10.0.0.8:5206 cc=astraea pid=713816 child=716972
[sao-listener] single-flow mode: attached worker; stopping ss scans
[sao-listener flow 1] cport=23500 cc=astraea worker active
[responsive_fairness] slot=6 ma_dreamer_symmetrical flows=7 run=36
[responsive_fairness] ma_dreamer_symmetrical flows=7 run=26 done (176/200)
[slot=6] ep=36  flows=7  bw=52Mbps  delay=17ms  duration=345s  delays=[0.0, 7.5, 15.0, 22.5, 30.0, 37.5, 45.0]  lifetimes=[345.0, 337.5, 330.0, 322.5, 315.0, 307.5, 300.0]
[worker cport=23900 agent=0] loaded checkpoint step=51200
[worker alg=ma_dreamer reward=tempest_fairness_ma_symetric cport=23900 agent=0 group=slot9_ep32 flow=1] started interval=20ms det=1 latent=8x8
[worker cport=23500 agent=0] loaded checkpoint step=51200
[worker alg=ma_dreamer reward=tempest_fairness_ma_symetric cport=23500 agent=0 group=slot5_ep33 flow=1] started interval=20ms det=1 latent=8x8
[sao-listener] cport=23600 worker=/its/home/mm2350/extra/Olympusv2/olympus/algorithms/ma_dreamer/worker.py scan=20ms target_cc=astraea single_flow=1 no_state_pipe=1
[sao-listener] cport=23601 worker=/its/home/mm2350/extra/Olympusv2/olympus/algorithms/ma_dreamer/worker.py scan=20ms target_cc=astraea single_flow=1 no_state_pipe=1
[sao-listener] cport=23602 worker=/its/home/mm2350/extra/Olympusv2/olympus/algorithms/ma_dreamer/worker.py scan=20ms target_cc=astraea single_flow=1 no_state_pipe=1
[sao-listener] cport=23603 worker=/its/home/mm2350/extra/Olympusv2/olympus/algorithms/ma_dreamer/worker.py scan=20ms target_cc=astraea single_flow=1 no_state_pipe=1
[sao-listener] cport=23604 worker=/its/home/mm2350/extra/Olympusv2/olympus/algorithms/ma_dreamer/worker.py scan=20ms target_cc=astraea single_flow=1 no_state_pipe=1
[sao-listener] cport=23605 worker=/its/home/mm2350/extra/Olympusv2/olympus/algorithms/ma_dreamer/worker.py scan=20ms target_cc=astraea single_flow=1 no_state_pipe=1
[sao-listener] cport=23606 worker=/its/home/mm2350/extra/Olympusv2/olympus/algorithms/ma_dreamer/worker.py scan=20ms target_cc=astraea single_flow=1 no_state_pipe=1
[sao-listener] new flow 1 10.0.0.1:23300->10.0.0.8:5204 cc=astraea pid=714884 child=719181
[sao-listener] single-flow mode: attached worker; stopping ss scans
[sao-listener flow 1] cport=23300 cc=astraea worker active
[worker cport=23300 agent=0] loaded checkpoint step=51200
[worker alg=ma_dreamer reward=tempest_fairness_ma_symetric cport=23300 agent=0 group=slot3_ep34 flow=1] started interval=20ms det=1 latent=8x8
[sao-listener] new flow 1 10.0.0.1:23800->10.0.0.8:5209 cc=astraea pid=716423 child=720785
[sao-listener] single-flow mode: attached worker; stopping ss scans
[sao-listener flow 1] cport=23800 cc=astraea worker active
[multi_ep_plot] saved -> /its/home/mm2350/extra/Olympusv2/benchmarks/benchmark_responsive_fairness/data/ma_dreamer_symmetrical/7_flows/run27/ep000027_bw93_d71_n7.pdf  return=1311030.0
[ep_plot] ep=27 -> /its/home/mm2350/extra/Olympusv2/benchmarks/benchmark_responsive_fairness/data/ma_dreamer_symmetrical/7_flows/run27/ep000027_bw93_d71_n7.pdf  return=1311029.984375
[orch] ep=27 sum-of-agents return=1311030.0
[responsive_fairness] slot=7 ma_dreamer_symmetrical flows=7 run=37
[responsive_fairness] ma_dreamer_symmetrical flows=7 run=27 done (177/200)
[slot=7] ep=37  flows=7  bw=97Mbps  delay=87ms  duration=345s  delays=[0.0, 7.5, 15.0, 22.5, 30.0, 37.5, 45.0]  lifetimes=[345.0, 337.5, 330.0, 322.5, 315.0, 307.5, 300.0]
[worker cport=23800 agent=0] loaded checkpoint step=51200
[worker alg=ma_dreamer reward=tempest_fairness_ma_symetric cport=23800 agent=0 group=slot8_ep35 flow=1] started interval=20ms det=1 latent=8x8
[sao-listener] cport=23700 worker=/its/home/mm2350/extra/Olympusv2/olympus/algorithms/ma_dreamer/worker.py scan=20ms target_cc=astraea single_flow=1 no_state_pipe=1
[sao-listener] cport=23701 worker=/its/home/mm2350/extra/Olympusv2/olympus/algorithms/ma_dreamer/worker.py scan=20ms target_cc=astraea single_flow=1 no_state_pipe=1
[sao-listener] cport=23702 worker=/its/home/mm2350/extra/Olympusv2/olympus/algorithms/ma_dreamer/worker.py scan=20ms target_cc=astraea single_flow=1 no_state_pipe=1
[sao-listener] cport=23703 worker=/its/home/mm2350/extra/Olympusv2/olympus/algorithms/ma_dreamer/worker.py scan=20ms target_cc=astraea single_flow=1 no_state_pipe=1
[sao-listener] cport=23704 worker=/its/home/mm2350/extra/Olympusv2/olympus/algorithms/ma_dreamer/worker.py scan=20ms target_cc=astraea single_flow=1 no_state_pipe=1
[sao-listener] cport=23705 worker=/its/home/mm2350/extra/Olympusv2/olympus/algorithms/ma_dreamer/worker.py scan=20ms target_cc=astraea single_flow=1 no_state_pipe=1
[sao-listener] cport=23706 worker=/its/home/mm2350/extra/Olympusv2/olympus/algorithms/ma_dreamer/worker.py scan=20ms target_cc=astraea single_flow=1 no_state_pipe=1
[sao-listener] new flow 1 10.0.0.2:23301->10.0.0.9:5204 cc=astraea pid=722623 child=723822
[sao-listener] single-flow mode: attached worker; stopping ss scans
[sao-listener flow 1] cport=23301 cc=astraea worker active
[sao-listener] new flow 1 10.0.0.1:23600->10.0.0.8:5207 cc=astraea pid=719404 child=724032
[sao-listener] single-flow mode: attached worker; stopping ss scans
[sao-listener flow 1] cport=23600 cc=astraea worker active
[sao-listener] new flow 1 10.0.0.2:23401->10.0.0.9:5205 cc=astraea pid=720379 child=724133
[sao-listener] single-flow mode: attached worker; stopping ss scans
[sao-listener flow 1] cport=23401 cc=astraea worker active
[worker cport=23301 agent=1] loaded checkpoint step=51200
[worker alg=ma_dreamer reward=tempest_fairness_ma_symetric cport=23301 agent=1 group=slot3_ep34 flow=1] started interval=20ms det=1 latent=8x8
[sao-listener] new flow 1 10.0.0.2:23901->10.0.0.9:5210 cc=astraea pid=720756 child=725118
[sao-listener] single-flow mode: attached worker; stopping ss scans
[sao-listener flow 1] cport=23901 cc=astraea worker active
[worker cport=23401 agent=1] loaded checkpoint step=51200
[worker alg=ma_dreamer reward=tempest_fairness_ma_symetric cport=23401 agent=1 group=slot4_ep31 flow=1] started interval=20ms det=1 latent=8x8
[worker cport=23600 agent=0] loaded checkpoint step=51200
[worker alg=ma_dreamer reward=tempest_fairness_ma_symetric cport=23600 agent=0 group=slot6_ep36 flow=1] started interval=20ms det=1 latent=8x8
[multi_ep_plot] saved -> /its/home/mm2350/extra/Olympusv2/benchmarks/benchmark_responsive_fairness/data/ma_dreamer_symmetrical/7_flows/run28/ep000028_bw24_d26_n7.pdf  return=1516439.5
[ep_plot] ep=28 -> /its/home/mm2350/extra/Olympusv2/benchmarks/benchmark_responsive_fairness/data/ma_dreamer_symmetrical/7_flows/run28/ep000028_bw24_d26_n7.pdf  return=1516439.484375
[orch] ep=28 sum-of-agents return=1516439.5
[responsive_fairness] slot=2 ma_dreamer_symmetrical flows=7 run=38
[responsive_fairness] ma_dreamer_symmetrical flows=7 run=28 done (178/200)
[worker cport=23901 agent=1] loaded checkpoint step=51200
[worker alg=ma_dreamer reward=tempest_fairness_ma_symetric cport=23901 agent=1 group=slot9_ep32 flow=1] started interval=20ms det=1 latent=8x8
[slot=2] ep=38  flows=7  bw=91Mbps  delay=63ms  duration=345s  delays=[0.0, 7.5, 15.0, 22.5, 30.0, 37.5, 45.0]  lifetimes=[345.0, 337.5, 330.0, 322.5, 315.0, 307.5, 300.0]
[sao-listener] new flow 1 10.0.0.2:23801->10.0.0.9:5209 cc=astraea pid=724319 child=726465
[sao-listener] single-flow mode: attached worker; stopping ss scans
[sao-listener flow 1] cport=23801 cc=astraea worker active
[sao-listener] new flow 1 10.0.0.2:23501->10.0.0.9:5206 cc=astraea pid=721430 child=726703
[sao-listener] single-flow mode: attached worker; stopping ss scans
[sao-listener flow 1] cport=23501 cc=astraea worker active
[orch] link change t=15.0s bw=24 delay=60
[worker cport=23801 agent=1] loaded checkpoint step=51200
[worker alg=ma_dreamer reward=tempest_fairness_ma_symetric cport=23801 agent=1 group=slot8_ep35 flow=1] started interval=20ms det=1 latent=8x8
[sao-listener] cport=23200 worker=/its/home/mm2350/extra/Olympusv2/olympus/algorithms/ma_dreamer/worker.py scan=20ms target_cc=astraea single_flow=1 no_state_pipe=1
[sao-listener] cport=23201 worker=/its/home/mm2350/extra/Olympusv2/olympus/algorithms/ma_dreamer/worker.py scan=20ms target_cc=astraea single_flow=1 no_state_pipe=1
[sao-listener] cport=23202 worker=/its/home/mm2350/extra/Olympusv2/olympus/algorithms/ma_dreamer/worker.py scan=20ms target_cc=astraea single_flow=1 no_state_pipe=1
[sao-listener] cport=23203 worker=/its/home/mm2350/extra/Olympusv2/olympus/algorithms/ma_dreamer/worker.py scan=20ms target_cc=astraea single_flow=1 no_state_pipe=1
[sao-listener] cport=23204 worker=/its/home/mm2350/extra/Olympusv2/olympus/algorithms/ma_dreamer/worker.py scan=20ms target_cc=astraea single_flow=1 no_state_pipe=1
[worker cport=23501 agent=1] loaded checkpoint step=51200
[worker alg=ma_dreamer reward=tempest_fairness_ma_symetric cport=23501 agent=1 group=slot5_ep33 flow=1] started interval=20ms det=1 latent=8x8
[sao-listener] cport=23205 worker=/its/home/mm2350/extra/Olympusv2/olympus/algorithms/ma_dreamer/worker.py scan=20ms target_cc=astraea single_flow=1 no_state_pipe=1
[sao-listener] cport=23206 worker=/its/home/mm2350/extra/Olympusv2/olympus/algorithms/ma_dreamer/worker.py scan=20ms target_cc=astraea single_flow=1 no_state_pipe=1
[orch] link change t=15.0s bw=28 delay=48
[orch] link change t=15.1s bw=90 delay=39
[sao-listener] new flow 1 10.0.0.1:23700->10.0.0.8:5208 cc=astraea pid=724340 child=729374
[sao-listener] single-flow mode: attached worker; stopping ss scans
[sao-listener flow 1] cport=23700 cc=astraea worker active
[sao-listener] new flow 1 10.0.0.3:23402->10.0.0.10:5205 cc=astraea pid=728593 child=729544
[sao-listener] single-flow mode: attached worker; stopping ss scans
[sao-listener flow 1] cport=23402 cc=astraea worker active
[sao-listener] new flow 1 10.0.0.2:23601->10.0.0.9:5207 cc=astraea pid=726938 child=729945
[sao-listener] single-flow mode: attached worker; stopping ss scans
[sao-listener flow 1] cport=23601 cc=astraea worker active
[orch] link change t=15.0s bw=84 delay=13
[worker cport=23700 agent=0] loaded checkpoint step=51200
[worker alg=ma_dreamer reward=tempest_fairness_ma_symetric cport=23700 agent=0 group=slot7_ep37 flow=1] started interval=20ms det=1 latent=8x8
[worker cport=23402 agent=2] loaded checkpoint step=51200
[worker alg=ma_dreamer reward=tempest_fairness_ma_symetric cport=23402 agent=2 group=slot4_ep31 flow=1] started interval=20ms det=1 latent=8x8
[sao-listener] new flow 1 10.0.0.3:23902->10.0.0.10:5210 cc=astraea pid=729045 child=730766
[sao-listener] single-flow mode: attached worker; stopping ss scans
[sao-listener flow 1] cport=23902 cc=astraea worker active
[worker cport=23601 agent=1] loaded checkpoint step=51200
[worker alg=ma_dreamer reward=tempest_fairness_ma_symetric cport=23601 agent=1 group=slot6_ep36 flow=1] started interval=20ms det=1 latent=8x8
[orch] link change t=15.0s bw=26 delay=53
[worker cport=23902 agent=2] loaded checkpoint step=51200
[worker alg=ma_dreamer reward=tempest_fairness_ma_symetric cport=23902 agent=2 group=slot9_ep32 flow=1] started interval=20ms det=1 latent=8x8
[sao-listener] new flow 1 10.0.0.3:23502->10.0.0.10:5206 cc=astraea pid=729806 child=732068
[sao-listener] single-flow mode: attached worker; stopping ss scans
[sao-listener flow 1] cport=23502 cc=astraea worker active
[multi_ep_plot] saved -> /its/home/mm2350/extra/Olympusv2/benchmarks/benchmark_responsive_fairness/data/ma_dreamer_symmetrical/7_flows/run29/ep000029_bw80_d19_n7.pdf  return=1353052.9
[ep_plot] ep=29 -> /its/home/mm2350/extra/Olympusv2/benchmarks/benchmark_responsive_fairness/data/ma_dreamer_symmetrical/7_flows/run29/ep000029_bw80_d19_n7.pdf  return=1353052.9375
[orch] ep=29 sum-of-agents return=1353052.9
[responsive_fairness] slot=0 ma_dreamer_symmetrical flows=7 run=39
[responsive_fairness] ma_dreamer_symmetrical flows=7 run=29 done (179/200)
[slot=0] ep=39  flows=7  bw=36Mbps  delay=43ms  duration=345s  delays=[0.0, 7.5, 15.0, 22.5, 30.0, 37.5, 45.0]  lifetimes=[345.0, 337.5, 330.0, 322.5, 315.0, 307.5, 300.0]
[worker cport=23502 agent=2] loaded checkpoint step=51200
[worker alg=ma_dreamer reward=tempest_fairness_ma_symetric cport=23502 agent=2 group=slot5_ep33 flow=1] started interval=20ms det=1 latent=8x8
[sao-listener] new flow 1 10.0.0.1:23200->10.0.0.8:5203 cc=astraea pid=728845 child=733507
[sao-listener flow 1] cport=23200 cc=astraea worker active
[sao-listener] single-flow mode: attached worker; stopping ss scans
[sao-listener] cport=23000 worker=/its/home/mm2350/extra/Olympusv2/olympus/algorithms/ma_dreamer/worker.py scan=20ms target_cc=astraea single_flow=1 no_state_pipe=1
[sao-listener] cport=23001 worker=/its/home/mm2350/extra/Olympusv2/olympus/algorithms/ma_dreamer/worker.py scan=20ms target_cc=astraea single_flow=1 no_state_pipe=1
[sao-listener] cport=23002 worker=/its/home/mm2350/extra/Olympusv2/olympus/algorithms/ma_dreamer/worker.py scan=20ms target_cc=astraea single_flow=1 no_state_pipe=1
[sao-listener] cport=23003 worker=/its/home/mm2350/extra/Olympusv2/olympus/algorithms/ma_dreamer/worker.py scan=20ms target_cc=astraea single_flow=1 no_state_pipe=1
[sao-listener] cport=23004 worker=/its/home/mm2350/extra/Olympusv2/olympus/algorithms/ma_dreamer/worker.py scan=20ms target_cc=astraea single_flow=1 no_state_pipe=1
[sao-listener] cport=23005 worker=/its/home/mm2350/extra/Olympusv2/olympus/algorithms/ma_dreamer/worker.py scan=20ms target_cc=astraea single_flow=1 no_state_pipe=1
[sao-listener] cport=23006 worker=/its/home/mm2350/extra/Olympusv2/olympus/algorithms/ma_dreamer/worker.py scan=20ms target_cc=astraea single_flow=1 no_state_pipe=1
[orch] link change t=15.0s bw=12 delay=46
[worker cport=23200 agent=0] loaded checkpoint step=51200
[worker alg=ma_dreamer reward=tempest_fairness_ma_symetric cport=23200 agent=0 group=slot2_ep38 flow=1] started interval=20ms det=1 latent=8x8
[sao-listener] new flow 1 10.0.0.2:23701->10.0.0.9:5208 cc=astraea pid=731825 child=735148
[sao-listener] single-flow mode: attached worker; stopping ss scans
[sao-listener flow 1] cport=23701 cc=astraea worker active
[sao-listener] new flow 1 10.0.0.3:23602->10.0.0.10:5207 cc=astraea pid=734945 child=735424
[sao-listener] single-flow mode: attached worker; stopping ss scans
[sao-listener flow 1] cport=23602 cc=astraea worker active
[sao-listener] new flow 1 10.0.0.3:23302->10.0.0.10:5204 cc=astraea pid=730613 child=735562
[sao-listener] single-flow mode: attached worker; stopping ss scans
[sao-listener flow 1] cport=23302 cc=astraea worker active
[multi_ep_plot] saved -> /its/home/mm2350/extra/Olympusv2/benchmarks/benchmark_responsive_fairness/data/ma_dreamer_symmetrical/7_flows/run30/ep000030_bw79_d47_n7.pdf  return=1403151.4
[ep_plot] ep=30 -> /its/home/mm2350/extra/Olympusv2/benchmarks/benchmark_responsive_fairness/data/ma_dreamer_symmetrical/7_flows/run30/ep000030_bw79_d47_n7.pdf  return=1403151.40625
[orch] ep=30 sum-of-agents return=1403151.4
[responsive_fairness] ma_dreamer_symmetrical flows=7 run=30 done (180/200)
[responsive_fairness] slot=1 ma_dreamer_symmetrical flows=7 run=40
[slot=1] ep=40  flows=7  bw=68Mbps  delay=84ms  duration=345s  delays=[0.0, 7.5, 15.0, 22.5, 30.0, 37.5, 45.0]  lifetimes=[345.0, 337.5, 330.0, 322.5, 315.0, 307.5, 300.0]
[worker cport=23701 agent=1] loaded checkpoint step=51200
[worker alg=ma_dreamer reward=tempest_fairness_ma_symetric cport=23701 agent=1 group=slot7_ep37 flow=1] started interval=20ms det=1 latent=8x8
[sao-listener] new flow 1 10.0.0.4:23403->10.0.0.11:5205 cc=astraea pid=735958 child=736345
[sao-listener] single-flow mode: attached worker; stopping ss scans
[sao-listener flow 1] cport=23403 cc=astraea worker active
[worker cport=23602 agent=2] loaded checkpoint step=51200
[worker alg=ma_dreamer reward=tempest_fairness_ma_symetric cport=23602 agent=2 group=slot6_ep36 flow=1] started interval=20ms det=1 latent=8x8
[worker cport=23302 agent=2] loaded checkpoint step=51200
[worker alg=ma_dreamer reward=tempest_fairness_ma_symetric cport=23302 agent=2 group=slot3_ep34 flow=1] started interval=20ms det=1 latent=8x8
[sao-listener] new flow 1 10.0.0.4:23903->10.0.0.11:5210 cc=astraea pid=736384 child=737561
[sao-listener] single-flow mode: attached worker; stopping ss scans
[sao-listener flow 1] cport=23903 cc=astraea worker active
[worker cport=23403 agent=3] loaded checkpoint step=51200
[worker alg=ma_dreamer reward=tempest_fairness_ma_symetric cport=23403 agent=3 group=slot4_ep31 flow=1] started interval=20ms det=1 latent=8x8
[sao-listener] cport=23100 worker=/its/home/mm2350/extra/Olympusv2/olympus/algorithms/ma_dreamer/worker.py scan=20ms target_cc=astraea single_flow=1 no_state_pipe=1
[sao-listener] cport=23101 worker=/its/home/mm2350/extra/Olympusv2/olympus/algorithms/ma_dreamer/worker.py scan=20ms target_cc=astraea single_flow=1 no_state_pipe=1
[sao-listener] cport=23102 worker=/its/home/mm2350/extra/Olympusv2/olympus/algorithms/ma_dreamer/worker.py scan=20ms target_cc=astraea single_flow=1 no_state_pipe=1
[sao-listener] cport=23103 worker=/its/home/mm2350/extra/Olympusv2/olympus/algorithms/ma_dreamer/worker.py scan=20ms target_cc=astraea single_flow=1 no_state_pipe=1
[sao-listener] cport=23104 worker=/its/home/mm2350/extra/Olympusv2/olympus/algorithms/ma_dreamer/worker.py scan=20ms target_cc=astraea single_flow=1 no_state_pipe=1
[sao-listener] cport=23105 worker=/its/home/mm2350/extra/Olympusv2/olympus/algorithms/ma_dreamer/worker.py scan=20ms target_cc=astraea single_flow=1 no_state_pipe=1
[sao-listener] cport=23106 worker=/its/home/mm2350/extra/Olympusv2/olympus/algorithms/ma_dreamer/worker.py scan=20ms target_cc=astraea single_flow=1 no_state_pipe=1
[sao-listener] new flow 1 10.0.0.3:23802->10.0.0.10:5209 cc=astraea pid=731756 child=738544
[sao-listener] single-flow mode: attached worker; stopping ss scans
[sao-listener flow 1] cport=23802 cc=astraea worker active
[worker cport=23903 agent=3] loaded checkpoint step=51200
[worker alg=ma_dreamer reward=tempest_fairness_ma_symetric cport=23903 agent=3 group=slot9_ep32 flow=1] started interval=20ms det=1 latent=8x8
[orch] link change t=15.0s bw=21 delay=89
[worker cport=23802 agent=2] loaded checkpoint step=51200
[worker alg=ma_dreamer reward=tempest_fairness_ma_symetric cport=23802 agent=2 group=slot8_ep35 flow=1] started interval=20ms det=1 latent=8x8
[sao-listener] new flow 1 10.0.0.4:23503->10.0.0.11:5206 cc=astraea pid=737307 child=739716
[sao-listener] single-flow mode: attached worker; stopping ss scans
[sao-listener flow 1] cport=23503 cc=astraea worker active
[worker cport=23503 agent=3] loaded checkpoint step=51200
[worker alg=ma_dreamer reward=tempest_fairness_ma_symetric cport=23503 agent=3 group=slot5_ep33 flow=1] started interval=20ms det=1 latent=8x8
[sao-listener] new flow 1 10.0.0.2:23201->10.0.0.9:5203 cc=astraea pid=736216 child=740789
[sao-listener] single-flow mode: attached worker; stopping ss scans
[sao-listener flow 1] cport=23201 cc=astraea worker active
[sao-listener] new flow 1 10.0.0.1:23000->10.0.0.8:5201 cc=astraea pid=734762 child=740991
[sao-listener] single-flow mode: attached worker; stopping ss scans
[sao-listener flow 1] cport=23000 cc=astraea worker active
[worker cport=23201 agent=1] loaded checkpoint step=51200
[worker alg=ma_dreamer reward=tempest_fairness_ma_symetric cport=23201 agent=1 group=slot2_ep38 flow=1] started interval=20ms det=1 latent=8x8
[sao-listener] new flow 1 10.0.0.3:23702->10.0.0.10:5208 cc=astraea pid=739642 child=741889
[sao-listener] single-flow mode: attached worker; stopping ss scans
[sao-listener flow 1] cport=23702 cc=astraea worker active
[sao-listener] new flow 1 10.0.0.4:23303->10.0.0.11:5204 cc=astraea pid=738504 child=742031
[sao-listener] single-flow mode: attached worker; stopping ss scans
[sao-listener flow 1] cport=23303 cc=astraea worker active
[worker cport=23000 agent=0] loaded checkpoint step=51200
[worker alg=ma_dreamer reward=tempest_fairness_ma_symetric cport=23000 agent=0 group=slot0_ep39 flow=1] started interval=20ms det=1 latent=8x8
[orch] link change t=30.0s bw=28 delay=97
[sao-listener] new flow 1 10.0.0.4:23603->10.0.0.11:5207 cc=astraea pid=741906 child=742687
[sao-listener] single-flow mode: attached worker; stopping ss scans
[sao-listener flow 1] cport=23603 cc=astraea worker active
[orch] link change t=15.0s bw=64 delay=23
[orch] link change t=30.0s bw=99 delay=40
[worker cport=23702 agent=2] loaded checkpoint step=51200
[worker alg=ma_dreamer reward=tempest_fairness_ma_symetric cport=23702 agent=2 group=slot7_ep37 flow=1] started interval=20ms det=1 latent=8x8
[worker cport=23303 agent=3] loaded checkpoint step=51200
[worker alg=ma_dreamer reward=tempest_fairness_ma_symetric cport=23303 agent=3 group=slot3_ep34 flow=1] started interval=20ms det=1 latent=8x8
[orch] link change t=30.0s bw=45 delay=71
[worker cport=23603 agent=3] loaded checkpoint step=51200
[worker alg=ma_dreamer reward=tempest_fairness_ma_symetric cport=23603 agent=3 group=slot6_ep36 flow=1] started interval=20ms det=1 latent=8x8
[sao-listener] new flow 1 10.0.0.5:23404->10.0.0.12:5205 cc=astraea pid=743111 child=743863
[sao-listener] single-flow mode: attached worker; stopping ss scans
[sao-listener flow 1] cport=23404 cc=astraea worker active
[sao-listener] new flow 1 10.0.0.5:23904->10.0.0.12:5210 cc=astraea pid=743567 child=744573
[sao-listener] single-flow mode: attached worker; stopping ss scans
[sao-listener flow 1] cport=23904 cc=astraea worker active
[orch] link change t=30.0s bw=39 delay=13
[sao-listener] new flow 1 10.0.0.1:23100->10.0.0.8:5202 cc=astraea pid=738822 child=744865
[sao-listener] single-flow mode: attached worker; stopping ss scans
[sao-listener flow 1] cport=23100 cc=astraea worker active
[worker cport=23404 agent=4] loaded checkpoint step=51200
[worker alg=ma_dreamer reward=tempest_fairness_ma_symetric cport=23404 agent=4 group=slot4_ep31 flow=1] started interval=20ms det=1 latent=8x8
[sao-listener] new flow 1 10.0.0.4:23803->10.0.0.11:5209 cc=astraea pid=739617 child=745359
[sao-listener] single-flow mode: attached worker; stopping ss scans
[sao-listener flow 1] cport=23803 cc=astraea worker active
[worker cport=23904 agent=4] loaded checkpoint step=51200
[worker alg=ma_dreamer reward=tempest_fairness_ma_symetric cport=23904 agent=4 group=slot9_ep32 flow=1] started interval=20ms det=1 latent=8x8
[orch] link change t=30.0s bw=29 delay=46
[worker cport=23100 agent=0] loaded checkpoint step=51200
[worker alg=ma_dreamer reward=tempest_fairness_ma_symetric cport=23100 agent=0 group=slot1_ep40 flow=1] started interval=20ms det=1 latent=8x8
[worker cport=23803 agent=3] loaded checkpoint step=51200
[worker alg=ma_dreamer reward=tempest_fairness_ma_symetric cport=23803 agent=3 group=slot8_ep35 flow=1] started interval=20ms det=1 latent=8x8
[sao-listener] new flow 1 10.0.0.5:23504->10.0.0.12:5206 cc=astraea pid=744312 child=746629
[sao-listener] single-flow mode: attached worker; stopping ss scans
[sao-listener flow 1] cport=23504 cc=astraea worker active
[sao-listener] new flow 1 10.0.0.3:23202->10.0.0.10:5203 cc=astraea pid=743430 child=746928
[sao-listener] single-flow mode: attached worker; stopping ss scans
[sao-listener flow 1] cport=23202 cc=astraea worker active
[sao-listener] new flow 1 10.0.0.2:23001->10.0.0.9:5201 cc=astraea pid=741722 child=747191
[sao-listener] single-flow mode: attached worker; stopping ss scans
[sao-listener flow 1] cport=23001 cc=astraea worker active
[worker cport=23504 agent=4] loaded checkpoint step=51200
[worker alg=ma_dreamer reward=tempest_fairness_ma_symetric cport=23504 agent=4 group=slot5_ep33 flow=1] started interval=20ms det=1 latent=8x8
[worker cport=23202 agent=2] loaded checkpoint step=51200
[worker alg=ma_dreamer reward=tempest_fairness_ma_symetric cport=23202 agent=2 group=slot2_ep38 flow=1] started interval=20ms det=1 latent=8x8
[sao-listener] new flow 1 10.0.0.4:23703->10.0.0.11:5208 cc=astraea pid=746384 child=748032
[sao-listener] single-flow mode: attached worker; stopping ss scans
[sao-listener flow 1] cport=23703 cc=astraea worker active
[orch] link change t=15.0s bw=59 delay=13
[orch] link change t=30.0s bw=20 delay=10
[worker cport=23001 agent=1] loaded checkpoint step=51200
[worker alg=ma_dreamer reward=tempest_fairness_ma_symetric cport=23001 agent=1 group=slot0_ep39 flow=1] started interval=20ms det=1 latent=8x8
[sao-listener] new flow 1 10.0.0.5:23304->10.0.0.12:5204 cc=astraea pid=745180 child=748325
[sao-listener] single-flow mode: attached worker; stopping ss scans
[sao-listener flow 1] cport=23304 cc=astraea worker active
[sao-listener] new flow 1 10.0.0.5:23604->10.0.0.12:5207 cc=astraea pid=748722 child=748808
[sao-listener] single-flow mode: attached worker; stopping ss scans
[sao-listener flow 1] cport=23604 cc=astraea worker active
[worker cport=23703 agent=3] loaded checkpoint step=51200
[worker alg=ma_dreamer reward=tempest_fairness_ma_symetric cport=23703 agent=3 group=slot7_ep37 flow=1] started interval=20ms det=1 latent=8x8
[worker cport=23304 agent=4] loaded checkpoint step=51200
[worker alg=ma_dreamer reward=tempest_fairness_ma_symetric cport=23304 agent=4 group=slot3_ep34 flow=1] started interval=20ms det=1 latent=8x8
[worker cport=23604 agent=4] loaded checkpoint step=51200
[worker alg=ma_dreamer reward=tempest_fairness_ma_symetric cport=23604 agent=4 group=slot6_ep36 flow=1] started interval=20ms det=1 latent=8x8
[sao-listener] new flow 1 10.0.0.2:23101->10.0.0.9:5202 cc=astraea pid=745514 child=750614
[sao-listener] single-flow mode: attached worker; stopping ss scans
[sao-listener flow 1] cport=23101 cc=astraea worker active
[sao-listener] new flow 1 10.0.0.6:23905->10.0.0.13:5210 cc=astraea pid=750074 child=750751
[sao-listener] single-flow mode: attached worker; stopping ss scans
[sao-listener flow 1] cport=23905 cc=astraea worker active
[sao-listener] new flow 1 10.0.0.5:23804->10.0.0.12:5209 cc=astraea pid=746311 child=750939
[sao-listener] single-flow mode: attached worker; stopping ss scans
[sao-listener flow 1] cport=23804 cc=astraea worker active
[orch] link change t=15.0s bw=77 delay=14
[worker cport=23101 agent=1] loaded checkpoint step=51200
[worker alg=ma_dreamer reward=tempest_fairness_ma_symetric cport=23101 agent=1 group=slot1_ep40 flow=1] started interval=20ms det=1 latent=8x8
[worker cport=23905 agent=5] loaded checkpoint step=51200
[worker alg=ma_dreamer reward=tempest_fairness_ma_symetric cport=23905 agent=5 group=slot9_ep32 flow=1] started interval=20ms det=1 latent=8x8
[worker cport=23804 agent=4] loaded checkpoint step=51200
[worker alg=ma_dreamer reward=tempest_fairness_ma_symetric cport=23804 agent=4 group=slot8_ep35 flow=1] started interval=20ms det=1 latent=8x8
[orch] link change t=30.0s bw=95 delay=91
[sao-listener] new flow 1 10.0.0.6:23505->10.0.0.13:5206 cc=astraea pid=750693 child=752200
[sao-listener] single-flow mode: attached worker; stopping ss scans
[sao-listener flow 1] cport=23505 cc=astraea worker active
[sao-listener] new flow 1 10.0.0.3:23002->10.0.0.10:5201 cc=astraea pid=748620 child=752353
[sao-listener] single-flow mode: attached worker; stopping ss scans
[sao-listener flow 1] cport=23002 cc=astraea worker active
[sao-listener] new flow 1 10.0.0.4:23203->10.0.0.11:5203 cc=astraea pid=749953 child=752424
[sao-listener] single-flow mode: attached worker; stopping ss scans
[sao-listener flow 1] cport=23203 cc=astraea worker active
[worker cport=23505 agent=5] loaded checkpoint step=51200
[worker alg=ma_dreamer reward=tempest_fairness_ma_symetric cport=23505 agent=5 group=slot5_ep33 flow=1] started interval=20ms det=1 latent=8x8
[worker cport=23002 agent=2] loaded checkpoint step=51200
[worker alg=ma_dreamer reward=tempest_fairness_ma_symetric cport=23002 agent=2 group=slot0_ep39 flow=1] started interval=20ms det=1 latent=8x8
[worker cport=23203 agent=3] loaded checkpoint step=51200
[worker alg=ma_dreamer reward=tempest_fairness_ma_symetric cport=23203 agent=3 group=slot2_ep38 flow=1] started interval=20ms det=1 latent=8x8
[sao-listener] new flow 1 10.0.0.6:23305->10.0.0.13:5204 cc=astraea pid=751357 child=753352
[sao-listener] single-flow mode: attached worker; stopping ss scans
[sao-listener flow 1] cport=23305 cc=astraea worker active
[sao-listener] new flow 1 10.0.0.5:23704->10.0.0.12:5208 cc=astraea pid=752432 child=753470
[sao-listener] single-flow mode: attached worker; stopping ss scans
[sao-listener flow 1] cport=23704 cc=astraea worker active
[worker cport=23305 agent=5] loaded checkpoint step=51200
[worker alg=ma_dreamer reward=tempest_fairness_ma_symetric cport=23305 agent=5 group=slot3_ep34 flow=1] started interval=20ms det=1 latent=8x8
[sao-listener] new flow 1 10.0.0.6:23405->10.0.0.13:5205 cc=astraea pid=749732 child=754029
[sao-listener] single-flow mode: attached worker; stopping ss scans
[sao-listener flow 1] cport=23405 cc=astraea worker active
[worker cport=23704 agent=4] loaded checkpoint step=51200
[worker alg=ma_dreamer reward=tempest_fairness_ma_symetric cport=23704 agent=4 group=slot7_ep37 flow=1] started interval=20ms det=1 latent=8x8
[worker cport=23405 agent=5] loaded checkpoint step=51200
[worker alg=ma_dreamer reward=tempest_fairness_ma_symetric cport=23405 agent=5 group=slot4_ep31 flow=1] started interval=20ms det=1 latent=8x8
[orch] link change t=45.0s bw=15 delay=27
[orch] link change t=30.0s bw=18 delay=56
[orch] link change t=45.0s bw=73 delay=13
[sao-listener] new flow 1 10.0.0.3:23102->10.0.0.10:5202 cc=astraea pid=751684 child=755048
[sao-listener] single-flow mode: attached worker; stopping ss scans
[sao-listener flow 1] cport=23102 cc=astraea worker active
[orch] link change t=45.0s bw=93 delay=78
[sao-listener] new flow 1 10.0.0.6:23805->10.0.0.13:5209 cc=astraea pid=752380 child=755410
[sao-listener] single-flow mode: attached worker; stopping ss scans
[sao-listener flow 1] cport=23805 cc=astraea worker active
[worker cport=23102 agent=2] loaded checkpoint step=51200
[worker alg=ma_dreamer reward=tempest_fairness_ma_symetric cport=23102 agent=2 group=slot1_ep40 flow=1] started interval=20ms det=1 latent=8x8
[orch] link change t=45.0s bw=59 delay=56
[worker cport=23805 agent=5] loaded checkpoint step=51200
[worker alg=ma_dreamer reward=tempest_fairness_ma_symetric cport=23805 agent=5 group=slot8_ep35 flow=1] started interval=20ms det=1 latent=8x8
[sao-listener] new flow 1 10.0.0.5:23204->10.0.0.12:5203 cc=astraea pid=755193 child=756138
[sao-listener] single-flow mode: attached worker; stopping ss scans
[sao-listener flow 1] cport=23204 cc=astraea worker active
[sao-listener] new flow 1 10.0.0.7:23506->10.0.0.14:5206 cc=astraea pid=755769 child=756268
[sao-listener] single-flow mode: attached worker; stopping ss scans
[sao-listener flow 1] cport=23506 cc=astraea worker active
[sao-listener] new flow 1 10.0.0.4:23003->10.0.0.11:5201 cc=astraea pid=754237 child=756476
[sao-listener] single-flow mode: attached worker; stopping ss scans
[sao-listener flow 1] cport=23003 cc=astraea worker active
[orch] link change t=45.0s bw=65 delay=42
[worker cport=23204 agent=4] loaded checkpoint step=51200
[worker alg=ma_dreamer reward=tempest_fairness_ma_symetric cport=23204 agent=4 group=slot2_ep38 flow=1] started interval=20ms det=1 latent=8x8
[worker cport=23506 agent=6] loaded checkpoint step=51200
[worker alg=ma_dreamer reward=tempest_fairness_ma_symetric cport=23506 agent=6 group=slot5_ep33 flow=1] started interval=20ms det=1 latent=8x8
[worker cport=23003 agent=3] loaded checkpoint step=51200
[worker alg=ma_dreamer reward=tempest_fairness_ma_symetric cport=23003 agent=3 group=slot0_ep39 flow=1] started interval=20ms det=1 latent=8x8
[sao-listener] new flow 1 10.0.0.7:23306->10.0.0.14:5204 cc=astraea pid=756340 child=757243
[sao-listener] single-flow mode: attached worker; stopping ss scans
[sao-listener flow 1] cport=23306 cc=astraea worker active
[sao-listener] new flow 1 10.0.0.6:23705->10.0.0.13:5208 cc=astraea pid=757059 child=757315
[sao-listener] single-flow mode: attached worker; stopping ss scans
[sao-listener flow 1] cport=23705 cc=astraea worker active
[sao-listener] new flow 1 10.0.0.6:23605->10.0.0.13:5207 cc=astraea pid=754306 child=757497
[sao-listener] single-flow mode: attached worker; stopping ss scans
[sao-listener flow 1] cport=23605 cc=astraea worker active
[worker cport=23306 agent=6] loaded checkpoint step=51200
[worker alg=ma_dreamer reward=tempest_fairness_ma_symetric cport=23306 agent=6 group=slot3_ep34 flow=1] started interval=20ms det=1 latent=8x8
[worker cport=23705 agent=5] loaded checkpoint step=51200
[worker alg=ma_dreamer reward=tempest_fairness_ma_symetric cport=23705 agent=5 group=slot7_ep37 flow=1] started interval=20ms det=1 latent=8x8
[worker cport=23605 agent=5] loaded checkpoint step=51200
[worker alg=ma_dreamer reward=tempest_fairness_ma_symetric cport=23605 agent=5 group=slot6_ep36 flow=1] started interval=20ms det=1 latent=8x8
[orch] link change t=30.0s bw=34 delay=38
[sao-listener] new flow 1 10.0.0.7:23406->10.0.0.14:5205 cc=astraea pid=754992 child=758029
[sao-listener] single-flow mode: attached worker; stopping ss scans
[sao-listener flow 1] cport=23406 cc=astraea worker active
[orch] link change t=45.0s bw=74 delay=90
[worker cport=23406 agent=6] loaded checkpoint step=51200
[worker alg=ma_dreamer reward=tempest_fairness_ma_symetric cport=23406 agent=6 group=slot4_ep31 flow=1] started interval=20ms det=1 latent=8x8
[sao-listener] new flow 1 10.0.0.4:23103->10.0.0.11:5202 cc=astraea pid=756539 child=758405
[sao-listener] single-flow mode: attached worker; stopping ss scans
[sao-listener flow 1] cport=23103 cc=astraea worker active
[sao-listener] new flow 1 10.0.0.7:23906->10.0.0.14:5210 cc=astraea pid=755282 child=758575
[sao-listener] single-flow mode: attached worker; stopping ss scans
[sao-listener flow 1] cport=23906 cc=astraea worker active
[sao-listener] new flow 1 10.0.0.7:23806->10.0.0.14:5209 cc=astraea pid=757043 child=758627
[sao-listener] single-flow mode: attached worker; stopping ss scans
[sao-listener flow 1] cport=23806 cc=astraea worker active
[worker cport=23103 agent=3] loaded checkpoint step=51200
[worker alg=ma_dreamer reward=tempest_fairness_ma_symetric cport=23103 agent=3 group=slot1_ep40 flow=1] started interval=20ms det=1 latent=8x8
[worker cport=23906 agent=6] loaded checkpoint step=51200
[worker alg=ma_dreamer reward=tempest_fairness_ma_symetric cport=23906 agent=6 group=slot9_ep32 flow=1] started interval=20ms det=1 latent=8x8
[worker cport=23806 agent=6] loaded checkpoint step=51200
[worker alg=ma_dreamer reward=tempest_fairness_ma_symetric cport=23806 agent=6 group=slot8_ep35 flow=1] started interval=20ms det=1 latent=8x8
[sao-listener] new flow 1 10.0.0.5:23004->10.0.0.12:5201 cc=astraea pid=758257 child=759249
[sao-listener] single-flow mode: attached worker; stopping ss scans
[sao-listener flow 1] cport=23004 cc=astraea worker active
[orch] link change t=30.0s bw=41 delay=46
[worker cport=23004 agent=4] loaded checkpoint step=51200
[worker alg=ma_dreamer reward=tempest_fairness_ma_symetric cport=23004 agent=4 group=slot0_ep39 flow=1] started interval=20ms det=1 latent=8x8
[sao-listener] new flow 1 10.0.0.7:23606->10.0.0.14:5207 cc=astraea pid=758309 child=759677
[sao-listener] single-flow mode: attached worker; stopping ss scans
[sao-listener flow 1] cport=23606 cc=astraea worker active
[orch] link change t=45.0s bw=75 delay=14
[worker cport=23606 agent=6] loaded checkpoint step=51200
[worker alg=ma_dreamer reward=tempest_fairness_ma_symetric cport=23606 agent=6 group=slot6_ep36 flow=1] started interval=20ms det=1 latent=8x8
[sao-listener] new flow 1 10.0.0.5:23104->10.0.0.12:5202 cc=astraea pid=759649 child=760199
[sao-listener] single-flow mode: attached worker; stopping ss scans
[sao-listener flow 1] cport=23104 cc=astraea worker active
[worker cport=23104 agent=4] loaded checkpoint step=51200
[worker alg=ma_dreamer reward=tempest_fairness_ma_symetric cport=23104 agent=4 group=slot1_ep40 flow=1] started interval=20ms det=1 latent=8x8
[orch] link change t=60.0s bw=24 delay=78
[orch] link change t=45.0s bw=99 delay=69
[sao-listener] new flow 1 10.0.0.6:23205->10.0.0.13:5203 cc=astraea pid=759032 child=760656
[sao-listener] single-flow mode: attached worker; stopping ss scans
[sao-listener flow 1] cport=23205 cc=astraea worker active
[orch] link change t=60.0s bw=14 delay=22
[sao-listener] new flow 1 10.0.0.6:23005->10.0.0.13:5201 cc=astraea pid=760477 child=760741
[sao-listener] single-flow mode: attached worker; stopping ss scans
[sao-listener flow 1] cport=23005 cc=astraea worker active
[worker cport=23205 agent=5] loaded checkpoint step=51200
[worker alg=ma_dreamer reward=tempest_fairness_ma_symetric cport=23205 agent=5 group=slot2_ep38 flow=1] started interval=20ms det=1 latent=8x8
[orch] link change t=60.0s bw=77 delay=33
[worker cport=23005 agent=5] loaded checkpoint step=51200
[worker alg=ma_dreamer reward=tempest_fairness_ma_symetric cport=23005 agent=5 group=slot0_ep39 flow=1] started interval=20ms det=1 latent=8x8
[sao-listener] new flow 1 10.0.0.7:23706->10.0.0.14:5208 cc=astraea pid=759886 child=761040
[sao-listener] single-flow mode: attached worker; stopping ss scans
[sao-listener flow 1] cport=23706 cc=astraea worker active
[orch] link change t=60.0s bw=18 delay=64
[worker cport=23706 agent=6] loaded checkpoint step=51200
[worker alg=ma_dreamer reward=tempest_fairness_ma_symetric cport=23706 agent=6 group=slot7_ep37 flow=1] started interval=20ms det=1 latent=8x8
[orch] link change t=60.0s bw=82 delay=17
[sao-listener] new flow 1 10.0.0.6:23105->10.0.0.13:5202 cc=astraea pid=761269 child=761419
[sao-listener] single-flow mode: attached worker; stopping ss scans
[sao-listener flow 1] cport=23105 cc=astraea worker active
[worker cport=23105 agent=5] loaded checkpoint step=51200
[worker alg=ma_dreamer reward=tempest_fairness_ma_symetric cport=23105 agent=5 group=slot1_ep40 flow=1] started interval=20ms det=1 latent=8x8
[orch] link change t=45.0s bw=60 delay=82
[orch] link change t=60.0s bw=32 delay=41
[sao-listener] new flow 1 10.0.0.7:23206->10.0.0.14:5203 cc=astraea pid=760830 child=761646
[sao-listener] single-flow mode: attached worker; stopping ss scans
[sao-listener flow 1] cport=23206 cc=astraea worker active
[worker cport=23206 agent=6] loaded checkpoint step=51200
[worker alg=ma_dreamer reward=tempest_fairness_ma_symetric cport=23206 agent=6 group=slot2_ep38 flow=1] started interval=20ms det=1 latent=8x8
[orch] link change t=45.0s bw=95 delay=91
[orch] link change t=60.0s bw=90 delay=57
[sao-listener] new flow 1 10.0.0.7:23006->10.0.0.14:5201 cc=astraea pid=761708 child=762062
[sao-listener] single-flow mode: attached worker; stopping ss scans
[sao-listener flow 1] cport=23006 cc=astraea worker active
[worker cport=23006 agent=6] loaded checkpoint step=51200
[worker alg=ma_dreamer reward=tempest_fairness_ma_symetric cport=23006 agent=6 group=slot0_ep39 flow=1] started interval=20ms det=1 latent=8x8
[orch] link change t=75.0s bw=39 delay=27
[orch] link change t=60.0s bw=57 delay=15
[orch] link change t=75.0s bw=51 delay=75
[orch] link change t=75.0s bw=93 delay=88
[sao-listener] new flow 1 10.0.0.7:23106->10.0.0.14:5202 cc=astraea pid=761949 child=762261
[sao-listener] single-flow mode: attached worker; stopping ss scans
[sao-listener flow 1] cport=23106 cc=astraea worker active
[orch] link change t=75.0s bw=49 delay=53
[worker cport=23106 agent=6] loaded checkpoint step=51200
[worker alg=ma_dreamer reward=tempest_fairness_ma_symetric cport=23106 agent=6 group=slot1_ep40 flow=1] started interval=20ms det=1 latent=8x8
[orch] link change t=75.0s bw=77 delay=45
[orch] link change t=60.0s bw=10 delay=92
[orch] link change t=75.0s bw=44 delay=93
[orch] link change t=60.0s bw=95 delay=36
[orch] link change t=75.0s bw=66 delay=77
[orch] link change t=90.0s bw=28 delay=14
[orch] link change t=75.0s bw=87 delay=95
[orch] link change t=90.0s bw=52 delay=17
[orch] link change t=90.0s bw=74 delay=51
[orch] link change t=90.0s bw=22 delay=84
[orch] link change t=90.0s bw=93 delay=56
[orch] link change t=75.0s bw=42 delay=96
[orch] link change t=90.0s bw=65 delay=56
[orch] link change t=75.0s bw=26 delay=54
[orch] link change t=90.0s bw=23 delay=97
[orch] link change t=105.0s bw=94 delay=17
[orch] link change t=90.0s bw=31 delay=85
[orch] link change t=105.0s bw=76 delay=98
[orch] link change t=105.0s bw=97 delay=77
[orch] link change t=105.0s bw=75 delay=29
[orch] link change t=105.0s bw=84 delay=22
[orch] link change t=90.0s bw=55 delay=100
[orch] link change t=105.0s bw=81 delay=44
[orch] link change t=90.0s bw=45 delay=66
[orch] link change t=105.0s bw=68 delay=86
[orch] link change t=120.0s bw=27 delay=39
[orch] link change t=105.0s bw=54 delay=51
[orch] link change t=120.0s bw=70 delay=57
[orch] link change t=120.0s bw=71 delay=66
[orch] link change t=120.0s bw=22 delay=45
[orch] link change t=120.0s bw=56 delay=11
[orch] link change t=105.0s bw=32 delay=13
[orch] link change t=120.0s bw=79 delay=19
[orch] link change t=105.0s bw=13 delay=77
[orch] link change t=120.0s bw=46 delay=58
[orch] link change t=135.0s bw=78 delay=67
[orch] link change t=120.0s bw=44 delay=100
[orch] link change t=135.0s bw=86 delay=10
[orch] link change t=135.0s bw=46 delay=96
[orch] link change t=135.0s bw=54 delay=88
[orch] link change t=135.0s bw=75 delay=11
[orch] link change t=120.0s bw=47 delay=96
[orch] link change t=135.0s bw=83 delay=62
[orch] link change t=120.0s bw=26 delay=17
[orch] link change t=135.0s bw=64 delay=66
[orch] link change t=150.0s bw=77 delay=62
[orch] link change t=135.0s bw=52 delay=89
[orch] link change t=150.0s bw=79 delay=26
[orch] link change t=150.0s bw=91 delay=19
[orch] link change t=150.0s bw=10 delay=29
[orch] link change t=150.0s bw=22 delay=73
[orch] link change t=135.0s bw=19 delay=56
[orch] link change t=150.0s bw=72 delay=59
[orch] link change t=135.0s bw=92 delay=35
[orch] link change t=150.0s bw=28 delay=16
[orch] link change t=165.0s bw=36 delay=85
[orch] link change t=150.0s bw=49 delay=70
[orch] link change t=165.0s bw=77 delay=11
[orch] link change t=165.0s bw=48 delay=62
[orch] link change t=165.0s bw=77 delay=21
[orch] link change t=165.0s bw=57 delay=13
[orch] link change t=150.0s bw=11 delay=23
[orch] link change t=165.0s bw=54 delay=60
[orch] link change t=150.0s bw=89 delay=100
[orch] link change t=165.0s bw=21 delay=62
[orch] link change t=180.0s bw=21 delay=25
[orch] link change t=165.0s bw=84 delay=61
[orch] link change t=180.0s bw=72 delay=35
[orch] link change t=180.0s bw=49 delay=76
[orch] link change t=180.0s bw=17 delay=57
[orch] link change t=180.0s bw=53 delay=96
[orch] link change t=165.0s bw=64 delay=54
[orch] link change t=180.0s bw=41 delay=60
[orch] link change t=165.0s bw=68 delay=16
[orch] link change t=180.0s bw=19 delay=79
[orch] link change t=195.0s bw=12 delay=61
[orch] link change t=180.0s bw=38 delay=88
[orch] link change t=195.0s bw=46 delay=35
[orch] link change t=195.0s bw=73 delay=16
[orch] link change t=195.0s bw=42 delay=80
[orch] link change t=195.0s bw=73 delay=16
[orch] link change t=180.0s bw=64 delay=22
[orch] link change t=195.0s bw=31 delay=25
[orch] link change t=180.0s bw=32 delay=87
[orch] link change t=195.0s bw=46 delay=56
[orch] link change t=210.0s bw=53 delay=35
[orch] link change t=195.0s bw=20 delay=77
[orch] link change t=210.0s bw=67 delay=20
[orch] link change t=210.0s bw=87 delay=96
[orch] link change t=210.0s bw=100 delay=17
[orch] link change t=210.0s bw=12 delay=40
[orch] link change t=195.0s bw=60 delay=75
[orch] link change t=210.0s bw=75 delay=73
[orch] link change t=195.0s bw=50 delay=24
[orch] link change t=210.0s bw=92 delay=100
[orch] link change t=225.0s bw=36 delay=52
[orch] link change t=210.0s bw=72 delay=28
[orch] link change t=225.0s bw=52 delay=25
[orch] link change t=225.0s bw=64 delay=45
[orch] link change t=225.0s bw=59 delay=31
[orch] link change t=225.0s bw=51 delay=20
[orch] link change t=210.0s bw=84 delay=48
[orch] link change t=225.0s bw=99 delay=36
[orch] link change t=210.0s bw=42 delay=51
[orch] link change t=225.0s bw=65 delay=85
[orch] link change t=240.0s bw=60 delay=56
[orch] link change t=225.0s bw=65 delay=77
[orch] link change t=240.0s bw=14 delay=77
[orch] link change t=240.0s bw=50 delay=81
[orch] link change t=240.0s bw=85 delay=91
[orch] link change t=240.0s bw=30 delay=53
[orch] link change t=225.0s bw=44 delay=18
[orch] link change t=240.0s bw=77 delay=47
[orch] link change t=225.0s bw=28 delay=75
[orch] link change t=240.0s bw=82 delay=56
[orch] link change t=255.0s bw=86 delay=41
[orch] link change t=240.0s bw=41 delay=11
[orch] link change t=255.0s bw=24 delay=30
[orch] link change t=255.0s bw=97 delay=41
[orch] link change t=255.0s bw=49 delay=47
[orch] link change t=255.0s bw=31 delay=82
[orch] link change t=240.0s bw=68 delay=65
[orch] link change t=255.0s bw=33 delay=72
[orch] link change t=240.0s bw=97 delay=76
[orch] link change t=255.0s bw=91 delay=100
[orch] link change t=270.0s bw=36 delay=37
[orch] link change t=255.0s bw=58 delay=57
[orch] link change t=270.0s bw=66 delay=12
[orch] link change t=270.0s bw=25 delay=17
[orch] link change t=270.0s bw=58 delay=50
[orch] link change t=270.0s bw=19 delay=71
[orch] link change t=255.0s bw=42 delay=83
[orch] link change t=270.0s bw=100 delay=85
[orch] link change t=255.0s bw=22 delay=62
[orch] link change t=270.0s bw=83 delay=14
[orch] link change t=285.0s bw=63 delay=84
[orch] link change t=270.0s bw=78 delay=97
[orch] link change t=285.0s bw=65 delay=16
[orch] link change t=285.0s bw=50 delay=46
[orch] link change t=285.0s bw=37 delay=36
[orch] link change t=285.0s bw=56 delay=20
[orch] link change t=270.0s bw=51 delay=82
[orch] link change t=285.0s bw=51 delay=80
[orch] link change t=270.0s bw=16 delay=50
[orch] link change t=285.0s bw=77 delay=89
[orch] link change t=300.0s bw=94 delay=80
[orch] link change t=285.0s bw=88 delay=74
[orch] link change t=300.0s bw=14 delay=81
[orch] link change t=300.0s bw=37 delay=18
[orch] link change t=300.0s bw=67 delay=78
[orch] link change t=300.0s bw=47 delay=30
[orch] link change t=285.0s bw=10 delay=100
[orch] link change t=300.0s bw=31 delay=10
[orch] link change t=285.0s bw=52 delay=39
[orch] link change t=300.0s bw=37 delay=74
[orch] link change t=315.0s bw=17 delay=16
[orch] link change t=300.0s bw=13 delay=28
[orch] link change t=315.0s bw=55 delay=39
[orch] link change t=315.0s bw=56 delay=25
[orch] link change t=315.0s bw=32 delay=87
[orch] link change t=315.0s bw=83 delay=19
[orch] link change t=300.0s bw=15 delay=93
[orch] link change t=315.0s bw=86 delay=59
[orch] link change t=300.0s bw=29 delay=49
[orch] link change t=315.0s bw=63 delay=18
[orch] link change t=330.0s bw=33 delay=55
[orch] link change t=315.0s bw=70 delay=23
[orch] link change t=330.0s bw=30 delay=69
[orch] link change t=330.0s bw=93 delay=51
[orch] link change t=330.0s bw=26 delay=83
[orch] link change t=330.0s bw=96 delay=26
[orch] link change t=315.0s bw=34 delay=89
[orch] link change t=330.0s bw=73 delay=27
[orch] link change t=315.0s bw=30 delay=76
[orch] link change t=330.0s bw=11 delay=10
[orch] link change t=330.0s bw=42 delay=24
[orch] link change t=330.0s bw=89 delay=71
[orch] link change t=330.0s bw=49 delay=99
[multi_ep_plot] saved -> /its/home/mm2350/extra/Olympusv2/benchmarks/benchmark_responsive_fairness/data/ma_dreamer_symmetrical/7_flows/run31/ep000031_bw11_d70_n7.pdf  return=1302771.9
[ep_plot] ep=31 -> /its/home/mm2350/extra/Olympusv2/benchmarks/benchmark_responsive_fairness/data/ma_dreamer_symmetrical/7_flows/run31/ep000031_bw11_d70_n7.pdf  return=1302771.9375
[orch] ep=31 sum-of-agents return=1302771.9
[responsive_fairness] slot=4 ma_dreamer_symmetrical flows=7 run=41
[responsive_fairness] ma_dreamer_symmetrical flows=7 run=31 done (181/200)
[slot=4] ep=41  flows=7  bw=58Mbps  delay=52ms  duration=345s  delays=[0.0, 7.5, 15.0, 22.5, 30.0, 37.5, 45.0]  lifetimes=[345.0, 337.5, 330.0, 322.5, 315.0, 307.5, 300.0]
[multi_ep_plot] saved -> /its/home/mm2350/extra/Olympusv2/benchmarks/benchmark_responsive_fairness/data/ma_dreamer_symmetrical/7_flows/run32/ep000032_bw19_d37_n7.pdf  return=1550907.1
[ep_plot] ep=32 -> /its/home/mm2350/extra/Olympusv2/benchmarks/benchmark_responsive_fairness/data/ma_dreamer_symmetrical/7_flows/run32/ep000032_bw19_d37_n7.pdf  return=1550907.078125
[orch] ep=32 sum-of-agents return=1550907.1
[responsive_fairness] slot=9 ma_dreamer_symmetrical flows=7 run=42
[responsive_fairness] ma_dreamer_symmetrical flows=7 run=32 done (182/200)
[slot=9] ep=42  flows=7  bw=91Mbps  delay=24ms  duration=345s  delays=[0.0, 7.5, 15.0, 22.5, 30.0, 37.5, 45.0]  lifetimes=[345.0, 337.5, 330.0, 322.5, 315.0, 307.5, 300.0]
[sao-listener] cport=23400 worker=/its/home/mm2350/extra/Olympusv2/olympus/algorithms/ma_dreamer/worker.py scan=20ms target_cc=astraea single_flow=1 no_state_pipe=1
[sao-listener] cport=23401 worker=/its/home/mm2350/extra/Olympusv2/olympus/algorithms/ma_dreamer/worker.py scan=20ms target_cc=astraea single_flow=1 no_state_pipe=1
[sao-listener] cport=23402 worker=/its/home/mm2350/extra/Olympusv2/olympus/algorithms/ma_dreamer/worker.py scan=20ms target_cc=astraea single_flow=1 no_state_pipe=1
[sao-listener] cport=23403 worker=/its/home/mm2350/extra/Olympusv2/olympus/algorithms/ma_dreamer/worker.py scan=20ms target_cc=astraea single_flow=1 no_state_pipe=1
[sao-listener] cport=23404 worker=/its/home/mm2350/extra/Olympusv2/olympus/algorithms/ma_dreamer/worker.py scan=20ms target_cc=astraea single_flow=1 no_state_pipe=1
[sao-listener] cport=23405 worker=/its/home/mm2350/extra/Olympusv2/olympus/algorithms/ma_dreamer/worker.py scan=20ms target_cc=astraea single_flow=1 no_state_pipe=1
[sao-listener] cport=23406 worker=/its/home/mm2350/extra/Olympusv2/olympus/algorithms/ma_dreamer/worker.py scan=20ms target_cc=astraea single_flow=1 no_state_pipe=1
[multi_ep_plot] saved -> /its/home/mm2350/extra/Olympusv2/benchmarks/benchmark_responsive_fairness/data/ma_dreamer_symmetrical/7_flows/run33/ep000033_bw83_d31_n7.pdf  return=1656133.7
[ep_plot] ep=33 -> /its/home/mm2350/extra/Olympusv2/benchmarks/benchmark_responsive_fairness/data/ma_dreamer_symmetrical/7_flows/run33/ep000033_bw83_d31_n7.pdf  return=1656133.734375
[orch] ep=33 sum-of-agents return=1656133.7
[responsive_fairness] slot=5 ma_dreamer_symmetrical flows=7 run=43
[responsive_fairness] ma_dreamer_symmetrical flows=7 run=33 done (183/200)
[slot=5] ep=43  flows=7  bw=14Mbps  delay=46ms  duration=345s  delays=[0.0, 7.5, 15.0, 22.5, 30.0, 37.5, 45.0]  lifetimes=[345.0, 337.5, 330.0, 322.5, 315.0, 307.5, 300.0]
[sao-listener] cport=23900 worker=/its/home/mm2350/extra/Olympusv2/olympus/algorithms/ma_dreamer/worker.py scan=20ms target_cc=astraea single_flow=1 no_state_pipe=1
[sao-listener] cport=23901 worker=/its/home/mm2350/extra/Olympusv2/olympus/algorithms/ma_dreamer/worker.py scan=20ms target_cc=astraea single_flow=1 no_state_pipe=1
[sao-listener] cport=23902 worker=/its/home/mm2350/extra/Olympusv2/olympus/algorithms/ma_dreamer/worker.py scan=20ms target_cc=astraea single_flow=1 no_state_pipe=1
[sao-listener] cport=23903 worker=/its/home/mm2350/extra/Olympusv2/olympus/algorithms/ma_dreamer/worker.py scan=20ms target_cc=astraea single_flow=1 no_state_pipe=1
[sao-listener] cport=23904 worker=/its/home/mm2350/extra/Olympusv2/olympus/algorithms/ma_dreamer/worker.py scan=20ms target_cc=astraea single_flow=1 no_state_pipe=1
[sao-listener] cport=23905 worker=/its/home/mm2350/extra/Olympusv2/olympus/algorithms/ma_dreamer/worker.py scan=20ms target_cc=astraea single_flow=1 no_state_pipe=1
[sao-listener] cport=23906 worker=/its/home/mm2350/extra/Olympusv2/olympus/algorithms/ma_dreamer/worker.py scan=20ms target_cc=astraea single_flow=1 no_state_pipe=1
[multi_ep_plot] saved -> /its/home/mm2350/extra/Olympusv2/benchmarks/benchmark_responsive_fairness/data/ma_dreamer_symmetrical/7_flows/run34/ep000034_bw77_d55_n7.pdf  return=1443461.4
[ep_plot] ep=34 -> /its/home/mm2350/extra/Olympusv2/benchmarks/benchmark_responsive_fairness/data/ma_dreamer_symmetrical/7_flows/run34/ep000034_bw77_d55_n7.pdf  return=1443461.4375
[orch] ep=34 sum-of-agents return=1443461.4
[sao-listener] cport=23500 worker=/its/home/mm2350/extra/Olympusv2/olympus/algorithms/ma_dreamer/worker.py scan=20ms target_cc=astraea single_flow=1 no_state_pipe=1
[sao-listener] cport=23501 worker=/its/home/mm2350/extra/Olympusv2/olympus/algorithms/ma_dreamer/worker.py scan=20ms target_cc=astraea single_flow=1 no_state_pipe=1
[responsive_fairness] slot=3 ma_dreamer_symmetrical flows=7 run=44
[responsive_fairness] ma_dreamer_symmetrical flows=7 run=34 done (184/200)
[sao-listener] cport=23502 worker=/its/home/mm2350/extra/Olympusv2/olympus/algorithms/ma_dreamer/worker.py scan=20ms target_cc=astraea single_flow=1 no_state_pipe=1
[sao-listener] cport=23503 worker=/its/home/mm2350/extra/Olympusv2/olympus/algorithms/ma_dreamer/worker.py scan=20ms target_cc=astraea single_flow=1 no_state_pipe=1
[slot=3] ep=44  flows=7  bw=62Mbps  delay=76ms  duration=345s  delays=[0.0, 7.5, 15.0, 22.5, 30.0, 37.5, 45.0]  lifetimes=[345.0, 337.5, 330.0, 322.5, 315.0, 307.5, 300.0]
[sao-listener] cport=23504 worker=/its/home/mm2350/extra/Olympusv2/olympus/algorithms/ma_dreamer/worker.py scan=20ms target_cc=astraea single_flow=1 no_state_pipe=1
[sao-listener] cport=23505 worker=/its/home/mm2350/extra/Olympusv2/olympus/algorithms/ma_dreamer/worker.py scan=20ms target_cc=astraea single_flow=1 no_state_pipe=1
[sao-listener] cport=23506 worker=/its/home/mm2350/extra/Olympusv2/olympus/algorithms/ma_dreamer/worker.py scan=20ms target_cc=astraea single_flow=1 no_state_pipe=1
[sao-listener] cport=23300 worker=/its/home/mm2350/extra/Olympusv2/olympus/algorithms/ma_dreamer/worker.py scan=20ms target_cc=astraea single_flow=1 no_state_pipe=1
[sao-listener] cport=23301 worker=/its/home/mm2350/extra/Olympusv2/olympus/algorithms/ma_dreamer/worker.py scan=20ms target_cc=astraea single_flow=1 no_state_pipe=1
[multi_ep_plot] saved -> /its/home/mm2350/extra/Olympusv2/benchmarks/benchmark_responsive_fairness/data/ma_dreamer_symmetrical/7_flows/run35/ep000035_bw80_d52_n7.pdf  return=1430280.0
[ep_plot] ep=35 -> /its/home/mm2350/extra/Olympusv2/benchmarks/benchmark_responsive_fairness/data/ma_dreamer_symmetrical/7_flows/run35/ep000035_bw80_d52_n7.pdf  return=1430279.953125
[orch] ep=35 sum-of-agents return=1430280.0
[sao-listener] cport=23302 worker=/its/home/mm2350/extra/Olympusv2/olympus/algorithms/ma_dreamer/worker.py scan=20ms target_cc=astraea single_flow=1 no_state_pipe=1
[sao-listener] cport=23303 worker=/its/home/mm2350/extra/Olympusv2/olympus/algorithms/ma_dreamer/worker.py scan=20ms target_cc=astraea single_flow=1 no_state_pipe=1
[responsive_fairness] slot=8 ma_dreamer_symmetrical flows=7 run=45
[responsive_fairness] ma_dreamer_symmetrical flows=7 run=35 done (185/200)
[sao-listener] cport=23304 worker=/its/home/mm2350/extra/Olympusv2/olympus/algorithms/ma_dreamer/worker.py scan=20ms target_cc=astraea single_flow=1 no_state_pipe=1
[slot=8] ep=45  flows=7  bw=44Mbps  delay=63ms  duration=345s  delays=[0.0, 7.5, 15.0, 22.5, 30.0, 37.5, 45.0]  lifetimes=[345.0, 337.5, 330.0, 322.5, 315.0, 307.5, 300.0]
[sao-listener] cport=23305 worker=/its/home/mm2350/extra/Olympusv2/olympus/algorithms/ma_dreamer/worker.py scan=20ms target_cc=astraea single_flow=1 no_state_pipe=1
[sao-listener] cport=23306 worker=/its/home/mm2350/extra/Olympusv2/olympus/algorithms/ma_dreamer/worker.py scan=20ms target_cc=astraea single_flow=1 no_state_pipe=1
[sao-listener] new flow 1 10.0.0.1:23400->10.0.0.8:5205 cc=astraea pid=765786 child=768125
[sao-listener] single-flow mode: attached worker; stopping ss scans
[sao-listener flow 1] cport=23400 cc=astraea worker active
[worker cport=23400 agent=0] loaded checkpoint step=51200
[worker alg=ma_dreamer reward=tempest_fairness_ma_symetric cport=23400 agent=0 group=slot4_ep41 flow=1] started interval=20ms det=1 latent=8x8
[sao-listener] cport=23800 worker=/its/home/mm2350/extra/Olympusv2/olympus/algorithms/ma_dreamer/worker.py scan=20ms target_cc=astraea single_flow=1 no_state_pipe=1
[sao-listener] cport=23801 worker=/its/home/mm2350/extra/Olympusv2/olympus/algorithms/ma_dreamer/worker.py scan=20ms target_cc=astraea single_flow=1 no_state_pipe=1
[sao-listener] cport=23802 worker=/its/home/mm2350/extra/Olympusv2/olympus/algorithms/ma_dreamer/worker.py scan=20ms target_cc=astraea single_flow=1 no_state_pipe=1
[sao-listener] cport=23803 worker=/its/home/mm2350/extra/Olympusv2/olympus/algorithms/ma_dreamer/worker.py scan=20ms target_cc=astraea single_flow=1 no_state_pipe=1
[sao-listener] cport=23804 worker=/its/home/mm2350/extra/Olympusv2/olympus/algorithms/ma_dreamer/worker.py scan=20ms target_cc=astraea single_flow=1 no_state_pipe=1
[sao-listener] cport=23805 worker=/its/home/mm2350/extra/Olympusv2/olympus/algorithms/ma_dreamer/worker.py scan=20ms target_cc=astraea single_flow=1 no_state_pipe=1
[sao-listener] cport=23806 worker=/its/home/mm2350/extra/Olympusv2/olympus/algorithms/ma_dreamer/worker.py scan=20ms target_cc=astraea single_flow=1 no_state_pipe=1
[sao-listener] new flow 1 10.0.0.1:23900->10.0.0.8:5210 cc=astraea pid=766511 child=769857
[sao-listener] single-flow mode: attached worker; stopping ss scans
[sao-listener flow 1] cport=23900 cc=astraea worker active
[worker cport=23900 agent=0] loaded checkpoint step=51200
[worker alg=ma_dreamer reward=tempest_fairness_ma_symetric cport=23900 agent=0 group=slot9_ep42 flow=1] started interval=20ms det=1 latent=8x8
[sao-listener] new flow 1 10.0.0.1:23500->10.0.0.8:5206 cc=astraea pid=767031 child=770945
[sao-listener] single-flow mode: attached worker; stopping ss scans
[sao-listener flow 1] cport=23500 cc=astraea worker active
[multi_ep_plot] saved -> /its/home/mm2350/extra/Olympusv2/benchmarks/benchmark_responsive_fairness/data/ma_dreamer_symmetrical/7_flows/run36/ep000036_bw52_d17_n7.pdf  return=1564508.6
[ep_plot] ep=36 -> /its/home/mm2350/extra/Olympusv2/benchmarks/benchmark_responsive_fairness/data/ma_dreamer_symmetrical/7_flows/run36/ep000036_bw52_d17_n7.pdf  return=1564508.625
[orch] ep=36 sum-of-agents return=1564508.6
[responsive_fairness] slot=6 ma_dreamer_symmetrical flows=7 run=46
[responsive_fairness] ma_dreamer_symmetrical flows=7 run=36 done (186/200)
[slot=6] ep=46  flows=7  bw=19Mbps  delay=61ms  duration=345s  delays=[0.0, 7.5, 15.0, 22.5, 30.0, 37.5, 45.0]  lifetimes=[345.0, 337.5, 330.0, 322.5, 315.0, 307.5, 300.0]
[worker cport=23500 agent=0] loaded checkpoint step=51200
[worker alg=ma_dreamer reward=tempest_fairness_ma_symetric cport=23500 agent=0 group=slot5_ep43 flow=1] started interval=20ms det=1 latent=8x8
[sao-listener] cport=23600 worker=/its/home/mm2350/extra/Olympusv2/olympus/algorithms/ma_dreamer/worker.py scan=20ms target_cc=astraea single_flow=1 no_state_pipe=1
[sao-listener] cport=23601 worker=/its/home/mm2350/extra/Olympusv2/olympus/algorithms/ma_dreamer/worker.py scan=20ms target_cc=astraea single_flow=1 no_state_pipe=1
[sao-listener] cport=23602 worker=/its/home/mm2350/extra/Olympusv2/olympus/algorithms/ma_dreamer/worker.py scan=20ms target_cc=astraea single_flow=1 no_state_pipe=1
[sao-listener] cport=23603 worker=/its/home/mm2350/extra/Olympusv2/olympus/algorithms/ma_dreamer/worker.py scan=20ms target_cc=astraea single_flow=1 no_state_pipe=1
[sao-listener] cport=23604 worker=/its/home/mm2350/extra/Olympusv2/olympus/algorithms/ma_dreamer/worker.py scan=20ms target_cc=astraea single_flow=1 no_state_pipe=1
[sao-listener] cport=23605 worker=/its/home/mm2350/extra/Olympusv2/olympus/algorithms/ma_dreamer/worker.py scan=20ms target_cc=astraea single_flow=1 no_state_pipe=1
[sao-listener] cport=23606 worker=/its/home/mm2350/extra/Olympusv2/olympus/algorithms/ma_dreamer/worker.py scan=20ms target_cc=astraea single_flow=1 no_state_pipe=1
[sao-listener] new flow 1 10.0.0.1:23300->10.0.0.8:5204 cc=astraea pid=768473 child=773113
[sao-listener] single-flow mode: attached worker; stopping ss scans
[sao-listener flow 1] cport=23300 cc=astraea worker active
[worker cport=23300 agent=0] loaded checkpoint step=51200
[worker alg=ma_dreamer reward=tempest_fairness_ma_symetric cport=23300 agent=0 group=slot3_ep44 flow=1] started interval=20ms det=1 latent=8x8
[sao-listener] new flow 1 10.0.0.1:23800->10.0.0.8:5209 cc=astraea pid=770184 child=774425
[sao-listener] single-flow mode: attached worker; stopping ss scans
[sao-listener flow 1] cport=23800 cc=astraea worker active
[sao-listener] new flow 1 10.0.0.2:23501->10.0.0.9:5206 cc=astraea pid=774653 child=775325
[sao-listener] single-flow mode: attached worker; stopping ss scans
[sao-listener flow 1] cport=23501 cc=astraea worker active
[worker cport=23800 agent=0] loaded checkpoint step=51200
[worker alg=ma_dreamer reward=tempest_fairness_ma_symetric cport=23800 agent=0 group=slot8_ep45 flow=1] started interval=20ms det=1 latent=8x8
[worker cport=23501 agent=1] loaded checkpoint step=51200
[worker alg=ma_dreamer reward=tempest_fairness_ma_symetric cport=23501 agent=1 group=slot5_ep43 flow=1] started interval=20ms det=1 latent=8x8
[multi_ep_plot] saved -> /its/home/mm2350/extra/Olympusv2/benchmarks/benchmark_responsive_fairness/data/ma_dreamer_symmetrical/7_flows/run37/ep000037_bw97_d87_n7.pdf  return=1270113.8
[ep_plot] ep=37 -> /its/home/mm2350/extra/Olympusv2/benchmarks/benchmark_responsive_fairness/data/ma_dreamer_symmetrical/7_flows/run37/ep000037_bw97_d87_n7.pdf  return=1270113.765625
[orch] ep=37 sum-of-agents return=1270113.8
[responsive_fairness] slot=7 ma_dreamer_symmetrical flows=7 run=47
[responsive_fairness] ma_dreamer_symmetrical flows=7 run=37 done (187/200)
[slot=7] ep=47  flows=7  bw=55Mbps  delay=18ms  duration=345s  delays=[0.0, 7.5, 15.0, 22.5, 30.0, 37.5, 45.0]  lifetimes=[345.0, 337.5, 330.0, 322.5, 315.0, 307.5, 300.0]
[sao-listener] new flow 1 10.0.0.2:23401->10.0.0.9:5205 cc=astraea pid=773634 child=776562
[sao-listener] single-flow mode: attached worker; stopping ss scans
[sao-listener flow 1] cport=23401 cc=astraea worker active
[sao-listener] new flow 1 10.0.0.2:23301->10.0.0.9:5204 cc=astraea pid=775627 child=776944
[sao-listener] single-flow mode: attached worker; stopping ss scans
[sao-listener flow 1] cport=23301 cc=astraea worker active
[worker cport=23401 agent=1] loaded checkpoint step=51200
[worker alg=ma_dreamer reward=tempest_fairness_ma_symetric cport=23401 agent=1 group=slot4_ep41 flow=1] started interval=20ms det=1 latent=8x8
[sao-listener] new flow 1 10.0.0.1:23600->10.0.0.8:5207 cc=astraea pid=773573 child=778063
[sao-listener] single-flow mode: attached worker; stopping ss scans
[sao-listener flow 1] cport=23600 cc=astraea worker active
[worker cport=23301 agent=1] loaded checkpoint step=51200
[worker alg=ma_dreamer reward=tempest_fairness_ma_symetric cport=23301 agent=1 group=slot3_ep44 flow=1] started interval=20ms det=1 latent=8x8
[sao-listener] cport=23700 worker=/its/home/mm2350/extra/Olympusv2/olympus/algorithms/ma_dreamer/worker.py scan=20ms target_cc=astraea single_flow=1 no_state_pipe=1
[sao-listener] cport=23701 worker=/its/home/mm2350/extra/Olympusv2/olympus/algorithms/ma_dreamer/worker.py scan=20ms target_cc=astraea single_flow=1 no_state_pipe=1
[sao-listener] cport=23702 worker=/its/home/mm2350/extra/Olympusv2/olympus/algorithms/ma_dreamer/worker.py scan=20ms target_cc=astraea single_flow=1 no_state_pipe=1
[sao-listener] cport=23703 worker=/its/home/mm2350/extra/Olympusv2/olympus/algorithms/ma_dreamer/worker.py scan=20ms target_cc=astraea single_flow=1 no_state_pipe=1
[sao-listener] cport=23704 worker=/its/home/mm2350/extra/Olympusv2/olympus/algorithms/ma_dreamer/worker.py scan=20ms target_cc=astraea single_flow=1 no_state_pipe=1
[sao-listener] cport=23705 worker=/its/home/mm2350/extra/Olympusv2/olympus/algorithms/ma_dreamer/worker.py scan=20ms target_cc=astraea single_flow=1 no_state_pipe=1
[sao-listener] cport=23706 worker=/its/home/mm2350/extra/Olympusv2/olympus/algorithms/ma_dreamer/worker.py scan=20ms target_cc=astraea single_flow=1 no_state_pipe=1
[sao-listener] new flow 1 10.0.0.2:23901->10.0.0.9:5210 cc=astraea pid=774081 child=779218
[sao-listener] single-flow mode: attached worker; stopping ss scans
[sao-listener flow 1] cport=23901 cc=astraea worker active
[worker cport=23600 agent=0] loaded checkpoint step=51200
[worker alg=ma_dreamer reward=tempest_fairness_ma_symetric cport=23600 agent=0 group=slot6_ep46 flow=1] started interval=20ms det=1 latent=8x8
[sao-listener] new flow 1 10.0.0.2:23801->10.0.0.9:5209 cc=astraea pid=776812 child=779936
[sao-listener] single-flow mode: attached worker; stopping ss scans
[sao-listener flow 1] cport=23801 cc=astraea worker active
[orch] link change t=15.0s bw=39 delay=31
[worker cport=23901 agent=1] loaded checkpoint step=51200
[worker alg=ma_dreamer reward=tempest_fairness_ma_symetric cport=23901 agent=1 group=slot9_ep42 flow=1] started interval=20ms det=1 latent=8x8
[orch] link change t=15.0s bw=13 delay=45
[worker cport=23801 agent=1] loaded checkpoint step=51200
[worker alg=ma_dreamer reward=tempest_fairness_ma_symetric cport=23801 agent=1 group=slot8_ep45 flow=1] started interval=20ms det=1 latent=8x8
[orch] link change t=15.0s bw=99 delay=28
[multi_ep_plot] saved -> /its/home/mm2350/extra/Olympusv2/benchmarks/benchmark_responsive_fairness/data/ma_dreamer_symmetrical/7_flows/run38/ep000038_bw91_d63_n7.pdf  return=1520714.0
[ep_plot] ep=38 -> /its/home/mm2350/extra/Olympusv2/benchmarks/benchmark_responsive_fairness/data/ma_dreamer_symmetrical/7_flows/run38/ep000038_bw91_d63_n7.pdf  return=1520714.015625
[orch] ep=38 sum-of-agents return=1520714.0
[responsive_fairness] slot=2 ma_dreamer_symmetrical flows=7 run=48
[responsive_fairness] ma_dreamer_symmetrical flows=7 run=38 done (188/200)
[slot=2] ep=48  flows=7  bw=80Mbps  delay=50ms  duration=345s  delays=[0.0, 7.5, 15.0, 22.5, 30.0, 37.5, 45.0]  lifetimes=[345.0, 337.5, 330.0, 322.5, 315.0, 307.5, 300.0]
[sao-listener] new flow 1 10.0.0.3:23402->10.0.0.10:5205 cc=astraea pid=780758 child=782257
[sao-listener flow 1] cport=23402 cc=astraea worker active
[sao-listener] single-flow mode: attached worker; stopping ss scans
[orch] link change t=15.0s bw=79 delay=99
[sao-listener] cport=23200 worker=/its/home/mm2350/extra/Olympusv2/olympus/algorithms/ma_dreamer/worker.py scan=20ms target_cc=astraea single_flow=1 no_state_pipe=1
[sao-listener] cport=23201 worker=/its/home/mm2350/extra/Olympusv2/olympus/algorithms/ma_dreamer/worker.py scan=20ms target_cc=astraea single_flow=1 no_state_pipe=1
[sao-listener] cport=23202 worker=/its/home/mm2350/extra/Olympusv2/olympus/algorithms/ma_dreamer/worker.py scan=20ms target_cc=astraea single_flow=1 no_state_pipe=1
[sao-listener] cport=23203 worker=/its/home/mm2350/extra/Olympusv2/olympus/algorithms/ma_dreamer/worker.py scan=20ms target_cc=astraea single_flow=1 no_state_pipe=1
[sao-listener] cport=23204 worker=/its/home/mm2350/extra/Olympusv2/olympus/algorithms/ma_dreamer/worker.py scan=20ms target_cc=astraea single_flow=1 no_state_pipe=1
[sao-listener] cport=23205 worker=/its/home/mm2350/extra/Olympusv2/olympus/algorithms/ma_dreamer/worker.py scan=20ms target_cc=astraea single_flow=1 no_state_pipe=1
[sao-listener] cport=23206 worker=/its/home/mm2350/extra/Olympusv2/olympus/algorithms/ma_dreamer/worker.py scan=20ms target_cc=astraea single_flow=1 no_state_pipe=1
[worker cport=23402 agent=2] loaded checkpoint step=51200
[worker alg=ma_dreamer reward=tempest_fairness_ma_symetric cport=23402 agent=2 group=slot4_ep41 flow=1] started interval=20ms det=1 latent=8x8
[sao-listener] new flow 1 10.0.0.2:23601->10.0.0.9:5207 cc=astraea pid=780698 child=783932
[sao-listener] single-flow mode: attached worker; stopping ss scans
[sao-listener flow 1] cport=23601 cc=astraea worker active
[orch] link change t=15.0s bw=72 delay=42
[sao-listener] new flow 1 10.0.0.3:23902->10.0.0.10:5210 cc=astraea pid=781225 child=784247
[sao-listener] single-flow mode: attached worker; stopping ss scans
[sao-listener flow 1] cport=23902 cc=astraea worker active
[sao-listener] new flow 1 10.0.0.1:23700->10.0.0.8:5208 cc=astraea pid=779563 child=784706
[sao-listener] single-flow mode: attached worker; stopping ss scans
[sao-listener flow 1] cport=23700 cc=astraea worker active
[worker cport=23601 agent=1] loaded checkpoint step=51200
[worker alg=ma_dreamer reward=tempest_fairness_ma_symetric cport=23601 agent=1 group=slot6_ep46 flow=1] started interval=20ms det=1 latent=8x8
[worker cport=23902 agent=2] loaded checkpoint step=51200
[worker alg=ma_dreamer reward=tempest_fairness_ma_symetric cport=23902 agent=2 group=slot9_ep42 flow=1] started interval=20ms det=1 latent=8x8
[sao-listener] new flow 1 10.0.0.3:23802->10.0.0.10:5209 cc=astraea pid=784708 child=785336
[sao-listener] single-flow mode: attached worker; stopping ss scans
[sao-listener flow 1] cport=23802 cc=astraea worker active
[worker cport=23700 agent=0] loaded checkpoint step=51200
[worker alg=ma_dreamer reward=tempest_fairness_ma_symetric cport=23700 agent=0 group=slot7_ep47 flow=1] started interval=20ms det=1 latent=8x8
[worker cport=23802 agent=2] loaded checkpoint step=51200
[worker alg=ma_dreamer reward=tempest_fairness_ma_symetric cport=23802 agent=2 group=slot8_ep45 flow=1] started interval=20ms det=1 latent=8x8
[sao-listener] new flow 1 10.0.0.3:23502->10.0.0.10:5206 cc=astraea pid=781792 child=786739
[sao-listener] single-flow mode: attached worker; stopping ss scans
[sao-listener flow 1] cport=23502 cc=astraea worker active
[orch] link change t=15.0s bw=15 delay=85
[multi_ep_plot] saved -> /its/home/mm2350/extra/Olympusv2/benchmarks/benchmark_responsive_fairness/data/ma_dreamer_symmetrical/7_flows/run39/ep000039_bw36_d43_n7.pdf  return=1383352.3
[ep_plot] ep=39 -> /its/home/mm2350/extra/Olympusv2/benchmarks/benchmark_responsive_fairness/data/ma_dreamer_symmetrical/7_flows/run39/ep000039_bw36_d43_n7.pdf  return=1383352.328125
[orch] ep=39 sum-of-agents return=1383352.3
[responsive_fairness] slot=0 ma_dreamer_symmetrical flows=7 run=49
[responsive_fairness] ma_dreamer_symmetrical flows=7 run=39 done (189/200)
[slot=0] ep=49  flows=7  bw=18Mbps  delay=54ms  duration=345s  delays=[0.0, 7.5, 15.0, 22.5, 30.0, 37.5, 45.0]  lifetimes=[345.0, 337.5, 330.0, 322.5, 315.0, 307.5, 300.0]
[worker cport=23502 agent=2] loaded checkpoint step=51200
[worker alg=ma_dreamer reward=tempest_fairness_ma_symetric cport=23502 agent=2 group=slot5_ep43 flow=1] started interval=20ms det=1 latent=8x8
[sao-listener] new flow 1 10.0.0.3:23302->10.0.0.10:5204 cc=astraea pid=783471 child=788032
[sao-listener] single-flow mode: attached worker; stopping ss scans
[sao-listener flow 1] cport=23302 cc=astraea worker active
[sao-listener] new flow 1 10.0.0.1:23200->10.0.0.8:5203 cc=astraea pid=783940 child=788290
[sao-listener] single-flow mode: attached worker; stopping ss scans
[sao-listener flow 1] cport=23200 cc=astraea worker active
[sao-listener] new flow 1 10.0.0.3:23602->10.0.0.10:5207 cc=astraea pid=787838 child=789385
[sao-listener] single-flow mode: attached worker; stopping ss scans
[sao-listener flow 1] cport=23602 cc=astraea worker active
[sao-listener] cport=23000 worker=/its/home/mm2350/extra/Olympusv2/olympus/algorithms/ma_dreamer/worker.py scan=20ms target_cc=astraea single_flow=1 no_state_pipe=1
[sao-listener] cport=23001 worker=/its/home/mm2350/extra/Olympusv2/olympus/algorithms/ma_dreamer/worker.py scan=20ms target_cc=astraea single_flow=1 no_state_pipe=1
[sao-listener] cport=23002 worker=/its/home/mm2350/extra/Olympusv2/olympus/algorithms/ma_dreamer/worker.py scan=20ms target_cc=astraea single_flow=1 no_state_pipe=1
[sao-listener] cport=23003 worker=/its/home/mm2350/extra/Olympusv2/olympus/algorithms/ma_dreamer/worker.py scan=20ms target_cc=astraea single_flow=1 no_state_pipe=1
[sao-listener] cport=23004 worker=/its/home/mm2350/extra/Olympusv2/olympus/algorithms/ma_dreamer/worker.py scan=20ms target_cc=astraea single_flow=1 no_state_pipe=1
[sao-listener] cport=23005 worker=/its/home/mm2350/extra/Olympusv2/olympus/algorithms/ma_dreamer/worker.py scan=20ms target_cc=astraea single_flow=1 no_state_pipe=1
[sao-listener] cport=23006 worker=/its/home/mm2350/extra/Olympusv2/olympus/algorithms/ma_dreamer/worker.py scan=20ms target_cc=astraea single_flow=1 no_state_pipe=1
[worker cport=23302 agent=2] loaded checkpoint step=51200
[worker alg=ma_dreamer reward=tempest_fairness_ma_symetric cport=23302 agent=2 group=slot3_ep44 flow=1] started interval=20ms det=1 latent=8x8
[worker cport=23200 agent=0] loaded checkpoint step=51200
[worker alg=ma_dreamer reward=tempest_fairness_ma_symetric cport=23200 agent=0 group=slot2_ep48 flow=1] started interval=20ms det=1 latent=8x8
[sao-listener] new flow 1 10.0.0.2:23701->10.0.0.9:5208 cc=astraea pid=786504 child=790289
[sao-listener] single-flow mode: attached worker; stopping ss scans
[sao-listener flow 1] cport=23701 cc=astraea worker active
[sao-listener] new flow 1 10.0.0.4:23903->10.0.0.11:5210 cc=astraea pid=788670 child=790510
[sao-listener] single-flow mode: attached worker; stopping ss scans
[sao-listener flow 1] cport=23903 cc=astraea worker active
[worker cport=23602 agent=2] loaded checkpoint step=51200
[worker alg=ma_dreamer reward=tempest_fairness_ma_symetric cport=23602 agent=2 group=slot6_ep46 flow=1] started interval=20ms det=1 latent=8x8
[worker cport=23701 agent=1] loaded checkpoint step=51200
[worker alg=ma_dreamer reward=tempest_fairness_ma_symetric cport=23701 agent=1 group=slot7_ep47 flow=1] started interval=20ms det=1 latent=8x8
[worker cport=23903 agent=3] loaded checkpoint step=51200
[worker alg=ma_dreamer reward=tempest_fairness_ma_symetric cport=23903 agent=3 group=slot9_ep42 flow=1] started interval=20ms det=1 latent=8x8
[multi_ep_plot] saved -> /its/home/mm2350/extra/Olympusv2/benchmarks/benchmark_responsive_fairness/data/ma_dreamer_symmetrical/7_flows/run40/ep000040_bw68_d84_n7.pdf  return=1370246.2
[ep_plot] ep=40 -> /its/home/mm2350/extra/Olympusv2/benchmarks/benchmark_responsive_fairness/data/ma_dreamer_symmetrical/7_flows/run40/ep000040_bw68_d84_n7.pdf  return=1370246.21875
[orch] ep=40 sum-of-agents return=1370246.2
[responsive_fairness] slot=1 ma_dreamer_symmetrical flows=7 run=50
[responsive_fairness] ma_dreamer_symmetrical flows=7 run=40 done (190/200)
[slot=1] ep=50  flows=7  bw=73Mbps  delay=44ms  duration=345s  delays=[0.0, 7.5, 15.0, 22.5, 30.0, 37.5, 45.0]  lifetimes=[345.0, 337.5, 330.0, 322.5, 315.0, 307.5, 300.0]
[sao-listener] new flow 1 10.0.0.4:23503->10.0.0.11:5206 cc=astraea pid=789670 child=793132
[sao-listener] single-flow mode: attached worker; stopping ss scans
[sao-listener flow 1] cport=23503 cc=astraea worker active
[sao-listener] cport=23100 worker=/its/home/mm2350/extra/Olympusv2/olympus/algorithms/ma_dreamer/worker.py scan=20ms target_cc=astraea single_flow=1 no_state_pipe=1
[sao-listener] cport=23101 worker=/its/home/mm2350/extra/Olympusv2/olympus/algorithms/ma_dreamer/worker.py scan=20ms target_cc=astraea single_flow=1 no_state_pipe=1
[sao-listener] cport=23102 worker=/its/home/mm2350/extra/Olympusv2/olympus/algorithms/ma_dreamer/worker.py scan=20ms target_cc=astraea single_flow=1 no_state_pipe=1
[orch] link change t=15.0s bw=65 delay=80
[sao-listener] cport=23103 worker=/its/home/mm2350/extra/Olympusv2/olympus/algorithms/ma_dreamer/worker.py scan=20ms target_cc=astraea single_flow=1 no_state_pipe=1
[sao-listener] cport=23104 worker=/its/home/mm2350/extra/Olympusv2/olympus/algorithms/ma_dreamer/worker.py scan=20ms target_cc=astraea single_flow=1 no_state_pipe=1
[sao-listener] cport=23105 worker=/its/home/mm2350/extra/Olympusv2/olympus/algorithms/ma_dreamer/worker.py scan=20ms target_cc=astraea single_flow=1 no_state_pipe=1
[sao-listener] cport=23106 worker=/its/home/mm2350/extra/Olympusv2/olympus/algorithms/ma_dreamer/worker.py scan=20ms target_cc=astraea single_flow=1 no_state_pipe=1
[worker cport=23503 agent=3] loaded checkpoint step=51200
[worker alg=ma_dreamer reward=tempest_fairness_ma_symetric cport=23503 agent=3 group=slot5_ep43 flow=1] started interval=20ms det=1 latent=8x8
[sao-listener] new flow 1 10.0.0.4:23403->10.0.0.11:5205 cc=astraea pid=787891 child=794477
[sao-listener] single-flow mode: attached worker; stopping ss scans
[sao-listener flow 1] cport=23403 cc=astraea worker active
[orch] link change t=30.0s bw=59 delay=83
[orch] link change t=30.0s bw=41 delay=38
[sao-listener] new flow 1 10.0.0.4:23303->10.0.0.11:5204 cc=astraea pid=790782 child=795285
[sao-listener] single-flow mode: attached worker; stopping ss scans
[sao-listener flow 1] cport=23303 cc=astraea worker active
[worker cport=23403 agent=3] loaded checkpoint step=51200
[worker alg=ma_dreamer reward=tempest_fairness_ma_symetric cport=23403 agent=3 group=slot4_ep41 flow=1] started interval=20ms det=1 latent=8x8
[sao-listener] new flow 1 10.0.0.2:23201->10.0.0.9:5203 cc=astraea pid=791158 child=795545
[sao-listener] single-flow mode: attached worker; stopping ss scans
[sao-listener flow 1] cport=23201 cc=astraea worker active
[orch] link change t=30.0s bw=69 delay=57
[sao-listener] new flow 1 10.0.0.1:23000->10.0.0.8:5201 cc=astraea pid=790167 child=795983
[sao-listener] single-flow mode: attached worker; stopping ss scans
[sao-listener flow 1] cport=23000 cc=astraea worker active
[sao-listener] new flow 1 10.0.0.4:23603->10.0.0.11:5207 cc=astraea pid=795137 child=796110
[sao-listener] single-flow mode: attached worker; stopping ss scans
[sao-listener flow 1] cport=23603 cc=astraea worker active
[worker cport=23303 agent=3] loaded checkpoint step=51200
[worker alg=ma_dreamer reward=tempest_fairness_ma_symetric cport=23303 agent=3 group=slot3_ep44 flow=1] started interval=20ms det=1 latent=8x8
[sao-listener] new flow 1 10.0.0.3:23702->10.0.0.10:5208 cc=astraea pid=794062 child=796586
[sao-listener] single-flow mode: attached worker; stopping ss scans
[sao-listener flow 1] cport=23702 cc=astraea worker active
[worker cport=23201 agent=1] loaded checkpoint step=51200
[worker alg=ma_dreamer reward=tempest_fairness_ma_symetric cport=23201 agent=1 group=slot2_ep48 flow=1] started interval=20ms det=1 latent=8x8
[orch] link change t=30.0s bw=24 delay=32
[worker cport=23000 agent=0] loaded checkpoint step=51200
[worker alg=ma_dreamer reward=tempest_fairness_ma_symetric cport=23000 agent=0 group=slot0_ep49 flow=1] started interval=20ms det=1 latent=8x8
[worker cport=23603 agent=3] loaded checkpoint step=51200
[worker alg=ma_dreamer reward=tempest_fairness_ma_symetric cport=23603 agent=3 group=slot6_ep46 flow=1] started interval=20ms det=1 latent=8x8
[orch] link change t=15.0s bw=26 delay=81
[sao-listener] new flow 1 10.0.0.4:23803->10.0.0.11:5209 cc=astraea pid=791923 child=797470
[sao-listener] single-flow mode: attached worker; stopping ss scans
[sao-listener flow 1] cport=23803 cc=astraea worker active
[sao-listener] new flow 1 10.0.0.5:23904->10.0.0.12:5210 cc=astraea pid=795741 child=797794
[sao-listener] single-flow mode: attached worker; stopping ss scans
[sao-listener flow 1] cport=23904 cc=astraea worker active
[worker cport=23702 agent=2] loaded checkpoint step=51200
[worker alg=ma_dreamer reward=tempest_fairness_ma_symetric cport=23702 agent=2 group=slot7_ep47 flow=1] started interval=20ms det=1 latent=8x8
[orch] link change t=30.0s bw=20 delay=48
[worker cport=23803 agent=3] loaded checkpoint step=51200
[worker alg=ma_dreamer reward=tempest_fairness_ma_symetric cport=23803 agent=3 group=slot8_ep45 flow=1] started interval=20ms det=1 latent=8x8
[worker cport=23904 agent=4] loaded checkpoint step=51200
[worker alg=ma_dreamer reward=tempest_fairness_ma_symetric cport=23904 agent=4 group=slot9_ep42 flow=1] started interval=20ms det=1 latent=8x8
[sao-listener] new flow 1 10.0.0.5:23504->10.0.0.12:5206 cc=astraea pid=796309 child=799810
[sao-listener] single-flow mode: attached worker; stopping ss scans
[sao-listener flow 1] cport=23504 cc=astraea worker active
[sao-listener] new flow 1 10.0.0.1:23100->10.0.0.8:5202 cc=astraea pid=794042 child=799887
[sao-listener] single-flow mode: attached worker; stopping ss scans
[sao-listener flow 1] cport=23100 cc=astraea worker active
[worker cport=23504 agent=4] loaded checkpoint step=51200
[worker alg=ma_dreamer reward=tempest_fairness_ma_symetric cport=23504 agent=4 group=slot5_ep43 flow=1] started interval=20ms det=1 latent=8x8
[worker cport=23100 agent=0] loaded checkpoint step=51200
[worker alg=ma_dreamer reward=tempest_fairness_ma_symetric cport=23100 agent=0 group=slot1_ep50 flow=1] started interval=20ms det=1 latent=8x8
[orch] link change t=30.0s bw=85 delay=39
[sao-listener] new flow 1 10.0.0.3:23202->10.0.0.10:5203 cc=astraea pid=798013 child=801311
[sao-listener] single-flow mode: attached worker; stopping ss scans
[sao-listener flow 1] cport=23202 cc=astraea worker active
[sao-listener] new flow 1 10.0.0.5:23304->10.0.0.12:5204 cc=astraea pid=797447 child=801513
[sao-listener] single-flow mode: attached worker; stopping ss scans
[sao-listener flow 1] cport=23304 cc=astraea worker active
[sao-listener] new flow 1 10.0.0.5:23404->10.0.0.12:5205 cc=astraea pid=795188 child=801608
[sao-listener] single-flow mode: attached worker; stopping ss scans
[sao-listener flow 1] cport=23404 cc=astraea worker active
[sao-listener] new flow 1 10.0.0.2:23001->10.0.0.9:5201 cc=astraea pid=796875 child=801994
[sao-listener] single-flow mode: attached worker; stopping ss scans
[sao-listener flow 1] cport=23001 cc=astraea worker active
[sao-listener] new flow 1 10.0.0.5:23604->10.0.0.12:5207 cc=astraea pid=801806 child=802195
[sao-listener] single-flow mode: attached worker; stopping ss scans
[sao-listener flow 1] cport=23604 cc=astraea worker active
[worker cport=23202 agent=2] loaded checkpoint step=51200
[worker alg=ma_dreamer reward=tempest_fairness_ma_symetric cport=23202 agent=2 group=slot2_ep48 flow=1] started interval=20ms det=1 latent=8x8
[sao-listener] new flow 1 10.0.0.4:23703->10.0.0.11:5208 cc=astraea pid=800558 child=802486
[sao-listener] single-flow mode: attached worker; stopping ss scans
[sao-listener flow 1] cport=23703 cc=astraea worker active
[worker cport=23304 agent=4] loaded checkpoint step=51200
[worker alg=ma_dreamer reward=tempest_fairness_ma_symetric cport=23304 agent=4 group=slot3_ep44 flow=1] started interval=20ms det=1 latent=8x8
[worker cport=23404 agent=4] loaded checkpoint step=51200
[worker alg=ma_dreamer reward=tempest_fairness_ma_symetric cport=23404 agent=4 group=slot4_ep41 flow=1] started interval=20ms det=1 latent=8x8
[orch] link change t=15.0s bw=62 delay=24
[worker cport=23001 agent=1] loaded checkpoint step=51200
[worker alg=ma_dreamer reward=tempest_fairness_ma_symetric cport=23001 agent=1 group=slot0_ep49 flow=1] started interval=20ms det=1 latent=8x8
[worker cport=23604 agent=4] loaded checkpoint step=51200
[worker alg=ma_dreamer reward=tempest_fairness_ma_symetric cport=23604 agent=4 group=slot6_ep46 flow=1] started interval=20ms det=1 latent=8x8
[worker cport=23703 agent=3] loaded checkpoint step=51200
[worker alg=ma_dreamer reward=tempest_fairness_ma_symetric cport=23703 agent=3 group=slot7_ep47 flow=1] started interval=20ms det=1 latent=8x8
[sao-listener] new flow 1 10.0.0.5:23804->10.0.0.12:5209 cc=astraea pid=798830 child=803722
[sao-listener] single-flow mode: attached worker; stopping ss scans
[sao-listener flow 1] cport=23804 cc=astraea worker active
[sao-listener] new flow 1 10.0.0.6:23905->10.0.0.13:5210 cc=astraea pid=802377 child=803938
[sao-listener] single-flow mode: attached worker; stopping ss scans
[sao-listener flow 1] cport=23905 cc=astraea worker active
[worker cport=23804 agent=4] loaded checkpoint step=51200
[worker alg=ma_dreamer reward=tempest_fairness_ma_symetric cport=23804 agent=4 group=slot8_ep45 flow=1] started interval=20ms det=1 latent=8x8
[worker cport=23905 agent=5] loaded checkpoint step=51200
[worker alg=ma_dreamer reward=tempest_fairness_ma_symetric cport=23905 agent=5 group=slot9_ep42 flow=1] started interval=20ms det=1 latent=8x8
[sao-listener] new flow 1 10.0.0.2:23101->10.0.0.9:5202 cc=astraea pid=800542 child=805468
[sao-listener] single-flow mode: attached worker; stopping ss scans
[sao-listener flow 1] cport=23101 cc=astraea worker active
[sao-listener] new flow 1 10.0.0.6:23505->10.0.0.13:5206 cc=astraea pid=802995 child=805653
[sao-listener] single-flow mode: attached worker; stopping ss scans
[sao-listener flow 1] cport=23505 cc=astraea worker active
[orch] link change t=15.0s bw=56 delay=91
[orch] link change t=30.0s bw=68 delay=83
[worker cport=23101 agent=1] loaded checkpoint step=51200
[worker alg=ma_dreamer reward=tempest_fairness_ma_symetric cport=23101 agent=1 group=slot1_ep50 flow=1] started interval=20ms det=1 latent=8x8
[worker cport=23505 agent=5] loaded checkpoint step=51200
[worker alg=ma_dreamer reward=tempest_fairness_ma_symetric cport=23505 agent=5 group=slot5_ep43 flow=1] started interval=20ms det=1 latent=8x8
[sao-listener] new flow 1 10.0.0.6:23405->10.0.0.13:5205 cc=astraea pid=801859 child=806764
[sao-listener] single-flow mode: attached worker; stopping ss scans
[sao-listener flow 1] cport=23405 cc=astraea worker active
[sao-listener] new flow 1 10.0.0.4:23203->10.0.0.11:5203 cc=astraea pid=804338 child=806877
[sao-listener] single-flow mode: attached worker; stopping ss scans
[sao-listener flow 1] cport=23203 cc=astraea worker active
[sao-listener] new flow 1 10.0.0.6:23305->10.0.0.13:5204 cc=astraea pid=803999 child=806946
[sao-listener] single-flow mode: attached worker; stopping ss scans
[sao-listener flow 1] cport=23305 cc=astraea worker active
[orch] link change t=45.0s bw=98 delay=46
[sao-listener] new flow 1 10.0.0.3:23002->10.0.0.10:5201 cc=astraea pid=803469 child=807223
[sao-listener] single-flow mode: attached worker; stopping ss scans
[sao-listener flow 1] cport=23002 cc=astraea worker active
[sao-listener] new flow 1 10.0.0.5:23704->10.0.0.12:5208 cc=astraea pid=806512 child=807411
[sao-listener] single-flow mode: attached worker; stopping ss scans
[sao-listener flow 1] cport=23704 cc=astraea worker active
[orch] link change t=45.0s bw=27 delay=23
[worker cport=23405 agent=5] loaded checkpoint step=51200
[worker alg=ma_dreamer reward=tempest_fairness_ma_symetric cport=23405 agent=5 group=slot4_ep41 flow=1] started interval=20ms det=1 latent=8x8
[worker cport=23203 agent=3] loaded checkpoint step=51200
[worker alg=ma_dreamer reward=tempest_fairness_ma_symetric cport=23203 agent=3 group=slot2_ep48 flow=1] started interval=20ms det=1 latent=8x8
[worker cport=23305 agent=5] loaded checkpoint step=51200
[worker alg=ma_dreamer reward=tempest_fairness_ma_symetric cport=23305 agent=5 group=slot3_ep44 flow=1] started interval=20ms det=1 latent=8x8
[worker cport=23002 agent=2] loaded checkpoint step=51200
[worker alg=ma_dreamer reward=tempest_fairness_ma_symetric cport=23002 agent=2 group=slot0_ep49 flow=1] started interval=20ms det=1 latent=8x8
[orch] link change t=45.0s bw=95 delay=99
[worker cport=23704 agent=4] loaded checkpoint step=51200
[worker alg=ma_dreamer reward=tempest_fairness_ma_symetric cport=23704 agent=4 group=slot7_ep47 flow=1] started interval=20ms det=1 latent=8x8
[sao-listener] new flow 1 10.0.0.6:23805->10.0.0.13:5209 cc=astraea pid=805034 child=808425
[sao-listener] single-flow mode: attached worker; stopping ss scans
[sao-listener flow 1] cport=23805 cc=astraea worker active
[sao-listener] new flow 1 10.0.0.7:23906->10.0.0.14:5210 cc=astraea pid=807997 child=808591
[sao-listener] single-flow mode: attached worker; stopping ss scans
[sao-listener flow 1] cport=23906 cc=astraea worker active
[orch] link change t=45.0s bw=58 delay=38
[worker cport=23805 agent=5] loaded checkpoint step=51200
[worker alg=ma_dreamer reward=tempest_fairness_ma_symetric cport=23805 agent=5 group=slot8_ep45 flow=1] started interval=20ms det=1 latent=8x8
[orch] link change t=30.0s bw=78 delay=48
[worker cport=23906 agent=6] loaded checkpoint step=51200
[worker alg=ma_dreamer reward=tempest_fairness_ma_symetric cport=23906 agent=6 group=slot9_ep42 flow=1] started interval=20ms det=1 latent=8x8
[orch] link change t=45.0s bw=53 delay=12
[sao-listener] new flow 1 10.0.0.7:23506->10.0.0.14:5206 cc=astraea pid=808389 child=809762
[sao-listener] single-flow mode: attached worker; stopping ss scans
[sao-listener flow 1] cport=23506 cc=astraea worker active
[sao-listener] new flow 1 10.0.0.3:23102->10.0.0.10:5202 cc=astraea pid=806507 child=809775
[sao-listener] single-flow mode: attached worker; stopping ss scans
[sao-listener flow 1] cport=23102 cc=astraea worker active
[worker cport=23506 agent=6] loaded checkpoint step=51200
[worker alg=ma_dreamer reward=tempest_fairness_ma_symetric cport=23506 agent=6 group=slot5_ep43 flow=1] started interval=20ms det=1 latent=8x8
[worker cport=23102 agent=2] loaded checkpoint step=51200
[worker alg=ma_dreamer reward=tempest_fairness_ma_symetric cport=23102 agent=2 group=slot1_ep50 flow=1] started interval=20ms det=1 latent=8x8
[sao-listener] new flow 1 10.0.0.5:23204->10.0.0.12:5203 cc=astraea pid=809409 child=810584
[sao-listener] single-flow mode: attached worker; stopping ss scans
[sao-listener flow 1] cport=23204 cc=astraea worker active
[sao-listener] new flow 1 10.0.0.7:23406->10.0.0.14:5205 cc=astraea pid=807578 child=810589
[sao-listener] single-flow mode: attached worker; stopping ss scans
[sao-listener flow 1] cport=23406 cc=astraea worker active
[sao-listener] new flow 1 10.0.0.7:23306->10.0.0.14:5204 cc=astraea pid=809154 child=810756
[sao-listener] single-flow mode: attached worker; stopping ss scans
[sao-listener flow 1] cport=23306 cc=astraea worker active
[sao-listener] new flow 1 10.0.0.6:23605->10.0.0.13:5207 cc=astraea pid=807494 child=810820
[sao-listener] single-flow mode: attached worker; stopping ss scans
[sao-listener flow 1] cport=23605 cc=astraea worker active
[sao-listener] new flow 1 10.0.0.4:23003->10.0.0.11:5201 cc=astraea pid=808748 child=810908
[sao-listener] single-flow mode: attached worker; stopping ss scans
[sao-listener flow 1] cport=23003 cc=astraea worker active
[worker cport=23406 agent=6] loaded checkpoint step=51200
[worker alg=ma_dreamer reward=tempest_fairness_ma_symetric cport=23406 agent=6 group=slot4_ep41 flow=1] started interval=20ms det=1 latent=8x8
[worker cport=23204 agent=4] loaded checkpoint step=51200
[worker alg=ma_dreamer reward=tempest_fairness_ma_symetric cport=23204 agent=4 group=slot2_ep48 flow=1] started interval=20ms det=1 latent=8x8
[worker cport=23306 agent=6] loaded checkpoint step=51200
[worker alg=ma_dreamer reward=tempest_fairness_ma_symetric cport=23306 agent=6 group=slot3_ep44 flow=1] started interval=20ms det=1 latent=8x8
[worker cport=23605 agent=5] loaded checkpoint step=51200
[worker alg=ma_dreamer reward=tempest_fairness_ma_symetric cport=23605 agent=5 group=slot6_ep46 flow=1] started interval=20ms det=1 latent=8x8
[worker cport=23003 agent=3] loaded checkpoint step=51200
[worker alg=ma_dreamer reward=tempest_fairness_ma_symetric cport=23003 agent=3 group=slot0_ep49 flow=1] started interval=20ms det=1 latent=8x8
[orch] link change t=45.0s bw=91 delay=76
[sao-listener] new flow 1 10.0.0.7:23806->10.0.0.14:5209 cc=astraea pid=809926 child=811842
[sao-listener] single-flow mode: attached worker; stopping ss scans
[sao-listener flow 1] cport=23806 cc=astraea worker active
[orch] link change t=30.0s bw=51 delay=80
[worker cport=23806 agent=6] loaded checkpoint step=51200
[worker alg=ma_dreamer reward=tempest_fairness_ma_symetric cport=23806 agent=6 group=slot8_ep45 flow=1] started interval=20ms det=1 latent=8x8
[sao-listener] new flow 1 10.0.0.4:23103->10.0.0.11:5202 cc=astraea pid=811061 child=812564
[sao-listener] single-flow mode: attached worker; stopping ss scans
[sao-listener flow 1] cport=23103 cc=astraea worker active
[worker cport=23103 agent=3] loaded checkpoint step=51200
[worker alg=ma_dreamer reward=tempest_fairness_ma_symetric cport=23103 agent=3 group=slot1_ep50 flow=1] started interval=20ms det=1 latent=8x8
[sao-listener] new flow 1 10.0.0.6:23205->10.0.0.13:5203 cc=astraea pid=812716 child=813091
[sao-listener] single-flow mode: attached worker; stopping ss scans
[sao-listener flow 1] cport=23205 cc=astraea worker active
[sao-listener] new flow 1 10.0.0.5:23004->10.0.0.12:5201 cc=astraea pid=812341 child=813163
[sao-listener] single-flow mode: attached worker; stopping ss scans
[sao-listener flow 1] cport=23004 cc=astraea worker active
[sao-listener] new flow 1 10.0.0.7:23606->10.0.0.14:5207 cc=astraea pid=811714 child=813256
[sao-listener] single-flow mode: attached worker; stopping ss scans
[sao-listener flow 1] cport=23606 cc=astraea worker active
[sao-listener] new flow 1 10.0.0.6:23705->10.0.0.13:5208 cc=astraea pid=811067 child=813368
[sao-listener] single-flow mode: attached worker; stopping ss scans
[sao-listener flow 1] cport=23705 cc=astraea worker active
[worker cport=23205 agent=5] loaded checkpoint step=51200
[worker alg=ma_dreamer reward=tempest_fairness_ma_symetric cport=23205 agent=5 group=slot2_ep48 flow=1] started interval=20ms det=1 latent=8x8
[orch] link change t=30.0s bw=41 delay=98
[worker cport=23004 agent=4] loaded checkpoint step=51200
[worker alg=ma_dreamer reward=tempest_fairness_ma_symetric cport=23004 agent=4 group=slot0_ep49 flow=1] started interval=20ms det=1 latent=8x8
[orch] link change t=45.0s bw=53 delay=42
[worker cport=23606 agent=6] loaded checkpoint step=51200
[worker alg=ma_dreamer reward=tempest_fairness_ma_symetric cport=23606 agent=6 group=slot6_ep46 flow=1] started interval=20ms det=1 latent=8x8
[worker cport=23705 agent=5] loaded checkpoint step=51200
[worker alg=ma_dreamer reward=tempest_fairness_ma_symetric cport=23705 agent=5 group=slot7_ep47 flow=1] started interval=20ms det=1 latent=8x8
[orch] link change t=60.0s bw=80 delay=45
[orch] link change t=60.0s bw=96 delay=79
[orch] link change t=60.0s bw=22 delay=68
[sao-listener] new flow 1 10.0.0.5:23104->10.0.0.12:5202 cc=astraea pid=813787 child=814222
[sao-listener] single-flow mode: attached worker; stopping ss scans
[sao-listener flow 1] cport=23104 cc=astraea worker active
[orch] link change t=60.0s bw=47 delay=13
[worker cport=23104 agent=4] loaded checkpoint step=51200
[worker alg=ma_dreamer reward=tempest_fairness_ma_symetric cport=23104 agent=4 group=slot1_ep50 flow=1] started interval=20ms det=1 latent=8x8
[orch] link change t=45.0s bw=74 delay=34
[orch] link change t=60.0s bw=19 delay=71
[sao-listener] new flow 1 10.0.0.6:23005->10.0.0.13:5201 cc=astraea pid=814367 child=814676
[sao-listener] single-flow mode: attached worker; stopping ss scans
[sao-listener flow 1] cport=23005 cc=astraea worker active
[sao-listener] new flow 1 10.0.0.7:23706->10.0.0.14:5208 cc=astraea pid=813789 child=814775
[sao-listener] single-flow mode: attached worker; stopping ss scans
[sao-listener flow 1] cport=23706 cc=astraea worker active
[worker cport=23005 agent=5] loaded checkpoint step=51200
[worker alg=ma_dreamer reward=tempest_fairness_ma_symetric cport=23005 agent=5 group=slot0_ep49 flow=1] started interval=20ms det=1 latent=8x8
[worker cport=23706 agent=6] loaded checkpoint step=51200
[worker alg=ma_dreamer reward=tempest_fairness_ma_symetric cport=23706 agent=6 group=slot7_ep47 flow=1] started interval=20ms det=1 latent=8x8
[orch] link change t=60.0s bw=29 delay=84
[sao-listener] new flow 1 10.0.0.6:23105->10.0.0.13:5202 cc=astraea pid=815109 child=815244
[sao-listener] single-flow mode: attached worker; stopping ss scans
[sao-listener flow 1] cport=23105 cc=astraea worker active
[worker cport=23105 agent=5] loaded checkpoint step=51200
[worker alg=ma_dreamer reward=tempest_fairness_ma_symetric cport=23105 agent=5 group=slot1_ep50 flow=1] started interval=20ms det=1 latent=8x8
[orch] link change t=45.0s bw=75 delay=16
[sao-listener] new flow 1 10.0.0.7:23206->10.0.0.14:5203 cc=astraea pid=814591 child=815475
[sao-listener] single-flow mode: attached worker; stopping ss scans
[sao-listener flow 1] cport=23206 cc=astraea worker active
[worker cport=23206 agent=6] loaded checkpoint step=51200
[worker alg=ma_dreamer reward=tempest_fairness_ma_symetric cport=23206 agent=6 group=slot2_ep48 flow=1] started interval=20ms det=1 latent=8x8
[orch] link change t=45.0s bw=70 delay=52
[orch] link change t=60.0s bw=75 delay=59
[orch] link change t=75.0s bw=59 delay=83
[orch] link change t=75.0s bw=21 delay=85
[sao-listener] new flow 1 10.0.0.7:23006->10.0.0.14:5201 cc=astraea pid=815479 child=815884
[sao-listener] single-flow mode: attached worker; stopping ss scans
[sao-listener flow 1] cport=23006 cc=astraea worker active
[orch] link change t=75.0s bw=86 delay=73
[worker cport=23006 agent=6] loaded checkpoint step=51200
[worker alg=ma_dreamer reward=tempest_fairness_ma_symetric cport=23006 agent=6 group=slot0_ep49 flow=1] started interval=20ms det=1 latent=8x8
[orch] link change t=75.0s bw=38 delay=24
[orch] link change t=60.0s bw=65 delay=31
[orch] link change t=75.0s bw=11 delay=24
[sao-listener] new flow 1 10.0.0.7:23106->10.0.0.14:5202 cc=astraea pid=815781 child=816095
[sao-listener] single-flow mode: attached worker; stopping ss scans
[sao-listener flow 1] cport=23106 cc=astraea worker active
[worker cport=23106 agent=6] loaded checkpoint step=51200
[worker alg=ma_dreamer reward=tempest_fairness_ma_symetric cport=23106 agent=6 group=slot1_ep50 flow=1] started interval=20ms det=1 latent=8x8
[orch] link change t=75.0s bw=78 delay=14
[orch] link change t=60.0s bw=97 delay=15
[orch] link change t=60.0s bw=20 delay=78
[orch] link change t=75.0s bw=60 delay=88
[orch] link change t=90.0s bw=11 delay=41
[orch] link change t=90.0s bw=64 delay=14
[orch] link change t=90.0s bw=87 delay=12
[orch] link change t=90.0s bw=82 delay=11
[orch] link change t=75.0s bw=29 delay=94
[orch] link change t=90.0s bw=46 delay=25
[orch] link change t=90.0s bw=13 delay=18
[orch] link change t=75.0s bw=45 delay=29
[orch] link change t=75.0s bw=50 delay=38
[orch] link change t=90.0s bw=15 delay=63
[orch] link change t=105.0s bw=94 delay=12
[orch] link change t=105.0s bw=13 delay=21
[orch] link change t=105.0s bw=75 delay=65
[orch] link change t=105.0s bw=22 delay=30
[orch] link change t=90.0s bw=23 delay=73
[orch] link change t=105.0s bw=49 delay=93
[orch] link change t=105.0s bw=50 delay=90
[orch] link change t=90.0s bw=68 delay=15
[orch] link change t=90.0s bw=96 delay=81
[orch] link change t=105.0s bw=94 delay=13
[orch] link change t=120.0s bw=66 delay=29
[orch] link change t=120.0s bw=37 delay=39
[orch] link change t=120.0s bw=83 delay=57
[orch] link change t=120.0s bw=75 delay=98
[orch] link change t=105.0s bw=93 delay=38
[orch] link change t=120.0s bw=14 delay=89
[orch] link change t=120.0s bw=16 delay=13
[orch] link change t=105.0s bw=90 delay=79
[orch] link change t=105.0s bw=20 delay=29
[orch] link change t=120.0s bw=23 delay=10
[orch] link change t=135.0s bw=29 delay=50
[orch] link change t=135.0s bw=74 delay=87
[orch] link change t=135.0s bw=89 delay=80
[orch] link change t=135.0s bw=48 delay=98
[orch] link change t=120.0s bw=37 delay=75
[orch] link change t=135.0s bw=18 delay=27
[orch] link change t=135.0s bw=27 delay=80
[orch] link change t=120.0s bw=74 delay=38
[orch] link change t=120.0s bw=54 delay=22
[orch] link change t=135.0s bw=43 delay=71
[orch] link change t=150.0s bw=31 delay=42
[orch] link change t=150.0s bw=13 delay=81
[orch] link change t=150.0s bw=65 delay=60
[orch] link change t=150.0s bw=91 delay=58
[orch] link change t=135.0s bw=81 delay=75
[orch] link change t=150.0s bw=44 delay=29
[orch] link change t=150.0s bw=47 delay=77
[orch] link change t=135.0s bw=87 delay=46
[orch] link change t=135.0s bw=54 delay=50
[orch] link change t=150.0s bw=79 delay=11
[orch] link change t=165.0s bw=93 delay=98
[orch] link change t=165.0s bw=35 delay=93
[orch] link change t=165.0s bw=32 delay=17
[orch] link change t=165.0s bw=85 delay=61
[orch] link change t=150.0s bw=29 delay=70
[orch] link change t=165.0s bw=37 delay=64
[orch] link change t=165.0s bw=52 delay=21
[orch] link change t=150.0s bw=83 delay=57
[orch] link change t=150.0s bw=38 delay=34
[orch] link change t=165.0s bw=50 delay=82
[orch] link change t=180.0s bw=89 delay=84
[orch] link change t=180.0s bw=99 delay=79
[orch] link change t=180.0s bw=23 delay=25
[orch] link change t=180.0s bw=98 delay=95
[orch] link change t=165.0s bw=37 delay=13
[orch] link change t=180.0s bw=19 delay=88
[orch] link change t=180.0s bw=60 delay=100
[orch] link change t=165.0s bw=61 delay=13
[orch] link change t=165.0s bw=18 delay=52
[orch] link change t=180.0s bw=64 delay=39
[orch] link change t=195.0s bw=17 delay=25
[orch] link change t=195.0s bw=63 delay=38
[orch] link change t=195.0s bw=58 delay=29
[orch] link change t=195.0s bw=51 delay=55
[orch] link change t=180.0s bw=19 delay=64
[orch] link change t=195.0s bw=62 delay=28
[orch] link change t=195.0s bw=71 delay=56
[orch] link change t=180.0s bw=41 delay=27
[orch] link change t=180.0s bw=87 delay=87
[orch] link change t=195.0s bw=40 delay=76
[orch] link change t=210.0s bw=85 delay=14
[orch] link change t=210.0s bw=67 delay=85
[orch] link change t=210.0s bw=22 delay=30
[orch] link change t=210.0s bw=19 delay=53
[orch] link change t=195.0s bw=18 delay=26
[orch] link change t=210.0s bw=99 delay=17
[orch] link change t=210.0s bw=29 delay=70
[orch] link change t=195.0s bw=22 delay=64
[orch] link change t=195.0s bw=64 delay=91
[orch] link change t=210.0s bw=75 delay=55
[orch] link change t=225.0s bw=65 delay=46
[orch] link change t=225.0s bw=45 delay=10
[orch] link change t=225.0s bw=75 delay=73
[orch] link change t=225.0s bw=46 delay=89
[orch] link change t=210.0s bw=73 delay=96
[orch] link change t=225.0s bw=14 delay=32
[orch] link change t=225.0s bw=69 delay=19
[orch] link change t=210.0s bw=58 delay=51
[orch] link change t=210.0s bw=21 delay=18
[orch] link change t=225.0s bw=66 delay=40
[orch] link change t=240.0s bw=37 delay=19
[orch] link change t=240.0s bw=30 delay=99
[orch] link change t=240.0s bw=26 delay=59
[orch] link change t=240.0s bw=30 delay=24
[orch] link change t=225.0s bw=30 delay=26
[orch] link change t=240.0s bw=51 delay=42
[orch] link change t=240.0s bw=68 delay=99
[orch] link change t=225.0s bw=55 delay=44
[orch] link change t=225.0s bw=98 delay=87
[orch] link change t=240.0s bw=14 delay=81
[orch] link change t=255.0s bw=56 delay=70
[orch] link change t=255.0s bw=64 delay=53
[orch] link change t=255.0s bw=86 delay=74
[orch] link change t=255.0s bw=75 delay=18
[orch] link change t=240.0s bw=17 delay=99
[orch] link change t=255.0s bw=55 delay=50
[orch] link change t=255.0s bw=79 delay=89
[orch] link change t=240.0s bw=93 delay=61
[orch] link change t=240.0s bw=52 delay=98
[orch] link change t=255.0s bw=57 delay=98
[orch] link change t=270.0s bw=26 delay=81
[orch] link change t=270.0s bw=45 delay=29
[orch] link change t=270.0s bw=44 delay=83
[orch] link change t=270.0s bw=85 delay=22
[orch] link change t=255.0s bw=80 delay=47
[orch] link change t=270.0s bw=22 delay=62
[orch] link change t=270.0s bw=24 delay=65
[orch] link change t=255.0s bw=88 delay=89
[orch] link change t=255.0s bw=92 delay=65
[orch] link change t=270.0s bw=55 delay=86
[orch] link change t=285.0s bw=95 delay=12
[orch] link change t=285.0s bw=37 delay=53
[orch] link change t=285.0s bw=33 delay=58
[orch] link change t=285.0s bw=44 delay=50
[orch] link change t=270.0s bw=53 delay=99
[orch] link change t=285.0s bw=21 delay=12
[orch] link change t=285.0s bw=38 delay=53
[orch] link change t=270.0s bw=16 delay=94
[orch] link change t=270.0s bw=10 delay=39
[orch] link change t=285.0s bw=53 delay=81
[orch] link change t=300.0s bw=25 delay=22
[orch] link change t=300.0s bw=23 delay=21
[orch] link change t=300.0s bw=18 delay=16
[orch] link change t=300.0s bw=23 delay=90
[orch] link change t=285.0s bw=53 delay=22
[orch] link change t=300.0s bw=52 delay=50
[orch] link change t=300.0s bw=74 delay=66
[orch] link change t=285.0s bw=62 delay=98
[orch] link change t=285.0s bw=53 delay=44
[orch] link change t=300.0s bw=83 delay=35
[orch] link change t=315.0s bw=28 delay=98
[orch] link change t=315.0s bw=58 delay=22
[orch] link change t=315.0s bw=84 delay=17
[orch] link change t=315.0s bw=47 delay=14
[orch] link change t=300.0s bw=40 delay=44
[orch] link change t=315.0s bw=59 delay=99
[orch] link change t=315.0s bw=45 delay=29
[orch] link change t=300.0s bw=79 delay=88
[orch] link change t=300.0s bw=65 delay=99
[orch] link change t=315.0s bw=40 delay=14
[orch] link change t=330.0s bw=32 delay=16
[orch] link change t=330.0s bw=55 delay=54
[orch] link change t=330.0s bw=33 delay=17
[orch] link change t=330.0s bw=54 delay=59
[orch] link change t=315.0s bw=43 delay=92
[orch] link change t=330.0s bw=77 delay=94
[orch] link change t=330.0s bw=23 delay=86
[orch] link change t=315.0s bw=36 delay=93
[orch] link change t=315.0s bw=23 delay=35
[orch] link change t=330.0s bw=26 delay=52
[orch] link change t=330.0s bw=11 delay=83
[orch] link change t=330.0s bw=18 delay=82
[multi_ep_plot] saved -> /its/home/mm2350/extra/Olympusv2/benchmarks/benchmark_responsive_fairness/data/ma_dreamer_symmetrical/7_flows/run41/ep000041_bw58_d52_n7.pdf  return=1373957.4
[ep_plot] ep=41 -> /its/home/mm2350/extra/Olympusv2/benchmarks/benchmark_responsive_fairness/data/ma_dreamer_symmetrical/7_flows/run41/ep000041_bw58_d52_n7.pdf  return=1373957.359375
[orch] ep=41 sum-of-agents return=1373957.4
[responsive_fairness] ma_dreamer_symmetrical flows=7 run=41 done (191/200)
[multi_ep_plot] saved -> /its/home/mm2350/extra/Olympusv2/benchmarks/benchmark_responsive_fairness/data/ma_dreamer_symmetrical/7_flows/run42/ep000042_bw91_d24_n7.pdf  return=1333694.2
[ep_plot] ep=42 -> /its/home/mm2350/extra/Olympusv2/benchmarks/benchmark_responsive_fairness/data/ma_dreamer_symmetrical/7_flows/run42/ep000042_bw91_d24_n7.pdf  return=1333694.234375
[orch] ep=42 sum-of-agents return=1333694.2
[responsive_fairness] ma_dreamer_symmetrical flows=7 run=42 done (192/200)
[multi_ep_plot] saved -> /its/home/mm2350/extra/Olympusv2/benchmarks/benchmark_responsive_fairness/data/ma_dreamer_symmetrical/7_flows/run43/ep000043_bw14_d46_n7.pdf  return=1340021.6
[ep_plot] ep=43 -> /its/home/mm2350/extra/Olympusv2/benchmarks/benchmark_responsive_fairness/data/ma_dreamer_symmetrical/7_flows/run43/ep000043_bw14_d46_n7.pdf  return=1340021.640625
[orch] ep=43 sum-of-agents return=1340021.6
[responsive_fairness] ma_dreamer_symmetrical flows=7 run=43 done (193/200)
[orch] link change t=330.0s bw=66 delay=44
[multi_ep_plot] saved -> /its/home/mm2350/extra/Olympusv2/benchmarks/benchmark_responsive_fairness/data/ma_dreamer_symmetrical/7_flows/run44/ep000044_bw62_d76_n7.pdf  return=1581603.1
[ep_plot] ep=44 -> /its/home/mm2350/extra/Olympusv2/benchmarks/benchmark_responsive_fairness/data/ma_dreamer_symmetrical/7_flows/run44/ep000044_bw62_d76_n7.pdf  return=1581603.09375
[orch] ep=44 sum-of-agents return=1581603.1
[responsive_fairness] ma_dreamer_symmetrical flows=7 run=44 done (194/200)
[multi_ep_plot] saved -> /its/home/mm2350/extra/Olympusv2/benchmarks/benchmark_responsive_fairness/data/ma_dreamer_symmetrical/7_flows/run45/ep000045_bw44_d63_n7.pdf  return=1238759.7
[ep_plot] ep=45 -> /its/home/mm2350/extra/Olympusv2/benchmarks/benchmark_responsive_fairness/data/ma_dreamer_symmetrical/7_flows/run45/ep000045_bw44_d63_n7.pdf  return=1238759.6875
[orch] ep=45 sum-of-agents return=1238759.7
[responsive_fairness] ma_dreamer_symmetrical flows=7 run=45 done (195/200)
[multi_ep_plot] saved -> /its/home/mm2350/extra/Olympusv2/benchmarks/benchmark_responsive_fairness/data/ma_dreamer_symmetrical/7_flows/run46/ep000046_bw19_d61_n7.pdf  return=1387884.3
[ep_plot] ep=46 -> /its/home/mm2350/extra/Olympusv2/benchmarks/benchmark_responsive_fairness/data/ma_dreamer_symmetrical/7_flows/run46/ep000046_bw19_d61_n7.pdf  return=1387884.28125
[orch] ep=46 sum-of-agents return=1387884.3
[responsive_fairness] ma_dreamer_symmetrical flows=7 run=46 done (196/200)
[multi_ep_plot] saved -> /its/home/mm2350/extra/Olympusv2/benchmarks/benchmark_responsive_fairness/data/ma_dreamer_symmetrical/7_flows/run47/ep000047_bw55_d18_n7.pdf  return=1541438.2
[ep_plot] ep=47 -> /its/home/mm2350/extra/Olympusv2/benchmarks/benchmark_responsive_fairness/data/ma_dreamer_symmetrical/7_flows/run47/ep000047_bw55_d18_n7.pdf  return=1541438.25
[orch] ep=47 sum-of-agents return=1541438.2
[responsive_fairness] ma_dreamer_symmetrical flows=7 run=47 done (197/200)
[multi_ep_plot] saved -> /its/home/mm2350/extra/Olympusv2/benchmarks/benchmark_responsive_fairness/data/ma_dreamer_symmetrical/7_flows/run48/ep000048_bw80_d50_n7.pdf  return=1410234.9
[ep_plot] ep=48 -> /its/home/mm2350/extra/Olympusv2/benchmarks/benchmark_responsive_fairness/data/ma_dreamer_symmetrical/7_flows/run48/ep000048_bw80_d50_n7.pdf  return=1410234.859375
[orch] ep=48 sum-of-agents return=1410234.9
[responsive_fairness] ma_dreamer_symmetrical flows=7 run=48 done (198/200)
[multi_ep_plot] saved -> /its/home/mm2350/extra/Olympusv2/benchmarks/benchmark_responsive_fairness/data/ma_dreamer_symmetrical/7_flows/run49/ep000049_bw18_d54_n7.pdf  return=1542479.1
[ep_plot] ep=49 -> /its/home/mm2350/extra/Olympusv2/benchmarks/benchmark_responsive_fairness/data/ma_dreamer_symmetrical/7_flows/run49/ep000049_bw18_d54_n7.pdf  return=1542479.109375
[orch] ep=49 sum-of-agents return=1542479.1
[responsive_fairness] ma_dreamer_symmetrical flows=7 run=49 done (199/200)
[multi_ep_plot] saved -> /its/home/mm2350/extra/Olympusv2/benchmarks/benchmark_responsive_fairness/data/ma_dreamer_symmetrical/7_flows/run50/ep000050_bw73_d44_n7.pdf  return=1338719.3
[ep_plot] ep=50 -> /its/home/mm2350/extra/Olympusv2/benchmarks/benchmark_responsive_fairness/data/ma_dreamer_symmetrical/7_flows/run50/ep000050_bw73_d44_n7.pdf  return=1338719.296875
[orch] ep=50 sum-of-agents return=1338719.3
[responsive_fairness] ma_dreamer_symmetrical flows=7 run=50 done (200/200)
[orch] runtime cleanup sweep
[responsive_fairness] done; data checked and missing trials attempted; metrics=/its/home/mm2350/extra/Olympusv2/benchmarks/benchmark_responsive_fairness/data/ma_dreamer_symmetrical/metrics.csv
