[responsive_fairness] output_root=/its/home/mm2350/extra/Olympusv2/benchmarks/benchmark_responsive_fairness/data
[responsive_fairness] duration=345s score_window=(45,345] cadence=15s flow_counts=[2, 4, 5, 7] trials/approach=200
[responsive_fairness] 2_flow_starts=0,45
[responsive_fairness] 4_flow_starts=0,15,30,45
[responsive_fairness] 5_flow_starts=0,11.25,22.5,33.75,45
[responsive_fairness] 7_flow_starts=0,7.5,15,22.5,30,37.5,45
[responsive_fairness] approaches_to_run=ma_dreamer_second_try
[responsive_fairness] ma_dreamer_second_try config=/its/home/mm2350/extra/Olympusv2/olympus/models/ma_dreamer_20260611-001404/telemetry/config.resolved.yaml
[responsive_fairness] ma_dreamer_second_try resuming missing=200/200 by_flow=2:50, 4:50, 5:50, 7:50
[responsive_fairness] slot=0 ma_dreamer_second_try flows=2 run=1
[responsive_fairness] slot=1 ma_dreamer_second_try flows=2 run=2
[responsive_fairness] slot=2 ma_dreamer_second_try flows=2 run=3
[responsive_fairness] slot=3 ma_dreamer_second_try flows=2 run=4
[responsive_fairness] slot=4 ma_dreamer_second_try flows=2 run=5
[responsive_fairness] slot=5 ma_dreamer_second_try flows=2 run=6
[responsive_fairness] slot=6 ma_dreamer_second_try flows=2 run=7
[responsive_fairness] slot=7 ma_dreamer_second_try flows=2 run=8
[responsive_fairness] slot=8 ma_dreamer_second_try flows=2 run=9
[responsive_fairness] slot=9 ma_dreamer_second_try flows=2 run=10
[slot=2] ep=3  env=responsive_fairness_join45_score300  bw=40Mbps  delay=85ms  duration=345s
[slot=3] ep=4  env=responsive_fairness_join45_score300  bw=40Mbps  delay=48ms  duration=345s
[slot=4] ep=5  env=responsive_fairness_join45_score300  bw=89Mbps  delay=42ms  duration=345s
[slot=9] ep=10  env=responsive_fairness_join45_score300  bw=83Mbps  delay=14ms  duration=345s
[slot=0] ep=1  env=responsive_fairness_join45_score300  bw=27Mbps  delay=82ms  duration=345s
[slot=6] ep=7  env=responsive_fairness_join45_score300  bw=51Mbps  delay=29ms  duration=345s
[slot=5] ep=6  env=responsive_fairness_join45_score300  bw=83Mbps  delay=20ms  duration=345s
[slot=8] ep=9  env=responsive_fairness_join45_score300  bw=69Mbps  delay=88ms  duration=345s
[slot=1] ep=2  env=responsive_fairness_join45_score300  bw=17Mbps  delay=21ms  duration=345s
[slot=7] ep=8  env=responsive_fairness_join45_score300  bw=39Mbps  delay=57ms  duration=345s
[sao-listener] cport=23200 worker=/its/home/mm2350/extra/Olympusv2/olympus/algorithms/ma_dreamer/worker.py scan=20ms target_cc=astraea single_flow=1 no_state_pipe=1
[sao-listener] cport=23400 worker=/its/home/mm2350/extra/Olympusv2/olympus/algorithms/ma_dreamer/worker.py scan=20ms target_cc=astraea single_flow=1 no_state_pipe=1
[sao-listener] cport=23300 worker=/its/home/mm2350/extra/Olympusv2/olympus/algorithms/ma_dreamer/worker.py scan=20ms target_cc=astraea single_flow=1 no_state_pipe=1
[sao-listener] cport=23900 worker=/its/home/mm2350/extra/Olympusv2/olympus/algorithms/ma_dreamer/worker.py scan=20ms target_cc=astraea single_flow=1 no_state_pipe=1
[sao-listener] cport=23000 worker=/its/home/mm2350/extra/Olympusv2/olympus/algorithms/ma_dreamer/worker.py scan=20ms target_cc=astraea single_flow=1 no_state_pipe=1
[sao-listener] cport=23100 worker=/its/home/mm2350/extra/Olympusv2/olympus/algorithms/ma_dreamer/worker.py scan=20ms target_cc=astraea single_flow=1 no_state_pipe=1
[sao-listener] cport=23600 worker=/its/home/mm2350/extra/Olympusv2/olympus/algorithms/ma_dreamer/worker.py scan=20ms target_cc=astraea single_flow=1 no_state_pipe=1
[sao-listener] cport=23700 worker=/its/home/mm2350/extra/Olympusv2/olympus/algorithms/ma_dreamer/worker.py scan=20ms target_cc=astraea single_flow=1 no_state_pipe=1
[sao-listener] cport=23800 worker=/its/home/mm2350/extra/Olympusv2/olympus/algorithms/ma_dreamer/worker.py scan=20ms target_cc=astraea single_flow=1 no_state_pipe=1
[sao-listener] cport=23500 worker=/its/home/mm2350/extra/Olympusv2/olympus/algorithms/ma_dreamer/worker.py scan=20ms target_cc=astraea single_flow=1 no_state_pipe=1
[sao-listener] new flow 1 10.0.0.1:23200->10.0.0.3:5203 cc=astraea pid=592153 child=594117
[sao-listener] single-flow mode: attached worker; stopping ss scans
[sao-listener flow 1] cport=23200 cc=astraea worker active
[sao-listener] new flow 1 10.0.0.1:23400->10.0.0.3:5205 cc=astraea pid=592157 child=594173
[sao-listener] single-flow mode: attached worker; stopping ss scans
[sao-listener flow 1] cport=23400 cc=astraea worker active
[sao-listener] new flow 1 10.0.0.1:23300->10.0.0.3:5204 cc=astraea pid=592174 child=594228
[sao-listener] single-flow mode: attached worker; stopping ss scans
[sao-listener flow 1] cport=23300 cc=astraea worker active
[sao-listener] new flow 1 10.0.0.1:23600->10.0.0.3:5207 cc=astraea pid=592199 child=594286
[sao-listener] single-flow mode: attached worker; stopping ss scans
[sao-listener flow 1] cport=23600 cc=astraea worker active
[sao-listener] new flow 1 10.0.0.1:23900->10.0.0.3:5210 cc=astraea pid=592183 child=594289
[sao-listener] single-flow mode: attached worker; stopping ss scans
[sao-listener flow 1] cport=23900 cc=astraea worker active
[sao-listener] new flow 1 10.0.0.1:23000->10.0.0.3:5201 cc=astraea pid=592190 child=594393
[sao-listener] single-flow mode: attached worker; stopping ss scans
[sao-listener flow 1] cport=23000 cc=astraea worker active
[sao-listener] new flow 1 10.0.0.1:23100->10.0.0.3:5202 cc=astraea pid=592195 child=594453
[sao-listener] single-flow mode: attached worker; stopping ss scans
[sao-listener flow 1] cport=23100 cc=astraea worker active
[sao-listener] new flow 1 10.0.0.1:23800->10.0.0.3:5209 cc=astraea pid=592207 child=594506
[sao-listener] single-flow mode: attached worker; stopping ss scans
[sao-listener flow 1] cport=23800 cc=astraea worker active
[sao-listener] new flow 1 10.0.0.1:23500->10.0.0.3:5206 cc=astraea pid=592211 child=594555
[sao-listener] single-flow mode: attached worker; stopping ss scans
[sao-listener flow 1] cport=23500 cc=astraea worker active
[sao-listener] new flow 1 10.0.0.1:23700->10.0.0.3:5208 cc=astraea pid=592203 child=594610
[sao-listener] single-flow mode: attached worker; stopping ss scans
[sao-listener flow 1] cport=23700 cc=astraea worker active
[worker cport=23200 agent=0] loaded checkpoint step=58994
[worker alg=ma_dreamer reward=tempest_fairness_ma cport=23200 agent=0 group=slot0_ep3 flow=1] started interval=20ms det=1 latent=8x8
[worker cport=23600 agent=0] loaded checkpoint step=58994
[worker alg=ma_dreamer reward=tempest_fairness_ma cport=23600 agent=0 group=slot0_ep7 flow=1] started interval=20ms det=1 latent=8x8
[worker cport=23400 agent=0] loaded checkpoint step=58994
[worker alg=ma_dreamer reward=tempest_fairness_ma cport=23400 agent=0 group=slot0_ep5 flow=1] started interval=20ms det=1 latent=8x8
[worker cport=23300 agent=0] loaded checkpoint step=58994
[worker alg=ma_dreamer reward=tempest_fairness_ma cport=23300 agent=0 group=slot0_ep4 flow=1] started interval=20ms det=1 latent=8x8
[worker cport=23900 agent=0] loaded checkpoint step=58994
[worker alg=ma_dreamer reward=tempest_fairness_ma cport=23900 agent=0 group=slot0_ep10 flow=1] started interval=20ms det=1 latent=8x8
[worker cport=23000 agent=0] loaded checkpoint step=58994
[worker alg=ma_dreamer reward=tempest_fairness_ma cport=23000 agent=0 group=slot0_ep1 flow=1] started interval=20ms det=1 latent=8x8
[worker cport=23100 agent=0] loaded checkpoint step=58994
[worker alg=ma_dreamer reward=tempest_fairness_ma cport=23100 agent=0 group=slot0_ep2 flow=1] started interval=20ms det=1 latent=8x8
[worker cport=23800 agent=0] loaded checkpoint step=58994
[worker alg=ma_dreamer reward=tempest_fairness_ma cport=23800 agent=0 group=slot0_ep9 flow=1] started interval=20ms det=1 latent=8x8
[worker cport=23500 agent=0] loaded checkpoint step=58994
[worker alg=ma_dreamer reward=tempest_fairness_ma cport=23500 agent=0 group=slot0_ep6 flow=1] started interval=20ms det=1 latent=8x8
[worker cport=23700 agent=0] loaded checkpoint step=58994
[worker alg=ma_dreamer reward=tempest_fairness_ma cport=23700 agent=0 group=slot0_ep8 flow=1] started interval=20ms det=1 latent=8x8
[orch] link change t=15.0s bw=79 delay=26
[orch] link change t=15.0s bw=55 delay=98
[orch] link change t=15.0s bw=23 delay=60
[orch] link change t=15.0s bw=64 delay=71
[orch] link change t=15.0s bw=20 delay=56
[orch] link change t=15.0s bw=60 delay=93
[orch] link change t=15.0s bw=18 delay=42
[orch] link change t=15.0s bw=57 delay=44
[orch] link change t=15.0s bw=58 delay=26
[orch] link change t=15.0s bw=72 delay=43
[orch] link change t=30.0s bw=57 delay=87
[orch] link change t=30.0s bw=93 delay=77
[orch] link change t=30.0s bw=71 delay=29
[orch] link change t=30.0s bw=83 delay=11
[orch] link change t=30.0s bw=31 delay=95
[orch] link change t=30.0s bw=16 delay=19
[orch] link change t=30.0s bw=25 delay=73
[orch] link change t=30.0s bw=27 delay=33
[orch] link change t=30.0s bw=34 delay=100
[orch] link change t=30.0s bw=14 delay=10
[orch] link change t=45.0s bw=70 delay=90
[orch] link change t=45.0s bw=13 delay=69
[orch] link change t=45.0s bw=21 delay=18
[orch] link change t=45.0s bw=36 delay=69
[orch] link change t=45.0s bw=49 delay=42
[orch] link change t=45.0s bw=78 delay=22
[orch] link change t=45.0s bw=67 delay=70
[orch] link change t=45.0s bw=96 delay=10
[orch] link change t=45.0s bw=15 delay=20
[orch] link change t=45.0s bw=28 delay=94
[orch] link change t=60.0s bw=84 delay=18
[orch] link change t=60.0s bw=41 delay=93
[orch] link change t=60.0s bw=12 delay=61
[orch] link change t=60.0s bw=72 delay=45
[orch] link change t=60.0s bw=87 delay=37
[orch] link change t=60.0s bw=56 delay=84
[orch] link change t=60.0s bw=93 delay=58
[orch] link change t=60.0s bw=53 delay=74
[orch] link change t=60.0s bw=27 delay=41
[orch] link change t=60.0s bw=85 delay=70
[orch] link change t=75.0s bw=87 delay=11
[orch] link change t=75.0s bw=16 delay=30
[orch] link change t=75.0s bw=80 delay=47
[orch] link change t=75.0s bw=93 delay=30
[orch] link change t=75.0s bw=17 delay=74
[orch] link change t=75.0s bw=87 delay=14
[orch] link change t=75.0s bw=36 delay=22
[orch] link change t=75.0s bw=69 delay=87
[orch] link change t=75.0s bw=74 delay=36
[orch] link change t=75.0s bw=57 delay=50
[orch] link change t=90.0s bw=70 delay=43
[orch] link change t=90.0s bw=24 delay=57
[orch] link change t=90.0s bw=17 delay=38
[orch] link change t=90.0s bw=14 delay=76
[orch] link change t=90.0s bw=37 delay=14
[orch] link change t=90.0s bw=84 delay=97
[orch] link change t=90.0s bw=72 delay=13
[orch] link change t=90.0s bw=20 delay=52
[orch] link change t=90.0s bw=61 delay=92
[orch] link change t=90.0s bw=12 delay=44
[orch] link change t=105.0s bw=80 delay=39
[orch] link change t=105.0s bw=70 delay=41
[orch] link change t=105.0s bw=76 delay=78
[orch] link change t=105.0s bw=72 delay=51
[orch] link change t=105.0s bw=59 delay=65
[orch] link change t=105.0s bw=21 delay=65
[orch] link change t=105.0s bw=30 delay=65
[orch] link change t=105.0s bw=80 delay=88
[orch] link change t=105.0s bw=13 delay=68
[orch] link change t=105.0s bw=72 delay=35
[orch] link change t=120.0s bw=34 delay=70
[orch] link change t=120.0s bw=58 delay=79
[orch] link change t=120.0s bw=56 delay=45
[orch] link change t=120.0s bw=19 delay=41
[orch] link change t=120.0s bw=91 delay=60
[orch] link change t=120.0s bw=63 delay=18
[orch] link change t=120.0s bw=87 delay=10
[orch] link change t=120.0s bw=72 delay=68
[orch] link change t=120.0s bw=99 delay=15
[orch] link change t=120.0s bw=62 delay=78
[orch] link change t=135.0s bw=79 delay=80
[orch] link change t=135.0s bw=23 delay=83
[orch] link change t=135.0s bw=32 delay=23
[orch] link change t=135.0s bw=56 delay=15
[orch] link change t=135.0s bw=75 delay=57
[orch] link change t=135.0s bw=40 delay=21
[orch] link change t=135.0s bw=99 delay=67
[orch] link change t=135.0s bw=58 delay=31
[orch] link change t=135.0s bw=59 delay=73
[orch] link change t=135.0s bw=79 delay=97
[orch] link change t=150.0s bw=70 delay=60
[orch] link change t=150.0s bw=41 delay=11
[orch] link change t=150.0s bw=43 delay=37
[orch] link change t=150.0s bw=63 delay=27
[orch] link change t=150.0s bw=79 delay=66
[orch] link change t=150.0s bw=80 delay=64
[orch] link change t=150.0s bw=44 delay=39
[orch] link change t=150.0s bw=100 delay=67
[orch] link change t=150.0s bw=83 delay=34
[orch] link change t=150.0s bw=22 delay=34
[orch] link change t=165.0s bw=91 delay=29
[orch] link change t=165.0s bw=37 delay=62
[orch] link change t=165.0s bw=13 delay=92
[orch] link change t=165.0s bw=87 delay=55
[orch] link change t=165.0s bw=74 delay=44
[orch] link change t=165.0s bw=17 delay=82
[orch] link change t=165.0s bw=85 delay=23
[orch] link change t=165.0s bw=61 delay=21
[orch] link change t=165.0s bw=64 delay=30
[orch] link change t=165.0s bw=82 delay=80
[orch] link change t=180.0s bw=39 delay=91
[orch] link change t=180.0s bw=45 delay=33
[orch] link change t=180.0s bw=43 delay=44
[orch] link change t=180.0s bw=58 delay=63
[orch] link change t=180.0s bw=14 delay=13
[orch] link change t=180.0s bw=25 delay=38
[orch] link change t=180.0s bw=50 delay=13
[orch] link change t=180.0s bw=31 delay=40
[orch] link change t=180.0s bw=72 delay=39
[orch] link change t=180.0s bw=99 delay=43
[orch] link change t=195.0s bw=29 delay=76
[orch] link change t=195.0s bw=59 delay=30
[orch] link change t=195.0s bw=34 delay=31
[orch] link change t=195.0s bw=46 delay=96
[orch] link change t=195.0s bw=90 delay=90
[orch] link change t=195.0s bw=56 delay=69
[orch] link change t=195.0s bw=12 delay=13
[orch] link change t=195.0s bw=16 delay=24
[orch] link change t=195.0s bw=12 delay=99
[orch] link change t=195.0s bw=94 delay=88
[orch] link change t=210.0s bw=59 delay=11
[orch] link change t=210.0s bw=19 delay=27
[orch] link change t=210.0s bw=49 delay=47
[orch] link change t=210.0s bw=43 delay=68
[orch] link change t=210.0s bw=50 delay=58
[orch] link change t=210.0s bw=84 delay=17
[orch] link change t=210.0s bw=93 delay=79
[orch] link change t=210.0s bw=26 delay=74
[orch] link change t=210.0s bw=44 delay=76
[orch] link change t=210.0s bw=97 delay=21
[orch] link change t=225.0s bw=95 delay=18
[orch] link change t=225.0s bw=89 delay=89
[orch] link change t=225.0s bw=90 delay=57
[orch] link change t=225.0s bw=32 delay=97
[orch] link change t=225.0s bw=64 delay=77
[orch] link change t=225.0s bw=83 delay=84
[orch] link change t=225.0s bw=11 delay=58
[orch] link change t=225.0s bw=85 delay=18
[orch] link change t=225.0s bw=62 delay=70
[orch] link change t=225.0s bw=64 delay=52
[orch] link change t=240.0s bw=30 delay=85
[orch] link change t=240.0s bw=66 delay=26
[orch] link change t=240.0s bw=21 delay=87
[orch] link change t=240.0s bw=48 delay=94
[orch] link change t=240.0s bw=97 delay=37
[orch] link change t=240.0s bw=31 delay=81
[orch] link change t=240.0s bw=60 delay=16
[orch] link change t=240.0s bw=58 delay=24
[orch] link change t=240.0s bw=98 delay=59
[orch] link change t=240.0s bw=21 delay=56
[orch] link change t=255.0s bw=15 delay=48
[orch] link change t=255.0s bw=26 delay=10
[orch] link change t=255.0s bw=53 delay=95
[orch] link change t=255.0s bw=56 delay=27
[orch] link change t=255.0s bw=32 delay=40
[orch] link change t=255.0s bw=38 delay=15
[orch] link change t=255.0s bw=64 delay=13
[orch] link change t=255.0s bw=94 delay=43
[orch] link change t=255.0s bw=23 delay=47
[orch] link change t=255.0s bw=62 delay=42
[orch] link change t=270.0s bw=13 delay=44
[orch] link change t=270.0s bw=10 delay=36
[orch] link change t=270.0s bw=59 delay=74
[orch] link change t=270.0s bw=68 delay=40
[orch] link change t=270.0s bw=81 delay=27
[orch] link change t=270.0s bw=39 delay=13
[orch] link change t=270.0s bw=36 delay=96
[orch] link change t=270.0s bw=77 delay=38
[orch] link change t=270.0s bw=22 delay=18
[orch] link change t=270.0s bw=66 delay=99
[orch] link change t=285.0s bw=70 delay=86
[orch] link change t=285.0s bw=37 delay=31
[orch] link change t=285.0s bw=41 delay=32
[orch] link change t=285.0s bw=66 delay=88
[orch] link change t=285.0s bw=32 delay=51
[orch] link change t=285.0s bw=47 delay=63
[orch] link change t=285.0s bw=66 delay=73
[orch] link change t=285.0s bw=38 delay=63
[orch] link change t=285.0s bw=59 delay=89
[orch] link change t=285.0s bw=22 delay=35
[orch] link change t=300.0s bw=59 delay=64
[orch] link change t=300.0s bw=31 delay=47
[orch] link change t=300.0s bw=41 delay=70
[orch] link change t=300.0s bw=58 delay=15
[orch] link change t=300.0s bw=32 delay=27
[orch] link change t=300.0s bw=80 delay=39
[orch] link change t=300.0s bw=28 delay=79
[orch] link change t=300.0s bw=21 delay=44
[orch] link change t=300.0s bw=58 delay=23
[orch] link change t=300.0s bw=99 delay=91
[orch] link change t=315.0s bw=60 delay=83
[orch] link change t=315.0s bw=50 delay=35
[orch] link change t=315.0s bw=45 delay=21
[orch] link change t=315.0s bw=84 delay=10
[orch] link change t=315.0s bw=25 delay=83
[orch] link change t=315.0s bw=54 delay=39
[orch] link change t=315.0s bw=75 delay=75
[orch] link change t=315.0s bw=94 delay=17
[orch] link change t=315.0s bw=36 delay=60
[orch] link change t=315.0s bw=47 delay=22
[orch] link change t=330.0s bw=66 delay=27
[orch] link change t=330.0s bw=79 delay=96
[orch] link change t=330.0s bw=80 delay=48
[orch] link change t=330.0s bw=40 delay=27
[orch] link change t=330.0s bw=49 delay=81
[orch] link change t=330.0s bw=56 delay=75
[orch] link change t=330.0s bw=96 delay=38
[orch] link change t=330.0s bw=45 delay=53
[orch] link change t=330.0s bw=53 delay=40
[orch] link change t=330.0s bw=15 delay=85
[multi_ep_plot] saved -> /its/home/mm2350/extra/Olympusv2/benchmarks/benchmark_responsive_fairness/data/ma_dreamer_second_try/2_flows/run3/ep000003_bw40_d85_n1.pdf  return=382211.8
[ep_plot] ep=3 -> /its/home/mm2350/extra/Olympusv2/benchmarks/benchmark_responsive_fairness/data/ma_dreamer_second_try/2_flows/run3/ep000003_bw40_d85_n1.pdf  return=382211.8125
[responsive_fairness] slot=2 ma_dreamer_second_try flows=2 run=11
[responsive_fairness] ma_dreamer_second_try flows=2 run=3 done (1/200)
[slot=2] ep=11  env=responsive_fairness_join45_score300  bw=67Mbps  delay=81ms  duration=345s
[multi_ep_plot] saved -> /its/home/mm2350/extra/Olympusv2/benchmarks/benchmark_responsive_fairness/data/ma_dreamer_second_try/2_flows/run4/ep000004_bw40_d48_n1.pdf  return=357113.3
[ep_plot] ep=4 -> /its/home/mm2350/extra/Olympusv2/benchmarks/benchmark_responsive_fairness/data/ma_dreamer_second_try/2_flows/run4/ep000004_bw40_d48_n1.pdf  return=357113.34375
[multi_ep_plot] saved -> /its/home/mm2350/extra/Olympusv2/benchmarks/benchmark_responsive_fairness/data/ma_dreamer_second_try/2_flows/run1/ep000001_bw27_d82_n1.pdf  return=354860.8
[ep_plot] ep=1 -> /its/home/mm2350/extra/Olympusv2/benchmarks/benchmark_responsive_fairness/data/ma_dreamer_second_try/2_flows/run1/ep000001_bw27_d82_n1.pdf  return=354860.84375
[responsive_fairness] slot=3 ma_dreamer_second_try flows=2 run=12
[responsive_fairness] ma_dreamer_second_try flows=2 run=4 done (2/200)
[responsive_fairness] slot=0 ma_dreamer_second_try flows=2 run=13
[multi_ep_plot] saved -> /its/home/mm2350/extra/Olympusv2/benchmarks/benchmark_responsive_fairness/data/ma_dreamer_second_try/2_flows/run5/ep000005_bw89_d42_n1.pdf  return=353327.8
[ep_plot] ep=5 -> /its/home/mm2350/extra/Olympusv2/benchmarks/benchmark_responsive_fairness/data/ma_dreamer_second_try/2_flows/run5/ep000005_bw89_d42_n1.pdf  return=353327.75
[responsive_fairness] ma_dreamer_second_try flows=2 run=1 done (3/200)
[responsive_fairness] slot=4 ma_dreamer_second_try flows=2 run=14
[responsive_fairness] ma_dreamer_second_try flows=2 run=5 done (4/200)
[slot=3] ep=12  env=responsive_fairness_join45_score300  bw=70Mbps  delay=44ms  duration=345s
[slot=0] ep=13  env=responsive_fairness_join45_score300  bw=43Mbps  delay=47ms  duration=345s
[slot=4] ep=14  env=responsive_fairness_join45_score300  bw=23Mbps  delay=88ms  duration=345s
[multi_ep_plot] saved -> /its/home/mm2350/extra/Olympusv2/benchmarks/benchmark_responsive_fairness/data/ma_dreamer_second_try/2_flows/run10/ep000010_bw83_d14_n1.pdf  return=376558.5
[ep_plot] ep=10 -> /its/home/mm2350/extra/Olympusv2/benchmarks/benchmark_responsive_fairness/data/ma_dreamer_second_try/2_flows/run10/ep000010_bw83_d14_n1.pdf  return=376558.46875
[responsive_fairness] slot=9 ma_dreamer_second_try flows=2 run=15
[responsive_fairness] ma_dreamer_second_try flows=2 run=10 done (5/200)
[slot=9] ep=15  env=responsive_fairness_join45_score300  bw=36Mbps  delay=11ms  duration=345s
[multi_ep_plot] saved -> /its/home/mm2350/extra/Olympusv2/benchmarks/benchmark_responsive_fairness/data/ma_dreamer_second_try/2_flows/run6/ep000006_bw83_d20_n1.pdf  return=365637.3
[ep_plot] ep=6 -> /its/home/mm2350/extra/Olympusv2/benchmarks/benchmark_responsive_fairness/data/ma_dreamer_second_try/2_flows/run6/ep000006_bw83_d20_n1.pdf  return=365637.28125
[sao-listener] cport=23200 worker=/its/home/mm2350/extra/Olympusv2/olympus/algorithms/ma_dreamer/worker.py scan=20ms target_cc=astraea single_flow=1 no_state_pipe=1
[responsive_fairness] slot=5 ma_dreamer_second_try flows=2 run=16
[responsive_fairness] ma_dreamer_second_try flows=2 run=6 done (6/200)
[slot=5] ep=16  env=responsive_fairness_join45_score300  bw=56Mbps  delay=70ms  duration=345s
[multi_ep_plot] saved -> /its/home/mm2350/extra/Olympusv2/benchmarks/benchmark_responsive_fairness/data/ma_dreamer_second_try/2_flows/run2/ep000002_bw17_d21_n1.pdf  return=360546.0
[ep_plot] ep=2 -> /its/home/mm2350/extra/Olympusv2/benchmarks/benchmark_responsive_fairness/data/ma_dreamer_second_try/2_flows/run2/ep000002_bw17_d21_n1.pdf  return=360545.96875
[responsive_fairness] slot=1 ma_dreamer_second_try flows=2 run=17
[responsive_fairness] ma_dreamer_second_try flows=2 run=2 done (7/200)
[multi_ep_plot] saved -> /its/home/mm2350/extra/Olympusv2/benchmarks/benchmark_responsive_fairness/data/ma_dreamer_second_try/2_flows/run7/ep000007_bw51_d29_n1.pdf  return=374124.7
[ep_plot] ep=7 -> /its/home/mm2350/extra/Olympusv2/benchmarks/benchmark_responsive_fairness/data/ma_dreamer_second_try/2_flows/run7/ep000007_bw51_d29_n1.pdf  return=374124.65625
[slot=1] ep=17  env=responsive_fairness_join45_score300  bw=76Mbps  delay=63ms  duration=345s
[responsive_fairness] slot=6 ma_dreamer_second_try flows=2 run=18
[responsive_fairness] ma_dreamer_second_try flows=2 run=7 done (8/200)
[slot=6] ep=18  env=responsive_fairness_join45_score300  bw=33Mbps  delay=25ms  duration=345s
[multi_ep_plot] saved -> /its/home/mm2350/extra/Olympusv2/benchmarks/benchmark_responsive_fairness/data/ma_dreamer_second_try/2_flows/run9/ep000009_bw69_d88_n1.pdf  return=353687.6
[ep_plot] ep=9 -> /its/home/mm2350/extra/Olympusv2/benchmarks/benchmark_responsive_fairness/data/ma_dreamer_second_try/2_flows/run9/ep000009_bw69_d88_n1.pdf  return=353687.5625
[multi_ep_plot] saved -> /its/home/mm2350/extra/Olympusv2/benchmarks/benchmark_responsive_fairness/data/ma_dreamer_second_try/2_flows/run8/ep000008_bw39_d57_n1.pdf  return=369779.3
[ep_plot] ep=8 -> /its/home/mm2350/extra/Olympusv2/benchmarks/benchmark_responsive_fairness/data/ma_dreamer_second_try/2_flows/run8/ep000008_bw39_d57_n1.pdf  return=369779.34375
[responsive_fairness] slot=8 ma_dreamer_second_try flows=2 run=19
[responsive_fairness] ma_dreamer_second_try flows=2 run=9 done (9/200)
[responsive_fairness] slot=7 ma_dreamer_second_try flows=2 run=20
[responsive_fairness] ma_dreamer_second_try flows=2 run=8 done (10/200)
[slot=8] ep=19  env=responsive_fairness_join45_score300  bw=96Mbps  delay=15ms  duration=345s
[slot=7] ep=20  env=responsive_fairness_join45_score300  bw=97Mbps  delay=29ms  duration=345s
[sao-listener] cport=23300 worker=/its/home/mm2350/extra/Olympusv2/olympus/algorithms/ma_dreamer/worker.py scan=20ms target_cc=astraea single_flow=1 no_state_pipe=1
[sao-listener] cport=23000 worker=/its/home/mm2350/extra/Olympusv2/olympus/algorithms/ma_dreamer/worker.py scan=20ms target_cc=astraea single_flow=1 no_state_pipe=1
[sao-listener] cport=23400 worker=/its/home/mm2350/extra/Olympusv2/olympus/algorithms/ma_dreamer/worker.py scan=20ms target_cc=astraea single_flow=1 no_state_pipe=1
[sao-listener] cport=23900 worker=/its/home/mm2350/extra/Olympusv2/olympus/algorithms/ma_dreamer/worker.py scan=20ms target_cc=astraea single_flow=1 no_state_pipe=1
[sao-listener] cport=23500 worker=/its/home/mm2350/extra/Olympusv2/olympus/algorithms/ma_dreamer/worker.py scan=20ms target_cc=astraea single_flow=1 no_state_pipe=1
[sao-listener] cport=23100 worker=/its/home/mm2350/extra/Olympusv2/olympus/algorithms/ma_dreamer/worker.py scan=20ms target_cc=astraea single_flow=1 no_state_pipe=1
[sao-listener] cport=23600 worker=/its/home/mm2350/extra/Olympusv2/olympus/algorithms/ma_dreamer/worker.py scan=20ms target_cc=astraea single_flow=1 no_state_pipe=1
[sao-listener] cport=23800 worker=/its/home/mm2350/extra/Olympusv2/olympus/algorithms/ma_dreamer/worker.py scan=20ms target_cc=astraea single_flow=1 no_state_pipe=1
[sao-listener] cport=23700 worker=/its/home/mm2350/extra/Olympusv2/olympus/algorithms/ma_dreamer/worker.py scan=20ms target_cc=astraea single_flow=1 no_state_pipe=1
[sao-listener] new flow 1 10.0.0.1:23900->10.0.0.3:5210 cc=astraea pid=599883 child=600619
[sao-listener] single-flow mode: attached worker; stopping ss scans
[sao-listener flow 1] cport=23900 cc=astraea worker active
[sao-listener] new flow 1 10.0.0.1:23500->10.0.0.3:5206 cc=astraea pid=600147 child=600947
[sao-listener] single-flow mode: attached worker; stopping ss scans
[sao-listener flow 1] cport=23500 cc=astraea worker active
[sao-listener] new flow 1 10.0.0.1:23100->10.0.0.3:5202 cc=astraea pid=600232 child=601029
[sao-listener] single-flow mode: attached worker; stopping ss scans
[sao-listener flow 1] cport=23100 cc=astraea worker active
[sao-listener] new flow 1 10.0.0.1:23600->10.0.0.3:5207 cc=astraea pid=600292 child=601110
[sao-listener] single-flow mode: attached worker; stopping ss scans
[sao-listener flow 1] cport=23600 cc=astraea worker active
[sao-listener] new flow 1 10.0.0.1:23800->10.0.0.3:5209 cc=astraea pid=600349 child=601277
[sao-listener] single-flow mode: attached worker; stopping ss scans
[sao-listener flow 1] cport=23800 cc=astraea worker active
[worker cport=23900 agent=0] loaded checkpoint step=58994
[worker alg=ma_dreamer reward=tempest_fairness_ma cport=23900 agent=0 group=slot0_ep15 flow=1] started interval=20ms det=1 latent=8x8
[sao-listener] new flow 1 10.0.0.1:23700->10.0.0.3:5208 cc=astraea pid=600373 child=601335
[sao-listener] single-flow mode: attached worker; stopping ss scans
[sao-listener flow 1] cport=23700 cc=astraea worker active
[sao-listener] new flow 1 10.0.0.1:23000->10.0.0.3:5201 cc=astraea pid=599662 child=601395
[sao-listener] single-flow mode: attached worker; stopping ss scans
[sao-listener flow 1] cport=23000 cc=astraea worker active
[sao-listener] new flow 1 10.0.0.1:23300->10.0.0.3:5204 cc=astraea pid=599650 child=601397
[sao-listener] single-flow mode: attached worker; stopping ss scans
[sao-listener flow 1] cport=23300 cc=astraea worker active
[worker cport=23500 agent=0] loaded checkpoint step=58994
[worker alg=ma_dreamer reward=tempest_fairness_ma cport=23500 agent=0 group=slot0_ep16 flow=1] started interval=20ms det=1 latent=8x8
[sao-listener] new flow 1 10.0.0.1:23400->10.0.0.3:5205 cc=astraea pid=599707 child=601552
[sao-listener] single-flow mode: attached worker; stopping ss scans
[sao-listener flow 1] cport=23400 cc=astraea worker active
[worker cport=23100 agent=0] loaded checkpoint step=58994
[worker alg=ma_dreamer reward=tempest_fairness_ma cport=23100 agent=0 group=slot0_ep17 flow=1] started interval=20ms det=1 latent=8x8
[sao-listener] new flow 1 10.0.0.1:23200->10.0.0.3:5203 cc=astraea pid=598900 child=601663
[sao-listener] single-flow mode: attached worker; stopping ss scans
[sao-listener flow 1] cport=23200 cc=astraea worker active
[worker cport=23600 agent=0] loaded checkpoint step=58994
[worker alg=ma_dreamer reward=tempest_fairness_ma cport=23600 agent=0 group=slot0_ep18 flow=1] started interval=20ms det=1 latent=8x8
[worker cport=23800 agent=0] loaded checkpoint step=58994
[worker alg=ma_dreamer reward=tempest_fairness_ma cport=23800 agent=0 group=slot0_ep19 flow=1] started interval=20ms det=1 latent=8x8
[worker cport=23700 agent=0] loaded checkpoint step=58994
[worker alg=ma_dreamer reward=tempest_fairness_ma cport=23700 agent=0 group=slot0_ep20 flow=1] started interval=20ms det=1 latent=8x8
[worker cport=23000 agent=0] loaded checkpoint step=58994
[worker alg=ma_dreamer reward=tempest_fairness_ma cport=23000 agent=0 group=slot0_ep13 flow=1] started interval=20ms det=1 latent=8x8
[worker cport=23300 agent=0] loaded checkpoint step=58994
[worker alg=ma_dreamer reward=tempest_fairness_ma cport=23300 agent=0 group=slot0_ep12 flow=1] started interval=20ms det=1 latent=8x8
[worker cport=23400 agent=0] loaded checkpoint step=58994
[worker alg=ma_dreamer reward=tempest_fairness_ma cport=23400 agent=0 group=slot0_ep14 flow=1] started interval=20ms det=1 latent=8x8
[worker cport=23200 agent=0] loaded checkpoint step=58994
[worker alg=ma_dreamer reward=tempest_fairness_ma cport=23200 agent=0 group=slot0_ep11 flow=1] started interval=20ms det=1 latent=8x8
[orch] link change t=15.0s bw=69 delay=67
[orch] link change t=15.0s bw=94 delay=77
[orch] link change t=15.0s bw=97 delay=97
[orch] link change t=15.0s bw=99 delay=93
[orch] link change t=15.0s bw=76 delay=14
[orch] link change t=15.0s bw=71 delay=46
[orch] link change t=15.0s bw=48 delay=56
[orch] link change t=15.0s bw=94 delay=67
[orch] link change t=15.0s bw=76 delay=25
[orch] link change t=15.0s bw=43 delay=96
[orch] link change t=30.0s bw=75 delay=85
[orch] link change t=30.0s bw=95 delay=54
[orch] link change t=30.0s bw=33 delay=93
[orch] link change t=30.0s bw=77 delay=41
[orch] link change t=30.0s bw=30 delay=40
[orch] link change t=30.0s bw=63 delay=39
[orch] link change t=30.0s bw=47 delay=32
[orch] link change t=30.0s bw=52 delay=40
[orch] link change t=30.0s bw=75 delay=35
[orch] link change t=30.0s bw=91 delay=22
[orch] link change t=45.0s bw=34 delay=33
[orch] link change t=45.0s bw=28 delay=58
[orch] link change t=45.0s bw=39 delay=95
[orch] link change t=45.0s bw=44 delay=42
[orch] link change t=45.0s bw=12 delay=17
[orch] link change t=45.0s bw=67 delay=10
[orch] link change t=45.0s bw=100 delay=100
[orch] link change t=45.0s bw=35 delay=72
[orch] link change t=45.0s bw=60 delay=54
[orch] link change t=45.0s bw=51 delay=83
[orch] link change t=60.0s bw=75 delay=70
[orch] link change t=60.0s bw=11 delay=57
[orch] link change t=60.0s bw=28 delay=38
[orch] link change t=60.0s bw=47 delay=19
[orch] link change t=60.0s bw=97 delay=28
[orch] link change t=60.0s bw=62 delay=94
[orch] link change t=60.0s bw=79 delay=94
[orch] link change t=60.0s bw=90 delay=73
[orch] link change t=60.0s bw=77 delay=47
[orch] link change t=60.0s bw=31 delay=13
[orch] link change t=75.0s bw=90 delay=88
[orch] link change t=75.0s bw=71 delay=45
[orch] link change t=75.0s bw=92 delay=33
[orch] link change t=75.0s bw=94 delay=67
[orch] link change t=75.0s bw=98 delay=57
[orch] link change t=75.0s bw=43 delay=40
[orch] link change t=75.0s bw=45 delay=24
[orch] link change t=75.0s bw=33 delay=71
[orch] link change t=75.0s bw=84 delay=28
[orch] link change t=75.0s bw=62 delay=62
[orch] link change t=90.0s bw=33 delay=22
[orch] link change t=90.0s bw=92 delay=68
[orch] link change t=90.0s bw=26 delay=19
[orch] link change t=90.0s bw=48 delay=69
[orch] link change t=90.0s bw=40 delay=24
[orch] link change t=90.0s bw=91 delay=38
[orch] link change t=90.0s bw=13 delay=41
[orch] link change t=90.0s bw=47 delay=68
[orch] link change t=90.0s bw=86 delay=43
[orch] link change t=90.0s bw=19 delay=23
[orch] link change t=105.0s bw=67 delay=48
[orch] link change t=105.0s bw=98 delay=86
[orch] link change t=105.0s bw=78 delay=37
[orch] link change t=105.0s bw=97 delay=60
[orch] link change t=105.0s bw=53 delay=69
[orch] link change t=105.0s bw=11 delay=47
[orch] link change t=105.0s bw=59 delay=63
[orch] link change t=105.0s bw=43 delay=35
[orch] link change t=105.0s bw=23 delay=43
[orch] link change t=105.0s bw=26 delay=50
[orch] link change t=120.0s bw=28 delay=21
[orch] link change t=120.0s bw=39 delay=81
[orch] link change t=120.0s bw=47 delay=13
[orch] link change t=120.0s bw=60 delay=25
[orch] link change t=120.0s bw=100 delay=55
[orch] link change t=120.0s bw=48 delay=52
[orch] link change t=120.0s bw=42 delay=74
[orch] link change t=120.0s bw=42 delay=98
[orch] link change t=120.0s bw=62 delay=51
[orch] link change t=120.0s bw=70 delay=84
[orch] link change t=135.0s bw=78 delay=98
[orch] link change t=135.0s bw=10 delay=94
[orch] link change t=135.0s bw=65 delay=26
[orch] link change t=135.0s bw=43 delay=38
[orch] link change t=135.0s bw=45 delay=60
[orch] link change t=135.0s bw=95 delay=28
[orch] link change t=135.0s bw=50 delay=91
[orch] link change t=135.0s bw=25 delay=51
[orch] link change t=135.0s bw=44 delay=23
[orch] link change t=135.0s bw=67 delay=62
[orch] link change t=150.0s bw=91 delay=15
[orch] link change t=150.0s bw=89 delay=28
[orch] link change t=150.0s bw=97 delay=87
[orch] link change t=150.0s bw=50 delay=55
[orch] link change t=150.0s bw=43 delay=54
[orch] link change t=150.0s bw=87 delay=49
[orch] link change t=150.0s bw=97 delay=61
[orch] link change t=150.0s bw=76 delay=96
[orch] link change t=150.0s bw=51 delay=49
[orch] link change t=150.0s bw=36 delay=35
[orch] link change t=165.0s bw=86 delay=60
[orch] link change t=165.0s bw=66 delay=57
[orch] link change t=165.0s bw=11 delay=45
[orch] link change t=165.0s bw=43 delay=56
[orch] link change t=165.0s bw=39 delay=36
[orch] link change t=165.0s bw=12 delay=38
[orch] link change t=165.0s bw=27 delay=80
[orch] link change t=165.0s bw=32 delay=40
[orch] link change t=165.0s bw=12 delay=82
[orch] link change t=165.0s bw=50 delay=90
[orch] link change t=180.0s bw=67 delay=93
[orch] link change t=180.0s bw=30 delay=53
[orch] link change t=180.0s bw=28 delay=20
[orch] link change t=180.0s bw=90 delay=90
[orch] link change t=180.0s bw=55 delay=50
[orch] link change t=180.0s bw=87 delay=42
[orch] link change t=180.0s bw=17 delay=27
[orch] link change t=180.0s bw=31 delay=40
[orch] link change t=180.0s bw=89 delay=35
[orch] link change t=180.0s bw=97 delay=52
[orch] link change t=195.0s bw=88 delay=93
[orch] link change t=195.0s bw=36 delay=17
[orch] link change t=195.0s bw=43 delay=67
[orch] link change t=195.0s bw=76 delay=29
[orch] link change t=195.0s bw=38 delay=49
[orch] link change t=195.0s bw=12 delay=29
[orch] link change t=195.0s bw=35 delay=29
[orch] link change t=195.0s bw=35 delay=56
[orch] link change t=195.0s bw=19 delay=35
[orch] link change t=195.0s bw=52 delay=64
[orch] link change t=210.0s bw=30 delay=89
[orch] link change t=210.0s bw=83 delay=35
[orch] link change t=210.0s bw=65 delay=27
[orch] link change t=210.0s bw=30 delay=80
[orch] link change t=210.0s bw=75 delay=63
[orch] link change t=210.0s bw=87 delay=95
[orch] link change t=210.0s bw=100 delay=78
[orch] link change t=210.0s bw=83 delay=74
[orch] link change t=210.0s bw=24 delay=79
[orch] link change t=210.0s bw=21 delay=90
[orch] link change t=225.0s bw=11 delay=77
[orch] link change t=225.0s bw=19 delay=75
[orch] link change t=225.0s bw=42 delay=55
[orch] link change t=225.0s bw=95 delay=94
[orch] link change t=225.0s bw=39 delay=83
[orch] link change t=225.0s bw=90 delay=13
[orch] link change t=225.0s bw=81 delay=97
[orch] link change t=225.0s bw=35 delay=96
[orch] link change t=225.0s bw=68 delay=59
[orch] link change t=225.0s bw=76 delay=72
[orch] link change t=240.0s bw=18 delay=17
[orch] link change t=240.0s bw=97 delay=53
[orch] link change t=240.0s bw=39 delay=72
[orch] link change t=240.0s bw=45 delay=31
[orch] link change t=240.0s bw=68 delay=63
[orch] link change t=240.0s bw=69 delay=68
[orch] link change t=240.0s bw=36 delay=52
[orch] link change t=240.0s bw=73 delay=37
[orch] link change t=240.0s bw=19 delay=22
[orch] link change t=240.0s bw=61 delay=20
[orch] link change t=255.0s bw=14 delay=34
[orch] link change t=255.0s bw=97 delay=61
[orch] link change t=255.0s bw=80 delay=82
[orch] link change t=255.0s bw=11 delay=93
[orch] link change t=255.0s bw=72 delay=20
[orch] link change t=255.0s bw=86 delay=90
[orch] link change t=255.0s bw=79 delay=25
[orch] link change t=255.0s bw=48 delay=43
[orch] link change t=255.0s bw=63 delay=12
[orch] link change t=255.0s bw=36 delay=83
[orch] link change t=270.0s bw=40 delay=86
[orch] link change t=270.0s bw=21 delay=12
[orch] link change t=270.0s bw=64 delay=95
[orch] link change t=270.0s bw=18 delay=25
[orch] link change t=270.0s bw=69 delay=82
[orch] link change t=270.0s bw=100 delay=47
[orch] link change t=270.0s bw=91 delay=18
[orch] link change t=270.0s bw=10 delay=53
[orch] link change t=270.0s bw=22 delay=84
[orch] link change t=270.0s bw=41 delay=14
[orch] link change t=285.0s bw=13 delay=69
[orch] link change t=285.0s bw=17 delay=94
[orch] link change t=285.0s bw=56 delay=65
[orch] link change t=285.0s bw=86 delay=53
[orch] link change t=285.0s bw=56 delay=66
[orch] link change t=285.0s bw=38 delay=49
[orch] link change t=285.0s bw=49 delay=62
[orch] link change t=285.0s bw=61 delay=38
[orch] link change t=285.0s bw=64 delay=60
[orch] link change t=285.0s bw=35 delay=22
[orch] link change t=300.0s bw=51 delay=66
[orch] link change t=300.0s bw=75 delay=38
[orch] link change t=300.0s bw=91 delay=50
[orch] link change t=300.0s bw=13 delay=20
[orch] link change t=300.0s bw=82 delay=50
[orch] link change t=300.0s bw=56 delay=43
[orch] link change t=300.0s bw=20 delay=74
[orch] link change t=300.0s bw=61 delay=78
[orch] link change t=300.0s bw=66 delay=94
[orch] link change t=300.0s bw=20 delay=34
[orch] link change t=315.0s bw=85 delay=35
[orch] link change t=315.0s bw=21 delay=64
[orch] link change t=315.0s bw=93 delay=25
[orch] link change t=315.0s bw=45 delay=36
[orch] link change t=315.0s bw=98 delay=92
[orch] link change t=315.0s bw=63 delay=21
[orch] link change t=315.0s bw=70 delay=91
[orch] link change t=315.0s bw=54 delay=85
[orch] link change t=315.0s bw=48 delay=83
[orch] link change t=315.0s bw=42 delay=98
[orch] link change t=330.0s bw=76 delay=39
[orch] link change t=330.0s bw=66 delay=24
[orch] link change t=330.0s bw=54 delay=86
[orch] link change t=330.0s bw=58 delay=61
[orch] link change t=330.0s bw=67 delay=61
[orch] link change t=330.0s bw=54 delay=73
[orch] link change t=330.0s bw=86 delay=28
[orch] link change t=330.0s bw=83 delay=77
[orch] link change t=330.0s bw=74 delay=30
[orch] link change t=330.0s bw=46 delay=49
[multi_ep_plot] saved -> /its/home/mm2350/extra/Olympusv2/benchmarks/benchmark_responsive_fairness/data/ma_dreamer_second_try/2_flows/run11/ep000011_bw67_d81_n1.pdf  return=365432.2
[ep_plot] ep=11 -> /its/home/mm2350/extra/Olympusv2/benchmarks/benchmark_responsive_fairness/data/ma_dreamer_second_try/2_flows/run11/ep000011_bw67_d81_n1.pdf  return=365432.15625
[responsive_fairness] slot=2 ma_dreamer_second_try flows=2 run=21
[responsive_fairness] ma_dreamer_second_try flows=2 run=11 done (11/200)
[slot=2] ep=21  env=responsive_fairness_join45_score300  bw=31Mbps  delay=63ms  duration=345s
[sao-listener] cport=23200 worker=/its/home/mm2350/extra/Olympusv2/olympus/algorithms/ma_dreamer/worker.py scan=20ms target_cc=astraea single_flow=1 no_state_pipe=1
[multi_ep_plot] saved -> /its/home/mm2350/extra/Olympusv2/benchmarks/benchmark_responsive_fairness/data/ma_dreamer_second_try/2_flows/run12/ep000012_bw70_d44_n1.pdf  return=350810.8
[ep_plot] ep=12 -> /its/home/mm2350/extra/Olympusv2/benchmarks/benchmark_responsive_fairness/data/ma_dreamer_second_try/2_flows/run12/ep000012_bw70_d44_n1.pdf  return=350810.75
[responsive_fairness] slot=3 ma_dreamer_second_try flows=2 run=22
[responsive_fairness] ma_dreamer_second_try flows=2 run=12 done (12/200)
[slot=3] ep=22  env=responsive_fairness_join45_score300  bw=27Mbps  delay=41ms  duration=345s
[multi_ep_plot] saved -> /its/home/mm2350/extra/Olympusv2/benchmarks/benchmark_responsive_fairness/data/ma_dreamer_second_try/2_flows/run14/ep000014_bw23_d88_n1.pdf  return=340994.4
[ep_plot] ep=14 -> /its/home/mm2350/extra/Olympusv2/benchmarks/benchmark_responsive_fairness/data/ma_dreamer_second_try/2_flows/run14/ep000014_bw23_d88_n1.pdf  return=340994.375
[responsive_fairness] slot=4 ma_dreamer_second_try flows=2 run=23
[responsive_fairness] ma_dreamer_second_try flows=2 run=14 done (13/200)
[slot=4] ep=23  env=responsive_fairness_join45_score300  bw=47Mbps  delay=20ms  duration=345s
[multi_ep_plot] saved -> /its/home/mm2350/extra/Olympusv2/benchmarks/benchmark_responsive_fairness/data/ma_dreamer_second_try/2_flows/run15/ep000015_bw36_d11_n1.pdf  return=367357.4
[ep_plot] ep=15 -> /its/home/mm2350/extra/Olympusv2/benchmarks/benchmark_responsive_fairness/data/ma_dreamer_second_try/2_flows/run15/ep000015_bw36_d11_n1.pdf  return=367357.4375
[responsive_fairness] slot=9 ma_dreamer_second_try flows=2 run=24
[responsive_fairness] ma_dreamer_second_try flows=2 run=15 done (14/200)
[slot=9] ep=24  env=responsive_fairness_join45_score300  bw=59Mbps  delay=84ms  duration=345s
[multi_ep_plot] saved -> /its/home/mm2350/extra/Olympusv2/benchmarks/benchmark_responsive_fairness/data/ma_dreamer_second_try/2_flows/run13/ep000013_bw43_d47_n1.pdf  return=373202.1
[ep_plot] ep=13 -> /its/home/mm2350/extra/Olympusv2/benchmarks/benchmark_responsive_fairness/data/ma_dreamer_second_try/2_flows/run13/ep000013_bw43_d47_n1.pdf  return=373202.0625
[responsive_fairness] slot=0 ma_dreamer_second_try flows=2 run=25
[responsive_fairness] ma_dreamer_second_try flows=2 run=13 done (15/200)
[slot=0] ep=25  env=responsive_fairness_join45_score300  bw=58Mbps  delay=11ms  duration=345s
[sao-listener] cport=23300 worker=/its/home/mm2350/extra/Olympusv2/olympus/algorithms/ma_dreamer/worker.py scan=20ms target_cc=astraea single_flow=1 no_state_pipe=1
[sao-listener] cport=23400 worker=/its/home/mm2350/extra/Olympusv2/olympus/algorithms/ma_dreamer/worker.py scan=20ms target_cc=astraea single_flow=1 no_state_pipe=1
[multi_ep_plot] saved -> /its/home/mm2350/extra/Olympusv2/benchmarks/benchmark_responsive_fairness/data/ma_dreamer_second_try/2_flows/run16/ep000016_bw56_d70_n1.pdf  return=359362.9
[ep_plot] ep=16 -> /its/home/mm2350/extra/Olympusv2/benchmarks/benchmark_responsive_fairness/data/ma_dreamer_second_try/2_flows/run16/ep000016_bw56_d70_n1.pdf  return=359362.9375
[responsive_fairness] slot=5 ma_dreamer_second_try flows=2 run=26
[responsive_fairness] ma_dreamer_second_try flows=2 run=16 done (16/200)
[sao-listener] cport=23900 worker=/its/home/mm2350/extra/Olympusv2/olympus/algorithms/ma_dreamer/worker.py scan=20ms target_cc=astraea single_flow=1 no_state_pipe=1
[slot=5] ep=26  env=responsive_fairness_join45_score300  bw=35Mbps  delay=94ms  duration=345s
[sao-listener] cport=23000 worker=/its/home/mm2350/extra/Olympusv2/olympus/algorithms/ma_dreamer/worker.py scan=20ms target_cc=astraea single_flow=1 no_state_pipe=1
[multi_ep_plot] saved -> /its/home/mm2350/extra/Olympusv2/benchmarks/benchmark_responsive_fairness/data/ma_dreamer_second_try/2_flows/run17/ep000017_bw76_d63_n1.pdf  return=378550.5
[ep_plot] ep=17 -> /its/home/mm2350/extra/Olympusv2/benchmarks/benchmark_responsive_fairness/data/ma_dreamer_second_try/2_flows/run17/ep000017_bw76_d63_n1.pdf  return=378550.53125
[responsive_fairness] slot=1 ma_dreamer_second_try flows=2 run=27
[responsive_fairness] ma_dreamer_second_try flows=2 run=17 done (17/200)
[slot=1] ep=27  env=responsive_fairness_join45_score300  bw=93Mbps  delay=71ms  duration=345s
[multi_ep_plot] saved -> /its/home/mm2350/extra/Olympusv2/benchmarks/benchmark_responsive_fairness/data/ma_dreamer_second_try/2_flows/run20/ep000020_bw97_d29_n1.pdf  return=377158.1
[ep_plot] ep=20 -> /its/home/mm2350/extra/Olympusv2/benchmarks/benchmark_responsive_fairness/data/ma_dreamer_second_try/2_flows/run20/ep000020_bw97_d29_n1.pdf  return=377158.09375
[multi_ep_plot] saved -> /its/home/mm2350/extra/Olympusv2/benchmarks/benchmark_responsive_fairness/data/ma_dreamer_second_try/2_flows/run18/ep000018_bw33_d25_n1.pdf  return=348429.1
[ep_plot] ep=18 -> /its/home/mm2350/extra/Olympusv2/benchmarks/benchmark_responsive_fairness/data/ma_dreamer_second_try/2_flows/run18/ep000018_bw33_d25_n1.pdf  return=348429.09375
[responsive_fairness] slot=7 ma_dreamer_second_try flows=2 run=28
[responsive_fairness] ma_dreamer_second_try flows=2 run=20 done (18/200)
[responsive_fairness] slot=6 ma_dreamer_second_try flows=2 run=29
[responsive_fairness] ma_dreamer_second_try flows=2 run=18 done (19/200)
[slot=7] ep=28  env=responsive_fairness_join45_score300  bw=24Mbps  delay=26ms  duration=345s
[slot=6] ep=29  env=responsive_fairness_join45_score300  bw=80Mbps  delay=19ms  duration=345s
[multi_ep_plot] saved -> /its/home/mm2350/extra/Olympusv2/benchmarks/benchmark_responsive_fairness/data/ma_dreamer_second_try/2_flows/run19/ep000019_bw96_d15_n1.pdf  return=368265.1
[ep_plot] ep=19 -> /its/home/mm2350/extra/Olympusv2/benchmarks/benchmark_responsive_fairness/data/ma_dreamer_second_try/2_flows/run19/ep000019_bw96_d15_n1.pdf  return=368265.0625
[responsive_fairness] slot=8 ma_dreamer_second_try flows=2 run=30
[responsive_fairness] ma_dreamer_second_try flows=2 run=19 done (20/200)
[slot=8] ep=30  env=responsive_fairness_join45_score300  bw=79Mbps  delay=47ms  duration=345s
[sao-listener] new flow 1 10.0.0.1:23200->10.0.0.3:5203 cc=astraea pid=605733 child=606726
[sao-listener] single-flow mode: attached worker; stopping ss scans
[sao-listener flow 1] cport=23200 cc=astraea worker active
[sao-listener] cport=23500 worker=/its/home/mm2350/extra/Olympusv2/olympus/algorithms/ma_dreamer/worker.py scan=20ms target_cc=astraea single_flow=1 no_state_pipe=1
[sao-listener] cport=23100 worker=/its/home/mm2350/extra/Olympusv2/olympus/algorithms/ma_dreamer/worker.py scan=20ms target_cc=astraea single_flow=1 no_state_pipe=1
[sao-listener] cport=23600 worker=/its/home/mm2350/extra/Olympusv2/olympus/algorithms/ma_dreamer/worker.py scan=20ms target_cc=astraea single_flow=1 no_state_pipe=1
[sao-listener] cport=23700 worker=/its/home/mm2350/extra/Olympusv2/olympus/algorithms/ma_dreamer/worker.py scan=20ms target_cc=astraea single_flow=1 no_state_pipe=1
[sao-listener] cport=23800 worker=/its/home/mm2350/extra/Olympusv2/olympus/algorithms/ma_dreamer/worker.py scan=20ms target_cc=astraea single_flow=1 no_state_pipe=1
[sao-listener] new flow 1 10.0.0.1:23000->10.0.0.3:5201 cc=astraea pid=607308 child=607895
[sao-listener] single-flow mode: attached worker; stopping ss scans
[sao-listener flow 1] cport=23000 cc=astraea worker active
[sao-listener] new flow 1 10.0.0.1:23300->10.0.0.3:5204 cc=astraea pid=606573 child=607998
[sao-listener] single-flow mode: attached worker; stopping ss scans
[sao-listener flow 1] cport=23300 cc=astraea worker active
[worker cport=23200 agent=0] loaded checkpoint step=58994
[worker alg=ma_dreamer reward=tempest_fairness_ma cport=23200 agent=0 group=slot0_ep21 flow=1] started interval=20ms det=1 latent=8x8
[sao-listener] new flow 1 10.0.0.1:23400->10.0.0.3:5205 cc=astraea pid=606894 child=608604
[sao-listener] single-flow mode: attached worker; stopping ss scans
[sao-listener flow 1] cport=23400 cc=astraea worker active
[sao-listener] new flow 1 10.0.0.1:23900->10.0.0.3:5210 cc=astraea pid=607222 child=608783
[sao-listener] single-flow mode: attached worker; stopping ss scans
[sao-listener flow 1] cport=23900 cc=astraea worker active
[worker cport=23000 agent=0] loaded checkpoint step=58994
[worker alg=ma_dreamer reward=tempest_fairness_ma cport=23000 agent=0 group=slot0_ep25 flow=1] started interval=20ms det=1 latent=8x8
[sao-listener] new flow 1 10.0.0.1:23100->10.0.0.3:5202 cc=astraea pid=608315 child=608883
[sao-listener] single-flow mode: attached worker; stopping ss scans
[sao-listener flow 1] cport=23100 cc=astraea worker active
[worker cport=23300 agent=0] loaded checkpoint step=58994
[worker alg=ma_dreamer reward=tempest_fairness_ma cport=23300 agent=0 group=slot0_ep22 flow=1] started interval=20ms det=1 latent=8x8
[sao-listener] new flow 1 10.0.0.1:23700->10.0.0.3:5208 cc=astraea pid=608549 child=608969
[sao-listener] single-flow mode: attached worker; stopping ss scans
[sao-listener flow 1] cport=23700 cc=astraea worker active
[sao-listener] new flow 1 10.0.0.1:23600->10.0.0.3:5207 cc=astraea pid=608513 child=608971
[sao-listener] single-flow mode: attached worker; stopping ss scans
[sao-listener flow 1] cport=23600 cc=astraea worker active
[worker cport=23400 agent=0] loaded checkpoint step=58994
[worker alg=ma_dreamer reward=tempest_fairness_ma cport=23400 agent=0 group=slot0_ep23 flow=1] started interval=20ms det=1 latent=8x8
[sao-listener] new flow 1 10.0.0.1:23800->10.0.0.3:5209 cc=astraea pid=608562 child=609129
[sao-listener] single-flow mode: attached worker; stopping ss scans
[sao-listener flow 1] cport=23800 cc=astraea worker active
[worker cport=23900 agent=0] loaded checkpoint step=58994
[worker alg=ma_dreamer reward=tempest_fairness_ma cport=23900 agent=0 group=slot0_ep24 flow=1] started interval=20ms det=1 latent=8x8
[worker cport=23100 agent=0] loaded checkpoint step=58994
[worker alg=ma_dreamer reward=tempest_fairness_ma cport=23100 agent=0 group=slot0_ep27 flow=1] started interval=20ms det=1 latent=8x8
[worker cport=23700 agent=0] loaded checkpoint step=58994
[worker alg=ma_dreamer reward=tempest_fairness_ma cport=23700 agent=0 group=slot0_ep28 flow=1] started interval=20ms det=1 latent=8x8
[worker cport=23600 agent=0] loaded checkpoint step=58994
[worker alg=ma_dreamer reward=tempest_fairness_ma cport=23600 agent=0 group=slot0_ep29 flow=1] started interval=20ms det=1 latent=8x8
[worker cport=23800 agent=0] loaded checkpoint step=58994
[worker alg=ma_dreamer reward=tempest_fairness_ma cport=23800 agent=0 group=slot0_ep30 flow=1] started interval=20ms det=1 latent=8x8
[sao-listener] new flow 1 10.0.0.1:23500->10.0.0.3:5206 cc=astraea pid=608041 child=609452
[sao-listener] single-flow mode: attached worker; stopping ss scans
[sao-listener flow 1] cport=23500 cc=astraea worker active
[worker cport=23500 agent=0] loaded checkpoint step=58994
[worker alg=ma_dreamer reward=tempest_fairness_ma cport=23500 agent=0 group=slot0_ep26 flow=1] started interval=20ms det=1 latent=8x8
[orch] link change t=15.0s bw=98 delay=63
[orch] link change t=15.0s bw=13 delay=88
[orch] link change t=15.0s bw=12 delay=85
[orch] link change t=15.0s bw=33 delay=37
[orch] link change t=15.0s bw=37 delay=49
[orch] link change t=15.0s bw=36 delay=65
[orch] link change t=15.0s bw=99 delay=45
[orch] link change t=15.0s bw=54 delay=86
[orch] link change t=15.0s bw=79 delay=86
[orch] link change t=15.0s bw=88 delay=13
[orch] link change t=30.0s bw=91 delay=46
[orch] link change t=30.0s bw=67 delay=33
[orch] link change t=30.0s bw=49 delay=64
[orch] link change t=30.0s bw=31 delay=34
[orch] link change t=30.0s bw=91 delay=70
[orch] link change t=30.0s bw=86 delay=79
[orch] link change t=30.0s bw=46 delay=35
[orch] link change t=30.0s bw=87 delay=46
[orch] link change t=30.0s bw=32 delay=38
[orch] link change t=30.0s bw=89 delay=93
[orch] link change t=45.0s bw=71 delay=37
[orch] link change t=45.0s bw=99 delay=25
[orch] link change t=45.0s bw=58 delay=77
[orch] link change t=45.0s bw=31 delay=95
[orch] link change t=45.0s bw=15 delay=42
[orch] link change t=45.0s bw=17 delay=26
[orch] link change t=45.0s bw=19 delay=18
[orch] link change t=45.0s bw=21 delay=75
[orch] link change t=45.0s bw=26 delay=91
[orch] link change t=45.0s bw=36 delay=42
[orch] link change t=60.0s bw=70 delay=75
[orch] link change t=60.0s bw=93 delay=54
[orch] link change t=60.0s bw=55 delay=26
[orch] link change t=60.0s bw=97 delay=21
[orch] link change t=60.0s bw=14 delay=49
[orch] link change t=60.0s bw=71 delay=15
[orch] link change t=60.0s bw=42 delay=79
[orch] link change t=60.0s bw=54 delay=60
[orch] link change t=60.0s bw=69 delay=63
[orch] link change t=60.0s bw=16 delay=60
[orch] link change t=75.0s bw=33 delay=74
[orch] link change t=75.0s bw=20 delay=39
[orch] link change t=75.0s bw=34 delay=44
[orch] link change t=75.0s bw=100 delay=29
[orch] link change t=75.0s bw=82 delay=64
[orch] link change t=75.0s bw=97 delay=89
[orch] link change t=75.0s bw=52 delay=42
[orch] link change t=75.0s bw=63 delay=12
[orch] link change t=75.0s bw=36 delay=37
[orch] link change t=75.0s bw=58 delay=92
[orch] link change t=90.0s bw=77 delay=40
[orch] link change t=90.0s bw=44 delay=16
[orch] link change t=90.0s bw=66 delay=11
[orch] link change t=90.0s bw=100 delay=46
[orch] link change t=90.0s bw=22 delay=85
[orch] link change t=90.0s bw=74 delay=31
[orch] link change t=90.0s bw=57 delay=61
[orch] link change t=90.0s bw=14 delay=23
[orch] link change t=90.0s bw=28 delay=60
[orch] link change t=90.0s bw=27 delay=20
[orch] link change t=105.0s bw=10 delay=11
[orch] link change t=105.0s bw=50 delay=86
[orch] link change t=105.0s bw=38 delay=89
[orch] link change t=105.0s bw=11 delay=66
[orch] link change t=105.0s bw=25 delay=83
[orch] link change t=105.0s bw=91 delay=64
[orch] link change t=105.0s bw=33 delay=41
[orch] link change t=105.0s bw=66 delay=93
[orch] link change t=105.0s bw=30 delay=26
[orch] link change t=105.0s bw=69 delay=10
[orch] link change t=120.0s bw=57 delay=84
[orch] link change t=120.0s bw=32 delay=80
[orch] link change t=120.0s bw=68 delay=13
[orch] link change t=120.0s bw=69 delay=91
[orch] link change t=120.0s bw=97 delay=35
[orch] link change t=120.0s bw=41 delay=62
[orch] link change t=120.0s bw=40 delay=72
[orch] link change t=120.0s bw=38 delay=54
[orch] link change t=120.0s bw=87 delay=34
[orch] link change t=120.0s bw=76 delay=41
[orch] link change t=135.0s bw=64 delay=18
[orch] link change t=135.0s bw=97 delay=65
[orch] link change t=135.0s bw=23 delay=20
[orch] link change t=135.0s bw=24 delay=13
[orch] link change t=135.0s bw=75 delay=89
[orch] link change t=135.0s bw=35 delay=98
[orch] link change t=135.0s bw=19 delay=91
[orch] link change t=135.0s bw=20 delay=73
[orch] link change t=135.0s bw=35 delay=13
[orch] link change t=135.0s bw=13 delay=19
[orch] link change t=150.0s bw=28 delay=39
[orch] link change t=150.0s bw=100 delay=16
[orch] link change t=150.0s bw=100 delay=73
[orch] link change t=150.0s bw=76 delay=31
[orch] link change t=150.0s bw=50 delay=33
[orch] link change t=150.0s bw=13 delay=95
[orch] link change t=150.0s bw=83 delay=93
[orch] link change t=150.0s bw=52 delay=87
[orch] link change t=150.0s bw=62 delay=40
[orch] link change t=150.0s bw=30 delay=86
[orch] link change t=165.0s bw=39 delay=98
[orch] link change t=165.0s bw=83 delay=12
[orch] link change t=165.0s bw=63 delay=12
[orch] link change t=165.0s bw=72 delay=66
[orch] link change t=165.0s bw=80 delay=55
[orch] link change t=165.0s bw=38 delay=28
[orch] link change t=165.0s bw=20 delay=88
[orch] link change t=165.0s bw=79 delay=63
[orch] link change t=165.0s bw=18 delay=22
[orch] link change t=165.0s bw=77 delay=61
[orch] link change t=180.0s bw=15 delay=65
[orch] link change t=180.0s bw=85 delay=43
[orch] link change t=180.0s bw=75 delay=90
[orch] link change t=180.0s bw=97 delay=48
[orch] link change t=180.0s bw=75 delay=70
[orch] link change t=180.0s bw=26 delay=37
[orch] link change t=180.0s bw=64 delay=63
[orch] link change t=180.0s bw=35 delay=67
[orch] link change t=180.0s bw=63 delay=50
[orch] link change t=180.0s bw=93 delay=54
[orch] link change t=195.0s bw=62 delay=88
[orch] link change t=195.0s bw=49 delay=63
[orch] link change t=195.0s bw=65 delay=55
[orch] link change t=195.0s bw=73 delay=20
[orch] link change t=195.0s bw=77 delay=23
[orch] link change t=195.0s bw=86 delay=71
[orch] link change t=195.0s bw=16 delay=94
[orch] link change t=195.0s bw=31 delay=38
[orch] link change t=195.0s bw=99 delay=26
[orch] link change t=195.0s bw=78 delay=18
[orch] link change t=210.0s bw=66 delay=14
[orch] link change t=210.0s bw=34 delay=33
[orch] link change t=210.0s bw=17 delay=36
[orch] link change t=210.0s bw=97 delay=42
[orch] link change t=210.0s bw=91 delay=96
[orch] link change t=210.0s bw=59 delay=56
[orch] link change t=210.0s bw=66 delay=54
[orch] link change t=210.0s bw=65 delay=62
[orch] link change t=210.0s bw=32 delay=74
[orch] link change t=210.0s bw=61 delay=13
[orch] link change t=225.0s bw=52 delay=79
[orch] link change t=225.0s bw=24 delay=84
[orch] link change t=225.0s bw=14 delay=85
[orch] link change t=225.0s bw=88 delay=30
[orch] link change t=225.0s bw=22 delay=86
[orch] link change t=225.0s bw=41 delay=84
[orch] link change t=225.0s bw=11 delay=92
[orch] link change t=225.0s bw=96 delay=97
[orch] link change t=225.0s bw=76 delay=98
[orch] link change t=225.0s bw=41 delay=82
[orch] link change t=240.0s bw=73 delay=98
[orch] link change t=240.0s bw=77 delay=82
[orch] link change t=240.0s bw=57 delay=94
[orch] link change t=240.0s bw=97 delay=51
[orch] link change t=240.0s bw=84 delay=55
[orch] link change t=240.0s bw=13 delay=13
[orch] link change t=240.0s bw=71 delay=42
[orch] link change t=240.0s bw=82 delay=77
[orch] link change t=240.0s bw=94 delay=44
[orch] link change t=240.0s bw=96 delay=45
[orch] link change t=255.0s bw=24 delay=93
[orch] link change t=255.0s bw=17 delay=99
[orch] link change t=255.0s bw=32 delay=89
[orch] link change t=255.0s bw=49 delay=19
[orch] link change t=255.0s bw=63 delay=55
[orch] link change t=255.0s bw=47 delay=79
[orch] link change t=255.0s bw=27 delay=88
[orch] link change t=255.0s bw=35 delay=79
[orch] link change t=255.0s bw=88 delay=39
[orch] link change t=255.0s bw=64 delay=82
[orch] link change t=270.0s bw=57 delay=12
[orch] link change t=270.0s bw=51 delay=88
[orch] link change t=270.0s bw=37 delay=56
[orch] link change t=270.0s bw=79 delay=93
[orch] link change t=270.0s bw=34 delay=96
[orch] link change t=270.0s bw=78 delay=25
[orch] link change t=270.0s bw=53 delay=88
[orch] link change t=270.0s bw=96 delay=64
[orch] link change t=270.0s bw=96 delay=67
[orch] link change t=270.0s bw=22 delay=96
[orch] link change t=285.0s bw=29 delay=21
[orch] link change t=285.0s bw=52 delay=43
[orch] link change t=285.0s bw=82 delay=57
[orch] link change t=285.0s bw=56 delay=94
[orch] link change t=285.0s bw=30 delay=89
[orch] link change t=285.0s bw=75 delay=15
[orch] link change t=285.0s bw=93 delay=39
[orch] link change t=285.0s bw=48 delay=45
[orch] link change t=285.0s bw=26 delay=35
[orch] link change t=285.0s bw=45 delay=91
[orch] link change t=300.0s bw=25 delay=12
[orch] link change t=300.0s bw=33 delay=60
[orch] link change t=300.0s bw=83 delay=46
[orch] link change t=300.0s bw=14 delay=37
[orch] link change t=300.0s bw=68 delay=19
[orch] link change t=300.0s bw=92 delay=10
[orch] link change t=300.0s bw=100 delay=77
[orch] link change t=300.0s bw=75 delay=38
[orch] link change t=300.0s bw=11 delay=46
[orch] link change t=300.0s bw=81 delay=24
[orch] link change t=315.0s bw=68 delay=30
[orch] link change t=315.0s bw=49 delay=93
[orch] link change t=315.0s bw=94 delay=50
[orch] link change t=315.0s bw=50 delay=53
[orch] link change t=315.0s bw=19 delay=61
[orch] link change t=315.0s bw=69 delay=86
[orch] link change t=315.0s bw=28 delay=22
[orch] link change t=315.0s bw=62 delay=70
[orch] link change t=315.0s bw=91 delay=96
[orch] link change t=315.0s bw=88 delay=73
[orch] link change t=330.0s bw=80 delay=53
[orch] link change t=330.0s bw=75 delay=28
[orch] link change t=330.0s bw=83 delay=20
[orch] link change t=330.0s bw=18 delay=49
[orch] link change t=330.0s bw=82 delay=18
[orch] link change t=330.0s bw=94 delay=81
[orch] link change t=330.0s bw=60 delay=48
[orch] link change t=330.0s bw=76 delay=28
[orch] link change t=330.0s bw=43 delay=20
[orch] link change t=330.0s bw=49 delay=26
[multi_ep_plot] saved -> /its/home/mm2350/extra/Olympusv2/benchmarks/benchmark_responsive_fairness/data/ma_dreamer_second_try/2_flows/run21/ep000021_bw31_d63_n1.pdf  return=362184.8
[ep_plot] ep=21 -> /its/home/mm2350/extra/Olympusv2/benchmarks/benchmark_responsive_fairness/data/ma_dreamer_second_try/2_flows/run21/ep000021_bw31_d63_n1.pdf  return=362184.75
[responsive_fairness] slot=2 ma_dreamer_second_try flows=2 run=31
[responsive_fairness] ma_dreamer_second_try flows=2 run=21 done (21/200)
[slot=2] ep=31  env=responsive_fairness_join45_score300  bw=11Mbps  delay=70ms  duration=345s
[sao-listener] cport=23200 worker=/its/home/mm2350/extra/Olympusv2/olympus/algorithms/ma_dreamer/worker.py scan=20ms target_cc=astraea single_flow=1 no_state_pipe=1
[multi_ep_plot] saved -> /its/home/mm2350/extra/Olympusv2/benchmarks/benchmark_responsive_fairness/data/ma_dreamer_second_try/2_flows/run22/ep000022_bw27_d41_n1.pdf  return=371032.3
[ep_plot] ep=22 -> /its/home/mm2350/extra/Olympusv2/benchmarks/benchmark_responsive_fairness/data/ma_dreamer_second_try/2_flows/run22/ep000022_bw27_d41_n1.pdf  return=371032.3125
[responsive_fairness] slot=3 ma_dreamer_second_try flows=2 run=32
[responsive_fairness] ma_dreamer_second_try flows=2 run=22 done (22/200)
[slot=3] ep=32  env=responsive_fairness_join45_score300  bw=19Mbps  delay=37ms  duration=345s
[multi_ep_plot] saved -> /its/home/mm2350/extra/Olympusv2/benchmarks/benchmark_responsive_fairness/data/ma_dreamer_second_try/2_flows/run23/ep000023_bw47_d20_n1.pdf  return=379697.4
[ep_plot] ep=23 -> /its/home/mm2350/extra/Olympusv2/benchmarks/benchmark_responsive_fairness/data/ma_dreamer_second_try/2_flows/run23/ep000023_bw47_d20_n1.pdf  return=379697.375
[responsive_fairness] ma_dreamer_second_try flows=2 run=23 done (23/200)
[responsive_fairness] slot=4 ma_dreamer_second_try flows=2 run=33
[slot=4] ep=33  env=responsive_fairness_join45_score300  bw=83Mbps  delay=31ms  duration=345s
[sao-listener] cport=23300 worker=/its/home/mm2350/extra/Olympusv2/olympus/algorithms/ma_dreamer/worker.py scan=20ms target_cc=astraea single_flow=1 no_state_pipe=1
[multi_ep_plot] saved -> /its/home/mm2350/extra/Olympusv2/benchmarks/benchmark_responsive_fairness/data/ma_dreamer_second_try/2_flows/run24/ep000024_bw59_d84_n1.pdf  return=356108.3
[ep_plot] ep=24 -> /its/home/mm2350/extra/Olympusv2/benchmarks/benchmark_responsive_fairness/data/ma_dreamer_second_try/2_flows/run24/ep000024_bw59_d84_n1.pdf  return=356108.28125
[responsive_fairness] slot=9 ma_dreamer_second_try flows=2 run=34
[responsive_fairness] ma_dreamer_second_try flows=2 run=24 done (24/200)
[slot=9] ep=34  env=responsive_fairness_join45_score300  bw=77Mbps  delay=55ms  duration=345s
[multi_ep_plot] saved -> /its/home/mm2350/extra/Olympusv2/benchmarks/benchmark_responsive_fairness/data/ma_dreamer_second_try/2_flows/run25/ep000025_bw58_d11_n1.pdf  return=383451.0
[ep_plot] ep=25 -> /its/home/mm2350/extra/Olympusv2/benchmarks/benchmark_responsive_fairness/data/ma_dreamer_second_try/2_flows/run25/ep000025_bw58_d11_n1.pdf  return=383451.03125
[responsive_fairness] slot=0 ma_dreamer_second_try flows=2 run=35
[responsive_fairness] ma_dreamer_second_try flows=2 run=25 done (25/200)
[slot=0] ep=35  env=responsive_fairness_join45_score300  bw=80Mbps  delay=52ms  duration=345s
[sao-listener] cport=23400 worker=/its/home/mm2350/extra/Olympusv2/olympus/algorithms/ma_dreamer/worker.py scan=20ms target_cc=astraea single_flow=1 no_state_pipe=1
[sao-listener] cport=23900 worker=/its/home/mm2350/extra/Olympusv2/olympus/algorithms/ma_dreamer/worker.py scan=20ms target_cc=astraea single_flow=1 no_state_pipe=1
[sao-listener] new flow 1 10.0.0.1:23200->10.0.0.3:5203 cc=astraea pid=612588 child=613243
[sao-listener] single-flow mode: attached worker; stopping ss scans
[sao-listener flow 1] cport=23200 cc=astraea worker active
[multi_ep_plot] saved -> /its/home/mm2350/extra/Olympusv2/benchmarks/benchmark_responsive_fairness/data/ma_dreamer_second_try/2_flows/run26/ep000026_bw35_d94_n1.pdf  return=354217.7
[ep_plot] ep=26 -> /its/home/mm2350/extra/Olympusv2/benchmarks/benchmark_responsive_fairness/data/ma_dreamer_second_try/2_flows/run26/ep000026_bw35_d94_n1.pdf  return=354217.6875
[responsive_fairness] slot=5 ma_dreamer_second_try flows=2 run=36
[responsive_fairness] ma_dreamer_second_try flows=2 run=26 done (26/200)
[slot=5] ep=36  env=responsive_fairness_join45_score300  bw=52Mbps  delay=17ms  duration=345s
[sao-listener] cport=23000 worker=/its/home/mm2350/extra/Olympusv2/olympus/algorithms/ma_dreamer/worker.py scan=20ms target_cc=astraea single_flow=1 no_state_pipe=1
[multi_ep_plot] saved -> /its/home/mm2350/extra/Olympusv2/benchmarks/benchmark_responsive_fairness/data/ma_dreamer_second_try/2_flows/run27/ep000027_bw93_d71_n1.pdf  return=351870.6
[ep_plot] ep=27 -> /its/home/mm2350/extra/Olympusv2/benchmarks/benchmark_responsive_fairness/data/ma_dreamer_second_try/2_flows/run27/ep000027_bw93_d71_n1.pdf  return=351870.59375
[responsive_fairness] slot=1 ma_dreamer_second_try flows=2 run=37
[responsive_fairness] ma_dreamer_second_try flows=2 run=27 done (27/200)
[slot=1] ep=37  env=responsive_fairness_join45_score300  bw=97Mbps  delay=87ms  duration=345s
[sao-listener] new flow 1 10.0.0.1:23300->10.0.0.3:5204 cc=astraea pid=613190 child=613574
[sao-listener] single-flow mode: attached worker; stopping ss scans
[sao-listener flow 1] cport=23300 cc=astraea worker active
[multi_ep_plot] saved -> /its/home/mm2350/extra/Olympusv2/benchmarks/benchmark_responsive_fairness/data/ma_dreamer_second_try/2_flows/run30/ep000030_bw79_d47_n1.pdf  return=384214.3
[ep_plot] ep=30 -> /its/home/mm2350/extra/Olympusv2/benchmarks/benchmark_responsive_fairness/data/ma_dreamer_second_try/2_flows/run30/ep000030_bw79_d47_n1.pdf  return=384214.28125
[responsive_fairness] slot=8 ma_dreamer_second_try flows=2 run=38
[responsive_fairness] ma_dreamer_second_try flows=2 run=30 done (28/200)
[multi_ep_plot] saved -> /its/home/mm2350/extra/Olympusv2/benchmarks/benchmark_responsive_fairness/data/ma_dreamer_second_try/2_flows/run29/ep000029_bw80_d19_n1.pdf  return=370941.2
[ep_plot] ep=29 -> /its/home/mm2350/extra/Olympusv2/benchmarks/benchmark_responsive_fairness/data/ma_dreamer_second_try/2_flows/run29/ep000029_bw80_d19_n1.pdf  return=370941.1875
[responsive_fairness] slot=6 ma_dreamer_second_try flows=2 run=39
[responsive_fairness] ma_dreamer_second_try flows=2 run=29 done (29/200)
[slot=8] ep=38  env=responsive_fairness_join45_score300  bw=91Mbps  delay=63ms  duration=345s
[slot=6] ep=39  env=responsive_fairness_join45_score300  bw=36Mbps  delay=43ms  duration=345s
[sao-listener] cport=23500 worker=/its/home/mm2350/extra/Olympusv2/olympus/algorithms/ma_dreamer/worker.py scan=20ms target_cc=astraea single_flow=1 no_state_pipe=1
[multi_ep_plot] saved -> /its/home/mm2350/extra/Olympusv2/benchmarks/benchmark_responsive_fairness/data/ma_dreamer_second_try/2_flows/run28/ep000028_bw24_d26_n1.pdf  return=350995.5
[ep_plot] ep=28 -> /its/home/mm2350/extra/Olympusv2/benchmarks/benchmark_responsive_fairness/data/ma_dreamer_second_try/2_flows/run28/ep000028_bw24_d26_n1.pdf  return=350995.46875
[responsive_fairness] slot=7 ma_dreamer_second_try flows=2 run=40
[responsive_fairness] ma_dreamer_second_try flows=2 run=28 done (30/200)
[slot=7] ep=40  env=responsive_fairness_join45_score300  bw=68Mbps  delay=84ms  duration=345s
[sao-listener] cport=23100 worker=/its/home/mm2350/extra/Olympusv2/olympus/algorithms/ma_dreamer/worker.py scan=20ms target_cc=astraea single_flow=1 no_state_pipe=1
[sao-listener] cport=23800 worker=/its/home/mm2350/extra/Olympusv2/olympus/algorithms/ma_dreamer/worker.py scan=20ms target_cc=astraea single_flow=1 no_state_pipe=1
[sao-listener] cport=23600 worker=/its/home/mm2350/extra/Olympusv2/olympus/algorithms/ma_dreamer/worker.py scan=20ms target_cc=astraea single_flow=1 no_state_pipe=1
[worker cport=23200 agent=0] loaded checkpoint step=58994
[worker alg=ma_dreamer reward=tempest_fairness_ma cport=23200 agent=0 group=slot0_ep31 flow=1] started interval=20ms det=1 latent=8x8
[sao-listener] new flow 1 10.0.0.1:23000->10.0.0.3:5201 cc=astraea pid=614267 child=614913
[sao-listener] single-flow mode: attached worker; stopping ss scans
[sao-listener flow 1] cport=23000 cc=astraea worker active
[sao-listener] cport=23700 worker=/its/home/mm2350/extra/Olympusv2/olympus/algorithms/ma_dreamer/worker.py scan=20ms target_cc=astraea single_flow=1 no_state_pipe=1
[sao-listener] new flow 1 10.0.0.1:23400->10.0.0.3:5205 cc=astraea pid=613566 child=615267
[sao-listener] single-flow mode: attached worker; stopping ss scans
[sao-listener flow 1] cport=23400 cc=astraea worker active
[worker cport=23300 agent=0] loaded checkpoint step=58994
[worker alg=ma_dreamer reward=tempest_fairness_ma cport=23300 agent=0 group=slot0_ep32 flow=1] started interval=20ms det=1 latent=8x8
[sao-listener] new flow 1 10.0.0.1:23500->10.0.0.3:5206 cc=astraea pid=614998 child=615585
[sao-listener] single-flow mode: attached worker; stopping ss scans
[sao-listener flow 1] cport=23500 cc=astraea worker active
[sao-listener] new flow 1 10.0.0.1:23900->10.0.0.3:5210 cc=astraea pid=613813 child=615656
[sao-listener] single-flow mode: attached worker; stopping ss scans
[sao-listener flow 1] cport=23900 cc=astraea worker active
[sao-listener] new flow 1 10.0.0.1:23100->10.0.0.3:5202 cc=astraea pid=615205 child=615719
[sao-listener] single-flow mode: attached worker; stopping ss scans
[sao-listener flow 1] cport=23100 cc=astraea worker active
[worker cport=23000 agent=0] loaded checkpoint step=58994
[worker alg=ma_dreamer reward=tempest_fairness_ma cport=23000 agent=0 group=slot0_ep35 flow=1] started interval=20ms det=1 latent=8x8
[worker cport=23400 agent=0] loaded checkpoint step=58994
[worker alg=ma_dreamer reward=tempest_fairness_ma cport=23400 agent=0 group=slot0_ep33 flow=1] started interval=20ms det=1 latent=8x8
[sao-listener] new flow 1 10.0.0.1:23800->10.0.0.3:5209 cc=astraea pid=615547 child=615976
[sao-listener] single-flow mode: attached worker; stopping ss scans
[sao-listener flow 1] cport=23800 cc=astraea worker active
[sao-listener] new flow 1 10.0.0.1:23600->10.0.0.3:5207 cc=astraea pid=615555 child=616028
[sao-listener] single-flow mode: attached worker; stopping ss scans
[sao-listener flow 1] cport=23600 cc=astraea worker active
[worker cport=23500 agent=0] loaded checkpoint step=58994
[worker alg=ma_dreamer reward=tempest_fairness_ma cport=23500 agent=0 group=slot0_ep36 flow=1] started interval=20ms det=1 latent=8x8
[worker cport=23900 agent=0] loaded checkpoint step=58994
[worker alg=ma_dreamer reward=tempest_fairness_ma cport=23900 agent=0 group=slot0_ep34 flow=1] started interval=20ms det=1 latent=8x8
[worker cport=23100 agent=0] loaded checkpoint step=58994
[worker alg=ma_dreamer reward=tempest_fairness_ma cport=23100 agent=0 group=slot0_ep37 flow=1] started interval=20ms det=1 latent=8x8
[sao-listener] new flow 1 10.0.0.1:23700->10.0.0.3:5208 cc=astraea pid=615587 child=616235
[sao-listener] single-flow mode: attached worker; stopping ss scans
[sao-listener flow 1] cport=23700 cc=astraea worker active
[worker cport=23800 agent=0] loaded checkpoint step=58994
[worker alg=ma_dreamer reward=tempest_fairness_ma cport=23800 agent=0 group=slot0_ep38 flow=1] started interval=20ms det=1 latent=8x8
[worker cport=23600 agent=0] loaded checkpoint step=58994
[worker alg=ma_dreamer reward=tempest_fairness_ma cport=23600 agent=0 group=slot0_ep39 flow=1] started interval=20ms det=1 latent=8x8
[worker cport=23700 agent=0] loaded checkpoint step=58994
[worker alg=ma_dreamer reward=tempest_fairness_ma cport=23700 agent=0 group=slot0_ep40 flow=1] started interval=20ms det=1 latent=8x8
[orch] link change t=15.0s bw=24 delay=60
[orch] link change t=15.0s bw=28 delay=48
[orch] link change t=15.0s bw=90 delay=39
[orch] link change t=15.0s bw=84 delay=13
[orch] link change t=15.0s bw=26 delay=53
[orch] link change t=15.0s bw=12 delay=46
[orch] link change t=15.0s bw=21 delay=89
[orch] link change t=15.0s bw=64 delay=23
[orch] link change t=15.0s bw=59 delay=13
[orch] link change t=15.0s bw=77 delay=14
[orch] link change t=30.0s bw=28 delay=97
[orch] link change t=30.0s bw=99 delay=40
[orch] link change t=30.0s bw=45 delay=71
[orch] link change t=30.0s bw=39 delay=13
[orch] link change t=30.0s bw=29 delay=46
[orch] link change t=30.0s bw=20 delay=10
[orch] link change t=30.0s bw=95 delay=91
[orch] link change t=30.0s bw=18 delay=56
[orch] link change t=30.0s bw=34 delay=38
[orch] link change t=30.0s bw=41 delay=46
[orch] link change t=45.0s bw=15 delay=27
[orch] link change t=45.0s bw=73 delay=13
[orch] link change t=45.0s bw=93 delay=78
[orch] link change t=45.0s bw=59 delay=56
[orch] link change t=45.0s bw=65 delay=42
[orch] link change t=45.0s bw=74 delay=90
[orch] link change t=45.0s bw=75 delay=14
[orch] link change t=45.0s bw=99 delay=69
[orch] link change t=45.0s bw=60 delay=82
[orch] link change t=45.0s bw=95 delay=91
[orch] link change t=60.0s bw=24 delay=78
[orch] link change t=60.0s bw=14 delay=22
[orch] link change t=60.0s bw=77 delay=33
[orch] link change t=60.0s bw=18 delay=64
[orch] link change t=60.0s bw=82 delay=17
[orch] link change t=60.0s bw=32 delay=41
[orch] link change t=60.0s bw=90 delay=57
[orch] link change t=60.0s bw=57 delay=15
[orch] link change t=60.0s bw=10 delay=92
[orch] link change t=60.0s bw=95 delay=36
[orch] link change t=75.0s bw=39 delay=27
[orch] link change t=75.0s bw=51 delay=75
[orch] link change t=75.0s bw=93 delay=88
[orch] link change t=75.0s bw=49 delay=53
[orch] link change t=75.0s bw=77 delay=45
[orch] link change t=75.0s bw=44 delay=93
[orch] link change t=75.0s bw=66 delay=77
[orch] link change t=75.0s bw=87 delay=95
[orch] link change t=75.0s bw=42 delay=96
[orch] link change t=75.0s bw=26 delay=54
[orch] link change t=90.0s bw=28 delay=14
[orch] link change t=90.0s bw=52 delay=17
[orch] link change t=90.0s bw=74 delay=51
[orch] link change t=90.0s bw=22 delay=84
[orch] link change t=90.0s bw=93 delay=56
[orch] link change t=90.0s bw=65 delay=56
[orch] link change t=90.0s bw=23 delay=97
[orch] link change t=90.0s bw=31 delay=85
[orch] link change t=90.0s bw=55 delay=100
[orch] link change t=90.0s bw=45 delay=66
[orch] link change t=105.0s bw=94 delay=17
[orch] link change t=105.0s bw=76 delay=98
[orch] link change t=105.0s bw=97 delay=77
[orch] link change t=105.0s bw=75 delay=29
[orch] link change t=105.0s bw=84 delay=22
[orch] link change t=105.0s bw=81 delay=44
[orch] link change t=105.0s bw=68 delay=86
[orch] link change t=105.0s bw=54 delay=51
[orch] link change t=105.0s bw=32 delay=13
[orch] link change t=105.0s bw=13 delay=77
[orch] link change t=120.0s bw=27 delay=39
[orch] link change t=120.0s bw=70 delay=57
[orch] link change t=120.0s bw=71 delay=66
[orch] link change t=120.0s bw=22 delay=45
[orch] link change t=120.0s bw=56 delay=11
[orch] link change t=120.0s bw=79 delay=19
[orch] link change t=120.0s bw=46 delay=58
[orch] link change t=120.0s bw=44 delay=100
[orch] link change t=120.0s bw=47 delay=96
[orch] link change t=120.0s bw=26 delay=17
[orch] link change t=135.0s bw=78 delay=67
[orch] link change t=135.0s bw=86 delay=10
[orch] link change t=135.0s bw=46 delay=96
[orch] link change t=135.0s bw=54 delay=88
[orch] link change t=135.0s bw=75 delay=11
[orch] link change t=135.0s bw=83 delay=62
[orch] link change t=135.0s bw=64 delay=66
[orch] link change t=135.0s bw=52 delay=89
[orch] link change t=135.0s bw=19 delay=56
[orch] link change t=135.0s bw=92 delay=35
[orch] link change t=150.0s bw=77 delay=62
[orch] link change t=150.0s bw=79 delay=26
[orch] link change t=150.0s bw=91 delay=19
[orch] link change t=150.0s bw=10 delay=29
[orch] link change t=150.0s bw=22 delay=73
[orch] link change t=150.0s bw=72 delay=59
[orch] link change t=150.0s bw=28 delay=16
[orch] link change t=150.0s bw=49 delay=70
[orch] link change t=150.0s bw=11 delay=23
[orch] link change t=150.0s bw=89 delay=100
[orch] link change t=165.0s bw=36 delay=85
[orch] link change t=165.0s bw=77 delay=11
[orch] link change t=165.0s bw=48 delay=62
[orch] link change t=165.0s bw=77 delay=21
[orch] link change t=165.0s bw=57 delay=13
[orch] link change t=165.0s bw=54 delay=60
[orch] link change t=165.0s bw=21 delay=62
[orch] link change t=165.0s bw=84 delay=61
[orch] link change t=165.0s bw=64 delay=54
[orch] link change t=165.0s bw=68 delay=16
[orch] link change t=180.0s bw=21 delay=25
[orch] link change t=180.0s bw=72 delay=35
[orch] link change t=180.0s bw=49 delay=76
[orch] link change t=180.0s bw=17 delay=57
[orch] link change t=180.0s bw=53 delay=96
[orch] link change t=180.0s bw=41 delay=60
[orch] link change t=180.0s bw=19 delay=79
[orch] link change t=180.0s bw=38 delay=88
[orch] link change t=180.0s bw=64 delay=22
[orch] link change t=180.0s bw=32 delay=87
[orch] link change t=195.0s bw=12 delay=61
[orch] link change t=195.0s bw=46 delay=35
[orch] link change t=195.0s bw=73 delay=16
[orch] link change t=195.0s bw=42 delay=80
[orch] link change t=195.0s bw=73 delay=16
[orch] link change t=195.0s bw=31 delay=25
[orch] link change t=195.0s bw=46 delay=56
[orch] link change t=195.0s bw=20 delay=77
[orch] link change t=195.0s bw=60 delay=75
[orch] link change t=195.0s bw=50 delay=24
[orch] link change t=210.0s bw=53 delay=35
[orch] link change t=210.0s bw=67 delay=20
[orch] link change t=210.0s bw=87 delay=96
[orch] link change t=210.0s bw=100 delay=17
[orch] link change t=210.0s bw=12 delay=40
[orch] link change t=210.0s bw=75 delay=73
[orch] link change t=210.0s bw=92 delay=100
[orch] link change t=210.0s bw=72 delay=28
[orch] link change t=210.0s bw=84 delay=48
[orch] link change t=210.0s bw=42 delay=51
[orch] link change t=225.0s bw=36 delay=52
[orch] link change t=225.0s bw=52 delay=25
[orch] link change t=225.0s bw=64 delay=45
[orch] link change t=225.0s bw=59 delay=31
[orch] link change t=225.0s bw=51 delay=20
[orch] link change t=225.0s bw=99 delay=36
[orch] link change t=225.0s bw=65 delay=85
[orch] link change t=225.0s bw=65 delay=77
[orch] link change t=225.0s bw=44 delay=18
[orch] link change t=225.0s bw=28 delay=75
[orch] link change t=240.0s bw=60 delay=56
[orch] link change t=240.0s bw=14 delay=77
[orch] link change t=240.0s bw=50 delay=81
[orch] link change t=240.0s bw=85 delay=91
[orch] link change t=240.0s bw=30 delay=53
[orch] link change t=240.0s bw=77 delay=47
[orch] link change t=240.0s bw=82 delay=56
[orch] link change t=240.0s bw=41 delay=11
[orch] link change t=240.0s bw=68 delay=65
[orch] link change t=240.0s bw=97 delay=76
[orch] link change t=255.0s bw=86 delay=41
[orch] link change t=255.0s bw=24 delay=30
[orch] link change t=255.0s bw=97 delay=41
[orch] link change t=255.0s bw=49 delay=47
[orch] link change t=255.0s bw=31 delay=82
[orch] link change t=255.0s bw=33 delay=72
[orch] link change t=255.0s bw=91 delay=100
[orch] link change t=255.0s bw=58 delay=57
[orch] link change t=255.0s bw=42 delay=83
[orch] link change t=255.0s bw=22 delay=62
[orch] link change t=270.0s bw=36 delay=37
[orch] link change t=270.0s bw=66 delay=12
[orch] link change t=270.0s bw=25 delay=17
[orch] link change t=270.0s bw=58 delay=50
[orch] link change t=270.0s bw=19 delay=71
[orch] link change t=270.0s bw=100 delay=85
[orch] link change t=270.0s bw=83 delay=14
[orch] link change t=270.0s bw=78 delay=97
[orch] link change t=270.0s bw=51 delay=82
[orch] link change t=270.0s bw=16 delay=50
[orch] link change t=285.0s bw=63 delay=84
[orch] link change t=285.0s bw=65 delay=16
[orch] link change t=285.0s bw=50 delay=46
[orch] link change t=285.0s bw=37 delay=36
[orch] link change t=285.0s bw=56 delay=20
[orch] link change t=285.0s bw=51 delay=80
[orch] link change t=285.0s bw=77 delay=89
[orch] link change t=285.0s bw=88 delay=74
[orch] link change t=285.0s bw=10 delay=100
[orch] link change t=285.0s bw=52 delay=39
[orch] link change t=300.0s bw=94 delay=80
[orch] link change t=300.0s bw=14 delay=81
[orch] link change t=300.0s bw=37 delay=18
[orch] link change t=300.0s bw=67 delay=78
[orch] link change t=300.0s bw=47 delay=30
[orch] link change t=300.0s bw=31 delay=10
[orch] link change t=300.0s bw=37 delay=74
[orch] link change t=300.0s bw=13 delay=28
[orch] link change t=300.0s bw=15 delay=93
[orch] link change t=300.0s bw=29 delay=49
[orch] link change t=315.0s bw=17 delay=16
[orch] link change t=315.0s bw=55 delay=39
[orch] link change t=315.0s bw=56 delay=25
[orch] link change t=315.0s bw=32 delay=87
[orch] link change t=315.0s bw=83 delay=19
[orch] link change t=315.0s bw=86 delay=59
[orch] link change t=315.0s bw=63 delay=18
[orch] link change t=315.0s bw=70 delay=23
[orch] link change t=315.0s bw=34 delay=89
[orch] link change t=315.0s bw=30 delay=76
[orch] link change t=330.0s bw=33 delay=55
[orch] link change t=330.0s bw=30 delay=69
[orch] link change t=330.0s bw=93 delay=51
[orch] link change t=330.0s bw=26 delay=83
[orch] link change t=330.0s bw=96 delay=26
[orch] link change t=330.0s bw=73 delay=27
[orch] link change t=330.0s bw=11 delay=10
[orch] link change t=330.0s bw=42 delay=24
[orch] link change t=330.0s bw=89 delay=71
[orch] link change t=330.0s bw=49 delay=99
[multi_ep_plot] saved -> /its/home/mm2350/extra/Olympusv2/benchmarks/benchmark_responsive_fairness/data/ma_dreamer_second_try/2_flows/run31/ep000031_bw11_d70_n1.pdf  return=349980.2
[ep_plot] ep=31 -> /its/home/mm2350/extra/Olympusv2/benchmarks/benchmark_responsive_fairness/data/ma_dreamer_second_try/2_flows/run31/ep000031_bw11_d70_n1.pdf  return=349980.25
[responsive_fairness] slot=2 ma_dreamer_second_try flows=2 run=41
[responsive_fairness] ma_dreamer_second_try flows=2 run=31 done (31/200)
[slot=2] ep=41  env=responsive_fairness_join45_score300  bw=58Mbps  delay=52ms  duration=345s
[sao-listener] cport=23200 worker=/its/home/mm2350/extra/Olympusv2/olympus/algorithms/ma_dreamer/worker.py scan=20ms target_cc=astraea single_flow=1 no_state_pipe=1
[multi_ep_plot] saved -> /its/home/mm2350/extra/Olympusv2/benchmarks/benchmark_responsive_fairness/data/ma_dreamer_second_try/2_flows/run32/ep000032_bw19_d37_n1.pdf  return=367381.8
[ep_plot] ep=32 -> /its/home/mm2350/extra/Olympusv2/benchmarks/benchmark_responsive_fairness/data/ma_dreamer_second_try/2_flows/run32/ep000032_bw19_d37_n1.pdf  return=367381.75
[responsive_fairness] slot=3 ma_dreamer_second_try flows=2 run=42
[responsive_fairness] ma_dreamer_second_try flows=2 run=32 done (32/200)
[slot=3] ep=42  env=responsive_fairness_join45_score300  bw=91Mbps  delay=24ms  duration=345s
[sao-listener] cport=23300 worker=/its/home/mm2350/extra/Olympusv2/olympus/algorithms/ma_dreamer/worker.py scan=20ms target_cc=astraea single_flow=1 no_state_pipe=1
[multi_ep_plot] saved -> /its/home/mm2350/extra/Olympusv2/benchmarks/benchmark_responsive_fairness/data/ma_dreamer_second_try/2_flows/run33/ep000033_bw83_d31_n1.pdf  return=364951.0
[ep_plot] ep=33 -> /its/home/mm2350/extra/Olympusv2/benchmarks/benchmark_responsive_fairness/data/ma_dreamer_second_try/2_flows/run33/ep000033_bw83_d31_n1.pdf  return=364950.96875
[responsive_fairness] slot=4 ma_dreamer_second_try flows=2 run=43
[responsive_fairness] ma_dreamer_second_try flows=2 run=33 done (33/200)
[slot=4] ep=43  env=responsive_fairness_join45_score300  bw=14Mbps  delay=46ms  duration=345s
[multi_ep_plot] saved -> /its/home/mm2350/extra/Olympusv2/benchmarks/benchmark_responsive_fairness/data/ma_dreamer_second_try/2_flows/run34/ep000034_bw77_d55_n1.pdf  return=356071.9
[ep_plot] ep=34 -> /its/home/mm2350/extra/Olympusv2/benchmarks/benchmark_responsive_fairness/data/ma_dreamer_second_try/2_flows/run34/ep000034_bw77_d55_n1.pdf  return=356071.90625
[responsive_fairness] slot=9 ma_dreamer_second_try flows=2 run=44
[responsive_fairness] ma_dreamer_second_try flows=2 run=34 done (34/200)
[sao-listener] new flow 1 10.0.0.1:23200->10.0.0.3:5203 cc=astraea pid=619102 child=619380
[sao-listener] single-flow mode: attached worker; stopping ss scans
[sao-listener flow 1] cport=23200 cc=astraea worker active
[slot=9] ep=44  env=responsive_fairness_join45_score300  bw=62Mbps  delay=76ms  duration=345s
[sao-listener] cport=23400 worker=/its/home/mm2350/extra/Olympusv2/olympus/algorithms/ma_dreamer/worker.py scan=20ms target_cc=astraea single_flow=1 no_state_pipe=1
[multi_ep_plot] saved -> /its/home/mm2350/extra/Olympusv2/benchmarks/benchmark_responsive_fairness/data/ma_dreamer_second_try/2_flows/run35/ep000035_bw80_d52_n1.pdf  return=359332.7
[ep_plot] ep=35 -> /its/home/mm2350/extra/Olympusv2/benchmarks/benchmark_responsive_fairness/data/ma_dreamer_second_try/2_flows/run35/ep000035_bw80_d52_n1.pdf  return=359332.6875
[responsive_fairness] slot=0 ma_dreamer_second_try flows=2 run=45
[responsive_fairness] ma_dreamer_second_try flows=2 run=35 done (35/200)
[slot=0] ep=45  env=responsive_fairness_join45_score300  bw=44Mbps  delay=63ms  duration=345s
[sao-listener] new flow 1 10.0.0.1:23300->10.0.0.3:5204 cc=astraea pid=619571 child=619996
[sao-listener] single-flow mode: attached worker; stopping ss scans
[sao-listener flow 1] cport=23300 cc=astraea worker active
[sao-listener] cport=23900 worker=/its/home/mm2350/extra/Olympusv2/olympus/algorithms/ma_dreamer/worker.py scan=20ms target_cc=astraea single_flow=1 no_state_pipe=1
[multi_ep_plot] saved -> /its/home/mm2350/extra/Olympusv2/benchmarks/benchmark_responsive_fairness/data/ma_dreamer_second_try/2_flows/run36/ep000036_bw52_d17_n1.pdf  return=375091.8
[ep_plot] ep=36 -> /its/home/mm2350/extra/Olympusv2/benchmarks/benchmark_responsive_fairness/data/ma_dreamer_second_try/2_flows/run36/ep000036_bw52_d17_n1.pdf  return=375091.8125
[responsive_fairness] slot=5 ma_dreamer_second_try flows=2 run=46
[responsive_fairness] ma_dreamer_second_try flows=2 run=36 done (36/200)
[slot=5] ep=46  env=responsive_fairness_join45_score300  bw=19Mbps  delay=61ms  duration=345s
[sao-listener] cport=23000 worker=/its/home/mm2350/extra/Olympusv2/olympus/algorithms/ma_dreamer/worker.py scan=20ms target_cc=astraea single_flow=1 no_state_pipe=1
[multi_ep_plot] saved -> /its/home/mm2350/extra/Olympusv2/benchmarks/benchmark_responsive_fairness/data/ma_dreamer_second_try/2_flows/run37/ep000037_bw97_d87_n1.pdf  return=367015.2
[ep_plot] ep=37 -> /its/home/mm2350/extra/Olympusv2/benchmarks/benchmark_responsive_fairness/data/ma_dreamer_second_try/2_flows/run37/ep000037_bw97_d87_n1.pdf  return=367015.15625
[responsive_fairness] slot=1 ma_dreamer_second_try flows=2 run=47
[responsive_fairness] ma_dreamer_second_try flows=2 run=37 done (37/200)
[slot=1] ep=47  env=responsive_fairness_join45_score300  bw=55Mbps  delay=18ms  duration=345s
[worker cport=23200 agent=0] loaded checkpoint step=58994
[worker alg=ma_dreamer reward=tempest_fairness_ma cport=23200 agent=0 group=slot0_ep41 flow=1] started interval=20ms det=1 latent=8x8
[multi_ep_plot] saved -> /its/home/mm2350/extra/Olympusv2/benchmarks/benchmark_responsive_fairness/data/ma_dreamer_second_try/2_flows/run39/ep000039_bw36_d43_n1.pdf  return=367779.4
[ep_plot] ep=39 -> /its/home/mm2350/extra/Olympusv2/benchmarks/benchmark_responsive_fairness/data/ma_dreamer_second_try/2_flows/run39/ep000039_bw36_d43_n1.pdf  return=367779.4375
[responsive_fairness] slot=6 ma_dreamer_second_try flows=2 run=48
[responsive_fairness] ma_dreamer_second_try flows=2 run=39 done (38/200)
[sao-listener] cport=23500 worker=/its/home/mm2350/extra/Olympusv2/olympus/algorithms/ma_dreamer/worker.py scan=20ms target_cc=astraea single_flow=1 no_state_pipe=1
[slot=6] ep=48  env=responsive_fairness_join45_score300  bw=80Mbps  delay=50ms  duration=345s
[multi_ep_plot] saved -> /its/home/mm2350/extra/Olympusv2/benchmarks/benchmark_responsive_fairness/data/ma_dreamer_second_try/2_flows/run38/ep000038_bw91_d63_n1.pdf  return=369254.4
[ep_plot] ep=38 -> /its/home/mm2350/extra/Olympusv2/benchmarks/benchmark_responsive_fairness/data/ma_dreamer_second_try/2_flows/run38/ep000038_bw91_d63_n1.pdf  return=369254.375
[responsive_fairness] slot=8 ma_dreamer_second_try flows=2 run=49
[responsive_fairness] ma_dreamer_second_try flows=2 run=38 done (39/200)
[slot=8] ep=49  env=responsive_fairness_join45_score300  bw=18Mbps  delay=54ms  duration=345s
[worker cport=23300 agent=0] loaded checkpoint step=58994
[worker alg=ma_dreamer reward=tempest_fairness_ma cport=23300 agent=0 group=slot0_ep42 flow=1] started interval=20ms det=1 latent=8x8
[sao-listener] cport=23100 worker=/its/home/mm2350/extra/Olympusv2/olympus/algorithms/ma_dreamer/worker.py scan=20ms target_cc=astraea single_flow=1 no_state_pipe=1
[multi_ep_plot] saved -> /its/home/mm2350/extra/Olympusv2/benchmarks/benchmark_responsive_fairness/data/ma_dreamer_second_try/2_flows/run40/ep000040_bw68_d84_n1.pdf  return=356268.1
[ep_plot] ep=40 -> /its/home/mm2350/extra/Olympusv2/benchmarks/benchmark_responsive_fairness/data/ma_dreamer_second_try/2_flows/run40/ep000040_bw68_d84_n1.pdf  return=356268.09375
[responsive_fairness] slot=7 ma_dreamer_second_try flows=2 run=50
[responsive_fairness] ma_dreamer_second_try flows=2 run=40 done (40/200)
[slot=7] ep=50  env=responsive_fairness_join45_score300  bw=73Mbps  delay=44ms  duration=345s
[sao-listener] cport=23600 worker=/its/home/mm2350/extra/Olympusv2/olympus/algorithms/ma_dreamer/worker.py scan=20ms target_cc=astraea single_flow=1 no_state_pipe=1
[sao-listener] new flow 1 10.0.0.1:23400->10.0.0.3:5205 cc=astraea pid=620365 child=621505
[sao-listener] single-flow mode: attached worker; stopping ss scans
[sao-listener flow 1] cport=23400 cc=astraea worker active
[sao-listener] cport=23800 worker=/its/home/mm2350/extra/Olympusv2/olympus/algorithms/ma_dreamer/worker.py scan=20ms target_cc=astraea single_flow=1 no_state_pipe=1
[sao-listener] cport=23700 worker=/its/home/mm2350/extra/Olympusv2/olympus/algorithms/ma_dreamer/worker.py scan=20ms target_cc=astraea single_flow=1 no_state_pipe=1
[sao-listener] new flow 1 10.0.0.1:23900->10.0.0.3:5210 cc=astraea pid=620504 child=622253
[sao-listener] single-flow mode: attached worker; stopping ss scans
[sao-listener flow 1] cport=23900 cc=astraea worker active
[sao-listener] new flow 1 10.0.0.1:23500->10.0.0.3:5206 cc=astraea pid=621718 child=622255
[sao-listener] single-flow mode: attached worker; stopping ss scans
[sao-listener flow 1] cport=23500 cc=astraea worker active
[worker cport=23400 agent=0] loaded checkpoint step=58994
[worker alg=ma_dreamer reward=tempest_fairness_ma cport=23400 agent=0 group=slot0_ep43 flow=1] started interval=20ms det=1 latent=8x8
[sao-listener] new flow 1 10.0.0.1:23000->10.0.0.3:5201 cc=astraea pid=620862 child=622463
[sao-listener] single-flow mode: attached worker; stopping ss scans
[sao-listener flow 1] cport=23000 cc=astraea worker active
[sao-listener] new flow 1 10.0.0.1:23100->10.0.0.3:5202 cc=astraea pid=622130 child=622466
[sao-listener] single-flow mode: attached worker; stopping ss scans
[sao-listener flow 1] cport=23100 cc=astraea worker active
[sao-listener] new flow 1 10.0.0.1:23600->10.0.0.3:5207 cc=astraea pid=622194 child=622680
[sao-listener] single-flow mode: attached worker; stopping ss scans
[sao-listener flow 1] cport=23600 cc=astraea worker active
[worker cport=23500 agent=0] loaded checkpoint step=58994
[worker alg=ma_dreamer reward=tempest_fairness_ma cport=23500 agent=0 group=slot0_ep46 flow=1] started interval=20ms det=1 latent=8x8
[worker cport=23900 agent=0] loaded checkpoint step=58994
[worker alg=ma_dreamer reward=tempest_fairness_ma cport=23900 agent=0 group=slot0_ep44 flow=1] started interval=20ms det=1 latent=8x8
[sao-listener] new flow 1 10.0.0.1:23800->10.0.0.3:5209 cc=astraea pid=622361 child=622912
[sao-listener] single-flow mode: attached worker; stopping ss scans
[sao-listener flow 1] cport=23800 cc=astraea worker active
[worker cport=23000 agent=0] loaded checkpoint step=58994
[worker alg=ma_dreamer reward=tempest_fairness_ma cport=23000 agent=0 group=slot0_ep45 flow=1] started interval=20ms det=1 latent=8x8
[worker cport=23100 agent=0] loaded checkpoint step=58994
[worker alg=ma_dreamer reward=tempest_fairness_ma cport=23100 agent=0 group=slot0_ep47 flow=1] started interval=20ms det=1 latent=8x8
[sao-listener] new flow 1 10.0.0.1:23700->10.0.0.3:5208 cc=astraea pid=622385 child=623105
[sao-listener] single-flow mode: attached worker; stopping ss scans
[sao-listener flow 1] cport=23700 cc=astraea worker active
[worker cport=23600 agent=0] loaded checkpoint step=58994
[worker alg=ma_dreamer reward=tempest_fairness_ma cport=23600 agent=0 group=slot0_ep48 flow=1] started interval=20ms det=1 latent=8x8
[worker cport=23800 agent=0] loaded checkpoint step=58994
[worker alg=ma_dreamer reward=tempest_fairness_ma cport=23800 agent=0 group=slot0_ep49 flow=1] started interval=20ms det=1 latent=8x8
[worker cport=23700 agent=0] loaded checkpoint step=58994
[worker alg=ma_dreamer reward=tempest_fairness_ma cport=23700 agent=0 group=slot0_ep50 flow=1] started interval=20ms det=1 latent=8x8
[orch] link change t=15.0s bw=39 delay=31
[orch] link change t=15.0s bw=13 delay=45
[orch] link change t=15.0s bw=99 delay=28
[orch] link change t=15.0s bw=79 delay=99
[orch] link change t=15.0s bw=72 delay=42
[orch] link change t=15.0s bw=15 delay=85
[orch] link change t=15.0s bw=65 delay=80
[orch] link change t=15.0s bw=26 delay=81
[orch] link change t=15.0s bw=62 delay=24
[orch] link change t=15.0s bw=56 delay=91
[orch] link change t=30.0s bw=59 delay=83
[orch] link change t=30.0s bw=41 delay=38
[orch] link change t=30.0s bw=69 delay=57
[orch] link change t=30.0s bw=24 delay=32
[orch] link change t=30.0s bw=20 delay=48
[orch] link change t=30.0s bw=85 delay=39
[orch] link change t=30.0s bw=68 delay=83
[orch] link change t=30.0s bw=78 delay=48
[orch] link change t=30.0s bw=51 delay=80
[orch] link change t=30.0s bw=41 delay=98
[orch] link change t=45.0s bw=98 delay=46
[orch] link change t=45.0s bw=27 delay=23
[orch] link change t=45.0s bw=95 delay=99
[orch] link change t=45.0s bw=58 delay=38
[orch] link change t=45.0s bw=53 delay=12
[orch] link change t=45.0s bw=91 delay=76
[orch] link change t=45.0s bw=53 delay=42
[orch] link change t=45.0s bw=74 delay=34
[orch] link change t=45.0s bw=75 delay=16
[orch] link change t=45.0s bw=70 delay=52
[orch] link change t=60.0s bw=80 delay=45
[orch] link change t=60.0s bw=96 delay=79
[orch] link change t=60.0s bw=22 delay=68
[orch] link change t=60.0s bw=47 delay=13
[orch] link change t=60.0s bw=19 delay=71
[orch] link change t=60.0s bw=29 delay=84
[orch] link change t=60.0s bw=75 delay=59
[orch] link change t=60.0s bw=65 delay=31
[orch] link change t=60.0s bw=97 delay=15
[orch] link change t=60.0s bw=20 delay=78
[orch] link change t=75.0s bw=59 delay=83
[orch] link change t=75.0s bw=21 delay=85
[orch] link change t=75.0s bw=86 delay=73
[orch] link change t=75.0s bw=38 delay=24
[orch] link change t=75.0s bw=11 delay=24
[orch] link change t=75.0s bw=78 delay=14
[orch] link change t=75.0s bw=60 delay=88
[orch] link change t=75.0s bw=29 delay=94
[orch] link change t=75.0s bw=45 delay=29
[orch] link change t=75.0s bw=50 delay=38
[orch] link change t=90.0s bw=11 delay=41
[orch] link change t=90.0s bw=64 delay=14
[orch] link change t=90.0s bw=87 delay=12
[orch] link change t=90.0s bw=82 delay=11
[orch] link change t=90.0s bw=46 delay=25
[orch] link change t=90.0s bw=13 delay=18
[orch] link change t=90.0s bw=15 delay=63
[orch] link change t=90.0s bw=23 delay=73
[orch] link change t=90.0s bw=68 delay=15
[orch] link change t=90.0s bw=96 delay=81
[orch] link change t=105.0s bw=94 delay=12
[orch] link change t=105.0s bw=13 delay=21
[orch] link change t=105.0s bw=75 delay=65
[orch] link change t=105.0s bw=22 delay=30
[orch] link change t=105.0s bw=49 delay=93
[orch] link change t=105.0s bw=50 delay=90
[orch] link change t=105.0s bw=94 delay=13
[orch] link change t=105.0s bw=93 delay=38
[orch] link change t=105.0s bw=90 delay=79
[orch] link change t=105.0s bw=20 delay=29
[orch] link change t=120.0s bw=66 delay=29
[orch] link change t=120.0s bw=37 delay=39
[orch] link change t=120.0s bw=83 delay=57
[orch] link change t=120.0s bw=75 delay=98
[orch] link change t=120.0s bw=14 delay=89
[orch] link change t=120.0s bw=16 delay=13
[orch] link change t=120.0s bw=23 delay=10
[orch] link change t=120.0s bw=37 delay=75
[orch] link change t=120.0s bw=74 delay=38
[orch] link change t=120.0s bw=54 delay=22
[orch] link change t=135.0s bw=29 delay=50
[orch] link change t=135.0s bw=74 delay=87
[orch] link change t=135.0s bw=89 delay=80
[orch] link change t=135.0s bw=48 delay=98
[orch] link change t=135.0s bw=18 delay=27
[orch] link change t=135.0s bw=27 delay=80
[orch] link change t=135.0s bw=43 delay=71
[orch] link change t=135.0s bw=81 delay=75
[orch] link change t=135.0s bw=87 delay=46
[orch] link change t=135.0s bw=54 delay=50
[orch] link change t=150.0s bw=31 delay=42
[orch] link change t=150.0s bw=13 delay=81
[orch] link change t=150.0s bw=65 delay=60
[orch] link change t=150.0s bw=91 delay=58
[orch] link change t=150.0s bw=44 delay=29
[orch] link change t=150.0s bw=47 delay=77
[orch] link change t=150.0s bw=79 delay=11
[orch] link change t=150.0s bw=29 delay=70
[orch] link change t=150.0s bw=83 delay=57
[orch] link change t=150.0s bw=38 delay=34
[orch] link change t=165.0s bw=93 delay=98
[orch] link change t=165.0s bw=35 delay=93
[orch] link change t=165.0s bw=32 delay=17
[orch] link change t=165.0s bw=85 delay=61
[orch] link change t=165.0s bw=37 delay=64
[orch] link change t=165.0s bw=52 delay=21
[orch] link change t=165.0s bw=50 delay=82
[orch] link change t=165.0s bw=37 delay=13
[orch] link change t=165.0s bw=61 delay=13
[orch] link change t=165.0s bw=18 delay=52
[orch] link change t=180.0s bw=89 delay=84
[orch] link change t=180.0s bw=99 delay=79
[orch] link change t=180.0s bw=23 delay=25
[orch] link change t=180.0s bw=98 delay=95
[orch] link change t=180.0s bw=19 delay=88
[orch] link change t=180.0s bw=60 delay=100
[orch] link change t=180.0s bw=64 delay=39
[orch] link change t=180.0s bw=19 delay=64
[orch] link change t=180.0s bw=41 delay=27
[orch] link change t=180.0s bw=87 delay=87
[orch] link change t=195.0s bw=17 delay=25
[orch] link change t=195.0s bw=63 delay=38
[orch] link change t=195.0s bw=58 delay=29
[orch] link change t=195.0s bw=51 delay=55
[orch] link change t=195.0s bw=62 delay=28
[orch] link change t=195.0s bw=71 delay=56
[orch] link change t=195.0s bw=40 delay=76
[orch] link change t=195.0s bw=18 delay=26
[orch] link change t=195.0s bw=22 delay=64
[orch] link change t=195.0s bw=64 delay=91
[orch] link change t=210.0s bw=85 delay=14
[orch] link change t=210.0s bw=67 delay=85
[orch] link change t=210.0s bw=22 delay=30
[orch] link change t=210.0s bw=19 delay=53
[orch] link change t=210.0s bw=99 delay=17
[orch] link change t=210.0s bw=29 delay=70
[orch] link change t=210.0s bw=75 delay=55
[orch] link change t=210.0s bw=73 delay=96
[orch] link change t=210.0s bw=58 delay=51
[orch] link change t=210.0s bw=21 delay=18
[orch] link change t=225.0s bw=65 delay=46
[orch] link change t=225.0s bw=45 delay=10
[orch] link change t=225.0s bw=75 delay=73
[orch] link change t=225.0s bw=46 delay=89
[orch] link change t=225.0s bw=14 delay=32
[orch] link change t=225.0s bw=69 delay=19
[orch] link change t=225.0s bw=66 delay=40
[orch] link change t=225.0s bw=30 delay=26
[orch] link change t=225.0s bw=55 delay=44
[orch] link change t=225.0s bw=98 delay=87
[orch] link change t=240.0s bw=37 delay=19
[orch] link change t=240.0s bw=30 delay=99
[orch] link change t=240.0s bw=26 delay=59
[orch] link change t=240.0s bw=30 delay=24
[orch] link change t=240.0s bw=51 delay=42
[orch] link change t=240.0s bw=68 delay=99
[orch] link change t=240.0s bw=14 delay=81
[orch] link change t=240.0s bw=17 delay=99
[orch] link change t=240.0s bw=93 delay=61
[orch] link change t=240.0s bw=52 delay=98
[orch] link change t=255.0s bw=56 delay=70
[orch] link change t=255.0s bw=64 delay=53
[orch] link change t=255.0s bw=86 delay=74
[orch] link change t=255.0s bw=75 delay=18
[orch] link change t=255.0s bw=55 delay=50
[orch] link change t=255.0s bw=79 delay=89
[orch] link change t=255.0s bw=57 delay=98
[orch] link change t=255.0s bw=80 delay=47
[orch] link change t=255.0s bw=88 delay=89
[orch] link change t=255.0s bw=92 delay=65
[orch] link change t=270.0s bw=26 delay=81
[orch] link change t=270.0s bw=45 delay=29
[orch] link change t=270.0s bw=44 delay=83
[orch] link change t=270.0s bw=85 delay=22
[orch] link change t=270.0s bw=22 delay=62
[orch] link change t=270.0s bw=24 delay=65
[orch] link change t=270.0s bw=55 delay=86
[orch] link change t=270.0s bw=53 delay=99
[orch] link change t=270.0s bw=16 delay=94
[orch] link change t=270.0s bw=10 delay=39
[orch] link change t=285.0s bw=95 delay=12
[orch] link change t=285.0s bw=37 delay=53
[orch] link change t=285.0s bw=33 delay=58
[orch] link change t=285.0s bw=44 delay=50
[orch] link change t=285.0s bw=21 delay=12
[orch] link change t=285.0s bw=38 delay=53
[orch] link change t=285.0s bw=53 delay=81
[orch] link change t=285.0s bw=53 delay=22
[orch] link change t=285.0s bw=62 delay=98
[orch] link change t=285.0s bw=53 delay=44
[orch] link change t=300.0s bw=25 delay=22
[orch] link change t=300.0s bw=23 delay=21
[orch] link change t=300.0s bw=18 delay=16
[orch] link change t=300.0s bw=23 delay=90
[orch] link change t=300.0s bw=52 delay=50
[orch] link change t=300.0s bw=74 delay=66
[orch] link change t=300.0s bw=83 delay=35
[orch] link change t=300.0s bw=40 delay=44
[orch] link change t=300.0s bw=79 delay=88
[orch] link change t=300.0s bw=65 delay=99
[orch] link change t=315.0s bw=28 delay=98
[orch] link change t=315.0s bw=58 delay=22
[orch] link change t=315.0s bw=84 delay=17
[orch] link change t=315.0s bw=47 delay=14
[orch] link change t=315.0s bw=59 delay=99
[orch] link change t=315.0s bw=45 delay=29
[orch] link change t=315.0s bw=40 delay=14
[orch] link change t=315.0s bw=43 delay=92
[orch] link change t=315.0s bw=36 delay=93
[orch] link change t=315.0s bw=23 delay=35
[orch] link change t=330.0s bw=32 delay=16
[orch] link change t=330.0s bw=55 delay=54
[orch] link change t=330.0s bw=33 delay=17
[orch] link change t=330.0s bw=54 delay=59
[orch] link change t=330.0s bw=77 delay=94
[orch] link change t=330.0s bw=23 delay=86
[orch] link change t=330.0s bw=26 delay=52
[orch] link change t=330.0s bw=11 delay=83
[orch] link change t=330.0s bw=18 delay=82
[orch] link change t=330.0s bw=66 delay=44
[multi_ep_plot] saved -> /its/home/mm2350/extra/Olympusv2/benchmarks/benchmark_responsive_fairness/data/ma_dreamer_second_try/2_flows/run41/ep000041_bw58_d52_n1.pdf  return=370928.1
[ep_plot] ep=41 -> /its/home/mm2350/extra/Olympusv2/benchmarks/benchmark_responsive_fairness/data/ma_dreamer_second_try/2_flows/run41/ep000041_bw58_d52_n1.pdf  return=370928.0625
[responsive_fairness] slot=2 ma_dreamer_second_try flows=4 run=1
[responsive_fairness] ma_dreamer_second_try flows=2 run=41 done (41/200)
[slot=2] ep=1  env=responsive_fairness_join45_score300  bw=27Mbps  delay=82ms  duration=345s
[multi_ep_plot] saved -> /its/home/mm2350/extra/Olympusv2/benchmarks/benchmark_responsive_fairness/data/ma_dreamer_second_try/2_flows/run42/ep000042_bw91_d24_n1.pdf  return=364158.2
[ep_plot] ep=42 -> /its/home/mm2350/extra/Olympusv2/benchmarks/benchmark_responsive_fairness/data/ma_dreamer_second_try/2_flows/run42/ep000042_bw91_d24_n1.pdf  return=364158.21875
[responsive_fairness] slot=3 ma_dreamer_second_try flows=4 run=2
[responsive_fairness] ma_dreamer_second_try flows=2 run=42 done (42/200)
[slot=3] ep=2  env=responsive_fairness_join45_score300  bw=17Mbps  delay=21ms  duration=345s
[sao-listener] cport=23200 worker=/its/home/mm2350/extra/Olympusv2/olympus/algorithms/ma_dreamer/worker.py scan=20ms target_cc=astraea single_flow=1 no_state_pipe=1
[multi_ep_plot] saved -> /its/home/mm2350/extra/Olympusv2/benchmarks/benchmark_responsive_fairness/data/ma_dreamer_second_try/2_flows/run43/ep000043_bw14_d46_n1.pdf  return=356369.0
[ep_plot] ep=43 -> /its/home/mm2350/extra/Olympusv2/benchmarks/benchmark_responsive_fairness/data/ma_dreamer_second_try/2_flows/run43/ep000043_bw14_d46_n1.pdf  return=356369.03125
[responsive_fairness] slot=4 ma_dreamer_second_try flows=4 run=3
[responsive_fairness] ma_dreamer_second_try flows=2 run=43 done (43/200)
[slot=4] ep=3  env=responsive_fairness_join45_score300  bw=40Mbps  delay=85ms  duration=345s
[sao-listener] cport=23300 worker=/its/home/mm2350/extra/Olympusv2/olympus/algorithms/ma_dreamer/worker.py scan=20ms target_cc=astraea single_flow=1 no_state_pipe=1
[multi_ep_plot] saved -> /its/home/mm2350/extra/Olympusv2/benchmarks/benchmark_responsive_fairness/data/ma_dreamer_second_try/2_flows/run44/ep000044_bw62_d76_n1.pdf  return=361698.5
[ep_plot] ep=44 -> /its/home/mm2350/extra/Olympusv2/benchmarks/benchmark_responsive_fairness/data/ma_dreamer_second_try/2_flows/run44/ep000044_bw62_d76_n1.pdf  return=361698.5
[responsive_fairness] slot=9 ma_dreamer_second_try flows=4 run=4
[responsive_fairness] ma_dreamer_second_try flows=2 run=44 done (44/200)
[slot=9] ep=4  env=responsive_fairness_join45_score300  bw=40Mbps  delay=48ms  duration=345s
[sao-listener] cport=23400 worker=/its/home/mm2350/extra/Olympusv2/olympus/algorithms/ma_dreamer/worker.py scan=20ms target_cc=astraea single_flow=1 no_state_pipe=1
[multi_ep_plot] saved -> /its/home/mm2350/extra/Olympusv2/benchmarks/benchmark_responsive_fairness/data/ma_dreamer_second_try/2_flows/run45/ep000045_bw44_d63_n1.pdf  return=364631.4
[ep_plot] ep=45 -> /its/home/mm2350/extra/Olympusv2/benchmarks/benchmark_responsive_fairness/data/ma_dreamer_second_try/2_flows/run45/ep000045_bw44_d63_n1.pdf  return=364631.4375
[responsive_fairness] slot=0 ma_dreamer_second_try flows=4 run=5
[responsive_fairness] ma_dreamer_second_try flows=2 run=45 done (45/200)
[slot=0] ep=5  env=responsive_fairness_join45_score300  bw=89Mbps  delay=42ms  duration=345s
[multi_ep_plot] saved -> /its/home/mm2350/extra/Olympusv2/benchmarks/benchmark_responsive_fairness/data/ma_dreamer_second_try/2_flows/run46/ep000046_bw19_d61_n1.pdf  return=370390.0
[ep_plot] ep=46 -> /its/home/mm2350/extra/Olympusv2/benchmarks/benchmark_responsive_fairness/data/ma_dreamer_second_try/2_flows/run46/ep000046_bw19_d61_n1.pdf  return=370390.0
[sao-listener] cport=23900 worker=/its/home/mm2350/extra/Olympusv2/olympus/algorithms/ma_dreamer/worker.py scan=20ms target_cc=astraea single_flow=1 no_state_pipe=1
[responsive_fairness] slot=5 ma_dreamer_second_try flows=4 run=6
[responsive_fairness] ma_dreamer_second_try flows=2 run=46 done (46/200)
[slot=5] ep=6  env=responsive_fairness_join45_score300  bw=83Mbps  delay=20ms  duration=345s
[sao-listener] new flow 1 10.0.0.1:23300->10.0.0.5:5204 cc=astraea pid=626648 child=627477
[sao-listener] single-flow mode: attached worker; stopping ss scans
[sao-listener flow 1] cport=23300 cc=astraea worker active
[sao-listener] new flow 1 10.0.0.1:23200->10.0.0.5:5203 cc=astraea pid=626240 child=627617
[sao-listener] single-flow mode: attached worker; stopping ss scans
[sao-listener flow 1] cport=23200 cc=astraea worker active
[multi_ep_plot] saved -> /its/home/mm2350/extra/Olympusv2/benchmarks/benchmark_responsive_fairness/data/ma_dreamer_second_try/2_flows/run47/ep000047_bw55_d18_n1.pdf  return=363808.1
[ep_plot] ep=47 -> /its/home/mm2350/extra/Olympusv2/benchmarks/benchmark_responsive_fairness/data/ma_dreamer_second_try/2_flows/run47/ep000047_bw55_d18_n1.pdf  return=363808.0625
[sao-listener] cport=23000 worker=/its/home/mm2350/extra/Olympusv2/olympus/algorithms/ma_dreamer/worker.py scan=20ms target_cc=astraea single_flow=1 no_state_pipe=1
[multi_ep_plot] saved -> /its/home/mm2350/extra/Olympusv2/benchmarks/benchmark_responsive_fairness/data/ma_dreamer_second_try/2_flows/run48/ep000048_bw80_d50_n1.pdf  return=377923.2
[ep_plot] ep=48 -> /its/home/mm2350/extra/Olympusv2/benchmarks/benchmark_responsive_fairness/data/ma_dreamer_second_try/2_flows/run48/ep000048_bw80_d50_n1.pdf  return=377923.15625
[responsive_fairness] slot=6 ma_dreamer_second_try flows=4 run=7
[responsive_fairness] ma_dreamer_second_try flows=2 run=48 done (47/200)
[responsive_fairness] slot=1 ma_dreamer_second_try flows=4 run=8
[responsive_fairness] ma_dreamer_second_try flows=2 run=47 done (48/200)
[slot=6] ep=7  env=responsive_fairness_join45_score300  bw=51Mbps  delay=29ms  duration=345s
[slot=1] ep=8  env=responsive_fairness_join45_score300  bw=39Mbps  delay=57ms  duration=345s
[multi_ep_plot] saved -> /its/home/mm2350/extra/Olympusv2/benchmarks/benchmark_responsive_fairness/data/ma_dreamer_second_try/2_flows/run49/ep000049_bw18_d54_n1.pdf  return=368474.2
[ep_plot] ep=49 -> /its/home/mm2350/extra/Olympusv2/benchmarks/benchmark_responsive_fairness/data/ma_dreamer_second_try/2_flows/run49/ep000049_bw18_d54_n1.pdf  return=368474.15625
[sao-listener] cport=23500 worker=/its/home/mm2350/extra/Olympusv2/olympus/algorithms/ma_dreamer/worker.py scan=20ms target_cc=astraea single_flow=1 no_state_pipe=1
[responsive_fairness] slot=8 ma_dreamer_second_try flows=4 run=9
[responsive_fairness] ma_dreamer_second_try flows=2 run=49 done (49/200)
[slot=8] ep=9  env=responsive_fairness_join45_score300  bw=69Mbps  delay=88ms  duration=345s
[multi_ep_plot] saved -> /its/home/mm2350/extra/Olympusv2/benchmarks/benchmark_responsive_fairness/data/ma_dreamer_second_try/2_flows/run50/ep000050_bw73_d44_n1.pdf  return=348385.1
[ep_plot] ep=50 -> /its/home/mm2350/extra/Olympusv2/benchmarks/benchmark_responsive_fairness/data/ma_dreamer_second_try/2_flows/run50/ep000050_bw73_d44_n1.pdf  return=348385.09375
[responsive_fairness] ma_dreamer_second_try flows=2 run=50 done (50/200)
[responsive_fairness] slot=7 ma_dreamer_second_try flows=4 run=10
[slot=7] ep=10  env=responsive_fairness_join45_score300  bw=83Mbps  delay=14ms  duration=345s
[sao-listener] cport=23100 worker=/its/home/mm2350/extra/Olympusv2/olympus/algorithms/ma_dreamer/worker.py scan=20ms target_cc=astraea single_flow=1 no_state_pipe=1
[sao-listener] cport=23600 worker=/its/home/mm2350/extra/Olympusv2/olympus/algorithms/ma_dreamer/worker.py scan=20ms target_cc=astraea single_flow=1 no_state_pipe=1
[worker cport=23300 agent=0] loaded checkpoint step=58994
[worker alg=ma_dreamer reward=tempest_fairness_ma cport=23300 agent=0 group=slot0_ep2 flow=1] started interval=20ms det=1 latent=8x8
[sao-listener] new flow 1 10.0.0.1:23900->10.0.0.5:5210 cc=astraea pid=627989 child=629187
[sao-listener] single-flow mode: attached worker; stopping ss scans
[sao-listener flow 1] cport=23900 cc=astraea worker active
[worker cport=23200 agent=0] loaded checkpoint step=58994
[worker alg=ma_dreamer reward=tempest_fairness_ma cport=23200 agent=0 group=slot0_ep1 flow=1] started interval=20ms det=1 latent=8x8
[sao-listener] cport=23800 worker=/its/home/mm2350/extra/Olympusv2/olympus/algorithms/ma_dreamer/worker.py scan=20ms target_cc=astraea single_flow=1 no_state_pipe=1
[sao-listener] cport=23700 worker=/its/home/mm2350/extra/Olympusv2/olympus/algorithms/ma_dreamer/worker.py scan=20ms target_cc=astraea single_flow=1 no_state_pipe=1
[sao-listener] new flow 1 10.0.0.1:23400->10.0.0.5:5205 cc=astraea pid=627240 child=630270
[sao-listener] single-flow mode: attached worker; stopping ss scans
[sao-listener flow 1] cport=23400 cc=astraea worker active
[sao-listener] new flow 1 10.0.0.1:23000->10.0.0.5:5201 cc=astraea pid=628589 child=630716
[sao-listener] single-flow mode: attached worker; stopping ss scans
[sao-listener flow 1] cport=23000 cc=astraea worker active
[worker cport=23900 agent=0] loaded checkpoint step=58994
[worker alg=ma_dreamer reward=tempest_fairness_ma cport=23900 agent=0 group=slot0_ep4 flow=1] started interval=20ms det=1 latent=8x8
[worker cport=23400 agent=0] loaded checkpoint step=58994
[worker alg=ma_dreamer reward=tempest_fairness_ma cport=23400 agent=0 group=slot0_ep3 flow=1] started interval=20ms det=1 latent=8x8
[sao-listener] new flow 1 10.0.0.1:23500->10.0.0.5:5206 cc=astraea pid=629315 child=630956
[sao-listener] single-flow mode: attached worker; stopping ss scans
[sao-listener flow 1] cport=23500 cc=astraea worker active
[worker cport=23000 agent=0] loaded checkpoint step=58994
[worker alg=ma_dreamer reward=tempest_fairness_ma cport=23000 agent=0 group=slot0_ep5 flow=1] started interval=20ms det=1 latent=8x8
[sao-listener] new flow 1 10.0.0.1:23600->10.0.0.5:5207 cc=astraea pid=630202 child=631132
[sao-listener] single-flow mode: attached worker; stopping ss scans
[sao-listener flow 1] cport=23600 cc=astraea worker active
[sao-listener] new flow 1 10.0.0.1:23100->10.0.0.5:5202 cc=astraea pid=630185 child=631229
[sao-listener] single-flow mode: attached worker; stopping ss scans
[sao-listener flow 1] cport=23100 cc=astraea worker active
[worker cport=23500 agent=0] loaded checkpoint step=58994
[worker alg=ma_dreamer reward=tempest_fairness_ma cport=23500 agent=0 group=slot0_ep6 flow=1] started interval=20ms det=1 latent=8x8
[worker cport=23600 agent=0] loaded checkpoint step=58994
[worker alg=ma_dreamer reward=tempest_fairness_ma cport=23600 agent=0 group=slot0_ep7 flow=1] started interval=20ms det=1 latent=8x8
[worker cport=23100 agent=0] loaded checkpoint step=58994
[worker alg=ma_dreamer reward=tempest_fairness_ma cport=23100 agent=0 group=slot0_ep8 flow=1] started interval=20ms det=1 latent=8x8
[sao-listener] new flow 1 10.0.0.1:23800->10.0.0.5:5209 cc=astraea pid=630770 child=631442
[sao-listener] single-flow mode: attached worker; stopping ss scans
[sao-listener flow 1] cport=23800 cc=astraea worker active
[sao-listener] new flow 1 10.0.0.1:23700->10.0.0.5:5208 cc=astraea pid=630784 child=631502
[sao-listener] single-flow mode: attached worker; stopping ss scans
[sao-listener flow 1] cport=23700 cc=astraea worker active
[worker cport=23800 agent=0] loaded checkpoint step=58994
[worker alg=ma_dreamer reward=tempest_fairness_ma cport=23800 agent=0 group=slot0_ep9 flow=1] started interval=20ms det=1 latent=8x8
[worker cport=23700 agent=0] loaded checkpoint step=58994
[worker alg=ma_dreamer reward=tempest_fairness_ma cport=23700 agent=0 group=slot0_ep10 flow=1] started interval=20ms det=1 latent=8x8
[orch] link change t=15.0s bw=18 delay=42
[orch] link change t=15.0s bw=20 delay=56
[orch] link change t=15.0s bw=79 delay=26
[orch] link change t=15.0s bw=23 delay=60
[orch] link change t=15.0s bw=55 delay=98
[orch] link change t=15.0s bw=72 delay=43
[orch] link change t=15.0s bw=58 delay=26
[orch] link change t=15.0s bw=60 delay=93
[orch] link change t=15.0s bw=57 delay=44
[orch] link change t=15.0s bw=64 delay=71
[orch] link change t=30.0s bw=25 delay=73
[orch] link change t=30.0s bw=31 delay=95
[orch] link change t=30.0s bw=57 delay=87
[orch] link change t=30.0s bw=71 delay=29
[orch] link change t=30.0s bw=93 delay=77
[orch] link change t=30.0s bw=14 delay=10
[orch] link change t=30.0s bw=34 delay=100
[orch] link change t=30.0s bw=16 delay=19
[orch] link change t=30.0s bw=27 delay=33
[orch] link change t=30.0s bw=83 delay=11
[orch] link change t=45.0s bw=67 delay=70
[orch] link change t=45.0s bw=49 delay=42
[orch] link change t=45.0s bw=70 delay=90
[orch] link change t=45.0s bw=21 delay=18
[orch] link change t=45.0s bw=13 delay=69
[orch] link change t=45.0s bw=28 delay=94
[orch] link change t=45.0s bw=15 delay=20
[orch] link change t=45.0s bw=78 delay=22
[orch] link change t=45.0s bw=96 delay=10
[orch] link change t=45.0s bw=36 delay=69
[orch] link change t=60.0s bw=93 delay=58
[orch] link change t=60.0s bw=87 delay=37
[orch] link change t=60.0s bw=84 delay=18
[orch] link change t=60.0s bw=12 delay=61
[orch] link change t=60.0s bw=41 delay=93
[orch] link change t=60.0s bw=85 delay=70
[orch] link change t=60.0s bw=27 delay=41
[orch] link change t=60.0s bw=56 delay=84
[orch] link change t=60.0s bw=53 delay=74
[orch] link change t=60.0s bw=72 delay=45
[orch] link change t=75.0s bw=36 delay=22
[orch] link change t=75.0s bw=87 delay=14
[orch] link change t=75.0s bw=87 delay=11
[orch] link change t=75.0s bw=80 delay=47
[orch] link change t=75.0s bw=16 delay=30
[orch] link change t=75.0s bw=57 delay=50
[orch] link change t=75.0s bw=74 delay=36
[orch] link change t=75.0s bw=17 delay=74
[orch] link change t=75.0s bw=69 delay=87
[orch] link change t=75.0s bw=93 delay=30
[orch] link change t=90.0s bw=72 delay=13
[orch] link change t=90.0s bw=84 delay=97
[orch] link change t=90.0s bw=70 delay=43
[orch] link change t=90.0s bw=17 delay=38
[orch] link change t=90.0s bw=24 delay=57
[orch] link change t=90.0s bw=12 delay=44
[orch] link change t=90.0s bw=61 delay=92
[orch] link change t=90.0s bw=37 delay=14
[orch] link change t=90.0s bw=20 delay=52
[orch] link change t=90.0s bw=14 delay=76
[orch] link change t=105.0s bw=59 delay=65
[orch] link change t=105.0s bw=30 delay=65
[orch] link change t=105.0s bw=80 delay=39
[orch] link change t=105.0s bw=76 delay=78
[orch] link change t=105.0s bw=70 delay=41
[orch] link change t=105.0s bw=72 delay=35
[orch] link change t=105.0s bw=13 delay=68
[orch] link change t=105.0s bw=21 delay=65
[orch] link change t=105.0s bw=80 delay=88
[orch] link change t=105.0s bw=72 delay=51
[orch] link change t=120.0s bw=87 delay=10
[orch] link change t=120.0s bw=91 delay=60
[orch] link change t=120.0s bw=34 delay=70
[orch] link change t=120.0s bw=56 delay=45
[orch] link change t=120.0s bw=58 delay=79
[orch] link change t=120.0s bw=62 delay=78
[orch] link change t=120.0s bw=72 delay=68
[orch] link change t=120.0s bw=63 delay=18
[orch] link change t=120.0s bw=99 delay=15
[orch] link change t=120.0s bw=19 delay=41
[orch] link change t=135.0s bw=99 delay=67
[orch] link change t=135.0s bw=75 delay=57
[orch] link change t=135.0s bw=79 delay=80
[orch] link change t=135.0s bw=32 delay=23
[orch] link change t=135.0s bw=23 delay=83
[orch] link change t=135.0s bw=79 delay=97
[orch] link change t=135.0s bw=59 delay=73
[orch] link change t=135.0s bw=40 delay=21
[orch] link change t=135.0s bw=58 delay=31
[orch] link change t=135.0s bw=56 delay=15
[orch] link change t=150.0s bw=44 delay=39
[orch] link change t=150.0s bw=79 delay=66
[orch] link change t=150.0s bw=70 delay=60
[orch] link change t=150.0s bw=43 delay=37
[orch] link change t=150.0s bw=41 delay=11
[orch] link change t=150.0s bw=22 delay=34
[orch] link change t=150.0s bw=83 delay=34
[orch] link change t=150.0s bw=80 delay=64
[orch] link change t=150.0s bw=100 delay=67
[orch] link change t=150.0s bw=63 delay=27
[orch] link change t=165.0s bw=85 delay=23
[orch] link change t=165.0s bw=74 delay=44
[orch] link change t=165.0s bw=91 delay=29
[orch] link change t=165.0s bw=13 delay=92
[orch] link change t=165.0s bw=37 delay=62
[orch] link change t=165.0s bw=82 delay=80
[orch] link change t=165.0s bw=61 delay=21
[orch] link change t=165.0s bw=17 delay=82
[orch] link change t=165.0s bw=64 delay=30
[orch] link change t=165.0s bw=87 delay=55
[orch] link change t=180.0s bw=50 delay=13
[orch] link change t=180.0s bw=14 delay=13
[orch] link change t=180.0s bw=39 delay=91
[orch] link change t=180.0s bw=43 delay=44
[orch] link change t=180.0s bw=45 delay=33
[orch] link change t=180.0s bw=99 delay=43
[orch] link change t=180.0s bw=72 delay=39
[orch] link change t=180.0s bw=25 delay=38
[orch] link change t=180.0s bw=31 delay=40
[orch] link change t=180.0s bw=58 delay=63
[orch] link change t=195.0s bw=12 delay=13
[orch] link change t=195.0s bw=56 delay=69
[orch] link change t=195.0s bw=29 delay=76
[orch] link change t=195.0s bw=34 delay=31
[orch] link change t=195.0s bw=59 delay=30
[orch] link change t=195.0s bw=94 delay=88
[orch] link change t=195.0s bw=12 delay=99
[orch] link change t=195.0s bw=90 delay=90
[orch] link change t=195.0s bw=16 delay=24
[orch] link change t=195.0s bw=46 delay=96
[orch] link change t=210.0s bw=93 delay=79
[orch] link change t=210.0s bw=50 delay=58
[orch] link change t=210.0s bw=59 delay=11
[orch] link change t=210.0s bw=49 delay=47
[orch] link change t=210.0s bw=19 delay=27
[orch] link change t=210.0s bw=97 delay=21
[orch] link change t=210.0s bw=44 delay=76
[orch] link change t=210.0s bw=84 delay=17
[orch] link change t=210.0s bw=26 delay=74
[orch] link change t=210.0s bw=43 delay=68
[orch] link change t=225.0s bw=11 delay=58
[orch] link change t=225.0s bw=64 delay=77
[orch] link change t=225.0s bw=95 delay=18
[orch] link change t=225.0s bw=90 delay=57
[orch] link change t=225.0s bw=89 delay=89
[orch] link change t=225.0s bw=64 delay=52
[orch] link change t=225.0s bw=62 delay=70
[orch] link change t=225.0s bw=83 delay=84
[orch] link change t=225.0s bw=85 delay=18
[orch] link change t=225.0s bw=32 delay=97
[orch] link change t=240.0s bw=97 delay=37
[orch] link change t=240.0s bw=31 delay=81
[orch] link change t=240.0s bw=30 delay=85
[orch] link change t=240.0s bw=21 delay=87
[orch] link change t=240.0s bw=66 delay=26
[orch] link change t=240.0s bw=21 delay=56
[orch] link change t=240.0s bw=58 delay=24
[orch] link change t=240.0s bw=60 delay=16
[orch] link change t=240.0s bw=98 delay=59
[orch] link change t=240.0s bw=48 delay=94
[orch] link change t=255.0s bw=64 delay=13
[orch] link change t=255.0s bw=32 delay=40
[orch] link change t=255.0s bw=15 delay=48
[orch] link change t=255.0s bw=53 delay=95
[orch] link change t=255.0s bw=26 delay=10
[orch] link change t=255.0s bw=62 delay=42
[orch] link change t=255.0s bw=94 delay=43
[orch] link change t=255.0s bw=38 delay=15
[orch] link change t=255.0s bw=23 delay=47
[orch] link change t=255.0s bw=56 delay=27
[orch] link change t=270.0s bw=77 delay=38
[orch] link change t=270.0s bw=39 delay=13
[orch] link change t=270.0s bw=13 delay=44
[orch] link change t=270.0s bw=59 delay=74
[orch] link change t=270.0s bw=10 delay=36
[orch] link change t=270.0s bw=66 delay=99
[orch] link change t=270.0s bw=22 delay=18
[orch] link change t=270.0s bw=81 delay=27
[orch] link change t=270.0s bw=36 delay=96
[orch] link change t=270.0s bw=68 delay=40
[orch] link change t=285.0s bw=66 delay=73
[orch] link change t=285.0s bw=32 delay=51
[orch] link change t=285.0s bw=70 delay=86
[orch] link change t=285.0s bw=41 delay=32
[orch] link change t=285.0s bw=37 delay=31
[orch] link change t=285.0s bw=22 delay=35
[orch] link change t=285.0s bw=59 delay=89
[orch] link change t=285.0s bw=47 delay=63
[orch] link change t=285.0s bw=38 delay=63
[orch] link change t=285.0s bw=66 delay=88
[orch] link change t=300.0s bw=80 delay=39
[orch] link change t=300.0s bw=32 delay=27
[orch] link change t=300.0s bw=59 delay=64
[orch] link change t=300.0s bw=41 delay=70
[orch] link change t=300.0s bw=31 delay=47
[orch] link change t=300.0s bw=99 delay=91
[orch] link change t=300.0s bw=58 delay=23
[orch] link change t=300.0s bw=28 delay=79
[orch] link change t=300.0s bw=21 delay=44
[orch] link change t=300.0s bw=58 delay=15
[orch] link change t=315.0s bw=54 delay=39
[orch] link change t=315.0s bw=75 delay=75
[orch] link change t=315.0s bw=60 delay=83
[orch] link change t=315.0s bw=45 delay=21
[orch] link change t=315.0s bw=50 delay=35
[orch] link change t=315.0s bw=47 delay=22
[orch] link change t=315.0s bw=94 delay=17
[orch] link change t=315.0s bw=25 delay=83
[orch] link change t=315.0s bw=36 delay=60
[orch] link change t=315.0s bw=84 delay=10
[orch] link change t=330.0s bw=96 delay=38
[orch] link change t=330.0s bw=56 delay=75
[orch] link change t=330.0s bw=66 delay=27
[orch] link change t=330.0s bw=80 delay=48
[orch] link change t=330.0s bw=79 delay=96
[orch] link change t=330.0s bw=15 delay=85
[orch] link change t=330.0s bw=53 delay=40
[orch] link change t=330.0s bw=49 delay=81
[orch] link change t=330.0s bw=45 delay=53
[orch] link change t=330.0s bw=40 delay=27
[multi_ep_plot] saved -> /its/home/mm2350/extra/Olympusv2/benchmarks/benchmark_responsive_fairness/data/ma_dreamer_second_try/4_flows/run1/ep000001_bw27_d82_n1.pdf  return=335381.1
[ep_plot] ep=1 -> /its/home/mm2350/extra/Olympusv2/benchmarks/benchmark_responsive_fairness/data/ma_dreamer_second_try/4_flows/run1/ep000001_bw27_d82_n1.pdf  return=335381.0625
[responsive_fairness] slot=2 ma_dreamer_second_try flows=4 run=11
[responsive_fairness] ma_dreamer_second_try flows=4 run=1 done (51/200)
[slot=2] ep=11  env=responsive_fairness_join45_score300  bw=67Mbps  delay=81ms  duration=345s
[multi_ep_plot] saved -> /its/home/mm2350/extra/Olympusv2/benchmarks/benchmark_responsive_fairness/data/ma_dreamer_second_try/4_flows/run2/ep000002_bw17_d21_n1.pdf  return=357760.9
[ep_plot] ep=2 -> /its/home/mm2350/extra/Olympusv2/benchmarks/benchmark_responsive_fairness/data/ma_dreamer_second_try/4_flows/run2/ep000002_bw17_d21_n1.pdf  return=357760.9375
[responsive_fairness] slot=3 ma_dreamer_second_try flows=4 run=12
[responsive_fairness] ma_dreamer_second_try flows=4 run=2 done (52/200)
[slot=3] ep=12  env=responsive_fairness_join45_score300  bw=70Mbps  delay=44ms  duration=345s
[multi_ep_plot] saved -> /its/home/mm2350/extra/Olympusv2/benchmarks/benchmark_responsive_fairness/data/ma_dreamer_second_try/4_flows/run3/ep000003_bw40_d85_n1.pdf  return=372688.3
[ep_plot] ep=3 -> /its/home/mm2350/extra/Olympusv2/benchmarks/benchmark_responsive_fairness/data/ma_dreamer_second_try/4_flows/run3/ep000003_bw40_d85_n1.pdf  return=372688.3125
[responsive_fairness] slot=4 ma_dreamer_second_try flows=4 run=13
[responsive_fairness] ma_dreamer_second_try flows=4 run=3 done (53/200)
[slot=4] ep=13  env=responsive_fairness_join45_score300  bw=43Mbps  delay=47ms  duration=345s
[sao-listener] cport=23200 worker=/its/home/mm2350/extra/Olympusv2/olympus/algorithms/ma_dreamer/worker.py scan=20ms target_cc=astraea single_flow=1 no_state_pipe=1
[sao-listener] cport=23300 worker=/its/home/mm2350/extra/Olympusv2/olympus/algorithms/ma_dreamer/worker.py scan=20ms target_cc=astraea single_flow=1 no_state_pipe=1
[multi_ep_plot] saved -> /its/home/mm2350/extra/Olympusv2/benchmarks/benchmark_responsive_fairness/data/ma_dreamer_second_try/4_flows/run4/ep000004_bw40_d48_n1.pdf  return=321437.9
[ep_plot] ep=4 -> /its/home/mm2350/extra/Olympusv2/benchmarks/benchmark_responsive_fairness/data/ma_dreamer_second_try/4_flows/run4/ep000004_bw40_d48_n1.pdf  return=321437.9375
[responsive_fairness] slot=9 ma_dreamer_second_try flows=4 run=14
[responsive_fairness] ma_dreamer_second_try flows=4 run=4 done (54/200)
[slot=9] ep=14  env=responsive_fairness_join45_score300  bw=23Mbps  delay=88ms  duration=345s
[sao-listener] cport=23400 worker=/its/home/mm2350/extra/Olympusv2/olympus/algorithms/ma_dreamer/worker.py scan=20ms target_cc=astraea single_flow=1 no_state_pipe=1
[multi_ep_plot] saved -> /its/home/mm2350/extra/Olympusv2/benchmarks/benchmark_responsive_fairness/data/ma_dreamer_second_try/4_flows/run5/ep000005_bw89_d42_n1.pdf  return=362838.1
[ep_plot] ep=5 -> /its/home/mm2350/extra/Olympusv2/benchmarks/benchmark_responsive_fairness/data/ma_dreamer_second_try/4_flows/run5/ep000005_bw89_d42_n1.pdf  return=362838.125
[responsive_fairness] slot=0 ma_dreamer_second_try flows=4 run=15
[responsive_fairness] ma_dreamer_second_try flows=4 run=5 done (55/200)
[slot=0] ep=15  env=responsive_fairness_join45_score300  bw=36Mbps  delay=11ms  duration=345s
[sao-listener] new flow 1 10.0.0.1:23200->10.0.0.5:5203 cc=astraea pid=635231 child=635619
[sao-listener] single-flow mode: attached worker; stopping ss scans
[sao-listener flow 1] cport=23200 cc=astraea worker active
[sao-listener] cport=23900 worker=/its/home/mm2350/extra/Olympusv2/olympus/algorithms/ma_dreamer/worker.py scan=20ms target_cc=astraea single_flow=1 no_state_pipe=1
[sao-listener] new flow 1 10.0.0.1:23400->10.0.0.5:5205 cc=astraea pid=635605 child=635998
[sao-listener] single-flow mode: attached worker; stopping ss scans
[sao-listener flow 1] cport=23400 cc=astraea worker active
[multi_ep_plot] saved -> /its/home/mm2350/extra/Olympusv2/benchmarks/benchmark_responsive_fairness/data/ma_dreamer_second_try/4_flows/run6/ep000006_bw83_d20_n1.pdf  return=356688.5
[ep_plot] ep=6 -> /its/home/mm2350/extra/Olympusv2/benchmarks/benchmark_responsive_fairness/data/ma_dreamer_second_try/4_flows/run6/ep000006_bw83_d20_n1.pdf  return=356688.53125
[responsive_fairness] ma_dreamer_second_try flows=4 run=6 done (56/200)
[responsive_fairness] slot=5 ma_dreamer_second_try flows=4 run=16
[slot=5] ep=16  env=responsive_fairness_join45_score300  bw=56Mbps  delay=70ms  duration=345s
[sao-listener] cport=23000 worker=/its/home/mm2350/extra/Olympusv2/olympus/algorithms/ma_dreamer/worker.py scan=20ms target_cc=astraea single_flow=1 no_state_pipe=1
[sao-listener] new flow 1 10.0.0.1:23300->10.0.0.5:5204 cc=astraea pid=635270 child=636541
[sao-listener] single-flow mode: attached worker; stopping ss scans
[sao-listener flow 1] cport=23300 cc=astraea worker active
[multi_ep_plot] saved -> /its/home/mm2350/extra/Olympusv2/benchmarks/benchmark_responsive_fairness/data/ma_dreamer_second_try/4_flows/run8/ep000008_bw39_d57_n1.pdf  return=336656.3
[ep_plot] ep=8 -> /its/home/mm2350/extra/Olympusv2/benchmarks/benchmark_responsive_fairness/data/ma_dreamer_second_try/4_flows/run8/ep000008_bw39_d57_n1.pdf  return=336656.34375
[responsive_fairness] slot=1 ma_dreamer_second_try flows=4 run=17
[responsive_fairness] ma_dreamer_second_try flows=4 run=8 done (57/200)
[slot=1] ep=17  env=responsive_fairness_join45_score300  bw=76Mbps  delay=63ms  duration=345s
[worker cport=23200 agent=0] loaded checkpoint step=58994
[worker alg=ma_dreamer reward=tempest_fairness_ma cport=23200 agent=0 group=slot0_ep11 flow=1] started interval=20ms det=1 latent=8x8
[multi_ep_plot] saved -> /its/home/mm2350/extra/Olympusv2/benchmarks/benchmark_responsive_fairness/data/ma_dreamer_second_try/4_flows/run7/ep000007_bw51_d29_n1.pdf  return=360807.0
[ep_plot] ep=7 -> /its/home/mm2350/extra/Olympusv2/benchmarks/benchmark_responsive_fairness/data/ma_dreamer_second_try/4_flows/run7/ep000007_bw51_d29_n1.pdf  return=360807.03125
[sao-listener] cport=23500 worker=/its/home/mm2350/extra/Olympusv2/olympus/algorithms/ma_dreamer/worker.py scan=20ms target_cc=astraea single_flow=1 no_state_pipe=1
[responsive_fairness] slot=6 ma_dreamer_second_try flows=4 run=18
[responsive_fairness] ma_dreamer_second_try flows=4 run=7 done (58/200)
[slot=6] ep=18  env=responsive_fairness_join45_score300  bw=33Mbps  delay=25ms  duration=345s
[worker cport=23400 agent=0] loaded checkpoint step=58994
[worker alg=ma_dreamer reward=tempest_fairness_ma cport=23400 agent=0 group=slot0_ep13 flow=1] started interval=20ms det=1 latent=8x8
[multi_ep_plot] saved -> /its/home/mm2350/extra/Olympusv2/benchmarks/benchmark_responsive_fairness/data/ma_dreamer_second_try/4_flows/run9/ep000009_bw69_d88_n1.pdf  return=347497.3
[ep_plot] ep=9 -> /its/home/mm2350/extra/Olympusv2/benchmarks/benchmark_responsive_fairness/data/ma_dreamer_second_try/4_flows/run9/ep000009_bw69_d88_n1.pdf  return=347497.34375
[responsive_fairness] slot=8 ma_dreamer_second_try flows=4 run=19
[responsive_fairness] ma_dreamer_second_try flows=4 run=9 done (59/200)
[slot=8] ep=19  env=responsive_fairness_join45_score300  bw=96Mbps  delay=15ms  duration=345s
[sao-listener] new flow 1 10.0.0.1:23900->10.0.0.5:5210 cc=astraea pid=636526 child=637339
[sao-listener] single-flow mode: attached worker; stopping ss scans
[sao-listener flow 1] cport=23900 cc=astraea worker active
[sao-listener] cport=23100 worker=/its/home/mm2350/extra/Olympusv2/olympus/algorithms/ma_dreamer/worker.py scan=20ms target_cc=astraea single_flow=1 no_state_pipe=1
[multi_ep_plot] saved -> /its/home/mm2350/extra/Olympusv2/benchmarks/benchmark_responsive_fairness/data/ma_dreamer_second_try/4_flows/run10/ep000010_bw83_d14_n1.pdf  return=364813.8
[ep_plot] ep=10 -> /its/home/mm2350/extra/Olympusv2/benchmarks/benchmark_responsive_fairness/data/ma_dreamer_second_try/4_flows/run10/ep000010_bw83_d14_n1.pdf  return=364813.8125
[responsive_fairness] slot=7 ma_dreamer_second_try flows=4 run=20
[responsive_fairness] ma_dreamer_second_try flows=4 run=10 done (60/200)
[slot=7] ep=20  env=responsive_fairness_join45_score300  bw=97Mbps  delay=29ms  duration=345s
[worker cport=23300 agent=0] loaded checkpoint step=58994
[worker alg=ma_dreamer reward=tempest_fairness_ma cport=23300 agent=0 group=slot0_ep12 flow=1] started interval=20ms det=1 latent=8x8
[sao-listener] cport=23600 worker=/its/home/mm2350/extra/Olympusv2/olympus/algorithms/ma_dreamer/worker.py scan=20ms target_cc=astraea single_flow=1 no_state_pipe=1
[sao-listener] cport=23800 worker=/its/home/mm2350/extra/Olympusv2/olympus/algorithms/ma_dreamer/worker.py scan=20ms target_cc=astraea single_flow=1 no_state_pipe=1
[sao-listener] new flow 1 10.0.0.1:23000->10.0.0.5:5201 cc=astraea pid=637016 child=639022
[sao-listener] single-flow mode: attached worker; stopping ss scans
[sao-listener flow 1] cport=23000 cc=astraea worker active
[sao-listener] cport=23700 worker=/its/home/mm2350/extra/Olympusv2/olympus/algorithms/ma_dreamer/worker.py scan=20ms target_cc=astraea single_flow=1 no_state_pipe=1
[worker cport=23900 agent=0] loaded checkpoint step=58994
[worker alg=ma_dreamer reward=tempest_fairness_ma cport=23900 agent=0 group=slot0_ep14 flow=1] started interval=20ms det=1 latent=8x8
[worker cport=23000 agent=0] loaded checkpoint step=58994
[worker alg=ma_dreamer reward=tempest_fairness_ma cport=23000 agent=0 group=slot0_ep15 flow=1] started interval=20ms det=1 latent=8x8
[sao-listener] new flow 1 10.0.0.1:23500->10.0.0.5:5206 cc=astraea pid=637818 child=639495
[sao-listener] single-flow mode: attached worker; stopping ss scans
[sao-listener flow 1] cport=23500 cc=astraea worker active
[worker cport=23500 agent=0] loaded checkpoint step=58994
[worker alg=ma_dreamer reward=tempest_fairness_ma cport=23500 agent=0 group=slot0_ep16 flow=1] started interval=20ms det=1 latent=8x8
[sao-listener] new flow 1 10.0.0.1:23100->10.0.0.5:5202 cc=astraea pid=638766 child=639676
[sao-listener] single-flow mode: attached worker; stopping ss scans
[sao-listener flow 1] cport=23100 cc=astraea worker active
[sao-listener] new flow 1 10.0.0.1:23600->10.0.0.5:5207 cc=astraea pid=639196 child=639781
[sao-listener] single-flow mode: attached worker; stopping ss scans
[sao-listener flow 1] cport=23600 cc=astraea worker active
[worker cport=23100 agent=0] loaded checkpoint step=58994
[worker alg=ma_dreamer reward=tempest_fairness_ma cport=23100 agent=0 group=slot0_ep17 flow=1] started interval=20ms det=1 latent=8x8
[sao-listener] new flow 1 10.0.0.1:23800->10.0.0.5:5209 cc=astraea pid=639330 child=639907
[sao-listener] single-flow mode: attached worker; stopping ss scans
[sao-listener flow 1] cport=23800 cc=astraea worker active
[worker cport=23600 agent=0] loaded checkpoint step=58994
[worker alg=ma_dreamer reward=tempest_fairness_ma cport=23600 agent=0 group=slot0_ep18 flow=1] started interval=20ms det=1 latent=8x8
[sao-listener] new flow 1 10.0.0.1:23700->10.0.0.5:5208 cc=astraea pid=639368 child=640026
[sao-listener] single-flow mode: attached worker; stopping ss scans
[sao-listener flow 1] cport=23700 cc=astraea worker active
[worker cport=23800 agent=0] loaded checkpoint step=58994
[worker alg=ma_dreamer reward=tempest_fairness_ma cport=23800 agent=0 group=slot0_ep19 flow=1] started interval=20ms det=1 latent=8x8
[worker cport=23700 agent=0] loaded checkpoint step=58994
[worker alg=ma_dreamer reward=tempest_fairness_ma cport=23700 agent=0 group=slot0_ep20 flow=1] started interval=20ms det=1 latent=8x8
[orch] link change t=15.0s bw=69 delay=67
[orch] link change t=15.0s bw=94 delay=77
[orch] link change t=15.0s bw=97 delay=97
[orch] link change t=15.0s bw=99 delay=93
[orch] link change t=15.0s bw=76 delay=14
[orch] link change t=15.0s bw=71 delay=46
[orch] link change t=15.0s bw=48 delay=56
[orch] link change t=15.0s bw=94 delay=67
[orch] link change t=15.0s bw=76 delay=25
[orch] link change t=15.0s bw=43 delay=96
[orch] link change t=30.0s bw=75 delay=85
[orch] link change t=30.0s bw=95 delay=54
[orch] link change t=30.0s bw=33 delay=93
[orch] link change t=30.0s bw=77 delay=41
[orch] link change t=30.0s bw=30 delay=40
[orch] link change t=30.0s bw=63 delay=39
[orch] link change t=30.0s bw=47 delay=32
[orch] link change t=30.0s bw=52 delay=40
[orch] link change t=30.0s bw=75 delay=35
[orch] link change t=30.0s bw=91 delay=22
[orch] link change t=45.0s bw=34 delay=33
[orch] link change t=45.0s bw=28 delay=58
[orch] link change t=45.0s bw=39 delay=95
[orch] link change t=45.0s bw=44 delay=42
[orch] link change t=45.0s bw=12 delay=17
[orch] link change t=45.0s bw=67 delay=10
[orch] link change t=45.0s bw=100 delay=100
[orch] link change t=45.0s bw=35 delay=72
[orch] link change t=45.0s bw=60 delay=54
[orch] link change t=45.0s bw=51 delay=83
[orch] link change t=60.0s bw=75 delay=70
[orch] link change t=60.0s bw=11 delay=57
[orch] link change t=60.0s bw=28 delay=38
[orch] link change t=60.0s bw=47 delay=19
[orch] link change t=60.0s bw=97 delay=28
[orch] link change t=60.0s bw=62 delay=94
[orch] link change t=60.0s bw=79 delay=94
[orch] link change t=60.0s bw=90 delay=73
[orch] link change t=60.0s bw=77 delay=47
[orch] link change t=60.0s bw=31 delay=13
[orch] link change t=75.0s bw=90 delay=88
[orch] link change t=75.0s bw=71 delay=45
[orch] link change t=75.0s bw=92 delay=33
[orch] link change t=75.0s bw=94 delay=67
[orch] link change t=75.0s bw=98 delay=57
[orch] link change t=75.0s bw=43 delay=40
[orch] link change t=75.0s bw=45 delay=24
[orch] link change t=75.0s bw=33 delay=71
[orch] link change t=75.0s bw=84 delay=28
[orch] link change t=75.0s bw=62 delay=62
[orch] link change t=90.0s bw=33 delay=22
[orch] link change t=90.0s bw=92 delay=68
[orch] link change t=90.0s bw=26 delay=19
[orch] link change t=90.0s bw=48 delay=69
[orch] link change t=90.0s bw=40 delay=24
[orch] link change t=90.0s bw=91 delay=38
[orch] link change t=90.0s bw=13 delay=41
[orch] link change t=90.0s bw=47 delay=68
[orch] link change t=90.0s bw=86 delay=43
[orch] link change t=90.0s bw=19 delay=23
[orch] link change t=105.0s bw=67 delay=48
[orch] link change t=105.0s bw=98 delay=86
[orch] link change t=105.0s bw=78 delay=37
[orch] link change t=105.0s bw=97 delay=60
[orch] link change t=105.0s bw=53 delay=69
[orch] link change t=105.0s bw=11 delay=47
[orch] link change t=105.0s bw=59 delay=63
[orch] link change t=105.0s bw=43 delay=35
[orch] link change t=105.0s bw=23 delay=43
[orch] link change t=105.0s bw=26 delay=50
[orch] link change t=120.0s bw=28 delay=21
[orch] link change t=120.0s bw=39 delay=81
[orch] link change t=120.0s bw=47 delay=13
[orch] link change t=120.0s bw=60 delay=25
[orch] link change t=120.0s bw=100 delay=55
[orch] link change t=120.0s bw=48 delay=52
[orch] link change t=120.0s bw=42 delay=74
[orch] link change t=120.0s bw=42 delay=98
[orch] link change t=120.0s bw=62 delay=51
[orch] link change t=120.0s bw=70 delay=84
[orch] link change t=135.0s bw=78 delay=98
[orch] link change t=135.0s bw=10 delay=94
[orch] link change t=135.0s bw=65 delay=26
[orch] link change t=135.0s bw=43 delay=38
[orch] link change t=135.0s bw=45 delay=60
[orch] link change t=135.0s bw=95 delay=28
[orch] link change t=135.0s bw=50 delay=91
[orch] link change t=135.0s bw=25 delay=51
[orch] link change t=135.0s bw=44 delay=23
[orch] link change t=135.0s bw=67 delay=62
[orch] link change t=150.0s bw=91 delay=15
[orch] link change t=150.0s bw=89 delay=28
[orch] link change t=150.0s bw=97 delay=87
[orch] link change t=150.0s bw=50 delay=55
[orch] link change t=150.0s bw=43 delay=54
[orch] link change t=150.0s bw=87 delay=49
[orch] link change t=150.0s bw=97 delay=61
[orch] link change t=150.0s bw=76 delay=96
[orch] link change t=150.0s bw=51 delay=49
[orch] link change t=150.0s bw=36 delay=35
[orch] link change t=165.0s bw=86 delay=60
[orch] link change t=165.0s bw=66 delay=57
[orch] link change t=165.0s bw=11 delay=45
[orch] link change t=165.0s bw=43 delay=56
[orch] link change t=165.0s bw=39 delay=36
[orch] link change t=165.0s bw=12 delay=38
[orch] link change t=165.0s bw=27 delay=80
[orch] link change t=165.0s bw=32 delay=40
[orch] link change t=165.0s bw=12 delay=82
[orch] link change t=165.0s bw=50 delay=90
[orch] link change t=180.0s bw=67 delay=93
[orch] link change t=180.0s bw=30 delay=53
[orch] link change t=180.0s bw=28 delay=20
[orch] link change t=180.0s bw=90 delay=90
[orch] link change t=180.0s bw=55 delay=50
[orch] link change t=180.0s bw=87 delay=42
[orch] link change t=180.0s bw=17 delay=27
[orch] link change t=180.0s bw=31 delay=40
[orch] link change t=180.0s bw=89 delay=35
[orch] link change t=180.0s bw=97 delay=52
[orch] link change t=195.0s bw=88 delay=93
[orch] link change t=195.0s bw=36 delay=17
[orch] link change t=195.0s bw=43 delay=67
[orch] link change t=195.0s bw=76 delay=29
[orch] link change t=195.0s bw=38 delay=49
[orch] link change t=195.0s bw=12 delay=29
[orch] link change t=195.0s bw=35 delay=29
[orch] link change t=195.0s bw=35 delay=56
[orch] link change t=195.0s bw=19 delay=35
[orch] link change t=195.0s bw=52 delay=64
[orch] link change t=210.0s bw=30 delay=89
[orch] link change t=210.0s bw=83 delay=35
[orch] link change t=210.0s bw=65 delay=27
[orch] link change t=210.0s bw=30 delay=80
[orch] link change t=210.0s bw=75 delay=63
[orch] link change t=210.0s bw=87 delay=95
[orch] link change t=210.0s bw=100 delay=78
[orch] link change t=210.0s bw=83 delay=74
[orch] link change t=210.0s bw=24 delay=79
[orch] link change t=210.0s bw=21 delay=90
[orch] link change t=225.0s bw=11 delay=77
[orch] link change t=225.0s bw=19 delay=75
[orch] link change t=225.0s bw=42 delay=55
[orch] link change t=225.0s bw=95 delay=94
[orch] link change t=225.0s bw=39 delay=83
[orch] link change t=225.0s bw=90 delay=13
[orch] link change t=225.0s bw=81 delay=97
[orch] link change t=225.0s bw=35 delay=96
[orch] link change t=225.0s bw=68 delay=59
[orch] link change t=225.0s bw=76 delay=72
[orch] link change t=240.0s bw=18 delay=17
[orch] link change t=240.0s bw=97 delay=53
[orch] link change t=240.0s bw=39 delay=72
[orch] link change t=240.0s bw=45 delay=31
[orch] link change t=240.0s bw=68 delay=63
[orch] link change t=240.0s bw=69 delay=68
[orch] link change t=240.0s bw=36 delay=52
[orch] link change t=240.0s bw=73 delay=37
[orch] link change t=240.0s bw=19 delay=22
[orch] link change t=240.0s bw=61 delay=20
[orch] link change t=255.0s bw=14 delay=34
[orch] link change t=255.0s bw=97 delay=61
[orch] link change t=255.0s bw=80 delay=82
[orch] link change t=255.0s bw=11 delay=93
[orch] link change t=255.0s bw=72 delay=20
[orch] link change t=255.0s bw=86 delay=90
[orch] link change t=255.0s bw=79 delay=25
[orch] link change t=255.0s bw=48 delay=43
[orch] link change t=255.0s bw=63 delay=12
[orch] link change t=255.0s bw=36 delay=83
[orch] link change t=270.0s bw=40 delay=86
[orch] link change t=270.0s bw=21 delay=12
[orch] link change t=270.0s bw=64 delay=95
[orch] link change t=270.0s bw=18 delay=25
[orch] link change t=270.0s bw=69 delay=82
[orch] link change t=270.0s bw=100 delay=47
[orch] link change t=270.0s bw=91 delay=18
[orch] link change t=270.0s bw=10 delay=53
[orch] link change t=270.0s bw=22 delay=84
[orch] link change t=270.0s bw=41 delay=14
[orch] link change t=285.0s bw=13 delay=69
[orch] link change t=285.0s bw=17 delay=94
[orch] link change t=285.0s bw=56 delay=65
[orch] link change t=285.0s bw=86 delay=53
[orch] link change t=285.0s bw=56 delay=66
[orch] link change t=285.0s bw=38 delay=49
[orch] link change t=285.0s bw=49 delay=62
[orch] link change t=285.0s bw=61 delay=38
[orch] link change t=285.0s bw=64 delay=60
[orch] link change t=285.0s bw=35 delay=22
[orch] link change t=300.0s bw=51 delay=66
[orch] link change t=300.0s bw=75 delay=38
[orch] link change t=300.0s bw=91 delay=50
[orch] link change t=300.0s bw=13 delay=20
[orch] link change t=300.0s bw=82 delay=50
[orch] link change t=300.0s bw=56 delay=43
[orch] link change t=300.0s bw=20 delay=74
[orch] link change t=300.0s bw=61 delay=78
[orch] link change t=300.0s bw=66 delay=94
[orch] link change t=300.0s bw=20 delay=34
[orch] link change t=315.0s bw=85 delay=35
[orch] link change t=315.0s bw=21 delay=64
[orch] link change t=315.0s bw=93 delay=25
[orch] link change t=315.0s bw=45 delay=36
[orch] link change t=315.0s bw=98 delay=92
[orch] link change t=315.0s bw=63 delay=21
[orch] link change t=315.0s bw=70 delay=91
[orch] link change t=315.0s bw=54 delay=85
[orch] link change t=315.0s bw=48 delay=83
[orch] link change t=315.0s bw=42 delay=98
[orch] link change t=330.0s bw=76 delay=39
[orch] link change t=330.0s bw=66 delay=24
[orch] link change t=330.0s bw=54 delay=86
[orch] link change t=330.0s bw=58 delay=61
[orch] link change t=330.0s bw=67 delay=61
[orch] link change t=330.0s bw=54 delay=73
[orch] link change t=330.0s bw=86 delay=28
[orch] link change t=330.0s bw=83 delay=77
[orch] link change t=330.0s bw=74 delay=30
[orch] link change t=330.0s bw=46 delay=49
[multi_ep_plot] saved -> /its/home/mm2350/extra/Olympusv2/benchmarks/benchmark_responsive_fairness/data/ma_dreamer_second_try/4_flows/run11/ep000011_bw67_d81_n1.pdf  return=345856.7
[ep_plot] ep=11 -> /its/home/mm2350/extra/Olympusv2/benchmarks/benchmark_responsive_fairness/data/ma_dreamer_second_try/4_flows/run11/ep000011_bw67_d81_n1.pdf  return=345856.6875
[responsive_fairness] slot=2 ma_dreamer_second_try flows=4 run=21
[responsive_fairness] ma_dreamer_second_try flows=4 run=11 done (61/200)
[slot=2] ep=21  env=responsive_fairness_join45_score300  bw=31Mbps  delay=63ms  duration=345s
[multi_ep_plot] saved -> /its/home/mm2350/extra/Olympusv2/benchmarks/benchmark_responsive_fairness/data/ma_dreamer_second_try/4_flows/run12/ep000012_bw70_d44_n1.pdf  return=348230.0
[ep_plot] ep=12 -> /its/home/mm2350/extra/Olympusv2/benchmarks/benchmark_responsive_fairness/data/ma_dreamer_second_try/4_flows/run12/ep000012_bw70_d44_n1.pdf  return=348230.03125
[responsive_fairness] slot=3 ma_dreamer_second_try flows=4 run=22
[responsive_fairness] ma_dreamer_second_try flows=4 run=12 done (62/200)
[slot=3] ep=22  env=responsive_fairness_join45_score300  bw=27Mbps  delay=41ms  duration=345s
[multi_ep_plot] saved -> /its/home/mm2350/extra/Olympusv2/benchmarks/benchmark_responsive_fairness/data/ma_dreamer_second_try/4_flows/run13/ep000013_bw43_d47_n1.pdf  return=349078.1
[ep_plot] ep=13 -> /its/home/mm2350/extra/Olympusv2/benchmarks/benchmark_responsive_fairness/data/ma_dreamer_second_try/4_flows/run13/ep000013_bw43_d47_n1.pdf  return=349078.125
[responsive_fairness] slot=4 ma_dreamer_second_try flows=4 run=23
[responsive_fairness] ma_dreamer_second_try flows=4 run=13 done (63/200)
[slot=4] ep=23  env=responsive_fairness_join45_score300  bw=47Mbps  delay=20ms  duration=345s
[sao-listener] cport=23200 worker=/its/home/mm2350/extra/Olympusv2/olympus/algorithms/ma_dreamer/worker.py scan=20ms target_cc=astraea single_flow=1 no_state_pipe=1
[sao-listener] cport=23300 worker=/its/home/mm2350/extra/Olympusv2/olympus/algorithms/ma_dreamer/worker.py scan=20ms target_cc=astraea single_flow=1 no_state_pipe=1
[multi_ep_plot] saved -> /its/home/mm2350/extra/Olympusv2/benchmarks/benchmark_responsive_fairness/data/ma_dreamer_second_try/4_flows/run14/ep000014_bw23_d88_n1.pdf  return=292319.2
[ep_plot] ep=14 -> /its/home/mm2350/extra/Olympusv2/benchmarks/benchmark_responsive_fairness/data/ma_dreamer_second_try/4_flows/run14/ep000014_bw23_d88_n1.pdf  return=292319.15625
[responsive_fairness] slot=9 ma_dreamer_second_try flows=4 run=24
[responsive_fairness] ma_dreamer_second_try flows=4 run=14 done (64/200)
[slot=9] ep=24  env=responsive_fairness_join45_score300  bw=59Mbps  delay=84ms  duration=345s
[sao-listener] cport=23400 worker=/its/home/mm2350/extra/Olympusv2/olympus/algorithms/ma_dreamer/worker.py scan=20ms target_cc=astraea single_flow=1 no_state_pipe=1
[multi_ep_plot] saved -> /its/home/mm2350/extra/Olympusv2/benchmarks/benchmark_responsive_fairness/data/ma_dreamer_second_try/4_flows/run15/ep000015_bw36_d11_n1.pdf  return=362021.1
[ep_plot] ep=15 -> /its/home/mm2350/extra/Olympusv2/benchmarks/benchmark_responsive_fairness/data/ma_dreamer_second_try/4_flows/run15/ep000015_bw36_d11_n1.pdf  return=362021.125
[responsive_fairness] slot=0 ma_dreamer_second_try flows=4 run=25
[responsive_fairness] ma_dreamer_second_try flows=4 run=15 done (65/200)
[slot=0] ep=25  env=responsive_fairness_join45_score300  bw=58Mbps  delay=11ms  duration=345s
[sao-listener] cport=23900 worker=/its/home/mm2350/extra/Olympusv2/olympus/algorithms/ma_dreamer/worker.py scan=20ms target_cc=astraea single_flow=1 no_state_pipe=1
[multi_ep_plot] saved -> /its/home/mm2350/extra/Olympusv2/benchmarks/benchmark_responsive_fairness/data/ma_dreamer_second_try/4_flows/run16/ep000016_bw56_d70_n1.pdf  return=331295.2
[ep_plot] ep=16 -> /its/home/mm2350/extra/Olympusv2/benchmarks/benchmark_responsive_fairness/data/ma_dreamer_second_try/4_flows/run16/ep000016_bw56_d70_n1.pdf  return=331295.1875
[responsive_fairness] slot=5 ma_dreamer_second_try flows=4 run=26
[responsive_fairness] ma_dreamer_second_try flows=4 run=16 done (66/200)
[sao-listener] new flow 1 10.0.0.1:23400->10.0.0.5:5205 cc=astraea pid=644214 child=644444
[sao-listener] single-flow mode: attached worker; stopping ss scans
[sao-listener flow 1] cport=23400 cc=astraea worker active
[slot=5] ep=26  env=responsive_fairness_join45_score300  bw=35Mbps  delay=94ms  duration=345s
[sao-listener] new flow 1 10.0.0.1:23200->10.0.0.5:5203 cc=astraea pid=643787 child=644762
[sao-listener] single-flow mode: attached worker; stopping ss scans
[sao-listener flow 1] cport=23200 cc=astraea worker active
[sao-listener] cport=23000 worker=/its/home/mm2350/extra/Olympusv2/olympus/algorithms/ma_dreamer/worker.py scan=20ms target_cc=astraea single_flow=1 no_state_pipe=1
[multi_ep_plot] saved -> /its/home/mm2350/extra/Olympusv2/benchmarks/benchmark_responsive_fairness/data/ma_dreamer_second_try/4_flows/run17/ep000017_bw76_d63_n1.pdf  return=365972.2
[ep_plot] ep=17 -> /its/home/mm2350/extra/Olympusv2/benchmarks/benchmark_responsive_fairness/data/ma_dreamer_second_try/4_flows/run17/ep000017_bw76_d63_n1.pdf  return=365972.25
[responsive_fairness] slot=1 ma_dreamer_second_try flows=4 run=27
[responsive_fairness] ma_dreamer_second_try flows=4 run=17 done (67/200)
[sao-listener] new flow 1 10.0.0.1:23300->10.0.0.5:5204 cc=astraea pid=643878 child=645320
[sao-listener] single-flow mode: attached worker; stopping ss scans
[sao-listener flow 1] cport=23300 cc=astraea worker active
[slot=1] ep=27  env=responsive_fairness_join45_score300  bw=93Mbps  delay=71ms  duration=345s
[sao-listener] cport=23500 worker=/its/home/mm2350/extra/Olympusv2/olympus/algorithms/ma_dreamer/worker.py scan=20ms target_cc=astraea single_flow=1 no_state_pipe=1
[sao-listener] new flow 1 10.0.0.1:23900->10.0.0.5:5210 cc=astraea pid=644648 child=645496
[sao-listener] single-flow mode: attached worker; stopping ss scans
[sao-listener flow 1] cport=23900 cc=astraea worker active
[multi_ep_plot] saved -> /its/home/mm2350/extra/Olympusv2/benchmarks/benchmark_responsive_fairness/data/ma_dreamer_second_try/4_flows/run18/ep000018_bw33_d25_n1.pdf  return=345881.5
[ep_plot] ep=18 -> /its/home/mm2350/extra/Olympusv2/benchmarks/benchmark_responsive_fairness/data/ma_dreamer_second_try/4_flows/run18/ep000018_bw33_d25_n1.pdf  return=345881.46875
[responsive_fairness] slot=6 ma_dreamer_second_try flows=4 run=28
[responsive_fairness] ma_dreamer_second_try flows=4 run=18 done (68/200)
[worker cport=23400 agent=0] loaded checkpoint step=58994
[worker alg=ma_dreamer reward=tempest_fairness_ma cport=23400 agent=0 group=slot0_ep23 flow=1] started interval=20ms det=1 latent=8x8
[slot=6] ep=28  env=responsive_fairness_join45_score300  bw=24Mbps  delay=26ms  duration=345s
[worker cport=23200 agent=0] loaded checkpoint step=58994
[worker alg=ma_dreamer reward=tempest_fairness_ma cport=23200 agent=0 group=slot0_ep21 flow=1] started interval=20ms det=1 latent=8x8
[multi_ep_plot] saved -> /its/home/mm2350/extra/Olympusv2/benchmarks/benchmark_responsive_fairness/data/ma_dreamer_second_try/4_flows/run19/ep000019_bw96_d15_n1.pdf  return=351800.1
[ep_plot] ep=19 -> /its/home/mm2350/extra/Olympusv2/benchmarks/benchmark_responsive_fairness/data/ma_dreamer_second_try/4_flows/run19/ep000019_bw96_d15_n1.pdf  return=351800.09375
[responsive_fairness] slot=8 ma_dreamer_second_try flows=4 run=29
[responsive_fairness] ma_dreamer_second_try flows=4 run=19 done (69/200)
[slot=8] ep=29  env=responsive_fairness_join45_score300  bw=80Mbps  delay=19ms  duration=345s
[sao-listener] cport=23100 worker=/its/home/mm2350/extra/Olympusv2/olympus/algorithms/ma_dreamer/worker.py scan=20ms target_cc=astraea single_flow=1 no_state_pipe=1
[multi_ep_plot] saved -> /its/home/mm2350/extra/Olympusv2/benchmarks/benchmark_responsive_fairness/data/ma_dreamer_second_try/4_flows/run20/ep000020_bw97_d29_n1.pdf  return=335408.2
[ep_plot] ep=20 -> /its/home/mm2350/extra/Olympusv2/benchmarks/benchmark_responsive_fairness/data/ma_dreamer_second_try/4_flows/run20/ep000020_bw97_d29_n1.pdf  return=335408.1875
[responsive_fairness] slot=7 ma_dreamer_second_try flows=4 run=30
[responsive_fairness] ma_dreamer_second_try flows=4 run=20 done (70/200)
[slot=7] ep=30  env=responsive_fairness_join45_score300  bw=79Mbps  delay=47ms  duration=345s
[worker cport=23300 agent=0] loaded checkpoint step=58994
[worker alg=ma_dreamer reward=tempest_fairness_ma cport=23300 agent=0 group=slot0_ep22 flow=1] started interval=20ms det=1 latent=8x8
[sao-listener] cport=23600 worker=/its/home/mm2350/extra/Olympusv2/olympus/algorithms/ma_dreamer/worker.py scan=20ms target_cc=astraea single_flow=1 no_state_pipe=1
[worker cport=23900 agent=0] loaded checkpoint step=58994
[worker alg=ma_dreamer reward=tempest_fairness_ma cport=23900 agent=0 group=slot0_ep24 flow=1] started interval=20ms det=1 latent=8x8
[sao-listener] cport=23800 worker=/its/home/mm2350/extra/Olympusv2/olympus/algorithms/ma_dreamer/worker.py scan=20ms target_cc=astraea single_flow=1 no_state_pipe=1
[sao-listener] new flow 1 10.0.0.1:23000->10.0.0.5:5201 cc=astraea pid=645452 child=647205
[sao-listener] single-flow mode: attached worker; stopping ss scans
[sao-listener flow 1] cport=23000 cc=astraea worker active
[sao-listener] cport=23700 worker=/its/home/mm2350/extra/Olympusv2/olympus/algorithms/ma_dreamer/worker.py scan=20ms target_cc=astraea single_flow=1 no_state_pipe=1
[sao-listener] new flow 1 10.0.0.1:23500->10.0.0.5:5206 cc=astraea pid=646014 child=647904
[sao-listener] single-flow mode: attached worker; stopping ss scans
[sao-listener flow 1] cport=23500 cc=astraea worker active
[worker cport=23000 agent=0] loaded checkpoint step=58994
[worker alg=ma_dreamer reward=tempest_fairness_ma cport=23000 agent=0 group=slot0_ep25 flow=1] started interval=20ms det=1 latent=8x8
[worker cport=23500 agent=0] loaded checkpoint step=58994
[worker alg=ma_dreamer reward=tempest_fairness_ma cport=23500 agent=0 group=slot0_ep26 flow=1] started interval=20ms det=1 latent=8x8
[sao-listener] new flow 1 10.0.0.1:23100->10.0.0.5:5202 cc=astraea pid=647076 child=648184
[sao-listener] single-flow mode: attached worker; stopping ss scans
[sao-listener flow 1] cport=23100 cc=astraea worker active
[sao-listener] new flow 1 10.0.0.1:23600->10.0.0.5:5207 cc=astraea pid=647693 child=648299
[sao-listener] single-flow mode: attached worker; stopping ss scans
[sao-listener flow 1] cport=23600 cc=astraea worker active
[worker cport=23100 agent=0] loaded checkpoint step=58994
[worker alg=ma_dreamer reward=tempest_fairness_ma cport=23100 agent=0 group=slot0_ep27 flow=1] started interval=20ms det=1 latent=8x8
[sao-listener] new flow 1 10.0.0.1:23800->10.0.0.5:5209 cc=astraea pid=647779 child=648421
[sao-listener] single-flow mode: attached worker; stopping ss scans
[sao-listener flow 1] cport=23800 cc=astraea worker active
[worker cport=23600 agent=0] loaded checkpoint step=58994
[worker alg=ma_dreamer reward=tempest_fairness_ma cport=23600 agent=0 group=slot0_ep28 flow=1] started interval=20ms det=1 latent=8x8
[sao-listener] new flow 1 10.0.0.1:23700->10.0.0.5:5208 cc=astraea pid=647911 child=648544
[sao-listener] single-flow mode: attached worker; stopping ss scans
[sao-listener flow 1] cport=23700 cc=astraea worker active
[worker cport=23800 agent=0] loaded checkpoint step=58994
[worker alg=ma_dreamer reward=tempest_fairness_ma cport=23800 agent=0 group=slot0_ep29 flow=1] started interval=20ms det=1 latent=8x8
[worker cport=23700 agent=0] loaded checkpoint step=58994
[worker alg=ma_dreamer reward=tempest_fairness_ma cport=23700 agent=0 group=slot0_ep30 flow=1] started interval=20ms det=1 latent=8x8
[orch] link change t=15.0s bw=98 delay=63
[orch] link change t=15.0s bw=13 delay=88
[orch] link change t=15.0s bw=12 delay=85
[orch] link change t=15.0s bw=33 delay=37
[orch] link change t=15.0s bw=37 delay=49
[orch] link change t=15.0s bw=36 delay=65
[orch] link change t=15.0s bw=99 delay=45
[orch] link change t=15.0s bw=79 delay=86
[orch] link change t=15.0s bw=54 delay=86
[orch] link change t=15.0s bw=88 delay=13
[orch] link change t=30.0s bw=91 delay=46
[orch] link change t=30.0s bw=67 delay=33
[orch] link change t=30.0s bw=49 delay=64
[orch] link change t=30.0s bw=31 delay=34
[orch] link change t=30.0s bw=91 delay=70
[orch] link change t=30.0s bw=86 delay=79
[orch] link change t=30.0s bw=46 delay=35
[orch] link change t=30.0s bw=32 delay=38
[orch] link change t=30.0s bw=87 delay=46
[orch] link change t=30.0s bw=89 delay=93
[orch] link change t=45.0s bw=71 delay=37
[orch] link change t=45.0s bw=99 delay=25
[orch] link change t=45.0s bw=58 delay=77
[orch] link change t=45.0s bw=31 delay=95
[orch] link change t=45.0s bw=15 delay=42
[orch] link change t=45.0s bw=17 delay=26
[orch] link change t=45.0s bw=19 delay=18
[orch] link change t=45.0s bw=26 delay=91
[orch] link change t=45.0s bw=21 delay=75
[orch] link change t=45.0s bw=36 delay=42
[orch] link change t=60.0s bw=70 delay=75
[orch] link change t=60.0s bw=93 delay=54
[orch] link change t=60.0s bw=55 delay=26
[orch] link change t=60.0s bw=97 delay=21
[orch] link change t=60.0s bw=14 delay=49
[orch] link change t=60.0s bw=71 delay=15
[orch] link change t=60.0s bw=42 delay=79
[orch] link change t=60.0s bw=69 delay=63
[orch] link change t=60.0s bw=54 delay=60
[orch] link change t=60.0s bw=16 delay=60
[orch] link change t=75.0s bw=33 delay=74
[orch] link change t=75.0s bw=20 delay=39
[orch] link change t=75.0s bw=34 delay=44
[orch] link change t=75.0s bw=100 delay=29
[orch] link change t=75.0s bw=82 delay=64
[orch] link change t=75.0s bw=97 delay=89
[orch] link change t=75.0s bw=52 delay=42
[orch] link change t=75.0s bw=36 delay=37
[orch] link change t=75.0s bw=63 delay=12
[orch] link change t=75.0s bw=58 delay=92
[orch] link change t=90.0s bw=77 delay=40
[orch] link change t=90.0s bw=44 delay=16
[orch] link change t=90.0s bw=66 delay=11
[orch] link change t=90.0s bw=100 delay=46
[orch] link change t=90.0s bw=22 delay=85
[orch] link change t=90.0s bw=74 delay=31
[orch] link change t=90.0s bw=57 delay=61
[orch] link change t=90.0s bw=28 delay=60
[orch] link change t=90.0s bw=14 delay=23
[orch] link change t=90.0s bw=27 delay=20
[orch] link change t=105.0s bw=10 delay=11
[orch] link change t=105.0s bw=50 delay=86
[orch] link change t=105.0s bw=38 delay=89
[orch] link change t=105.0s bw=11 delay=66
[orch] link change t=105.0s bw=25 delay=83
[orch] link change t=105.0s bw=91 delay=64
[orch] link change t=105.0s bw=33 delay=41
[orch] link change t=105.0s bw=30 delay=26
[orch] link change t=105.0s bw=66 delay=93
[orch] link change t=105.0s bw=69 delay=10
[orch] link change t=120.0s bw=57 delay=84
[orch] link change t=120.0s bw=32 delay=80
[orch] link change t=120.0s bw=68 delay=13
[orch] link change t=120.0s bw=69 delay=91
[orch] link change t=120.0s bw=97 delay=35
[orch] link change t=120.0s bw=41 delay=62
[orch] link change t=120.0s bw=40 delay=72
[orch] link change t=120.0s bw=87 delay=34
[orch] link change t=120.0s bw=38 delay=54
[orch] link change t=120.0s bw=76 delay=41
[orch] link change t=135.0s bw=64 delay=18
[orch] link change t=135.0s bw=97 delay=65
[orch] link change t=135.0s bw=23 delay=20
[orch] link change t=135.0s bw=24 delay=13
[orch] link change t=135.0s bw=75 delay=89
[orch] link change t=135.0s bw=35 delay=98
[orch] link change t=135.0s bw=19 delay=91
[orch] link change t=135.0s bw=35 delay=13
[orch] link change t=135.0s bw=20 delay=73
[orch] link change t=135.0s bw=13 delay=19
[orch] link change t=150.0s bw=28 delay=39
[orch] link change t=150.0s bw=100 delay=16
[orch] link change t=150.0s bw=100 delay=73
[orch] link change t=150.0s bw=76 delay=31
[orch] link change t=150.0s bw=50 delay=33
[orch] link change t=150.0s bw=13 delay=95
[orch] link change t=150.0s bw=83 delay=93
[orch] link change t=150.0s bw=62 delay=40
[orch] link change t=150.0s bw=52 delay=87
[orch] link change t=150.0s bw=30 delay=86
[orch] link change t=165.0s bw=39 delay=98
[orch] link change t=165.0s bw=83 delay=12
[orch] link change t=165.0s bw=63 delay=12
[orch] link change t=165.0s bw=72 delay=66
[orch] link change t=165.0s bw=80 delay=55
[orch] link change t=165.0s bw=38 delay=28
[orch] link change t=165.0s bw=20 delay=88
[orch] link change t=165.0s bw=18 delay=22
[orch] link change t=165.0s bw=79 delay=63
[orch] link change t=165.0s bw=77 delay=61
[orch] link change t=180.0s bw=15 delay=65
[orch] link change t=180.0s bw=85 delay=43
[orch] link change t=180.0s bw=75 delay=90
[orch] link change t=180.0s bw=97 delay=48
[orch] link change t=180.0s bw=75 delay=70
[orch] link change t=180.0s bw=26 delay=37
[orch] link change t=180.0s bw=64 delay=63
[orch] link change t=180.0s bw=63 delay=50
[orch] link change t=180.0s bw=35 delay=67
[orch] link change t=180.0s bw=93 delay=54
[orch] link change t=195.0s bw=62 delay=88
[orch] link change t=195.0s bw=49 delay=63
[orch] link change t=195.0s bw=65 delay=55
[orch] link change t=195.0s bw=73 delay=20
[orch] link change t=195.0s bw=77 delay=23
[orch] link change t=195.0s bw=86 delay=71
[orch] link change t=195.0s bw=16 delay=94
[orch] link change t=195.0s bw=99 delay=26
[orch] link change t=195.0s bw=31 delay=38
[orch] link change t=195.0s bw=78 delay=18
[orch] link change t=210.0s bw=66 delay=14
[orch] link change t=210.0s bw=34 delay=33
[orch] link change t=210.0s bw=17 delay=36
[orch] link change t=210.0s bw=97 delay=42
[orch] link change t=210.0s bw=91 delay=96
[orch] link change t=210.0s bw=59 delay=56
[orch] link change t=210.0s bw=66 delay=54
[orch] link change t=210.0s bw=32 delay=74
[orch] link change t=210.0s bw=65 delay=62
[orch] link change t=210.0s bw=61 delay=13
[orch] link change t=225.0s bw=52 delay=79
[orch] link change t=225.0s bw=24 delay=84
[orch] link change t=225.0s bw=14 delay=85
[orch] link change t=225.0s bw=88 delay=30
[orch] link change t=225.0s bw=22 delay=86
[orch] link change t=225.0s bw=41 delay=84
[orch] link change t=225.0s bw=11 delay=92
[orch] link change t=225.0s bw=76 delay=98
[orch] link change t=225.0s bw=96 delay=97
[orch] link change t=225.0s bw=41 delay=82
[orch] link change t=240.0s bw=73 delay=98
[orch] link change t=240.0s bw=77 delay=82
[orch] link change t=240.0s bw=57 delay=94
[orch] link change t=240.0s bw=97 delay=51
[orch] link change t=240.0s bw=84 delay=55
[orch] link change t=240.0s bw=13 delay=13
[orch] link change t=240.0s bw=71 delay=42
[orch] link change t=240.0s bw=94 delay=44
[orch] link change t=240.0s bw=82 delay=77
[orch] link change t=240.0s bw=96 delay=45
[orch] link change t=255.0s bw=24 delay=93
[orch] link change t=255.0s bw=17 delay=99
[orch] link change t=255.0s bw=32 delay=89
[orch] link change t=255.0s bw=49 delay=19
[orch] link change t=255.0s bw=63 delay=55
[orch] link change t=255.0s bw=47 delay=79
[orch] link change t=255.0s bw=27 delay=88
[orch] link change t=255.0s bw=88 delay=39
[orch] link change t=255.0s bw=35 delay=79
[orch] link change t=255.0s bw=64 delay=82
[orch] link change t=270.0s bw=57 delay=12
[orch] link change t=270.0s bw=51 delay=88
[orch] link change t=270.0s bw=37 delay=56
[orch] link change t=270.0s bw=79 delay=93
[orch] link change t=270.0s bw=34 delay=96
[orch] link change t=270.0s bw=78 delay=25
[orch] link change t=270.0s bw=53 delay=88
[orch] link change t=270.0s bw=96 delay=67
[orch] link change t=270.0s bw=96 delay=64
[orch] link change t=270.0s bw=22 delay=96
[orch] link change t=285.0s bw=29 delay=21
[orch] link change t=285.0s bw=52 delay=43
[orch] link change t=285.0s bw=82 delay=57
[orch] link change t=285.0s bw=56 delay=94
[orch] link change t=285.0s bw=30 delay=89
[orch] link change t=285.0s bw=75 delay=15
[orch] link change t=285.0s bw=93 delay=39
[orch] link change t=285.0s bw=26 delay=35
[orch] link change t=285.0s bw=48 delay=45
[orch] link change t=285.0s bw=45 delay=91
[orch] link change t=300.0s bw=25 delay=12
[orch] link change t=300.0s bw=33 delay=60
[orch] link change t=300.0s bw=83 delay=46
[orch] link change t=300.0s bw=14 delay=37
[orch] link change t=300.0s bw=68 delay=19
[orch] link change t=300.0s bw=92 delay=10
[orch] link change t=300.0s bw=100 delay=77
[orch] link change t=300.0s bw=11 delay=46
[orch] link change t=300.0s bw=75 delay=38
[orch] link change t=300.0s bw=81 delay=24
[orch] link change t=315.0s bw=68 delay=30
[orch] link change t=315.0s bw=49 delay=93
[orch] link change t=315.0s bw=94 delay=50
[orch] link change t=315.0s bw=50 delay=53
[orch] link change t=315.0s bw=19 delay=61
[orch] link change t=315.0s bw=69 delay=86
[orch] link change t=315.0s bw=28 delay=22
[orch] link change t=315.0s bw=91 delay=96
[orch] link change t=315.0s bw=62 delay=70
[orch] link change t=315.0s bw=88 delay=73
[orch] link change t=330.0s bw=80 delay=53
[orch] link change t=330.0s bw=75 delay=28
[orch] link change t=330.0s bw=83 delay=20
[orch] link change t=330.0s bw=18 delay=49
[orch] link change t=330.0s bw=82 delay=18
[orch] link change t=330.0s bw=94 delay=81
[orch] link change t=330.0s bw=60 delay=48
[orch] link change t=330.0s bw=43 delay=20
[orch] link change t=330.0s bw=76 delay=28
[orch] link change t=330.0s bw=49 delay=26
[multi_ep_plot] saved -> /its/home/mm2350/extra/Olympusv2/benchmarks/benchmark_responsive_fairness/data/ma_dreamer_second_try/4_flows/run21/ep000021_bw31_d63_n1.pdf  return=323921.1
[ep_plot] ep=21 -> /its/home/mm2350/extra/Olympusv2/benchmarks/benchmark_responsive_fairness/data/ma_dreamer_second_try/4_flows/run21/ep000021_bw31_d63_n1.pdf  return=323921.09375
[responsive_fairness] slot=2 ma_dreamer_second_try flows=4 run=31
[responsive_fairness] ma_dreamer_second_try flows=4 run=21 done (71/200)
[slot=2] ep=31  env=responsive_fairness_join45_score300  bw=11Mbps  delay=70ms  duration=345s
[multi_ep_plot] saved -> /its/home/mm2350/extra/Olympusv2/benchmarks/benchmark_responsive_fairness/data/ma_dreamer_second_try/4_flows/run22/ep000022_bw27_d41_n1.pdf  return=370534.1
[ep_plot] ep=22 -> /its/home/mm2350/extra/Olympusv2/benchmarks/benchmark_responsive_fairness/data/ma_dreamer_second_try/4_flows/run22/ep000022_bw27_d41_n1.pdf  return=370534.0625
[responsive_fairness] slot=3 ma_dreamer_second_try flows=4 run=32
[responsive_fairness] ma_dreamer_second_try flows=4 run=22 done (72/200)
[slot=3] ep=32  env=responsive_fairness_join45_score300  bw=19Mbps  delay=37ms  duration=345s
[multi_ep_plot] saved -> /its/home/mm2350/extra/Olympusv2/benchmarks/benchmark_responsive_fairness/data/ma_dreamer_second_try/4_flows/run23/ep000023_bw47_d20_n1.pdf  return=357434.8
[ep_plot] ep=23 -> /its/home/mm2350/extra/Olympusv2/benchmarks/benchmark_responsive_fairness/data/ma_dreamer_second_try/4_flows/run23/ep000023_bw47_d20_n1.pdf  return=357434.8125
[responsive_fairness] slot=4 ma_dreamer_second_try flows=4 run=33
[responsive_fairness] ma_dreamer_second_try flows=4 run=23 done (73/200)
[slot=4] ep=33  env=responsive_fairness_join45_score300  bw=83Mbps  delay=31ms  duration=345s
[multi_ep_plot] saved -> /its/home/mm2350/extra/Olympusv2/benchmarks/benchmark_responsive_fairness/data/ma_dreamer_second_try/4_flows/run24/ep000024_bw59_d84_n1.pdf  return=347109.2
[ep_plot] ep=24 -> /its/home/mm2350/extra/Olympusv2/benchmarks/benchmark_responsive_fairness/data/ma_dreamer_second_try/4_flows/run24/ep000024_bw59_d84_n1.pdf  return=347109.15625
[responsive_fairness] slot=9 ma_dreamer_second_try flows=4 run=34
[responsive_fairness] ma_dreamer_second_try flows=4 run=24 done (74/200)
[slot=9] ep=34  env=responsive_fairness_join45_score300  bw=77Mbps  delay=55ms  duration=345s
[sao-listener] cport=23200 worker=/its/home/mm2350/extra/Olympusv2/olympus/algorithms/ma_dreamer/worker.py scan=20ms target_cc=astraea single_flow=1 no_state_pipe=1
[sao-listener] cport=23300 worker=/its/home/mm2350/extra/Olympusv2/olympus/algorithms/ma_dreamer/worker.py scan=20ms target_cc=astraea single_flow=1 no_state_pipe=1
[sao-listener] cport=23400 worker=/its/home/mm2350/extra/Olympusv2/olympus/algorithms/ma_dreamer/worker.py scan=20ms target_cc=astraea single_flow=1 no_state_pipe=1
[multi_ep_plot] saved -> /its/home/mm2350/extra/Olympusv2/benchmarks/benchmark_responsive_fairness/data/ma_dreamer_second_try/4_flows/run25/ep000025_bw58_d11_n1.pdf  return=371357.2
[ep_plot] ep=25 -> /its/home/mm2350/extra/Olympusv2/benchmarks/benchmark_responsive_fairness/data/ma_dreamer_second_try/4_flows/run25/ep000025_bw58_d11_n1.pdf  return=371357.1875
[responsive_fairness] slot=0 ma_dreamer_second_try flows=4 run=35
[responsive_fairness] ma_dreamer_second_try flows=4 run=25 done (75/200)
[slot=0] ep=35  env=responsive_fairness_join45_score300  bw=80Mbps  delay=52ms  duration=345s
[sao-listener] cport=23900 worker=/its/home/mm2350/extra/Olympusv2/olympus/algorithms/ma_dreamer/worker.py scan=20ms target_cc=astraea single_flow=1 no_state_pipe=1
[multi_ep_plot] saved -> /its/home/mm2350/extra/Olympusv2/benchmarks/benchmark_responsive_fairness/data/ma_dreamer_second_try/4_flows/run26/ep000026_bw35_d94_n1.pdf  return=355309.2
[ep_plot] ep=26 -> /its/home/mm2350/extra/Olympusv2/benchmarks/benchmark_responsive_fairness/data/ma_dreamer_second_try/4_flows/run26/ep000026_bw35_d94_n1.pdf  return=355309.1875
[responsive_fairness] slot=5 ma_dreamer_second_try flows=4 run=36
[responsive_fairness] ma_dreamer_second_try flows=4 run=26 done (76/200)
[slot=5] ep=36  env=responsive_fairness_join45_score300  bw=52Mbps  delay=17ms  duration=345s
[sao-listener] cport=23000 worker=/its/home/mm2350/extra/Olympusv2/olympus/algorithms/ma_dreamer/worker.py scan=20ms target_cc=astraea single_flow=1 no_state_pipe=1
[sao-listener] new flow 1 10.0.0.1:23400->10.0.0.5:5205 cc=astraea pid=652884 child=653314
[sao-listener] single-flow mode: attached worker; stopping ss scans
[sao-listener flow 1] cport=23400 cc=astraea worker active
[sao-listener] new flow 1 10.0.0.1:23200->10.0.0.5:5203 cc=astraea pid=652526 child=653378
[sao-listener] single-flow mode: attached worker; stopping ss scans
[sao-listener flow 1] cport=23200 cc=astraea worker active
[multi_ep_plot] saved -> /its/home/mm2350/extra/Olympusv2/benchmarks/benchmark_responsive_fairness/data/ma_dreamer_second_try/4_flows/run27/ep000027_bw93_d71_n1.pdf  return=333888.1
[ep_plot] ep=27 -> /its/home/mm2350/extra/Olympusv2/benchmarks/benchmark_responsive_fairness/data/ma_dreamer_second_try/4_flows/run27/ep000027_bw93_d71_n1.pdf  return=333888.125
[responsive_fairness] slot=1 ma_dreamer_second_try flows=4 run=37
[responsive_fairness] ma_dreamer_second_try flows=4 run=27 done (77/200)
[slot=1] ep=37  env=responsive_fairness_join45_score300  bw=97Mbps  delay=87ms  duration=345s
[sao-listener] cport=23500 worker=/its/home/mm2350/extra/Olympusv2/olympus/algorithms/ma_dreamer/worker.py scan=20ms target_cc=astraea single_flow=1 no_state_pipe=1
[sao-listener] new flow 1 10.0.0.1:23900->10.0.0.5:5210 cc=astraea pid=653282 child=653967
[sao-listener] single-flow mode: attached worker; stopping ss scans
[sao-listener flow 1] cport=23900 cc=astraea worker active
[sao-listener] new flow 1 10.0.0.1:23300->10.0.0.5:5204 cc=astraea pid=652722 child=654056
[sao-listener] single-flow mode: attached worker; stopping ss scans
[sao-listener flow 1] cport=23300 cc=astraea worker active
[multi_ep_plot] saved -> /its/home/mm2350/extra/Olympusv2/benchmarks/benchmark_responsive_fairness/data/ma_dreamer_second_try/4_flows/run28/ep000028_bw24_d26_n1.pdf  return=321546.3
[ep_plot] ep=28 -> /its/home/mm2350/extra/Olympusv2/benchmarks/benchmark_responsive_fairness/data/ma_dreamer_second_try/4_flows/run28/ep000028_bw24_d26_n1.pdf  return=321546.34375
[responsive_fairness] slot=6 ma_dreamer_second_try flows=4 run=38
[responsive_fairness] ma_dreamer_second_try flows=4 run=28 done (78/200)
[slot=6] ep=38  env=responsive_fairness_join45_score300  bw=91Mbps  delay=63ms  duration=345s
[worker cport=23400 agent=0] loaded checkpoint step=58994
[worker alg=ma_dreamer reward=tempest_fairness_ma cport=23400 agent=0 group=slot0_ep33 flow=1] started interval=20ms det=1 latent=8x8
[sao-listener] cport=23100 worker=/its/home/mm2350/extra/Olympusv2/olympus/algorithms/ma_dreamer/worker.py scan=20ms target_cc=astraea single_flow=1 no_state_pipe=1
[worker cport=23200 agent=0] loaded checkpoint step=58994
[worker alg=ma_dreamer reward=tempest_fairness_ma cport=23200 agent=0 group=slot0_ep31 flow=1] started interval=20ms det=1 latent=8x8
[multi_ep_plot] saved -> /its/home/mm2350/extra/Olympusv2/benchmarks/benchmark_responsive_fairness/data/ma_dreamer_second_try/4_flows/run29/ep000029_bw80_d19_n1.pdf  return=351123.1
[ep_plot] ep=29 -> /its/home/mm2350/extra/Olympusv2/benchmarks/benchmark_responsive_fairness/data/ma_dreamer_second_try/4_flows/run29/ep000029_bw80_d19_n1.pdf  return=351123.09375
[responsive_fairness] slot=8 ma_dreamer_second_try flows=4 run=39
[responsive_fairness] ma_dreamer_second_try flows=4 run=29 done (79/200)
[slot=8] ep=39  env=responsive_fairness_join45_score300  bw=36Mbps  delay=43ms  duration=345s
[multi_ep_plot] saved -> /its/home/mm2350/extra/Olympusv2/benchmarks/benchmark_responsive_fairness/data/ma_dreamer_second_try/4_flows/run30/ep000030_bw79_d47_n1.pdf  return=343745.8
[ep_plot] ep=30 -> /its/home/mm2350/extra/Olympusv2/benchmarks/benchmark_responsive_fairness/data/ma_dreamer_second_try/4_flows/run30/ep000030_bw79_d47_n1.pdf  return=343745.78125
[responsive_fairness] slot=7 ma_dreamer_second_try flows=4 run=40
[responsive_fairness] ma_dreamer_second_try flows=4 run=30 done (80/200)
[sao-listener] cport=23600 worker=/its/home/mm2350/extra/Olympusv2/olympus/algorithms/ma_dreamer/worker.py scan=20ms target_cc=astraea single_flow=1 no_state_pipe=1
[slot=7] ep=40  env=responsive_fairness_join45_score300  bw=68Mbps  delay=84ms  duration=345s
[worker cport=23900 agent=0] loaded checkpoint step=58994
[worker alg=ma_dreamer reward=tempest_fairness_ma cport=23900 agent=0 group=slot0_ep34 flow=1] started interval=20ms det=1 latent=8x8
[sao-listener] new flow 1 10.0.0.1:23000->10.0.0.5:5201 cc=astraea pid=653878 child=655266
[sao-listener] single-flow mode: attached worker; stopping ss scans
[sao-listener flow 1] cport=23000 cc=astraea worker active
[worker cport=23300 agent=0] loaded checkpoint step=58994
[worker alg=ma_dreamer reward=tempest_fairness_ma cport=23300 agent=0 group=slot0_ep32 flow=1] started interval=20ms det=1 latent=8x8
[sao-listener] cport=23800 worker=/its/home/mm2350/extra/Olympusv2/olympus/algorithms/ma_dreamer/worker.py scan=20ms target_cc=astraea single_flow=1 no_state_pipe=1
[sao-listener] cport=23700 worker=/its/home/mm2350/extra/Olympusv2/olympus/algorithms/ma_dreamer/worker.py scan=20ms target_cc=astraea single_flow=1 no_state_pipe=1
[worker cport=23000 agent=0] loaded checkpoint step=58994
[worker alg=ma_dreamer reward=tempest_fairness_ma cport=23000 agent=0 group=slot0_ep35 flow=1] started interval=20ms det=1 latent=8x8
[sao-listener] new flow 1 10.0.0.1:23500->10.0.0.5:5206 cc=astraea pid=654538 child=656373
[sao-listener] single-flow mode: attached worker; stopping ss scans
[sao-listener flow 1] cport=23500 cc=astraea worker active
[worker cport=23500 agent=0] loaded checkpoint step=58994
[worker alg=ma_dreamer reward=tempest_fairness_ma cport=23500 agent=0 group=slot0_ep36 flow=1] started interval=20ms det=1 latent=8x8
[sao-listener] new flow 1 10.0.0.1:23100->10.0.0.5:5202 cc=astraea pid=655203 child=656640
[sao-listener] single-flow mode: attached worker; stopping ss scans
[sao-listener flow 1] cport=23100 cc=astraea worker active
[worker cport=23100 agent=0] loaded checkpoint step=58994
[worker alg=ma_dreamer reward=tempest_fairness_ma cport=23100 agent=0 group=slot0_ep37 flow=1] started interval=20ms det=1 latent=8x8
[sao-listener] new flow 1 10.0.0.1:23600->10.0.0.5:5207 cc=astraea pid=655967 child=656859
[sao-listener] single-flow mode: attached worker; stopping ss scans
[sao-listener flow 1] cport=23600 cc=astraea worker active
[sao-listener] new flow 1 10.0.0.1:23800->10.0.0.5:5209 cc=astraea pid=656305 child=656938
[sao-listener] single-flow mode: attached worker; stopping ss scans
[sao-listener flow 1] cport=23800 cc=astraea worker active
[worker cport=23600 agent=0] loaded checkpoint step=58994
[worker alg=ma_dreamer reward=tempest_fairness_ma cport=23600 agent=0 group=slot0_ep38 flow=1] started interval=20ms det=1 latent=8x8
[sao-listener] new flow 1 10.0.0.1:23700->10.0.0.5:5208 cc=astraea pid=656445 child=657065
[sao-listener] single-flow mode: attached worker; stopping ss scans
[sao-listener flow 1] cport=23700 cc=astraea worker active
[worker cport=23800 agent=0] loaded checkpoint step=58994
[worker alg=ma_dreamer reward=tempest_fairness_ma cport=23800 agent=0 group=slot0_ep39 flow=1] started interval=20ms det=1 latent=8x8
[worker cport=23700 agent=0] loaded checkpoint step=58994
[worker alg=ma_dreamer reward=tempest_fairness_ma cport=23700 agent=0 group=slot0_ep40 flow=1] started interval=20ms det=1 latent=8x8
[orch] link change t=15.0s bw=24 delay=60
[orch] link change t=15.0s bw=28 delay=48
[orch] link change t=15.0s bw=90 delay=39
[orch] link change t=15.0s bw=84 delay=13
[orch] link change t=15.0s bw=26 delay=53
[orch] link change t=15.0s bw=12 delay=46
[orch] link change t=15.0s bw=21 delay=89
[orch] link change t=15.0s bw=64 delay=23
[orch] link change t=15.0s bw=59 delay=13
[orch] link change t=15.0s bw=77 delay=14
[orch] link change t=30.0s bw=28 delay=97
[orch] link change t=30.0s bw=99 delay=40
[orch] link change t=30.0s bw=45 delay=71
[orch] link change t=30.0s bw=39 delay=13
[orch] link change t=30.0s bw=29 delay=46
[orch] link change t=30.0s bw=20 delay=10
[orch] link change t=30.0s bw=95 delay=91
[orch] link change t=30.0s bw=18 delay=56
[orch] link change t=30.0s bw=34 delay=38
[orch] link change t=30.0s bw=41 delay=46
[orch] link change t=45.0s bw=15 delay=27
[orch] link change t=45.0s bw=73 delay=13
[orch] link change t=45.0s bw=93 delay=78
[orch] link change t=45.0s bw=59 delay=56
[orch] link change t=45.0s bw=65 delay=42
[orch] link change t=45.0s bw=74 delay=90
[orch] link change t=45.0s bw=75 delay=14
[orch] link change t=45.0s bw=99 delay=69
[orch] link change t=45.0s bw=60 delay=82
[orch] link change t=45.0s bw=95 delay=91
[orch] link change t=60.0s bw=24 delay=78
[orch] link change t=60.0s bw=14 delay=22
[orch] link change t=60.0s bw=77 delay=33
[orch] link change t=60.0s bw=18 delay=64
[orch] link change t=60.0s bw=82 delay=17
[orch] link change t=60.0s bw=32 delay=41
[orch] link change t=60.0s bw=90 delay=57
[orch] link change t=60.0s bw=57 delay=15
[orch] link change t=60.0s bw=10 delay=92
[orch] link change t=60.0s bw=95 delay=36
[orch] link change t=75.0s bw=39 delay=27
[orch] link change t=75.0s bw=51 delay=75
[orch] link change t=75.0s bw=93 delay=88
[orch] link change t=75.0s bw=49 delay=53
[orch] link change t=75.0s bw=77 delay=45
[orch] link change t=75.0s bw=44 delay=93
[orch] link change t=75.0s bw=66 delay=77
[orch] link change t=75.0s bw=87 delay=95
[orch] link change t=75.0s bw=42 delay=96
[orch] link change t=75.0s bw=26 delay=54
[orch] link change t=90.0s bw=28 delay=14
[orch] link change t=90.0s bw=52 delay=17
[orch] link change t=90.0s bw=74 delay=51
[orch] link change t=90.0s bw=22 delay=84
[orch] link change t=90.0s bw=93 delay=56
[orch] link change t=90.0s bw=65 delay=56
[orch] link change t=90.0s bw=23 delay=97
[orch] link change t=90.0s bw=31 delay=85
[orch] link change t=90.0s bw=55 delay=100
[orch] link change t=90.0s bw=45 delay=66
[orch] link change t=105.0s bw=94 delay=17
[orch] link change t=105.0s bw=76 delay=98
[orch] link change t=105.0s bw=97 delay=77
[orch] link change t=105.0s bw=75 delay=29
[orch] link change t=105.0s bw=84 delay=22
[orch] link change t=105.0s bw=81 delay=44
[orch] link change t=105.0s bw=68 delay=86
[orch] link change t=105.0s bw=54 delay=51
[orch] link change t=105.0s bw=32 delay=13
[orch] link change t=105.0s bw=13 delay=77
[orch] link change t=120.0s bw=27 delay=39
[orch] link change t=120.0s bw=70 delay=57
[orch] link change t=120.0s bw=71 delay=66
[orch] link change t=120.0s bw=22 delay=45
[orch] link change t=120.0s bw=56 delay=11
[orch] link change t=120.0s bw=79 delay=19
[orch] link change t=120.0s bw=46 delay=58
[orch] link change t=120.0s bw=44 delay=100
[orch] link change t=120.0s bw=47 delay=96
[orch] link change t=120.0s bw=26 delay=17
[orch] link change t=135.0s bw=78 delay=67
[orch] link change t=135.0s bw=86 delay=10
[orch] link change t=135.0s bw=46 delay=96
[orch] link change t=135.0s bw=54 delay=88
[orch] link change t=135.0s bw=75 delay=11
[orch] link change t=135.0s bw=83 delay=62
[orch] link change t=135.0s bw=64 delay=66
[orch] link change t=135.0s bw=52 delay=89
[orch] link change t=135.0s bw=19 delay=56
[orch] link change t=135.0s bw=92 delay=35
[orch] link change t=150.0s bw=77 delay=62
[orch] link change t=150.0s bw=79 delay=26
[orch] link change t=150.0s bw=91 delay=19
[orch] link change t=150.0s bw=10 delay=29
[orch] link change t=150.0s bw=22 delay=73
[orch] link change t=150.0s bw=72 delay=59
[orch] link change t=150.0s bw=28 delay=16
[orch] link change t=150.0s bw=49 delay=70
[orch] link change t=150.0s bw=11 delay=23
[orch] link change t=150.0s bw=89 delay=100
[orch] link change t=165.0s bw=36 delay=85
[orch] link change t=165.0s bw=77 delay=11
[orch] link change t=165.0s bw=48 delay=62
[orch] link change t=165.0s bw=77 delay=21
[orch] link change t=165.0s bw=57 delay=13
[orch] link change t=165.0s bw=54 delay=60
[orch] link change t=165.0s bw=21 delay=62
[orch] link change t=165.0s bw=84 delay=61
[orch] link change t=165.0s bw=64 delay=54
[orch] link change t=165.0s bw=68 delay=16
[orch] link change t=180.0s bw=21 delay=25
[orch] link change t=180.0s bw=72 delay=35
[orch] link change t=180.0s bw=49 delay=76
[orch] link change t=180.0s bw=17 delay=57
[orch] link change t=180.0s bw=53 delay=96
[orch] link change t=180.0s bw=41 delay=60
[orch] link change t=180.0s bw=19 delay=79
[orch] link change t=180.0s bw=38 delay=88
[orch] link change t=180.0s bw=64 delay=22
[orch] link change t=180.0s bw=32 delay=87
[orch] link change t=195.0s bw=12 delay=61
[orch] link change t=195.0s bw=46 delay=35
[orch] link change t=195.0s bw=73 delay=16
[orch] link change t=195.0s bw=42 delay=80
[orch] link change t=195.0s bw=73 delay=16
[orch] link change t=195.0s bw=31 delay=25
[orch] link change t=195.0s bw=46 delay=56
[orch] link change t=195.0s bw=20 delay=77
[orch] link change t=195.0s bw=60 delay=75
[orch] link change t=195.0s bw=50 delay=24
[orch] link change t=210.0s bw=53 delay=35
[orch] link change t=210.0s bw=67 delay=20
[orch] link change t=210.0s bw=87 delay=96
[orch] link change t=210.0s bw=100 delay=17
[orch] link change t=210.0s bw=12 delay=40
[orch] link change t=210.0s bw=75 delay=73
[orch] link change t=210.0s bw=92 delay=100
[orch] link change t=210.0s bw=72 delay=28
[orch] link change t=210.0s bw=84 delay=48
[orch] link change t=210.0s bw=42 delay=51
[orch] link change t=225.0s bw=36 delay=52
[orch] link change t=225.0s bw=52 delay=25
[orch] link change t=225.0s bw=64 delay=45
[orch] link change t=225.0s bw=59 delay=31
[orch] link change t=225.0s bw=51 delay=20
[orch] link change t=225.0s bw=99 delay=36
[orch] link change t=225.0s bw=65 delay=85
[orch] link change t=225.0s bw=65 delay=77
[orch] link change t=225.0s bw=44 delay=18
[orch] link change t=225.0s bw=28 delay=75
[orch] link change t=240.0s bw=60 delay=56
[orch] link change t=240.0s bw=14 delay=77
[orch] link change t=240.0s bw=50 delay=81
[orch] link change t=240.0s bw=85 delay=91
[orch] link change t=240.0s bw=30 delay=53
[orch] link change t=240.0s bw=77 delay=47
[orch] link change t=240.0s bw=82 delay=56
[orch] link change t=240.0s bw=41 delay=11
[orch] link change t=240.0s bw=68 delay=65
[orch] link change t=240.0s bw=97 delay=76
[orch] link change t=255.0s bw=86 delay=41
[orch] link change t=255.0s bw=24 delay=30
[orch] link change t=255.0s bw=97 delay=41
[orch] link change t=255.0s bw=49 delay=47
[orch] link change t=255.0s bw=31 delay=82
[orch] link change t=255.0s bw=33 delay=72
[orch] link change t=255.0s bw=91 delay=100
[orch] link change t=255.0s bw=58 delay=57
[orch] link change t=255.0s bw=42 delay=83
[orch] link change t=255.0s bw=22 delay=62
[orch] link change t=270.0s bw=36 delay=37
[orch] link change t=270.0s bw=66 delay=12
[orch] link change t=270.0s bw=25 delay=17
[orch] link change t=270.0s bw=58 delay=50
[orch] link change t=270.0s bw=19 delay=71
[orch] link change t=270.0s bw=100 delay=85
[orch] link change t=270.0s bw=83 delay=14
[orch] link change t=270.0s bw=78 delay=97
[orch] link change t=270.0s bw=51 delay=82
[orch] link change t=270.0s bw=16 delay=50
[orch] link change t=285.0s bw=63 delay=84
[orch] link change t=285.0s bw=65 delay=16
[orch] link change t=285.0s bw=50 delay=46
[orch] link change t=285.0s bw=37 delay=36
[orch] link change t=285.0s bw=56 delay=20
[orch] link change t=285.0s bw=51 delay=80
[orch] link change t=285.0s bw=77 delay=89
[orch] link change t=285.0s bw=88 delay=74
[orch] link change t=285.0s bw=10 delay=100
[orch] link change t=285.0s bw=52 delay=39
[orch] link change t=300.0s bw=94 delay=80
[orch] link change t=300.0s bw=14 delay=81
[orch] link change t=300.0s bw=37 delay=18
[orch] link change t=300.0s bw=67 delay=78
[orch] link change t=300.0s bw=47 delay=30
[orch] link change t=300.0s bw=31 delay=10
[orch] link change t=300.0s bw=37 delay=74
[orch] link change t=300.0s bw=13 delay=28
[orch] link change t=300.0s bw=15 delay=93
[orch] link change t=300.0s bw=29 delay=49
[orch] link change t=315.0s bw=17 delay=16
[orch] link change t=315.0s bw=55 delay=39
[orch] link change t=315.0s bw=56 delay=25
[orch] link change t=315.0s bw=32 delay=87
[orch] link change t=315.0s bw=83 delay=19
[orch] link change t=315.0s bw=86 delay=59
[orch] link change t=315.0s bw=63 delay=18
[orch] link change t=315.0s bw=70 delay=23
[orch] link change t=315.0s bw=34 delay=89
[orch] link change t=315.0s bw=30 delay=76
[orch] link change t=330.0s bw=33 delay=55
[orch] link change t=330.0s bw=30 delay=69
[orch] link change t=330.0s bw=93 delay=51
[orch] link change t=330.0s bw=26 delay=83
[orch] link change t=330.0s bw=96 delay=26
[orch] link change t=330.0s bw=73 delay=27
[orch] link change t=330.0s bw=11 delay=10
[orch] link change t=330.0s bw=42 delay=24
[orch] link change t=330.0s bw=89 delay=71
[orch] link change t=330.0s bw=49 delay=99
[multi_ep_plot] saved -> /its/home/mm2350/extra/Olympusv2/benchmarks/benchmark_responsive_fairness/data/ma_dreamer_second_try/4_flows/run31/ep000031_bw11_d70_n1.pdf  return=320654.3
[ep_plot] ep=31 -> /its/home/mm2350/extra/Olympusv2/benchmarks/benchmark_responsive_fairness/data/ma_dreamer_second_try/4_flows/run31/ep000031_bw11_d70_n1.pdf  return=320654.28125
[responsive_fairness] slot=2 ma_dreamer_second_try flows=4 run=41
[responsive_fairness] ma_dreamer_second_try flows=4 run=31 done (81/200)
[slot=2] ep=41  env=responsive_fairness_join45_score300  bw=58Mbps  delay=52ms  duration=345s
[multi_ep_plot] saved -> /its/home/mm2350/extra/Olympusv2/benchmarks/benchmark_responsive_fairness/data/ma_dreamer_second_try/4_flows/run32/ep000032_bw19_d37_n1.pdf  return=342142.4
[ep_plot] ep=32 -> /its/home/mm2350/extra/Olympusv2/benchmarks/benchmark_responsive_fairness/data/ma_dreamer_second_try/4_flows/run32/ep000032_bw19_d37_n1.pdf  return=342142.375
[responsive_fairness] slot=3 ma_dreamer_second_try flows=4 run=42
[responsive_fairness] ma_dreamer_second_try flows=4 run=32 done (82/200)
[slot=3] ep=42  env=responsive_fairness_join45_score300  bw=91Mbps  delay=24ms  duration=345s
[multi_ep_plot] saved -> /its/home/mm2350/extra/Olympusv2/benchmarks/benchmark_responsive_fairness/data/ma_dreamer_second_try/4_flows/run33/ep000033_bw83_d31_n1.pdf  return=354497.6
[ep_plot] ep=33 -> /its/home/mm2350/extra/Olympusv2/benchmarks/benchmark_responsive_fairness/data/ma_dreamer_second_try/4_flows/run33/ep000033_bw83_d31_n1.pdf  return=354497.625
[responsive_fairness] slot=4 ma_dreamer_second_try flows=4 run=43
[responsive_fairness] ma_dreamer_second_try flows=4 run=33 done (83/200)
[slot=4] ep=43  env=responsive_fairness_join45_score300  bw=14Mbps  delay=46ms  duration=345s
[multi_ep_plot] saved -> /its/home/mm2350/extra/Olympusv2/benchmarks/benchmark_responsive_fairness/data/ma_dreamer_second_try/4_flows/run34/ep000034_bw77_d55_n1.pdf  return=349266.8
[ep_plot] ep=34 -> /its/home/mm2350/extra/Olympusv2/benchmarks/benchmark_responsive_fairness/data/ma_dreamer_second_try/4_flows/run34/ep000034_bw77_d55_n1.pdf  return=349266.84375
[responsive_fairness] slot=9 ma_dreamer_second_try flows=4 run=44
[responsive_fairness] ma_dreamer_second_try flows=4 run=34 done (84/200)
[sao-listener] cport=23200 worker=/its/home/mm2350/extra/Olympusv2/olympus/algorithms/ma_dreamer/worker.py scan=20ms target_cc=astraea single_flow=1 no_state_pipe=1
[slot=9] ep=44  env=responsive_fairness_join45_score300  bw=62Mbps  delay=76ms  duration=345s
[sao-listener] cport=23300 worker=/its/home/mm2350/extra/Olympusv2/olympus/algorithms/ma_dreamer/worker.py scan=20ms target_cc=astraea single_flow=1 no_state_pipe=1
[sao-listener] cport=23400 worker=/its/home/mm2350/extra/Olympusv2/olympus/algorithms/ma_dreamer/worker.py scan=20ms target_cc=astraea single_flow=1 no_state_pipe=1
[multi_ep_plot] saved -> /its/home/mm2350/extra/Olympusv2/benchmarks/benchmark_responsive_fairness/data/ma_dreamer_second_try/4_flows/run35/ep000035_bw80_d52_n1.pdf  return=346748.7
[ep_plot] ep=35 -> /its/home/mm2350/extra/Olympusv2/benchmarks/benchmark_responsive_fairness/data/ma_dreamer_second_try/4_flows/run35/ep000035_bw80_d52_n1.pdf  return=346748.65625
[responsive_fairness] slot=0 ma_dreamer_second_try flows=4 run=45
[responsive_fairness] ma_dreamer_second_try flows=4 run=35 done (85/200)
[slot=0] ep=45  env=responsive_fairness_join45_score300  bw=44Mbps  delay=63ms  duration=345s
[sao-listener] cport=23900 worker=/its/home/mm2350/extra/Olympusv2/olympus/algorithms/ma_dreamer/worker.py scan=20ms target_cc=astraea single_flow=1 no_state_pipe=1
[multi_ep_plot] saved -> /its/home/mm2350/extra/Olympusv2/benchmarks/benchmark_responsive_fairness/data/ma_dreamer_second_try/4_flows/run36/ep000036_bw52_d17_n1.pdf  return=345169.4
[ep_plot] ep=36 -> /its/home/mm2350/extra/Olympusv2/benchmarks/benchmark_responsive_fairness/data/ma_dreamer_second_try/4_flows/run36/ep000036_bw52_d17_n1.pdf  return=345169.40625
[responsive_fairness] slot=5 ma_dreamer_second_try flows=4 run=46
[responsive_fairness] ma_dreamer_second_try flows=4 run=36 done (86/200)
[slot=5] ep=46  env=responsive_fairness_join45_score300  bw=19Mbps  delay=61ms  duration=345s
[sao-listener] cport=23000 worker=/its/home/mm2350/extra/Olympusv2/olympus/algorithms/ma_dreamer/worker.py scan=20ms target_cc=astraea single_flow=1 no_state_pipe=1
[sao-listener] new flow 1 10.0.0.1:23200->10.0.0.5:5203 cc=astraea pid=660991 child=661900
[sao-listener] single-flow mode: attached worker; stopping ss scans
[sao-listener flow 1] cport=23200 cc=astraea worker active
[multi_ep_plot] saved -> /its/home/mm2350/extra/Olympusv2/benchmarks/benchmark_responsive_fairness/data/ma_dreamer_second_try/4_flows/run37/ep000037_bw97_d87_n1.pdf  return=354802.9
[ep_plot] ep=37 -> /its/home/mm2350/extra/Olympusv2/benchmarks/benchmark_responsive_fairness/data/ma_dreamer_second_try/4_flows/run37/ep000037_bw97_d87_n1.pdf  return=354802.9375
[responsive_fairness] slot=1 ma_dreamer_second_try flows=4 run=47
[responsive_fairness] ma_dreamer_second_try flows=4 run=37 done (87/200)
[slot=1] ep=47  env=responsive_fairness_join45_score300  bw=55Mbps  delay=18ms  duration=345s
[sao-listener] cport=23500 worker=/its/home/mm2350/extra/Olympusv2/olympus/algorithms/ma_dreamer/worker.py scan=20ms target_cc=astraea single_flow=1 no_state_pipe=1
[sao-listener] new flow 1 10.0.0.1:23900->10.0.0.5:5210 cc=astraea pid=661739 child=662586
[sao-listener] single-flow mode: attached worker; stopping ss scans
[sao-listener flow 1] cport=23900 cc=astraea worker active
[multi_ep_plot] saved -> /its/home/mm2350/extra/Olympusv2/benchmarks/benchmark_responsive_fairness/data/ma_dreamer_second_try/4_flows/run38/ep000038_bw91_d63_n1.pdf  return=357495.1
[ep_plot] ep=38 -> /its/home/mm2350/extra/Olympusv2/benchmarks/benchmark_responsive_fairness/data/ma_dreamer_second_try/4_flows/run38/ep000038_bw91_d63_n1.pdf  return=357495.125
[responsive_fairness] slot=6 ma_dreamer_second_try flows=4 run=48
[responsive_fairness] ma_dreamer_second_try flows=4 run=38 done (88/200)
[slot=6] ep=48  env=responsive_fairness_join45_score300  bw=80Mbps  delay=50ms  duration=345s
[sao-listener] cport=23100 worker=/its/home/mm2350/extra/Olympusv2/olympus/algorithms/ma_dreamer/worker.py scan=20ms target_cc=astraea single_flow=1 no_state_pipe=1
[worker cport=23200 agent=0] loaded checkpoint step=58994
[worker alg=ma_dreamer reward=tempest_fairness_ma cport=23200 agent=0 group=slot0_ep41 flow=1] started interval=20ms det=1 latent=8x8
[multi_ep_plot] saved -> /its/home/mm2350/extra/Olympusv2/benchmarks/benchmark_responsive_fairness/data/ma_dreamer_second_try/4_flows/run39/ep000039_bw36_d43_n1.pdf  return=336010.4
[ep_plot] ep=39 -> /its/home/mm2350/extra/Olympusv2/benchmarks/benchmark_responsive_fairness/data/ma_dreamer_second_try/4_flows/run39/ep000039_bw36_d43_n1.pdf  return=336010.40625
[sao-listener] new flow 1 10.0.0.1:23300->10.0.0.5:5204 cc=astraea pid=661271 child=663003
[sao-listener] single-flow mode: attached worker; stopping ss scans
[sao-listener flow 1] cport=23300 cc=astraea worker active
[responsive_fairness] slot=8 ma_dreamer_second_try flows=4 run=49
[responsive_fairness] ma_dreamer_second_try flows=4 run=39 done (89/200)
[slot=8] ep=49  env=responsive_fairness_join45_score300  bw=18Mbps  delay=54ms  duration=345s
[sao-listener] cport=23600 worker=/its/home/mm2350/extra/Olympusv2/olympus/algorithms/ma_dreamer/worker.py scan=20ms target_cc=astraea single_flow=1 no_state_pipe=1
[multi_ep_plot] saved -> /its/home/mm2350/extra/Olympusv2/benchmarks/benchmark_responsive_fairness/data/ma_dreamer_second_try/4_flows/run40/ep000040_bw68_d84_n1.pdf  return=349466.0
[ep_plot] ep=40 -> /its/home/mm2350/extra/Olympusv2/benchmarks/benchmark_responsive_fairness/data/ma_dreamer_second_try/4_flows/run40/ep000040_bw68_d84_n1.pdf  return=349466.0
[responsive_fairness] slot=7 ma_dreamer_second_try flows=4 run=50
[responsive_fairness] ma_dreamer_second_try flows=4 run=40 done (90/200)
[slot=7] ep=50  env=responsive_fairness_join45_score300  bw=73Mbps  delay=44ms  duration=345s
[sao-listener] new flow 1 10.0.0.1:23400->10.0.0.5:5205 cc=astraea pid=661353 child=663739
[sao-listener] single-flow mode: attached worker; stopping ss scans
[sao-listener flow 1] cport=23400 cc=astraea worker active
[worker cport=23900 agent=0] loaded checkpoint step=58994
[worker alg=ma_dreamer reward=tempest_fairness_ma cport=23900 agent=0 group=slot0_ep44 flow=1] started interval=20ms det=1 latent=8x8
[sao-listener] new flow 1 10.0.0.1:23000->10.0.0.5:5201 cc=astraea pid=662463 child=663945
[sao-listener] single-flow mode: attached worker; stopping ss scans
[sao-listener flow 1] cport=23000 cc=astraea worker active
[sao-listener] cport=23800 worker=/its/home/mm2350/extra/Olympusv2/olympus/algorithms/ma_dreamer/worker.py scan=20ms target_cc=astraea single_flow=1 no_state_pipe=1
[worker cport=23300 agent=0] loaded checkpoint step=58994
[worker alg=ma_dreamer reward=tempest_fairness_ma cport=23300 agent=0 group=slot0_ep42 flow=1] started interval=20ms det=1 latent=8x8
[sao-listener] cport=23700 worker=/its/home/mm2350/extra/Olympusv2/olympus/algorithms/ma_dreamer/worker.py scan=20ms target_cc=astraea single_flow=1 no_state_pipe=1
[worker cport=23400 agent=0] loaded checkpoint step=58994
[worker alg=ma_dreamer reward=tempest_fairness_ma cport=23400 agent=0 group=slot0_ep43 flow=1] started interval=20ms det=1 latent=8x8
[sao-listener] new flow 1 10.0.0.1:23500->10.0.0.5:5206 cc=astraea pid=662937 child=664861
[sao-listener] single-flow mode: attached worker; stopping ss scans
[sao-listener flow 1] cport=23500 cc=astraea worker active
[worker cport=23000 agent=0] loaded checkpoint step=58994
[worker alg=ma_dreamer reward=tempest_fairness_ma cport=23000 agent=0 group=slot0_ep45 flow=1] started interval=20ms det=1 latent=8x8
[worker cport=23500 agent=0] loaded checkpoint step=58994
[worker alg=ma_dreamer reward=tempest_fairness_ma cport=23500 agent=0 group=slot0_ep46 flow=1] started interval=20ms det=1 latent=8x8
[sao-listener] new flow 1 10.0.0.1:23100->10.0.0.5:5202 cc=astraea pid=663438 child=665212
[sao-listener] single-flow mode: attached worker; stopping ss scans
[sao-listener flow 1] cport=23100 cc=astraea worker active
[worker cport=23100 agent=0] loaded checkpoint step=58994
[worker alg=ma_dreamer reward=tempest_fairness_ma cport=23100 agent=0 group=slot0_ep47 flow=1] started interval=20ms det=1 latent=8x8
[sao-listener] new flow 1 10.0.0.1:23600->10.0.0.5:5207 cc=astraea pid=664372 child=665417
[sao-listener] single-flow mode: attached worker; stopping ss scans
[sao-listener flow 1] cport=23600 cc=astraea worker active
[sao-listener] new flow 1 10.0.0.1:23800->10.0.0.5:5209 cc=astraea pid=664786 child=665511
[sao-listener] single-flow mode: attached worker; stopping ss scans
[sao-listener flow 1] cport=23800 cc=astraea worker active
[worker cport=23600 agent=0] loaded checkpoint step=58994
[worker alg=ma_dreamer reward=tempest_fairness_ma cport=23600 agent=0 group=slot0_ep48 flow=1] started interval=20ms det=1 latent=8x8
[sao-listener] new flow 1 10.0.0.1:23700->10.0.0.5:5208 cc=astraea pid=665062 child=665632
[sao-listener] single-flow mode: attached worker; stopping ss scans
[sao-listener flow 1] cport=23700 cc=astraea worker active
[worker cport=23800 agent=0] loaded checkpoint step=58994
[worker alg=ma_dreamer reward=tempest_fairness_ma cport=23800 agent=0 group=slot0_ep49 flow=1] started interval=20ms det=1 latent=8x8
[worker cport=23700 agent=0] loaded checkpoint step=58994
[worker alg=ma_dreamer reward=tempest_fairness_ma cport=23700 agent=0 group=slot0_ep50 flow=1] started interval=20ms det=1 latent=8x8
[orch] link change t=15.0s bw=39 delay=31
[orch] link change t=15.0s bw=13 delay=45
[orch] link change t=15.0s bw=99 delay=28
[orch] link change t=15.0s bw=79 delay=99
[orch] link change t=15.0s bw=72 delay=42
[orch] link change t=15.0s bw=15 delay=85
[orch] link change t=15.0s bw=65 delay=80
[orch] link change t=15.0s bw=26 delay=81
[orch] link change t=15.0s bw=62 delay=24
[orch] link change t=15.0s bw=56 delay=91
[orch] link change t=30.0s bw=59 delay=83
[orch] link change t=30.0s bw=41 delay=38
[orch] link change t=30.0s bw=69 delay=57
[orch] link change t=30.0s bw=24 delay=32
[orch] link change t=30.0s bw=20 delay=48
[orch] link change t=30.0s bw=85 delay=39
[orch] link change t=30.0s bw=68 delay=83
[orch] link change t=30.0s bw=78 delay=48
[orch] link change t=30.0s bw=51 delay=80
[orch] link change t=30.0s bw=41 delay=98
[orch] link change t=45.0s bw=98 delay=46
[orch] link change t=45.0s bw=27 delay=23
[orch] link change t=45.0s bw=95 delay=99
[orch] link change t=45.0s bw=58 delay=38
[orch] link change t=45.0s bw=53 delay=12
[orch] link change t=45.0s bw=91 delay=76
[orch] link change t=45.0s bw=53 delay=42
[orch] link change t=45.0s bw=74 delay=34
[orch] link change t=45.0s bw=75 delay=16
[orch] link change t=45.0s bw=70 delay=52
[orch] link change t=60.0s bw=80 delay=45
[orch] link change t=60.0s bw=96 delay=79
[orch] link change t=60.0s bw=22 delay=68
[orch] link change t=60.0s bw=47 delay=13
[orch] link change t=60.0s bw=19 delay=71
[orch] link change t=60.0s bw=29 delay=84
[orch] link change t=60.0s bw=75 delay=59
[orch] link change t=60.0s bw=65 delay=31
[orch] link change t=60.0s bw=97 delay=15
[orch] link change t=60.0s bw=20 delay=78
[orch] link change t=75.0s bw=59 delay=83
[orch] link change t=75.0s bw=21 delay=85
[orch] link change t=75.0s bw=86 delay=73
[orch] link change t=75.0s bw=38 delay=24
[orch] link change t=75.0s bw=11 delay=24
[orch] link change t=75.0s bw=78 delay=14
[orch] link change t=75.0s bw=60 delay=88
[orch] link change t=75.0s bw=29 delay=94
[orch] link change t=75.0s bw=45 delay=29
[orch] link change t=75.0s bw=50 delay=38
[orch] link change t=90.0s bw=11 delay=41
[orch] link change t=90.0s bw=64 delay=14
[orch] link change t=90.0s bw=87 delay=12
[orch] link change t=90.0s bw=82 delay=11
[orch] link change t=90.0s bw=46 delay=25
[orch] link change t=90.0s bw=13 delay=18
[orch] link change t=90.0s bw=15 delay=63
[orch] link change t=90.0s bw=23 delay=73
[orch] link change t=90.0s bw=68 delay=15
[orch] link change t=90.0s bw=96 delay=81
[orch] link change t=105.0s bw=94 delay=12
[orch] link change t=105.0s bw=13 delay=21
[orch] link change t=105.0s bw=75 delay=65
[orch] link change t=105.0s bw=22 delay=30
[orch] link change t=105.0s bw=49 delay=93
[orch] link change t=105.0s bw=50 delay=90
[orch] link change t=105.0s bw=94 delay=13
[orch] link change t=105.0s bw=93 delay=38
[orch] link change t=105.0s bw=90 delay=79
[orch] link change t=105.0s bw=20 delay=29
[orch] link change t=120.0s bw=66 delay=29
[orch] link change t=120.0s bw=37 delay=39
[orch] link change t=120.0s bw=83 delay=57
[orch] link change t=120.0s bw=75 delay=98
[orch] link change t=120.0s bw=14 delay=89
[orch] link change t=120.0s bw=16 delay=13
[orch] link change t=120.0s bw=23 delay=10
[orch] link change t=120.0s bw=37 delay=75
[orch] link change t=120.0s bw=74 delay=38
[orch] link change t=120.0s bw=54 delay=22
[orch] link change t=135.0s bw=29 delay=50
[orch] link change t=135.0s bw=74 delay=87
[orch] link change t=135.0s bw=89 delay=80
[orch] link change t=135.0s bw=48 delay=98
[orch] link change t=135.0s bw=18 delay=27
[orch] link change t=135.0s bw=27 delay=80
[orch] link change t=135.0s bw=43 delay=71
[orch] link change t=135.0s bw=81 delay=75
[orch] link change t=135.0s bw=87 delay=46
[orch] link change t=135.0s bw=54 delay=50
[orch] link change t=150.0s bw=31 delay=42
[orch] link change t=150.0s bw=13 delay=81
[orch] link change t=150.0s bw=65 delay=60
[orch] link change t=150.0s bw=91 delay=58
[orch] link change t=150.0s bw=44 delay=29
[orch] link change t=150.0s bw=47 delay=77
[orch] link change t=150.0s bw=79 delay=11
[orch] link change t=150.0s bw=29 delay=70
[orch] link change t=150.0s bw=83 delay=57
[orch] link change t=150.0s bw=38 delay=34
[orch] link change t=165.0s bw=93 delay=98
[orch] link change t=165.0s bw=35 delay=93
[orch] link change t=165.0s bw=32 delay=17
[orch] link change t=165.0s bw=85 delay=61
[orch] link change t=165.0s bw=37 delay=64
[orch] link change t=165.0s bw=52 delay=21
[orch] link change t=165.0s bw=50 delay=82
[orch] link change t=165.0s bw=37 delay=13
[orch] link change t=165.0s bw=61 delay=13
[orch] link change t=165.0s bw=18 delay=52
[orch] link change t=180.0s bw=89 delay=84
[orch] link change t=180.0s bw=99 delay=79
[orch] link change t=180.0s bw=23 delay=25
[orch] link change t=180.0s bw=98 delay=95
[orch] link change t=180.0s bw=19 delay=88
[orch] link change t=180.0s bw=60 delay=100
[orch] link change t=180.0s bw=64 delay=39
[orch] link change t=180.0s bw=19 delay=64
[orch] link change t=180.0s bw=41 delay=27
[orch] link change t=180.0s bw=87 delay=87
[orch] link change t=195.0s bw=17 delay=25
[orch] link change t=195.0s bw=63 delay=38
[orch] link change t=195.0s bw=58 delay=29
[orch] link change t=195.0s bw=51 delay=55
[orch] link change t=195.0s bw=62 delay=28
[orch] link change t=195.0s bw=71 delay=56
[orch] link change t=195.0s bw=40 delay=76
[orch] link change t=195.0s bw=18 delay=26
[orch] link change t=195.0s bw=22 delay=64
[orch] link change t=195.0s bw=64 delay=91
[orch] link change t=210.0s bw=85 delay=14
[orch] link change t=210.0s bw=67 delay=85
[orch] link change t=210.0s bw=22 delay=30
[orch] link change t=210.0s bw=19 delay=53
[orch] link change t=210.0s bw=99 delay=17
[orch] link change t=210.0s bw=29 delay=70
[orch] link change t=210.0s bw=75 delay=55
[orch] link change t=210.0s bw=73 delay=96
[orch] link change t=210.0s bw=58 delay=51
[orch] link change t=210.0s bw=21 delay=18
[orch] link change t=225.0s bw=65 delay=46
[orch] link change t=225.0s bw=45 delay=10
[orch] link change t=225.0s bw=75 delay=73
[orch] link change t=225.0s bw=46 delay=89
[orch] link change t=225.0s bw=14 delay=32
[orch] link change t=225.0s bw=69 delay=19
[orch] link change t=225.0s bw=66 delay=40
[orch] link change t=225.0s bw=30 delay=26
[orch] link change t=225.0s bw=55 delay=44
[orch] link change t=225.0s bw=98 delay=87
[orch] link change t=240.0s bw=37 delay=19
[orch] link change t=240.0s bw=30 delay=99
[orch] link change t=240.0s bw=26 delay=59
[orch] link change t=240.0s bw=30 delay=24
[orch] link change t=240.0s bw=51 delay=42
[orch] link change t=240.0s bw=68 delay=99
[orch] link change t=240.0s bw=14 delay=81
[orch] link change t=240.0s bw=17 delay=99
[orch] link change t=240.0s bw=93 delay=61
[orch] link change t=240.0s bw=52 delay=98
[orch] link change t=255.0s bw=56 delay=70
[orch] link change t=255.0s bw=64 delay=53
[orch] link change t=255.0s bw=86 delay=74
[orch] link change t=255.0s bw=75 delay=18
[orch] link change t=255.0s bw=55 delay=50
[orch] link change t=255.0s bw=79 delay=89
[orch] link change t=255.0s bw=57 delay=98
[orch] link change t=255.0s bw=80 delay=47
[orch] link change t=255.0s bw=88 delay=89
[orch] link change t=255.0s bw=92 delay=65
[orch] link change t=270.0s bw=26 delay=81
[orch] link change t=270.0s bw=45 delay=29
[orch] link change t=270.0s bw=44 delay=83
[orch] link change t=270.0s bw=85 delay=22
[orch] link change t=270.0s bw=22 delay=62
[orch] link change t=270.0s bw=24 delay=65
[orch] link change t=270.0s bw=55 delay=86
[orch] link change t=270.0s bw=53 delay=99
[orch] link change t=270.0s bw=16 delay=94
[orch] link change t=270.0s bw=10 delay=39
[orch] link change t=285.0s bw=95 delay=12
[orch] link change t=285.0s bw=37 delay=53
[orch] link change t=285.0s bw=33 delay=58
[orch] link change t=285.0s bw=44 delay=50
[orch] link change t=285.0s bw=21 delay=12
[orch] link change t=285.0s bw=38 delay=53
[orch] link change t=285.0s bw=53 delay=81
[orch] link change t=285.0s bw=53 delay=22
[orch] link change t=285.0s bw=62 delay=98
[orch] link change t=285.0s bw=53 delay=44
[orch] link change t=300.0s bw=25 delay=22
[orch] link change t=300.0s bw=23 delay=21
[orch] link change t=300.0s bw=18 delay=16
[orch] link change t=300.0s bw=23 delay=90
[orch] link change t=300.0s bw=52 delay=50
[orch] link change t=300.0s bw=74 delay=66
[orch] link change t=300.0s bw=83 delay=35
[orch] link change t=300.0s bw=40 delay=44
[orch] link change t=300.0s bw=79 delay=88
[orch] link change t=300.0s bw=65 delay=99
[orch] link change t=315.0s bw=28 delay=98
[orch] link change t=315.0s bw=58 delay=22
[orch] link change t=315.0s bw=84 delay=17
[orch] link change t=315.0s bw=47 delay=14
[orch] link change t=315.0s bw=59 delay=99
[orch] link change t=315.0s bw=45 delay=29
[orch] link change t=315.0s bw=40 delay=14
[orch] link change t=315.0s bw=43 delay=92
[orch] link change t=315.0s bw=36 delay=93
[orch] link change t=315.0s bw=23 delay=35
[orch] link change t=330.0s bw=32 delay=16
[orch] link change t=330.0s bw=55 delay=54
[orch] link change t=330.0s bw=33 delay=17
[orch] link change t=330.0s bw=54 delay=59
[orch] link change t=330.0s bw=77 delay=94
[orch] link change t=330.0s bw=23 delay=86
[orch] link change t=330.0s bw=26 delay=52
[orch] link change t=330.0s bw=11 delay=83
[orch] link change t=330.0s bw=18 delay=82
[orch] link change t=330.0s bw=66 delay=44
[multi_ep_plot] saved -> /its/home/mm2350/extra/Olympusv2/benchmarks/benchmark_responsive_fairness/data/ma_dreamer_second_try/4_flows/run41/ep000041_bw58_d52_n1.pdf  return=345232.7
[ep_plot] ep=41 -> /its/home/mm2350/extra/Olympusv2/benchmarks/benchmark_responsive_fairness/data/ma_dreamer_second_try/4_flows/run41/ep000041_bw58_d52_n1.pdf  return=345232.71875
[responsive_fairness] slot=2 ma_dreamer_second_try flows=5 run=1
[responsive_fairness] ma_dreamer_second_try flows=4 run=41 done (91/200)
[slot=2] ep=1  env=responsive_fairness_join45_score300  bw=27Mbps  delay=82ms  duration=345s
[multi_ep_plot] saved -> /its/home/mm2350/extra/Olympusv2/benchmarks/benchmark_responsive_fairness/data/ma_dreamer_second_try/4_flows/run42/ep000042_bw91_d24_n1.pdf  return=335774.1
[ep_plot] ep=42 -> /its/home/mm2350/extra/Olympusv2/benchmarks/benchmark_responsive_fairness/data/ma_dreamer_second_try/4_flows/run42/ep000042_bw91_d24_n1.pdf  return=335774.125
[responsive_fairness] slot=3 ma_dreamer_second_try flows=5 run=2
[responsive_fairness] ma_dreamer_second_try flows=4 run=42 done (92/200)
[slot=3] ep=2  env=responsive_fairness_join45_score300  bw=17Mbps  delay=21ms  duration=345s
[multi_ep_plot] saved -> /its/home/mm2350/extra/Olympusv2/benchmarks/benchmark_responsive_fairness/data/ma_dreamer_second_try/4_flows/run43/ep000043_bw14_d46_n1.pdf  return=346819.4
[ep_plot] ep=43 -> /its/home/mm2350/extra/Olympusv2/benchmarks/benchmark_responsive_fairness/data/ma_dreamer_second_try/4_flows/run43/ep000043_bw14_d46_n1.pdf  return=346819.40625
[responsive_fairness] slot=4 ma_dreamer_second_try flows=5 run=3
[responsive_fairness] ma_dreamer_second_try flows=4 run=43 done (93/200)
[slot=4] ep=3  env=responsive_fairness_join45_score300  bw=40Mbps  delay=85ms  duration=345s
[multi_ep_plot] saved -> /its/home/mm2350/extra/Olympusv2/benchmarks/benchmark_responsive_fairness/data/ma_dreamer_second_try/4_flows/run44/ep000044_bw62_d76_n1.pdf  return=334566.8
[ep_plot] ep=44 -> /its/home/mm2350/extra/Olympusv2/benchmarks/benchmark_responsive_fairness/data/ma_dreamer_second_try/4_flows/run44/ep000044_bw62_d76_n1.pdf  return=334566.75
[responsive_fairness] slot=9 ma_dreamer_second_try flows=5 run=4
[responsive_fairness] ma_dreamer_second_try flows=4 run=44 done (94/200)
[slot=9] ep=4  env=responsive_fairness_join45_score300  bw=40Mbps  delay=48ms  duration=345s
[sao-listener] cport=23200 worker=/its/home/mm2350/extra/Olympusv2/olympus/algorithms/ma_dreamer/worker.py scan=20ms target_cc=astraea single_flow=1 no_state_pipe=1
[multi_ep_plot] saved -> /its/home/mm2350/extra/Olympusv2/benchmarks/benchmark_responsive_fairness/data/ma_dreamer_second_try/4_flows/run45/ep000045_bw44_d63_n1.pdf  return=319892.2
[ep_plot] ep=45 -> /its/home/mm2350/extra/Olympusv2/benchmarks/benchmark_responsive_fairness/data/ma_dreamer_second_try/4_flows/run45/ep000045_bw44_d63_n1.pdf  return=319892.25
[responsive_fairness] slot=0 ma_dreamer_second_try flows=5 run=5
[responsive_fairness] ma_dreamer_second_try flows=4 run=45 done (95/200)
[sao-listener] cport=23300 worker=/its/home/mm2350/extra/Olympusv2/olympus/algorithms/ma_dreamer/worker.py scan=20ms target_cc=astraea single_flow=1 no_state_pipe=1
[slot=0] ep=5  env=responsive_fairness_join45_score300  bw=89Mbps  delay=42ms  duration=345s
[sao-listener] cport=23400 worker=/its/home/mm2350/extra/Olympusv2/olympus/algorithms/ma_dreamer/worker.py scan=20ms target_cc=astraea single_flow=1 no_state_pipe=1
[multi_ep_plot] saved -> /its/home/mm2350/extra/Olympusv2/benchmarks/benchmark_responsive_fairness/data/ma_dreamer_second_try/4_flows/run46/ep000046_bw19_d61_n1.pdf  return=356641.8
[ep_plot] ep=46 -> /its/home/mm2350/extra/Olympusv2/benchmarks/benchmark_responsive_fairness/data/ma_dreamer_second_try/4_flows/run46/ep000046_bw19_d61_n1.pdf  return=356641.75
[sao-listener] cport=23900 worker=/its/home/mm2350/extra/Olympusv2/olympus/algorithms/ma_dreamer/worker.py scan=20ms target_cc=astraea single_flow=1 no_state_pipe=1
[responsive_fairness] slot=5 ma_dreamer_second_try flows=5 run=6
[responsive_fairness] ma_dreamer_second_try flows=4 run=46 done (96/200)
[slot=5] ep=6  env=responsive_fairness_join45_score300  bw=83Mbps  delay=20ms  duration=345s
[sao-listener] cport=23000 worker=/its/home/mm2350/extra/Olympusv2/olympus/algorithms/ma_dreamer/worker.py scan=20ms target_cc=astraea single_flow=1 no_state_pipe=1
[multi_ep_plot] saved -> /its/home/mm2350/extra/Olympusv2/benchmarks/benchmark_responsive_fairness/data/ma_dreamer_second_try/4_flows/run47/ep000047_bw55_d18_n1.pdf  return=331922.3
[ep_plot] ep=47 -> /its/home/mm2350/extra/Olympusv2/benchmarks/benchmark_responsive_fairness/data/ma_dreamer_second_try/4_flows/run47/ep000047_bw55_d18_n1.pdf  return=331922.28125
[responsive_fairness] slot=1 ma_dreamer_second_try flows=5 run=7
[responsive_fairness] ma_dreamer_second_try flows=4 run=47 done (97/200)
[slot=1] ep=7  env=responsive_fairness_join45_score300  bw=51Mbps  delay=29ms  duration=345s
[sao-listener] cport=23500 worker=/its/home/mm2350/extra/Olympusv2/olympus/algorithms/ma_dreamer/worker.py scan=20ms target_cc=astraea single_flow=1 no_state_pipe=1
[sao-listener] new flow 1 10.0.0.1:23200->10.0.0.6:5203 cc=astraea pid=669894 child=671360
[sao-listener] single-flow mode: attached worker; stopping ss scans
[sao-listener flow 1] cport=23200 cc=astraea worker active
[multi_ep_plot] saved -> /its/home/mm2350/extra/Olympusv2/benchmarks/benchmark_responsive_fairness/data/ma_dreamer_second_try/4_flows/run48/ep000048_bw80_d50_n1.pdf  return=336015.1
[ep_plot] ep=48 -> /its/home/mm2350/extra/Olympusv2/benchmarks/benchmark_responsive_fairness/data/ma_dreamer_second_try/4_flows/run48/ep000048_bw80_d50_n1.pdf  return=336015.09375
[responsive_fairness] slot=6 ma_dreamer_second_try flows=5 run=8
[responsive_fairness] ma_dreamer_second_try flows=4 run=48 done (98/200)
[slot=6] ep=8  env=responsive_fairness_join45_score300  bw=39Mbps  delay=57ms  duration=345s
[sao-listener] cport=23100 worker=/its/home/mm2350/extra/Olympusv2/olympus/algorithms/ma_dreamer/worker.py scan=20ms target_cc=astraea single_flow=1 no_state_pipe=1
[multi_ep_plot] saved -> /its/home/mm2350/extra/Olympusv2/benchmarks/benchmark_responsive_fairness/data/ma_dreamer_second_try/4_flows/run49/ep000049_bw18_d54_n1.pdf  return=364445.9
[ep_plot] ep=49 -> /its/home/mm2350/extra/Olympusv2/benchmarks/benchmark_responsive_fairness/data/ma_dreamer_second_try/4_flows/run49/ep000049_bw18_d54_n1.pdf  return=364445.875
[responsive_fairness] slot=8 ma_dreamer_second_try flows=5 run=9
[responsive_fairness] ma_dreamer_second_try flows=4 run=49 done (99/200)
[slot=8] ep=9  env=responsive_fairness_join45_score300  bw=69Mbps  delay=88ms  duration=345s
[sao-listener] new flow 1 10.0.0.1:23900->10.0.0.6:5210 cc=astraea pid=670837 child=672047
[sao-listener] single-flow mode: attached worker; stopping ss scans
[sao-listener flow 1] cport=23900 cc=astraea worker active
[multi_ep_plot] saved -> /its/home/mm2350/extra/Olympusv2/benchmarks/benchmark_responsive_fairness/data/ma_dreamer_second_try/4_flows/run50/ep000050_bw73_d44_n1.pdf  return=334512.8
[ep_plot] ep=50 -> /its/home/mm2350/extra/Olympusv2/benchmarks/benchmark_responsive_fairness/data/ma_dreamer_second_try/4_flows/run50/ep000050_bw73_d44_n1.pdf  return=334512.75
[responsive_fairness] slot=7 ma_dreamer_second_try flows=5 run=10
[responsive_fairness] ma_dreamer_second_try flows=4 run=50 done (100/200)
[worker cport=23200 agent=0] loaded checkpoint step=58994
[worker alg=ma_dreamer reward=tempest_fairness_ma cport=23200 agent=0 group=slot0_ep1 flow=1] started interval=20ms det=1 latent=8x8
[slot=7] ep=10  env=responsive_fairness_join45_score300  bw=83Mbps  delay=14ms  duration=345s
[sao-listener] cport=23600 worker=/its/home/mm2350/extra/Olympusv2/olympus/algorithms/ma_dreamer/worker.py scan=20ms target_cc=astraea single_flow=1 no_state_pipe=1
[sao-listener] new flow 1 10.0.0.1:23300->10.0.0.6:5204 cc=astraea pid=670324 child=673171
[sao-listener] single-flow mode: attached worker; stopping ss scans
[sao-listener flow 1] cport=23300 cc=astraea worker active
[sao-listener] cport=23800 worker=/its/home/mm2350/extra/Olympusv2/olympus/algorithms/ma_dreamer/worker.py scan=20ms target_cc=astraea single_flow=1 no_state_pipe=1
[sao-listener] new flow 1 10.0.0.1:23000->10.0.0.6:5201 cc=astraea pid=671326 child=673434
[sao-listener] single-flow mode: attached worker; stopping ss scans
[sao-listener flow 1] cport=23000 cc=astraea worker active
[worker cport=23900 agent=0] loaded checkpoint step=58994
[worker alg=ma_dreamer reward=tempest_fairness_ma cport=23900 agent=0 group=slot0_ep4 flow=1] started interval=20ms det=1 latent=8x8
[sao-listener] cport=23700 worker=/its/home/mm2350/extra/Olympusv2/olympus/algorithms/ma_dreamer/worker.py scan=20ms target_cc=astraea single_flow=1 no_state_pipe=1
[sao-listener] new flow 1 10.0.0.1:23400->10.0.0.6:5205 cc=astraea pid=670563 child=674071
[sao-listener] single-flow mode: attached worker; stopping ss scans
[sao-listener flow 1] cport=23400 cc=astraea worker active
[worker cport=23300 agent=0] loaded checkpoint step=58994
[worker alg=ma_dreamer reward=tempest_fairness_ma cport=23300 agent=0 group=slot0_ep2 flow=1] started interval=20ms det=1 latent=8x8
[worker cport=23000 agent=0] loaded checkpoint step=58994
[worker alg=ma_dreamer reward=tempest_fairness_ma cport=23000 agent=0 group=slot0_ep5 flow=1] started interval=20ms det=1 latent=8x8
[sao-listener] new flow 1 10.0.0.1:23500->10.0.0.6:5206 cc=astraea pid=671905 child=674312
[sao-listener] single-flow mode: attached worker; stopping ss scans
[sao-listener flow 1] cport=23500 cc=astraea worker active
[worker cport=23400 agent=0] loaded checkpoint step=58994
[worker alg=ma_dreamer reward=tempest_fairness_ma cport=23400 agent=0 group=slot0_ep3 flow=1] started interval=20ms det=1 latent=8x8
[worker cport=23500 agent=0] loaded checkpoint step=58994
[worker alg=ma_dreamer reward=tempest_fairness_ma cport=23500 agent=0 group=slot0_ep6 flow=1] started interval=20ms det=1 latent=8x8
[sao-listener] new flow 1 10.0.0.1:23100->10.0.0.6:5202 cc=astraea pid=672566 child=674683
[sao-listener] single-flow mode: attached worker; stopping ss scans
[sao-listener flow 1] cport=23100 cc=astraea worker active
[worker cport=23100 agent=0] loaded checkpoint step=58994
[worker alg=ma_dreamer reward=tempest_fairness_ma cport=23100 agent=0 group=slot0_ep7 flow=1] started interval=20ms det=1 latent=8x8
[sao-listener] new flow 1 10.0.0.1:23600->10.0.0.6:5207 cc=astraea pid=673465 child=674861
[sao-listener] single-flow mode: attached worker; stopping ss scans
[sao-listener flow 1] cport=23600 cc=astraea worker active
[sao-listener] new flow 1 10.0.0.1:23800->10.0.0.6:5209 cc=astraea pid=674041 child=675001
[sao-listener] single-flow mode: attached worker; stopping ss scans
[sao-listener flow 1] cport=23800 cc=astraea worker active
[worker cport=23600 agent=0] loaded checkpoint step=58994
[worker alg=ma_dreamer reward=tempest_fairness_ma cport=23600 agent=0 group=slot0_ep8 flow=1] started interval=20ms det=1 latent=8x8
[sao-listener] new flow 1 10.0.0.1:23700->10.0.0.6:5208 cc=astraea pid=674193 child=675072
[sao-listener] single-flow mode: attached worker; stopping ss scans
[sao-listener flow 1] cport=23700 cc=astraea worker active
[worker cport=23800 agent=0] loaded checkpoint step=58994
[worker alg=ma_dreamer reward=tempest_fairness_ma cport=23800 agent=0 group=slot0_ep9 flow=1] started interval=20ms det=1 latent=8x8
[worker cport=23700 agent=0] loaded checkpoint step=58994
[worker alg=ma_dreamer reward=tempest_fairness_ma cport=23700 agent=0 group=slot0_ep10 flow=1] started interval=20ms det=1 latent=8x8
[orch] link change t=15.0s bw=18 delay=42
[orch] link change t=15.0s bw=20 delay=56
[orch] link change t=15.0s bw=79 delay=26
[orch] link change t=15.0s bw=23 delay=60
[orch] link change t=15.0s bw=55 delay=98
[orch] link change t=15.0s bw=72 delay=43
[orch] link change t=15.0s bw=60 delay=93
[orch] link change t=15.0s bw=58 delay=26
[orch] link change t=15.0s bw=57 delay=44
[orch] link change t=15.0s bw=64 delay=71
[orch] link change t=30.0s bw=25 delay=73
[orch] link change t=30.0s bw=31 delay=95
[orch] link change t=30.0s bw=57 delay=87
[orch] link change t=30.0s bw=71 delay=29
[orch] link change t=30.0s bw=93 delay=77
[orch] link change t=30.0s bw=14 delay=10
[orch] link change t=30.0s bw=16 delay=19
[orch] link change t=30.0s bw=34 delay=100
[orch] link change t=30.0s bw=27 delay=33
[orch] link change t=30.0s bw=83 delay=11
[orch] link change t=45.0s bw=67 delay=70
[orch] link change t=45.0s bw=49 delay=42
[orch] link change t=45.0s bw=70 delay=90
[orch] link change t=45.0s bw=21 delay=18
[orch] link change t=45.0s bw=13 delay=69
[orch] link change t=45.0s bw=28 delay=94
[orch] link change t=45.0s bw=78 delay=22
[orch] link change t=45.0s bw=15 delay=20
[orch] link change t=45.0s bw=96 delay=10
[orch] link change t=45.0s bw=36 delay=69
[orch] link change t=60.0s bw=93 delay=58
[orch] link change t=60.0s bw=87 delay=37
[orch] link change t=60.0s bw=84 delay=18
[orch] link change t=60.0s bw=12 delay=61
[orch] link change t=60.0s bw=41 delay=93
[orch] link change t=60.0s bw=85 delay=70
[orch] link change t=60.0s bw=56 delay=84
[orch] link change t=60.0s bw=27 delay=41
[orch] link change t=60.0s bw=53 delay=74
[orch] link change t=60.0s bw=72 delay=45
[orch] link change t=75.0s bw=36 delay=22
[orch] link change t=75.0s bw=87 delay=14
[orch] link change t=75.0s bw=87 delay=11
[orch] link change t=75.0s bw=80 delay=47
[orch] link change t=75.0s bw=16 delay=30
[orch] link change t=75.0s bw=57 delay=50
[orch] link change t=75.0s bw=17 delay=74
[orch] link change t=75.0s bw=74 delay=36
[orch] link change t=75.0s bw=69 delay=87
[orch] link change t=75.0s bw=93 delay=30
[orch] link change t=90.0s bw=72 delay=13
[orch] link change t=90.0s bw=84 delay=97
[orch] link change t=90.0s bw=70 delay=43
[orch] link change t=90.0s bw=17 delay=38
[orch] link change t=90.0s bw=24 delay=57
[orch] link change t=90.0s bw=12 delay=44
[orch] link change t=90.0s bw=37 delay=14
[orch] link change t=90.0s bw=61 delay=92
[orch] link change t=90.0s bw=20 delay=52
[orch] link change t=90.0s bw=14 delay=76
[orch] link change t=105.0s bw=59 delay=65
[orch] link change t=105.0s bw=30 delay=65
[orch] link change t=105.0s bw=80 delay=39
[orch] link change t=105.0s bw=76 delay=78
[orch] link change t=105.0s bw=70 delay=41
[orch] link change t=105.0s bw=72 delay=35
[orch] link change t=105.0s bw=21 delay=65
[orch] link change t=105.0s bw=13 delay=68
[orch] link change t=105.0s bw=80 delay=88
[orch] link change t=105.0s bw=72 delay=51
[orch] link change t=120.0s bw=87 delay=10
[orch] link change t=120.0s bw=91 delay=60
[orch] link change t=120.0s bw=34 delay=70
[orch] link change t=120.0s bw=56 delay=45
[orch] link change t=120.0s bw=58 delay=79
[orch] link change t=120.0s bw=62 delay=78
[orch] link change t=120.0s bw=63 delay=18
[orch] link change t=120.0s bw=72 delay=68
[orch] link change t=120.0s bw=99 delay=15
[orch] link change t=120.0s bw=19 delay=41
[orch] link change t=135.0s bw=99 delay=67
[orch] link change t=135.0s bw=75 delay=57
[orch] link change t=135.0s bw=79 delay=80
[orch] link change t=135.0s bw=32 delay=23
[orch] link change t=135.0s bw=23 delay=83
[orch] link change t=135.0s bw=79 delay=97
[orch] link change t=135.0s bw=40 delay=21
[orch] link change t=135.0s bw=59 delay=73
[orch] link change t=135.0s bw=58 delay=31
[orch] link change t=135.0s bw=56 delay=15
[orch] link change t=150.0s bw=44 delay=39
[orch] link change t=150.0s bw=79 delay=66
[orch] link change t=150.0s bw=70 delay=60
[orch] link change t=150.0s bw=43 delay=37
[orch] link change t=150.0s bw=41 delay=11
[orch] link change t=150.0s bw=22 delay=34
[orch] link change t=150.0s bw=80 delay=64
[orch] link change t=150.0s bw=83 delay=34
[orch] link change t=150.0s bw=100 delay=67
[orch] link change t=150.0s bw=63 delay=27
[orch] link change t=165.0s bw=85 delay=23
[orch] link change t=165.0s bw=74 delay=44
[orch] link change t=165.0s bw=91 delay=29
[orch] link change t=165.0s bw=13 delay=92
[orch] link change t=165.0s bw=37 delay=62
[orch] link change t=165.0s bw=82 delay=80
[orch] link change t=165.0s bw=17 delay=82
[orch] link change t=165.0s bw=61 delay=21
[orch] link change t=165.0s bw=64 delay=30
[orch] link change t=165.0s bw=87 delay=55
[orch] link change t=180.0s bw=50 delay=13
[orch] link change t=180.0s bw=14 delay=13
[orch] link change t=180.0s bw=39 delay=91
[orch] link change t=180.0s bw=43 delay=44
[orch] link change t=180.0s bw=45 delay=33
[orch] link change t=180.0s bw=99 delay=43
[orch] link change t=180.0s bw=25 delay=38
[orch] link change t=180.0s bw=72 delay=39
[orch] link change t=180.0s bw=31 delay=40
[orch] link change t=180.0s bw=58 delay=63
[orch] link change t=195.0s bw=12 delay=13
[orch] link change t=195.0s bw=56 delay=69
[orch] link change t=195.0s bw=29 delay=76
[orch] link change t=195.0s bw=34 delay=31
[orch] link change t=195.0s bw=59 delay=30
[orch] link change t=195.0s bw=94 delay=88
[orch] link change t=195.0s bw=90 delay=90
[orch] link change t=195.0s bw=12 delay=99
[orch] link change t=195.0s bw=16 delay=24
[orch] link change t=195.0s bw=46 delay=96
[orch] link change t=210.0s bw=93 delay=79
[orch] link change t=210.0s bw=50 delay=58
[orch] link change t=210.0s bw=59 delay=11
[orch] link change t=210.0s bw=49 delay=47
[orch] link change t=210.0s bw=19 delay=27
[orch] link change t=210.0s bw=97 delay=21
[orch] link change t=210.0s bw=84 delay=17
[orch] link change t=210.0s bw=44 delay=76
[orch] link change t=210.0s bw=26 delay=74
[orch] link change t=210.0s bw=43 delay=68
[orch] link change t=225.0s bw=11 delay=58
[orch] link change t=225.0s bw=64 delay=77
[orch] link change t=225.0s bw=95 delay=18
[orch] link change t=225.0s bw=90 delay=57
[orch] link change t=225.0s bw=89 delay=89
[orch] link change t=225.0s bw=64 delay=52
[orch] link change t=225.0s bw=83 delay=84
[orch] link change t=225.0s bw=62 delay=70
[orch] link change t=225.0s bw=85 delay=18
[orch] link change t=225.0s bw=32 delay=97
[orch] link change t=240.0s bw=97 delay=37
[orch] link change t=240.0s bw=31 delay=81
[orch] link change t=240.0s bw=30 delay=85
[orch] link change t=240.0s bw=21 delay=87
[orch] link change t=240.0s bw=66 delay=26
[orch] link change t=240.0s bw=21 delay=56
[orch] link change t=240.0s bw=60 delay=16
[orch] link change t=240.0s bw=58 delay=24
[orch] link change t=240.0s bw=98 delay=59
[orch] link change t=240.0s bw=48 delay=94
[orch] link change t=255.0s bw=64 delay=13
[orch] link change t=255.0s bw=32 delay=40
[orch] link change t=255.0s bw=15 delay=48
[orch] link change t=255.0s bw=53 delay=95
[orch] link change t=255.0s bw=26 delay=10
[orch] link change t=255.0s bw=62 delay=42
[orch] link change t=255.0s bw=38 delay=15
[orch] link change t=255.0s bw=94 delay=43
[orch] link change t=255.0s bw=23 delay=47
[orch] link change t=255.0s bw=56 delay=27
[orch] link change t=270.0s bw=77 delay=38
[orch] link change t=270.0s bw=39 delay=13
[orch] link change t=270.0s bw=13 delay=44
[orch] link change t=270.0s bw=59 delay=74
[orch] link change t=270.0s bw=10 delay=36
[orch] link change t=270.0s bw=66 delay=99
[orch] link change t=270.0s bw=81 delay=27
[orch] link change t=270.0s bw=22 delay=18
[orch] link change t=270.0s bw=36 delay=96
[orch] link change t=270.0s bw=68 delay=40
[orch] link change t=285.0s bw=66 delay=73
[orch] link change t=285.0s bw=32 delay=51
[orch] link change t=285.0s bw=70 delay=86
[orch] link change t=285.0s bw=41 delay=32
[orch] link change t=285.0s bw=37 delay=31
[orch] link change t=285.0s bw=22 delay=35
[orch] link change t=285.0s bw=47 delay=63
[orch] link change t=285.0s bw=59 delay=89
[orch] link change t=285.0s bw=38 delay=63
[orch] link change t=285.0s bw=66 delay=88
[orch] link change t=300.0s bw=80 delay=39
[orch] link change t=300.0s bw=32 delay=27
[orch] link change t=300.0s bw=59 delay=64
[orch] link change t=300.0s bw=41 delay=70
[orch] link change t=300.0s bw=31 delay=47
[orch] link change t=300.0s bw=99 delay=91
[orch] link change t=300.0s bw=28 delay=79
[orch] link change t=300.0s bw=58 delay=23
[orch] link change t=300.0s bw=21 delay=44
[orch] link change t=300.0s bw=58 delay=15
[orch] link change t=315.0s bw=54 delay=39
[orch] link change t=315.0s bw=75 delay=75
[orch] link change t=315.0s bw=60 delay=83
[orch] link change t=315.0s bw=45 delay=21
[orch] link change t=315.0s bw=50 delay=35
[orch] link change t=315.0s bw=47 delay=22
[orch] link change t=315.0s bw=25 delay=83
[orch] link change t=315.0s bw=94 delay=17
[orch] link change t=315.0s bw=36 delay=60
[orch] link change t=315.0s bw=84 delay=10
[orch] link change t=330.0s bw=96 delay=38
[orch] link change t=330.0s bw=56 delay=75
[orch] link change t=330.0s bw=66 delay=27
[orch] link change t=330.0s bw=80 delay=48
[orch] link change t=330.0s bw=79 delay=96
[orch] link change t=330.0s bw=15 delay=85
[orch] link change t=330.0s bw=49 delay=81
[orch] link change t=330.0s bw=53 delay=40
[orch] link change t=330.0s bw=45 delay=53
[orch] link change t=330.0s bw=40 delay=27
[multi_ep_plot] saved -> /its/home/mm2350/extra/Olympusv2/benchmarks/benchmark_responsive_fairness/data/ma_dreamer_second_try/5_flows/run1/ep000001_bw27_d82_n1.pdf  return=310026.5
[ep_plot] ep=1 -> /its/home/mm2350/extra/Olympusv2/benchmarks/benchmark_responsive_fairness/data/ma_dreamer_second_try/5_flows/run1/ep000001_bw27_d82_n1.pdf  return=310026.53125
[responsive_fairness] slot=2 ma_dreamer_second_try flows=5 run=11
[responsive_fairness] ma_dreamer_second_try flows=5 run=1 done (101/200)
[slot=2] ep=11  env=responsive_fairness_join45_score300  bw=67Mbps  delay=81ms  duration=345s
[multi_ep_plot] saved -> /its/home/mm2350/extra/Olympusv2/benchmarks/benchmark_responsive_fairness/data/ma_dreamer_second_try/5_flows/run2/ep000002_bw17_d21_n1.pdf  return=338777.4
[ep_plot] ep=2 -> /its/home/mm2350/extra/Olympusv2/benchmarks/benchmark_responsive_fairness/data/ma_dreamer_second_try/5_flows/run2/ep000002_bw17_d21_n1.pdf  return=338777.4375
[responsive_fairness] slot=3 ma_dreamer_second_try flows=5 run=12
[responsive_fairness] ma_dreamer_second_try flows=5 run=2 done (102/200)
[slot=3] ep=12  env=responsive_fairness_join45_score300  bw=70Mbps  delay=44ms  duration=345s
[multi_ep_plot] saved -> /its/home/mm2350/extra/Olympusv2/benchmarks/benchmark_responsive_fairness/data/ma_dreamer_second_try/5_flows/run3/ep000003_bw40_d85_n1.pdf  return=351169.0
[ep_plot] ep=3 -> /its/home/mm2350/extra/Olympusv2/benchmarks/benchmark_responsive_fairness/data/ma_dreamer_second_try/5_flows/run3/ep000003_bw40_d85_n1.pdf  return=351169.03125
[responsive_fairness] slot=4 ma_dreamer_second_try flows=5 run=13
[responsive_fairness] ma_dreamer_second_try flows=5 run=3 done (103/200)
[slot=4] ep=13  env=responsive_fairness_join45_score300  bw=43Mbps  delay=47ms  duration=345s
[multi_ep_plot] saved -> /its/home/mm2350/extra/Olympusv2/benchmarks/benchmark_responsive_fairness/data/ma_dreamer_second_try/5_flows/run4/ep000004_bw40_d48_n1.pdf  return=321296.2
[ep_plot] ep=4 -> /its/home/mm2350/extra/Olympusv2/benchmarks/benchmark_responsive_fairness/data/ma_dreamer_second_try/5_flows/run4/ep000004_bw40_d48_n1.pdf  return=321296.25
[responsive_fairness] slot=9 ma_dreamer_second_try flows=5 run=14
[responsive_fairness] ma_dreamer_second_try flows=5 run=4 done (104/200)
[slot=9] ep=14  env=responsive_fairness_join45_score300  bw=23Mbps  delay=88ms  duration=345s
[sao-listener] cport=23200 worker=/its/home/mm2350/extra/Olympusv2/olympus/algorithms/ma_dreamer/worker.py scan=20ms target_cc=astraea single_flow=1 no_state_pipe=1
[multi_ep_plot] saved -> /its/home/mm2350/extra/Olympusv2/benchmarks/benchmark_responsive_fairness/data/ma_dreamer_second_try/5_flows/run5/ep000005_bw89_d42_n1.pdf  return=285146.4
[ep_plot] ep=5 -> /its/home/mm2350/extra/Olympusv2/benchmarks/benchmark_responsive_fairness/data/ma_dreamer_second_try/5_flows/run5/ep000005_bw89_d42_n1.pdf  return=285146.375
[responsive_fairness] slot=0 ma_dreamer_second_try flows=5 run=15
[responsive_fairness] ma_dreamer_second_try flows=5 run=5 done (105/200)
[slot=0] ep=15  env=responsive_fairness_join45_score300  bw=36Mbps  delay=11ms  duration=345s
[sao-listener] cport=23300 worker=/its/home/mm2350/extra/Olympusv2/olympus/algorithms/ma_dreamer/worker.py scan=20ms target_cc=astraea single_flow=1 no_state_pipe=1
[sao-listener] cport=23400 worker=/its/home/mm2350/extra/Olympusv2/olympus/algorithms/ma_dreamer/worker.py scan=20ms target_cc=astraea single_flow=1 no_state_pipe=1
[sao-listener] cport=23900 worker=/its/home/mm2350/extra/Olympusv2/olympus/algorithms/ma_dreamer/worker.py scan=20ms target_cc=astraea single_flow=1 no_state_pipe=1
[multi_ep_plot] saved -> /its/home/mm2350/extra/Olympusv2/benchmarks/benchmark_responsive_fairness/data/ma_dreamer_second_try/5_flows/run6/ep000006_bw83_d20_n1.pdf  return=311766.4
[ep_plot] ep=6 -> /its/home/mm2350/extra/Olympusv2/benchmarks/benchmark_responsive_fairness/data/ma_dreamer_second_try/5_flows/run6/ep000006_bw83_d20_n1.pdf  return=311766.4375
[responsive_fairness] slot=5 ma_dreamer_second_try flows=5 run=16
[responsive_fairness] ma_dreamer_second_try flows=5 run=6 done (106/200)
[slot=5] ep=16  env=responsive_fairness_join45_score300  bw=56Mbps  delay=70ms  duration=345s
[sao-listener] cport=23000 worker=/its/home/mm2350/extra/Olympusv2/olympus/algorithms/ma_dreamer/worker.py scan=20ms target_cc=astraea single_flow=1 no_state_pipe=1
[multi_ep_plot] saved -> /its/home/mm2350/extra/Olympusv2/benchmarks/benchmark_responsive_fairness/data/ma_dreamer_second_try/5_flows/run7/ep000007_bw51_d29_n1.pdf  return=328532.1
[ep_plot] ep=7 -> /its/home/mm2350/extra/Olympusv2/benchmarks/benchmark_responsive_fairness/data/ma_dreamer_second_try/5_flows/run7/ep000007_bw51_d29_n1.pdf  return=328532.09375
[responsive_fairness] slot=1 ma_dreamer_second_try flows=5 run=17
[responsive_fairness] ma_dreamer_second_try flows=5 run=7 done (107/200)
[slot=1] ep=17  env=responsive_fairness_join45_score300  bw=76Mbps  delay=63ms  duration=345s
[sao-listener] cport=23500 worker=/its/home/mm2350/extra/Olympusv2/olympus/algorithms/ma_dreamer/worker.py scan=20ms target_cc=astraea single_flow=1 no_state_pipe=1
[sao-listener] new flow 1 10.0.0.1:23200->10.0.0.6:5203 cc=astraea pid=679354 child=680875
[sao-listener] single-flow mode: attached worker; stopping ss scans
[sao-listener flow 1] cport=23200 cc=astraea worker active
[multi_ep_plot] saved -> /its/home/mm2350/extra/Olympusv2/benchmarks/benchmark_responsive_fairness/data/ma_dreamer_second_try/5_flows/run8/ep000008_bw39_d57_n1.pdf  return=360808.6
[ep_plot] ep=8 -> /its/home/mm2350/extra/Olympusv2/benchmarks/benchmark_responsive_fairness/data/ma_dreamer_second_try/5_flows/run8/ep000008_bw39_d57_n1.pdf  return=360808.625
[responsive_fairness] slot=6 ma_dreamer_second_try flows=5 run=18
[responsive_fairness] ma_dreamer_second_try flows=5 run=8 done (108/200)
[slot=6] ep=18  env=responsive_fairness_join45_score300  bw=33Mbps  delay=25ms  duration=345s
[sao-listener] cport=23100 worker=/its/home/mm2350/extra/Olympusv2/olympus/algorithms/ma_dreamer/worker.py scan=20ms target_cc=astraea single_flow=1 no_state_pipe=1
[sao-listener] new flow 1 10.0.0.1:23900->10.0.0.6:5210 cc=astraea pid=680337 child=681716
[sao-listener] single-flow mode: attached worker; stopping ss scans
[sao-listener flow 1] cport=23900 cc=astraea worker active
[multi_ep_plot] saved -> /its/home/mm2350/extra/Olympusv2/benchmarks/benchmark_responsive_fairness/data/ma_dreamer_second_try/5_flows/run9/ep000009_bw69_d88_n1.pdf  return=334845.6
[ep_plot] ep=9 -> /its/home/mm2350/extra/Olympusv2/benchmarks/benchmark_responsive_fairness/data/ma_dreamer_second_try/5_flows/run9/ep000009_bw69_d88_n1.pdf  return=334845.625
[responsive_fairness] slot=8 ma_dreamer_second_try flows=5 run=19
[responsive_fairness] ma_dreamer_second_try flows=5 run=9 done (109/200)
[slot=8] ep=19  env=responsive_fairness_join45_score300  bw=96Mbps  delay=15ms  duration=345s
[worker cport=23200 agent=0] loaded checkpoint step=58994
[worker alg=ma_dreamer reward=tempest_fairness_ma cport=23200 agent=0 group=slot0_ep11 flow=1] started interval=20ms det=1 latent=8x8
[multi_ep_plot] saved -> /its/home/mm2350/extra/Olympusv2/benchmarks/benchmark_responsive_fairness/data/ma_dreamer_second_try/5_flows/run10/ep000010_bw83_d14_n1.pdf  return=366850.5
[ep_plot] ep=10 -> /its/home/mm2350/extra/Olympusv2/benchmarks/benchmark_responsive_fairness/data/ma_dreamer_second_try/5_flows/run10/ep000010_bw83_d14_n1.pdf  return=366850.46875
[responsive_fairness] slot=7 ma_dreamer_second_try flows=5 run=20
[responsive_fairness] ma_dreamer_second_try flows=5 run=10 done (110/200)
[slot=7] ep=20  env=responsive_fairness_join45_score300  bw=97Mbps  delay=29ms  duration=345s
[sao-listener] cport=23600 worker=/its/home/mm2350/extra/Olympusv2/olympus/algorithms/ma_dreamer/worker.py scan=20ms target_cc=astraea single_flow=1 no_state_pipe=1
[sao-listener] new flow 1 10.0.0.1:23300->10.0.0.6:5204 cc=astraea pid=679858 child=682714
[sao-listener] single-flow mode: attached worker; stopping ss scans
[sao-listener flow 1] cport=23300 cc=astraea worker active
[sao-listener] cport=23800 worker=/its/home/mm2350/extra/Olympusv2/olympus/algorithms/ma_dreamer/worker.py scan=20ms target_cc=astraea single_flow=1 no_state_pipe=1
[worker cport=23900 agent=0] loaded checkpoint step=58994
[worker alg=ma_dreamer reward=tempest_fairness_ma cport=23900 agent=0 group=slot0_ep14 flow=1] started interval=20ms det=1 latent=8x8
[sao-listener] new flow 1 10.0.0.1:23000->10.0.0.6:5201 cc=astraea pid=680859 child=683074
[sao-listener] single-flow mode: attached worker; stopping ss scans
[sao-listener flow 1] cport=23000 cc=astraea worker active
[sao-listener] new flow 1 10.0.0.1:23400->10.0.0.6:5205 cc=astraea pid=680018 child=683393
[sao-listener] single-flow mode: attached worker; stopping ss scans
[sao-listener flow 1] cport=23400 cc=astraea worker active
[sao-listener] cport=23700 worker=/its/home/mm2350/extra/Olympusv2/olympus/algorithms/ma_dreamer/worker.py scan=20ms target_cc=astraea single_flow=1 no_state_pipe=1
[worker cport=23300 agent=0] loaded checkpoint step=58994
[worker alg=ma_dreamer reward=tempest_fairness_ma cport=23300 agent=0 group=slot0_ep12 flow=1] started interval=20ms det=1 latent=8x8
[worker cport=23000 agent=0] loaded checkpoint step=58994
[worker alg=ma_dreamer reward=tempest_fairness_ma cport=23000 agent=0 group=slot0_ep15 flow=1] started interval=20ms det=1 latent=8x8
[sao-listener] new flow 1 10.0.0.1:23500->10.0.0.6:5206 cc=astraea pid=681588 child=683902
[sao-listener] single-flow mode: attached worker; stopping ss scans
[sao-listener flow 1] cport=23500 cc=astraea worker active
[worker cport=23400 agent=0] loaded checkpoint step=58994
[worker alg=ma_dreamer reward=tempest_fairness_ma cport=23400 agent=0 group=slot0_ep13 flow=1] started interval=20ms det=1 latent=8x8
[worker cport=23500 agent=0] loaded checkpoint step=58994
[worker alg=ma_dreamer reward=tempest_fairness_ma cport=23500 agent=0 group=slot0_ep16 flow=1] started interval=20ms det=1 latent=8x8
[sao-listener] new flow 1 10.0.0.1:23100->10.0.0.6:5202 cc=astraea pid=682158 child=684216
[sao-listener] single-flow mode: attached worker; stopping ss scans
[sao-listener flow 1] cport=23100 cc=astraea worker active
[worker cport=23100 agent=0] loaded checkpoint step=58994
[worker alg=ma_dreamer reward=tempest_fairness_ma cport=23100 agent=0 group=slot0_ep17 flow=1] started interval=20ms det=1 latent=8x8
[sao-listener] new flow 1 10.0.0.1:23600->10.0.0.6:5207 cc=astraea pid=683092 child=684397
[sao-listener] single-flow mode: attached worker; stopping ss scans
[sao-listener flow 1] cport=23600 cc=astraea worker active
[worker cport=23600 agent=0] loaded checkpoint step=58994
[worker alg=ma_dreamer reward=tempest_fairness_ma cport=23600 agent=0 group=slot0_ep18 flow=1] started interval=20ms det=1 latent=8x8
[sao-listener] new flow 1 10.0.0.1:23800->10.0.0.6:5209 cc=astraea pid=683684 child=684544
[sao-listener] single-flow mode: attached worker; stopping ss scans
[sao-listener flow 1] cport=23800 cc=astraea worker active
[sao-listener] new flow 1 10.0.0.1:23700->10.0.0.6:5208 cc=astraea pid=683825 child=684617
[sao-listener] single-flow mode: attached worker; stopping ss scans
[sao-listener flow 1] cport=23700 cc=astraea worker active
[worker cport=23800 agent=0] loaded checkpoint step=58994
[worker alg=ma_dreamer reward=tempest_fairness_ma cport=23800 agent=0 group=slot0_ep19 flow=1] started interval=20ms det=1 latent=8x8
[worker cport=23700 agent=0] loaded checkpoint step=58994
[worker alg=ma_dreamer reward=tempest_fairness_ma cport=23700 agent=0 group=slot0_ep20 flow=1] started interval=20ms det=1 latent=8x8
[orch] link change t=15.0s bw=69 delay=67
[orch] link change t=15.0s bw=94 delay=77
[orch] link change t=15.0s bw=97 delay=97
[orch] link change t=15.0s bw=99 delay=93
[orch] link change t=15.0s bw=76 delay=14
[orch] link change t=15.0s bw=71 delay=46
[orch] link change t=15.0s bw=48 delay=56
[orch] link change t=15.0s bw=94 delay=67
[orch] link change t=15.0s bw=76 delay=25
[orch] link change t=15.0s bw=43 delay=96
[orch] link change t=30.0s bw=75 delay=85
[orch] link change t=30.0s bw=95 delay=54
[orch] link change t=30.0s bw=33 delay=93
[orch] link change t=30.0s bw=77 delay=41
[orch] link change t=30.0s bw=30 delay=40
[orch] link change t=30.0s bw=63 delay=39
[orch] link change t=30.0s bw=47 delay=32
[orch] link change t=30.0s bw=52 delay=40
[orch] link change t=30.0s bw=75 delay=35
[orch] link change t=30.0s bw=91 delay=22
[orch] link change t=45.0s bw=34 delay=33
[orch] link change t=45.0s bw=28 delay=58
[orch] link change t=45.0s bw=39 delay=95
[orch] link change t=45.0s bw=44 delay=42
[orch] link change t=45.0s bw=12 delay=17
[orch] link change t=45.0s bw=67 delay=10
[orch] link change t=45.0s bw=100 delay=100
[orch] link change t=45.0s bw=35 delay=72
[orch] link change t=45.0s bw=60 delay=54
[orch] link change t=45.0s bw=51 delay=83
[orch] link change t=60.0s bw=75 delay=70
[orch] link change t=60.0s bw=11 delay=57
[orch] link change t=60.0s bw=28 delay=38
[orch] link change t=60.0s bw=47 delay=19
[orch] link change t=60.0s bw=97 delay=28
[orch] link change t=60.0s bw=62 delay=94
[orch] link change t=60.0s bw=79 delay=94
[orch] link change t=60.0s bw=90 delay=73
[orch] link change t=60.0s bw=77 delay=47
[orch] link change t=60.0s bw=31 delay=13
[orch] link change t=75.0s bw=90 delay=88
[orch] link change t=75.0s bw=71 delay=45
[orch] link change t=75.0s bw=92 delay=33
[orch] link change t=75.0s bw=94 delay=67
[orch] link change t=75.0s bw=98 delay=57
[orch] link change t=75.0s bw=43 delay=40
[orch] link change t=75.0s bw=45 delay=24
[orch] link change t=75.0s bw=33 delay=71
[orch] link change t=75.0s bw=84 delay=28
[orch] link change t=75.0s bw=62 delay=62
[orch] link change t=90.0s bw=33 delay=22
[orch] link change t=90.0s bw=92 delay=68
[orch] link change t=90.0s bw=26 delay=19
[orch] link change t=90.0s bw=48 delay=69
[orch] link change t=90.0s bw=40 delay=24
[orch] link change t=90.0s bw=91 delay=38
[orch] link change t=90.0s bw=13 delay=41
[orch] link change t=90.0s bw=47 delay=68
[orch] link change t=90.0s bw=86 delay=43
[orch] link change t=90.0s bw=19 delay=23
[orch] link change t=105.0s bw=67 delay=48
[orch] link change t=105.0s bw=98 delay=86
[orch] link change t=105.0s bw=78 delay=37
[orch] link change t=105.0s bw=97 delay=60
[orch] link change t=105.0s bw=53 delay=69
[orch] link change t=105.0s bw=11 delay=47
[orch] link change t=105.0s bw=59 delay=63
[orch] link change t=105.0s bw=43 delay=35
[orch] link change t=105.0s bw=23 delay=43
[orch] link change t=105.0s bw=26 delay=50
[orch] link change t=120.0s bw=28 delay=21
[orch] link change t=120.0s bw=39 delay=81
[orch] link change t=120.0s bw=47 delay=13
[orch] link change t=120.0s bw=60 delay=25
[orch] link change t=120.0s bw=100 delay=55
[orch] link change t=120.0s bw=48 delay=52
[orch] link change t=120.0s bw=42 delay=74
[orch] link change t=120.0s bw=42 delay=98
[orch] link change t=120.0s bw=62 delay=51
[orch] link change t=120.0s bw=70 delay=84
[orch] link change t=135.0s bw=78 delay=98
[orch] link change t=135.0s bw=10 delay=94
[orch] link change t=135.0s bw=65 delay=26
[orch] link change t=135.0s bw=43 delay=38
[orch] link change t=135.0s bw=45 delay=60
[orch] link change t=135.0s bw=95 delay=28
[orch] link change t=135.0s bw=50 delay=91
[orch] link change t=135.0s bw=25 delay=51
[orch] link change t=135.0s bw=44 delay=23
[orch] link change t=135.0s bw=67 delay=62
[orch] link change t=150.0s bw=91 delay=15
[orch] link change t=150.0s bw=89 delay=28
[orch] link change t=150.0s bw=97 delay=87
[orch] link change t=150.0s bw=50 delay=55
[orch] link change t=150.0s bw=43 delay=54
[orch] link change t=150.0s bw=87 delay=49
[orch] link change t=150.0s bw=97 delay=61
[orch] link change t=150.0s bw=76 delay=96
[orch] link change t=150.0s bw=51 delay=49
[orch] link change t=150.0s bw=36 delay=35
[orch] link change t=165.0s bw=86 delay=60
[orch] link change t=165.0s bw=66 delay=57
[orch] link change t=165.0s bw=11 delay=45
[orch] link change t=165.0s bw=43 delay=56
[orch] link change t=165.0s bw=39 delay=36
[orch] link change t=165.0s bw=12 delay=38
[orch] link change t=165.0s bw=27 delay=80
[orch] link change t=165.0s bw=32 delay=40
[orch] link change t=165.0s bw=12 delay=82
[orch] link change t=165.0s bw=50 delay=90
[orch] link change t=180.0s bw=67 delay=93
[orch] link change t=180.0s bw=30 delay=53
[orch] link change t=180.0s bw=28 delay=20
[orch] link change t=180.0s bw=90 delay=90
[orch] link change t=180.0s bw=55 delay=50
[orch] link change t=180.0s bw=87 delay=42
[orch] link change t=180.0s bw=17 delay=27
[orch] link change t=180.0s bw=31 delay=40
[orch] link change t=180.0s bw=89 delay=35
[orch] link change t=180.0s bw=97 delay=52
[orch] link change t=195.0s bw=88 delay=93
[orch] link change t=195.0s bw=36 delay=17
[orch] link change t=195.0s bw=43 delay=67
[orch] link change t=195.0s bw=76 delay=29
[orch] link change t=195.0s bw=38 delay=49
[orch] link change t=195.0s bw=12 delay=29
[orch] link change t=195.0s bw=35 delay=29
[orch] link change t=195.0s bw=35 delay=56
[orch] link change t=195.0s bw=19 delay=35
[orch] link change t=195.0s bw=52 delay=64
[orch] link change t=210.0s bw=30 delay=89
[orch] link change t=210.0s bw=83 delay=35
[orch] link change t=210.0s bw=65 delay=27
[orch] link change t=210.0s bw=30 delay=80
[orch] link change t=210.0s bw=75 delay=63
[orch] link change t=210.0s bw=87 delay=95
[orch] link change t=210.0s bw=100 delay=78
[orch] link change t=210.0s bw=83 delay=74
[orch] link change t=210.0s bw=24 delay=79
[orch] link change t=210.0s bw=21 delay=90
[orch] link change t=225.0s bw=11 delay=77
[orch] link change t=225.0s bw=19 delay=75
[orch] link change t=225.0s bw=42 delay=55
[orch] link change t=225.0s bw=95 delay=94
[orch] link change t=225.0s bw=39 delay=83
[orch] link change t=225.0s bw=90 delay=13
[orch] link change t=225.0s bw=81 delay=97
[orch] link change t=225.0s bw=35 delay=96
[orch] link change t=225.0s bw=68 delay=59
[orch] link change t=225.0s bw=76 delay=72
[orch] link change t=240.0s bw=18 delay=17
[orch] link change t=240.0s bw=97 delay=53
[orch] link change t=240.0s bw=39 delay=72
[orch] link change t=240.0s bw=45 delay=31
[orch] link change t=240.0s bw=68 delay=63
[orch] link change t=240.0s bw=69 delay=68
[orch] link change t=240.0s bw=36 delay=52
[orch] link change t=240.0s bw=73 delay=37
[orch] link change t=240.0s bw=19 delay=22
[orch] link change t=240.0s bw=61 delay=20
[orch] link change t=255.0s bw=14 delay=34
[orch] link change t=255.0s bw=97 delay=61
[orch] link change t=255.0s bw=80 delay=82
[orch] link change t=255.0s bw=11 delay=93
[orch] link change t=255.0s bw=72 delay=20
[orch] link change t=255.0s bw=86 delay=90
[orch] link change t=255.0s bw=79 delay=25
[orch] link change t=255.0s bw=48 delay=43
[orch] link change t=255.0s bw=63 delay=12
[orch] link change t=255.0s bw=36 delay=83
[orch] link change t=270.0s bw=40 delay=86
[orch] link change t=270.0s bw=21 delay=12
[orch] link change t=270.0s bw=64 delay=95
[orch] link change t=270.0s bw=18 delay=25
[orch] link change t=270.0s bw=69 delay=82
[orch] link change t=270.0s bw=100 delay=47
[orch] link change t=270.0s bw=91 delay=18
[orch] link change t=270.0s bw=10 delay=53
[orch] link change t=270.0s bw=22 delay=84
[orch] link change t=270.0s bw=41 delay=14
[orch] link change t=285.0s bw=13 delay=69
[orch] link change t=285.0s bw=17 delay=94
[orch] link change t=285.0s bw=56 delay=65
[orch] link change t=285.0s bw=86 delay=53
[orch] link change t=285.0s bw=56 delay=66
[orch] link change t=285.0s bw=38 delay=49
[orch] link change t=285.0s bw=49 delay=62
[orch] link change t=285.0s bw=61 delay=38
[orch] link change t=285.0s bw=64 delay=60
[orch] link change t=285.0s bw=35 delay=22
[orch] link change t=300.0s bw=51 delay=66
[orch] link change t=300.0s bw=75 delay=38
[orch] link change t=300.0s bw=91 delay=50
[orch] link change t=300.0s bw=13 delay=20
[orch] link change t=300.0s bw=82 delay=50
[orch] link change t=300.0s bw=56 delay=43
[orch] link change t=300.0s bw=20 delay=74
[orch] link change t=300.0s bw=61 delay=78
[orch] link change t=300.0s bw=66 delay=94
[orch] link change t=300.0s bw=20 delay=34
[orch] link change t=315.0s bw=85 delay=35
[orch] link change t=315.0s bw=21 delay=64
[orch] link change t=315.0s bw=93 delay=25
[orch] link change t=315.0s bw=45 delay=36
[orch] link change t=315.0s bw=98 delay=92
[orch] link change t=315.0s bw=63 delay=21
[orch] link change t=315.0s bw=70 delay=91
[orch] link change t=315.0s bw=54 delay=85
[orch] link change t=315.0s bw=48 delay=83
[orch] link change t=315.0s bw=42 delay=98
[orch] link change t=330.0s bw=76 delay=39
[orch] link change t=330.0s bw=66 delay=24
[orch] link change t=330.0s bw=54 delay=86
[orch] link change t=330.0s bw=58 delay=61
[orch] link change t=330.0s bw=67 delay=61
[orch] link change t=330.0s bw=54 delay=73
[orch] link change t=330.0s bw=86 delay=28
[orch] link change t=330.0s bw=83 delay=77
[orch] link change t=330.0s bw=74 delay=30
[orch] link change t=330.0s bw=46 delay=49
[multi_ep_plot] saved -> /its/home/mm2350/extra/Olympusv2/benchmarks/benchmark_responsive_fairness/data/ma_dreamer_second_try/5_flows/run11/ep000011_bw67_d81_n1.pdf  return=346757.6
[ep_plot] ep=11 -> /its/home/mm2350/extra/Olympusv2/benchmarks/benchmark_responsive_fairness/data/ma_dreamer_second_try/5_flows/run11/ep000011_bw67_d81_n1.pdf  return=346757.625
[responsive_fairness] slot=2 ma_dreamer_second_try flows=5 run=21
[responsive_fairness] ma_dreamer_second_try flows=5 run=11 done (111/200)
[slot=2] ep=21  env=responsive_fairness_join45_score300  bw=31Mbps  delay=63ms  duration=345s
[multi_ep_plot] saved -> /its/home/mm2350/extra/Olympusv2/benchmarks/benchmark_responsive_fairness/data/ma_dreamer_second_try/5_flows/run12/ep000012_bw70_d44_n1.pdf  return=341839.6
[ep_plot] ep=12 -> /its/home/mm2350/extra/Olympusv2/benchmarks/benchmark_responsive_fairness/data/ma_dreamer_second_try/5_flows/run12/ep000012_bw70_d44_n1.pdf  return=341839.59375
[responsive_fairness] slot=3 ma_dreamer_second_try flows=5 run=22
[responsive_fairness] ma_dreamer_second_try flows=5 run=12 done (112/200)
[slot=3] ep=22  env=responsive_fairness_join45_score300  bw=27Mbps  delay=41ms  duration=345s
[multi_ep_plot] saved -> /its/home/mm2350/extra/Olympusv2/benchmarks/benchmark_responsive_fairness/data/ma_dreamer_second_try/5_flows/run13/ep000013_bw43_d47_n1.pdf  return=318469.1
[ep_plot] ep=13 -> /its/home/mm2350/extra/Olympusv2/benchmarks/benchmark_responsive_fairness/data/ma_dreamer_second_try/5_flows/run13/ep000013_bw43_d47_n1.pdf  return=318469.125
[responsive_fairness] slot=4 ma_dreamer_second_try flows=5 run=23
[responsive_fairness] ma_dreamer_second_try flows=5 run=13 done (113/200)
[sao-listener] cport=23200 worker=/its/home/mm2350/extra/Olympusv2/olympus/algorithms/ma_dreamer/worker.py scan=20ms target_cc=astraea single_flow=1 no_state_pipe=1
[slot=4] ep=23  env=responsive_fairness_join45_score300  bw=47Mbps  delay=20ms  duration=345s
[multi_ep_plot] saved -> /its/home/mm2350/extra/Olympusv2/benchmarks/benchmark_responsive_fairness/data/ma_dreamer_second_try/5_flows/run14/ep000014_bw23_d88_n1.pdf  return=324695.8
[ep_plot] ep=14 -> /its/home/mm2350/extra/Olympusv2/benchmarks/benchmark_responsive_fairness/data/ma_dreamer_second_try/5_flows/run14/ep000014_bw23_d88_n1.pdf  return=324695.78125
[responsive_fairness] slot=9 ma_dreamer_second_try flows=5 run=24
[responsive_fairness] ma_dreamer_second_try flows=5 run=14 done (114/200)
[slot=9] ep=24  env=responsive_fairness_join45_score300  bw=59Mbps  delay=84ms  duration=345s
[sao-listener] cport=23300 worker=/its/home/mm2350/extra/Olympusv2/olympus/algorithms/ma_dreamer/worker.py scan=20ms target_cc=astraea single_flow=1 no_state_pipe=1
[multi_ep_plot] saved -> /its/home/mm2350/extra/Olympusv2/benchmarks/benchmark_responsive_fairness/data/ma_dreamer_second_try/5_flows/run15/ep000015_bw36_d11_n1.pdf  return=342102.8
[ep_plot] ep=15 -> /its/home/mm2350/extra/Olympusv2/benchmarks/benchmark_responsive_fairness/data/ma_dreamer_second_try/5_flows/run15/ep000015_bw36_d11_n1.pdf  return=342102.84375
[responsive_fairness] slot=0 ma_dreamer_second_try flows=5 run=25
[responsive_fairness] ma_dreamer_second_try flows=5 run=15 done (115/200)
[slot=0] ep=25  env=responsive_fairness_join45_score300  bw=58Mbps  delay=11ms  duration=345s
[sao-listener] cport=23400 worker=/its/home/mm2350/extra/Olympusv2/olympus/algorithms/ma_dreamer/worker.py scan=20ms target_cc=astraea single_flow=1 no_state_pipe=1
[sao-listener] new flow 1 10.0.0.1:23200->10.0.0.6:5203 cc=astraea pid=689064 child=689959
[sao-listener] single-flow mode: attached worker; stopping ss scans
[sao-listener flow 1] cport=23200 cc=astraea worker active
[multi_ep_plot] saved -> /its/home/mm2350/extra/Olympusv2/benchmarks/benchmark_responsive_fairness/data/ma_dreamer_second_try/5_flows/run16/ep000016_bw56_d70_n1.pdf  return=307440.1
[ep_plot] ep=16 -> /its/home/mm2350/extra/Olympusv2/benchmarks/benchmark_responsive_fairness/data/ma_dreamer_second_try/5_flows/run16/ep000016_bw56_d70_n1.pdf  return=307440.0625
[responsive_fairness] slot=5 ma_dreamer_second_try flows=5 run=26
[responsive_fairness] ma_dreamer_second_try flows=5 run=16 done (116/200)
[slot=5] ep=26  env=responsive_fairness_join45_score300  bw=35Mbps  delay=94ms  duration=345s
[sao-listener] cport=23900 worker=/its/home/mm2350/extra/Olympusv2/olympus/algorithms/ma_dreamer/worker.py scan=20ms target_cc=astraea single_flow=1 no_state_pipe=1
[multi_ep_plot] saved -> /its/home/mm2350/extra/Olympusv2/benchmarks/benchmark_responsive_fairness/data/ma_dreamer_second_try/5_flows/run17/ep000017_bw76_d63_n1.pdf  return=346118.5
[ep_plot] ep=17 -> /its/home/mm2350/extra/Olympusv2/benchmarks/benchmark_responsive_fairness/data/ma_dreamer_second_try/5_flows/run17/ep000017_bw76_d63_n1.pdf  return=346118.5
[responsive_fairness] slot=1 ma_dreamer_second_try flows=5 run=27
[responsive_fairness] ma_dreamer_second_try flows=5 run=17 done (117/200)
[slot=1] ep=27  env=responsive_fairness_join45_score300  bw=93Mbps  delay=71ms  duration=345s
[sao-listener] cport=23000 worker=/its/home/mm2350/extra/Olympusv2/olympus/algorithms/ma_dreamer/worker.py scan=20ms target_cc=astraea single_flow=1 no_state_pipe=1
[sao-listener] new flow 1 10.0.0.1:23400->10.0.0.6:5205 cc=astraea pid=690474 child=691147
[sao-listener] single-flow mode: attached worker; stopping ss scans
[sao-listener flow 1] cport=23400 cc=astraea worker active
[worker cport=23200 agent=0] loaded checkpoint step=58994
[worker alg=ma_dreamer reward=tempest_fairness_ma cport=23200 agent=0 group=slot0_ep21 flow=1] started interval=20ms det=1 latent=8x8
[sao-listener] cport=23500 worker=/its/home/mm2350/extra/Olympusv2/olympus/algorithms/ma_dreamer/worker.py scan=20ms target_cc=astraea single_flow=1 no_state_pipe=1
[multi_ep_plot] saved -> /its/home/mm2350/extra/Olympusv2/benchmarks/benchmark_responsive_fairness/data/ma_dreamer_second_try/5_flows/run18/ep000018_bw33_d25_n1.pdf  return=331479.4
[ep_plot] ep=18 -> /its/home/mm2350/extra/Olympusv2/benchmarks/benchmark_responsive_fairness/data/ma_dreamer_second_try/5_flows/run18/ep000018_bw33_d25_n1.pdf  return=331479.4375
[responsive_fairness] slot=6 ma_dreamer_second_try flows=5 run=28
[responsive_fairness] ma_dreamer_second_try flows=5 run=18 done (118/200)
[slot=6] ep=28  env=responsive_fairness_join45_score300  bw=24Mbps  delay=26ms  duration=345s
[sao-listener] cport=23100 worker=/its/home/mm2350/extra/Olympusv2/olympus/algorithms/ma_dreamer/worker.py scan=20ms target_cc=astraea single_flow=1 no_state_pipe=1
[multi_ep_plot] saved -> /its/home/mm2350/extra/Olympusv2/benchmarks/benchmark_responsive_fairness/data/ma_dreamer_second_try/5_flows/run19/ep000019_bw96_d15_n1.pdf  return=332057.2
[ep_plot] ep=19 -> /its/home/mm2350/extra/Olympusv2/benchmarks/benchmark_responsive_fairness/data/ma_dreamer_second_try/5_flows/run19/ep000019_bw96_d15_n1.pdf  return=332057.1875
[responsive_fairness] slot=8 ma_dreamer_second_try flows=5 run=29
[responsive_fairness] ma_dreamer_second_try flows=5 run=19 done (119/200)
[slot=8] ep=29  env=responsive_fairness_join45_score300  bw=80Mbps  delay=19ms  duration=345s
[worker cport=23400 agent=0] loaded checkpoint step=58994
[worker alg=ma_dreamer reward=tempest_fairness_ma cport=23400 agent=0 group=slot0_ep23 flow=1] started interval=20ms det=1 latent=8x8
[sao-listener] new flow 1 10.0.0.1:23900->10.0.0.6:5210 cc=astraea pid=690983 child=692438
[sao-listener] single-flow mode: attached worker; stopping ss scans
[sao-listener flow 1] cport=23900 cc=astraea worker active
[sao-listener] cport=23600 worker=/its/home/mm2350/extra/Olympusv2/olympus/algorithms/ma_dreamer/worker.py scan=20ms target_cc=astraea single_flow=1 no_state_pipe=1
[multi_ep_plot] saved -> /its/home/mm2350/extra/Olympusv2/benchmarks/benchmark_responsive_fairness/data/ma_dreamer_second_try/5_flows/run20/ep000020_bw97_d29_n1.pdf  return=336570.6
[ep_plot] ep=20 -> /its/home/mm2350/extra/Olympusv2/benchmarks/benchmark_responsive_fairness/data/ma_dreamer_second_try/5_flows/run20/ep000020_bw97_d29_n1.pdf  return=336570.59375
[responsive_fairness] slot=7 ma_dreamer_second_try flows=5 run=30
[responsive_fairness] ma_dreamer_second_try flows=5 run=20 done (120/200)
[slot=7] ep=30  env=responsive_fairness_join45_score300  bw=79Mbps  delay=47ms  duration=345s
[sao-listener] new flow 1 10.0.0.1:23300->10.0.0.6:5204 cc=astraea pid=690141 child=692732
[sao-listener] single-flow mode: attached worker; stopping ss scans
[sao-listener flow 1] cport=23300 cc=astraea worker active
[sao-listener] cport=23800 worker=/its/home/mm2350/extra/Olympusv2/olympus/algorithms/ma_dreamer/worker.py scan=20ms target_cc=astraea single_flow=1 no_state_pipe=1
[sao-listener] new flow 1 10.0.0.1:23000->10.0.0.6:5201 cc=astraea pid=691578 child=693578
[sao-listener] single-flow mode: attached worker; stopping ss scans
[sao-listener flow 1] cport=23000 cc=astraea worker active
[worker cport=23900 agent=0] loaded checkpoint step=58994
[worker alg=ma_dreamer reward=tempest_fairness_ma cport=23900 agent=0 group=slot0_ep24 flow=1] started interval=20ms det=1 latent=8x8
[sao-listener] cport=23700 worker=/its/home/mm2350/extra/Olympusv2/olympus/algorithms/ma_dreamer/worker.py scan=20ms target_cc=astraea single_flow=1 no_state_pipe=1
[worker cport=23300 agent=0] loaded checkpoint step=58994
[worker alg=ma_dreamer reward=tempest_fairness_ma cport=23300 agent=0 group=slot0_ep22 flow=1] started interval=20ms det=1 latent=8x8
[worker cport=23000 agent=0] loaded checkpoint step=58994
[worker alg=ma_dreamer reward=tempest_fairness_ma cport=23000 agent=0 group=slot0_ep25 flow=1] started interval=20ms det=1 latent=8x8
[sao-listener] new flow 1 10.0.0.1:23500->10.0.0.6:5206 cc=astraea pid=692040 child=694369
[sao-listener] single-flow mode: attached worker; stopping ss scans
[sao-listener flow 1] cport=23500 cc=astraea worker active
[worker cport=23500 agent=0] loaded checkpoint step=58994
[worker alg=ma_dreamer reward=tempest_fairness_ma cport=23500 agent=0 group=slot0_ep26 flow=1] started interval=20ms det=1 latent=8x8
[sao-listener] new flow 1 10.0.0.1:23100->10.0.0.6:5202 cc=astraea pid=692579 child=694588
[sao-listener] single-flow mode: attached worker; stopping ss scans
[sao-listener flow 1] cport=23100 cc=astraea worker active
[worker cport=23100 agent=0] loaded checkpoint step=58994
[worker alg=ma_dreamer reward=tempest_fairness_ma cport=23100 agent=0 group=slot0_ep27 flow=1] started interval=20ms det=1 latent=8x8
[sao-listener] new flow 1 10.0.0.1:23600->10.0.0.6:5207 cc=astraea pid=693228 child=694766
[sao-listener] single-flow mode: attached worker; stopping ss scans
[sao-listener flow 1] cport=23600 cc=astraea worker active
[worker cport=23600 agent=0] loaded checkpoint step=58994
[worker alg=ma_dreamer reward=tempest_fairness_ma cport=23600 agent=0 group=slot0_ep28 flow=1] started interval=20ms det=1 latent=8x8
[sao-listener] new flow 1 10.0.0.1:23800->10.0.0.6:5209 cc=astraea pid=694149 child=694916
[sao-listener] single-flow mode: attached worker; stopping ss scans
[sao-listener flow 1] cport=23800 cc=astraea worker active
[sao-listener] new flow 1 10.0.0.1:23700->10.0.0.6:5208 cc=astraea pid=694289 child=694986
[sao-listener] single-flow mode: attached worker; stopping ss scans
[sao-listener flow 1] cport=23700 cc=astraea worker active
[worker cport=23800 agent=0] loaded checkpoint step=58994
[worker alg=ma_dreamer reward=tempest_fairness_ma cport=23800 agent=0 group=slot0_ep29 flow=1] started interval=20ms det=1 latent=8x8
[worker cport=23700 agent=0] loaded checkpoint step=58994
[worker alg=ma_dreamer reward=tempest_fairness_ma cport=23700 agent=0 group=slot0_ep30 flow=1] started interval=20ms det=1 latent=8x8
[orch] link change t=15.0s bw=98 delay=63
[orch] link change t=15.0s bw=13 delay=88
[orch] link change t=15.0s bw=12 delay=85
[orch] link change t=15.0s bw=33 delay=37
[orch] link change t=15.0s bw=37 delay=49
[orch] link change t=15.0s bw=36 delay=65
[orch] link change t=15.0s bw=99 delay=45
[orch] link change t=15.0s bw=79 delay=86
[orch] link change t=15.0s bw=54 delay=86
[orch] link change t=15.0s bw=88 delay=13
[orch] link change t=30.0s bw=91 delay=46
[orch] link change t=30.0s bw=67 delay=33
[orch] link change t=30.0s bw=49 delay=64
[orch] link change t=30.0s bw=31 delay=34
[orch] link change t=30.0s bw=91 delay=70
[orch] link change t=30.0s bw=86 delay=79
[orch] link change t=30.0s bw=46 delay=35
[orch] link change t=30.0s bw=32 delay=38
[orch] link change t=30.0s bw=87 delay=46
[orch] link change t=30.0s bw=89 delay=93
[orch] link change t=45.0s bw=71 delay=37
[orch] link change t=45.0s bw=99 delay=25
[orch] link change t=45.0s bw=58 delay=77
[orch] link change t=45.0s bw=31 delay=95
[orch] link change t=45.0s bw=15 delay=42
[orch] link change t=45.0s bw=17 delay=26
[orch] link change t=45.0s bw=19 delay=18
[orch] link change t=45.0s bw=26 delay=91
[orch] link change t=45.0s bw=21 delay=75
[orch] link change t=45.0s bw=36 delay=42
[orch] link change t=60.0s bw=70 delay=75
[orch] link change t=60.0s bw=93 delay=54
[orch] link change t=60.0s bw=55 delay=26
[orch] link change t=60.0s bw=97 delay=21
[orch] link change t=60.0s bw=14 delay=49
[orch] link change t=60.0s bw=71 delay=15
[orch] link change t=60.0s bw=42 delay=79
[orch] link change t=60.0s bw=69 delay=63
[orch] link change t=60.0s bw=54 delay=60
[orch] link change t=60.0s bw=16 delay=60
[orch] link change t=75.0s bw=33 delay=74
[orch] link change t=75.0s bw=20 delay=39
[orch] link change t=75.0s bw=34 delay=44
[orch] link change t=75.0s bw=100 delay=29
[orch] link change t=75.0s bw=82 delay=64
[orch] link change t=75.0s bw=97 delay=89
[orch] link change t=75.0s bw=52 delay=42
[orch] link change t=75.0s bw=36 delay=37
[orch] link change t=75.0s bw=63 delay=12
[orch] link change t=75.0s bw=58 delay=92
[orch] link change t=90.0s bw=77 delay=40
[orch] link change t=90.0s bw=44 delay=16
[orch] link change t=90.0s bw=66 delay=11
[orch] link change t=90.0s bw=100 delay=46
[orch] link change t=90.0s bw=22 delay=85
[orch] link change t=90.0s bw=74 delay=31
[orch] link change t=90.0s bw=57 delay=61
[orch] link change t=90.0s bw=28 delay=60
[orch] link change t=90.0s bw=14 delay=23
[orch] link change t=90.0s bw=27 delay=20
[orch] link change t=105.0s bw=10 delay=11
[orch] link change t=105.0s bw=50 delay=86
[orch] link change t=105.0s bw=38 delay=89
[orch] link change t=105.0s bw=11 delay=66
[orch] link change t=105.0s bw=25 delay=83
[orch] link change t=105.0s bw=91 delay=64
[orch] link change t=105.0s bw=33 delay=41
[orch] link change t=105.0s bw=30 delay=26
[orch] link change t=105.0s bw=66 delay=93
[orch] link change t=105.0s bw=69 delay=10
[orch] link change t=120.0s bw=57 delay=84
[orch] link change t=120.0s bw=32 delay=80
[orch] link change t=120.0s bw=68 delay=13
[orch] link change t=120.0s bw=69 delay=91
[orch] link change t=120.0s bw=97 delay=35
[orch] link change t=120.0s bw=41 delay=62
[orch] link change t=120.0s bw=40 delay=72
[orch] link change t=120.0s bw=87 delay=34
[orch] link change t=120.0s bw=38 delay=54
[orch] link change t=120.0s bw=76 delay=41
[orch] link change t=135.0s bw=64 delay=18
[orch] link change t=135.0s bw=97 delay=65
[orch] link change t=135.0s bw=23 delay=20
[orch] link change t=135.0s bw=24 delay=13
[orch] link change t=135.0s bw=75 delay=89
[orch] link change t=135.0s bw=35 delay=98
[orch] link change t=135.0s bw=19 delay=91
[orch] link change t=135.0s bw=35 delay=13
[orch] link change t=135.0s bw=20 delay=73
[orch] link change t=135.0s bw=13 delay=19
[orch] link change t=150.0s bw=28 delay=39
[orch] link change t=150.0s bw=100 delay=16
[orch] link change t=150.0s bw=100 delay=73
[orch] link change t=150.0s bw=76 delay=31
[orch] link change t=150.0s bw=50 delay=33
[orch] link change t=150.0s bw=13 delay=95
[orch] link change t=150.0s bw=83 delay=93
[orch] link change t=150.0s bw=62 delay=40
[orch] link change t=150.0s bw=52 delay=87
[orch] link change t=150.0s bw=30 delay=86
[orch] link change t=165.0s bw=39 delay=98
[orch] link change t=165.0s bw=83 delay=12
[orch] link change t=165.0s bw=63 delay=12
[orch] link change t=165.0s bw=72 delay=66
[orch] link change t=165.0s bw=80 delay=55
[orch] link change t=165.0s bw=38 delay=28
[orch] link change t=165.0s bw=20 delay=88
[orch] link change t=165.0s bw=18 delay=22
[orch] link change t=165.0s bw=79 delay=63
[orch] link change t=165.0s bw=77 delay=61
[orch] link change t=180.0s bw=15 delay=65
[orch] link change t=180.0s bw=85 delay=43
[orch] link change t=180.0s bw=75 delay=90
[orch] link change t=180.0s bw=97 delay=48
[orch] link change t=180.0s bw=75 delay=70
[orch] link change t=180.0s bw=26 delay=37
[orch] link change t=180.0s bw=64 delay=63
[orch] link change t=180.0s bw=63 delay=50
[orch] link change t=180.0s bw=35 delay=67
[orch] link change t=180.0s bw=93 delay=54
[orch] link change t=195.0s bw=62 delay=88
[orch] link change t=195.0s bw=49 delay=63
[orch] link change t=195.0s bw=65 delay=55
[orch] link change t=195.0s bw=73 delay=20
[orch] link change t=195.0s bw=77 delay=23
[orch] link change t=195.0s bw=86 delay=71
[orch] link change t=195.0s bw=16 delay=94
[orch] link change t=195.0s bw=99 delay=26
[orch] link change t=195.0s bw=31 delay=38
[orch] link change t=195.0s bw=78 delay=18
[orch] link change t=210.0s bw=66 delay=14
[orch] link change t=210.0s bw=34 delay=33
[orch] link change t=210.0s bw=17 delay=36
[orch] link change t=210.0s bw=97 delay=42
[orch] link change t=210.0s bw=91 delay=96
[orch] link change t=210.0s bw=59 delay=56
[orch] link change t=210.0s bw=66 delay=54
[orch] link change t=210.0s bw=32 delay=74
[orch] link change t=210.0s bw=65 delay=62
[orch] link change t=210.0s bw=61 delay=13
[orch] link change t=225.0s bw=52 delay=79
[orch] link change t=225.0s bw=24 delay=84
[orch] link change t=225.0s bw=14 delay=85
[orch] link change t=225.0s bw=88 delay=30
[orch] link change t=225.0s bw=22 delay=86
[orch] link change t=225.0s bw=41 delay=84
[orch] link change t=225.0s bw=11 delay=92
[orch] link change t=225.0s bw=76 delay=98
[orch] link change t=225.0s bw=96 delay=97
[orch] link change t=225.0s bw=41 delay=82
[orch] link change t=240.0s bw=73 delay=98
[orch] link change t=240.0s bw=77 delay=82
[orch] link change t=240.0s bw=57 delay=94
[orch] link change t=240.0s bw=97 delay=51
[orch] link change t=240.0s bw=84 delay=55
[orch] link change t=240.0s bw=13 delay=13
[orch] link change t=240.0s bw=71 delay=42
[orch] link change t=240.0s bw=94 delay=44
[orch] link change t=240.0s bw=82 delay=77
[orch] link change t=240.0s bw=96 delay=45
[orch] link change t=255.0s bw=24 delay=93
[orch] link change t=255.0s bw=17 delay=99
[orch] link change t=255.0s bw=32 delay=89
[orch] link change t=255.0s bw=49 delay=19
[orch] link change t=255.0s bw=63 delay=55
[orch] link change t=255.0s bw=47 delay=79
[orch] link change t=255.0s bw=27 delay=88
[orch] link change t=255.0s bw=88 delay=39
[orch] link change t=255.0s bw=35 delay=79
[orch] link change t=255.0s bw=64 delay=82
[orch] link change t=270.0s bw=57 delay=12
[orch] link change t=270.0s bw=51 delay=88
[orch] link change t=270.0s bw=37 delay=56
[orch] link change t=270.0s bw=79 delay=93
[orch] link change t=270.0s bw=34 delay=96
[orch] link change t=270.0s bw=78 delay=25
[orch] link change t=270.0s bw=53 delay=88
[orch] link change t=270.0s bw=96 delay=67
[orch] link change t=270.0s bw=96 delay=64
[orch] link change t=270.0s bw=22 delay=96
[orch] link change t=285.0s bw=29 delay=21
[orch] link change t=285.0s bw=52 delay=43
[orch] link change t=285.0s bw=82 delay=57
[orch] link change t=285.0s bw=56 delay=94
[orch] link change t=285.0s bw=30 delay=89
[orch] link change t=285.0s bw=75 delay=15
[orch] link change t=285.0s bw=93 delay=39
[orch] link change t=285.0s bw=26 delay=35
[orch] link change t=285.0s bw=48 delay=45
[orch] link change t=285.0s bw=45 delay=91
[orch] link change t=300.0s bw=25 delay=12
[orch] link change t=300.0s bw=33 delay=60
[orch] link change t=300.0s bw=83 delay=46
[orch] link change t=300.0s bw=14 delay=37
[orch] link change t=300.0s bw=68 delay=19
[orch] link change t=300.0s bw=92 delay=10
[orch] link change t=300.0s bw=100 delay=77
[orch] link change t=300.0s bw=11 delay=46
[orch] link change t=300.0s bw=75 delay=38
[orch] link change t=300.0s bw=81 delay=24
[orch] link change t=315.0s bw=68 delay=30
[orch] link change t=315.0s bw=49 delay=93
[orch] link change t=315.0s bw=94 delay=50
[orch] link change t=315.0s bw=50 delay=53
[orch] link change t=315.0s bw=19 delay=61
[orch] link change t=315.0s bw=69 delay=86
[orch] link change t=315.0s bw=28 delay=22
[orch] link change t=315.0s bw=91 delay=96
[orch] link change t=315.0s bw=62 delay=70
[orch] link change t=315.0s bw=88 delay=73
[orch] link change t=330.0s bw=80 delay=53
[orch] link change t=330.0s bw=75 delay=28
[orch] link change t=330.0s bw=83 delay=20
[orch] link change t=330.0s bw=18 delay=49
[orch] link change t=330.0s bw=82 delay=18
[orch] link change t=330.0s bw=94 delay=81
[orch] link change t=330.0s bw=60 delay=48
[orch] link change t=330.0s bw=43 delay=20
[orch] link change t=330.0s bw=76 delay=28
[orch] link change t=330.0s bw=49 delay=26
[multi_ep_plot] saved -> /its/home/mm2350/extra/Olympusv2/benchmarks/benchmark_responsive_fairness/data/ma_dreamer_second_try/5_flows/run21/ep000021_bw31_d63_n1.pdf  return=311142.0
[ep_plot] ep=21 -> /its/home/mm2350/extra/Olympusv2/benchmarks/benchmark_responsive_fairness/data/ma_dreamer_second_try/5_flows/run21/ep000021_bw31_d63_n1.pdf  return=311141.96875
[responsive_fairness] slot=2 ma_dreamer_second_try flows=5 run=31
[responsive_fairness] ma_dreamer_second_try flows=5 run=21 done (121/200)
[slot=2] ep=31  env=responsive_fairness_join45_score300  bw=11Mbps  delay=70ms  duration=345s
[multi_ep_plot] saved -> /its/home/mm2350/extra/Olympusv2/benchmarks/benchmark_responsive_fairness/data/ma_dreamer_second_try/5_flows/run22/ep000022_bw27_d41_n1.pdf  return=345013.2
[ep_plot] ep=22 -> /its/home/mm2350/extra/Olympusv2/benchmarks/benchmark_responsive_fairness/data/ma_dreamer_second_try/5_flows/run22/ep000022_bw27_d41_n1.pdf  return=345013.21875
[responsive_fairness] slot=3 ma_dreamer_second_try flows=5 run=32
[responsive_fairness] ma_dreamer_second_try flows=5 run=22 done (122/200)
[slot=3] ep=32  env=responsive_fairness_join45_score300  bw=19Mbps  delay=37ms  duration=345s
[sao-listener] cport=23200 worker=/its/home/mm2350/extra/Olympusv2/olympus/algorithms/ma_dreamer/worker.py scan=20ms target_cc=astraea single_flow=1 no_state_pipe=1
[multi_ep_plot] saved -> /its/home/mm2350/extra/Olympusv2/benchmarks/benchmark_responsive_fairness/data/ma_dreamer_second_try/5_flows/run23/ep000023_bw47_d20_n1.pdf  return=335303.2
[ep_plot] ep=23 -> /its/home/mm2350/extra/Olympusv2/benchmarks/benchmark_responsive_fairness/data/ma_dreamer_second_try/5_flows/run23/ep000023_bw47_d20_n1.pdf  return=335303.25
[responsive_fairness] slot=4 ma_dreamer_second_try flows=5 run=33
[responsive_fairness] ma_dreamer_second_try flows=5 run=23 done (123/200)
[slot=4] ep=33  env=responsive_fairness_join45_score300  bw=83Mbps  delay=31ms  duration=345s
[multi_ep_plot] saved -> /its/home/mm2350/extra/Olympusv2/benchmarks/benchmark_responsive_fairness/data/ma_dreamer_second_try/5_flows/run24/ep000024_bw59_d84_n1.pdf  return=319536.8
[ep_plot] ep=24 -> /its/home/mm2350/extra/Olympusv2/benchmarks/benchmark_responsive_fairness/data/ma_dreamer_second_try/5_flows/run24/ep000024_bw59_d84_n1.pdf  return=319536.8125
[responsive_fairness] slot=9 ma_dreamer_second_try flows=5 run=34
[responsive_fairness] ma_dreamer_second_try flows=5 run=24 done (124/200)
[slot=9] ep=34  env=responsive_fairness_join45_score300  bw=77Mbps  delay=55ms  duration=345s
[sao-listener] cport=23300 worker=/its/home/mm2350/extra/Olympusv2/olympus/algorithms/ma_dreamer/worker.py scan=20ms target_cc=astraea single_flow=1 no_state_pipe=1
[sao-listener] cport=23400 worker=/its/home/mm2350/extra/Olympusv2/olympus/algorithms/ma_dreamer/worker.py scan=20ms target_cc=astraea single_flow=1 no_state_pipe=1
[multi_ep_plot] saved -> /its/home/mm2350/extra/Olympusv2/benchmarks/benchmark_responsive_fairness/data/ma_dreamer_second_try/5_flows/run25/ep000025_bw58_d11_n1.pdf  return=360632.4
[ep_plot] ep=25 -> /its/home/mm2350/extra/Olympusv2/benchmarks/benchmark_responsive_fairness/data/ma_dreamer_second_try/5_flows/run25/ep000025_bw58_d11_n1.pdf  return=360632.375
[responsive_fairness] slot=0 ma_dreamer_second_try flows=5 run=35
[responsive_fairness] ma_dreamer_second_try flows=5 run=25 done (125/200)
[slot=0] ep=35  env=responsive_fairness_join45_score300  bw=80Mbps  delay=52ms  duration=345s
[sao-listener] new flow 1 10.0.0.1:23200->10.0.0.6:5203 cc=astraea pid=698196 child=699419
[sao-listener] single-flow mode: attached worker; stopping ss scans
[sao-listener flow 1] cport=23200 cc=astraea worker active
[sao-listener] cport=23900 worker=/its/home/mm2350/extra/Olympusv2/olympus/algorithms/ma_dreamer/worker.py scan=20ms target_cc=astraea single_flow=1 no_state_pipe=1
[multi_ep_plot] saved -> /its/home/mm2350/extra/Olympusv2/benchmarks/benchmark_responsive_fairness/data/ma_dreamer_second_try/5_flows/run26/ep000026_bw35_d94_n1.pdf  return=359634.7
[ep_plot] ep=26 -> /its/home/mm2350/extra/Olympusv2/benchmarks/benchmark_responsive_fairness/data/ma_dreamer_second_try/5_flows/run26/ep000026_bw35_d94_n1.pdf  return=359634.71875
[responsive_fairness] slot=5 ma_dreamer_second_try flows=5 run=36
[responsive_fairness] ma_dreamer_second_try flows=5 run=26 done (126/200)
[slot=5] ep=36  env=responsive_fairness_join45_score300  bw=52Mbps  delay=17ms  duration=345s
[multi_ep_plot] saved -> /its/home/mm2350/extra/Olympusv2/benchmarks/benchmark_responsive_fairness/data/ma_dreamer_second_try/5_flows/run27/ep000027_bw93_d71_n1.pdf  return=320655.9
[ep_plot] ep=27 -> /its/home/mm2350/extra/Olympusv2/benchmarks/benchmark_responsive_fairness/data/ma_dreamer_second_try/5_flows/run27/ep000027_bw93_d71_n1.pdf  return=320655.9375
[sao-listener] cport=23000 worker=/its/home/mm2350/extra/Olympusv2/olympus/algorithms/ma_dreamer/worker.py scan=20ms target_cc=astraea single_flow=1 no_state_pipe=1
[responsive_fairness] slot=1 ma_dreamer_second_try flows=5 run=37
[responsive_fairness] ma_dreamer_second_try flows=5 run=27 done (127/200)
[slot=1] ep=37  env=responsive_fairness_join45_score300  bw=97Mbps  delay=87ms  duration=345s
[sao-listener] new flow 1 10.0.0.1:23400->10.0.0.6:5205 cc=astraea pid=699772 child=700374
[sao-listener] single-flow mode: attached worker; stopping ss scans
[sao-listener flow 1] cport=23400 cc=astraea worker active
[worker cport=23200 agent=0] loaded checkpoint step=58994
[worker alg=ma_dreamer reward=tempest_fairness_ma cport=23200 agent=0 group=slot0_ep31 flow=1] started interval=20ms det=1 latent=8x8
[multi_ep_plot] saved -> /its/home/mm2350/extra/Olympusv2/benchmarks/benchmark_responsive_fairness/data/ma_dreamer_second_try/5_flows/run28/ep000028_bw24_d26_n1.pdf  return=297015.4
[ep_plot] ep=28 -> /its/home/mm2350/extra/Olympusv2/benchmarks/benchmark_responsive_fairness/data/ma_dreamer_second_try/5_flows/run28/ep000028_bw24_d26_n1.pdf  return=297015.375
[responsive_fairness] slot=6 ma_dreamer_second_try flows=5 run=38
[responsive_fairness] ma_dreamer_second_try flows=5 run=28 done (128/200)
[slot=6] ep=38  env=responsive_fairness_join45_score300  bw=91Mbps  delay=63ms  duration=345s
[sao-listener] cport=23500 worker=/its/home/mm2350/extra/Olympusv2/olympus/algorithms/ma_dreamer/worker.py scan=20ms target_cc=astraea single_flow=1 no_state_pipe=1
[sao-listener] cport=23100 worker=/its/home/mm2350/extra/Olympusv2/olympus/algorithms/ma_dreamer/worker.py scan=20ms target_cc=astraea single_flow=1 no_state_pipe=1
[multi_ep_plot] saved -> /its/home/mm2350/extra/Olympusv2/benchmarks/benchmark_responsive_fairness/data/ma_dreamer_second_try/5_flows/run29/ep000029_bw80_d19_n1.pdf  return=341626.0
[ep_plot] ep=29 -> /its/home/mm2350/extra/Olympusv2/benchmarks/benchmark_responsive_fairness/data/ma_dreamer_second_try/5_flows/run29/ep000029_bw80_d19_n1.pdf  return=341625.96875
[responsive_fairness] slot=8 ma_dreamer_second_try flows=5 run=39
[responsive_fairness] ma_dreamer_second_try flows=5 run=29 done (129/200)
[slot=8] ep=39  env=responsive_fairness_join45_score300  bw=36Mbps  delay=43ms  duration=345s
[worker cport=23400 agent=0] loaded checkpoint step=58994
[worker alg=ma_dreamer reward=tempest_fairness_ma cport=23400 agent=0 group=slot0_ep33 flow=1] started interval=20ms det=1 latent=8x8
[sao-listener] new flow 1 10.0.0.1:23900->10.0.0.6:5210 cc=astraea pid=700307 child=701928
[sao-listener] single-flow mode: attached worker; stopping ss scans
[sao-listener flow 1] cport=23900 cc=astraea worker active
[sao-listener] cport=23600 worker=/its/home/mm2350/extra/Olympusv2/olympus/algorithms/ma_dreamer/worker.py scan=20ms target_cc=astraea single_flow=1 no_state_pipe=1
[sao-listener] new flow 1 10.0.0.1:23300->10.0.0.6:5204 cc=astraea pid=699635 child=702225
[sao-listener] single-flow mode: attached worker; stopping ss scans
[sao-listener flow 1] cport=23300 cc=astraea worker active
[multi_ep_plot] saved -> /its/home/mm2350/extra/Olympusv2/benchmarks/benchmark_responsive_fairness/data/ma_dreamer_second_try/5_flows/run30/ep000030_bw79_d47_n1.pdf  return=322994.8
[ep_plot] ep=30 -> /its/home/mm2350/extra/Olympusv2/benchmarks/benchmark_responsive_fairness/data/ma_dreamer_second_try/5_flows/run30/ep000030_bw79_d47_n1.pdf  return=322994.78125
[responsive_fairness] slot=7 ma_dreamer_second_try flows=5 run=40
[responsive_fairness] ma_dreamer_second_try flows=5 run=30 done (130/200)
[slot=7] ep=40  env=responsive_fairness_join45_score300  bw=68Mbps  delay=84ms  duration=345s
[sao-listener] cport=23800 worker=/its/home/mm2350/extra/Olympusv2/olympus/algorithms/ma_dreamer/worker.py scan=20ms target_cc=astraea single_flow=1 no_state_pipe=1
[worker cport=23900 agent=0] loaded checkpoint step=58994
[worker alg=ma_dreamer reward=tempest_fairness_ma cport=23900 agent=0 group=slot0_ep34 flow=1] started interval=20ms det=1 latent=8x8
[sao-listener] new flow 1 10.0.0.1:23000->10.0.0.6:5201 cc=astraea pid=700945 child=703404
[sao-listener] single-flow mode: attached worker; stopping ss scans
[sao-listener flow 1] cport=23000 cc=astraea worker active
[sao-listener] cport=23700 worker=/its/home/mm2350/extra/Olympusv2/olympus/algorithms/ma_dreamer/worker.py scan=20ms target_cc=astraea single_flow=1 no_state_pipe=1
[worker cport=23300 agent=0] loaded checkpoint step=58994
[worker alg=ma_dreamer reward=tempest_fairness_ma cport=23300 agent=0 group=slot0_ep32 flow=1] started interval=20ms det=1 latent=8x8
[worker cport=23000 agent=0] loaded checkpoint step=58994
[worker alg=ma_dreamer reward=tempest_fairness_ma cport=23000 agent=0 group=slot0_ep35 flow=1] started interval=20ms det=1 latent=8x8
[sao-listener] new flow 1 10.0.0.1:23500->10.0.0.6:5206 cc=astraea pid=701710 child=703870
[sao-listener] single-flow mode: attached worker; stopping ss scans
[sao-listener flow 1] cport=23500 cc=astraea worker active
[worker cport=23500 agent=0] loaded checkpoint step=58994
[worker alg=ma_dreamer reward=tempest_fairness_ma cport=23500 agent=0 group=slot0_ep36 flow=1] started interval=20ms det=1 latent=8x8
[sao-listener] new flow 1 10.0.0.1:23100->10.0.0.6:5202 cc=astraea pid=702282 child=704099
[sao-listener] single-flow mode: attached worker; stopping ss scans
[sao-listener flow 1] cport=23100 cc=astraea worker active
[sao-listener] new flow 1 10.0.0.1:23600->10.0.0.6:5207 cc=astraea pid=702834 child=704206
[sao-listener] single-flow mode: attached worker; stopping ss scans
[sao-listener flow 1] cport=23600 cc=astraea worker active
[worker cport=23100 agent=0] loaded checkpoint step=58994
[worker alg=ma_dreamer reward=tempest_fairness_ma cport=23100 agent=0 group=slot0_ep37 flow=1] started interval=20ms det=1 latent=8x8
[worker cport=23600 agent=0] loaded checkpoint step=58994
[worker alg=ma_dreamer reward=tempest_fairness_ma cport=23600 agent=0 group=slot0_ep38 flow=1] started interval=20ms det=1 latent=8x8
[sao-listener] new flow 1 10.0.0.1:23800->10.0.0.6:5209 cc=astraea pid=703631 child=704403
[sao-listener] single-flow mode: attached worker; stopping ss scans
[sao-listener flow 1] cport=23800 cc=astraea worker active
[sao-listener] new flow 1 10.0.0.1:23700->10.0.0.6:5208 cc=astraea pid=703694 child=704521
[sao-listener] single-flow mode: attached worker; stopping ss scans
[sao-listener flow 1] cport=23700 cc=astraea worker active
[worker cport=23800 agent=0] loaded checkpoint step=58994
[worker alg=ma_dreamer reward=tempest_fairness_ma cport=23800 agent=0 group=slot0_ep39 flow=1] started interval=20ms det=1 latent=8x8
[worker cport=23700 agent=0] loaded checkpoint step=58994
[worker alg=ma_dreamer reward=tempest_fairness_ma cport=23700 agent=0 group=slot0_ep40 flow=1] started interval=20ms det=1 latent=8x8
[orch] link change t=15.0s bw=24 delay=60
[orch] link change t=15.0s bw=28 delay=48
[orch] link change t=15.0s bw=90 delay=39
[orch] link change t=15.0s bw=84 delay=13
[orch] link change t=15.0s bw=26 delay=53
[orch] link change t=15.0s bw=12 delay=46
[orch] link change t=15.0s bw=21 delay=89
[orch] link change t=15.0s bw=64 delay=23
[orch] link change t=15.0s bw=59 delay=13
[orch] link change t=15.0s bw=77 delay=14
[orch] link change t=30.0s bw=28 delay=97
[orch] link change t=30.0s bw=99 delay=40
[orch] link change t=30.0s bw=45 delay=71
[orch] link change t=30.0s bw=39 delay=13
[orch] link change t=30.0s bw=29 delay=46
[orch] link change t=30.0s bw=20 delay=10
[orch] link change t=30.0s bw=95 delay=91
[orch] link change t=30.0s bw=18 delay=56
[orch] link change t=30.0s bw=34 delay=38
[orch] link change t=30.0s bw=41 delay=46
[orch] link change t=45.0s bw=15 delay=27
[orch] link change t=45.0s bw=73 delay=13
[orch] link change t=45.0s bw=93 delay=78
[orch] link change t=45.0s bw=59 delay=56
[orch] link change t=45.0s bw=65 delay=42
[orch] link change t=45.0s bw=74 delay=90
[orch] link change t=45.0s bw=75 delay=14
[orch] link change t=45.0s bw=99 delay=69
[orch] link change t=45.0s bw=60 delay=82
[orch] link change t=45.0s bw=95 delay=91
[orch] link change t=60.0s bw=24 delay=78
[orch] link change t=60.0s bw=14 delay=22
[orch] link change t=60.0s bw=77 delay=33
[orch] link change t=60.0s bw=18 delay=64
[orch] link change t=60.0s bw=82 delay=17
[orch] link change t=60.0s bw=32 delay=41
[orch] link change t=60.0s bw=90 delay=57
[orch] link change t=60.0s bw=57 delay=15
[orch] link change t=60.0s bw=10 delay=92
[orch] link change t=60.0s bw=95 delay=36
[orch] link change t=75.0s bw=39 delay=27
[orch] link change t=75.0s bw=51 delay=75
[orch] link change t=75.0s bw=93 delay=88
[orch] link change t=75.0s bw=49 delay=53
[orch] link change t=75.0s bw=77 delay=45
[orch] link change t=75.0s bw=44 delay=93
[orch] link change t=75.0s bw=66 delay=77
[orch] link change t=75.0s bw=87 delay=95
[orch] link change t=75.0s bw=42 delay=96
[orch] link change t=75.0s bw=26 delay=54
[orch] link change t=90.0s bw=28 delay=14
[orch] link change t=90.0s bw=52 delay=17
[orch] link change t=90.0s bw=74 delay=51
[orch] link change t=90.0s bw=22 delay=84
[orch] link change t=90.0s bw=93 delay=56
[orch] link change t=90.0s bw=65 delay=56
[orch] link change t=90.0s bw=23 delay=97
[orch] link change t=90.0s bw=31 delay=85
[orch] link change t=90.0s bw=55 delay=100
[orch] link change t=90.0s bw=45 delay=66
[orch] link change t=105.0s bw=94 delay=17
[orch] link change t=105.0s bw=76 delay=98
[orch] link change t=105.0s bw=97 delay=77
[orch] link change t=105.0s bw=75 delay=29
[orch] link change t=105.0s bw=84 delay=22
[orch] link change t=105.0s bw=81 delay=44
[orch] link change t=105.0s bw=68 delay=86
[orch] link change t=105.0s bw=54 delay=51
[orch] link change t=105.0s bw=32 delay=13
[orch] link change t=105.0s bw=13 delay=77
[orch] link change t=120.0s bw=27 delay=39
[orch] link change t=120.0s bw=70 delay=57
[orch] link change t=120.0s bw=71 delay=66
[orch] link change t=120.0s bw=22 delay=45
[orch] link change t=120.0s bw=56 delay=11
[orch] link change t=120.0s bw=79 delay=19
[orch] link change t=120.0s bw=46 delay=58
[orch] link change t=120.0s bw=44 delay=100
[orch] link change t=120.0s bw=47 delay=96
[orch] link change t=120.0s bw=26 delay=17
[orch] link change t=135.0s bw=78 delay=67
[orch] link change t=135.0s bw=86 delay=10
[orch] link change t=135.0s bw=46 delay=96
[orch] link change t=135.0s bw=54 delay=88
[orch] link change t=135.0s bw=75 delay=11
[orch] link change t=135.0s bw=83 delay=62
[orch] link change t=135.0s bw=64 delay=66
[orch] link change t=135.0s bw=52 delay=89
[orch] link change t=135.0s bw=19 delay=56
[orch] link change t=135.0s bw=92 delay=35
[orch] link change t=150.0s bw=77 delay=62
[orch] link change t=150.0s bw=79 delay=26
[orch] link change t=150.0s bw=91 delay=19
[orch] link change t=150.0s bw=10 delay=29
[orch] link change t=150.0s bw=22 delay=73
[orch] link change t=150.0s bw=72 delay=59
[orch] link change t=150.0s bw=28 delay=16
[orch] link change t=150.0s bw=49 delay=70
[orch] link change t=150.0s bw=11 delay=23
[orch] link change t=150.0s bw=89 delay=100
[orch] link change t=165.0s bw=36 delay=85
[orch] link change t=165.0s bw=77 delay=11
[orch] link change t=165.0s bw=48 delay=62
[orch] link change t=165.0s bw=77 delay=21
[orch] link change t=165.0s bw=57 delay=13
[orch] link change t=165.0s bw=54 delay=60
[orch] link change t=165.0s bw=21 delay=62
[orch] link change t=165.0s bw=84 delay=61
[orch] link change t=165.0s bw=64 delay=54
[orch] link change t=165.0s bw=68 delay=16
[orch] link change t=180.0s bw=21 delay=25
[orch] link change t=180.0s bw=72 delay=35
[orch] link change t=180.0s bw=49 delay=76
[orch] link change t=180.0s bw=17 delay=57
[orch] link change t=180.0s bw=53 delay=96
[orch] link change t=180.0s bw=41 delay=60
[orch] link change t=180.0s bw=19 delay=79
[orch] link change t=180.0s bw=38 delay=88
[orch] link change t=180.0s bw=64 delay=22
[orch] link change t=180.0s bw=32 delay=87
[orch] link change t=195.0s bw=12 delay=61
[orch] link change t=195.0s bw=46 delay=35
[orch] link change t=195.0s bw=73 delay=16
[orch] link change t=195.0s bw=42 delay=80
[orch] link change t=195.0s bw=73 delay=16
[orch] link change t=195.0s bw=31 delay=25
[orch] link change t=195.0s bw=46 delay=56
[orch] link change t=195.0s bw=20 delay=77
[orch] link change t=195.0s bw=60 delay=75
[orch] link change t=195.0s bw=50 delay=24
[orch] link change t=210.0s bw=53 delay=35
[orch] link change t=210.0s bw=67 delay=20
[orch] link change t=210.0s bw=87 delay=96
[orch] link change t=210.0s bw=100 delay=17
[orch] link change t=210.0s bw=12 delay=40
[orch] link change t=210.0s bw=75 delay=73
[orch] link change t=210.0s bw=92 delay=100
[orch] link change t=210.0s bw=72 delay=28
[orch] link change t=210.0s bw=84 delay=48
[orch] link change t=210.0s bw=42 delay=51
[orch] link change t=225.0s bw=36 delay=52
[orch] link change t=225.0s bw=52 delay=25
[orch] link change t=225.0s bw=64 delay=45
[orch] link change t=225.0s bw=59 delay=31
[orch] link change t=225.0s bw=51 delay=20
[orch] link change t=225.0s bw=99 delay=36
[orch] link change t=225.0s bw=65 delay=85
[orch] link change t=225.0s bw=65 delay=77
[orch] link change t=225.0s bw=44 delay=18
[orch] link change t=225.0s bw=28 delay=75
[orch] link change t=240.0s bw=60 delay=56
[orch] link change t=240.0s bw=14 delay=77
[orch] link change t=240.0s bw=50 delay=81
[orch] link change t=240.0s bw=85 delay=91
[orch] link change t=240.0s bw=30 delay=53
[orch] link change t=240.0s bw=77 delay=47
[orch] link change t=240.0s bw=82 delay=56
[orch] link change t=240.0s bw=41 delay=11
[orch] link change t=240.0s bw=68 delay=65
[orch] link change t=240.0s bw=97 delay=76
[orch] link change t=255.0s bw=86 delay=41
[orch] link change t=255.0s bw=24 delay=30
[orch] link change t=255.0s bw=97 delay=41
[orch] link change t=255.0s bw=49 delay=47
[orch] link change t=255.0s bw=31 delay=82
[orch] link change t=255.0s bw=33 delay=72
[orch] link change t=255.0s bw=91 delay=100
[orch] link change t=255.0s bw=58 delay=57
[orch] link change t=255.0s bw=42 delay=83
[orch] link change t=255.0s bw=22 delay=62
[orch] link change t=270.0s bw=36 delay=37
[orch] link change t=270.0s bw=66 delay=12
[orch] link change t=270.0s bw=25 delay=17
[orch] link change t=270.0s bw=58 delay=50
[orch] link change t=270.0s bw=19 delay=71
[orch] link change t=270.0s bw=100 delay=85
[orch] link change t=270.0s bw=83 delay=14
[orch] link change t=270.0s bw=78 delay=97
[orch] link change t=270.0s bw=51 delay=82
[orch] link change t=270.0s bw=16 delay=50
[orch] link change t=285.0s bw=63 delay=84
[orch] link change t=285.0s bw=65 delay=16
[orch] link change t=285.0s bw=50 delay=46
[orch] link change t=285.0s bw=37 delay=36
[orch] link change t=285.0s bw=56 delay=20
[orch] link change t=285.0s bw=51 delay=80
[orch] link change t=285.0s bw=77 delay=89
[orch] link change t=285.0s bw=88 delay=74
[orch] link change t=285.0s bw=10 delay=100
[orch] link change t=285.0s bw=52 delay=39
[orch] link change t=300.0s bw=94 delay=80
[orch] link change t=300.0s bw=14 delay=81
[orch] link change t=300.0s bw=37 delay=18
[orch] link change t=300.0s bw=67 delay=78
[orch] link change t=300.0s bw=47 delay=30
[orch] link change t=300.0s bw=31 delay=10
[orch] link change t=300.0s bw=37 delay=74
[orch] link change t=300.0s bw=13 delay=28
[orch] link change t=300.0s bw=15 delay=93
[orch] link change t=300.0s bw=29 delay=49
[orch] link change t=315.0s bw=17 delay=16
[orch] link change t=315.0s bw=55 delay=39
[orch] link change t=315.0s bw=56 delay=25
[orch] link change t=315.0s bw=32 delay=87
[orch] link change t=315.0s bw=83 delay=19
[orch] link change t=315.0s bw=86 delay=59
[orch] link change t=315.0s bw=63 delay=18
[orch] link change t=315.0s bw=70 delay=23
[orch] link change t=315.0s bw=34 delay=89
[orch] link change t=315.0s bw=30 delay=76
[orch] link change t=330.0s bw=33 delay=55
[orch] link change t=330.0s bw=30 delay=69
[orch] link change t=330.0s bw=93 delay=51
[orch] link change t=330.0s bw=26 delay=83
[orch] link change t=330.0s bw=96 delay=26
[orch] link change t=330.0s bw=73 delay=27
[orch] link change t=330.0s bw=11 delay=10
[orch] link change t=330.0s bw=42 delay=24
[orch] link change t=330.0s bw=89 delay=71
[orch] link change t=330.0s bw=49 delay=99
[multi_ep_plot] saved -> /its/home/mm2350/extra/Olympusv2/benchmarks/benchmark_responsive_fairness/data/ma_dreamer_second_try/5_flows/run31/ep000031_bw11_d70_n1.pdf  return=296319.2
[ep_plot] ep=31 -> /its/home/mm2350/extra/Olympusv2/benchmarks/benchmark_responsive_fairness/data/ma_dreamer_second_try/5_flows/run31/ep000031_bw11_d70_n1.pdf  return=296319.1875
[responsive_fairness] slot=2 ma_dreamer_second_try flows=5 run=41
[responsive_fairness] ma_dreamer_second_try flows=5 run=31 done (131/200)
[slot=2] ep=41  env=responsive_fairness_join45_score300  bw=58Mbps  delay=52ms  duration=345s
[sao-listener] cport=23200 worker=/its/home/mm2350/extra/Olympusv2/olympus/algorithms/ma_dreamer/worker.py scan=20ms target_cc=astraea single_flow=1 no_state_pipe=1
[multi_ep_plot] saved -> /its/home/mm2350/extra/Olympusv2/benchmarks/benchmark_responsive_fairness/data/ma_dreamer_second_try/5_flows/run32/ep000032_bw19_d37_n1.pdf  return=323752.7
[ep_plot] ep=32 -> /its/home/mm2350/extra/Olympusv2/benchmarks/benchmark_responsive_fairness/data/ma_dreamer_second_try/5_flows/run32/ep000032_bw19_d37_n1.pdf  return=323752.6875
[responsive_fairness] slot=3 ma_dreamer_second_try flows=5 run=42
[responsive_fairness] ma_dreamer_second_try flows=5 run=32 done (132/200)
[slot=3] ep=42  env=responsive_fairness_join45_score300  bw=91Mbps  delay=24ms  duration=345s
[multi_ep_plot] saved -> /its/home/mm2350/extra/Olympusv2/benchmarks/benchmark_responsive_fairness/data/ma_dreamer_second_try/5_flows/run33/ep000033_bw83_d31_n1.pdf  return=352517.0
[ep_plot] ep=33 -> /its/home/mm2350/extra/Olympusv2/benchmarks/benchmark_responsive_fairness/data/ma_dreamer_second_try/5_flows/run33/ep000033_bw83_d31_n1.pdf  return=352517.03125
[responsive_fairness] slot=4 ma_dreamer_second_try flows=5 run=43
[responsive_fairness] ma_dreamer_second_try flows=5 run=33 done (133/200)
[slot=4] ep=43  env=responsive_fairness_join45_score300  bw=14Mbps  delay=46ms  duration=345s
[sao-listener] new flow 1 10.0.0.1:23200->10.0.0.6:5203 cc=astraea pid=707533 child=707767
[sao-listener] single-flow mode: attached worker; stopping ss scans
[sao-listener flow 1] cport=23200 cc=astraea worker active
[multi_ep_plot] saved -> /its/home/mm2350/extra/Olympusv2/benchmarks/benchmark_responsive_fairness/data/ma_dreamer_second_try/5_flows/run34/ep000034_bw77_d55_n1.pdf  return=342511.4
[ep_plot] ep=34 -> /its/home/mm2350/extra/Olympusv2/benchmarks/benchmark_responsive_fairness/data/ma_dreamer_second_try/5_flows/run34/ep000034_bw77_d55_n1.pdf  return=342511.375
[responsive_fairness] slot=9 ma_dreamer_second_try flows=5 run=44
[responsive_fairness] ma_dreamer_second_try flows=5 run=34 done (134/200)
[slot=9] ep=44  env=responsive_fairness_join45_score300  bw=62Mbps  delay=76ms  duration=345s
[sao-listener] cport=23300 worker=/its/home/mm2350/extra/Olympusv2/olympus/algorithms/ma_dreamer/worker.py scan=20ms target_cc=astraea single_flow=1 no_state_pipe=1
[multi_ep_plot] saved -> /its/home/mm2350/extra/Olympusv2/benchmarks/benchmark_responsive_fairness/data/ma_dreamer_second_try/5_flows/run35/ep000035_bw80_d52_n1.pdf  return=308753.7
[ep_plot] ep=35 -> /its/home/mm2350/extra/Olympusv2/benchmarks/benchmark_responsive_fairness/data/ma_dreamer_second_try/5_flows/run35/ep000035_bw80_d52_n1.pdf  return=308753.6875
[sao-listener] cport=23400 worker=/its/home/mm2350/extra/Olympusv2/olympus/algorithms/ma_dreamer/worker.py scan=20ms target_cc=astraea single_flow=1 no_state_pipe=1
[responsive_fairness] slot=0 ma_dreamer_second_try flows=5 run=45
[responsive_fairness] ma_dreamer_second_try flows=5 run=35 done (135/200)
[slot=0] ep=45  env=responsive_fairness_join45_score300  bw=44Mbps  delay=63ms  duration=345s
[worker cport=23200 agent=0] loaded checkpoint step=58994
[worker alg=ma_dreamer reward=tempest_fairness_ma cport=23200 agent=0 group=slot0_ep41 flow=1] started interval=20ms det=1 latent=8x8
[sao-listener] cport=23900 worker=/its/home/mm2350/extra/Olympusv2/olympus/algorithms/ma_dreamer/worker.py scan=20ms target_cc=astraea single_flow=1 no_state_pipe=1
[multi_ep_plot] saved -> /its/home/mm2350/extra/Olympusv2/benchmarks/benchmark_responsive_fairness/data/ma_dreamer_second_try/5_flows/run36/ep000036_bw52_d17_n1.pdf  return=332718.2
[ep_plot] ep=36 -> /its/home/mm2350/extra/Olympusv2/benchmarks/benchmark_responsive_fairness/data/ma_dreamer_second_try/5_flows/run36/ep000036_bw52_d17_n1.pdf  return=332718.25
[responsive_fairness] slot=5 ma_dreamer_second_try flows=5 run=46
[responsive_fairness] ma_dreamer_second_try flows=5 run=36 done (136/200)
[slot=5] ep=46  env=responsive_fairness_join45_score300  bw=19Mbps  delay=61ms  duration=345s
[multi_ep_plot] saved -> /its/home/mm2350/extra/Olympusv2/benchmarks/benchmark_responsive_fairness/data/ma_dreamer_second_try/5_flows/run37/ep000037_bw97_d87_n1.pdf  return=347687.5
[ep_plot] ep=37 -> /its/home/mm2350/extra/Olympusv2/benchmarks/benchmark_responsive_fairness/data/ma_dreamer_second_try/5_flows/run37/ep000037_bw97_d87_n1.pdf  return=347687.5
[sao-listener] cport=23000 worker=/its/home/mm2350/extra/Olympusv2/olympus/algorithms/ma_dreamer/worker.py scan=20ms target_cc=astraea single_flow=1 no_state_pipe=1
[responsive_fairness] slot=1 ma_dreamer_second_try flows=5 run=47
[responsive_fairness] ma_dreamer_second_try flows=5 run=37 done (137/200)
[slot=1] ep=47  env=responsive_fairness_join45_score300  bw=55Mbps  delay=18ms  duration=345s
[sao-listener] new flow 1 10.0.0.1:23400->10.0.0.6:5205 cc=astraea pid=709382 child=710065
[sao-listener] single-flow mode: attached worker; stopping ss scans
[sao-listener flow 1] cport=23400 cc=astraea worker active
[multi_ep_plot] saved -> /its/home/mm2350/extra/Olympusv2/benchmarks/benchmark_responsive_fairness/data/ma_dreamer_second_try/5_flows/run38/ep000038_bw91_d63_n1.pdf  return=328312.4
[ep_plot] ep=38 -> /its/home/mm2350/extra/Olympusv2/benchmarks/benchmark_responsive_fairness/data/ma_dreamer_second_try/5_flows/run38/ep000038_bw91_d63_n1.pdf  return=328312.375
[responsive_fairness] slot=6 ma_dreamer_second_try flows=5 run=48
[responsive_fairness] ma_dreamer_second_try flows=5 run=38 done (138/200)
[slot=6] ep=48  env=responsive_fairness_join45_score300  bw=80Mbps  delay=50ms  duration=345s
[sao-listener] cport=23500 worker=/its/home/mm2350/extra/Olympusv2/olympus/algorithms/ma_dreamer/worker.py scan=20ms target_cc=astraea single_flow=1 no_state_pipe=1
[sao-listener] cport=23100 worker=/its/home/mm2350/extra/Olympusv2/olympus/algorithms/ma_dreamer/worker.py scan=20ms target_cc=astraea single_flow=1 no_state_pipe=1
[multi_ep_plot] saved -> /its/home/mm2350/extra/Olympusv2/benchmarks/benchmark_responsive_fairness/data/ma_dreamer_second_try/5_flows/run39/ep000039_bw36_d43_n1.pdf  return=316114.3
[ep_plot] ep=39 -> /its/home/mm2350/extra/Olympusv2/benchmarks/benchmark_responsive_fairness/data/ma_dreamer_second_try/5_flows/run39/ep000039_bw36_d43_n1.pdf  return=316114.34375
[responsive_fairness] slot=8 ma_dreamer_second_try flows=5 run=49
[responsive_fairness] ma_dreamer_second_try flows=5 run=39 done (139/200)
[slot=8] ep=49  env=responsive_fairness_join45_score300  bw=18Mbps  delay=54ms  duration=345s
[sao-listener] new flow 1 10.0.0.1:23900->10.0.0.6:5210 cc=astraea pid=709966 child=711656
[sao-listener] single-flow mode: attached worker; stopping ss scans
[sao-listener flow 1] cport=23900 cc=astraea worker active
[worker cport=23400 agent=0] loaded checkpoint step=58994
[worker alg=ma_dreamer reward=tempest_fairness_ma cport=23400 agent=0 group=slot0_ep43 flow=1] started interval=20ms det=1 latent=8x8
[sao-listener] cport=23600 worker=/its/home/mm2350/extra/Olympusv2/olympus/algorithms/ma_dreamer/worker.py scan=20ms target_cc=astraea single_flow=1 no_state_pipe=1
[multi_ep_plot] saved -> /its/home/mm2350/extra/Olympusv2/benchmarks/benchmark_responsive_fairness/data/ma_dreamer_second_try/5_flows/run40/ep000040_bw68_d84_n1.pdf  return=333291.0
[ep_plot] ep=40 -> /its/home/mm2350/extra/Olympusv2/benchmarks/benchmark_responsive_fairness/data/ma_dreamer_second_try/5_flows/run40/ep000040_bw68_d84_n1.pdf  return=333290.96875
[sao-listener] new flow 1 10.0.0.1:23300->10.0.0.6:5204 cc=astraea pid=709208 child=711928
[sao-listener] single-flow mode: attached worker; stopping ss scans
[sao-listener flow 1] cport=23300 cc=astraea worker active
[responsive_fairness] slot=7 ma_dreamer_second_try flows=5 run=50
[responsive_fairness] ma_dreamer_second_try flows=5 run=40 done (140/200)
[slot=7] ep=50  env=responsive_fairness_join45_score300  bw=73Mbps  delay=44ms  duration=345s
[sao-listener] cport=23800 worker=/its/home/mm2350/extra/Olympusv2/olympus/algorithms/ma_dreamer/worker.py scan=20ms target_cc=astraea single_flow=1 no_state_pipe=1
[worker cport=23900 agent=0] loaded checkpoint step=58994
[worker alg=ma_dreamer reward=tempest_fairness_ma cport=23900 agent=0 group=slot0_ep44 flow=1] started interval=20ms det=1 latent=8x8
[sao-listener] new flow 1 10.0.0.1:23000->10.0.0.6:5201 cc=astraea pid=710455 child=713018
[sao-listener] single-flow mode: attached worker; stopping ss scans
[sao-listener flow 1] cport=23000 cc=astraea worker active
[sao-listener] cport=23700 worker=/its/home/mm2350/extra/Olympusv2/olympus/algorithms/ma_dreamer/worker.py scan=20ms target_cc=astraea single_flow=1 no_state_pipe=1
[worker cport=23300 agent=0] loaded checkpoint step=58994
[worker alg=ma_dreamer reward=tempest_fairness_ma cport=23300 agent=0 group=slot0_ep42 flow=1] started interval=20ms det=1 latent=8x8
[worker cport=23000 agent=0] loaded checkpoint step=58994
[worker alg=ma_dreamer reward=tempest_fairness_ma cport=23000 agent=0 group=slot0_ep45 flow=1] started interval=20ms det=1 latent=8x8
[sao-listener] new flow 1 10.0.0.1:23500->10.0.0.6:5206 cc=astraea pid=711606 child=713361
[sao-listener] single-flow mode: attached worker; stopping ss scans
[sao-listener flow 1] cport=23500 cc=astraea worker active
[sao-listener] new flow 1 10.0.0.1:23100->10.0.0.6:5202 cc=astraea pid=711982 child=713561
[sao-listener] single-flow mode: attached worker; stopping ss scans
[sao-listener flow 1] cport=23100 cc=astraea worker active
[worker cport=23500 agent=0] loaded checkpoint step=58994
[worker alg=ma_dreamer reward=tempest_fairness_ma cport=23500 agent=0 group=slot0_ep46 flow=1] started interval=20ms det=1 latent=8x8
[sao-listener] new flow 1 10.0.0.1:23600->10.0.0.6:5207 cc=astraea pid=712545 child=713763
[sao-listener] single-flow mode: attached worker; stopping ss scans
[sao-listener flow 1] cport=23600 cc=astraea worker active
[worker cport=23100 agent=0] loaded checkpoint step=58994
[worker alg=ma_dreamer reward=tempest_fairness_ma cport=23100 agent=0 group=slot0_ep47 flow=1] started interval=20ms det=1 latent=8x8
[worker cport=23600 agent=0] loaded checkpoint step=58994
[worker alg=ma_dreamer reward=tempest_fairness_ma cport=23600 agent=0 group=slot0_ep48 flow=1] started interval=20ms det=1 latent=8x8
[sao-listener] new flow 1 10.0.0.1:23800->10.0.0.6:5209 cc=astraea pid=713177 child=713907
[sao-listener] single-flow mode: attached worker; stopping ss scans
[sao-listener flow 1] cport=23800 cc=astraea worker active
[sao-listener] new flow 1 10.0.0.1:23700->10.0.0.6:5208 cc=astraea pid=713227 child=714027
[sao-listener] single-flow mode: attached worker; stopping ss scans
[sao-listener flow 1] cport=23700 cc=astraea worker active
[worker cport=23800 agent=0] loaded checkpoint step=58994
[worker alg=ma_dreamer reward=tempest_fairness_ma cport=23800 agent=0 group=slot0_ep49 flow=1] started interval=20ms det=1 latent=8x8
[worker cport=23700 agent=0] loaded checkpoint step=58994
[worker alg=ma_dreamer reward=tempest_fairness_ma cport=23700 agent=0 group=slot0_ep50 flow=1] started interval=20ms det=1 latent=8x8
[orch] link change t=15.0s bw=39 delay=31
[orch] link change t=15.0s bw=13 delay=45
[orch] link change t=15.0s bw=99 delay=28
[orch] link change t=15.0s bw=79 delay=99
[orch] link change t=15.0s bw=72 delay=42
[orch] link change t=15.0s bw=15 delay=85
[orch] link change t=15.0s bw=65 delay=80
[orch] link change t=15.0s bw=26 delay=81
[orch] link change t=15.0s bw=62 delay=24
[orch] link change t=15.0s bw=56 delay=91
[orch] link change t=30.0s bw=59 delay=83
[orch] link change t=30.0s bw=41 delay=38
[orch] link change t=30.0s bw=69 delay=57
[orch] link change t=30.0s bw=24 delay=32
[orch] link change t=30.0s bw=20 delay=48
[orch] link change t=30.0s bw=85 delay=39
[orch] link change t=30.0s bw=68 delay=83
[orch] link change t=30.0s bw=78 delay=48
[orch] link change t=30.0s bw=51 delay=80
[orch] link change t=30.0s bw=41 delay=98
[orch] link change t=45.0s bw=98 delay=46
[orch] link change t=45.0s bw=27 delay=23
[orch] link change t=45.0s bw=95 delay=99
[orch] link change t=45.0s bw=58 delay=38
[orch] link change t=45.0s bw=53 delay=12
[orch] link change t=45.0s bw=91 delay=76
[orch] link change t=45.0s bw=53 delay=42
[orch] link change t=45.0s bw=74 delay=34
[orch] link change t=45.0s bw=75 delay=16
[orch] link change t=45.0s bw=70 delay=52
[orch] link change t=60.0s bw=80 delay=45
[orch] link change t=60.0s bw=96 delay=79
[orch] link change t=60.0s bw=22 delay=68
[orch] link change t=60.0s bw=47 delay=13
[orch] link change t=60.0s bw=19 delay=71
[orch] link change t=60.0s bw=29 delay=84
[orch] link change t=60.0s bw=75 delay=59
[orch] link change t=60.0s bw=65 delay=31
[orch] link change t=60.0s bw=97 delay=15
[orch] link change t=60.0s bw=20 delay=78
[orch] link change t=75.0s bw=59 delay=83
[orch] link change t=75.0s bw=21 delay=85
[orch] link change t=75.0s bw=86 delay=73
[orch] link change t=75.0s bw=38 delay=24
[orch] link change t=75.0s bw=11 delay=24
[orch] link change t=75.0s bw=78 delay=14
[orch] link change t=75.0s bw=60 delay=88
[orch] link change t=75.0s bw=29 delay=94
[orch] link change t=75.0s bw=45 delay=29
[orch] link change t=75.0s bw=50 delay=38
[orch] link change t=90.0s bw=11 delay=41
[orch] link change t=90.0s bw=64 delay=14
[orch] link change t=90.0s bw=87 delay=12
[orch] link change t=90.0s bw=82 delay=11
[orch] link change t=90.0s bw=46 delay=25
[orch] link change t=90.0s bw=13 delay=18
[orch] link change t=90.0s bw=15 delay=63
[orch] link change t=90.0s bw=23 delay=73
[orch] link change t=90.0s bw=68 delay=15
[orch] link change t=90.0s bw=96 delay=81
[orch] link change t=105.0s bw=94 delay=12
[orch] link change t=105.0s bw=13 delay=21
[orch] link change t=105.0s bw=75 delay=65
[orch] link change t=105.0s bw=22 delay=30
[orch] link change t=105.0s bw=49 delay=93
[orch] link change t=105.0s bw=50 delay=90
[orch] link change t=105.0s bw=94 delay=13
[orch] link change t=105.0s bw=93 delay=38
[orch] link change t=105.0s bw=90 delay=79
[orch] link change t=105.0s bw=20 delay=29
[orch] link change t=120.0s bw=66 delay=29
[orch] link change t=120.0s bw=37 delay=39
[orch] link change t=120.0s bw=83 delay=57
[orch] link change t=120.0s bw=75 delay=98
[orch] link change t=120.0s bw=14 delay=89
[orch] link change t=120.0s bw=16 delay=13
[orch] link change t=120.0s bw=23 delay=10
[orch] link change t=120.0s bw=37 delay=75
[orch] link change t=120.0s bw=74 delay=38
[orch] link change t=120.0s bw=54 delay=22
[orch] link change t=135.0s bw=29 delay=50
[orch] link change t=135.0s bw=74 delay=87
[orch] link change t=135.0s bw=89 delay=80
[orch] link change t=135.0s bw=48 delay=98
[orch] link change t=135.0s bw=18 delay=27
[orch] link change t=135.0s bw=27 delay=80
[orch] link change t=135.0s bw=43 delay=71
[orch] link change t=135.0s bw=81 delay=75
[orch] link change t=135.0s bw=87 delay=46
[orch] link change t=135.0s bw=54 delay=50
[orch] link change t=150.0s bw=31 delay=42
[orch] link change t=150.0s bw=13 delay=81
[orch] link change t=150.0s bw=65 delay=60
[orch] link change t=150.0s bw=91 delay=58
[orch] link change t=150.0s bw=44 delay=29
[orch] link change t=150.0s bw=47 delay=77
[orch] link change t=150.0s bw=79 delay=11
[orch] link change t=150.0s bw=29 delay=70
[orch] link change t=150.0s bw=83 delay=57
[orch] link change t=150.0s bw=38 delay=34
[orch] link change t=165.0s bw=93 delay=98
[orch] link change t=165.0s bw=35 delay=93
[orch] link change t=165.0s bw=32 delay=17
[orch] link change t=165.0s bw=85 delay=61
[orch] link change t=165.0s bw=37 delay=64
[orch] link change t=165.0s bw=52 delay=21
[orch] link change t=165.0s bw=50 delay=82
[orch] link change t=165.0s bw=37 delay=13
[orch] link change t=165.0s bw=61 delay=13
[orch] link change t=165.0s bw=18 delay=52
[orch] link change t=180.0s bw=89 delay=84
[orch] link change t=180.0s bw=99 delay=79
[orch] link change t=180.0s bw=23 delay=25
[orch] link change t=180.0s bw=98 delay=95
[orch] link change t=180.0s bw=19 delay=88
[orch] link change t=180.0s bw=60 delay=100
[orch] link change t=180.0s bw=64 delay=39
[orch] link change t=180.0s bw=19 delay=64
[orch] link change t=180.0s bw=41 delay=27
[orch] link change t=180.0s bw=87 delay=87
[orch] link change t=195.0s bw=17 delay=25
[orch] link change t=195.0s bw=63 delay=38
[orch] link change t=195.0s bw=58 delay=29
[orch] link change t=195.0s bw=51 delay=55
[orch] link change t=195.0s bw=62 delay=28
[orch] link change t=195.0s bw=71 delay=56
[orch] link change t=195.0s bw=40 delay=76
[orch] link change t=195.0s bw=18 delay=26
[orch] link change t=195.0s bw=22 delay=64
[orch] link change t=195.0s bw=64 delay=91
[orch] link change t=210.0s bw=85 delay=14
[orch] link change t=210.0s bw=67 delay=85
[orch] link change t=210.0s bw=22 delay=30
[orch] link change t=210.0s bw=19 delay=53
[orch] link change t=210.0s bw=99 delay=17
[orch] link change t=210.0s bw=29 delay=70
[orch] link change t=210.0s bw=75 delay=55
[orch] link change t=210.0s bw=73 delay=96
[orch] link change t=210.0s bw=58 delay=51
[orch] link change t=210.0s bw=21 delay=18
[orch] link change t=225.0s bw=65 delay=46
[orch] link change t=225.0s bw=45 delay=10
[orch] link change t=225.0s bw=75 delay=73
[orch] link change t=225.0s bw=46 delay=89
[orch] link change t=225.0s bw=14 delay=32
[orch] link change t=225.0s bw=69 delay=19
[orch] link change t=225.0s bw=66 delay=40
[orch] link change t=225.0s bw=30 delay=26
[orch] link change t=225.0s bw=55 delay=44
[orch] link change t=225.0s bw=98 delay=87
[orch] link change t=240.0s bw=37 delay=19
[orch] link change t=240.0s bw=30 delay=99
[orch] link change t=240.0s bw=26 delay=59
[orch] link change t=240.0s bw=30 delay=24
[orch] link change t=240.0s bw=51 delay=42
[orch] link change t=240.0s bw=68 delay=99
[orch] link change t=240.0s bw=14 delay=81
[orch] link change t=240.0s bw=17 delay=99
[orch] link change t=240.0s bw=93 delay=61
[orch] link change t=240.0s bw=52 delay=98
[orch] link change t=255.0s bw=56 delay=70
[orch] link change t=255.0s bw=64 delay=53
[orch] link change t=255.0s bw=86 delay=74
[orch] link change t=255.0s bw=75 delay=18
[orch] link change t=255.0s bw=55 delay=50
[orch] link change t=255.0s bw=79 delay=89
[orch] link change t=255.0s bw=57 delay=98
[orch] link change t=255.0s bw=80 delay=47
[orch] link change t=255.0s bw=88 delay=89
[orch] link change t=255.0s bw=92 delay=65
[orch] link change t=270.0s bw=26 delay=81
[orch] link change t=270.0s bw=45 delay=29
[orch] link change t=270.0s bw=44 delay=83
[orch] link change t=270.0s bw=85 delay=22
[orch] link change t=270.0s bw=22 delay=62
[orch] link change t=270.0s bw=24 delay=65
[orch] link change t=270.0s bw=55 delay=86
[orch] link change t=270.0s bw=53 delay=99
[orch] link change t=270.0s bw=16 delay=94
[orch] link change t=270.0s bw=10 delay=39
[orch] link change t=285.0s bw=95 delay=12
[orch] link change t=285.0s bw=37 delay=53
[orch] link change t=285.0s bw=33 delay=58
[orch] link change t=285.0s bw=44 delay=50
[orch] link change t=285.0s bw=21 delay=12
[orch] link change t=285.0s bw=38 delay=53
[orch] link change t=285.0s bw=53 delay=81
[orch] link change t=285.0s bw=53 delay=22
[orch] link change t=285.0s bw=62 delay=98
[orch] link change t=285.0s bw=53 delay=44
[orch] link change t=300.0s bw=25 delay=22
[orch] link change t=300.0s bw=23 delay=21
[orch] link change t=300.0s bw=18 delay=16
[orch] link change t=300.0s bw=23 delay=90
[orch] link change t=300.0s bw=52 delay=50
[orch] link change t=300.0s bw=74 delay=66
[orch] link change t=300.0s bw=83 delay=35
[orch] link change t=300.0s bw=40 delay=44
[orch] link change t=300.0s bw=79 delay=88
[orch] link change t=300.0s bw=65 delay=99
[orch] link change t=315.0s bw=28 delay=98
[orch] link change t=315.0s bw=58 delay=22
[orch] link change t=315.0s bw=84 delay=17
[orch] link change t=315.0s bw=47 delay=14
[orch] link change t=315.0s bw=59 delay=99
[orch] link change t=315.0s bw=45 delay=29
[orch] link change t=315.0s bw=40 delay=14
[orch] link change t=315.0s bw=43 delay=92
[orch] link change t=315.0s bw=36 delay=93
[orch] link change t=315.0s bw=23 delay=35
[orch] link change t=330.0s bw=32 delay=16
[orch] link change t=330.0s bw=55 delay=54
[orch] link change t=330.0s bw=33 delay=17
[orch] link change t=330.0s bw=54 delay=59
[orch] link change t=330.0s bw=77 delay=94
[orch] link change t=330.0s bw=23 delay=86
[orch] link change t=330.0s bw=26 delay=52
[orch] link change t=330.0s bw=11 delay=83
[orch] link change t=330.0s bw=18 delay=82
[orch] link change t=330.0s bw=66 delay=44
[multi_ep_plot] saved -> /its/home/mm2350/extra/Olympusv2/benchmarks/benchmark_responsive_fairness/data/ma_dreamer_second_try/5_flows/run41/ep000041_bw58_d52_n1.pdf  return=328414.1
[ep_plot] ep=41 -> /its/home/mm2350/extra/Olympusv2/benchmarks/benchmark_responsive_fairness/data/ma_dreamer_second_try/5_flows/run41/ep000041_bw58_d52_n1.pdf  return=328414.0625
[responsive_fairness] slot=2 ma_dreamer_second_try flows=7 run=1
[responsive_fairness] ma_dreamer_second_try flows=5 run=41 done (141/200)
[slot=2] ep=1  env=responsive_fairness_join45_score300  bw=27Mbps  delay=82ms  duration=345s
[sao-listener] cport=23200 worker=/its/home/mm2350/extra/Olympusv2/olympus/algorithms/ma_dreamer/worker.py scan=20ms target_cc=astraea single_flow=1 no_state_pipe=1
[multi_ep_plot] saved -> /its/home/mm2350/extra/Olympusv2/benchmarks/benchmark_responsive_fairness/data/ma_dreamer_second_try/5_flows/run42/ep000042_bw91_d24_n1.pdf  return=306606.0
[ep_plot] ep=42 -> /its/home/mm2350/extra/Olympusv2/benchmarks/benchmark_responsive_fairness/data/ma_dreamer_second_try/5_flows/run42/ep000042_bw91_d24_n1.pdf  return=306606.0
[responsive_fairness] slot=3 ma_dreamer_second_try flows=7 run=2
[responsive_fairness] ma_dreamer_second_try flows=5 run=42 done (142/200)
[slot=3] ep=2  env=responsive_fairness_join45_score300  bw=17Mbps  delay=21ms  duration=345s
[multi_ep_plot] saved -> /its/home/mm2350/extra/Olympusv2/benchmarks/benchmark_responsive_fairness/data/ma_dreamer_second_try/5_flows/run43/ep000043_bw14_d46_n1.pdf  return=325104.8
[ep_plot] ep=43 -> /its/home/mm2350/extra/Olympusv2/benchmarks/benchmark_responsive_fairness/data/ma_dreamer_second_try/5_flows/run43/ep000043_bw14_d46_n1.pdf  return=325104.75
[responsive_fairness] slot=4 ma_dreamer_second_try flows=7 run=3
[responsive_fairness] ma_dreamer_second_try flows=5 run=43 done (143/200)
[slot=4] ep=3  env=responsive_fairness_join45_score300  bw=40Mbps  delay=85ms  duration=345s
[multi_ep_plot] saved -> /its/home/mm2350/extra/Olympusv2/benchmarks/benchmark_responsive_fairness/data/ma_dreamer_second_try/5_flows/run44/ep000044_bw62_d76_n1.pdf  return=330021.7
[ep_plot] ep=44 -> /its/home/mm2350/extra/Olympusv2/benchmarks/benchmark_responsive_fairness/data/ma_dreamer_second_try/5_flows/run44/ep000044_bw62_d76_n1.pdf  return=330021.65625
[responsive_fairness] slot=9 ma_dreamer_second_try flows=7 run=4
[responsive_fairness] ma_dreamer_second_try flows=5 run=44 done (144/200)
[slot=9] ep=4  env=responsive_fairness_join45_score300  bw=40Mbps  delay=48ms  duration=345s
[sao-listener] cport=23300 worker=/its/home/mm2350/extra/Olympusv2/olympus/algorithms/ma_dreamer/worker.py scan=20ms target_cc=astraea single_flow=1 no_state_pipe=1
[multi_ep_plot] saved -> /its/home/mm2350/extra/Olympusv2/benchmarks/benchmark_responsive_fairness/data/ma_dreamer_second_try/5_flows/run45/ep000045_bw44_d63_n1.pdf  return=307624.4
[ep_plot] ep=45 -> /its/home/mm2350/extra/Olympusv2/benchmarks/benchmark_responsive_fairness/data/ma_dreamer_second_try/5_flows/run45/ep000045_bw44_d63_n1.pdf  return=307624.375
[responsive_fairness] slot=0 ma_dreamer_second_try flows=7 run=5
[responsive_fairness] ma_dreamer_second_try flows=5 run=45 done (145/200)
[slot=0] ep=5  env=responsive_fairness_join45_score300  bw=89Mbps  delay=42ms  duration=345s
[sao-listener] new flow 1 10.0.0.1:23200->10.0.0.8:5203 cc=astraea pid=717238 child=718662
[sao-listener] single-flow mode: attached worker; stopping ss scans
[sao-listener flow 1] cport=23200 cc=astraea worker active
[sao-listener] cport=23400 worker=/its/home/mm2350/extra/Olympusv2/olympus/algorithms/ma_dreamer/worker.py scan=20ms target_cc=astraea single_flow=1 no_state_pipe=1
[multi_ep_plot] saved -> /its/home/mm2350/extra/Olympusv2/benchmarks/benchmark_responsive_fairness/data/ma_dreamer_second_try/5_flows/run46/ep000046_bw19_d61_n1.pdf  return=334884.5
[ep_plot] ep=46 -> /its/home/mm2350/extra/Olympusv2/benchmarks/benchmark_responsive_fairness/data/ma_dreamer_second_try/5_flows/run46/ep000046_bw19_d61_n1.pdf  return=334884.53125
[responsive_fairness] slot=5 ma_dreamer_second_try flows=7 run=6
[responsive_fairness] ma_dreamer_second_try flows=5 run=46 done (146/200)
[slot=5] ep=6  env=responsive_fairness_join45_score300  bw=83Mbps  delay=20ms  duration=345s
[sao-listener] new flow 1 10.0.0.1:23300->10.0.0.8:5204 cc=astraea pid=719121 child=719678
[sao-listener] single-flow mode: attached worker; stopping ss scans
[sao-listener flow 1] cport=23300 cc=astraea worker active
[sao-listener] cport=23900 worker=/its/home/mm2350/extra/Olympusv2/olympus/algorithms/ma_dreamer/worker.py scan=20ms target_cc=astraea single_flow=1 no_state_pipe=1
[multi_ep_plot] saved -> /its/home/mm2350/extra/Olympusv2/benchmarks/benchmark_responsive_fairness/data/ma_dreamer_second_try/5_flows/run47/ep000047_bw55_d18_n1.pdf  return=328717.4
[ep_plot] ep=47 -> /its/home/mm2350/extra/Olympusv2/benchmarks/benchmark_responsive_fairness/data/ma_dreamer_second_try/5_flows/run47/ep000047_bw55_d18_n1.pdf  return=328717.4375
[responsive_fairness] slot=1 ma_dreamer_second_try flows=7 run=7
[responsive_fairness] ma_dreamer_second_try flows=5 run=47 done (147/200)
[slot=1] ep=7  env=responsive_fairness_join45_score300  bw=51Mbps  delay=29ms  duration=345s
[worker cport=23200 agent=0] loaded checkpoint step=58994
[worker alg=ma_dreamer reward=tempest_fairness_ma cport=23200 agent=0 group=slot0_ep1 flow=1] started interval=20ms det=1 latent=8x8
[sao-listener] cport=23000 worker=/its/home/mm2350/extra/Olympusv2/olympus/algorithms/ma_dreamer/worker.py scan=20ms target_cc=astraea single_flow=1 no_state_pipe=1
[multi_ep_plot] saved -> /its/home/mm2350/extra/Olympusv2/benchmarks/benchmark_responsive_fairness/data/ma_dreamer_second_try/5_flows/run48/ep000048_bw80_d50_n1.pdf  return=325516.3
[ep_plot] ep=48 -> /its/home/mm2350/extra/Olympusv2/benchmarks/benchmark_responsive_fairness/data/ma_dreamer_second_try/5_flows/run48/ep000048_bw80_d50_n1.pdf  return=325516.28125
[responsive_fairness] slot=6 ma_dreamer_second_try flows=7 run=8
[responsive_fairness] ma_dreamer_second_try flows=5 run=48 done (148/200)
[slot=6] ep=8  env=responsive_fairness_join45_score300  bw=39Mbps  delay=57ms  duration=345s
[sao-listener] new flow 1 10.0.0.1:23400->10.0.0.8:5205 cc=astraea pid=719614 child=721080
[sao-listener] single-flow mode: attached worker; stopping ss scans
[sao-listener flow 1] cport=23400 cc=astraea worker active
[worker cport=23300 agent=0] loaded checkpoint step=58994
[worker alg=ma_dreamer reward=tempest_fairness_ma cport=23300 agent=0 group=slot0_ep2 flow=1] started interval=20ms det=1 latent=8x8
[multi_ep_plot] saved -> /its/home/mm2350/extra/Olympusv2/benchmarks/benchmark_responsive_fairness/data/ma_dreamer_second_try/5_flows/run49/ep000049_bw18_d54_n1.pdf  return=353662.9
[ep_plot] ep=49 -> /its/home/mm2350/extra/Olympusv2/benchmarks/benchmark_responsive_fairness/data/ma_dreamer_second_try/5_flows/run49/ep000049_bw18_d54_n1.pdf  return=353662.875
[responsive_fairness] slot=8 ma_dreamer_second_try flows=7 run=9
[responsive_fairness] ma_dreamer_second_try flows=5 run=49 done (149/200)
[slot=8] ep=9  env=responsive_fairness_join45_score300  bw=69Mbps  delay=88ms  duration=345s
[sao-listener] cport=23500 worker=/its/home/mm2350/extra/Olympusv2/olympus/algorithms/ma_dreamer/worker.py scan=20ms target_cc=astraea single_flow=1 no_state_pipe=1
[sao-listener] cport=23100 worker=/its/home/mm2350/extra/Olympusv2/olympus/algorithms/ma_dreamer/worker.py scan=20ms target_cc=astraea single_flow=1 no_state_pipe=1
[multi_ep_plot] saved -> /its/home/mm2350/extra/Olympusv2/benchmarks/benchmark_responsive_fairness/data/ma_dreamer_second_try/5_flows/run50/ep000050_bw73_d44_n1.pdf  return=324045.1
[ep_plot] ep=50 -> /its/home/mm2350/extra/Olympusv2/benchmarks/benchmark_responsive_fairness/data/ma_dreamer_second_try/5_flows/run50/ep000050_bw73_d44_n1.pdf  return=324045.125
[responsive_fairness] slot=7 ma_dreamer_second_try flows=7 run=10
[responsive_fairness] ma_dreamer_second_try flows=5 run=50 done (150/200)
[slot=7] ep=10  env=responsive_fairness_join45_score300  bw=83Mbps  delay=14ms  duration=345s
[sao-listener] cport=23600 worker=/its/home/mm2350/extra/Olympusv2/olympus/algorithms/ma_dreamer/worker.py scan=20ms target_cc=astraea single_flow=1 no_state_pipe=1
[worker cport=23400 agent=0] loaded checkpoint step=58994
[worker alg=ma_dreamer reward=tempest_fairness_ma cport=23400 agent=0 group=slot0_ep3 flow=1] started interval=20ms det=1 latent=8x8
[sao-listener] cport=23800 worker=/its/home/mm2350/extra/Olympusv2/olympus/algorithms/ma_dreamer/worker.py scan=20ms target_cc=astraea single_flow=1 no_state_pipe=1
[sao-listener] new flow 1 10.0.0.1:23900->10.0.0.8:5210 cc=astraea pid=720695 child=724143
[sao-listener] single-flow mode: attached worker; stopping ss scans
[sao-listener flow 1] cport=23900 cc=astraea worker active
[sao-listener] cport=23700 worker=/its/home/mm2350/extra/Olympusv2/olympus/algorithms/ma_dreamer/worker.py scan=20ms target_cc=astraea single_flow=1 no_state_pipe=1
[worker cport=23900 agent=0] loaded checkpoint step=58994
[worker alg=ma_dreamer reward=tempest_fairness_ma cport=23900 agent=0 group=slot0_ep4 flow=1] started interval=20ms det=1 latent=8x8
[sao-listener] new flow 1 10.0.0.1:23000->10.0.0.8:5201 cc=astraea pid=721104 child=724554
[sao-listener] single-flow mode: attached worker; stopping ss scans
[sao-listener flow 1] cport=23000 cc=astraea worker active
[worker cport=23000 agent=0] loaded checkpoint step=58994
[worker alg=ma_dreamer reward=tempest_fairness_ma cport=23000 agent=0 group=slot0_ep5 flow=1] started interval=20ms det=1 latent=8x8
[sao-listener] new flow 1 10.0.0.1:23500->10.0.0.8:5206 cc=astraea pid=722615 child=724823
[sao-listener] single-flow mode: attached worker; stopping ss scans
[sao-listener flow 1] cport=23500 cc=astraea worker active
[worker cport=23500 agent=0] loaded checkpoint step=58994
[worker alg=ma_dreamer reward=tempest_fairness_ma cport=23500 agent=0 group=slot0_ep6 flow=1] started interval=20ms det=1 latent=8x8
[sao-listener] new flow 1 10.0.0.1:23100->10.0.0.8:5202 cc=astraea pid=723186 child=724998
[sao-listener] single-flow mode: attached worker; stopping ss scans
[sao-listener flow 1] cport=23100 cc=astraea worker active
[worker cport=23100 agent=0] loaded checkpoint step=58994
[worker alg=ma_dreamer reward=tempest_fairness_ma cport=23100 agent=0 group=slot0_ep7 flow=1] started interval=20ms det=1 latent=8x8
[sao-listener] new flow 1 10.0.0.1:23600->10.0.0.8:5207 cc=astraea pid=723753 child=725167
[sao-listener] single-flow mode: attached worker; stopping ss scans
[sao-listener flow 1] cport=23600 cc=astraea worker active
[worker cport=23600 agent=0] loaded checkpoint step=58994
[worker alg=ma_dreamer reward=tempest_fairness_ma cport=23600 agent=0 group=slot0_ep8 flow=1] started interval=20ms det=1 latent=8x8
[sao-listener] new flow 1 10.0.0.1:23800->10.0.0.8:5209 cc=astraea pid=724391 child=725319
[sao-listener] single-flow mode: attached worker; stopping ss scans
[sao-listener flow 1] cport=23800 cc=astraea worker active
[sao-listener] new flow 1 10.0.0.1:23700->10.0.0.8:5208 cc=astraea pid=724460 child=725445
[sao-listener] single-flow mode: attached worker; stopping ss scans
[sao-listener flow 1] cport=23700 cc=astraea worker active
[worker cport=23800 agent=0] loaded checkpoint step=58994
[worker alg=ma_dreamer reward=tempest_fairness_ma cport=23800 agent=0 group=slot0_ep9 flow=1] started interval=20ms det=1 latent=8x8
[worker cport=23700 agent=0] loaded checkpoint step=58994
[worker alg=ma_dreamer reward=tempest_fairness_ma cport=23700 agent=0 group=slot0_ep10 flow=1] started interval=20ms det=1 latent=8x8
[orch] link change t=15.0s bw=18 delay=42
[orch] link change t=15.0s bw=20 delay=56
[orch] link change t=15.0s bw=79 delay=26
[orch] link change t=15.0s bw=23 delay=60
[orch] link change t=15.0s bw=55 delay=98
[orch] link change t=15.0s bw=72 delay=43
[orch] link change t=15.0s bw=60 delay=93
[orch] link change t=15.0s bw=58 delay=26
[orch] link change t=15.0s bw=57 delay=44
[orch] link change t=15.0s bw=64 delay=71
[orch] link change t=30.0s bw=25 delay=73
[orch] link change t=30.0s bw=31 delay=95
[orch] link change t=30.0s bw=57 delay=87
[orch] link change t=30.0s bw=71 delay=29
[orch] link change t=30.0s bw=93 delay=77
[orch] link change t=30.0s bw=14 delay=10
[orch] link change t=30.0s bw=16 delay=19
[orch] link change t=30.0s bw=34 delay=100
[orch] link change t=30.0s bw=27 delay=33
[orch] link change t=30.0s bw=83 delay=11
[orch] link change t=45.0s bw=67 delay=70
[orch] link change t=45.0s bw=49 delay=42
[orch] link change t=45.0s bw=70 delay=90
[orch] link change t=45.0s bw=21 delay=18
[orch] link change t=45.0s bw=13 delay=69
[orch] link change t=45.0s bw=28 delay=94
[orch] link change t=45.0s bw=78 delay=22
[orch] link change t=45.0s bw=15 delay=20
[orch] link change t=45.0s bw=96 delay=10
[orch] link change t=45.0s bw=36 delay=69
[orch] link change t=60.0s bw=93 delay=58
[orch] link change t=60.0s bw=87 delay=37
[orch] link change t=60.0s bw=84 delay=18
[orch] link change t=60.0s bw=12 delay=61
[orch] link change t=60.0s bw=41 delay=93
[orch] link change t=60.0s bw=85 delay=70
[orch] link change t=60.0s bw=56 delay=84
[orch] link change t=60.0s bw=27 delay=41
[orch] link change t=60.0s bw=53 delay=74
[orch] link change t=60.0s bw=72 delay=45
[orch] link change t=75.0s bw=36 delay=22
[orch] link change t=75.0s bw=87 delay=14
[orch] link change t=75.0s bw=87 delay=11
[orch] link change t=75.0s bw=80 delay=47
[orch] link change t=75.0s bw=16 delay=30
[orch] link change t=75.0s bw=57 delay=50
[orch] link change t=75.0s bw=17 delay=74
[orch] link change t=75.0s bw=74 delay=36
[orch] link change t=75.0s bw=69 delay=87
[orch] link change t=75.0s bw=93 delay=30
[orch] link change t=90.0s bw=72 delay=13
[orch] link change t=90.0s bw=84 delay=97
[orch] link change t=90.0s bw=70 delay=43
[orch] link change t=90.0s bw=17 delay=38
[orch] link change t=90.0s bw=24 delay=57
[orch] link change t=90.0s bw=12 delay=44
[orch] link change t=90.0s bw=37 delay=14
[orch] link change t=90.0s bw=61 delay=92
[orch] link change t=90.0s bw=20 delay=52
[orch] link change t=90.0s bw=14 delay=76
[orch] link change t=105.0s bw=59 delay=65
[orch] link change t=105.0s bw=30 delay=65
[orch] link change t=105.0s bw=80 delay=39
[orch] link change t=105.0s bw=76 delay=78
[orch] link change t=105.0s bw=70 delay=41
[orch] link change t=105.0s bw=72 delay=35
[orch] link change t=105.0s bw=21 delay=65
[orch] link change t=105.0s bw=13 delay=68
[orch] link change t=105.0s bw=80 delay=88
[orch] link change t=105.0s bw=72 delay=51
[orch] link change t=120.0s bw=87 delay=10
[orch] link change t=120.0s bw=91 delay=60
[orch] link change t=120.0s bw=34 delay=70
[orch] link change t=120.0s bw=56 delay=45
[orch] link change t=120.0s bw=58 delay=79
[orch] link change t=120.0s bw=62 delay=78
[orch] link change t=120.0s bw=63 delay=18
[orch] link change t=120.0s bw=72 delay=68
[orch] link change t=120.0s bw=99 delay=15
[orch] link change t=120.0s bw=19 delay=41
[orch] link change t=135.0s bw=99 delay=67
[orch] link change t=135.0s bw=75 delay=57
[orch] link change t=135.0s bw=79 delay=80
[orch] link change t=135.0s bw=32 delay=23
[orch] link change t=135.0s bw=23 delay=83
[orch] link change t=135.0s bw=79 delay=97
[orch] link change t=135.0s bw=40 delay=21
[orch] link change t=135.0s bw=59 delay=73
[orch] link change t=135.0s bw=58 delay=31
[orch] link change t=135.0s bw=56 delay=15
[orch] link change t=150.0s bw=44 delay=39
[orch] link change t=150.0s bw=79 delay=66
[orch] link change t=150.0s bw=70 delay=60
[orch] link change t=150.0s bw=43 delay=37
[orch] link change t=150.0s bw=41 delay=11
[orch] link change t=150.0s bw=22 delay=34
[orch] link change t=150.0s bw=80 delay=64
[orch] link change t=150.0s bw=83 delay=34
[orch] link change t=150.0s bw=100 delay=67
[orch] link change t=150.0s bw=63 delay=27
[orch] link change t=165.0s bw=85 delay=23
[orch] link change t=165.0s bw=74 delay=44
[orch] link change t=165.0s bw=91 delay=29
[orch] link change t=165.0s bw=13 delay=92
[orch] link change t=165.0s bw=37 delay=62
[orch] link change t=165.0s bw=82 delay=80
[orch] link change t=165.0s bw=17 delay=82
[orch] link change t=165.0s bw=61 delay=21
[orch] link change t=165.0s bw=64 delay=30
[orch] link change t=165.0s bw=87 delay=55
[orch] link change t=180.0s bw=50 delay=13
[orch] link change t=180.0s bw=14 delay=13
[orch] link change t=180.0s bw=39 delay=91
[orch] link change t=180.0s bw=43 delay=44
[orch] link change t=180.0s bw=45 delay=33
[orch] link change t=180.0s bw=99 delay=43
[orch] link change t=180.0s bw=25 delay=38
[orch] link change t=180.0s bw=72 delay=39
[orch] link change t=180.0s bw=31 delay=40
[orch] link change t=180.0s bw=58 delay=63
[orch] link change t=195.0s bw=12 delay=13
[orch] link change t=195.0s bw=56 delay=69
[orch] link change t=195.0s bw=29 delay=76
[orch] link change t=195.0s bw=34 delay=31
[orch] link change t=195.0s bw=59 delay=30
[orch] link change t=195.0s bw=94 delay=88
[orch] link change t=195.0s bw=90 delay=90
[orch] link change t=195.0s bw=12 delay=99
[orch] link change t=195.0s bw=16 delay=24
[orch] link change t=195.0s bw=46 delay=96
[orch] link change t=210.0s bw=93 delay=79
[orch] link change t=210.0s bw=50 delay=58
[orch] link change t=210.0s bw=59 delay=11
[orch] link change t=210.0s bw=49 delay=47
[orch] link change t=210.0s bw=19 delay=27
[orch] link change t=210.0s bw=97 delay=21
[orch] link change t=210.0s bw=84 delay=17
[orch] link change t=210.0s bw=44 delay=76
[orch] link change t=210.0s bw=26 delay=74
[orch] link change t=210.0s bw=43 delay=68
[orch] link change t=225.0s bw=11 delay=58
[orch] link change t=225.0s bw=64 delay=77
[orch] link change t=225.0s bw=95 delay=18
[orch] link change t=225.0s bw=90 delay=57
[orch] link change t=225.0s bw=89 delay=89
[orch] link change t=225.0s bw=64 delay=52
[orch] link change t=225.0s bw=83 delay=84
[orch] link change t=225.0s bw=62 delay=70
[orch] link change t=225.0s bw=85 delay=18
[orch] link change t=225.0s bw=32 delay=97
[orch] link change t=240.0s bw=97 delay=37
[orch] link change t=240.0s bw=31 delay=81
[orch] link change t=240.0s bw=30 delay=85
[orch] link change t=240.0s bw=21 delay=87
[orch] link change t=240.0s bw=66 delay=26
[orch] link change t=240.0s bw=21 delay=56
[orch] link change t=240.0s bw=60 delay=16
[orch] link change t=240.0s bw=58 delay=24
[orch] link change t=240.0s bw=98 delay=59
[orch] link change t=240.0s bw=48 delay=94
[orch] link change t=255.0s bw=64 delay=13
[orch] link change t=255.0s bw=32 delay=40
[orch] link change t=255.0s bw=15 delay=48
[orch] link change t=255.0s bw=53 delay=95
[orch] link change t=255.0s bw=26 delay=10
[orch] link change t=255.0s bw=62 delay=42
[orch] link change t=255.0s bw=38 delay=15
[orch] link change t=255.0s bw=94 delay=43
[orch] link change t=255.0s bw=23 delay=47
[orch] link change t=255.0s bw=56 delay=27
[orch] link change t=270.0s bw=77 delay=38
[orch] link change t=270.0s bw=39 delay=13
[orch] link change t=270.0s bw=13 delay=44
[orch] link change t=270.0s bw=59 delay=74
[orch] link change t=270.0s bw=10 delay=36
[orch] link change t=270.0s bw=66 delay=99
[orch] link change t=270.0s bw=81 delay=27
[orch] link change t=270.0s bw=22 delay=18
[orch] link change t=270.0s bw=36 delay=96
[orch] link change t=270.0s bw=68 delay=40
[orch] link change t=285.0s bw=66 delay=73
[orch] link change t=285.0s bw=32 delay=51
[orch] link change t=285.0s bw=70 delay=86
[orch] link change t=285.0s bw=41 delay=32
[orch] link change t=285.0s bw=37 delay=31
[orch] link change t=285.0s bw=22 delay=35
[orch] link change t=285.0s bw=47 delay=63
[orch] link change t=285.0s bw=59 delay=89
[orch] link change t=285.0s bw=38 delay=63
[orch] link change t=285.0s bw=66 delay=88
[orch] link change t=300.0s bw=80 delay=39
[orch] link change t=300.0s bw=32 delay=27
[orch] link change t=300.0s bw=59 delay=64
[orch] link change t=300.0s bw=41 delay=70
[orch] link change t=300.0s bw=31 delay=47
[orch] link change t=300.0s bw=99 delay=91
[orch] link change t=300.0s bw=28 delay=79
[orch] link change t=300.0s bw=58 delay=23
[orch] link change t=300.0s bw=21 delay=44
[orch] link change t=300.0s bw=58 delay=15
[orch] link change t=315.0s bw=54 delay=39
[orch] link change t=315.0s bw=75 delay=75
[orch] link change t=315.0s bw=60 delay=83
[orch] link change t=315.0s bw=45 delay=21
[orch] link change t=315.0s bw=50 delay=35
[orch] link change t=315.0s bw=47 delay=22
[orch] link change t=315.0s bw=25 delay=83
[orch] link change t=315.0s bw=94 delay=17
[orch] link change t=315.0s bw=36 delay=60
[orch] link change t=315.0s bw=84 delay=10
[orch] link change t=330.0s bw=96 delay=38
[orch] link change t=330.0s bw=56 delay=75
[orch] link change t=330.0s bw=66 delay=27
[orch] link change t=330.0s bw=80 delay=48
[orch] link change t=330.0s bw=79 delay=96
[orch] link change t=330.0s bw=15 delay=85
[orch] link change t=330.0s bw=49 delay=81
[orch] link change t=330.0s bw=53 delay=40
[orch] link change t=330.0s bw=45 delay=53
[orch] link change t=330.0s bw=40 delay=27
[multi_ep_plot] saved -> /its/home/mm2350/extra/Olympusv2/benchmarks/benchmark_responsive_fairness/data/ma_dreamer_second_try/7_flows/run1/ep000001_bw27_d82_n1.pdf  return=273492.4
[ep_plot] ep=1 -> /its/home/mm2350/extra/Olympusv2/benchmarks/benchmark_responsive_fairness/data/ma_dreamer_second_try/7_flows/run1/ep000001_bw27_d82_n1.pdf  return=273492.40625
[responsive_fairness] slot=2 ma_dreamer_second_try flows=7 run=11
[responsive_fairness] ma_dreamer_second_try flows=7 run=1 done (151/200)
[slot=2] ep=11  env=responsive_fairness_join45_score300  bw=67Mbps  delay=81ms  duration=345s
[sao-listener] cport=23200 worker=/its/home/mm2350/extra/Olympusv2/olympus/algorithms/ma_dreamer/worker.py scan=20ms target_cc=astraea single_flow=1 no_state_pipe=1
[multi_ep_plot] saved -> /its/home/mm2350/extra/Olympusv2/benchmarks/benchmark_responsive_fairness/data/ma_dreamer_second_try/7_flows/run2/ep000002_bw17_d21_n1.pdf  return=302696.9
[ep_plot] ep=2 -> /its/home/mm2350/extra/Olympusv2/benchmarks/benchmark_responsive_fairness/data/ma_dreamer_second_try/7_flows/run2/ep000002_bw17_d21_n1.pdf  return=302696.875
[responsive_fairness] slot=3 ma_dreamer_second_try flows=7 run=12
[responsive_fairness] ma_dreamer_second_try flows=7 run=2 done (152/200)
[slot=3] ep=12  env=responsive_fairness_join45_score300  bw=70Mbps  delay=44ms  duration=345s
[multi_ep_plot] saved -> /its/home/mm2350/extra/Olympusv2/benchmarks/benchmark_responsive_fairness/data/ma_dreamer_second_try/7_flows/run3/ep000003_bw40_d85_n1.pdf  return=313338.3
[ep_plot] ep=3 -> /its/home/mm2350/extra/Olympusv2/benchmarks/benchmark_responsive_fairness/data/ma_dreamer_second_try/7_flows/run3/ep000003_bw40_d85_n1.pdf  return=313338.28125
[responsive_fairness] slot=4 ma_dreamer_second_try flows=7 run=13
[responsive_fairness] ma_dreamer_second_try flows=7 run=3 done (153/200)
[slot=4] ep=13  env=responsive_fairness_join45_score300  bw=43Mbps  delay=47ms  duration=345s
[multi_ep_plot] saved -> /its/home/mm2350/extra/Olympusv2/benchmarks/benchmark_responsive_fairness/data/ma_dreamer_second_try/7_flows/run4/ep000004_bw40_d48_n1.pdf  return=275431.8
[ep_plot] ep=4 -> /its/home/mm2350/extra/Olympusv2/benchmarks/benchmark_responsive_fairness/data/ma_dreamer_second_try/7_flows/run4/ep000004_bw40_d48_n1.pdf  return=275431.84375
[sao-listener] new flow 1 10.0.0.1:23200->10.0.0.8:5203 cc=astraea pid=728762 child=729365
[sao-listener] single-flow mode: attached worker; stopping ss scans
[sao-listener flow 1] cport=23200 cc=astraea worker active
[responsive_fairness] slot=9 ma_dreamer_second_try flows=7 run=14
[responsive_fairness] ma_dreamer_second_try flows=7 run=4 done (154/200)
[slot=9] ep=14  env=responsive_fairness_join45_score300  bw=23Mbps  delay=88ms  duration=345s
[multi_ep_plot] saved -> /its/home/mm2350/extra/Olympusv2/benchmarks/benchmark_responsive_fairness/data/ma_dreamer_second_try/7_flows/run5/ep000005_bw89_d42_n1.pdf  return=269344.3
[ep_plot] ep=5 -> /its/home/mm2350/extra/Olympusv2/benchmarks/benchmark_responsive_fairness/data/ma_dreamer_second_try/7_flows/run5/ep000005_bw89_d42_n1.pdf  return=269344.3125
[sao-listener] cport=23300 worker=/its/home/mm2350/extra/Olympusv2/olympus/algorithms/ma_dreamer/worker.py scan=20ms target_cc=astraea single_flow=1 no_state_pipe=1
[responsive_fairness] slot=0 ma_dreamer_second_try flows=7 run=15
[responsive_fairness] ma_dreamer_second_try flows=7 run=5 done (155/200)
[slot=0] ep=15  env=responsive_fairness_join45_score300  bw=36Mbps  delay=11ms  duration=345s
[sao-listener] cport=23400 worker=/its/home/mm2350/extra/Olympusv2/olympus/algorithms/ma_dreamer/worker.py scan=20ms target_cc=astraea single_flow=1 no_state_pipe=1
[worker cport=23200 agent=0] loaded checkpoint step=58994
[worker alg=ma_dreamer reward=tempest_fairness_ma cport=23200 agent=0 group=slot0_ep11 flow=1] started interval=20ms det=1 latent=8x8
[multi_ep_plot] saved -> /its/home/mm2350/extra/Olympusv2/benchmarks/benchmark_responsive_fairness/data/ma_dreamer_second_try/7_flows/run6/ep000006_bw83_d20_n1.pdf  return=309635.9
[ep_plot] ep=6 -> /its/home/mm2350/extra/Olympusv2/benchmarks/benchmark_responsive_fairness/data/ma_dreamer_second_try/7_flows/run6/ep000006_bw83_d20_n1.pdf  return=309635.9375
[sao-listener] new flow 1 10.0.0.1:23300->10.0.0.8:5204 cc=astraea pid=730755 child=731371
[sao-listener] single-flow mode: attached worker; stopping ss scans
[sao-listener flow 1] cport=23300 cc=astraea worker active
[responsive_fairness] slot=5 ma_dreamer_second_try flows=7 run=16
[responsive_fairness] ma_dreamer_second_try flows=7 run=6 done (156/200)
[slot=5] ep=16  env=responsive_fairness_join45_score300  bw=56Mbps  delay=70ms  duration=345s
[sao-listener] cport=23900 worker=/its/home/mm2350/extra/Olympusv2/olympus/algorithms/ma_dreamer/worker.py scan=20ms target_cc=astraea single_flow=1 no_state_pipe=1
[multi_ep_plot] saved -> /its/home/mm2350/extra/Olympusv2/benchmarks/benchmark_responsive_fairness/data/ma_dreamer_second_try/7_flows/run7/ep000007_bw51_d29_n1.pdf  return=308575.6
[ep_plot] ep=7 -> /its/home/mm2350/extra/Olympusv2/benchmarks/benchmark_responsive_fairness/data/ma_dreamer_second_try/7_flows/run7/ep000007_bw51_d29_n1.pdf  return=308575.625
[sao-listener] cport=23000 worker=/its/home/mm2350/extra/Olympusv2/olympus/algorithms/ma_dreamer/worker.py scan=20ms target_cc=astraea single_flow=1 no_state_pipe=1
[responsive_fairness] slot=1 ma_dreamer_second_try flows=7 run=17
[responsive_fairness] ma_dreamer_second_try flows=7 run=7 done (157/200)
[slot=1] ep=17  env=responsive_fairness_join45_score300  bw=76Mbps  delay=63ms  duration=345s
[multi_ep_plot] saved -> /its/home/mm2350/extra/Olympusv2/benchmarks/benchmark_responsive_fairness/data/ma_dreamer_second_try/7_flows/run8/ep000008_bw39_d57_n1.pdf  return=313757.9
[ep_plot] ep=8 -> /its/home/mm2350/extra/Olympusv2/benchmarks/benchmark_responsive_fairness/data/ma_dreamer_second_try/7_flows/run8/ep000008_bw39_d57_n1.pdf  return=313757.90625
[responsive_fairness] slot=6 ma_dreamer_second_try flows=7 run=18
[responsive_fairness] ma_dreamer_second_try flows=7 run=8 done (158/200)
[slot=6] ep=18  env=responsive_fairness_join45_score300  bw=33Mbps  delay=25ms  duration=345s
[sao-listener] new flow 1 10.0.0.1:23400->10.0.0.8:5205 cc=astraea pid=731129 child=732597
[sao-listener] single-flow mode: attached worker; stopping ss scans
[sao-listener flow 1] cport=23400 cc=astraea worker active
[worker cport=23300 agent=0] loaded checkpoint step=58994
[worker alg=ma_dreamer reward=tempest_fairness_ma cport=23300 agent=0 group=slot0_ep12 flow=1] started interval=20ms det=1 latent=8x8
[multi_ep_plot] saved -> /its/home/mm2350/extra/Olympusv2/benchmarks/benchmark_responsive_fairness/data/ma_dreamer_second_try/7_flows/run9/ep000009_bw69_d88_n1.pdf  return=287032.5
[ep_plot] ep=9 -> /its/home/mm2350/extra/Olympusv2/benchmarks/benchmark_responsive_fairness/data/ma_dreamer_second_try/7_flows/run9/ep000009_bw69_d88_n1.pdf  return=287032.53125
[sao-listener] cport=23500 worker=/its/home/mm2350/extra/Olympusv2/olympus/algorithms/ma_dreamer/worker.py scan=20ms target_cc=astraea single_flow=1 no_state_pipe=1
[responsive_fairness] slot=8 ma_dreamer_second_try flows=7 run=19
[responsive_fairness] ma_dreamer_second_try flows=7 run=9 done (159/200)
[slot=8] ep=19  env=responsive_fairness_join45_score300  bw=96Mbps  delay=15ms  duration=345s
[multi_ep_plot] saved -> /its/home/mm2350/extra/Olympusv2/benchmarks/benchmark_responsive_fairness/data/ma_dreamer_second_try/7_flows/run10/ep000010_bw83_d14_n1.pdf  return=325593.8
[ep_plot] ep=10 -> /its/home/mm2350/extra/Olympusv2/benchmarks/benchmark_responsive_fairness/data/ma_dreamer_second_try/7_flows/run10/ep000010_bw83_d14_n1.pdf  return=325593.75
[sao-listener] cport=23100 worker=/its/home/mm2350/extra/Olympusv2/olympus/algorithms/ma_dreamer/worker.py scan=20ms target_cc=astraea single_flow=1 no_state_pipe=1
[responsive_fairness] slot=7 ma_dreamer_second_try flows=7 run=20
[responsive_fairness] ma_dreamer_second_try flows=7 run=10 done (160/200)
[slot=7] ep=20  env=responsive_fairness_join45_score300  bw=97Mbps  delay=29ms  duration=345s
[worker cport=23400 agent=0] loaded checkpoint step=58994
[worker alg=ma_dreamer reward=tempest_fairness_ma cport=23400 agent=0 group=slot0_ep13 flow=1] started interval=20ms det=1 latent=8x8
[sao-listener] cport=23600 worker=/its/home/mm2350/extra/Olympusv2/olympus/algorithms/ma_dreamer/worker.py scan=20ms target_cc=astraea single_flow=1 no_state_pipe=1
[sao-listener] cport=23800 worker=/its/home/mm2350/extra/Olympusv2/olympus/algorithms/ma_dreamer/worker.py scan=20ms target_cc=astraea single_flow=1 no_state_pipe=1
[sao-listener] new flow 1 10.0.0.1:23900->10.0.0.8:5210 cc=astraea pid=732217 child=735389
[sao-listener] single-flow mode: attached worker; stopping ss scans
[sao-listener flow 1] cport=23900 cc=astraea worker active
[sao-listener] cport=23700 worker=/its/home/mm2350/extra/Olympusv2/olympus/algorithms/ma_dreamer/worker.py scan=20ms target_cc=astraea single_flow=1 no_state_pipe=1
[sao-listener] new flow 1 10.0.0.1:23000->10.0.0.8:5201 cc=astraea pid=732456 child=736092
[sao-listener] single-flow mode: attached worker; stopping ss scans
[sao-listener flow 1] cport=23000 cc=astraea worker active
[worker cport=23900 agent=0] loaded checkpoint step=58994
[worker alg=ma_dreamer reward=tempest_fairness_ma cport=23900 agent=0 group=slot0_ep14 flow=1] started interval=20ms det=1 latent=8x8
[worker cport=23000 agent=0] loaded checkpoint step=58994
[worker alg=ma_dreamer reward=tempest_fairness_ma cport=23000 agent=0 group=slot0_ep15 flow=1] started interval=20ms det=1 latent=8x8
[sao-listener] new flow 1 10.0.0.1:23500->10.0.0.8:5206 cc=astraea pid=734184 child=736453
[sao-listener] single-flow mode: attached worker; stopping ss scans
[sao-listener flow 1] cport=23500 cc=astraea worker active
[sao-listener] new flow 1 10.0.0.1:23100->10.0.0.8:5202 cc=astraea pid=734599 child=736573
[sao-listener] single-flow mode: attached worker; stopping ss scans
[sao-listener flow 1] cport=23100 cc=astraea worker active
[worker cport=23500 agent=0] loaded checkpoint step=58994
[worker alg=ma_dreamer reward=tempest_fairness_ma cport=23500 agent=0 group=slot0_ep16 flow=1] started interval=20ms det=1 latent=8x8
[worker cport=23100 agent=0] loaded checkpoint step=58994
[worker alg=ma_dreamer reward=tempest_fairness_ma cport=23100 agent=0 group=slot0_ep17 flow=1] started interval=20ms det=1 latent=8x8
[sao-listener] new flow 1 10.0.0.1:23600->10.0.0.8:5207 cc=astraea pid=735512 child=736802
[sao-listener] single-flow mode: attached worker; stopping ss scans
[sao-listener flow 1] cport=23600 cc=astraea worker active
[worker cport=23600 agent=0] loaded checkpoint step=58994
[worker alg=ma_dreamer reward=tempest_fairness_ma cport=23600 agent=0 group=slot0_ep18 flow=1] started interval=20ms det=1 latent=8x8
[sao-listener] new flow 1 10.0.0.1:23800->10.0.0.8:5209 cc=astraea pid=736042 child=736962
[sao-listener] single-flow mode: attached worker; stopping ss scans
[sao-listener flow 1] cport=23800 cc=astraea worker active
[sao-listener] new flow 1 10.0.0.1:23700->10.0.0.8:5208 cc=astraea pid=736095 child=737089
[sao-listener] single-flow mode: attached worker; stopping ss scans
[sao-listener flow 1] cport=23700 cc=astraea worker active
[worker cport=23800 agent=0] loaded checkpoint step=58994
[worker alg=ma_dreamer reward=tempest_fairness_ma cport=23800 agent=0 group=slot0_ep19 flow=1] started interval=20ms det=1 latent=8x8
[worker cport=23700 agent=0] loaded checkpoint step=58994
[worker alg=ma_dreamer reward=tempest_fairness_ma cport=23700 agent=0 group=slot0_ep20 flow=1] started interval=20ms det=1 latent=8x8
[orch] link change t=15.0s bw=69 delay=67
[orch] link change t=15.0s bw=94 delay=77
[orch] link change t=15.0s bw=97 delay=97
[orch] link change t=15.0s bw=99 delay=93
[orch] link change t=15.0s bw=76 delay=14
[orch] link change t=15.0s bw=71 delay=46
[orch] link change t=15.0s bw=48 delay=56
[orch] link change t=15.0s bw=94 delay=67
[orch] link change t=15.0s bw=76 delay=25
[orch] link change t=15.0s bw=43 delay=96
[orch] link change t=30.0s bw=75 delay=85
[orch] link change t=30.0s bw=95 delay=54
[orch] link change t=30.0s bw=33 delay=93
[orch] link change t=30.0s bw=77 delay=41
[orch] link change t=30.0s bw=30 delay=40
[orch] link change t=30.0s bw=63 delay=39
[orch] link change t=30.0s bw=47 delay=32
[orch] link change t=30.0s bw=52 delay=40
[orch] link change t=30.0s bw=75 delay=35
[orch] link change t=30.0s bw=91 delay=22
[orch] link change t=45.0s bw=34 delay=33
[orch] link change t=45.0s bw=28 delay=58
[orch] link change t=45.0s bw=39 delay=95
[orch] link change t=45.0s bw=44 delay=42
[orch] link change t=45.0s bw=12 delay=17
[orch] link change t=45.0s bw=67 delay=10
[orch] link change t=45.0s bw=100 delay=100
[orch] link change t=45.0s bw=35 delay=72
[orch] link change t=45.0s bw=60 delay=54
[orch] link change t=45.0s bw=51 delay=83
[orch] link change t=60.0s bw=75 delay=70
[orch] link change t=60.0s bw=11 delay=57
[orch] link change t=60.0s bw=28 delay=38
[orch] link change t=60.0s bw=47 delay=19
[orch] link change t=60.0s bw=97 delay=28
[orch] link change t=60.0s bw=62 delay=94
[orch] link change t=60.0s bw=79 delay=94
[orch] link change t=60.0s bw=90 delay=73
[orch] link change t=60.0s bw=77 delay=47
[orch] link change t=60.0s bw=31 delay=13
[orch] link change t=75.0s bw=90 delay=88
[orch] link change t=75.0s bw=71 delay=45
[orch] link change t=75.0s bw=92 delay=33
[orch] link change t=75.0s bw=94 delay=67
[orch] link change t=75.0s bw=98 delay=57
[orch] link change t=75.0s bw=43 delay=40
[orch] link change t=75.0s bw=45 delay=24
[orch] link change t=75.0s bw=33 delay=71
[orch] link change t=75.0s bw=84 delay=28
[orch] link change t=75.0s bw=62 delay=62
[orch] link change t=90.0s bw=33 delay=22
[orch] link change t=90.0s bw=92 delay=68
[orch] link change t=90.0s bw=26 delay=19
[orch] link change t=90.0s bw=48 delay=69
[orch] link change t=90.0s bw=40 delay=24
[orch] link change t=90.0s bw=91 delay=38
[orch] link change t=90.0s bw=13 delay=41
[orch] link change t=90.0s bw=47 delay=68
[orch] link change t=90.0s bw=86 delay=43
[orch] link change t=90.0s bw=19 delay=23
[orch] link change t=105.0s bw=67 delay=48
[orch] link change t=105.0s bw=98 delay=86
[orch] link change t=105.0s bw=78 delay=37
[orch] link change t=105.0s bw=97 delay=60
[orch] link change t=105.0s bw=53 delay=69
[orch] link change t=105.0s bw=11 delay=47
[orch] link change t=105.0s bw=59 delay=63
[orch] link change t=105.0s bw=43 delay=35
[orch] link change t=105.0s bw=23 delay=43
[orch] link change t=105.0s bw=26 delay=50
[orch] link change t=120.0s bw=28 delay=21
[orch] link change t=120.0s bw=39 delay=81
[orch] link change t=120.0s bw=47 delay=13
[orch] link change t=120.0s bw=60 delay=25
[orch] link change t=120.0s bw=100 delay=55
[orch] link change t=120.0s bw=48 delay=52
[orch] link change t=120.0s bw=42 delay=74
[orch] link change t=120.0s bw=42 delay=98
[orch] link change t=120.0s bw=62 delay=51
[orch] link change t=120.0s bw=70 delay=84
[orch] link change t=135.0s bw=78 delay=98
[orch] link change t=135.0s bw=10 delay=94
[orch] link change t=135.0s bw=65 delay=26
[orch] link change t=135.0s bw=43 delay=38
[orch] link change t=135.0s bw=45 delay=60
[orch] link change t=135.0s bw=95 delay=28
[orch] link change t=135.0s bw=50 delay=91
[orch] link change t=135.0s bw=25 delay=51
[orch] link change t=135.0s bw=44 delay=23
[orch] link change t=135.0s bw=67 delay=62
[orch] link change t=150.0s bw=91 delay=15
[orch] link change t=150.0s bw=89 delay=28
[orch] link change t=150.0s bw=97 delay=87
[orch] link change t=150.0s bw=50 delay=55
[orch] link change t=150.0s bw=43 delay=54
[orch] link change t=150.0s bw=87 delay=49
[orch] link change t=150.0s bw=97 delay=61
[orch] link change t=150.0s bw=76 delay=96
[orch] link change t=150.0s bw=51 delay=49
[orch] link change t=150.0s bw=36 delay=35
[orch] link change t=165.0s bw=86 delay=60
[orch] link change t=165.0s bw=66 delay=57
[orch] link change t=165.0s bw=11 delay=45
[orch] link change t=165.0s bw=43 delay=56
[orch] link change t=165.0s bw=39 delay=36
[orch] link change t=165.0s bw=12 delay=38
[orch] link change t=165.0s bw=27 delay=80
[orch] link change t=165.0s bw=32 delay=40
[orch] link change t=165.0s bw=12 delay=82
[orch] link change t=165.0s bw=50 delay=90
[orch] link change t=180.0s bw=67 delay=93
[orch] link change t=180.0s bw=30 delay=53
[orch] link change t=180.0s bw=28 delay=20
[orch] link change t=180.0s bw=90 delay=90
[orch] link change t=180.0s bw=55 delay=50
[orch] link change t=180.0s bw=87 delay=42
[orch] link change t=180.0s bw=17 delay=27
[orch] link change t=180.0s bw=31 delay=40
[orch] link change t=180.0s bw=89 delay=35
[orch] link change t=180.0s bw=97 delay=52
[orch] link change t=195.0s bw=88 delay=93
[orch] link change t=195.0s bw=36 delay=17
[orch] link change t=195.0s bw=43 delay=67
[orch] link change t=195.0s bw=76 delay=29
[orch] link change t=195.0s bw=38 delay=49
[orch] link change t=195.0s bw=12 delay=29
[orch] link change t=195.0s bw=35 delay=29
[orch] link change t=195.0s bw=35 delay=56
[orch] link change t=195.0s bw=19 delay=35
[orch] link change t=195.0s bw=52 delay=64
[orch] link change t=210.0s bw=30 delay=89
[orch] link change t=210.0s bw=83 delay=35
[orch] link change t=210.0s bw=65 delay=27
[orch] link change t=210.0s bw=30 delay=80
[orch] link change t=210.0s bw=75 delay=63
[orch] link change t=210.0s bw=87 delay=95
[orch] link change t=210.0s bw=100 delay=78
[orch] link change t=210.0s bw=83 delay=74
[orch] link change t=210.0s bw=24 delay=79
[orch] link change t=210.0s bw=21 delay=90
[orch] link change t=225.0s bw=11 delay=77
[orch] link change t=225.0s bw=19 delay=75
[orch] link change t=225.0s bw=42 delay=55
[orch] link change t=225.0s bw=95 delay=94
[orch] link change t=225.0s bw=39 delay=83
[orch] link change t=225.0s bw=90 delay=13
[orch] link change t=225.0s bw=81 delay=97
[orch] link change t=225.0s bw=35 delay=96
[orch] link change t=225.0s bw=68 delay=59
[orch] link change t=225.0s bw=76 delay=72
[orch] link change t=240.0s bw=18 delay=17
[orch] link change t=240.0s bw=97 delay=53
[orch] link change t=240.0s bw=39 delay=72
[orch] link change t=240.0s bw=45 delay=31
[orch] link change t=240.0s bw=68 delay=63
[orch] link change t=240.0s bw=69 delay=68
[orch] link change t=240.0s bw=36 delay=52
[orch] link change t=240.0s bw=73 delay=37
[orch] link change t=240.0s bw=19 delay=22
[orch] link change t=240.0s bw=61 delay=20
[orch] link change t=255.0s bw=14 delay=34
[orch] link change t=255.0s bw=97 delay=61
[orch] link change t=255.0s bw=80 delay=82
[orch] link change t=255.0s bw=11 delay=93
[orch] link change t=255.0s bw=72 delay=20
[orch] link change t=255.0s bw=86 delay=90
[orch] link change t=255.0s bw=79 delay=25
[orch] link change t=255.0s bw=48 delay=43
[orch] link change t=255.0s bw=63 delay=12
[orch] link change t=255.0s bw=36 delay=83
[orch] link change t=270.0s bw=40 delay=86
[orch] link change t=270.0s bw=21 delay=12
[orch] link change t=270.0s bw=64 delay=95
[orch] link change t=270.0s bw=18 delay=25
[orch] link change t=270.0s bw=69 delay=82
[orch] link change t=270.0s bw=100 delay=47
[orch] link change t=270.0s bw=91 delay=18
[orch] link change t=270.0s bw=10 delay=53
[orch] link change t=270.0s bw=22 delay=84
[orch] link change t=270.0s bw=41 delay=14
[orch] link change t=285.0s bw=13 delay=69
[orch] link change t=285.0s bw=17 delay=94
[orch] link change t=285.0s bw=56 delay=65
[orch] link change t=285.0s bw=86 delay=53
[orch] link change t=285.0s bw=56 delay=66
[orch] link change t=285.0s bw=38 delay=49
[orch] link change t=285.0s bw=49 delay=62
[orch] link change t=285.0s bw=61 delay=38
[orch] link change t=285.0s bw=64 delay=60
[orch] link change t=285.0s bw=35 delay=22
[orch] link change t=300.0s bw=51 delay=66
[orch] link change t=300.0s bw=75 delay=38
[orch] link change t=300.0s bw=91 delay=50
[orch] link change t=300.0s bw=13 delay=20
[orch] link change t=300.0s bw=82 delay=50
[orch] link change t=300.0s bw=56 delay=43
[orch] link change t=300.0s bw=20 delay=74
[orch] link change t=300.0s bw=61 delay=78
[orch] link change t=300.0s bw=66 delay=94
[orch] link change t=300.0s bw=20 delay=34
[orch] link change t=315.0s bw=85 delay=35
[orch] link change t=315.0s bw=21 delay=64
[orch] link change t=315.0s bw=93 delay=25
[orch] link change t=315.0s bw=45 delay=36
[orch] link change t=315.0s bw=98 delay=92
[orch] link change t=315.0s bw=63 delay=21
[orch] link change t=315.0s bw=70 delay=91
[orch] link change t=315.0s bw=54 delay=85
[orch] link change t=315.0s bw=48 delay=83
[orch] link change t=315.0s bw=42 delay=98
[orch] link change t=330.0s bw=76 delay=39
[orch] link change t=330.0s bw=66 delay=24
[orch] link change t=330.0s bw=54 delay=86
[orch] link change t=330.0s bw=58 delay=61
[orch] link change t=330.0s bw=67 delay=61
[orch] link change t=330.0s bw=54 delay=73
[orch] link change t=330.0s bw=86 delay=28
[orch] link change t=330.0s bw=83 delay=77
[orch] link change t=330.0s bw=74 delay=30
[orch] link change t=330.0s bw=46 delay=49
[multi_ep_plot] saved -> /its/home/mm2350/extra/Olympusv2/benchmarks/benchmark_responsive_fairness/data/ma_dreamer_second_try/7_flows/run11/ep000011_bw67_d81_n1.pdf  return=299609.4
[ep_plot] ep=11 -> /its/home/mm2350/extra/Olympusv2/benchmarks/benchmark_responsive_fairness/data/ma_dreamer_second_try/7_flows/run11/ep000011_bw67_d81_n1.pdf  return=299609.4375
[responsive_fairness] slot=2 ma_dreamer_second_try flows=7 run=21
[responsive_fairness] ma_dreamer_second_try flows=7 run=11 done (161/200)
[slot=2] ep=21  env=responsive_fairness_join45_score300  bw=31Mbps  delay=63ms  duration=345s
[sao-listener] cport=23200 worker=/its/home/mm2350/extra/Olympusv2/olympus/algorithms/ma_dreamer/worker.py scan=20ms target_cc=astraea single_flow=1 no_state_pipe=1
[multi_ep_plot] saved -> /its/home/mm2350/extra/Olympusv2/benchmarks/benchmark_responsive_fairness/data/ma_dreamer_second_try/7_flows/run12/ep000012_bw70_d44_n1.pdf  return=327187.8
[ep_plot] ep=12 -> /its/home/mm2350/extra/Olympusv2/benchmarks/benchmark_responsive_fairness/data/ma_dreamer_second_try/7_flows/run12/ep000012_bw70_d44_n1.pdf  return=327187.75
[responsive_fairness] slot=3 ma_dreamer_second_try flows=7 run=22
[responsive_fairness] ma_dreamer_second_try flows=7 run=12 done (162/200)
[slot=3] ep=22  env=responsive_fairness_join45_score300  bw=27Mbps  delay=41ms  duration=345s
[multi_ep_plot] saved -> /its/home/mm2350/extra/Olympusv2/benchmarks/benchmark_responsive_fairness/data/ma_dreamer_second_try/7_flows/run13/ep000013_bw43_d47_n1.pdf  return=307532.7
[ep_plot] ep=13 -> /its/home/mm2350/extra/Olympusv2/benchmarks/benchmark_responsive_fairness/data/ma_dreamer_second_try/7_flows/run13/ep000013_bw43_d47_n1.pdf  return=307532.6875
[responsive_fairness] slot=4 ma_dreamer_second_try flows=7 run=23
[responsive_fairness] ma_dreamer_second_try flows=7 run=13 done (163/200)
[slot=4] ep=23  env=responsive_fairness_join45_score300  bw=47Mbps  delay=20ms  duration=345s
[multi_ep_plot] saved -> /its/home/mm2350/extra/Olympusv2/benchmarks/benchmark_responsive_fairness/data/ma_dreamer_second_try/7_flows/run14/ep000014_bw23_d88_n1.pdf  return=284886.5
[ep_plot] ep=14 -> /its/home/mm2350/extra/Olympusv2/benchmarks/benchmark_responsive_fairness/data/ma_dreamer_second_try/7_flows/run14/ep000014_bw23_d88_n1.pdf  return=284886.53125
[responsive_fairness] slot=9 ma_dreamer_second_try flows=7 run=24
[responsive_fairness] ma_dreamer_second_try flows=7 run=14 done (164/200)
[slot=9] ep=24  env=responsive_fairness_join45_score300  bw=59Mbps  delay=84ms  duration=345s
[sao-listener] new flow 1 10.0.0.1:23200->10.0.0.8:5203 cc=astraea pid=740237 child=741200
[sao-listener] single-flow mode: attached worker; stopping ss scans
[sao-listener flow 1] cport=23200 cc=astraea worker active
[multi_ep_plot] saved -> /its/home/mm2350/extra/Olympusv2/benchmarks/benchmark_responsive_fairness/data/ma_dreamer_second_try/7_flows/run15/ep000015_bw36_d11_n1.pdf  return=335966.8
[ep_plot] ep=15 -> /its/home/mm2350/extra/Olympusv2/benchmarks/benchmark_responsive_fairness/data/ma_dreamer_second_try/7_flows/run15/ep000015_bw36_d11_n1.pdf  return=335966.8125
[responsive_fairness] slot=0 ma_dreamer_second_try flows=7 run=25
[responsive_fairness] ma_dreamer_second_try flows=7 run=15 done (165/200)
[slot=0] ep=25  env=responsive_fairness_join45_score300  bw=58Mbps  delay=11ms  duration=345s
[sao-listener] cport=23300 worker=/its/home/mm2350/extra/Olympusv2/olympus/algorithms/ma_dreamer/worker.py scan=20ms target_cc=astraea single_flow=1 no_state_pipe=1
[sao-listener] cport=23400 worker=/its/home/mm2350/extra/Olympusv2/olympus/algorithms/ma_dreamer/worker.py scan=20ms target_cc=astraea single_flow=1 no_state_pipe=1
[worker cport=23200 agent=0] loaded checkpoint step=58994
[worker alg=ma_dreamer reward=tempest_fairness_ma cport=23200 agent=0 group=slot0_ep21 flow=1] started interval=20ms det=1 latent=8x8
[sao-listener] new flow 1 10.0.0.1:23300->10.0.0.8:5204 cc=astraea pid=742507 child=743181
[sao-listener] single-flow mode: attached worker; stopping ss scans
[sao-listener flow 1] cport=23300 cc=astraea worker active
[sao-listener] cport=23900 worker=/its/home/mm2350/extra/Olympusv2/olympus/algorithms/ma_dreamer/worker.py scan=20ms target_cc=astraea single_flow=1 no_state_pipe=1
[multi_ep_plot] saved -> /its/home/mm2350/extra/Olympusv2/benchmarks/benchmark_responsive_fairness/data/ma_dreamer_second_try/7_flows/run16/ep000016_bw56_d70_n1.pdf  return=278319.0
[ep_plot] ep=16 -> /its/home/mm2350/extra/Olympusv2/benchmarks/benchmark_responsive_fairness/data/ma_dreamer_second_try/7_flows/run16/ep000016_bw56_d70_n1.pdf  return=278319.0
[responsive_fairness] slot=5 ma_dreamer_second_try flows=7 run=26
[responsive_fairness] ma_dreamer_second_try flows=7 run=16 done (166/200)
[slot=5] ep=26  env=responsive_fairness_join45_score300  bw=35Mbps  delay=94ms  duration=345s
[sao-listener] cport=23000 worker=/its/home/mm2350/extra/Olympusv2/olympus/algorithms/ma_dreamer/worker.py scan=20ms target_cc=astraea single_flow=1 no_state_pipe=1
[multi_ep_plot] saved -> /its/home/mm2350/extra/Olympusv2/benchmarks/benchmark_responsive_fairness/data/ma_dreamer_second_try/7_flows/run17/ep000017_bw76_d63_n1.pdf  return=315595.0
[ep_plot] ep=17 -> /its/home/mm2350/extra/Olympusv2/benchmarks/benchmark_responsive_fairness/data/ma_dreamer_second_try/7_flows/run17/ep000017_bw76_d63_n1.pdf  return=315595.0
[responsive_fairness] slot=1 ma_dreamer_second_try flows=7 run=27
[responsive_fairness] ma_dreamer_second_try flows=7 run=17 done (167/200)
[slot=1] ep=27  env=responsive_fairness_join45_score300  bw=93Mbps  delay=71ms  duration=345s
[multi_ep_plot] saved -> /its/home/mm2350/extra/Olympusv2/benchmarks/benchmark_responsive_fairness/data/ma_dreamer_second_try/7_flows/run18/ep000018_bw33_d25_n1.pdf  return=312703.1
[ep_plot] ep=18 -> /its/home/mm2350/extra/Olympusv2/benchmarks/benchmark_responsive_fairness/data/ma_dreamer_second_try/7_flows/run18/ep000018_bw33_d25_n1.pdf  return=312703.0625
[responsive_fairness] slot=6 ma_dreamer_second_try flows=7 run=28
[responsive_fairness] ma_dreamer_second_try flows=7 run=18 done (168/200)
[sao-listener] new flow 1 10.0.0.1:23400->10.0.0.8:5205 cc=astraea pid=742865 child=744236
[sao-listener] single-flow mode: attached worker; stopping ss scans
[sao-listener flow 1] cport=23400 cc=astraea worker active
[slot=6] ep=28  env=responsive_fairness_join45_score300  bw=24Mbps  delay=26ms  duration=345s
[worker cport=23300 agent=0] loaded checkpoint step=58994
[worker alg=ma_dreamer reward=tempest_fairness_ma cport=23300 agent=0 group=slot0_ep22 flow=1] started interval=20ms det=1 latent=8x8
[sao-listener] cport=23500 worker=/its/home/mm2350/extra/Olympusv2/olympus/algorithms/ma_dreamer/worker.py scan=20ms target_cc=astraea single_flow=1 no_state_pipe=1
[multi_ep_plot] saved -> /its/home/mm2350/extra/Olympusv2/benchmarks/benchmark_responsive_fairness/data/ma_dreamer_second_try/7_flows/run19/ep000019_bw96_d15_n1.pdf  return=294074.3
[ep_plot] ep=19 -> /its/home/mm2350/extra/Olympusv2/benchmarks/benchmark_responsive_fairness/data/ma_dreamer_second_try/7_flows/run19/ep000019_bw96_d15_n1.pdf  return=294074.34375
[responsive_fairness] slot=8 ma_dreamer_second_try flows=7 run=29
[responsive_fairness] ma_dreamer_second_try flows=7 run=19 done (169/200)
[slot=8] ep=29  env=responsive_fairness_join45_score300  bw=80Mbps  delay=19ms  duration=345s
[sao-listener] cport=23100 worker=/its/home/mm2350/extra/Olympusv2/olympus/algorithms/ma_dreamer/worker.py scan=20ms target_cc=astraea single_flow=1 no_state_pipe=1
[multi_ep_plot] saved -> /its/home/mm2350/extra/Olympusv2/benchmarks/benchmark_responsive_fairness/data/ma_dreamer_second_try/7_flows/run20/ep000020_bw97_d29_n1.pdf  return=292318.6
[ep_plot] ep=20 -> /its/home/mm2350/extra/Olympusv2/benchmarks/benchmark_responsive_fairness/data/ma_dreamer_second_try/7_flows/run20/ep000020_bw97_d29_n1.pdf  return=292318.625
[responsive_fairness] slot=7 ma_dreamer_second_try flows=7 run=30
[responsive_fairness] ma_dreamer_second_try flows=7 run=20 done (170/200)
[slot=7] ep=30  env=responsive_fairness_join45_score300  bw=79Mbps  delay=47ms  duration=345s
[worker cport=23400 agent=0] loaded checkpoint step=58994
[worker alg=ma_dreamer reward=tempest_fairness_ma cport=23400 agent=0 group=slot0_ep23 flow=1] started interval=20ms det=1 latent=8x8
[sao-listener] cport=23600 worker=/its/home/mm2350/extra/Olympusv2/olympus/algorithms/ma_dreamer/worker.py scan=20ms target_cc=astraea single_flow=1 no_state_pipe=1
[sao-listener] new flow 1 10.0.0.1:23900->10.0.0.8:5210 cc=astraea pid=743791 child=746899
[sao-listener] single-flow mode: attached worker; stopping ss scans
[sao-listener flow 1] cport=23900 cc=astraea worker active
[sao-listener] cport=23800 worker=/its/home/mm2350/extra/Olympusv2/olympus/algorithms/ma_dreamer/worker.py scan=20ms target_cc=astraea single_flow=1 no_state_pipe=1
[sao-listener] cport=23700 worker=/its/home/mm2350/extra/Olympusv2/olympus/algorithms/ma_dreamer/worker.py scan=20ms target_cc=astraea single_flow=1 no_state_pipe=1
[sao-listener] new flow 1 10.0.0.1:23000->10.0.0.8:5201 cc=astraea pid=743994 child=747762
[sao-listener] single-flow mode: attached worker; stopping ss scans
[sao-listener flow 1] cport=23000 cc=astraea worker active
[worker cport=23900 agent=0] loaded checkpoint step=58994
[worker alg=ma_dreamer reward=tempest_fairness_ma cport=23900 agent=0 group=slot0_ep24 flow=1] started interval=20ms det=1 latent=8x8
[worker cport=23000 agent=0] loaded checkpoint step=58994
[worker alg=ma_dreamer reward=tempest_fairness_ma cport=23000 agent=0 group=slot0_ep25 flow=1] started interval=20ms det=1 latent=8x8
[sao-listener] new flow 1 10.0.0.1:23500->10.0.0.8:5206 cc=astraea pid=745698 child=748127
[sao-listener] single-flow mode: attached worker; stopping ss scans
[sao-listener flow 1] cport=23500 cc=astraea worker active
[worker cport=23500 agent=0] loaded checkpoint step=58994
[worker alg=ma_dreamer reward=tempest_fairness_ma cport=23500 agent=0 group=slot0_ep26 flow=1] started interval=20ms det=1 latent=8x8
[sao-listener] new flow 1 10.0.0.1:23100->10.0.0.8:5202 cc=astraea pid=746185 child=748296
[sao-listener] single-flow mode: attached worker; stopping ss scans
[sao-listener flow 1] cport=23100 cc=astraea worker active
[worker cport=23100 agent=0] loaded checkpoint step=58994
[worker alg=ma_dreamer reward=tempest_fairness_ma cport=23100 agent=0 group=slot0_ep27 flow=1] started interval=20ms det=1 latent=8x8
[sao-listener] new flow 1 10.0.0.1:23600->10.0.0.8:5207 cc=astraea pid=747155 child=748479
[sao-listener] single-flow mode: attached worker; stopping ss scans
[sao-listener flow 1] cport=23600 cc=astraea worker active
[worker cport=23600 agent=0] loaded checkpoint step=58994
[worker alg=ma_dreamer reward=tempest_fairness_ma cport=23600 agent=0 group=slot0_ep28 flow=1] started interval=20ms det=1 latent=8x8
[sao-listener] new flow 1 10.0.0.1:23800->10.0.0.8:5209 cc=astraea pid=747737 child=748642
[sao-listener] single-flow mode: attached worker; stopping ss scans
[sao-listener flow 1] cport=23800 cc=astraea worker active
[sao-listener] new flow 1 10.0.0.1:23700->10.0.0.8:5208 cc=astraea pid=747879 child=748719
[sao-listener] single-flow mode: attached worker; stopping ss scans
[sao-listener flow 1] cport=23700 cc=astraea worker active
[worker cport=23800 agent=0] loaded checkpoint step=58994
[worker alg=ma_dreamer reward=tempest_fairness_ma cport=23800 agent=0 group=slot0_ep29 flow=1] started interval=20ms det=1 latent=8x8
[worker cport=23700 agent=0] loaded checkpoint step=58994
[worker alg=ma_dreamer reward=tempest_fairness_ma cport=23700 agent=0 group=slot0_ep30 flow=1] started interval=20ms det=1 latent=8x8
[orch] link change t=15.0s bw=98 delay=63
[orch] link change t=15.0s bw=13 delay=88
[orch] link change t=15.0s bw=12 delay=85
[orch] link change t=15.0s bw=33 delay=37
[orch] link change t=15.0s bw=37 delay=49
[orch] link change t=15.0s bw=36 delay=65
[orch] link change t=15.0s bw=99 delay=45
[orch] link change t=15.0s bw=79 delay=86
[orch] link change t=15.0s bw=54 delay=86
[orch] link change t=15.0s bw=88 delay=13
[orch] link change t=30.0s bw=91 delay=46
[orch] link change t=30.0s bw=67 delay=33
[orch] link change t=30.0s bw=49 delay=64
[orch] link change t=30.0s bw=31 delay=34
[orch] link change t=30.0s bw=91 delay=70
[orch] link change t=30.0s bw=86 delay=79
[orch] link change t=30.0s bw=46 delay=35
[orch] link change t=30.0s bw=32 delay=38
[orch] link change t=30.0s bw=87 delay=46
[orch] link change t=30.0s bw=89 delay=93
[orch] link change t=45.0s bw=71 delay=37
[orch] link change t=45.0s bw=99 delay=25
[orch] link change t=45.0s bw=58 delay=77
[orch] link change t=45.0s bw=31 delay=95
[orch] link change t=45.0s bw=15 delay=42
[orch] link change t=45.0s bw=17 delay=26
[orch] link change t=45.0s bw=19 delay=18
[orch] link change t=45.0s bw=26 delay=91
[orch] link change t=45.0s bw=21 delay=75
[orch] link change t=45.0s bw=36 delay=42
[orch] link change t=60.0s bw=70 delay=75
[orch] link change t=60.0s bw=93 delay=54
[orch] link change t=60.0s bw=55 delay=26
[orch] link change t=60.0s bw=97 delay=21
[orch] link change t=60.0s bw=14 delay=49
[orch] link change t=60.0s bw=71 delay=15
[orch] link change t=60.0s bw=42 delay=79
[orch] link change t=60.0s bw=69 delay=63
[orch] link change t=60.0s bw=54 delay=60
[orch] link change t=60.0s bw=16 delay=60
[orch] link change t=75.0s bw=33 delay=74
[orch] link change t=75.0s bw=20 delay=39
[orch] link change t=75.0s bw=34 delay=44
[orch] link change t=75.0s bw=100 delay=29
[orch] link change t=75.0s bw=82 delay=64
[orch] link change t=75.0s bw=97 delay=89
[orch] link change t=75.0s bw=52 delay=42
[orch] link change t=75.0s bw=36 delay=37
[orch] link change t=75.0s bw=63 delay=12
[orch] link change t=75.0s bw=58 delay=92
[orch] link change t=90.0s bw=77 delay=40
[orch] link change t=90.0s bw=44 delay=16
[orch] link change t=90.0s bw=66 delay=11
[orch] link change t=90.0s bw=100 delay=46
[orch] link change t=90.0s bw=22 delay=85
[orch] link change t=90.0s bw=74 delay=31
[orch] link change t=90.0s bw=57 delay=61
[orch] link change t=90.0s bw=28 delay=60
[orch] link change t=90.0s bw=14 delay=23
[orch] link change t=90.0s bw=27 delay=20
[orch] link change t=105.0s bw=10 delay=11
[orch] link change t=105.0s bw=50 delay=86
[orch] link change t=105.0s bw=38 delay=89
[orch] link change t=105.0s bw=11 delay=66
[orch] link change t=105.0s bw=25 delay=83
[orch] link change t=105.0s bw=91 delay=64
[orch] link change t=105.0s bw=33 delay=41
[orch] link change t=105.0s bw=30 delay=26
[orch] link change t=105.0s bw=66 delay=93
[orch] link change t=105.0s bw=69 delay=10
[orch] link change t=120.0s bw=57 delay=84
[orch] link change t=120.0s bw=32 delay=80
[orch] link change t=120.0s bw=68 delay=13
[orch] link change t=120.0s bw=69 delay=91
[orch] link change t=120.0s bw=97 delay=35
[orch] link change t=120.0s bw=41 delay=62
[orch] link change t=120.0s bw=40 delay=72
[orch] link change t=120.0s bw=87 delay=34
[orch] link change t=120.0s bw=38 delay=54
[orch] link change t=120.0s bw=76 delay=41
[orch] link change t=135.0s bw=64 delay=18
[orch] link change t=135.0s bw=97 delay=65
[orch] link change t=135.0s bw=23 delay=20
[orch] link change t=135.0s bw=24 delay=13
[orch] link change t=135.0s bw=75 delay=89
[orch] link change t=135.0s bw=35 delay=98
[orch] link change t=135.0s bw=19 delay=91
[orch] link change t=135.0s bw=35 delay=13
[orch] link change t=135.0s bw=20 delay=73
[orch] link change t=135.0s bw=13 delay=19
[orch] link change t=150.0s bw=28 delay=39
[orch] link change t=150.0s bw=100 delay=16
[orch] link change t=150.0s bw=100 delay=73
[orch] link change t=150.0s bw=76 delay=31
[orch] link change t=150.0s bw=50 delay=33
[orch] link change t=150.0s bw=13 delay=95
[orch] link change t=150.0s bw=83 delay=93
[orch] link change t=150.0s bw=62 delay=40
[orch] link change t=150.0s bw=52 delay=87
[orch] link change t=150.0s bw=30 delay=86
[orch] link change t=165.0s bw=39 delay=98
[orch] link change t=165.0s bw=83 delay=12
[orch] link change t=165.0s bw=63 delay=12
[orch] link change t=165.0s bw=72 delay=66
[orch] link change t=165.0s bw=80 delay=55
[orch] link change t=165.0s bw=38 delay=28
[orch] link change t=165.0s bw=20 delay=88
[orch] link change t=165.0s bw=18 delay=22
[orch] link change t=165.0s bw=79 delay=63
[orch] link change t=165.0s bw=77 delay=61
[orch] link change t=180.0s bw=15 delay=65
[orch] link change t=180.0s bw=85 delay=43
[orch] link change t=180.0s bw=75 delay=90
[orch] link change t=180.0s bw=97 delay=48
[orch] link change t=180.0s bw=75 delay=70
[orch] link change t=180.0s bw=26 delay=37
[orch] link change t=180.0s bw=64 delay=63
[orch] link change t=180.0s bw=63 delay=50
[orch] link change t=180.0s bw=35 delay=67
[orch] link change t=180.0s bw=93 delay=54
[orch] link change t=195.0s bw=62 delay=88
[orch] link change t=195.0s bw=49 delay=63
[orch] link change t=195.0s bw=65 delay=55
[orch] link change t=195.0s bw=73 delay=20
[orch] link change t=195.0s bw=77 delay=23
[orch] link change t=195.0s bw=86 delay=71
[orch] link change t=195.0s bw=16 delay=94
[orch] link change t=195.0s bw=99 delay=26
[orch] link change t=195.0s bw=31 delay=38
[orch] link change t=195.0s bw=78 delay=18
[orch] link change t=210.0s bw=66 delay=14
[orch] link change t=210.0s bw=34 delay=33
[orch] link change t=210.0s bw=17 delay=36
[orch] link change t=210.0s bw=97 delay=42
[orch] link change t=210.0s bw=91 delay=96
[orch] link change t=210.0s bw=59 delay=56
[orch] link change t=210.0s bw=66 delay=54
[orch] link change t=210.0s bw=32 delay=74
[orch] link change t=210.0s bw=65 delay=62
[orch] link change t=210.0s bw=61 delay=13
[orch] link change t=225.0s bw=52 delay=79
[orch] link change t=225.0s bw=24 delay=84
[orch] link change t=225.0s bw=14 delay=85
[orch] link change t=225.0s bw=88 delay=30
[orch] link change t=225.0s bw=22 delay=86
[orch] link change t=225.0s bw=41 delay=84
[orch] link change t=225.0s bw=11 delay=92
[orch] link change t=225.0s bw=76 delay=98
[orch] link change t=225.0s bw=96 delay=97
[orch] link change t=225.0s bw=41 delay=82
[orch] link change t=240.0s bw=73 delay=98
[orch] link change t=240.0s bw=77 delay=82
[orch] link change t=240.0s bw=57 delay=94
[orch] link change t=240.0s bw=97 delay=51
[orch] link change t=240.0s bw=84 delay=55
[orch] link change t=240.0s bw=13 delay=13
[orch] link change t=240.0s bw=71 delay=42
[orch] link change t=240.0s bw=94 delay=44
[orch] link change t=240.0s bw=82 delay=77
[orch] link change t=240.0s bw=96 delay=45
[orch] link change t=255.0s bw=24 delay=93
[orch] link change t=255.0s bw=17 delay=99
[orch] link change t=255.0s bw=32 delay=89
[orch] link change t=255.0s bw=49 delay=19
[orch] link change t=255.0s bw=63 delay=55
[orch] link change t=255.0s bw=47 delay=79
[orch] link change t=255.0s bw=27 delay=88
[orch] link change t=255.0s bw=88 delay=39
[orch] link change t=255.0s bw=35 delay=79
[orch] link change t=255.0s bw=64 delay=82
[orch] link change t=270.0s bw=57 delay=12
[orch] link change t=270.0s bw=51 delay=88
[orch] link change t=270.0s bw=37 delay=56
[orch] link change t=270.0s bw=79 delay=93
[orch] link change t=270.0s bw=34 delay=96
[orch] link change t=270.0s bw=78 delay=25
[orch] link change t=270.0s bw=53 delay=88
[orch] link change t=270.0s bw=96 delay=67
[orch] link change t=270.0s bw=96 delay=64
[orch] link change t=270.0s bw=22 delay=96
[orch] link change t=285.0s bw=29 delay=21
[orch] link change t=285.0s bw=52 delay=43
[orch] link change t=285.0s bw=82 delay=57
[orch] link change t=285.0s bw=56 delay=94
[orch] link change t=285.0s bw=30 delay=89
[orch] link change t=285.0s bw=75 delay=15
[orch] link change t=285.0s bw=93 delay=39
[orch] link change t=285.0s bw=26 delay=35
[orch] link change t=285.0s bw=48 delay=45
[orch] link change t=285.0s bw=45 delay=91
[orch] link change t=300.0s bw=25 delay=12
[orch] link change t=300.0s bw=33 delay=60
[orch] link change t=300.0s bw=83 delay=46
[orch] link change t=300.0s bw=14 delay=37
[orch] link change t=300.0s bw=68 delay=19
[orch] link change t=300.0s bw=92 delay=10
[orch] link change t=300.0s bw=100 delay=77
[orch] link change t=300.0s bw=11 delay=46
[orch] link change t=300.0s bw=75 delay=38
[orch] link change t=300.0s bw=81 delay=24
[orch] link change t=315.0s bw=68 delay=30
[orch] link change t=315.0s bw=49 delay=93
[orch] link change t=315.0s bw=94 delay=50
[orch] link change t=315.0s bw=50 delay=53
[orch] link change t=315.0s bw=19 delay=61
[orch] link change t=315.0s bw=69 delay=86
[orch] link change t=315.0s bw=28 delay=22
[orch] link change t=315.0s bw=91 delay=96
[orch] link change t=315.0s bw=62 delay=70
[orch] link change t=315.0s bw=88 delay=73
[orch] link change t=330.0s bw=80 delay=53
[orch] link change t=330.0s bw=75 delay=28
[orch] link change t=330.0s bw=83 delay=20
[orch] link change t=330.0s bw=18 delay=49
[orch] link change t=330.0s bw=82 delay=18
[orch] link change t=330.0s bw=94 delay=81
[orch] link change t=330.0s bw=60 delay=48
[orch] link change t=330.0s bw=43 delay=20
[orch] link change t=330.0s bw=76 delay=28
[orch] link change t=330.0s bw=49 delay=26
[multi_ep_plot] saved -> /its/home/mm2350/extra/Olympusv2/benchmarks/benchmark_responsive_fairness/data/ma_dreamer_second_try/7_flows/run21/ep000021_bw31_d63_n1.pdf  return=279360.9
[ep_plot] ep=21 -> /its/home/mm2350/extra/Olympusv2/benchmarks/benchmark_responsive_fairness/data/ma_dreamer_second_try/7_flows/run21/ep000021_bw31_d63_n1.pdf  return=279360.875
[responsive_fairness] slot=2 ma_dreamer_second_try flows=7 run=31
[responsive_fairness] ma_dreamer_second_try flows=7 run=21 done (171/200)
[slot=2] ep=31  env=responsive_fairness_join45_score300  bw=11Mbps  delay=70ms  duration=345s
[sao-listener] cport=23200 worker=/its/home/mm2350/extra/Olympusv2/olympus/algorithms/ma_dreamer/worker.py scan=20ms target_cc=astraea single_flow=1 no_state_pipe=1
[multi_ep_plot] saved -> /its/home/mm2350/extra/Olympusv2/benchmarks/benchmark_responsive_fairness/data/ma_dreamer_second_try/7_flows/run22/ep000022_bw27_d41_n1.pdf  return=319835.1
[ep_plot] ep=22 -> /its/home/mm2350/extra/Olympusv2/benchmarks/benchmark_responsive_fairness/data/ma_dreamer_second_try/7_flows/run22/ep000022_bw27_d41_n1.pdf  return=319835.125
[responsive_fairness] slot=3 ma_dreamer_second_try flows=7 run=32
[responsive_fairness] ma_dreamer_second_try flows=7 run=22 done (172/200)
[slot=3] ep=32  env=responsive_fairness_join45_score300  bw=19Mbps  delay=37ms  duration=345s
[multi_ep_plot] saved -> /its/home/mm2350/extra/Olympusv2/benchmarks/benchmark_responsive_fairness/data/ma_dreamer_second_try/7_flows/run23/ep000023_bw47_d20_n1.pdf  return=291985.6
[ep_plot] ep=23 -> /its/home/mm2350/extra/Olympusv2/benchmarks/benchmark_responsive_fairness/data/ma_dreamer_second_try/7_flows/run23/ep000023_bw47_d20_n1.pdf  return=291985.59375
[responsive_fairness] slot=4 ma_dreamer_second_try flows=7 run=33
[responsive_fairness] ma_dreamer_second_try flows=7 run=23 done (173/200)
[slot=4] ep=33  env=responsive_fairness_join45_score300  bw=83Mbps  delay=31ms  duration=345s
[multi_ep_plot] saved -> /its/home/mm2350/extra/Olympusv2/benchmarks/benchmark_responsive_fairness/data/ma_dreamer_second_try/7_flows/run24/ep000024_bw59_d84_n1.pdf  return=295162.5
[ep_plot] ep=24 -> /its/home/mm2350/extra/Olympusv2/benchmarks/benchmark_responsive_fairness/data/ma_dreamer_second_try/7_flows/run24/ep000024_bw59_d84_n1.pdf  return=295162.46875
[responsive_fairness] slot=9 ma_dreamer_second_try flows=7 run=34
[responsive_fairness] ma_dreamer_second_try flows=7 run=24 done (174/200)
[slot=9] ep=34  env=responsive_fairness_join45_score300  bw=77Mbps  delay=55ms  duration=345s
[sao-listener] new flow 1 10.0.0.1:23200->10.0.0.8:5203 cc=astraea pid=751699 child=752813
[sao-listener] single-flow mode: attached worker; stopping ss scans
[sao-listener flow 1] cport=23200 cc=astraea worker active
[multi_ep_plot] saved -> /its/home/mm2350/extra/Olympusv2/benchmarks/benchmark_responsive_fairness/data/ma_dreamer_second_try/7_flows/run25/ep000025_bw58_d11_n1.pdf  return=329710.1
[ep_plot] ep=25 -> /its/home/mm2350/extra/Olympusv2/benchmarks/benchmark_responsive_fairness/data/ma_dreamer_second_try/7_flows/run25/ep000025_bw58_d11_n1.pdf  return=329710.09375
[responsive_fairness] slot=0 ma_dreamer_second_try flows=7 run=35
[responsive_fairness] ma_dreamer_second_try flows=7 run=25 done (175/200)
[slot=0] ep=35  env=responsive_fairness_join45_score300  bw=80Mbps  delay=52ms  duration=345s
[sao-listener] cport=23300 worker=/its/home/mm2350/extra/Olympusv2/olympus/algorithms/ma_dreamer/worker.py scan=20ms target_cc=astraea single_flow=1 no_state_pipe=1
[sao-listener] cport=23400 worker=/its/home/mm2350/extra/Olympusv2/olympus/algorithms/ma_dreamer/worker.py scan=20ms target_cc=astraea single_flow=1 no_state_pipe=1
[worker cport=23200 agent=0] loaded checkpoint step=58994
[worker alg=ma_dreamer reward=tempest_fairness_ma cport=23200 agent=0 group=slot0_ep31 flow=1] started interval=20ms det=1 latent=8x8
[multi_ep_plot] saved -> /its/home/mm2350/extra/Olympusv2/benchmarks/benchmark_responsive_fairness/data/ma_dreamer_second_try/7_flows/run26/ep000026_bw35_d94_n1.pdf  return=327128.3
[ep_plot] ep=26 -> /its/home/mm2350/extra/Olympusv2/benchmarks/benchmark_responsive_fairness/data/ma_dreamer_second_try/7_flows/run26/ep000026_bw35_d94_n1.pdf  return=327128.34375
[sao-listener] cport=23900 worker=/its/home/mm2350/extra/Olympusv2/olympus/algorithms/ma_dreamer/worker.py scan=20ms target_cc=astraea single_flow=1 no_state_pipe=1
[responsive_fairness] slot=5 ma_dreamer_second_try flows=7 run=36
[responsive_fairness] ma_dreamer_second_try flows=7 run=26 done (176/200)
[slot=5] ep=36  env=responsive_fairness_join45_score300  bw=52Mbps  delay=17ms  duration=345s
[sao-listener] new flow 1 10.0.0.1:23300->10.0.0.8:5204 cc=astraea pid=754429 child=755116
[sao-listener] single-flow mode: attached worker; stopping ss scans
[sao-listener flow 1] cport=23300 cc=astraea worker active
[sao-listener] cport=23000 worker=/its/home/mm2350/extra/Olympusv2/olympus/algorithms/ma_dreamer/worker.py scan=20ms target_cc=astraea single_flow=1 no_state_pipe=1
[multi_ep_plot] saved -> /its/home/mm2350/extra/Olympusv2/benchmarks/benchmark_responsive_fairness/data/ma_dreamer_second_try/7_flows/run27/ep000027_bw93_d71_n1.pdf  return=301812.1
[ep_plot] ep=27 -> /its/home/mm2350/extra/Olympusv2/benchmarks/benchmark_responsive_fairness/data/ma_dreamer_second_try/7_flows/run27/ep000027_bw93_d71_n1.pdf  return=301812.0625
[responsive_fairness] slot=1 ma_dreamer_second_try flows=7 run=37
[responsive_fairness] ma_dreamer_second_try flows=7 run=27 done (177/200)
[slot=1] ep=37  env=responsive_fairness_join45_score300  bw=97Mbps  delay=87ms  duration=345s
[sao-listener] new flow 1 10.0.0.1:23400->10.0.0.8:5205 cc=astraea pid=754626 child=755484
[sao-listener] single-flow mode: attached worker; stopping ss scans
[sao-listener flow 1] cport=23400 cc=astraea worker active
[multi_ep_plot] saved -> /its/home/mm2350/extra/Olympusv2/benchmarks/benchmark_responsive_fairness/data/ma_dreamer_second_try/7_flows/run28/ep000028_bw24_d26_n1.pdf  return=275258.7
[ep_plot] ep=28 -> /its/home/mm2350/extra/Olympusv2/benchmarks/benchmark_responsive_fairness/data/ma_dreamer_second_try/7_flows/run28/ep000028_bw24_d26_n1.pdf  return=275258.6875
[responsive_fairness] slot=6 ma_dreamer_second_try flows=7 run=38
[responsive_fairness] ma_dreamer_second_try flows=7 run=28 done (178/200)
[slot=6] ep=38  env=responsive_fairness_join45_score300  bw=91Mbps  delay=63ms  duration=345s
[worker cport=23300 agent=0] loaded checkpoint step=58994
[worker alg=ma_dreamer reward=tempest_fairness_ma cport=23300 agent=0 group=slot0_ep32 flow=1] started interval=20ms det=1 latent=8x8
[sao-listener] cport=23500 worker=/its/home/mm2350/extra/Olympusv2/olympus/algorithms/ma_dreamer/worker.py scan=20ms target_cc=astraea single_flow=1 no_state_pipe=1
[multi_ep_plot] saved -> /its/home/mm2350/extra/Olympusv2/benchmarks/benchmark_responsive_fairness/data/ma_dreamer_second_try/7_flows/run29/ep000029_bw80_d19_n1.pdf  return=321783.4
[ep_plot] ep=29 -> /its/home/mm2350/extra/Olympusv2/benchmarks/benchmark_responsive_fairness/data/ma_dreamer_second_try/7_flows/run29/ep000029_bw80_d19_n1.pdf  return=321783.4375
[responsive_fairness] slot=8 ma_dreamer_second_try flows=7 run=39
[responsive_fairness] ma_dreamer_second_try flows=7 run=29 done (179/200)
[slot=8] ep=39  env=responsive_fairness_join45_score300  bw=36Mbps  delay=43ms  duration=345s
[worker cport=23400 agent=0] loaded checkpoint step=58994
[worker alg=ma_dreamer reward=tempest_fairness_ma cport=23400 agent=0 group=slot0_ep33 flow=1] started interval=20ms det=1 latent=8x8
[sao-listener] cport=23100 worker=/its/home/mm2350/extra/Olympusv2/olympus/algorithms/ma_dreamer/worker.py scan=20ms target_cc=astraea single_flow=1 no_state_pipe=1
[multi_ep_plot] saved -> /its/home/mm2350/extra/Olympusv2/benchmarks/benchmark_responsive_fairness/data/ma_dreamer_second_try/7_flows/run30/ep000030_bw79_d47_n1.pdf  return=308404.2
[ep_plot] ep=30 -> /its/home/mm2350/extra/Olympusv2/benchmarks/benchmark_responsive_fairness/data/ma_dreamer_second_try/7_flows/run30/ep000030_bw79_d47_n1.pdf  return=308404.21875
[responsive_fairness] slot=7 ma_dreamer_second_try flows=7 run=40
[responsive_fairness] ma_dreamer_second_try flows=7 run=30 done (180/200)
[slot=7] ep=40  env=responsive_fairness_join45_score300  bw=68Mbps  delay=84ms  duration=345s
[sao-listener] cport=23600 worker=/its/home/mm2350/extra/Olympusv2/olympus/algorithms/ma_dreamer/worker.py scan=20ms target_cc=astraea single_flow=1 no_state_pipe=1
[sao-listener] new flow 1 10.0.0.1:23900->10.0.0.8:5210 cc=astraea pid=755433 child=758248
[sao-listener] single-flow mode: attached worker; stopping ss scans
[sao-listener flow 1] cport=23900 cc=astraea worker active
[sao-listener] cport=23800 worker=/its/home/mm2350/extra/Olympusv2/olympus/algorithms/ma_dreamer/worker.py scan=20ms target_cc=astraea single_flow=1 no_state_pipe=1
[sao-listener] cport=23700 worker=/its/home/mm2350/extra/Olympusv2/olympus/algorithms/ma_dreamer/worker.py scan=20ms target_cc=astraea single_flow=1 no_state_pipe=1
[sao-listener] new flow 1 10.0.0.1:23000->10.0.0.8:5201 cc=astraea pid=755619 child=759357
[sao-listener] single-flow mode: attached worker; stopping ss scans
[sao-listener flow 1] cport=23000 cc=astraea worker active
[worker cport=23900 agent=0] loaded checkpoint step=58994
[worker alg=ma_dreamer reward=tempest_fairness_ma cport=23900 agent=0 group=slot0_ep34 flow=1] started interval=20ms det=1 latent=8x8
[worker cport=23000 agent=0] loaded checkpoint step=58994
[worker alg=ma_dreamer reward=tempest_fairness_ma cport=23000 agent=0 group=slot0_ep35 flow=1] started interval=20ms det=1 latent=8x8
[sao-listener] new flow 1 10.0.0.1:23500->10.0.0.8:5206 cc=astraea pid=757110 child=759784
[sao-listener] single-flow mode: attached worker; stopping ss scans
[sao-listener flow 1] cport=23500 cc=astraea worker active
[worker cport=23500 agent=0] loaded checkpoint step=58994
[worker alg=ma_dreamer reward=tempest_fairness_ma cport=23500 agent=0 group=slot0_ep36 flow=1] started interval=20ms det=1 latent=8x8
[sao-listener] new flow 1 10.0.0.1:23100->10.0.0.8:5202 cc=astraea pid=757888 child=759982
[sao-listener] single-flow mode: attached worker; stopping ss scans
[sao-listener flow 1] cport=23100 cc=astraea worker active
[worker cport=23100 agent=0] loaded checkpoint step=58994
[worker alg=ma_dreamer reward=tempest_fairness_ma cport=23100 agent=0 group=slot0_ep37 flow=1] started interval=20ms det=1 latent=8x8
[sao-listener] new flow 1 10.0.0.1:23600->10.0.0.8:5207 cc=astraea pid=758773 child=760166
[sao-listener] single-flow mode: attached worker; stopping ss scans
[sao-listener flow 1] cport=23600 cc=astraea worker active
[worker cport=23600 agent=0] loaded checkpoint step=58994
[worker alg=ma_dreamer reward=tempest_fairness_ma cport=23600 agent=0 group=slot0_ep38 flow=1] started interval=20ms det=1 latent=8x8
[sao-listener] new flow 1 10.0.0.1:23800->10.0.0.8:5209 cc=astraea pid=759431 child=760327
[sao-listener] single-flow mode: attached worker; stopping ss scans
[sao-listener flow 1] cport=23800 cc=astraea worker active
[sao-listener] new flow 1 10.0.0.1:23700->10.0.0.8:5208 cc=astraea pid=759561 child=760397
[sao-listener] single-flow mode: attached worker; stopping ss scans
[sao-listener flow 1] cport=23700 cc=astraea worker active
[worker cport=23800 agent=0] loaded checkpoint step=58994
[worker alg=ma_dreamer reward=tempest_fairness_ma cport=23800 agent=0 group=slot0_ep39 flow=1] started interval=20ms det=1 latent=8x8
[worker cport=23700 agent=0] loaded checkpoint step=58994
[worker alg=ma_dreamer reward=tempest_fairness_ma cport=23700 agent=0 group=slot0_ep40 flow=1] started interval=20ms det=1 latent=8x8
[orch] link change t=15.0s bw=24 delay=60
[orch] link change t=15.0s bw=28 delay=48
[orch] link change t=15.0s bw=90 delay=39
[orch] link change t=15.0s bw=84 delay=13
[orch] link change t=15.0s bw=26 delay=53
[orch] link change t=15.0s bw=12 delay=46
[orch] link change t=15.0s bw=21 delay=89
[orch] link change t=15.0s bw=64 delay=23
[orch] link change t=15.0s bw=59 delay=13
[orch] link change t=15.0s bw=77 delay=14
[orch] link change t=30.0s bw=28 delay=97
[orch] link change t=30.0s bw=99 delay=40
[orch] link change t=30.0s bw=45 delay=71
[orch] link change t=30.0s bw=39 delay=13
[orch] link change t=30.0s bw=29 delay=46
[orch] link change t=30.0s bw=20 delay=10
[orch] link change t=30.0s bw=95 delay=91
[orch] link change t=30.0s bw=18 delay=56
[orch] link change t=30.0s bw=34 delay=38
[orch] link change t=30.0s bw=41 delay=46
[orch] link change t=45.0s bw=15 delay=27
[orch] link change t=45.0s bw=73 delay=13
[orch] link change t=45.0s bw=93 delay=78
[orch] link change t=45.0s bw=59 delay=56
[orch] link change t=45.0s bw=65 delay=42
[orch] link change t=45.0s bw=74 delay=90
[orch] link change t=45.0s bw=75 delay=14
[orch] link change t=45.0s bw=99 delay=69
[orch] link change t=45.0s bw=60 delay=82
[orch] link change t=45.0s bw=95 delay=91
[orch] link change t=60.0s bw=24 delay=78
[orch] link change t=60.0s bw=14 delay=22
[orch] link change t=60.0s bw=77 delay=33
[orch] link change t=60.0s bw=18 delay=64
[orch] link change t=60.0s bw=82 delay=17
[orch] link change t=60.0s bw=32 delay=41
[orch] link change t=60.0s bw=90 delay=57
[orch] link change t=60.0s bw=57 delay=15
[orch] link change t=60.0s bw=10 delay=92
[orch] link change t=60.0s bw=95 delay=36
[orch] link change t=75.0s bw=39 delay=27
[orch] link change t=75.0s bw=51 delay=75
[orch] link change t=75.0s bw=93 delay=88
[orch] link change t=75.0s bw=49 delay=53
[orch] link change t=75.0s bw=77 delay=45
[orch] link change t=75.0s bw=44 delay=93
[orch] link change t=75.0s bw=66 delay=77
[orch] link change t=75.0s bw=87 delay=95
[orch] link change t=75.0s bw=42 delay=96
[orch] link change t=75.0s bw=26 delay=54
[orch] link change t=90.0s bw=28 delay=14
[orch] link change t=90.0s bw=52 delay=17
[orch] link change t=90.0s bw=74 delay=51
[orch] link change t=90.0s bw=22 delay=84
[orch] link change t=90.0s bw=93 delay=56
[orch] link change t=90.0s bw=65 delay=56
[orch] link change t=90.0s bw=23 delay=97
[orch] link change t=90.0s bw=31 delay=85
[orch] link change t=90.0s bw=55 delay=100
[orch] link change t=90.0s bw=45 delay=66
[orch] link change t=105.0s bw=94 delay=17
[orch] link change t=105.0s bw=76 delay=98
[orch] link change t=105.0s bw=97 delay=77
[orch] link change t=105.0s bw=75 delay=29
[orch] link change t=105.0s bw=84 delay=22
[orch] link change t=105.0s bw=81 delay=44
[orch] link change t=105.0s bw=68 delay=86
[orch] link change t=105.0s bw=54 delay=51
[orch] link change t=105.0s bw=32 delay=13
[orch] link change t=105.0s bw=13 delay=77
[orch] link change t=120.0s bw=27 delay=39
[orch] link change t=120.0s bw=70 delay=57
[orch] link change t=120.0s bw=71 delay=66
[orch] link change t=120.0s bw=22 delay=45
[orch] link change t=120.0s bw=56 delay=11
[orch] link change t=120.0s bw=79 delay=19
[orch] link change t=120.0s bw=46 delay=58
[orch] link change t=120.0s bw=44 delay=100
[orch] link change t=120.0s bw=47 delay=96
[orch] link change t=120.0s bw=26 delay=17
[orch] link change t=135.0s bw=78 delay=67
[orch] link change t=135.0s bw=86 delay=10
[orch] link change t=135.0s bw=46 delay=96
[orch] link change t=135.0s bw=54 delay=88
[orch] link change t=135.0s bw=75 delay=11
[orch] link change t=135.0s bw=83 delay=62
[orch] link change t=135.0s bw=64 delay=66
[orch] link change t=135.0s bw=52 delay=89
[orch] link change t=135.0s bw=19 delay=56
[orch] link change t=135.0s bw=92 delay=35
[orch] link change t=150.0s bw=77 delay=62
[orch] link change t=150.0s bw=79 delay=26
[orch] link change t=150.0s bw=91 delay=19
[orch] link change t=150.0s bw=10 delay=29
[orch] link change t=150.0s bw=22 delay=73
[orch] link change t=150.0s bw=72 delay=59
[orch] link change t=150.0s bw=28 delay=16
[orch] link change t=150.0s bw=49 delay=70
[orch] link change t=150.0s bw=11 delay=23
[orch] link change t=150.0s bw=89 delay=100
[orch] link change t=165.0s bw=36 delay=85
[orch] link change t=165.0s bw=77 delay=11
[orch] link change t=165.0s bw=48 delay=62
[orch] link change t=165.0s bw=77 delay=21
[orch] link change t=165.0s bw=57 delay=13
[orch] link change t=165.0s bw=54 delay=60
[orch] link change t=165.0s bw=21 delay=62
[orch] link change t=165.0s bw=84 delay=61
[orch] link change t=165.0s bw=64 delay=54
[orch] link change t=165.0s bw=68 delay=16
[orch] link change t=180.0s bw=21 delay=25
[orch] link change t=180.0s bw=72 delay=35
[orch] link change t=180.0s bw=49 delay=76
[orch] link change t=180.0s bw=17 delay=57
[orch] link change t=180.0s bw=53 delay=96
[orch] link change t=180.0s bw=41 delay=60
[orch] link change t=180.0s bw=19 delay=79
[orch] link change t=180.0s bw=38 delay=88
[orch] link change t=180.0s bw=64 delay=22
[orch] link change t=180.0s bw=32 delay=87
[orch] link change t=195.0s bw=12 delay=61
[orch] link change t=195.0s bw=46 delay=35
[orch] link change t=195.0s bw=73 delay=16
[orch] link change t=195.0s bw=42 delay=80
[orch] link change t=195.0s bw=73 delay=16
[orch] link change t=195.0s bw=31 delay=25
[orch] link change t=195.0s bw=46 delay=56
[orch] link change t=195.0s bw=20 delay=77
[orch] link change t=195.0s bw=60 delay=75
[orch] link change t=195.0s bw=50 delay=24
[orch] link change t=210.0s bw=53 delay=35
[orch] link change t=210.0s bw=67 delay=20
[orch] link change t=210.0s bw=87 delay=96
[orch] link change t=210.0s bw=100 delay=17
[orch] link change t=210.0s bw=12 delay=40
[orch] link change t=210.0s bw=75 delay=73
[orch] link change t=210.0s bw=92 delay=100
[orch] link change t=210.0s bw=72 delay=28
[orch] link change t=210.0s bw=84 delay=48
[orch] link change t=210.0s bw=42 delay=51
[orch] link change t=225.0s bw=36 delay=52
[orch] link change t=225.0s bw=52 delay=25
[orch] link change t=225.0s bw=64 delay=45
[orch] link change t=225.0s bw=59 delay=31
[orch] link change t=225.0s bw=51 delay=20
[orch] link change t=225.0s bw=99 delay=36
[orch] link change t=225.0s bw=65 delay=85
[orch] link change t=225.0s bw=65 delay=77
[orch] link change t=225.0s bw=44 delay=18
[orch] link change t=225.0s bw=28 delay=75
[orch] link change t=240.0s bw=60 delay=56
[orch] link change t=240.0s bw=14 delay=77
[orch] link change t=240.0s bw=50 delay=81
[orch] link change t=240.0s bw=85 delay=91
[orch] link change t=240.0s bw=30 delay=53
[orch] link change t=240.0s bw=77 delay=47
[orch] link change t=240.0s bw=82 delay=56
[orch] link change t=240.0s bw=41 delay=11
[orch] link change t=240.0s bw=68 delay=65
[orch] link change t=240.0s bw=97 delay=76
[orch] link change t=255.0s bw=86 delay=41
[orch] link change t=255.0s bw=24 delay=30
[orch] link change t=255.0s bw=97 delay=41
[orch] link change t=255.0s bw=49 delay=47
[orch] link change t=255.0s bw=31 delay=82
[orch] link change t=255.0s bw=33 delay=72
[orch] link change t=255.0s bw=91 delay=100
[orch] link change t=255.0s bw=58 delay=57
[orch] link change t=255.0s bw=42 delay=83
[orch] link change t=255.0s bw=22 delay=62
[orch] link change t=270.0s bw=36 delay=37
[orch] link change t=270.0s bw=66 delay=12
[orch] link change t=270.0s bw=25 delay=17
[orch] link change t=270.0s bw=58 delay=50
[orch] link change t=270.0s bw=19 delay=71
[orch] link change t=270.0s bw=100 delay=85
[orch] link change t=270.0s bw=83 delay=14
[orch] link change t=270.0s bw=78 delay=97
[orch] link change t=270.0s bw=51 delay=82
[orch] link change t=270.0s bw=16 delay=50
[orch] link change t=285.0s bw=63 delay=84
[orch] link change t=285.0s bw=65 delay=16
[orch] link change t=285.0s bw=50 delay=46
[orch] link change t=285.0s bw=37 delay=36
[orch] link change t=285.0s bw=56 delay=20
[orch] link change t=285.0s bw=51 delay=80
[orch] link change t=285.0s bw=77 delay=89
[orch] link change t=285.0s bw=88 delay=74
[orch] link change t=285.0s bw=10 delay=100
[orch] link change t=285.0s bw=52 delay=39
[orch] link change t=300.0s bw=94 delay=80
[orch] link change t=300.0s bw=14 delay=81
[orch] link change t=300.0s bw=37 delay=18
[orch] link change t=300.0s bw=67 delay=78
[orch] link change t=300.0s bw=47 delay=30
[orch] link change t=300.0s bw=31 delay=10
[orch] link change t=300.0s bw=37 delay=74
[orch] link change t=300.0s bw=13 delay=28
[orch] link change t=300.0s bw=15 delay=93
[orch] link change t=300.0s bw=29 delay=49
[orch] link change t=315.0s bw=17 delay=16
[orch] link change t=315.0s bw=55 delay=39
[orch] link change t=315.0s bw=56 delay=25
[orch] link change t=315.0s bw=32 delay=87
[orch] link change t=315.0s bw=83 delay=19
[orch] link change t=315.0s bw=86 delay=59
[orch] link change t=315.0s bw=63 delay=18
[orch] link change t=315.0s bw=70 delay=23
[orch] link change t=315.0s bw=34 delay=89
[orch] link change t=315.0s bw=30 delay=76
[orch] link change t=330.0s bw=33 delay=55
[orch] link change t=330.0s bw=30 delay=69
[orch] link change t=330.0s bw=93 delay=51
[orch] link change t=330.0s bw=26 delay=83
[orch] link change t=330.0s bw=96 delay=26
[orch] link change t=330.0s bw=73 delay=27
[orch] link change t=330.0s bw=11 delay=10
[orch] link change t=330.0s bw=42 delay=24
[orch] link change t=330.0s bw=89 delay=71
[orch] link change t=330.0s bw=49 delay=99
[multi_ep_plot] saved -> /its/home/mm2350/extra/Olympusv2/benchmarks/benchmark_responsive_fairness/data/ma_dreamer_second_try/7_flows/run31/ep000031_bw11_d70_n1.pdf  return=279027.8
[ep_plot] ep=31 -> /its/home/mm2350/extra/Olympusv2/benchmarks/benchmark_responsive_fairness/data/ma_dreamer_second_try/7_flows/run31/ep000031_bw11_d70_n1.pdf  return=279027.78125
[responsive_fairness] slot=2 ma_dreamer_second_try flows=7 run=41
[responsive_fairness] ma_dreamer_second_try flows=7 run=31 done (181/200)
[slot=2] ep=41  env=responsive_fairness_join45_score300  bw=58Mbps  delay=52ms  duration=345s
[sao-listener] cport=23200 worker=/its/home/mm2350/extra/Olympusv2/olympus/algorithms/ma_dreamer/worker.py scan=20ms target_cc=astraea single_flow=1 no_state_pipe=1
[multi_ep_plot] saved -> /its/home/mm2350/extra/Olympusv2/benchmarks/benchmark_responsive_fairness/data/ma_dreamer_second_try/7_flows/run32/ep000032_bw19_d37_n1.pdf  return=288510.7
[ep_plot] ep=32 -> /its/home/mm2350/extra/Olympusv2/benchmarks/benchmark_responsive_fairness/data/ma_dreamer_second_try/7_flows/run32/ep000032_bw19_d37_n1.pdf  return=288510.71875
[responsive_fairness] slot=3 ma_dreamer_second_try flows=7 run=42
[responsive_fairness] ma_dreamer_second_try flows=7 run=32 done (182/200)
[slot=3] ep=42  env=responsive_fairness_join45_score300  bw=91Mbps  delay=24ms  duration=345s
[multi_ep_plot] saved -> /its/home/mm2350/extra/Olympusv2/benchmarks/benchmark_responsive_fairness/data/ma_dreamer_second_try/7_flows/run33/ep000033_bw83_d31_n1.pdf  return=331773.2
[ep_plot] ep=33 -> /its/home/mm2350/extra/Olympusv2/benchmarks/benchmark_responsive_fairness/data/ma_dreamer_second_try/7_flows/run33/ep000033_bw83_d31_n1.pdf  return=331773.21875
[responsive_fairness] slot=4 ma_dreamer_second_try flows=7 run=43
[responsive_fairness] ma_dreamer_second_try flows=7 run=33 done (183/200)
[slot=4] ep=43  env=responsive_fairness_join45_score300  bw=14Mbps  delay=46ms  duration=345s
[multi_ep_plot] saved -> /its/home/mm2350/extra/Olympusv2/benchmarks/benchmark_responsive_fairness/data/ma_dreamer_second_try/7_flows/run34/ep000034_bw77_d55_n1.pdf  return=315347.4
[ep_plot] ep=34 -> /its/home/mm2350/extra/Olympusv2/benchmarks/benchmark_responsive_fairness/data/ma_dreamer_second_try/7_flows/run34/ep000034_bw77_d55_n1.pdf  return=315347.40625
[responsive_fairness] slot=9 ma_dreamer_second_try flows=7 run=44
[responsive_fairness] ma_dreamer_second_try flows=7 run=34 done (184/200)
[slot=9] ep=44  env=responsive_fairness_join45_score300  bw=62Mbps  delay=76ms  duration=345s
[multi_ep_plot] saved -> /its/home/mm2350/extra/Olympusv2/benchmarks/benchmark_responsive_fairness/data/ma_dreamer_second_try/7_flows/run35/ep000035_bw80_d52_n1.pdf  return=296205.6
[ep_plot] ep=35 -> /its/home/mm2350/extra/Olympusv2/benchmarks/benchmark_responsive_fairness/data/ma_dreamer_second_try/7_flows/run35/ep000035_bw80_d52_n1.pdf  return=296205.59375
[responsive_fairness] slot=0 ma_dreamer_second_try flows=7 run=45
[responsive_fairness] ma_dreamer_second_try flows=7 run=35 done (185/200)
[slot=0] ep=45  env=responsive_fairness_join45_score300  bw=44Mbps  delay=63ms  duration=345s
[sao-listener] new flow 1 10.0.0.1:23200->10.0.0.8:5203 cc=astraea pid=763250 child=764714
[sao-listener] single-flow mode: attached worker; stopping ss scans
[sao-listener flow 1] cport=23200 cc=astraea worker active
[sao-listener] cport=23300 worker=/its/home/mm2350/extra/Olympusv2/olympus/algorithms/ma_dreamer/worker.py scan=20ms target_cc=astraea single_flow=1 no_state_pipe=1
[sao-listener] cport=23400 worker=/its/home/mm2350/extra/Olympusv2/olympus/algorithms/ma_dreamer/worker.py scan=20ms target_cc=astraea single_flow=1 no_state_pipe=1
[multi_ep_plot] saved -> /its/home/mm2350/extra/Olympusv2/benchmarks/benchmark_responsive_fairness/data/ma_dreamer_second_try/7_flows/run36/ep000036_bw52_d17_n1.pdf  return=314843.1
[ep_plot] ep=36 -> /its/home/mm2350/extra/Olympusv2/benchmarks/benchmark_responsive_fairness/data/ma_dreamer_second_try/7_flows/run36/ep000036_bw52_d17_n1.pdf  return=314843.09375
[responsive_fairness] slot=5 ma_dreamer_second_try flows=7 run=46
[responsive_fairness] ma_dreamer_second_try flows=7 run=36 done (186/200)
[slot=5] ep=46  env=responsive_fairness_join45_score300  bw=19Mbps  delay=61ms  duration=345s
[sao-listener] cport=23900 worker=/its/home/mm2350/extra/Olympusv2/olympus/algorithms/ma_dreamer/worker.py scan=20ms target_cc=astraea single_flow=1 no_state_pipe=1
[worker cport=23200 agent=0] loaded checkpoint step=58994
[worker alg=ma_dreamer reward=tempest_fairness_ma cport=23200 agent=0 group=slot0_ep41 flow=1] started interval=20ms det=1 latent=8x8
[sao-listener] new flow 1 10.0.0.1:23300->10.0.0.8:5204 cc=astraea pid=765993 child=766738
[sao-listener flow 1] cport=23300 cc=astraea worker active
[sao-listener] single-flow mode: attached worker; stopping ss scans
[sao-listener] cport=23000 worker=/its/home/mm2350/extra/Olympusv2/olympus/algorithms/ma_dreamer/worker.py scan=20ms target_cc=astraea single_flow=1 no_state_pipe=1
[multi_ep_plot] saved -> /its/home/mm2350/extra/Olympusv2/benchmarks/benchmark_responsive_fairness/data/ma_dreamer_second_try/7_flows/run37/ep000037_bw97_d87_n1.pdf  return=319213.3
[ep_plot] ep=37 -> /its/home/mm2350/extra/Olympusv2/benchmarks/benchmark_responsive_fairness/data/ma_dreamer_second_try/7_flows/run37/ep000037_bw97_d87_n1.pdf  return=319213.28125
[responsive_fairness] slot=1 ma_dreamer_second_try flows=7 run=47
[responsive_fairness] ma_dreamer_second_try flows=7 run=37 done (187/200)
[slot=1] ep=47  env=responsive_fairness_join45_score300  bw=55Mbps  delay=18ms  duration=345s
[sao-listener] new flow 1 10.0.0.1:23400->10.0.0.8:5205 cc=astraea pid=766462 child=767717
[sao-listener] single-flow mode: attached worker; stopping ss scans
[sao-listener flow 1] cport=23400 cc=astraea worker active
[worker cport=23300 agent=0] loaded checkpoint step=58994
[worker alg=ma_dreamer reward=tempest_fairness_ma cport=23300 agent=0 group=slot0_ep42 flow=1] started interval=20ms det=1 latent=8x8
[sao-listener] cport=23500 worker=/its/home/mm2350/extra/Olympusv2/olympus/algorithms/ma_dreamer/worker.py scan=20ms target_cc=astraea single_flow=1 no_state_pipe=1
[multi_ep_plot] saved -> /its/home/mm2350/extra/Olympusv2/benchmarks/benchmark_responsive_fairness/data/ma_dreamer_second_try/7_flows/run38/ep000038_bw91_d63_n1.pdf  return=318379.0
[ep_plot] ep=38 -> /its/home/mm2350/extra/Olympusv2/benchmarks/benchmark_responsive_fairness/data/ma_dreamer_second_try/7_flows/run38/ep000038_bw91_d63_n1.pdf  return=318378.96875
[responsive_fairness] slot=6 ma_dreamer_second_try flows=7 run=48
[responsive_fairness] ma_dreamer_second_try flows=7 run=38 done (188/200)
[slot=6] ep=48  env=responsive_fairness_join45_score300  bw=80Mbps  delay=50ms  duration=345s
[multi_ep_plot] saved -> /its/home/mm2350/extra/Olympusv2/benchmarks/benchmark_responsive_fairness/data/ma_dreamer_second_try/7_flows/run39/ep000039_bw36_d43_n1.pdf  return=300992.9
[ep_plot] ep=39 -> /its/home/mm2350/extra/Olympusv2/benchmarks/benchmark_responsive_fairness/data/ma_dreamer_second_try/7_flows/run39/ep000039_bw36_d43_n1.pdf  return=300992.9375
[responsive_fairness] slot=8 ma_dreamer_second_try flows=7 run=49
[responsive_fairness] ma_dreamer_second_try flows=7 run=39 done (189/200)
[sao-listener] cport=23100 worker=/its/home/mm2350/extra/Olympusv2/olympus/algorithms/ma_dreamer/worker.py scan=20ms target_cc=astraea single_flow=1 no_state_pipe=1
[slot=8] ep=49  env=responsive_fairness_join45_score300  bw=18Mbps  delay=54ms  duration=345s
[multi_ep_plot] saved -> /its/home/mm2350/extra/Olympusv2/benchmarks/benchmark_responsive_fairness/data/ma_dreamer_second_try/7_flows/run40/ep000040_bw68_d84_n1.pdf  return=282578.3
[ep_plot] ep=40 -> /its/home/mm2350/extra/Olympusv2/benchmarks/benchmark_responsive_fairness/data/ma_dreamer_second_try/7_flows/run40/ep000040_bw68_d84_n1.pdf  return=282578.3125
[worker cport=23400 agent=0] loaded checkpoint step=58994
[worker alg=ma_dreamer reward=tempest_fairness_ma cport=23400 agent=0 group=slot0_ep43 flow=1] started interval=20ms det=1 latent=8x8
[responsive_fairness] slot=7 ma_dreamer_second_try flows=7 run=50
[responsive_fairness] ma_dreamer_second_try flows=7 run=40 done (190/200)
[slot=7] ep=50  env=responsive_fairness_join45_score300  bw=73Mbps  delay=44ms  duration=345s
[sao-listener] cport=23600 worker=/its/home/mm2350/extra/Olympusv2/olympus/algorithms/ma_dreamer/worker.py scan=20ms target_cc=astraea single_flow=1 no_state_pipe=1
[sao-listener] new flow 1 10.0.0.1:23900->10.0.0.8:5210 cc=astraea pid=767135 child=769648
[sao-listener] single-flow mode: attached worker; stopping ss scans
[sao-listener flow 1] cport=23900 cc=astraea worker active
[sao-listener] cport=23800 worker=/its/home/mm2350/extra/Olympusv2/olympus/algorithms/ma_dreamer/worker.py scan=20ms target_cc=astraea single_flow=1 no_state_pipe=1
[sao-listener] new flow 1 10.0.0.1:23000->10.0.0.8:5201 cc=astraea pid=767305 child=770589
[sao-listener] single-flow mode: attached worker; stopping ss scans
[sao-listener flow 1] cport=23000 cc=astraea worker active
[sao-listener] cport=23700 worker=/its/home/mm2350/extra/Olympusv2/olympus/algorithms/ma_dreamer/worker.py scan=20ms target_cc=astraea single_flow=1 no_state_pipe=1
[worker cport=23900 agent=0] loaded checkpoint step=58994
[worker alg=ma_dreamer reward=tempest_fairness_ma cport=23900 agent=0 group=slot0_ep44 flow=1] started interval=20ms det=1 latent=8x8
[worker cport=23000 agent=0] loaded checkpoint step=58994
[worker alg=ma_dreamer reward=tempest_fairness_ma cport=23000 agent=0 group=slot0_ep45 flow=1] started interval=20ms det=1 latent=8x8
[sao-listener] new flow 1 10.0.0.1:23500->10.0.0.8:5206 cc=astraea pid=768624 child=771435
[sao-listener] single-flow mode: attached worker; stopping ss scans
[sao-listener flow 1] cport=23500 cc=astraea worker active
[worker cport=23500 agent=0] loaded checkpoint step=58994
[worker alg=ma_dreamer reward=tempest_fairness_ma cport=23500 agent=0 group=slot0_ep46 flow=1] started interval=20ms det=1 latent=8x8
[sao-listener] new flow 1 10.0.0.1:23100->10.0.0.8:5202 cc=astraea pid=769497 child=771647
[sao-listener] single-flow mode: attached worker; stopping ss scans
[sao-listener flow 1] cport=23100 cc=astraea worker active
[worker cport=23100 agent=0] loaded checkpoint step=58994
[worker alg=ma_dreamer reward=tempest_fairness_ma cport=23100 agent=0 group=slot0_ep47 flow=1] started interval=20ms det=1 latent=8x8
[sao-listener] new flow 1 10.0.0.1:23600->10.0.0.8:5207 cc=astraea pid=770532 child=771835
[sao-listener] single-flow mode: attached worker; stopping ss scans
[sao-listener flow 1] cport=23600 cc=astraea worker active
[worker cport=23600 agent=0] loaded checkpoint step=58994
[worker alg=ma_dreamer reward=tempest_fairness_ma cport=23600 agent=0 group=slot0_ep48 flow=1] started interval=20ms det=1 latent=8x8
[sao-listener] new flow 1 10.0.0.1:23800->10.0.0.8:5209 cc=astraea pid=771199 child=771994
[sao-listener] single-flow mode: attached worker; stopping ss scans
[sao-listener flow 1] cport=23800 cc=astraea worker active
[sao-listener] new flow 1 10.0.0.1:23700->10.0.0.8:5208 cc=astraea pid=771238 child=772064
[sao-listener] single-flow mode: attached worker; stopping ss scans
[sao-listener flow 1] cport=23700 cc=astraea worker active
[worker cport=23800 agent=0] loaded checkpoint step=58994
[worker alg=ma_dreamer reward=tempest_fairness_ma cport=23800 agent=0 group=slot0_ep49 flow=1] started interval=20ms det=1 latent=8x8
[worker cport=23700 agent=0] loaded checkpoint step=58994
[worker alg=ma_dreamer reward=tempest_fairness_ma cport=23700 agent=0 group=slot0_ep50 flow=1] started interval=20ms det=1 latent=8x8
[orch] link change t=15.0s bw=39 delay=31
[orch] link change t=15.0s bw=13 delay=45
[orch] link change t=15.0s bw=99 delay=28
[orch] link change t=15.0s bw=79 delay=99
[orch] link change t=15.0s bw=72 delay=42
[orch] link change t=15.0s bw=15 delay=85
[orch] link change t=15.0s bw=65 delay=80
[orch] link change t=15.0s bw=26 delay=81
[orch] link change t=15.0s bw=62 delay=24
[orch] link change t=15.0s bw=56 delay=91
[orch] link change t=30.0s bw=59 delay=83
[orch] link change t=30.0s bw=41 delay=38
[orch] link change t=30.0s bw=69 delay=57
[orch] link change t=30.0s bw=24 delay=32
[orch] link change t=30.0s bw=20 delay=48
[orch] link change t=30.0s bw=85 delay=39
[orch] link change t=30.0s bw=68 delay=83
[orch] link change t=30.0s bw=78 delay=48
[orch] link change t=30.0s bw=51 delay=80
[orch] link change t=30.0s bw=41 delay=98
[orch] link change t=45.0s bw=98 delay=46
[orch] link change t=45.0s bw=27 delay=23
[orch] link change t=45.0s bw=95 delay=99
[orch] link change t=45.0s bw=58 delay=38
[orch] link change t=45.0s bw=53 delay=12
[orch] link change t=45.0s bw=91 delay=76
[orch] link change t=45.0s bw=53 delay=42
[orch] link change t=45.0s bw=74 delay=34
[orch] link change t=45.0s bw=75 delay=16
[orch] link change t=45.0s bw=70 delay=52
[orch] link change t=60.0s bw=80 delay=45
[orch] link change t=60.0s bw=96 delay=79
[orch] link change t=60.0s bw=22 delay=68
[orch] link change t=60.0s bw=47 delay=13
[orch] link change t=60.0s bw=19 delay=71
[orch] link change t=60.0s bw=29 delay=84
[orch] link change t=60.0s bw=75 delay=59
[orch] link change t=60.0s bw=65 delay=31
[orch] link change t=60.0s bw=97 delay=15
[orch] link change t=60.0s bw=20 delay=78
[orch] link change t=75.0s bw=59 delay=83
[orch] link change t=75.0s bw=21 delay=85
[orch] link change t=75.0s bw=86 delay=73
[orch] link change t=75.0s bw=38 delay=24
[orch] link change t=75.0s bw=11 delay=24
[orch] link change t=75.0s bw=78 delay=14
[orch] link change t=75.0s bw=60 delay=88
[orch] link change t=75.0s bw=29 delay=94
[orch] link change t=75.0s bw=45 delay=29
[orch] link change t=75.0s bw=50 delay=38
[orch] link change t=90.0s bw=11 delay=41
[orch] link change t=90.0s bw=64 delay=14
[orch] link change t=90.0s bw=87 delay=12
[orch] link change t=90.0s bw=82 delay=11
[orch] link change t=90.0s bw=46 delay=25
[orch] link change t=90.0s bw=13 delay=18
[orch] link change t=90.0s bw=15 delay=63
[orch] link change t=90.0s bw=23 delay=73
[orch] link change t=90.0s bw=68 delay=15
[orch] link change t=90.0s bw=96 delay=81
[orch] link change t=105.0s bw=94 delay=12
[orch] link change t=105.0s bw=13 delay=21
[orch] link change t=105.0s bw=75 delay=65
[orch] link change t=105.0s bw=22 delay=30
[orch] link change t=105.0s bw=49 delay=93
[orch] link change t=105.0s bw=50 delay=90
[orch] link change t=105.0s bw=94 delay=13
[orch] link change t=105.0s bw=93 delay=38
[orch] link change t=105.0s bw=90 delay=79
[orch] link change t=105.0s bw=20 delay=29
[orch] link change t=120.0s bw=66 delay=29
[orch] link change t=120.0s bw=37 delay=39
[orch] link change t=120.0s bw=83 delay=57
[orch] link change t=120.0s bw=75 delay=98
[orch] link change t=120.0s bw=14 delay=89
[orch] link change t=120.0s bw=16 delay=13
[orch] link change t=120.0s bw=23 delay=10
[orch] link change t=120.0s bw=37 delay=75
[orch] link change t=120.0s bw=74 delay=38
[orch] link change t=120.0s bw=54 delay=22
[orch] link change t=135.0s bw=29 delay=50
[orch] link change t=135.0s bw=74 delay=87
[orch] link change t=135.0s bw=89 delay=80
[orch] link change t=135.0s bw=48 delay=98
[orch] link change t=135.0s bw=18 delay=27
[orch] link change t=135.0s bw=27 delay=80
[orch] link change t=135.0s bw=43 delay=71
[orch] link change t=135.0s bw=81 delay=75
[orch] link change t=135.0s bw=87 delay=46
[orch] link change t=135.0s bw=54 delay=50
[orch] link change t=150.0s bw=31 delay=42
[orch] link change t=150.0s bw=13 delay=81
[orch] link change t=150.0s bw=65 delay=60
[orch] link change t=150.0s bw=91 delay=58
[orch] link change t=150.0s bw=44 delay=29
[orch] link change t=150.0s bw=47 delay=77
[orch] link change t=150.0s bw=79 delay=11
[orch] link change t=150.0s bw=29 delay=70
[orch] link change t=150.0s bw=83 delay=57
[orch] link change t=150.0s bw=38 delay=34
[orch] link change t=165.0s bw=93 delay=98
[orch] link change t=165.0s bw=35 delay=93
[orch] link change t=165.0s bw=32 delay=17
[orch] link change t=165.0s bw=85 delay=61
[orch] link change t=165.0s bw=37 delay=64
[orch] link change t=165.0s bw=52 delay=21
[orch] link change t=165.0s bw=50 delay=82
[orch] link change t=165.0s bw=37 delay=13
[orch] link change t=165.0s bw=61 delay=13
[orch] link change t=165.0s bw=18 delay=52
[orch] link change t=180.0s bw=89 delay=84
[orch] link change t=180.0s bw=99 delay=79
[orch] link change t=180.0s bw=23 delay=25
[orch] link change t=180.0s bw=98 delay=95
[orch] link change t=180.0s bw=19 delay=88
[orch] link change t=180.0s bw=60 delay=100
[orch] link change t=180.0s bw=64 delay=39
[orch] link change t=180.0s bw=19 delay=64
[orch] link change t=180.0s bw=41 delay=27
[orch] link change t=180.0s bw=87 delay=87
[orch] link change t=195.0s bw=17 delay=25
[orch] link change t=195.0s bw=63 delay=38
[orch] link change t=195.0s bw=58 delay=29
[orch] link change t=195.0s bw=51 delay=55
[orch] link change t=195.0s bw=62 delay=28
[orch] link change t=195.0s bw=71 delay=56
[orch] link change t=195.0s bw=40 delay=76
[orch] link change t=195.0s bw=18 delay=26
[orch] link change t=195.0s bw=22 delay=64
[orch] link change t=195.0s bw=64 delay=91
[orch] link change t=210.0s bw=85 delay=14
[orch] link change t=210.0s bw=67 delay=85
[orch] link change t=210.0s bw=22 delay=30
[orch] link change t=210.0s bw=19 delay=53
[orch] link change t=210.0s bw=99 delay=17
[orch] link change t=210.0s bw=29 delay=70
[orch] link change t=210.0s bw=75 delay=55
[orch] link change t=210.0s bw=73 delay=96
[orch] link change t=210.0s bw=58 delay=51
[orch] link change t=210.0s bw=21 delay=18
[orch] link change t=225.0s bw=65 delay=46
[orch] link change t=225.0s bw=45 delay=10
[orch] link change t=225.0s bw=75 delay=73
[orch] link change t=225.0s bw=46 delay=89
[orch] link change t=225.0s bw=14 delay=32
[orch] link change t=225.0s bw=69 delay=19
[orch] link change t=225.0s bw=66 delay=40
[orch] link change t=225.0s bw=30 delay=26
[orch] link change t=225.0s bw=55 delay=44
[orch] link change t=225.0s bw=98 delay=87
[orch] link change t=240.0s bw=37 delay=19
[orch] link change t=240.0s bw=30 delay=99
[orch] link change t=240.0s bw=26 delay=59
[orch] link change t=240.0s bw=30 delay=24
[orch] link change t=240.0s bw=51 delay=42
[orch] link change t=240.0s bw=68 delay=99
[orch] link change t=240.0s bw=14 delay=81
[orch] link change t=240.0s bw=17 delay=99
[orch] link change t=240.0s bw=93 delay=61
[orch] link change t=240.0s bw=52 delay=98
[orch] link change t=255.0s bw=56 delay=70
[orch] link change t=255.0s bw=64 delay=53
[orch] link change t=255.0s bw=86 delay=74
[orch] link change t=255.0s bw=75 delay=18
[orch] link change t=255.0s bw=55 delay=50
[orch] link change t=255.0s bw=79 delay=89
[orch] link change t=255.0s bw=57 delay=98
[orch] link change t=255.0s bw=80 delay=47
[orch] link change t=255.0s bw=88 delay=89
[orch] link change t=255.0s bw=92 delay=65
[orch] link change t=270.0s bw=26 delay=81
[orch] link change t=270.0s bw=45 delay=29
[orch] link change t=270.0s bw=44 delay=83
[orch] link change t=270.0s bw=85 delay=22
[orch] link change t=270.0s bw=22 delay=62
[orch] link change t=270.0s bw=24 delay=65
[orch] link change t=270.0s bw=55 delay=86
[orch] link change t=270.0s bw=53 delay=99
[orch] link change t=270.0s bw=16 delay=94
[orch] link change t=270.0s bw=10 delay=39
[orch] link change t=285.0s bw=95 delay=12
[orch] link change t=285.0s bw=37 delay=53
[orch] link change t=285.0s bw=33 delay=58
[orch] link change t=285.0s bw=44 delay=50
[orch] link change t=285.0s bw=21 delay=12
[orch] link change t=285.0s bw=38 delay=53
[orch] link change t=285.0s bw=53 delay=81
[orch] link change t=285.0s bw=53 delay=22
[orch] link change t=285.0s bw=62 delay=98
[orch] link change t=285.0s bw=53 delay=44
[orch] link change t=300.0s bw=25 delay=22
[orch] link change t=300.0s bw=23 delay=21
[orch] link change t=300.0s bw=18 delay=16
[orch] link change t=300.0s bw=23 delay=90
[orch] link change t=300.0s bw=52 delay=50
[orch] link change t=300.0s bw=74 delay=66
[orch] link change t=300.0s bw=83 delay=35
[orch] link change t=300.0s bw=40 delay=44
[orch] link change t=300.0s bw=79 delay=88
[orch] link change t=300.0s bw=65 delay=99
[orch] link change t=315.0s bw=28 delay=98
[orch] link change t=315.0s bw=58 delay=22
[orch] link change t=315.0s bw=84 delay=17
[orch] link change t=315.0s bw=47 delay=14
[orch] link change t=315.0s bw=59 delay=99
[orch] link change t=315.0s bw=45 delay=29
[orch] link change t=315.0s bw=40 delay=14
[orch] link change t=315.0s bw=43 delay=92
[orch] link change t=315.0s bw=36 delay=93
[orch] link change t=315.0s bw=23 delay=35
[orch] link change t=330.0s bw=32 delay=16
[orch] link change t=330.0s bw=55 delay=54
[orch] link change t=330.0s bw=33 delay=17
[orch] link change t=330.0s bw=54 delay=59
[orch] link change t=330.0s bw=77 delay=94
[orch] link change t=330.0s bw=23 delay=86
[orch] link change t=330.0s bw=26 delay=52
[orch] link change t=330.0s bw=11 delay=83
[orch] link change t=330.0s bw=18 delay=82
[orch] link change t=330.0s bw=66 delay=44
[multi_ep_plot] saved -> /its/home/mm2350/extra/Olympusv2/benchmarks/benchmark_responsive_fairness/data/ma_dreamer_second_try/7_flows/run41/ep000041_bw58_d52_n1.pdf  return=301083.5
[ep_plot] ep=41 -> /its/home/mm2350/extra/Olympusv2/benchmarks/benchmark_responsive_fairness/data/ma_dreamer_second_try/7_flows/run41/ep000041_bw58_d52_n1.pdf  return=301083.5
[responsive_fairness] ma_dreamer_second_try flows=7 run=41 done (191/200)
[multi_ep_plot] saved -> /its/home/mm2350/extra/Olympusv2/benchmarks/benchmark_responsive_fairness/data/ma_dreamer_second_try/7_flows/run42/ep000042_bw91_d24_n1.pdf  return=276950.0
[ep_plot] ep=42 -> /its/home/mm2350/extra/Olympusv2/benchmarks/benchmark_responsive_fairness/data/ma_dreamer_second_try/7_flows/run42/ep000042_bw91_d24_n1.pdf  return=276950.03125
[responsive_fairness] ma_dreamer_second_try flows=7 run=42 done (192/200)
[multi_ep_plot] saved -> /its/home/mm2350/extra/Olympusv2/benchmarks/benchmark_responsive_fairness/data/ma_dreamer_second_try/7_flows/run43/ep000043_bw14_d46_n1.pdf  return=275440.0
[ep_plot] ep=43 -> /its/home/mm2350/extra/Olympusv2/benchmarks/benchmark_responsive_fairness/data/ma_dreamer_second_try/7_flows/run43/ep000043_bw14_d46_n1.pdf  return=275439.96875
[responsive_fairness] ma_dreamer_second_try flows=7 run=43 done (193/200)
[multi_ep_plot] saved -> /its/home/mm2350/extra/Olympusv2/benchmarks/benchmark_responsive_fairness/data/ma_dreamer_second_try/7_flows/run44/ep000044_bw62_d76_n1.pdf  return=312000.6
[ep_plot] ep=44 -> /its/home/mm2350/extra/Olympusv2/benchmarks/benchmark_responsive_fairness/data/ma_dreamer_second_try/7_flows/run44/ep000044_bw62_d76_n1.pdf  return=312000.5625
[responsive_fairness] ma_dreamer_second_try flows=7 run=44 done (194/200)
[multi_ep_plot] saved -> /its/home/mm2350/extra/Olympusv2/benchmarks/benchmark_responsive_fairness/data/ma_dreamer_second_try/7_flows/run45/ep000045_bw44_d63_n1.pdf  return=266580.0
[ep_plot] ep=45 -> /its/home/mm2350/extra/Olympusv2/benchmarks/benchmark_responsive_fairness/data/ma_dreamer_second_try/7_flows/run45/ep000045_bw44_d63_n1.pdf  return=266580.0
[responsive_fairness] ma_dreamer_second_try flows=7 run=45 done (195/200)
[multi_ep_plot] saved -> /its/home/mm2350/extra/Olympusv2/benchmarks/benchmark_responsive_fairness/data/ma_dreamer_second_try/7_flows/run46/ep000046_bw19_d61_n1.pdf  return=326762.6
[ep_plot] ep=46 -> /its/home/mm2350/extra/Olympusv2/benchmarks/benchmark_responsive_fairness/data/ma_dreamer_second_try/7_flows/run46/ep000046_bw19_d61_n1.pdf  return=326762.5625
[responsive_fairness] ma_dreamer_second_try flows=7 run=46 done (196/200)
[multi_ep_plot] saved -> /its/home/mm2350/extra/Olympusv2/benchmarks/benchmark_responsive_fairness/data/ma_dreamer_second_try/7_flows/run47/ep000047_bw55_d18_n1.pdf  return=302051.4
[ep_plot] ep=47 -> /its/home/mm2350/extra/Olympusv2/benchmarks/benchmark_responsive_fairness/data/ma_dreamer_second_try/7_flows/run47/ep000047_bw55_d18_n1.pdf  return=302051.40625
[responsive_fairness] ma_dreamer_second_try flows=7 run=47 done (197/200)
[multi_ep_plot] saved -> /its/home/mm2350/extra/Olympusv2/benchmarks/benchmark_responsive_fairness/data/ma_dreamer_second_try/7_flows/run48/ep000048_bw80_d50_n1.pdf  return=306837.5
[ep_plot] ep=48 -> /its/home/mm2350/extra/Olympusv2/benchmarks/benchmark_responsive_fairness/data/ma_dreamer_second_try/7_flows/run48/ep000048_bw80_d50_n1.pdf  return=306837.53125
[responsive_fairness] ma_dreamer_second_try flows=7 run=48 done (198/200)
[multi_ep_plot] saved -> /its/home/mm2350/extra/Olympusv2/benchmarks/benchmark_responsive_fairness/data/ma_dreamer_second_try/7_flows/run49/ep000049_bw18_d54_n1.pdf  return=321510.7
[ep_plot] ep=49 -> /its/home/mm2350/extra/Olympusv2/benchmarks/benchmark_responsive_fairness/data/ma_dreamer_second_try/7_flows/run49/ep000049_bw18_d54_n1.pdf  return=321510.71875
[responsive_fairness] ma_dreamer_second_try flows=7 run=49 done (199/200)
[multi_ep_plot] saved -> /its/home/mm2350/extra/Olympusv2/benchmarks/benchmark_responsive_fairness/data/ma_dreamer_second_try/7_flows/run50/ep000050_bw73_d44_n1.pdf  return=281978.4
[ep_plot] ep=50 -> /its/home/mm2350/extra/Olympusv2/benchmarks/benchmark_responsive_fairness/data/ma_dreamer_second_try/7_flows/run50/ep000050_bw73_d44_n1.pdf  return=281978.4375
[responsive_fairness] ma_dreamer_second_try flows=7 run=50 done (200/200)
[orch] runtime cleanup sweep
[responsive_fairness] done; data checked and missing trials attempted; metrics=/its/home/mm2350/extra/Olympusv2/benchmarks/benchmark_responsive_fairness/data/ma_dreamer_second_try/metrics.csv
