[responsive_fairness] output_root=/its/home/mm2350/extra/Olympusv2/benchmarks/benchmark_responsive_fairness/data
[responsive_fairness] duration=345s score_window=(45,345] cadence=15s flow_counts=[2, 4, 5, 7] trials/approach=200
[responsive_fairness] 2_flow_starts=0,45
[responsive_fairness] 4_flow_starts=0,15,30,45
[responsive_fairness] 5_flow_starts=0,11.25,22.5,33.75,45
[responsive_fairness] 7_flow_starts=0,7.5,15,22.5,30,37.5,45
[responsive_fairness] approaches_to_run=ma_dreamer_credit
[responsive_fairness] ma_dreamer_credit config=/its/home/mm2350/extra/Olympusv2/olympus/models/ma_dreamer_20260612-204251_credit/telemetry/config.resolved.yaml
[responsive_fairness] ma_dreamer_credit resuming missing=200/200 by_flow=2:50, 4:50, 5:50, 7:50
[responsive_fairness] slot=0 ma_dreamer_credit flows=2 run=1
[responsive_fairness] slot=1 ma_dreamer_credit flows=2 run=2
[responsive_fairness] slot=2 ma_dreamer_credit flows=2 run=3
[responsive_fairness] slot=3 ma_dreamer_credit flows=2 run=4
[responsive_fairness] slot=4 ma_dreamer_credit flows=2 run=5
[responsive_fairness] slot=5 ma_dreamer_credit flows=2 run=6
[responsive_fairness] slot=6 ma_dreamer_credit flows=2 run=7
[responsive_fairness] slot=7 ma_dreamer_credit flows=2 run=8
[responsive_fairness] slot=8 ma_dreamer_credit flows=2 run=9
[responsive_fairness] slot=9 ma_dreamer_credit flows=2 run=10
[slot=7] ep=8  flows=2  bw=39Mbps  delay=57ms  duration=345s  delays=[0.0, 45.0]  lifetimes=[345.0, 300.0]
[slot=9] ep=10  flows=2  bw=83Mbps  delay=14ms  duration=345s  delays=[0.0, 45.0]  lifetimes=[345.0, 300.0]
[slot=2] ep=3  flows=2  bw=40Mbps  delay=85ms  duration=345s  delays=[0.0, 45.0]  lifetimes=[345.0, 300.0]
[slot=1] ep=2  flows=2  bw=17Mbps  delay=21ms  duration=345s  delays=[0.0, 45.0]  lifetimes=[345.0, 300.0]
[slot=0] ep=1  flows=2  bw=27Mbps  delay=82ms  duration=345s  delays=[0.0, 45.0]  lifetimes=[345.0, 300.0]
[slot=5] ep=6  flows=2  bw=83Mbps  delay=20ms  duration=345s  delays=[0.0, 45.0]  lifetimes=[345.0, 300.0]
[slot=6] ep=7  flows=2  bw=51Mbps  delay=29ms  duration=345s  delays=[0.0, 45.0]  lifetimes=[345.0, 300.0]
[slot=4] ep=5  flows=2  bw=89Mbps  delay=42ms  duration=345s  delays=[0.0, 45.0]  lifetimes=[345.0, 300.0]
[slot=8] ep=9  flows=2  bw=69Mbps  delay=88ms  duration=345s  delays=[0.0, 45.0]  lifetimes=[345.0, 300.0]
[slot=3] ep=4  flows=2  bw=40Mbps  delay=48ms  duration=345s  delays=[0.0, 45.0]  lifetimes=[345.0, 300.0]
[sao-listener] cport=23700 worker=/its/home/mm2350/extra/Olympusv2/olympus/algorithms/ma_dreamer/worker.py scan=20ms target_cc=astraea single_flow=1 no_state_pipe=1
[sao-listener] cport=23200 worker=/its/home/mm2350/extra/Olympusv2/olympus/algorithms/ma_dreamer/worker.py scan=20ms target_cc=astraea single_flow=1 no_state_pipe=1
[sao-listener] cport=23800 worker=/its/home/mm2350/extra/Olympusv2/olympus/algorithms/ma_dreamer/worker.py scan=20ms target_cc=astraea single_flow=1 no_state_pipe=1
[sao-listener] cport=23701 worker=/its/home/mm2350/extra/Olympusv2/olympus/algorithms/ma_dreamer/worker.py scan=20ms target_cc=astraea single_flow=1 no_state_pipe=1
[sao-listener] cport=23900 worker=/its/home/mm2350/extra/Olympusv2/olympus/algorithms/ma_dreamer/worker.py scan=20ms target_cc=astraea single_flow=1 no_state_pipe=1
[sao-listener] cport=23400 worker=/its/home/mm2350/extra/Olympusv2/olympus/algorithms/ma_dreamer/worker.py scan=20ms target_cc=astraea single_flow=1 no_state_pipe=1
[sao-listener] cport=23600 worker=/its/home/mm2350/extra/Olympusv2/olympus/algorithms/ma_dreamer/worker.py scan=20ms target_cc=astraea single_flow=1 no_state_pipe=1
[sao-listener] cport=23201 worker=/its/home/mm2350/extra/Olympusv2/olympus/algorithms/ma_dreamer/worker.py scan=20ms target_cc=astraea single_flow=1 no_state_pipe=1
[sao-listener] cport=23000 worker=/its/home/mm2350/extra/Olympusv2/olympus/algorithms/ma_dreamer/worker.py scan=20ms target_cc=astraea single_flow=1 no_state_pipe=1
[sao-listener] cport=23300 worker=/its/home/mm2350/extra/Olympusv2/olympus/algorithms/ma_dreamer/worker.py scan=20ms target_cc=astraea single_flow=1 no_state_pipe=1
[sao-listener] cport=23801 worker=/its/home/mm2350/extra/Olympusv2/olympus/algorithms/ma_dreamer/worker.py scan=20ms target_cc=astraea single_flow=1 no_state_pipe=1
[sao-listener] cport=23500 worker=/its/home/mm2350/extra/Olympusv2/olympus/algorithms/ma_dreamer/worker.py scan=20ms target_cc=astraea single_flow=1 no_state_pipe=1
[sao-listener] cport=23100 worker=/its/home/mm2350/extra/Olympusv2/olympus/algorithms/ma_dreamer/worker.py scan=20ms target_cc=astraea single_flow=1 no_state_pipe=1
[sao-listener] cport=23901 worker=/its/home/mm2350/extra/Olympusv2/olympus/algorithms/ma_dreamer/worker.py scan=20ms target_cc=astraea single_flow=1 no_state_pipe=1
[sao-listener] cport=23001 worker=/its/home/mm2350/extra/Olympusv2/olympus/algorithms/ma_dreamer/worker.py scan=20ms target_cc=astraea single_flow=1 no_state_pipe=1
[sao-listener] cport=23301 worker=/its/home/mm2350/extra/Olympusv2/olympus/algorithms/ma_dreamer/worker.py scan=20ms target_cc=astraea single_flow=1 no_state_pipe=1
[sao-listener] cport=23401 worker=/its/home/mm2350/extra/Olympusv2/olympus/algorithms/ma_dreamer/worker.py scan=20ms target_cc=astraea single_flow=1 no_state_pipe=1
[sao-listener] cport=23601 worker=/its/home/mm2350/extra/Olympusv2/olympus/algorithms/ma_dreamer/worker.py scan=20ms target_cc=astraea single_flow=1 no_state_pipe=1
[sao-listener] cport=23501 worker=/its/home/mm2350/extra/Olympusv2/olympus/algorithms/ma_dreamer/worker.py scan=20ms target_cc=astraea single_flow=1 no_state_pipe=1
[sao-listener] cport=23101 worker=/its/home/mm2350/extra/Olympusv2/olympus/algorithms/ma_dreamer/worker.py scan=20ms target_cc=astraea single_flow=1 no_state_pipe=1
[sao-listener] new flow 1 10.0.0.1:23600->10.0.0.3:5207 cc=astraea pid=259773 child=262012
[sao-listener] single-flow mode: attached worker; stopping ss scans
[sao-listener flow 1] cport=23600 cc=astraea worker active
[sao-listener] new flow 1 10.0.0.1:23700->10.0.0.3:5208 cc=astraea pid=259713 child=262016
[sao-listener] single-flow mode: attached worker; stopping ss scans
[sao-listener flow 1] cport=23700 cc=astraea worker active
[sao-listener] new flow 1 10.0.0.1:23000->10.0.0.3:5201 cc=astraea pid=259765 child=262126
[sao-listener] single-flow mode: attached worker; stopping ss scans
[sao-listener flow 1] cport=23000 cc=astraea worker active
[sao-listener] new flow 1 10.0.0.1:23900->10.0.0.3:5210 cc=astraea pid=259760 child=262200
[sao-listener] single-flow mode: attached worker; stopping ss scans
[sao-listener flow 1] cport=23900 cc=astraea worker active
[sao-listener] new flow 1 10.0.0.1:23200->10.0.0.3:5203 cc=astraea pid=259729 child=262261
[sao-listener] single-flow mode: attached worker; stopping ss scans
[sao-listener flow 1] cport=23200 cc=astraea worker active
[sao-listener] new flow 1 10.0.0.1:23400->10.0.0.3:5205 cc=astraea pid=259770 child=262322
[sao-listener] single-flow mode: attached worker; stopping ss scans
[sao-listener flow 1] cport=23400 cc=astraea worker active
[sao-listener] new flow 1 10.0.0.1:23100->10.0.0.3:5202 cc=astraea pid=259787 child=262388
[sao-listener] single-flow mode: attached worker; stopping ss scans
[sao-listener flow 1] cport=23100 cc=astraea worker active
[sao-listener] new flow 1 10.0.0.1:23500->10.0.0.3:5206 cc=astraea pid=259782 child=262455
[sao-listener] single-flow mode: attached worker; stopping ss scans
[sao-listener flow 1] cport=23500 cc=astraea worker active
[sao-listener] new flow 1 10.0.0.1:23800->10.0.0.3:5209 cc=astraea pid=259736 child=262465
[sao-listener] single-flow mode: attached worker; stopping ss scans
[sao-listener flow 1] cport=23800 cc=astraea worker active
[sao-listener] new flow 1 10.0.0.1:23300->10.0.0.3:5204 cc=astraea pid=259769 child=262579
[sao-listener] single-flow mode: attached worker; stopping ss scans
[sao-listener flow 1] cport=23300 cc=astraea worker active
[worker cport=23700 agent=0] loaded checkpoint step=24571
[worker alg=ma_dreamer reward=tempest_fairness_ma cport=23700 agent=0 group=slot7_ep8 flow=1] started interval=20ms det=1 latent=8x8
[worker cport=23600 agent=0] loaded checkpoint step=24571
[worker alg=ma_dreamer reward=tempest_fairness_ma cport=23600 agent=0 group=slot6_ep7 flow=1] started interval=20ms det=1 latent=8x8
[worker cport=23000 agent=0] loaded checkpoint step=24571
[worker alg=ma_dreamer reward=tempest_fairness_ma cport=23000 agent=0 group=slot0_ep1 flow=1] started interval=20ms det=1 latent=8x8
[worker cport=23900 agent=0] loaded checkpoint step=24571
[worker alg=ma_dreamer reward=tempest_fairness_ma cport=23900 agent=0 group=slot9_ep10 flow=1] started interval=20ms det=1 latent=8x8
[worker cport=23200 agent=0] loaded checkpoint step=24571
[worker alg=ma_dreamer reward=tempest_fairness_ma cport=23200 agent=0 group=slot2_ep3 flow=1] started interval=20ms det=1 latent=8x8
[worker cport=23400 agent=0] loaded checkpoint step=24571
[worker alg=ma_dreamer reward=tempest_fairness_ma cport=23400 agent=0 group=slot4_ep5 flow=1] started interval=20ms det=1 latent=8x8
[worker cport=23100 agent=0] loaded checkpoint step=24571
[worker alg=ma_dreamer reward=tempest_fairness_ma cport=23100 agent=0 group=slot1_ep2 flow=1] started interval=20ms det=1 latent=8x8
[worker cport=23500 agent=0] loaded checkpoint step=24571
[worker alg=ma_dreamer reward=tempest_fairness_ma cport=23500 agent=0 group=slot5_ep6 flow=1] started interval=20ms det=1 latent=8x8
[worker cport=23800 agent=0] loaded checkpoint step=24571
[worker alg=ma_dreamer reward=tempest_fairness_ma cport=23800 agent=0 group=slot8_ep9 flow=1] started interval=20ms det=1 latent=8x8
[worker cport=23300 agent=0] loaded checkpoint step=24571
[worker alg=ma_dreamer reward=tempest_fairness_ma cport=23300 agent=0 group=slot3_ep4 flow=1] started interval=20ms det=1 latent=8x8
[orch] link change t=15.0s bw=58 delay=26
[orch] link change t=15.0s bw=79 delay=26
[orch] link change t=15.0s bw=57 delay=44
[orch] link change t=15.0s bw=64 delay=71
[orch] link change t=15.0s bw=55 delay=98
[orch] link change t=15.0s bw=60 delay=93
[orch] link change t=15.0s bw=18 delay=42
[orch] link change t=15.0s bw=23 delay=60
[orch] link change t=15.0s bw=72 delay=43
[orch] link change t=15.0s bw=20 delay=56
[orch] link change t=30.0s bw=34 delay=100
[orch] link change t=30.0s bw=57 delay=87
[orch] link change t=30.0s bw=27 delay=33
[orch] link change t=30.0s bw=83 delay=11
[orch] link change t=30.0s bw=93 delay=77
[orch] link change t=30.0s bw=16 delay=19
[orch] link change t=30.0s bw=25 delay=73
[orch] link change t=30.0s bw=71 delay=29
[orch] link change t=30.0s bw=14 delay=10
[orch] link change t=30.0s bw=31 delay=95
[orch] link change t=45.0s bw=15 delay=20
[orch] link change t=45.0s bw=70 delay=90
[orch] link change t=45.0s bw=96 delay=10
[orch] link change t=45.0s bw=36 delay=69
[orch] link change t=45.0s bw=13 delay=69
[orch] link change t=45.0s bw=78 delay=22
[orch] link change t=45.0s bw=67 delay=70
[orch] link change t=45.0s bw=28 delay=94
[orch] link change t=45.0s bw=21 delay=18
[orch] link change t=45.0s bw=49 delay=42
[sao-listener] new flow 1 10.0.0.2:23601->10.0.0.4:5207 cc=astraea pid=279991 child=280171
[sao-listener] single-flow mode: attached worker; stopping ss scans
[sao-listener flow 1] cport=23601 cc=astraea worker active
[sao-listener] new flow 1 10.0.0.2:23801->10.0.0.4:5209 cc=astraea pid=279983 child=280175
[sao-listener] single-flow mode: attached worker; stopping ss scans
[sao-listener flow 1] cport=23801 cc=astraea worker active
[sao-listener] new flow 1 10.0.0.2:23301->10.0.0.4:5204 cc=astraea pid=279989 child=280294
[sao-listener] single-flow mode: attached worker; stopping ss scans
[sao-listener flow 1] cport=23301 cc=astraea worker active
[sao-listener] new flow 1 10.0.0.2:23501->10.0.0.4:5206 cc=astraea pid=279992 child=280297
[sao-listener] single-flow mode: attached worker; stopping ss scans
[sao-listener flow 1] cport=23501 cc=astraea worker active
[sao-listener] new flow 1 10.0.0.2:23101->10.0.0.4:5202 cc=astraea pid=279997 child=280400
[sao-listener flow 1] cport=23101 cc=astraea worker active
[sao-listener] single-flow mode: attached worker; stopping ss scans
[sao-listener] new flow 1 10.0.0.2:23001->10.0.0.4:5201 cc=astraea pid=279987 child=280404
[sao-listener] single-flow mode: attached worker; stopping ss scans
[sao-listener flow 1] cport=23001 cc=astraea worker active
[worker cport=23601 agent=1] loaded checkpoint step=24571
[worker alg=ma_dreamer reward=tempest_fairness_ma cport=23601 agent=1 group=slot6_ep7 flow=1] started interval=20ms det=1 latent=8x8
[worker cport=23801 agent=1] loaded checkpoint step=24571
[worker alg=ma_dreamer reward=tempest_fairness_ma cport=23801 agent=1 group=slot8_ep9 flow=1] started interval=20ms det=1 latent=8x8
[worker cport=23301 agent=1] loaded checkpoint step=24571
[worker alg=ma_dreamer reward=tempest_fairness_ma cport=23301 agent=1 group=slot3_ep4 flow=1] started interval=20ms det=1 latent=8x8
[worker cport=23501 agent=1] loaded checkpoint step=24571
[worker alg=ma_dreamer reward=tempest_fairness_ma cport=23501 agent=1 group=slot5_ep6 flow=1] started interval=20ms det=1 latent=8x8
[worker cport=23101 agent=1] loaded checkpoint step=24571
[worker alg=ma_dreamer reward=tempest_fairness_ma cport=23101 agent=1 group=slot1_ep2 flow=1] started interval=20ms det=1 latent=8x8
[sao-listener] new flow 1 10.0.0.2:23901->10.0.0.4:5210 cc=astraea pid=279986 child=280909
[sao-listener] single-flow mode: attached worker; stopping ss scans
[sao-listener flow 1] cport=23901 cc=astraea worker active
[worker cport=23001 agent=1] loaded checkpoint step=24571
[worker alg=ma_dreamer reward=tempest_fairness_ma cport=23001 agent=1 group=slot0_ep1 flow=1] started interval=20ms det=1 latent=8x8
[sao-listener] new flow 1 10.0.0.2:23701->10.0.0.4:5208 cc=astraea pid=279974 child=280964
[sao-listener flow 1] cport=23701 cc=astraea worker active
[sao-listener] single-flow mode: attached worker; stopping ss scans
[sao-listener] new flow 1 10.0.0.2:23401->10.0.0.4:5205 cc=astraea pid=279990 child=281025
[sao-listener] single-flow mode: attached worker; stopping ss scans
[sao-listener flow 1] cport=23401 cc=astraea worker active
[sao-listener] new flow 1 10.0.0.2:23201->10.0.0.4:5203 cc=astraea pid=279980 child=281075
[sao-listener] single-flow mode: attached worker; stopping ss scans
[sao-listener flow 1] cport=23201 cc=astraea worker active
[worker cport=23901 agent=1] loaded checkpoint step=24571
[worker cport=23701 agent=1] loaded checkpoint step=24571
[worker alg=ma_dreamer reward=tempest_fairness_ma cport=23901 agent=1 group=slot9_ep10 flow=1] started interval=20ms det=1 latent=8x8
[worker alg=ma_dreamer reward=tempest_fairness_ma cport=23701 agent=1 group=slot7_ep8 flow=1] started interval=20ms det=1 latent=8x8
[worker cport=23401 agent=1] loaded checkpoint step=24571
[worker alg=ma_dreamer reward=tempest_fairness_ma cport=23401 agent=1 group=slot4_ep5 flow=1] started interval=20ms det=1 latent=8x8
[worker cport=23201 agent=1] loaded checkpoint step=24571
[worker alg=ma_dreamer reward=tempest_fairness_ma cport=23201 agent=1 group=slot2_ep3 flow=1] started interval=20ms det=1 latent=8x8
[orch] link change t=60.0s bw=27 delay=41
[orch] link change t=60.0s bw=84 delay=18
[orch] link change t=60.0s bw=53 delay=74
[orch] link change t=60.0s bw=72 delay=45
[orch] link change t=60.0s bw=41 delay=93
[orch] link change t=60.0s bw=56 delay=84
[orch] link change t=60.0s bw=85 delay=70
[orch] link change t=60.0s bw=93 delay=58
[orch] link change t=60.0s bw=12 delay=61
[orch] link change t=60.0s bw=87 delay=37
[orch] link change t=75.0s bw=74 delay=36
[orch] link change t=75.0s bw=87 delay=11
[orch] link change t=75.0s bw=69 delay=87
[orch] link change t=75.0s bw=93 delay=30
[orch] link change t=75.0s bw=16 delay=30
[orch] link change t=75.0s bw=36 delay=22
[orch] link change t=75.0s bw=17 delay=74
[orch] link change t=75.0s bw=80 delay=47
[orch] link change t=75.0s bw=87 delay=14
[orch] link change t=75.0s bw=57 delay=50
[orch] link change t=90.0s bw=61 delay=92
[orch] link change t=90.0s bw=70 delay=43
[orch] link change t=90.0s bw=20 delay=52
[orch] link change t=90.0s bw=14 delay=76
[orch] link change t=90.0s bw=24 delay=57
[orch] link change t=90.0s bw=37 delay=14
[orch] link change t=90.0s bw=17 delay=38
[orch] link change t=90.0s bw=12 delay=44
[orch] link change t=90.0s bw=72 delay=13
[orch] link change t=90.0s bw=84 delay=97
[orch] link change t=105.0s bw=13 delay=68
[orch] link change t=105.0s bw=80 delay=39
[orch] link change t=105.0s bw=80 delay=88
[orch] link change t=105.0s bw=72 delay=51
[orch] link change t=105.0s bw=70 delay=41
[orch] link change t=105.0s bw=21 delay=65
[orch] link change t=105.0s bw=59 delay=65
[orch] link change t=105.0s bw=76 delay=78
[orch] link change t=105.0s bw=72 delay=35
[orch] link change t=105.0s bw=30 delay=65
[orch] link change t=120.0s bw=72 delay=68
[orch] link change t=120.0s bw=34 delay=70
[orch] link change t=120.0s bw=99 delay=15
[orch] link change t=120.0s bw=19 delay=41
[orch] link change t=120.0s bw=58 delay=79
[orch] link change t=120.0s bw=63 delay=18
[orch] link change t=120.0s bw=56 delay=45
[orch] link change t=120.0s bw=87 delay=10
[orch] link change t=120.0s bw=62 delay=78
[orch] link change t=120.0s bw=91 delay=60
[orch] link change t=135.0s bw=59 delay=73
[orch] link change t=135.0s bw=79 delay=80
[orch] link change t=135.0s bw=58 delay=31
[orch] link change t=135.0s bw=56 delay=15
[orch] link change t=135.0s bw=23 delay=83
[orch] link change t=135.0s bw=40 delay=21
[orch] link change t=135.0s bw=99 delay=67
[orch] link change t=135.0s bw=79 delay=97
[orch] link change t=135.0s bw=32 delay=23
[orch] link change t=135.0s bw=75 delay=57
[orch] link change t=150.0s bw=83 delay=34
[orch] link change t=150.0s bw=70 delay=60
[orch] link change t=150.0s bw=100 delay=67
[orch] link change t=150.0s bw=63 delay=27
[orch] link change t=150.0s bw=41 delay=11
[orch] link change t=150.0s bw=80 delay=64
[orch] link change t=150.0s bw=22 delay=34
[orch] link change t=150.0s bw=44 delay=39
[orch] link change t=150.0s bw=79 delay=66
[orch] link change t=150.0s bw=43 delay=37
[orch] link change t=165.0s bw=61 delay=21
[orch] link change t=165.0s bw=91 delay=29
[orch] link change t=165.0s bw=64 delay=30
[orch] link change t=165.0s bw=87 delay=55
[orch] link change t=165.0s bw=37 delay=62
[orch] link change t=165.0s bw=17 delay=82
[orch] link change t=165.0s bw=82 delay=80
[orch] link change t=165.0s bw=13 delay=92
[orch] link change t=165.0s bw=85 delay=23
[orch] link change t=165.0s bw=74 delay=44
[orch] link change t=180.0s bw=72 delay=39
[orch] link change t=180.0s bw=39 delay=91
[orch] link change t=180.0s bw=31 delay=40
[orch] link change t=180.0s bw=58 delay=63
[orch] link change t=180.0s bw=25 delay=38
[orch] link change t=180.0s bw=45 delay=33
[orch] link change t=180.0s bw=99 delay=43
[orch] link change t=180.0s bw=43 delay=44
[orch] link change t=180.0s bw=50 delay=13
[orch] link change t=180.0s bw=14 delay=13
[orch] link change t=195.0s bw=12 delay=99
[orch] link change t=195.0s bw=29 delay=76
[orch] link change t=195.0s bw=16 delay=24
[orch] link change t=195.0s bw=46 delay=96
[orch] link change t=195.0s bw=59 delay=30
[orch] link change t=195.0s bw=90 delay=90
[orch] link change t=195.0s bw=94 delay=88
[orch] link change t=195.0s bw=34 delay=31
[orch] link change t=195.0s bw=12 delay=13
[orch] link change t=195.0s bw=56 delay=69
[orch] link change t=210.0s bw=44 delay=76
[orch] link change t=210.0s bw=59 delay=11
[orch] link change t=210.0s bw=26 delay=74
[orch] link change t=210.0s bw=43 delay=68
[orch] link change t=210.0s bw=19 delay=27
[orch] link change t=210.0s bw=84 delay=17
[orch] link change t=210.0s bw=93 delay=79
[orch] link change t=210.0s bw=49 delay=47
[orch] link change t=210.0s bw=97 delay=21
[orch] link change t=210.0s bw=50 delay=58
[orch] link change t=225.0s bw=62 delay=70
[orch] link change t=225.0s bw=95 delay=18
[orch] link change t=225.0s bw=85 delay=18
[orch] link change t=225.0s bw=32 delay=97
[orch] link change t=225.0s bw=89 delay=89
[orch] link change t=225.0s bw=83 delay=84
[orch] link change t=225.0s bw=90 delay=57
[orch] link change t=225.0s bw=11 delay=58
[orch] link change t=225.0s bw=64 delay=52
[orch] link change t=225.0s bw=64 delay=77
[orch] link change t=240.0s bw=58 delay=24
[orch] link change t=240.0s bw=30 delay=85
[orch] link change t=240.0s bw=98 delay=59
[orch] link change t=240.0s bw=48 delay=94
[orch] link change t=240.0s bw=66 delay=26
[orch] link change t=240.0s bw=60 delay=16
[orch] link change t=240.0s bw=21 delay=56
[orch] link change t=240.0s bw=97 delay=37
[orch] link change t=240.0s bw=21 delay=87
[orch] link change t=240.0s bw=31 delay=81
[orch] link change t=255.0s bw=94 delay=43
[orch] link change t=255.0s bw=15 delay=48
[orch] link change t=255.0s bw=23 delay=47
[orch] link change t=255.0s bw=56 delay=27
[orch] link change t=255.0s bw=26 delay=10
[orch] link change t=255.0s bw=38 delay=15
[orch] link change t=255.0s bw=62 delay=42
[orch] link change t=255.0s bw=53 delay=95
[orch] link change t=255.0s bw=64 delay=13
[orch] link change t=255.0s bw=32 delay=40
[orch] link change t=270.0s bw=22 delay=18
[orch] link change t=270.0s bw=13 delay=44
[orch] link change t=270.0s bw=36 delay=96
[orch] link change t=270.0s bw=68 delay=40
[orch] link change t=270.0s bw=10 delay=36
[orch] link change t=270.0s bw=81 delay=27
[orch] link change t=270.0s bw=77 delay=38
[orch] link change t=270.0s bw=66 delay=99
[orch] link change t=270.0s bw=59 delay=74
[orch] link change t=270.0s bw=39 delay=13
[orch] link change t=285.0s bw=59 delay=89
[orch] link change t=285.0s bw=70 delay=86
[orch] link change t=285.0s bw=38 delay=63
[orch] link change t=285.0s bw=66 delay=88
[orch] link change t=285.0s bw=37 delay=31
[orch] link change t=285.0s bw=47 delay=63
[orch] link change t=285.0s bw=66 delay=73
[orch] link change t=285.0s bw=41 delay=32
[orch] link change t=285.0s bw=22 delay=35
[orch] link change t=285.0s bw=32 delay=51
[orch] link change t=300.0s bw=58 delay=23
[orch] link change t=300.0s bw=59 delay=64
[orch] link change t=300.0s bw=21 delay=44
[orch] link change t=300.0s bw=58 delay=15
[orch] link change t=300.0s bw=31 delay=47
[orch] link change t=300.0s bw=80 delay=39
[orch] link change t=300.0s bw=28 delay=79
[orch] link change t=300.0s bw=41 delay=70
[orch] link change t=300.0s bw=99 delay=91
[orch] link change t=300.0s bw=32 delay=27
[orch] link change t=315.0s bw=94 delay=17
[orch] link change t=315.0s bw=60 delay=83
[orch] link change t=315.0s bw=36 delay=60
[orch] link change t=315.0s bw=84 delay=10
[orch] link change t=315.0s bw=50 delay=35
[orch] link change t=315.0s bw=25 delay=83
[orch] link change t=315.0s bw=54 delay=39
[orch] link change t=315.0s bw=47 delay=22
[orch] link change t=315.0s bw=45 delay=21
[orch] link change t=315.0s bw=75 delay=75
[orch] link change t=330.0s bw=53 delay=40
[orch] link change t=330.0s bw=66 delay=27
[orch] link change t=330.0s bw=45 delay=53
[orch] link change t=330.0s bw=40 delay=27
[orch] link change t=330.0s bw=49 delay=81
[orch] link change t=330.0s bw=79 delay=96
[orch] link change t=330.0s bw=96 delay=38
[orch] link change t=330.0s bw=80 delay=48
[orch] link change t=330.0s bw=15 delay=85
[orch] link change t=330.0s bw=56 delay=75
[multi_ep_plot] saved -> /its/home/mm2350/extra/Olympusv2/benchmarks/benchmark_responsive_fairness/data/ma_dreamer_credit/2_flows/run7/ep000007_bw51_d29_n2.pdf  return=511356.2
[ep_plot] ep=7 -> /its/home/mm2350/extra/Olympusv2/benchmarks/benchmark_responsive_fairness/data/ma_dreamer_credit/2_flows/run7/ep000007_bw51_d29_n2.pdf  return=511356.1875
[orch] ep=7 sum-of-agents return=511356.2
[responsive_fairness] slot=6 ma_dreamer_credit flows=2 run=11
[responsive_fairness] ma_dreamer_credit flows=2 run=7 done (1/200)
[multi_ep_plot] saved -> /its/home/mm2350/extra/Olympusv2/benchmarks/benchmark_responsive_fairness/data/ma_dreamer_credit/2_flows/run5/ep000005_bw89_d42_n2.pdf  return=514814.6
[ep_plot] ep=5 -> /its/home/mm2350/extra/Olympusv2/benchmarks/benchmark_responsive_fairness/data/ma_dreamer_credit/2_flows/run5/ep000005_bw89_d42_n2.pdf  return=514814.578125
[orch] ep=5 sum-of-agents return=514814.6
[slot=6] ep=11  flows=2  bw=67Mbps  delay=81ms  duration=345s  delays=[0.0, 45.0]  lifetimes=[345.0, 300.0]
[responsive_fairness] slot=4 ma_dreamer_credit flows=2 run=12
[responsive_fairness] ma_dreamer_credit flows=2 run=5 done (2/200)
[slot=4] ep=12  flows=2  bw=70Mbps  delay=44ms  duration=345s  delays=[0.0, 45.0]  lifetimes=[345.0, 300.0]
[multi_ep_plot] saved -> /its/home/mm2350/extra/Olympusv2/benchmarks/benchmark_responsive_fairness/data/ma_dreamer_credit/2_flows/run9/ep000009_bw69_d88_n2.pdf  return=582236.5
[ep_plot] ep=9 -> /its/home/mm2350/extra/Olympusv2/benchmarks/benchmark_responsive_fairness/data/ma_dreamer_credit/2_flows/run9/ep000009_bw69_d88_n2.pdf  return=582236.484375
[orch] ep=9 sum-of-agents return=582236.5
[responsive_fairness] slot=8 ma_dreamer_credit flows=2 run=13
[responsive_fairness] ma_dreamer_credit flows=2 run=9 done (3/200)
[slot=8] ep=13  flows=2  bw=43Mbps  delay=47ms  duration=345s  delays=[0.0, 45.0]  lifetimes=[345.0, 300.0]
[multi_ep_plot] saved -> /its/home/mm2350/extra/Olympusv2/benchmarks/benchmark_responsive_fairness/data/ma_dreamer_credit/2_flows/run3/ep000003_bw40_d85_n2.pdf  return=624765.6
[ep_plot] ep=3 -> /its/home/mm2350/extra/Olympusv2/benchmarks/benchmark_responsive_fairness/data/ma_dreamer_credit/2_flows/run3/ep000003_bw40_d85_n2.pdf  return=624765.625
[orch] ep=3 sum-of-agents return=624765.6
[responsive_fairness] slot=2 ma_dreamer_credit flows=2 run=14
[responsive_fairness] ma_dreamer_credit flows=2 run=3 done (4/200)
[slot=2] ep=14  flows=2  bw=23Mbps  delay=88ms  duration=345s  delays=[0.0, 45.0]  lifetimes=[345.0, 300.0]
[multi_ep_plot] saved -> /its/home/mm2350/extra/Olympusv2/benchmarks/benchmark_responsive_fairness/data/ma_dreamer_credit/2_flows/run10/ep000010_bw83_d14_n2.pdf  return=625841.8
[ep_plot] ep=10 -> /its/home/mm2350/extra/Olympusv2/benchmarks/benchmark_responsive_fairness/data/ma_dreamer_credit/2_flows/run10/ep000010_bw83_d14_n2.pdf  return=625841.8125
[orch] ep=10 sum-of-agents return=625841.8
[responsive_fairness] slot=9 ma_dreamer_credit flows=2 run=15
[responsive_fairness] ma_dreamer_credit flows=2 run=10 done (5/200)
[slot=9] ep=15  flows=2  bw=36Mbps  delay=11ms  duration=345s  delays=[0.0, 45.0]  lifetimes=[345.0, 300.0]
[multi_ep_plot] saved -> /its/home/mm2350/extra/Olympusv2/benchmarks/benchmark_responsive_fairness/data/ma_dreamer_credit/2_flows/run6/ep000006_bw83_d20_n2.pdf  return=525235.8
[ep_plot] ep=6 -> /its/home/mm2350/extra/Olympusv2/benchmarks/benchmark_responsive_fairness/data/ma_dreamer_credit/2_flows/run6/ep000006_bw83_d20_n2.pdf  return=525235.765625
[orch] ep=6 sum-of-agents return=525235.8
[responsive_fairness] slot=5 ma_dreamer_credit flows=2 run=16
[responsive_fairness] ma_dreamer_credit flows=2 run=6 done (6/200)
[multi_ep_plot] saved -> /its/home/mm2350/extra/Olympusv2/benchmarks/benchmark_responsive_fairness/data/ma_dreamer_credit/2_flows/run4/ep000004_bw40_d48_n2.pdf  return=592518.0
[ep_plot] ep=4 -> /its/home/mm2350/extra/Olympusv2/benchmarks/benchmark_responsive_fairness/data/ma_dreamer_credit/2_flows/run4/ep000004_bw40_d48_n2.pdf  return=592518.0
[orch] ep=4 sum-of-agents return=592518.0
[multi_ep_plot] saved -> /its/home/mm2350/extra/Olympusv2/benchmarks/benchmark_responsive_fairness/data/ma_dreamer_credit/2_flows/run1/ep000001_bw27_d82_n2.pdf  return=597938.1
[ep_plot] ep=1 -> /its/home/mm2350/extra/Olympusv2/benchmarks/benchmark_responsive_fairness/data/ma_dreamer_credit/2_flows/run1/ep000001_bw27_d82_n2.pdf  return=597938.125
[orch] ep=1 sum-of-agents return=597938.1
[responsive_fairness] slot=3 ma_dreamer_credit flows=2 run=17
[responsive_fairness] ma_dreamer_credit flows=2 run=4 done (7/200)
[slot=5] ep=16  flows=2  bw=56Mbps  delay=70ms  duration=345s  delays=[0.0, 45.0]  lifetimes=[345.0, 300.0]
[responsive_fairness] slot=0 ma_dreamer_credit flows=2 run=18
[responsive_fairness] ma_dreamer_credit flows=2 run=1 done (8/200)
[multi_ep_plot] saved -> /its/home/mm2350/extra/Olympusv2/benchmarks/benchmark_responsive_fairness/data/ma_dreamer_credit/2_flows/run2/ep000002_bw17_d21_n2.pdf  return=633845.6
[ep_plot] ep=2 -> /its/home/mm2350/extra/Olympusv2/benchmarks/benchmark_responsive_fairness/data/ma_dreamer_credit/2_flows/run2/ep000002_bw17_d21_n2.pdf  return=633845.59375
[orch] ep=2 sum-of-agents return=633845.6
[slot=3] ep=17  flows=2  bw=76Mbps  delay=63ms  duration=345s  delays=[0.0, 45.0]  lifetimes=[345.0, 300.0]
[responsive_fairness] slot=1 ma_dreamer_credit flows=2 run=19
[responsive_fairness] ma_dreamer_credit flows=2 run=2 done (9/200)
[slot=0] ep=18  flows=2  bw=33Mbps  delay=25ms  duration=345s  delays=[0.0, 45.0]  lifetimes=[345.0, 300.0]
[slot=1] ep=19  flows=2  bw=96Mbps  delay=15ms  duration=345s  delays=[0.0, 45.0]  lifetimes=[345.0, 300.0]
[sao-listener] cport=23600 worker=/its/home/mm2350/extra/Olympusv2/olympus/algorithms/ma_dreamer/worker.py scan=20ms target_cc=astraea single_flow=1 no_state_pipe=1
[sao-listener] cport=23601 worker=/its/home/mm2350/extra/Olympusv2/olympus/algorithms/ma_dreamer/worker.py scan=20ms target_cc=astraea single_flow=1 no_state_pipe=1
[sao-listener] cport=23400 worker=/its/home/mm2350/extra/Olympusv2/olympus/algorithms/ma_dreamer/worker.py scan=20ms target_cc=astraea single_flow=1 no_state_pipe=1
[multi_ep_plot] saved -> /its/home/mm2350/extra/Olympusv2/benchmarks/benchmark_responsive_fairness/data/ma_dreamer_credit/2_flows/run8/ep000008_bw39_d57_n2.pdf  return=587995.9
[ep_plot] ep=8 -> /its/home/mm2350/extra/Olympusv2/benchmarks/benchmark_responsive_fairness/data/ma_dreamer_credit/2_flows/run8/ep000008_bw39_d57_n2.pdf  return=587995.9375
[orch] ep=8 sum-of-agents return=587995.9
[sao-listener] cport=23401 worker=/its/home/mm2350/extra/Olympusv2/olympus/algorithms/ma_dreamer/worker.py scan=20ms target_cc=astraea single_flow=1 no_state_pipe=1
[responsive_fairness] slot=7 ma_dreamer_credit flows=2 run=20
[responsive_fairness] ma_dreamer_credit flows=2 run=8 done (10/200)
[slot=7] ep=20  flows=2  bw=97Mbps  delay=29ms  duration=345s  delays=[0.0, 45.0]  lifetimes=[345.0, 300.0]
[sao-listener] cport=23800 worker=/its/home/mm2350/extra/Olympusv2/olympus/algorithms/ma_dreamer/worker.py scan=20ms target_cc=astraea single_flow=1 no_state_pipe=1
[sao-listener] cport=23801 worker=/its/home/mm2350/extra/Olympusv2/olympus/algorithms/ma_dreamer/worker.py scan=20ms target_cc=astraea single_flow=1 no_state_pipe=1
[sao-listener] cport=23200 worker=/its/home/mm2350/extra/Olympusv2/olympus/algorithms/ma_dreamer/worker.py scan=20ms target_cc=astraea single_flow=1 no_state_pipe=1
[sao-listener] cport=23201 worker=/its/home/mm2350/extra/Olympusv2/olympus/algorithms/ma_dreamer/worker.py scan=20ms target_cc=astraea single_flow=1 no_state_pipe=1
[sao-listener] cport=23900 worker=/its/home/mm2350/extra/Olympusv2/olympus/algorithms/ma_dreamer/worker.py scan=20ms target_cc=astraea single_flow=1 no_state_pipe=1
[sao-listener] cport=23901 worker=/its/home/mm2350/extra/Olympusv2/olympus/algorithms/ma_dreamer/worker.py scan=20ms target_cc=astraea single_flow=1 no_state_pipe=1
[sao-listener] cport=23500 worker=/its/home/mm2350/extra/Olympusv2/olympus/algorithms/ma_dreamer/worker.py scan=20ms target_cc=astraea single_flow=1 no_state_pipe=1
[sao-listener] cport=23501 worker=/its/home/mm2350/extra/Olympusv2/olympus/algorithms/ma_dreamer/worker.py scan=20ms target_cc=astraea single_flow=1 no_state_pipe=1
[sao-listener] cport=23300 worker=/its/home/mm2350/extra/Olympusv2/olympus/algorithms/ma_dreamer/worker.py scan=20ms target_cc=astraea single_flow=1 no_state_pipe=1
[sao-listener] cport=23100 worker=/its/home/mm2350/extra/Olympusv2/olympus/algorithms/ma_dreamer/worker.py scan=20ms target_cc=astraea single_flow=1 no_state_pipe=1
[sao-listener] cport=23000 worker=/its/home/mm2350/extra/Olympusv2/olympus/algorithms/ma_dreamer/worker.py scan=20ms target_cc=astraea single_flow=1 no_state_pipe=1
[sao-listener] cport=23301 worker=/its/home/mm2350/extra/Olympusv2/olympus/algorithms/ma_dreamer/worker.py scan=20ms target_cc=astraea single_flow=1 no_state_pipe=1
[sao-listener] cport=23101 worker=/its/home/mm2350/extra/Olympusv2/olympus/algorithms/ma_dreamer/worker.py scan=20ms target_cc=astraea single_flow=1 no_state_pipe=1
[sao-listener] cport=23001 worker=/its/home/mm2350/extra/Olympusv2/olympus/algorithms/ma_dreamer/worker.py scan=20ms target_cc=astraea single_flow=1 no_state_pipe=1
[sao-listener] cport=23700 worker=/its/home/mm2350/extra/Olympusv2/olympus/algorithms/ma_dreamer/worker.py scan=20ms target_cc=astraea single_flow=1 no_state_pipe=1
[sao-listener] cport=23701 worker=/its/home/mm2350/extra/Olympusv2/olympus/algorithms/ma_dreamer/worker.py scan=20ms target_cc=astraea single_flow=1 no_state_pipe=1
[sao-listener] new flow 1 10.0.0.1:23900->10.0.0.3:5210 cc=astraea pid=286181 child=286569
[sao-listener] single-flow mode: attached worker; stopping ss scans
[sao-listener flow 1] cport=23900 cc=astraea worker active
[sao-listener] new flow 1 10.0.0.1:23400->10.0.0.3:5205 cc=astraea pid=285674 child=286895
[sao-listener] single-flow mode: attached worker; stopping ss scans
[sao-listener flow 1] cport=23400 cc=astraea worker active
[sao-listener] new flow 1 10.0.0.1:23300->10.0.0.3:5204 cc=astraea pid=286369 child=287269
[sao-listener] single-flow mode: attached worker; stopping ss scans
[sao-listener flow 1] cport=23300 cc=astraea worker active
[sao-listener] new flow 1 10.0.0.1:23000->10.0.0.3:5201 cc=astraea pid=286397 child=287351
[sao-listener] single-flow mode: attached worker; stopping ss scans
[sao-listener flow 1] cport=23000 cc=astraea worker active
[sao-listener] new flow 1 10.0.0.1:23100->10.0.0.3:5202 cc=astraea pid=286396 child=287432
[sao-listener] single-flow mode: attached worker; stopping ss scans
[sao-listener flow 1] cport=23100 cc=astraea worker active
[worker cport=23900 agent=0] loaded checkpoint step=24571
[worker alg=ma_dreamer reward=tempest_fairness_ma cport=23900 agent=0 group=slot9_ep15 flow=1] started interval=20ms det=1 latent=8x8
[sao-listener] new flow 1 10.0.0.1:23800->10.0.0.3:5209 cc=astraea pid=285915 child=287814
[sao-listener] single-flow mode: attached worker; stopping ss scans
[sao-listener flow 1] cport=23800 cc=astraea worker active
[worker cport=23400 agent=0] loaded checkpoint step=24571
[worker alg=ma_dreamer reward=tempest_fairness_ma cport=23400 agent=0 group=slot4_ep12 flow=1] started interval=20ms det=1 latent=8x8
[sao-listener] new flow 1 10.0.0.1:23700->10.0.0.3:5208 cc=astraea pid=286739 child=287816
[sao-listener] single-flow mode: attached worker; stopping ss scans
[sao-listener flow 1] cport=23700 cc=astraea worker active
[worker cport=23300 agent=0] loaded checkpoint step=24571
[worker alg=ma_dreamer reward=tempest_fairness_ma cport=23300 agent=0 group=slot3_ep17 flow=1] started interval=20ms det=1 latent=8x8
[sao-listener] new flow 1 10.0.0.1:23200->10.0.0.3:5203 cc=astraea pid=286035 child=288055
[sao-listener] single-flow mode: attached worker; stopping ss scans
[sao-listener flow 1] cport=23200 cc=astraea worker active
[worker cport=23000 agent=0] loaded checkpoint step=24571
[worker alg=ma_dreamer reward=tempest_fairness_ma cport=23000 agent=0 group=slot0_ep18 flow=1] started interval=20ms det=1 latent=8x8
[worker cport=23100 agent=0] loaded checkpoint step=24571
[worker alg=ma_dreamer reward=tempest_fairness_ma cport=23100 agent=0 group=slot1_ep19 flow=1] started interval=20ms det=1 latent=8x8
[sao-listener] new flow 1 10.0.0.1:23600->10.0.0.3:5207 cc=astraea pid=285480 child=288261
[sao-listener] single-flow mode: attached worker; stopping ss scans
[sao-listener flow 1] cport=23600 cc=astraea worker active
[sao-listener] new flow 1 10.0.0.1:23500->10.0.0.3:5206 cc=astraea pid=286293 child=288427
[sao-listener] single-flow mode: attached worker; stopping ss scans
[sao-listener flow 1] cport=23500 cc=astraea worker active
[worker cport=23800 agent=0] loaded checkpoint step=24571
[worker alg=ma_dreamer reward=tempest_fairness_ma cport=23800 agent=0 group=slot8_ep13 flow=1] started interval=20ms det=1 latent=8x8
[worker cport=23700 agent=0] loaded checkpoint step=24571
[worker alg=ma_dreamer reward=tempest_fairness_ma cport=23700 agent=0 group=slot7_ep20 flow=1] started interval=20ms det=1 latent=8x8
[worker cport=23200 agent=0] loaded checkpoint step=24571
[worker alg=ma_dreamer reward=tempest_fairness_ma cport=23200 agent=0 group=slot2_ep14 flow=1] started interval=20ms det=1 latent=8x8
[worker cport=23600 agent=0] loaded checkpoint step=24571
[worker alg=ma_dreamer reward=tempest_fairness_ma cport=23600 agent=0 group=slot6_ep11 flow=1] started interval=20ms det=1 latent=8x8
[worker cport=23500 agent=0] loaded checkpoint step=24571
[worker alg=ma_dreamer reward=tempest_fairness_ma cport=23500 agent=0 group=slot5_ep16 flow=1] started interval=20ms det=1 latent=8x8
[orch] link change t=15.0s bw=69 delay=67
[orch] link change t=15.0s bw=94 delay=77
[orch] link change t=15.0s bw=97 delay=97
[orch] link change t=15.0s bw=99 delay=93
[orch] link change t=15.0s bw=76 delay=14
[orch] link change t=15.0s bw=71 delay=46
[orch] link change t=15.0s bw=48 delay=56
[orch] link change t=15.0s bw=76 delay=25
[orch] link change t=15.0s bw=94 delay=67
[orch] link change t=15.0s bw=43 delay=96
[orch] link change t=30.0s bw=75 delay=85
[orch] link change t=30.0s bw=95 delay=54
[orch] link change t=30.0s bw=33 delay=93
[orch] link change t=30.0s bw=77 delay=41
[orch] link change t=30.0s bw=30 delay=40
[orch] link change t=30.0s bw=63 delay=39
[orch] link change t=30.0s bw=47 delay=32
[orch] link change t=30.0s bw=75 delay=35
[orch] link change t=30.0s bw=52 delay=40
[orch] link change t=30.0s bw=91 delay=22
[orch] link change t=45.0s bw=34 delay=33
[orch] link change t=45.0s bw=28 delay=58
[orch] link change t=45.0s bw=39 delay=95
[orch] link change t=45.0s bw=44 delay=42
[orch] link change t=45.0s bw=12 delay=17
[orch] link change t=45.0s bw=67 delay=10
[orch] link change t=45.0s bw=60 delay=54
[orch] link change t=45.0s bw=100 delay=100
[orch] link change t=45.0s bw=35 delay=72
[orch] link change t=45.0s bw=51 delay=83
[sao-listener] new flow 1 10.0.0.2:23201->10.0.0.4:5203 cc=astraea pid=305440 child=305556
[sao-listener] single-flow mode: attached worker; stopping ss scans
[sao-listener flow 1] cport=23201 cc=astraea worker active
[sao-listener] new flow 1 10.0.0.2:23601->10.0.0.4:5207 cc=astraea pid=305314 child=305697
[sao-listener] single-flow mode: attached worker; stopping ss scans
[sao-listener flow 1] cport=23601 cc=astraea worker active
[sao-listener] new flow 1 10.0.0.2:23901->10.0.0.4:5210 cc=astraea pid=305468 child=305700
[sao-listener] single-flow mode: attached worker; stopping ss scans
[sao-listener flow 1] cport=23901 cc=astraea worker active
[sao-listener] new flow 1 10.0.0.2:23401->10.0.0.4:5205 cc=astraea pid=305345 child=305852
[sao-listener] single-flow mode: attached worker; stopping ss scans
[sao-listener flow 1] cport=23401 cc=astraea worker active
[sao-listener] new flow 1 10.0.0.2:23501->10.0.0.4:5206 cc=astraea pid=305497 child=305858
[sao-listener] single-flow mode: attached worker; stopping ss scans
[sao-listener flow 1] cport=23501 cc=astraea worker active
[sao-listener] new flow 1 10.0.0.2:23301->10.0.0.4:5204 cc=astraea pid=305506 child=305978
[sao-listener] single-flow mode: attached worker; stopping ss scans
[sao-listener flow 1] cport=23301 cc=astraea worker active
[sao-listener] new flow 1 10.0.0.2:23001->10.0.0.4:5201 cc=astraea pid=305510 child=306040
[sao-listener] single-flow mode: attached worker; stopping ss scans
[sao-listener flow 1] cport=23001 cc=astraea worker active
[sao-listener] new flow 1 10.0.0.2:23101->10.0.0.4:5202 cc=astraea pid=305511 child=306093
[sao-listener] single-flow mode: attached worker; stopping ss scans
[sao-listener flow 1] cport=23101 cc=astraea worker active
[worker cport=23201 agent=1] loaded checkpoint step=24571
[worker alg=ma_dreamer reward=tempest_fairness_ma cport=23201 agent=1 group=slot2_ep14 flow=1] started interval=20ms det=1 latent=8x8
[sao-listener] new flow 1 10.0.0.2:23701->10.0.0.4:5208 cc=astraea pid=305613 child=306209
[sao-listener] single-flow mode: attached worker; stopping ss scans
[sao-listener flow 1] cport=23701 cc=astraea worker active
[worker cport=23601 agent=1] loaded checkpoint step=24571
[worker alg=ma_dreamer reward=tempest_fairness_ma cport=23601 agent=1 group=slot6_ep11 flow=1] started interval=20ms det=1 latent=8x8
[sao-listener] new flow 1 10.0.0.2:23801->10.0.0.4:5209 cc=astraea pid=305413 child=306357
[sao-listener] single-flow mode: attached worker; stopping ss scans
[sao-listener flow 1] cport=23801 cc=astraea worker active
[worker cport=23901 agent=1] loaded checkpoint step=24571
[worker alg=ma_dreamer reward=tempest_fairness_ma cport=23901 agent=1 group=slot9_ep15 flow=1] started interval=20ms det=1 latent=8x8
[worker cport=23401 agent=1] loaded checkpoint step=24571
[worker alg=ma_dreamer reward=tempest_fairness_ma cport=23401 agent=1 group=slot4_ep12 flow=1] started interval=20ms det=1 latent=8x8
[worker cport=23501 agent=1] loaded checkpoint step=24571
[worker alg=ma_dreamer reward=tempest_fairness_ma cport=23501 agent=1 group=slot5_ep16 flow=1] started interval=20ms det=1 latent=8x8
[worker cport=23301 agent=1] loaded checkpoint step=24571
[worker alg=ma_dreamer reward=tempest_fairness_ma cport=23301 agent=1 group=slot3_ep17 flow=1] started interval=20ms det=1 latent=8x8
[worker cport=23001 agent=1] loaded checkpoint step=24571
[worker alg=ma_dreamer reward=tempest_fairness_ma cport=23001 agent=1 group=slot0_ep18 flow=1] started interval=20ms det=1 latent=8x8
[worker cport=23101 agent=1] loaded checkpoint step=24571
[worker alg=ma_dreamer reward=tempest_fairness_ma cport=23101 agent=1 group=slot1_ep19 flow=1] started interval=20ms det=1 latent=8x8
[worker cport=23701 agent=1] loaded checkpoint step=24571
[worker alg=ma_dreamer reward=tempest_fairness_ma cport=23701 agent=1 group=slot7_ep20 flow=1] started interval=20ms det=1 latent=8x8
[worker cport=23801 agent=1] loaded checkpoint step=24571
[worker alg=ma_dreamer reward=tempest_fairness_ma cport=23801 agent=1 group=slot8_ep13 flow=1] started interval=20ms det=1 latent=8x8
[orch] link change t=60.0s bw=75 delay=70
[orch] link change t=60.0s bw=11 delay=57
[orch] link change t=60.0s bw=28 delay=38
[orch] link change t=60.0s bw=47 delay=19
[orch] link change t=60.0s bw=97 delay=28
[orch] link change t=60.0s bw=62 delay=94
[orch] link change t=60.0s bw=79 delay=94
[orch] link change t=60.0s bw=77 delay=47
[orch] link change t=60.0s bw=90 delay=73
[orch] link change t=60.0s bw=31 delay=13
[orch] link change t=75.0s bw=90 delay=88
[orch] link change t=75.0s bw=71 delay=45
[orch] link change t=75.0s bw=92 delay=33
[orch] link change t=75.0s bw=94 delay=67
[orch] link change t=75.0s bw=98 delay=57
[orch] link change t=75.0s bw=43 delay=40
[orch] link change t=75.0s bw=45 delay=24
[orch] link change t=75.0s bw=84 delay=28
[orch] link change t=75.0s bw=33 delay=71
[orch] link change t=75.0s bw=62 delay=62
[orch] link change t=90.0s bw=33 delay=22
[orch] link change t=90.0s bw=92 delay=68
[orch] link change t=90.0s bw=26 delay=19
[orch] link change t=90.0s bw=48 delay=69
[orch] link change t=90.0s bw=40 delay=24
[orch] link change t=90.0s bw=91 delay=38
[orch] link change t=90.0s bw=86 delay=43
[orch] link change t=90.0s bw=13 delay=41
[orch] link change t=90.0s bw=47 delay=68
[orch] link change t=90.0s bw=19 delay=23
[orch] link change t=105.0s bw=67 delay=48
[orch] link change t=105.0s bw=98 delay=86
[orch] link change t=105.0s bw=78 delay=37
[orch] link change t=105.0s bw=97 delay=60
[orch] link change t=105.0s bw=53 delay=69
[orch] link change t=105.0s bw=11 delay=47
[orch] link change t=105.0s bw=59 delay=63
[orch] link change t=105.0s bw=23 delay=43
[orch] link change t=105.0s bw=43 delay=35
[orch] link change t=105.0s bw=26 delay=50
[orch] link change t=120.0s bw=28 delay=21
[orch] link change t=120.0s bw=39 delay=81
[orch] link change t=120.0s bw=47 delay=13
[orch] link change t=120.0s bw=60 delay=25
[orch] link change t=120.0s bw=100 delay=55
[orch] link change t=120.0s bw=48 delay=52
[orch] link change t=120.0s bw=42 delay=74
[orch] link change t=120.0s bw=62 delay=51
[orch] link change t=120.0s bw=42 delay=98
[orch] link change t=120.0s bw=70 delay=84
[orch] link change t=135.0s bw=78 delay=98
[orch] link change t=135.0s bw=10 delay=94
[orch] link change t=135.0s bw=65 delay=26
[orch] link change t=135.0s bw=43 delay=38
[orch] link change t=135.0s bw=45 delay=60
[orch] link change t=135.0s bw=95 delay=28
[orch] link change t=135.0s bw=50 delay=91
[orch] link change t=135.0s bw=44 delay=23
[orch] link change t=135.0s bw=25 delay=51
[orch] link change t=135.0s bw=67 delay=62
[orch] link change t=150.0s bw=91 delay=15
[orch] link change t=150.0s bw=89 delay=28
[orch] link change t=150.0s bw=97 delay=87
[orch] link change t=150.0s bw=50 delay=55
[orch] link change t=150.0s bw=43 delay=54
[orch] link change t=150.0s bw=87 delay=49
[orch] link change t=150.0s bw=97 delay=61
[orch] link change t=150.0s bw=51 delay=49
[orch] link change t=150.0s bw=76 delay=96
[orch] link change t=150.0s bw=36 delay=35
[orch] link change t=165.0s bw=86 delay=60
[orch] link change t=165.0s bw=66 delay=57
[orch] link change t=165.0s bw=11 delay=45
[orch] link change t=165.0s bw=43 delay=56
[orch] link change t=165.0s bw=39 delay=36
[orch] link change t=165.0s bw=12 delay=38
[orch] link change t=165.0s bw=27 delay=80
[orch] link change t=165.0s bw=12 delay=82
[orch] link change t=165.0s bw=32 delay=40
[orch] link change t=165.0s bw=50 delay=90
[orch] link change t=180.0s bw=67 delay=93
[orch] link change t=180.0s bw=30 delay=53
[orch] link change t=180.0s bw=28 delay=20
[orch] link change t=180.0s bw=90 delay=90
[orch] link change t=180.0s bw=55 delay=50
[orch] link change t=180.0s bw=87 delay=42
[orch] link change t=180.0s bw=17 delay=27
[orch] link change t=180.0s bw=89 delay=35
[orch] link change t=180.0s bw=31 delay=40
[orch] link change t=180.0s bw=97 delay=52
[orch] link change t=195.0s bw=88 delay=93
[orch] link change t=195.0s bw=36 delay=17
[orch] link change t=195.0s bw=43 delay=67
[orch] link change t=195.0s bw=76 delay=29
[orch] link change t=195.0s bw=38 delay=49
[orch] link change t=195.0s bw=12 delay=29
[orch] link change t=195.0s bw=35 delay=29
[orch] link change t=195.0s bw=19 delay=35
[orch] link change t=195.0s bw=35 delay=56
[orch] link change t=195.0s bw=52 delay=64
[orch] link change t=210.0s bw=30 delay=89
[orch] link change t=210.0s bw=83 delay=35
[orch] link change t=210.0s bw=65 delay=27
[orch] link change t=210.0s bw=30 delay=80
[orch] link change t=210.0s bw=75 delay=63
[orch] link change t=210.0s bw=87 delay=95
[orch] link change t=210.0s bw=100 delay=78
[orch] link change t=210.0s bw=24 delay=79
[orch] link change t=210.0s bw=83 delay=74
[orch] link change t=210.0s bw=21 delay=90
[orch] link change t=225.0s bw=11 delay=77
[orch] link change t=225.0s bw=19 delay=75
[orch] link change t=225.0s bw=42 delay=55
[orch] link change t=225.0s bw=95 delay=94
[orch] link change t=225.0s bw=39 delay=83
[orch] link change t=225.0s bw=90 delay=13
[orch] link change t=225.0s bw=81 delay=97
[orch] link change t=225.0s bw=68 delay=59
[orch] link change t=225.0s bw=35 delay=96
[orch] link change t=225.0s bw=76 delay=72
[orch] link change t=240.0s bw=18 delay=17
[orch] link change t=240.0s bw=97 delay=53
[orch] link change t=240.0s bw=39 delay=72
[orch] link change t=240.0s bw=45 delay=31
[orch] link change t=240.0s bw=68 delay=63
[orch] link change t=240.0s bw=69 delay=68
[orch] link change t=240.0s bw=36 delay=52
[orch] link change t=240.0s bw=19 delay=22
[orch] link change t=240.0s bw=73 delay=37
[orch] link change t=240.0s bw=61 delay=20
[orch] link change t=255.0s bw=14 delay=34
[orch] link change t=255.0s bw=97 delay=61
[orch] link change t=255.0s bw=80 delay=82
[orch] link change t=255.0s bw=11 delay=93
[orch] link change t=255.0s bw=72 delay=20
[orch] link change t=255.0s bw=86 delay=90
[orch] link change t=255.0s bw=79 delay=25
[orch] link change t=255.0s bw=63 delay=12
[orch] link change t=255.0s bw=48 delay=43
[orch] link change t=255.0s bw=36 delay=83
[orch] link change t=270.0s bw=40 delay=86
[orch] link change t=270.0s bw=21 delay=12
[orch] link change t=270.0s bw=64 delay=95
[orch] link change t=270.0s bw=18 delay=25
[orch] link change t=270.0s bw=69 delay=82
[orch] link change t=270.0s bw=100 delay=47
[orch] link change t=270.0s bw=91 delay=18
[orch] link change t=270.0s bw=22 delay=84
[orch] link change t=270.0s bw=10 delay=53
[orch] link change t=270.0s bw=41 delay=14
[orch] link change t=285.0s bw=13 delay=69
[orch] link change t=285.0s bw=17 delay=94
[orch] link change t=285.0s bw=56 delay=65
[orch] link change t=285.0s bw=86 delay=53
[orch] link change t=285.0s bw=56 delay=66
[orch] link change t=285.0s bw=38 delay=49
[orch] link change t=285.0s bw=49 delay=62
[orch] link change t=285.0s bw=64 delay=60
[orch] link change t=285.0s bw=61 delay=38
[orch] link change t=285.0s bw=35 delay=22
[orch] link change t=300.0s bw=51 delay=66
[orch] link change t=300.0s bw=75 delay=38
[orch] link change t=300.0s bw=91 delay=50
[orch] link change t=300.0s bw=13 delay=20
[orch] link change t=300.0s bw=82 delay=50
[orch] link change t=300.0s bw=56 delay=43
[orch] link change t=300.0s bw=20 delay=74
[orch] link change t=300.0s bw=66 delay=94
[orch] link change t=300.0s bw=61 delay=78
[orch] link change t=300.0s bw=20 delay=34
[orch] link change t=315.0s bw=85 delay=35
[orch] link change t=315.0s bw=21 delay=64
[orch] link change t=315.0s bw=93 delay=25
[orch] link change t=315.0s bw=45 delay=36
[orch] link change t=315.0s bw=98 delay=92
[orch] link change t=315.0s bw=63 delay=21
[orch] link change t=315.0s bw=70 delay=91
[orch] link change t=315.0s bw=48 delay=83
[orch] link change t=315.0s bw=54 delay=85
[orch] link change t=315.0s bw=42 delay=98
[orch] link change t=330.0s bw=76 delay=39
[orch] link change t=330.0s bw=66 delay=24
[orch] link change t=330.0s bw=54 delay=86
[orch] link change t=330.0s bw=58 delay=61
[orch] link change t=330.0s bw=67 delay=61
[orch] link change t=330.0s bw=54 delay=73
[orch] link change t=330.0s bw=74 delay=30
[orch] link change t=330.0s bw=86 delay=28
[orch] link change t=330.0s bw=83 delay=77
[orch] link change t=330.0s bw=46 delay=49
[multi_ep_plot] saved -> /its/home/mm2350/extra/Olympusv2/benchmarks/benchmark_responsive_fairness/data/ma_dreamer_credit/2_flows/run11/ep000011_bw67_d81_n2.pdf  return=476076.9
[ep_plot] ep=11 -> /its/home/mm2350/extra/Olympusv2/benchmarks/benchmark_responsive_fairness/data/ma_dreamer_credit/2_flows/run11/ep000011_bw67_d81_n2.pdf  return=476076.90625
[orch] ep=11 sum-of-agents return=476076.9
[responsive_fairness] slot=6 ma_dreamer_credit flows=2 run=21
[responsive_fairness] ma_dreamer_credit flows=2 run=11 done (11/200)
[slot=6] ep=21  flows=2  bw=31Mbps  delay=63ms  duration=345s  delays=[0.0, 45.0]  lifetimes=[345.0, 300.0]
[multi_ep_plot] saved -> /its/home/mm2350/extra/Olympusv2/benchmarks/benchmark_responsive_fairness/data/ma_dreamer_credit/2_flows/run12/ep000012_bw70_d44_n2.pdf  return=490273.5
[ep_plot] ep=12 -> /its/home/mm2350/extra/Olympusv2/benchmarks/benchmark_responsive_fairness/data/ma_dreamer_credit/2_flows/run12/ep000012_bw70_d44_n2.pdf  return=490273.46875
[orch] ep=12 sum-of-agents return=490273.5
[responsive_fairness] slot=4 ma_dreamer_credit flows=2 run=22
[responsive_fairness] ma_dreamer_credit flows=2 run=12 done (12/200)
[slot=4] ep=22  flows=2  bw=27Mbps  delay=41ms  duration=345s  delays=[0.0, 45.0]  lifetimes=[345.0, 300.0]
[sao-listener] cport=23600 worker=/its/home/mm2350/extra/Olympusv2/olympus/algorithms/ma_dreamer/worker.py scan=20ms target_cc=astraea single_flow=1 no_state_pipe=1
[sao-listener] cport=23601 worker=/its/home/mm2350/extra/Olympusv2/olympus/algorithms/ma_dreamer/worker.py scan=20ms target_cc=astraea single_flow=1 no_state_pipe=1
[multi_ep_plot] saved -> /its/home/mm2350/extra/Olympusv2/benchmarks/benchmark_responsive_fairness/data/ma_dreamer_credit/2_flows/run13/ep000013_bw43_d47_n2.pdf  return=587927.3
[ep_plot] ep=13 -> /its/home/mm2350/extra/Olympusv2/benchmarks/benchmark_responsive_fairness/data/ma_dreamer_credit/2_flows/run13/ep000013_bw43_d47_n2.pdf  return=587927.3125
[orch] ep=13 sum-of-agents return=587927.3
[responsive_fairness] slot=8 ma_dreamer_credit flows=2 run=23
[responsive_fairness] ma_dreamer_credit flows=2 run=13 done (13/200)
[slot=8] ep=23  flows=2  bw=47Mbps  delay=20ms  duration=345s  delays=[0.0, 45.0]  lifetimes=[345.0, 300.0]
[sao-listener] cport=23400 worker=/its/home/mm2350/extra/Olympusv2/olympus/algorithms/ma_dreamer/worker.py scan=20ms target_cc=astraea single_flow=1 no_state_pipe=1
[sao-listener] cport=23401 worker=/its/home/mm2350/extra/Olympusv2/olympus/algorithms/ma_dreamer/worker.py scan=20ms target_cc=astraea single_flow=1 no_state_pipe=1
[multi_ep_plot] saved -> /its/home/mm2350/extra/Olympusv2/benchmarks/benchmark_responsive_fairness/data/ma_dreamer_credit/2_flows/run14/ep000014_bw23_d88_n2.pdf  return=550049.2
[ep_plot] ep=14 -> /its/home/mm2350/extra/Olympusv2/benchmarks/benchmark_responsive_fairness/data/ma_dreamer_credit/2_flows/run14/ep000014_bw23_d88_n2.pdf  return=550049.15625
[orch] ep=14 sum-of-agents return=550049.2
[responsive_fairness] slot=2 ma_dreamer_credit flows=2 run=24
[responsive_fairness] ma_dreamer_credit flows=2 run=14 done (14/200)
[slot=2] ep=24  flows=2  bw=59Mbps  delay=84ms  duration=345s  delays=[0.0, 45.0]  lifetimes=[345.0, 300.0]
[multi_ep_plot] saved -> /its/home/mm2350/extra/Olympusv2/benchmarks/benchmark_responsive_fairness/data/ma_dreamer_credit/2_flows/run15/ep000015_bw36_d11_n2.pdf  return=640909.8
[ep_plot] ep=15 -> /its/home/mm2350/extra/Olympusv2/benchmarks/benchmark_responsive_fairness/data/ma_dreamer_credit/2_flows/run15/ep000015_bw36_d11_n2.pdf  return=640909.84375
[orch] ep=15 sum-of-agents return=640909.8
[responsive_fairness] slot=9 ma_dreamer_credit flows=2 run=25
[responsive_fairness] ma_dreamer_credit flows=2 run=15 done (15/200)
[slot=9] ep=25  flows=2  bw=58Mbps  delay=11ms  duration=345s  delays=[0.0, 45.0]  lifetimes=[345.0, 300.0]
[multi_ep_plot] saved -> /its/home/mm2350/extra/Olympusv2/benchmarks/benchmark_responsive_fairness/data/ma_dreamer_credit/2_flows/run17/ep000017_bw76_d63_n2.pdf  return=611613.6
[ep_plot] ep=17 -> /its/home/mm2350/extra/Olympusv2/benchmarks/benchmark_responsive_fairness/data/ma_dreamer_credit/2_flows/run17/ep000017_bw76_d63_n2.pdf  return=611613.625
[orch] ep=17 sum-of-agents return=611613.6
[responsive_fairness] ma_dreamer_credit flows=2 run=17 done (16/200)
[responsive_fairness] slot=3 ma_dreamer_credit flows=2 run=26
[slot=3] ep=26  flows=2  bw=35Mbps  delay=94ms  duration=345s  delays=[0.0, 45.0]  lifetimes=[345.0, 300.0]
[multi_ep_plot] saved -> /its/home/mm2350/extra/Olympusv2/benchmarks/benchmark_responsive_fairness/data/ma_dreamer_credit/2_flows/run19/ep000019_bw96_d15_n2.pdf  return=591732.6
[ep_plot] ep=19 -> /its/home/mm2350/extra/Olympusv2/benchmarks/benchmark_responsive_fairness/data/ma_dreamer_credit/2_flows/run19/ep000019_bw96_d15_n2.pdf  return=591732.59375
[orch] ep=19 sum-of-agents return=591732.6
[responsive_fairness] slot=1 ma_dreamer_credit flows=2 run=27
[responsive_fairness] ma_dreamer_credit flows=2 run=19 done (17/200)
[slot=1] ep=27  flows=2  bw=93Mbps  delay=71ms  duration=345s  delays=[0.0, 45.0]  lifetimes=[345.0, 300.0]
[sao-listener] cport=23800 worker=/its/home/mm2350/extra/Olympusv2/olympus/algorithms/ma_dreamer/worker.py scan=20ms target_cc=astraea single_flow=1 no_state_pipe=1
[multi_ep_plot] saved -> /its/home/mm2350/extra/Olympusv2/benchmarks/benchmark_responsive_fairness/data/ma_dreamer_credit/2_flows/run18/ep000018_bw33_d25_n2.pdf  return=550377.5
[ep_plot] ep=18 -> /its/home/mm2350/extra/Olympusv2/benchmarks/benchmark_responsive_fairness/data/ma_dreamer_credit/2_flows/run18/ep000018_bw33_d25_n2.pdf  return=550377.53125
[orch] ep=18 sum-of-agents return=550377.5
[sao-listener] cport=23801 worker=/its/home/mm2350/extra/Olympusv2/olympus/algorithms/ma_dreamer/worker.py scan=20ms target_cc=astraea single_flow=1 no_state_pipe=1
[responsive_fairness] slot=0 ma_dreamer_credit flows=2 run=28
[responsive_fairness] ma_dreamer_credit flows=2 run=18 done (18/200)
[slot=0] ep=28  flows=2  bw=24Mbps  delay=26ms  duration=345s  delays=[0.0, 45.0]  lifetimes=[345.0, 300.0]
[multi_ep_plot] saved -> /its/home/mm2350/extra/Olympusv2/benchmarks/benchmark_responsive_fairness/data/ma_dreamer_credit/2_flows/run16/ep000016_bw56_d70_n2.pdf  return=582995.4
[ep_plot] ep=16 -> /its/home/mm2350/extra/Olympusv2/benchmarks/benchmark_responsive_fairness/data/ma_dreamer_credit/2_flows/run16/ep000016_bw56_d70_n2.pdf  return=582995.40625
[orch] ep=16 sum-of-agents return=582995.4
[responsive_fairness] slot=5 ma_dreamer_credit flows=2 run=29
[responsive_fairness] ma_dreamer_credit flows=2 run=16 done (19/200)
[sao-listener] cport=23200 worker=/its/home/mm2350/extra/Olympusv2/olympus/algorithms/ma_dreamer/worker.py scan=20ms target_cc=astraea single_flow=1 no_state_pipe=1
[slot=5] ep=29  flows=2  bw=80Mbps  delay=19ms  duration=345s  delays=[0.0, 45.0]  lifetimes=[345.0, 300.0]
[sao-listener] cport=23201 worker=/its/home/mm2350/extra/Olympusv2/olympus/algorithms/ma_dreamer/worker.py scan=20ms target_cc=astraea single_flow=1 no_state_pipe=1
[sao-listener] cport=23900 worker=/its/home/mm2350/extra/Olympusv2/olympus/algorithms/ma_dreamer/worker.py scan=20ms target_cc=astraea single_flow=1 no_state_pipe=1
[sao-listener] cport=23901 worker=/its/home/mm2350/extra/Olympusv2/olympus/algorithms/ma_dreamer/worker.py scan=20ms target_cc=astraea single_flow=1 no_state_pipe=1
[multi_ep_plot] saved -> /its/home/mm2350/extra/Olympusv2/benchmarks/benchmark_responsive_fairness/data/ma_dreamer_credit/2_flows/run20/ep000020_bw97_d29_n2.pdf  return=541024.2
[ep_plot] ep=20 -> /its/home/mm2350/extra/Olympusv2/benchmarks/benchmark_responsive_fairness/data/ma_dreamer_credit/2_flows/run20/ep000020_bw97_d29_n2.pdf  return=541024.171875
[orch] ep=20 sum-of-agents return=541024.2
[sao-listener] cport=23300 worker=/its/home/mm2350/extra/Olympusv2/olympus/algorithms/ma_dreamer/worker.py scan=20ms target_cc=astraea single_flow=1 no_state_pipe=1
[responsive_fairness] slot=7 ma_dreamer_credit flows=2 run=30
[responsive_fairness] ma_dreamer_credit flows=2 run=20 done (20/200)
[sao-listener] cport=23301 worker=/its/home/mm2350/extra/Olympusv2/olympus/algorithms/ma_dreamer/worker.py scan=20ms target_cc=astraea single_flow=1 no_state_pipe=1
[slot=7] ep=30  flows=2  bw=79Mbps  delay=47ms  duration=345s  delays=[0.0, 45.0]  lifetimes=[345.0, 300.0]
[sao-listener] new flow 1 10.0.0.1:23600->10.0.0.3:5207 cc=astraea pid=309673 child=310988
[sao-listener] single-flow mode: attached worker; stopping ss scans
[sao-listener flow 1] cport=23600 cc=astraea worker active
[sao-listener] cport=23100 worker=/its/home/mm2350/extra/Olympusv2/olympus/algorithms/ma_dreamer/worker.py scan=20ms target_cc=astraea single_flow=1 no_state_pipe=1
[sao-listener] cport=23101 worker=/its/home/mm2350/extra/Olympusv2/olympus/algorithms/ma_dreamer/worker.py scan=20ms target_cc=astraea single_flow=1 no_state_pipe=1
[sao-listener] cport=23000 worker=/its/home/mm2350/extra/Olympusv2/olympus/algorithms/ma_dreamer/worker.py scan=20ms target_cc=astraea single_flow=1 no_state_pipe=1
[sao-listener] cport=23001 worker=/its/home/mm2350/extra/Olympusv2/olympus/algorithms/ma_dreamer/worker.py scan=20ms target_cc=astraea single_flow=1 no_state_pipe=1
[sao-listener] cport=23500 worker=/its/home/mm2350/extra/Olympusv2/olympus/algorithms/ma_dreamer/worker.py scan=20ms target_cc=astraea single_flow=1 no_state_pipe=1
[sao-listener] cport=23501 worker=/its/home/mm2350/extra/Olympusv2/olympus/algorithms/ma_dreamer/worker.py scan=20ms target_cc=astraea single_flow=1 no_state_pipe=1
[sao-listener] new flow 1 10.0.0.1:23900->10.0.0.3:5210 cc=astraea pid=311671 child=312078
[sao-listener] single-flow mode: attached worker; stopping ss scans
[sao-listener flow 1] cport=23900 cc=astraea worker active
[sao-listener] cport=23700 worker=/its/home/mm2350/extra/Olympusv2/olympus/algorithms/ma_dreamer/worker.py scan=20ms target_cc=astraea single_flow=1 no_state_pipe=1
[sao-listener] cport=23701 worker=/its/home/mm2350/extra/Olympusv2/olympus/algorithms/ma_dreamer/worker.py scan=20ms target_cc=astraea single_flow=1 no_state_pipe=1
[sao-listener] new flow 1 10.0.0.1:23400->10.0.0.3:5205 cc=astraea pid=310192 child=312533
[sao-listener] single-flow mode: attached worker; stopping ss scans
[sao-listener flow 1] cport=23400 cc=astraea worker active
[worker cport=23600 agent=0] loaded checkpoint step=24571
[worker alg=ma_dreamer reward=tempest_fairness_ma cport=23600 agent=0 group=slot6_ep21 flow=1] started interval=20ms det=1 latent=8x8
[sao-listener] new flow 1 10.0.0.1:23800->10.0.0.3:5209 cc=astraea pid=311328 child=312855
[sao-listener] single-flow mode: attached worker; stopping ss scans
[sao-listener flow 1] cport=23800 cc=astraea worker active
[sao-listener] new flow 1 10.0.0.1:23100->10.0.0.3:5202 cc=astraea pid=312482 child=312977
[sao-listener] single-flow mode: attached worker; stopping ss scans
[sao-listener flow 1] cport=23100 cc=astraea worker active
[worker cport=23900 agent=0] loaded checkpoint step=24571
[worker alg=ma_dreamer reward=tempest_fairness_ma cport=23900 agent=0 group=slot9_ep25 flow=1] started interval=20ms det=1 latent=8x8
[sao-listener] new flow 1 10.0.0.1:23200->10.0.0.3:5203 cc=astraea pid=311611 child=313167
[sao-listener] single-flow mode: attached worker; stopping ss scans
[sao-listener flow 1] cport=23200 cc=astraea worker active
[sao-listener] new flow 1 10.0.0.1:23000->10.0.0.3:5201 cc=astraea pid=312659 child=313229
[sao-listener] single-flow mode: attached worker; stopping ss scans
[sao-listener flow 1] cport=23000 cc=astraea worker active
[sao-listener] new flow 1 10.0.0.1:23500->10.0.0.3:5206 cc=astraea pid=312687 child=313389
[sao-listener] single-flow mode: attached worker; stopping ss scans
[sao-listener flow 1] cport=23500 cc=astraea worker active
[worker cport=23400 agent=0] loaded checkpoint step=24571
[worker alg=ma_dreamer reward=tempest_fairness_ma cport=23400 agent=0 group=slot4_ep22 flow=1] started interval=20ms det=1 latent=8x8
[worker cport=23800 agent=0] loaded checkpoint step=24571
[worker alg=ma_dreamer reward=tempest_fairness_ma cport=23800 agent=0 group=slot8_ep23 flow=1] started interval=20ms det=1 latent=8x8
[sao-listener] new flow 1 10.0.0.1:23700->10.0.0.3:5208 cc=astraea pid=312937 child=313670
[sao-listener] single-flow mode: attached worker; stopping ss scans
[sao-listener flow 1] cport=23700 cc=astraea worker active
[worker cport=23100 agent=0] loaded checkpoint step=24571
[worker alg=ma_dreamer reward=tempest_fairness_ma cport=23100 agent=0 group=slot1_ep27 flow=1] started interval=20ms det=1 latent=8x8
[sao-listener] new flow 1 10.0.0.1:23300->10.0.0.3:5204 cc=astraea pid=311959 child=313816
[sao-listener] single-flow mode: attached worker; stopping ss scans
[sao-listener flow 1] cport=23300 cc=astraea worker active
[worker cport=23200 agent=0] loaded checkpoint step=24571
[worker alg=ma_dreamer reward=tempest_fairness_ma cport=23200 agent=0 group=slot2_ep24 flow=1] started interval=20ms det=1 latent=8x8
[worker cport=23000 agent=0] loaded checkpoint step=24571
[worker alg=ma_dreamer reward=tempest_fairness_ma cport=23000 agent=0 group=slot0_ep28 flow=1] started interval=20ms det=1 latent=8x8
[worker cport=23500 agent=0] loaded checkpoint step=24571
[worker alg=ma_dreamer reward=tempest_fairness_ma cport=23500 agent=0 group=slot5_ep29 flow=1] started interval=20ms det=1 latent=8x8
[worker cport=23700 agent=0] loaded checkpoint step=24571
[worker alg=ma_dreamer reward=tempest_fairness_ma cport=23700 agent=0 group=slot7_ep30 flow=1] started interval=20ms det=1 latent=8x8
[worker cport=23300 agent=0] loaded checkpoint step=24571
[worker alg=ma_dreamer reward=tempest_fairness_ma cport=23300 agent=0 group=slot3_ep26 flow=1] started interval=20ms det=1 latent=8x8
[orch] link change t=15.0s bw=98 delay=63
[orch] link change t=15.0s bw=13 delay=88
[orch] link change t=15.0s bw=12 delay=85
[orch] link change t=15.0s bw=33 delay=37
[orch] link change t=15.0s bw=37 delay=49
[orch] link change t=15.0s bw=36 delay=65
[orch] link change t=15.0s bw=99 delay=45
[orch] link change t=15.0s bw=79 delay=86
[orch] link change t=15.0s bw=54 delay=86
[orch] link change t=15.0s bw=88 delay=13
[orch] link change t=30.0s bw=91 delay=46
[orch] link change t=30.0s bw=67 delay=33
[orch] link change t=30.0s bw=49 delay=64
[orch] link change t=30.0s bw=31 delay=34
[orch] link change t=30.0s bw=91 delay=70
[orch] link change t=30.0s bw=86 delay=79
[orch] link change t=30.0s bw=46 delay=35
[orch] link change t=30.0s bw=32 delay=38
[orch] link change t=30.0s bw=87 delay=46
[orch] link change t=30.0s bw=89 delay=93
[orch] link change t=45.0s bw=71 delay=37
[orch] link change t=45.0s bw=99 delay=25
[orch] link change t=45.0s bw=58 delay=77
[orch] link change t=45.0s bw=31 delay=95
[orch] link change t=45.0s bw=15 delay=42
[orch] link change t=45.0s bw=17 delay=26
[sao-listener] new flow 1 10.0.0.2:23601->10.0.0.4:5207 cc=astraea pid=330611 child=330817
[sao-listener] single-flow mode: attached worker; stopping ss scans
[sao-listener flow 1] cport=23601 cc=astraea worker active
[orch] link change t=45.0s bw=19 delay=18
[orch] link change t=45.0s bw=26 delay=91
[orch] link change t=45.0s bw=21 delay=75
[orch] link change t=45.0s bw=36 delay=42
[worker cport=23601 agent=1] loaded checkpoint step=24571
[worker alg=ma_dreamer reward=tempest_fairness_ma cport=23601 agent=1 group=slot6_ep21 flow=1] started interval=20ms det=1 latent=8x8
[sao-listener] new flow 1 10.0.0.2:23401->10.0.0.4:5205 cc=astraea pid=330689 child=331204
[sao-listener] single-flow mode: attached worker; stopping ss scans
[sao-listener flow 1] cport=23401 cc=astraea worker active
[sao-listener] new flow 1 10.0.0.2:23801->10.0.0.4:5209 cc=astraea pid=330910 child=331297
[sao-listener] single-flow mode: attached worker; stopping ss scans
[sao-listener flow 1] cport=23801 cc=astraea worker active
[sao-listener] new flow 1 10.0.0.2:23201->10.0.0.4:5203 cc=astraea pid=330958 child=331449
[sao-listener] single-flow mode: attached worker; stopping ss scans
[sao-listener flow 1] cport=23201 cc=astraea worker active
[sao-listener] new flow 1 10.0.0.2:23101->10.0.0.4:5202 cc=astraea pid=331095 child=331500
[sao-listener] single-flow mode: attached worker; stopping ss scans
[sao-listener flow 1] cport=23101 cc=astraea worker active
[sao-listener] new flow 1 10.0.0.2:23901->10.0.0.4:5210 cc=astraea pid=330980 child=331593
[sao-listener] single-flow mode: attached worker; stopping ss scans
[sao-listener flow 1] cport=23901 cc=astraea worker active
[sao-listener] new flow 1 10.0.0.2:23501->10.0.0.4:5206 cc=astraea pid=331202 child=331694
[sao-listener] single-flow mode: attached worker; stopping ss scans
[sao-listener flow 1] cport=23501 cc=astraea worker active
[worker cport=23401 agent=1] loaded checkpoint step=24571
[worker alg=ma_dreamer reward=tempest_fairness_ma cport=23401 agent=1 group=slot4_ep22 flow=1] started interval=20ms det=1 latent=8x8
[worker cport=23801 agent=1] loaded checkpoint step=24571
[worker alg=ma_dreamer reward=tempest_fairness_ma cport=23801 agent=1 group=slot8_ep23 flow=1] started interval=20ms det=1 latent=8x8
[sao-listener] new flow 1 10.0.0.2:23301->10.0.0.4:5204 cc=astraea pid=331026 child=331837
[sao-listener] single-flow mode: attached worker; stopping ss scans
[sao-listener flow 1] cport=23301 cc=astraea worker active
[worker cport=23201 agent=1] loaded checkpoint step=24571
[worker alg=ma_dreamer reward=tempest_fairness_ma cport=23201 agent=1 group=slot2_ep24 flow=1] started interval=20ms det=1 latent=8x8
[worker cport=23101 agent=1] loaded checkpoint step=24571
[worker alg=ma_dreamer reward=tempest_fairness_ma cport=23101 agent=1 group=slot1_ep27 flow=1] started interval=20ms det=1 latent=8x8
[worker cport=23901 agent=1] loaded checkpoint step=24571
[worker alg=ma_dreamer reward=tempest_fairness_ma cport=23901 agent=1 group=slot9_ep25 flow=1] started interval=20ms det=1 latent=8x8
[worker cport=23501 agent=1] loaded checkpoint step=24571
[worker alg=ma_dreamer reward=tempest_fairness_ma cport=23501 agent=1 group=slot5_ep29 flow=1] started interval=20ms det=1 latent=8x8
[sao-listener] new flow 1 10.0.0.2:23001->10.0.0.4:5201 cc=astraea pid=331136 child=332110
[sao-listener] single-flow mode: attached worker; stopping ss scans
[sao-listener flow 1] cport=23001 cc=astraea worker active
[worker cport=23301 agent=1] loaded checkpoint step=24571
[worker alg=ma_dreamer reward=tempest_fairness_ma cport=23301 agent=1 group=slot3_ep26 flow=1] started interval=20ms det=1 latent=8x8
[sao-listener] new flow 1 10.0.0.2:23701->10.0.0.4:5208 cc=astraea pid=331363 child=332223
[sao-listener] single-flow mode: attached worker; stopping ss scans
[sao-listener flow 1] cport=23701 cc=astraea worker active
[worker cport=23001 agent=1] loaded checkpoint step=24571
[worker alg=ma_dreamer reward=tempest_fairness_ma cport=23001 agent=1 group=slot0_ep28 flow=1] started interval=20ms det=1 latent=8x8
[worker cport=23701 agent=1] loaded checkpoint step=24571
[worker alg=ma_dreamer reward=tempest_fairness_ma cport=23701 agent=1 group=slot7_ep30 flow=1] started interval=20ms det=1 latent=8x8
[orch] link change t=60.0s bw=70 delay=75
[orch] link change t=60.0s bw=93 delay=54
[orch] link change t=60.0s bw=55 delay=26
[orch] link change t=60.0s bw=97 delay=21
[orch] link change t=60.0s bw=14 delay=49
[orch] link change t=60.0s bw=71 delay=15
[orch] link change t=60.0s bw=42 delay=79
[orch] link change t=60.0s bw=69 delay=63
[orch] link change t=60.0s bw=54 delay=60
[orch] link change t=60.0s bw=16 delay=60
[orch] link change t=75.0s bw=33 delay=74
[orch] link change t=75.0s bw=20 delay=39
[orch] link change t=75.0s bw=34 delay=44
[orch] link change t=75.0s bw=100 delay=29
[orch] link change t=75.0s bw=82 delay=64
[orch] link change t=75.0s bw=97 delay=89
[orch] link change t=75.0s bw=52 delay=42
[orch] link change t=75.0s bw=36 delay=37
[orch] link change t=75.0s bw=63 delay=12
[orch] link change t=75.0s bw=58 delay=92
[orch] link change t=90.0s bw=77 delay=40
[orch] link change t=90.0s bw=44 delay=16
[orch] link change t=90.0s bw=66 delay=11
[orch] link change t=90.0s bw=100 delay=46
[orch] link change t=90.0s bw=22 delay=85
[orch] link change t=90.0s bw=74 delay=31
[orch] link change t=90.0s bw=57 delay=61
[orch] link change t=90.0s bw=28 delay=60
[orch] link change t=90.0s bw=14 delay=23
[orch] link change t=90.0s bw=27 delay=20
[orch] link change t=105.0s bw=10 delay=11
[orch] link change t=105.0s bw=50 delay=86
[orch] link change t=105.0s bw=38 delay=89
[orch] link change t=105.0s bw=11 delay=66
[orch] link change t=105.0s bw=25 delay=83
[orch] link change t=105.0s bw=91 delay=64
[orch] link change t=105.0s bw=33 delay=41
[orch] link change t=105.0s bw=30 delay=26
[orch] link change t=105.0s bw=66 delay=93
[orch] link change t=105.0s bw=69 delay=10
[orch] link change t=120.0s bw=57 delay=84
[orch] link change t=120.0s bw=32 delay=80
[orch] link change t=120.0s bw=68 delay=13
[orch] link change t=120.0s bw=69 delay=91
[orch] link change t=120.0s bw=97 delay=35
[orch] link change t=120.0s bw=41 delay=62
[orch] link change t=120.0s bw=40 delay=72
[orch] link change t=120.0s bw=87 delay=34
[orch] link change t=120.0s bw=38 delay=54
[orch] link change t=120.0s bw=76 delay=41
[orch] link change t=135.0s bw=64 delay=18
[orch] link change t=135.0s bw=97 delay=65
[orch] link change t=135.0s bw=23 delay=20
[orch] link change t=135.0s bw=24 delay=13
[orch] link change t=135.0s bw=75 delay=89
[orch] link change t=135.0s bw=35 delay=98
[orch] link change t=135.0s bw=19 delay=91
[orch] link change t=135.0s bw=35 delay=13
[orch] link change t=135.0s bw=20 delay=73
[orch] link change t=135.0s bw=13 delay=19
[orch] link change t=150.0s bw=28 delay=39
[orch] link change t=150.0s bw=100 delay=16
[orch] link change t=150.0s bw=100 delay=73
[orch] link change t=150.0s bw=76 delay=31
[orch] link change t=150.0s bw=50 delay=33
[orch] link change t=150.0s bw=13 delay=95
[orch] link change t=150.0s bw=83 delay=93
[orch] link change t=150.0s bw=62 delay=40
[orch] link change t=150.0s bw=52 delay=87
[orch] link change t=150.0s bw=30 delay=86
[orch] link change t=165.0s bw=39 delay=98
[orch] link change t=165.0s bw=83 delay=12
[orch] link change t=165.0s bw=63 delay=12
[orch] link change t=165.0s bw=72 delay=66
[orch] link change t=165.0s bw=80 delay=55
[orch] link change t=165.0s bw=38 delay=28
[orch] link change t=165.0s bw=20 delay=88
[orch] link change t=165.0s bw=18 delay=22
[orch] link change t=165.0s bw=79 delay=63
[orch] link change t=165.0s bw=77 delay=61
[orch] link change t=180.0s bw=15 delay=65
[orch] link change t=180.0s bw=85 delay=43
[orch] link change t=180.0s bw=75 delay=90
[orch] link change t=180.0s bw=97 delay=48
[orch] link change t=180.0s bw=75 delay=70
[orch] link change t=180.0s bw=26 delay=37
[orch] link change t=180.0s bw=64 delay=63
[orch] link change t=180.0s bw=63 delay=50
[orch] link change t=180.0s bw=35 delay=67
[orch] link change t=180.0s bw=93 delay=54
[orch] link change t=195.0s bw=62 delay=88
[orch] link change t=195.0s bw=49 delay=63
[orch] link change t=195.0s bw=65 delay=55
[orch] link change t=195.0s bw=73 delay=20
[orch] link change t=195.0s bw=77 delay=23
[orch] link change t=195.0s bw=86 delay=71
[orch] link change t=195.0s bw=16 delay=94
[orch] link change t=195.0s bw=99 delay=26
[orch] link change t=195.0s bw=31 delay=38
[orch] link change t=195.0s bw=78 delay=18
[orch] link change t=210.0s bw=66 delay=14
[orch] link change t=210.0s bw=34 delay=33
[orch] link change t=210.0s bw=17 delay=36
[orch] link change t=210.0s bw=97 delay=42
[orch] link change t=210.0s bw=91 delay=96
[orch] link change t=210.0s bw=59 delay=56
[orch] link change t=210.0s bw=66 delay=54
[orch] link change t=210.0s bw=32 delay=74
[orch] link change t=210.0s bw=65 delay=62
[orch] link change t=210.0s bw=61 delay=13
[orch] link change t=225.0s bw=52 delay=79
[orch] link change t=225.0s bw=24 delay=84
[orch] link change t=225.0s bw=14 delay=85
[orch] link change t=225.0s bw=88 delay=30
[orch] link change t=225.0s bw=22 delay=86
[orch] link change t=225.0s bw=41 delay=84
[orch] link change t=225.0s bw=11 delay=92
[orch] link change t=225.0s bw=76 delay=98
[orch] link change t=225.0s bw=96 delay=97
[orch] link change t=225.0s bw=41 delay=82
[orch] link change t=240.0s bw=73 delay=98
[orch] link change t=240.0s bw=77 delay=82
[orch] link change t=240.0s bw=57 delay=94
[orch] link change t=240.0s bw=97 delay=51
[orch] link change t=240.0s bw=84 delay=55
[orch] link change t=240.0s bw=13 delay=13
[orch] link change t=240.0s bw=71 delay=42
[orch] link change t=240.0s bw=94 delay=44
[orch] link change t=240.0s bw=82 delay=77
[orch] link change t=240.0s bw=96 delay=45
[orch] link change t=255.0s bw=24 delay=93
[orch] link change t=255.0s bw=17 delay=99
[orch] link change t=255.0s bw=32 delay=89
[orch] link change t=255.0s bw=49 delay=19
[orch] link change t=255.0s bw=63 delay=55
[orch] link change t=255.0s bw=47 delay=79
[orch] link change t=255.0s bw=27 delay=88
[orch] link change t=255.0s bw=88 delay=39
[orch] link change t=255.0s bw=35 delay=79
[orch] link change t=255.0s bw=64 delay=82
[orch] link change t=270.0s bw=57 delay=12
[orch] link change t=270.0s bw=51 delay=88
[orch] link change t=270.0s bw=37 delay=56
[orch] link change t=270.0s bw=79 delay=93
[orch] link change t=270.0s bw=34 delay=96
[orch] link change t=270.0s bw=78 delay=25
[orch] link change t=270.0s bw=53 delay=88
[orch] link change t=270.0s bw=96 delay=67
[orch] link change t=270.0s bw=96 delay=64
[orch] link change t=270.0s bw=22 delay=96
[orch] link change t=285.0s bw=29 delay=21
[orch] link change t=285.0s bw=52 delay=43
[orch] link change t=285.0s bw=82 delay=57
[orch] link change t=285.0s bw=56 delay=94
[orch] link change t=285.0s bw=30 delay=89
[orch] link change t=285.0s bw=75 delay=15
[orch] link change t=285.0s bw=93 delay=39
[orch] link change t=285.0s bw=26 delay=35
[orch] link change t=285.0s bw=48 delay=45
[orch] link change t=285.0s bw=45 delay=91
[orch] link change t=300.0s bw=25 delay=12
[orch] link change t=300.0s bw=33 delay=60
[orch] link change t=300.0s bw=83 delay=46
[orch] link change t=300.0s bw=14 delay=37
[orch] link change t=300.0s bw=68 delay=19
[orch] link change t=300.0s bw=92 delay=10
[orch] link change t=300.0s bw=100 delay=77
[orch] link change t=300.0s bw=11 delay=46
[orch] link change t=300.0s bw=75 delay=38
[orch] link change t=300.0s bw=81 delay=24
[orch] link change t=315.0s bw=68 delay=30
[orch] link change t=315.0s bw=49 delay=93
[orch] link change t=315.0s bw=94 delay=50
[orch] link change t=315.0s bw=50 delay=53
[orch] link change t=315.0s bw=19 delay=61
[orch] link change t=315.0s bw=69 delay=86
[orch] link change t=315.0s bw=28 delay=22
[orch] link change t=315.0s bw=91 delay=96
[orch] link change t=315.0s bw=62 delay=70
[orch] link change t=315.0s bw=88 delay=73
[orch] link change t=330.0s bw=80 delay=53
[orch] link change t=330.0s bw=75 delay=28
[orch] link change t=330.0s bw=83 delay=20
[orch] link change t=330.0s bw=18 delay=49
[orch] link change t=330.0s bw=82 delay=18
[orch] link change t=330.0s bw=94 delay=81
[orch] link change t=330.0s bw=60 delay=48
[orch] link change t=330.0s bw=43 delay=20
[orch] link change t=330.0s bw=76 delay=28
[orch] link change t=330.0s bw=49 delay=26
[multi_ep_plot] saved -> /its/home/mm2350/extra/Olympusv2/benchmarks/benchmark_responsive_fairness/data/ma_dreamer_credit/2_flows/run21/ep000021_bw31_d63_n2.pdf  return=589767.3
[ep_plot] ep=21 -> /its/home/mm2350/extra/Olympusv2/benchmarks/benchmark_responsive_fairness/data/ma_dreamer_credit/2_flows/run21/ep000021_bw31_d63_n2.pdf  return=589767.265625
[orch] ep=21 sum-of-agents return=589767.3
[responsive_fairness] slot=6 ma_dreamer_credit flows=2 run=31
[responsive_fairness] ma_dreamer_credit flows=2 run=21 done (21/200)
[slot=6] ep=31  flows=2  bw=11Mbps  delay=70ms  duration=345s  delays=[0.0, 45.0]  lifetimes=[345.0, 300.0]
[multi_ep_plot] saved -> /its/home/mm2350/extra/Olympusv2/benchmarks/benchmark_responsive_fairness/data/ma_dreamer_credit/2_flows/run22/ep000022_bw27_d41_n2.pdf  return=591965.3
[ep_plot] ep=22 -> /its/home/mm2350/extra/Olympusv2/benchmarks/benchmark_responsive_fairness/data/ma_dreamer_credit/2_flows/run22/ep000022_bw27_d41_n2.pdf  return=591965.28125
[orch] ep=22 sum-of-agents return=591965.3
[responsive_fairness] slot=4 ma_dreamer_credit flows=2 run=32
[responsive_fairness] ma_dreamer_credit flows=2 run=22 done (22/200)
[slot=4] ep=32  flows=2  bw=19Mbps  delay=37ms  duration=345s  delays=[0.0, 45.0]  lifetimes=[345.0, 300.0]
[sao-listener] cport=23600 worker=/its/home/mm2350/extra/Olympusv2/olympus/algorithms/ma_dreamer/worker.py scan=20ms target_cc=astraea single_flow=1 no_state_pipe=1
[sao-listener] cport=23601 worker=/its/home/mm2350/extra/Olympusv2/olympus/algorithms/ma_dreamer/worker.py scan=20ms target_cc=astraea single_flow=1 no_state_pipe=1
[sao-listener] cport=23400 worker=/its/home/mm2350/extra/Olympusv2/olympus/algorithms/ma_dreamer/worker.py scan=20ms target_cc=astraea single_flow=1 no_state_pipe=1
[sao-listener] cport=23401 worker=/its/home/mm2350/extra/Olympusv2/olympus/algorithms/ma_dreamer/worker.py scan=20ms target_cc=astraea single_flow=1 no_state_pipe=1
[multi_ep_plot] saved -> /its/home/mm2350/extra/Olympusv2/benchmarks/benchmark_responsive_fairness/data/ma_dreamer_credit/2_flows/run23/ep000023_bw47_d20_n2.pdf  return=618619.6
[ep_plot] ep=23 -> /its/home/mm2350/extra/Olympusv2/benchmarks/benchmark_responsive_fairness/data/ma_dreamer_credit/2_flows/run23/ep000023_bw47_d20_n2.pdf  return=618619.5625
[orch] ep=23 sum-of-agents return=618619.6
[responsive_fairness] slot=8 ma_dreamer_credit flows=2 run=33
[responsive_fairness] ma_dreamer_credit flows=2 run=23 done (23/200)
[slot=8] ep=33  flows=2  bw=83Mbps  delay=31ms  duration=345s  delays=[0.0, 45.0]  lifetimes=[345.0, 300.0]
[multi_ep_plot] saved -> /its/home/mm2350/extra/Olympusv2/benchmarks/benchmark_responsive_fairness/data/ma_dreamer_credit/2_flows/run25/ep000025_bw58_d11_n2.pdf  return=609889.2
[ep_plot] ep=25 -> /its/home/mm2350/extra/Olympusv2/benchmarks/benchmark_responsive_fairness/data/ma_dreamer_credit/2_flows/run25/ep000025_bw58_d11_n2.pdf  return=609889.25
[orch] ep=25 sum-of-agents return=609889.2
[responsive_fairness] slot=9 ma_dreamer_credit flows=2 run=34
[responsive_fairness] ma_dreamer_credit flows=2 run=25 done (24/200)
[slot=9] ep=34  flows=2  bw=77Mbps  delay=55ms  duration=345s  delays=[0.0, 45.0]  lifetimes=[345.0, 300.0]
[multi_ep_plot] saved -> /its/home/mm2350/extra/Olympusv2/benchmarks/benchmark_responsive_fairness/data/ma_dreamer_credit/2_flows/run24/ep000024_bw59_d84_n2.pdf  return=589445.6
[ep_plot] ep=24 -> /its/home/mm2350/extra/Olympusv2/benchmarks/benchmark_responsive_fairness/data/ma_dreamer_credit/2_flows/run24/ep000024_bw59_d84_n2.pdf  return=589445.625
[orch] ep=24 sum-of-agents return=589445.6
[responsive_fairness] slot=2 ma_dreamer_credit flows=2 run=35
[responsive_fairness] ma_dreamer_credit flows=2 run=24 done (25/200)
[slot=2] ep=35  flows=2  bw=80Mbps  delay=52ms  duration=345s  delays=[0.0, 45.0]  lifetimes=[345.0, 300.0]
[sao-listener] cport=23800 worker=/its/home/mm2350/extra/Olympusv2/olympus/algorithms/ma_dreamer/worker.py scan=20ms target_cc=astraea single_flow=1 no_state_pipe=1
[sao-listener] cport=23801 worker=/its/home/mm2350/extra/Olympusv2/olympus/algorithms/ma_dreamer/worker.py scan=20ms target_cc=astraea single_flow=1 no_state_pipe=1
[multi_ep_plot] saved -> /its/home/mm2350/extra/Olympusv2/benchmarks/benchmark_responsive_fairness/data/ma_dreamer_credit/2_flows/run26/ep000026_bw35_d94_n2.pdf  return=593817.9
[ep_plot] ep=26 -> /its/home/mm2350/extra/Olympusv2/benchmarks/benchmark_responsive_fairness/data/ma_dreamer_credit/2_flows/run26/ep000026_bw35_d94_n2.pdf  return=593817.9375
[orch] ep=26 sum-of-agents return=593817.9
[responsive_fairness] slot=3 ma_dreamer_credit flows=2 run=36
[responsive_fairness] ma_dreamer_credit flows=2 run=26 done (26/200)
[slot=3] ep=36  flows=2  bw=52Mbps  delay=17ms  duration=345s  delays=[0.0, 45.0]  lifetimes=[345.0, 300.0]
[sao-listener] cport=23900 worker=/its/home/mm2350/extra/Olympusv2/olympus/algorithms/ma_dreamer/worker.py scan=20ms target_cc=astraea single_flow=1 no_state_pipe=1
[sao-listener] cport=23901 worker=/its/home/mm2350/extra/Olympusv2/olympus/algorithms/ma_dreamer/worker.py scan=20ms target_cc=astraea single_flow=1 no_state_pipe=1
[sao-listener] cport=23200 worker=/its/home/mm2350/extra/Olympusv2/olympus/algorithms/ma_dreamer/worker.py scan=20ms target_cc=astraea single_flow=1 no_state_pipe=1
[sao-listener] cport=23201 worker=/its/home/mm2350/extra/Olympusv2/olympus/algorithms/ma_dreamer/worker.py scan=20ms target_cc=astraea single_flow=1 no_state_pipe=1
[multi_ep_plot] saved -> /its/home/mm2350/extra/Olympusv2/benchmarks/benchmark_responsive_fairness/data/ma_dreamer_credit/2_flows/run27/ep000027_bw93_d71_n2.pdf  return=438398.9
[ep_plot] ep=27 -> /its/home/mm2350/extra/Olympusv2/benchmarks/benchmark_responsive_fairness/data/ma_dreamer_credit/2_flows/run27/ep000027_bw93_d71_n2.pdf  return=438398.890625
[orch] ep=27 sum-of-agents return=438398.9
[responsive_fairness] slot=1 ma_dreamer_credit flows=2 run=37
[responsive_fairness] ma_dreamer_credit flows=2 run=27 done (27/200)
[multi_ep_plot] saved -> /its/home/mm2350/extra/Olympusv2/benchmarks/benchmark_responsive_fairness/data/ma_dreamer_credit/2_flows/run28/ep000028_bw24_d26_n2.pdf  return=427335.5
[ep_plot] ep=28 -> /its/home/mm2350/extra/Olympusv2/benchmarks/benchmark_responsive_fairness/data/ma_dreamer_credit/2_flows/run28/ep000028_bw24_d26_n2.pdf  return=427335.484375
[orch] ep=28 sum-of-agents return=427335.5
[slot=1] ep=37  flows=2  bw=97Mbps  delay=87ms  duration=345s  delays=[0.0, 45.0]  lifetimes=[345.0, 300.0]
[responsive_fairness] slot=0 ma_dreamer_credit flows=2 run=38
[responsive_fairness] ma_dreamer_credit flows=2 run=28 done (28/200)
[slot=0] ep=38  flows=2  bw=91Mbps  delay=63ms  duration=345s  delays=[0.0, 45.0]  lifetimes=[345.0, 300.0]
[multi_ep_plot] saved -> /its/home/mm2350/extra/Olympusv2/benchmarks/benchmark_responsive_fairness/data/ma_dreamer_credit/2_flows/run29/ep000029_bw80_d19_n2.pdf  return=596213.8
[ep_plot] ep=29 -> /its/home/mm2350/extra/Olympusv2/benchmarks/benchmark_responsive_fairness/data/ma_dreamer_credit/2_flows/run29/ep000029_bw80_d19_n2.pdf  return=596213.84375
[orch] ep=29 sum-of-agents return=596213.8
[responsive_fairness] slot=5 ma_dreamer_credit flows=2 run=39
[responsive_fairness] ma_dreamer_credit flows=2 run=29 done (29/200)
[slot=5] ep=39  flows=2  bw=36Mbps  delay=43ms  duration=345s  delays=[0.0, 45.0]  lifetimes=[345.0, 300.0]
[sao-listener] new flow 1 10.0.0.1:23600->10.0.0.3:5207 cc=astraea pid=335199 child=336454
[sao-listener] single-flow mode: attached worker; stopping ss scans
[sao-listener flow 1] cport=23600 cc=astraea worker active
[sao-listener] new flow 1 10.0.0.1:23400->10.0.0.3:5205 cc=astraea pid=335418 child=336610
[sao-listener] single-flow mode: attached worker; stopping ss scans
[sao-listener flow 1] cport=23400 cc=astraea worker active
[sao-listener] cport=23300 worker=/its/home/mm2350/extra/Olympusv2/olympus/algorithms/ma_dreamer/worker.py scan=20ms target_cc=astraea single_flow=1 no_state_pipe=1
[sao-listener] cport=23301 worker=/its/home/mm2350/extra/Olympusv2/olympus/algorithms/ma_dreamer/worker.py scan=20ms target_cc=astraea single_flow=1 no_state_pipe=1
[multi_ep_plot] saved -> /its/home/mm2350/extra/Olympusv2/benchmarks/benchmark_responsive_fairness/data/ma_dreamer_credit/2_flows/run30/ep000030_bw79_d47_n2.pdf  return=555740.5
[ep_plot] ep=30 -> /its/home/mm2350/extra/Olympusv2/benchmarks/benchmark_responsive_fairness/data/ma_dreamer_credit/2_flows/run30/ep000030_bw79_d47_n2.pdf  return=555740.546875
[orch] ep=30 sum-of-agents return=555740.5
[responsive_fairness] slot=7 ma_dreamer_credit flows=2 run=40
[responsive_fairness] ma_dreamer_credit flows=2 run=30 done (30/200)
[slot=7] ep=40  flows=2  bw=68Mbps  delay=84ms  duration=345s  delays=[0.0, 45.0]  lifetimes=[345.0, 300.0]
[sao-listener] cport=23100 worker=/its/home/mm2350/extra/Olympusv2/olympus/algorithms/ma_dreamer/worker.py scan=20ms target_cc=astraea single_flow=1 no_state_pipe=1
[sao-listener] cport=23101 worker=/its/home/mm2350/extra/Olympusv2/olympus/algorithms/ma_dreamer/worker.py scan=20ms target_cc=astraea single_flow=1 no_state_pipe=1
[sao-listener] cport=23000 worker=/its/home/mm2350/extra/Olympusv2/olympus/algorithms/ma_dreamer/worker.py scan=20ms target_cc=astraea single_flow=1 no_state_pipe=1
[sao-listener] cport=23001 worker=/its/home/mm2350/extra/Olympusv2/olympus/algorithms/ma_dreamer/worker.py scan=20ms target_cc=astraea single_flow=1 no_state_pipe=1
[sao-listener] cport=23500 worker=/its/home/mm2350/extra/Olympusv2/olympus/algorithms/ma_dreamer/worker.py scan=20ms target_cc=astraea single_flow=1 no_state_pipe=1
[sao-listener] cport=23501 worker=/its/home/mm2350/extra/Olympusv2/olympus/algorithms/ma_dreamer/worker.py scan=20ms target_cc=astraea single_flow=1 no_state_pipe=1
[sao-listener] cport=23700 worker=/its/home/mm2350/extra/Olympusv2/olympus/algorithms/ma_dreamer/worker.py scan=20ms target_cc=astraea single_flow=1 no_state_pipe=1
[sao-listener] cport=23701 worker=/its/home/mm2350/extra/Olympusv2/olympus/algorithms/ma_dreamer/worker.py scan=20ms target_cc=astraea single_flow=1 no_state_pipe=1
[sao-listener] new flow 1 10.0.0.1:23800->10.0.0.3:5209 cc=astraea pid=336766 child=338376
[sao-listener flow 1] cport=23800 cc=astraea worker active
[sao-listener] single-flow mode: attached worker; stopping ss scans
[worker cport=23600 agent=0] loaded checkpoint step=24571
[worker alg=ma_dreamer reward=tempest_fairness_ma cport=23600 agent=0 group=slot6_ep31 flow=1] started interval=20ms det=1 latent=8x8
[worker cport=23400 agent=0] loaded checkpoint step=24571
[worker alg=ma_dreamer reward=tempest_fairness_ma cport=23400 agent=0 group=slot4_ep32 flow=1] started interval=20ms det=1 latent=8x8
[sao-listener] new flow 1 10.0.0.1:23300->10.0.0.3:5204 cc=astraea pid=337881 child=338614
[sao-listener] single-flow mode: attached worker; stopping ss scans
[sao-listener flow 1] cport=23300 cc=astraea worker active
[sao-listener] new flow 1 10.0.0.1:23900->10.0.0.3:5210 cc=astraea pid=336888 child=338681
[sao-listener] single-flow mode: attached worker; stopping ss scans
[sao-listener flow 1] cport=23900 cc=astraea worker active
[sao-listener] new flow 1 10.0.0.1:23200->10.0.0.3:5203 cc=astraea pid=337056 child=338848
[sao-listener] single-flow mode: attached worker; stopping ss scans
[sao-listener flow 1] cport=23200 cc=astraea worker active
[sao-listener] new flow 1 10.0.0.1:23100->10.0.0.3:5202 cc=astraea pid=338559 child=338929
[sao-listener] single-flow mode: attached worker; stopping ss scans
[sao-listener flow 1] cport=23100 cc=astraea worker active
[sao-listener] new flow 1 10.0.0.1:23000->10.0.0.3:5201 cc=astraea pid=338594 child=339013
[sao-listener] single-flow mode: attached worker; stopping ss scans
[sao-listener flow 1] cport=23000 cc=astraea worker active
[worker cport=23800 agent=0] loaded checkpoint step=24571
[worker alg=ma_dreamer reward=tempest_fairness_ma cport=23800 agent=0 group=slot8_ep33 flow=1] started interval=20ms det=1 latent=8x8
[sao-listener] new flow 1 10.0.0.1:23500->10.0.0.3:5206 cc=astraea pid=338621 child=339208
[sao-listener] single-flow mode: attached worker; stopping ss scans
[sao-listener flow 1] cport=23500 cc=astraea worker active
[worker cport=23900 agent=0] loaded checkpoint step=24571
[worker alg=ma_dreamer reward=tempest_fairness_ma cport=23900 agent=0 group=slot9_ep34 flow=1] started interval=20ms det=1 latent=8x8
[worker cport=23300 agent=0] loaded checkpoint step=24571
[worker alg=ma_dreamer reward=tempest_fairness_ma cport=23300 agent=0 group=slot3_ep36 flow=1] started interval=20ms det=1 latent=8x8
[worker cport=23200 agent=0] loaded checkpoint step=24571
[worker alg=ma_dreamer reward=tempest_fairness_ma cport=23200 agent=0 group=slot2_ep35 flow=1] started interval=20ms det=1 latent=8x8
[sao-listener] new flow 1 10.0.0.1:23700->10.0.0.3:5208 cc=astraea pid=338842 child=339592
[sao-listener] single-flow mode: attached worker; stopping ss scans
[sao-listener flow 1] cport=23700 cc=astraea worker active
[worker cport=23100 agent=0] loaded checkpoint step=24571
[worker alg=ma_dreamer reward=tempest_fairness_ma cport=23100 agent=0 group=slot1_ep37 flow=1] started interval=20ms det=1 latent=8x8
[worker cport=23000 agent=0] loaded checkpoint step=24571
[worker alg=ma_dreamer reward=tempest_fairness_ma cport=23000 agent=0 group=slot0_ep38 flow=1] started interval=20ms det=1 latent=8x8
[worker cport=23500 agent=0] loaded checkpoint step=24571
[worker alg=ma_dreamer reward=tempest_fairness_ma cport=23500 agent=0 group=slot5_ep39 flow=1] started interval=20ms det=1 latent=8x8
[worker cport=23700 agent=0] loaded checkpoint step=24571
[worker alg=ma_dreamer reward=tempest_fairness_ma cport=23700 agent=0 group=slot7_ep40 flow=1] started interval=20ms det=1 latent=8x8
[orch] link change t=15.0s bw=24 delay=60
[orch] link change t=15.0s bw=28 delay=48
[orch] link change t=15.0s bw=90 delay=39
[orch] link change t=15.0s bw=84 delay=13
[orch] link change t=15.0s bw=26 delay=53
[orch] link change t=15.0s bw=12 delay=46
[orch] link change t=15.0s bw=21 delay=89
[orch] link change t=15.0s bw=64 delay=23
[orch] link change t=15.0s bw=59 delay=13
[orch] link change t=15.0s bw=77 delay=14
[orch] link change t=30.0s bw=28 delay=97
[orch] link change t=30.0s bw=99 delay=40
[orch] link change t=30.0s bw=45 delay=71
[orch] link change t=30.0s bw=39 delay=13
[orch] link change t=30.0s bw=29 delay=46
[orch] link change t=30.0s bw=20 delay=10
[orch] link change t=30.0s bw=95 delay=91
[orch] link change t=30.0s bw=18 delay=56
[orch] link change t=30.0s bw=34 delay=38
[orch] link change t=30.0s bw=41 delay=46
[orch] link change t=45.0s bw=15 delay=27
[orch] link change t=45.0s bw=73 delay=13
[orch] link change t=45.0s bw=93 delay=78
[orch] link change t=45.0s bw=59 delay=56
[orch] link change t=45.0s bw=65 delay=42
[sao-listener] new flow 1 10.0.0.2:23601->10.0.0.4:5207 cc=astraea pid=356167 child=356455
[sao-listener] single-flow mode: attached worker; stopping ss scans
[sao-listener flow 1] cport=23601 cc=astraea worker active
[sao-listener] new flow 1 10.0.0.2:23401->10.0.0.4:5205 cc=astraea pid=356268 child=356463
[sao-listener] single-flow mode: attached worker; stopping ss scans
[sao-listener flow 1] cport=23401 cc=astraea worker active
[orch] link change t=45.0s bw=74 delay=90
[orch] link change t=45.0s bw=75 delay=14
[orch] link change t=45.0s bw=99 delay=69
[orch] link change t=45.0s bw=60 delay=82
[orch] link change t=45.0s bw=95 delay=91
[worker cport=23601 agent=1] loaded checkpoint step=24571
[worker alg=ma_dreamer reward=tempest_fairness_ma cport=23601 agent=1 group=slot6_ep31 flow=1] started interval=20ms det=1 latent=8x8
[worker cport=23401 agent=1] loaded checkpoint step=24571
[worker alg=ma_dreamer reward=tempest_fairness_ma cport=23401 agent=1 group=slot4_ep32 flow=1] started interval=20ms det=1 latent=8x8
[sao-listener] new flow 1 10.0.0.2:23801->10.0.0.4:5209 cc=astraea pid=356598 child=356952
[sao-listener] single-flow mode: attached worker; stopping ss scans
[sao-listener flow 1] cport=23801 cc=astraea worker active
[sao-listener] new flow 1 10.0.0.2:23901->10.0.0.4:5210 cc=astraea pid=356628 child=357052
[sao-listener] single-flow mode: attached worker; stopping ss scans
[sao-listener flow 1] cport=23901 cc=astraea worker active
[sao-listener] new flow 1 10.0.0.2:23001->10.0.0.4:5201 cc=astraea pid=357025 child=357173
[sao-listener] single-flow mode: attached worker; stopping ss scans
[sao-listener flow 1] cport=23001 cc=astraea worker active
[sao-listener] new flow 1 10.0.0.2:23201->10.0.0.4:5203 cc=astraea pid=356662 child=357177
[sao-listener] single-flow mode: attached worker; stopping ss scans
[sao-listener flow 1] cport=23201 cc=astraea worker active
[sao-listener] new flow 1 10.0.0.2:23501->10.0.0.4:5206 cc=astraea pid=357037 child=357303
[sao-listener] single-flow mode: attached worker; stopping ss scans
[sao-listener flow 1] cport=23501 cc=astraea worker active
[worker cport=23801 agent=1] loaded checkpoint step=24571
[worker alg=ma_dreamer reward=tempest_fairness_ma cport=23801 agent=1 group=slot8_ep33 flow=1] started interval=20ms det=1 latent=8x8
[sao-listener] new flow 1 10.0.0.2:23701->10.0.0.4:5208 cc=astraea pid=357151 child=357481
[sao-listener] single-flow mode: attached worker; stopping ss scans
[sao-listener flow 1] cport=23701 cc=astraea worker active
[worker cport=23901 agent=1] loaded checkpoint step=24571
[worker alg=ma_dreamer reward=tempest_fairness_ma cport=23901 agent=1 group=slot9_ep34 flow=1] started interval=20ms det=1 latent=8x8
[sao-listener] new flow 1 10.0.0.2:23301->10.0.0.4:5204 cc=astraea pid=356785 child=357539
[sao-listener] single-flow mode: attached worker; stopping ss scans
[sao-listener flow 1] cport=23301 cc=astraea worker active
[worker cport=23001 agent=1] loaded checkpoint step=24571
[worker alg=ma_dreamer reward=tempest_fairness_ma cport=23001 agent=1 group=slot0_ep38 flow=1] started interval=20ms det=1 latent=8x8
[worker cport=23201 agent=1] loaded checkpoint step=24571
[worker alg=ma_dreamer reward=tempest_fairness_ma cport=23201 agent=1 group=slot2_ep35 flow=1] started interval=20ms det=1 latent=8x8
[sao-listener] new flow 1 10.0.0.2:23101->10.0.0.4:5202 cc=astraea pid=357010 child=357695
[sao-listener] single-flow mode: attached worker; stopping ss scans
[sao-listener flow 1] cport=23101 cc=astraea worker active
[worker cport=23501 agent=1] loaded checkpoint step=24571
[worker alg=ma_dreamer reward=tempest_fairness_ma cport=23501 agent=1 group=slot5_ep39 flow=1] started interval=20ms det=1 latent=8x8
[worker cport=23701 agent=1] loaded checkpoint step=24571
[worker alg=ma_dreamer reward=tempest_fairness_ma cport=23701 agent=1 group=slot7_ep40 flow=1] started interval=20ms det=1 latent=8x8
[worker cport=23301 agent=1] loaded checkpoint step=24571
[worker alg=ma_dreamer reward=tempest_fairness_ma cport=23301 agent=1 group=slot3_ep36 flow=1] started interval=20ms det=1 latent=8x8
[worker cport=23101 agent=1] loaded checkpoint step=24571
[worker alg=ma_dreamer reward=tempest_fairness_ma cport=23101 agent=1 group=slot1_ep37 flow=1] started interval=20ms det=1 latent=8x8
[orch] link change t=60.0s bw=24 delay=78
[orch] link change t=60.0s bw=14 delay=22
[orch] link change t=60.0s bw=77 delay=33
[orch] link change t=60.0s bw=18 delay=64
[orch] link change t=60.0s bw=82 delay=17
[orch] link change t=60.0s bw=32 delay=41
[orch] link change t=60.0s bw=90 delay=57
[orch] link change t=60.0s bw=57 delay=15
[orch] link change t=60.0s bw=10 delay=92
[orch] link change t=60.0s bw=95 delay=36
[orch] link change t=75.0s bw=39 delay=27
[orch] link change t=75.0s bw=51 delay=75
[orch] link change t=75.0s bw=93 delay=88
[orch] link change t=75.0s bw=49 delay=53
[orch] link change t=75.0s bw=77 delay=45
[orch] link change t=75.0s bw=44 delay=93
[orch] link change t=75.0s bw=66 delay=77
[orch] link change t=75.0s bw=87 delay=95
[orch] link change t=75.0s bw=42 delay=96
[orch] link change t=75.0s bw=26 delay=54
[orch] link change t=90.0s bw=28 delay=14
[orch] link change t=90.0s bw=52 delay=17
[orch] link change t=90.0s bw=74 delay=51
[orch] link change t=90.0s bw=22 delay=84
[orch] link change t=90.0s bw=93 delay=56
[orch] link change t=90.0s bw=65 delay=56
[orch] link change t=90.0s bw=23 delay=97
[orch] link change t=90.0s bw=31 delay=85
[orch] link change t=90.0s bw=55 delay=100
[orch] link change t=90.0s bw=45 delay=66
[orch] link change t=105.0s bw=94 delay=17
[orch] link change t=105.0s bw=76 delay=98
[orch] link change t=105.0s bw=97 delay=77
[orch] link change t=105.0s bw=75 delay=29
[orch] link change t=105.0s bw=84 delay=22
[orch] link change t=105.0s bw=81 delay=44
[orch] link change t=105.0s bw=68 delay=86
[orch] link change t=105.0s bw=54 delay=51
[orch] link change t=105.0s bw=32 delay=13
[orch] link change t=105.0s bw=13 delay=77
[orch] link change t=120.0s bw=27 delay=39
[orch] link change t=120.0s bw=70 delay=57
[orch] link change t=120.0s bw=71 delay=66
[orch] link change t=120.0s bw=22 delay=45
[orch] link change t=120.0s bw=56 delay=11
[orch] link change t=120.0s bw=79 delay=19
[orch] link change t=120.0s bw=46 delay=58
[orch] link change t=120.0s bw=44 delay=100
[orch] link change t=120.0s bw=47 delay=96
[orch] link change t=120.0s bw=26 delay=17
[orch] link change t=135.0s bw=78 delay=67
[orch] link change t=135.0s bw=86 delay=10
[orch] link change t=135.0s bw=46 delay=96
[orch] link change t=135.0s bw=54 delay=88
[orch] link change t=135.0s bw=75 delay=11
[orch] link change t=135.0s bw=83 delay=62
[orch] link change t=135.0s bw=64 delay=66
[orch] link change t=135.0s bw=52 delay=89
[orch] link change t=135.0s bw=19 delay=56
[orch] link change t=135.0s bw=92 delay=35
[orch] link change t=150.0s bw=77 delay=62
[orch] link change t=150.0s bw=79 delay=26
[orch] link change t=150.0s bw=91 delay=19
[orch] link change t=150.0s bw=10 delay=29
[orch] link change t=150.0s bw=22 delay=73
[orch] link change t=150.0s bw=72 delay=59
[orch] link change t=150.0s bw=28 delay=16
[orch] link change t=150.0s bw=49 delay=70
[orch] link change t=150.0s bw=11 delay=23
[orch] link change t=150.0s bw=89 delay=100
[orch] link change t=165.0s bw=36 delay=85
[orch] link change t=165.0s bw=77 delay=11
[orch] link change t=165.0s bw=48 delay=62
[orch] link change t=165.0s bw=77 delay=21
[orch] link change t=165.0s bw=57 delay=13
[orch] link change t=165.0s bw=54 delay=60
[orch] link change t=165.0s bw=21 delay=62
[orch] link change t=165.0s bw=84 delay=61
[orch] link change t=165.0s bw=64 delay=54
[orch] link change t=165.0s bw=68 delay=16
[orch] link change t=180.0s bw=21 delay=25
[orch] link change t=180.0s bw=72 delay=35
[orch] link change t=180.0s bw=49 delay=76
[orch] link change t=180.0s bw=17 delay=57
[orch] link change t=180.0s bw=53 delay=96
[orch] link change t=180.0s bw=41 delay=60
[orch] link change t=180.0s bw=19 delay=79
[orch] link change t=180.0s bw=38 delay=88
[orch] link change t=180.0s bw=64 delay=22
[orch] link change t=180.0s bw=32 delay=87
[orch] link change t=195.0s bw=12 delay=61
[orch] link change t=195.0s bw=46 delay=35
[orch] link change t=195.0s bw=73 delay=16
[orch] link change t=195.0s bw=42 delay=80
[orch] link change t=195.0s bw=73 delay=16
[orch] link change t=195.0s bw=31 delay=25
[orch] link change t=195.0s bw=46 delay=56
[orch] link change t=195.0s bw=20 delay=77
[orch] link change t=195.0s bw=60 delay=75
[orch] link change t=195.0s bw=50 delay=24
[orch] link change t=210.0s bw=53 delay=35
[orch] link change t=210.0s bw=67 delay=20
[orch] link change t=210.0s bw=87 delay=96
[orch] link change t=210.0s bw=100 delay=17
[orch] link change t=210.0s bw=12 delay=40
[orch] link change t=210.0s bw=75 delay=73
[orch] link change t=210.0s bw=92 delay=100
[orch] link change t=210.0s bw=72 delay=28
[orch] link change t=210.0s bw=84 delay=48
[orch] link change t=210.0s bw=42 delay=51
[orch] link change t=225.0s bw=36 delay=52
[orch] link change t=225.0s bw=52 delay=25
[orch] link change t=225.0s bw=64 delay=45
[orch] link change t=225.0s bw=59 delay=31
[orch] link change t=225.0s bw=51 delay=20
[orch] link change t=225.0s bw=99 delay=36
[orch] link change t=225.0s bw=65 delay=85
[orch] link change t=225.0s bw=65 delay=77
[orch] link change t=225.0s bw=44 delay=18
[orch] link change t=225.0s bw=28 delay=75
[orch] link change t=240.0s bw=60 delay=56
[orch] link change t=240.0s bw=14 delay=77
[orch] link change t=240.0s bw=50 delay=81
[orch] link change t=240.0s bw=85 delay=91
[orch] link change t=240.0s bw=30 delay=53
[orch] link change t=240.0s bw=77 delay=47
[orch] link change t=240.0s bw=82 delay=56
[orch] link change t=240.0s bw=41 delay=11
[orch] link change t=240.0s bw=68 delay=65
[orch] link change t=240.0s bw=97 delay=76
[orch] link change t=255.0s bw=86 delay=41
[orch] link change t=255.0s bw=24 delay=30
[orch] link change t=255.0s bw=97 delay=41
[orch] link change t=255.0s bw=49 delay=47
[orch] link change t=255.0s bw=31 delay=82
[orch] link change t=255.0s bw=33 delay=72
[orch] link change t=255.0s bw=91 delay=100
[orch] link change t=255.0s bw=58 delay=57
[orch] link change t=255.0s bw=42 delay=83
[orch] link change t=255.0s bw=22 delay=62
[orch] link change t=270.0s bw=36 delay=37
[orch] link change t=270.0s bw=66 delay=12
[orch] link change t=270.0s bw=25 delay=17
[orch] link change t=270.0s bw=58 delay=50
[orch] link change t=270.0s bw=19 delay=71
[orch] link change t=270.0s bw=100 delay=85
[orch] link change t=270.0s bw=83 delay=14
[orch] link change t=270.0s bw=78 delay=97
[orch] link change t=270.0s bw=51 delay=82
[orch] link change t=270.0s bw=16 delay=50
[orch] link change t=285.0s bw=63 delay=84
[orch] link change t=285.0s bw=65 delay=16
[orch] link change t=285.0s bw=50 delay=46
[orch] link change t=285.0s bw=37 delay=36
[orch] link change t=285.0s bw=56 delay=20
[orch] link change t=285.0s bw=51 delay=80
[orch] link change t=285.0s bw=77 delay=89
[orch] link change t=285.0s bw=88 delay=74
[orch] link change t=285.0s bw=10 delay=100
[orch] link change t=285.0s bw=52 delay=39
[orch] link change t=300.0s bw=94 delay=80
[orch] link change t=300.0s bw=14 delay=81
[orch] link change t=300.0s bw=37 delay=18
[orch] link change t=300.0s bw=67 delay=78
[orch] link change t=300.0s bw=47 delay=30
[orch] link change t=300.0s bw=31 delay=10
[orch] link change t=300.0s bw=37 delay=74
[orch] link change t=300.0s bw=13 delay=28
[orch] link change t=300.0s bw=15 delay=93
[orch] link change t=300.0s bw=29 delay=49
[orch] link change t=315.0s bw=17 delay=16
[orch] link change t=315.0s bw=55 delay=39
[orch] link change t=315.0s bw=56 delay=25
[orch] link change t=315.0s bw=32 delay=87
[orch] link change t=315.0s bw=83 delay=19
[orch] link change t=315.0s bw=86 delay=59
[orch] link change t=315.0s bw=63 delay=18
[orch] link change t=315.0s bw=70 delay=23
[orch] link change t=315.0s bw=34 delay=89
[orch] link change t=315.0s bw=30 delay=76
[orch] link change t=330.0s bw=33 delay=55
[orch] link change t=330.0s bw=30 delay=69
[orch] link change t=330.0s bw=93 delay=51
[orch] link change t=330.0s bw=26 delay=83
[orch] link change t=330.0s bw=96 delay=26
[orch] link change t=330.0s bw=73 delay=27
[orch] link change t=330.0s bw=11 delay=10
[orch] link change t=330.0s bw=42 delay=24
[orch] link change t=330.0s bw=89 delay=71
[orch] link change t=330.0s bw=49 delay=99
[multi_ep_plot] saved -> /its/home/mm2350/extra/Olympusv2/benchmarks/benchmark_responsive_fairness/data/ma_dreamer_credit/2_flows/run31/ep000031_bw11_d70_n2.pdf  return=529971.1
[ep_plot] ep=31 -> /its/home/mm2350/extra/Olympusv2/benchmarks/benchmark_responsive_fairness/data/ma_dreamer_credit/2_flows/run31/ep000031_bw11_d70_n2.pdf  return=529971.0625
[orch] ep=31 sum-of-agents return=529971.1
[responsive_fairness] slot=6 ma_dreamer_credit flows=2 run=41
[responsive_fairness] ma_dreamer_credit flows=2 run=31 done (31/200)
[slot=6] ep=41  flows=2  bw=58Mbps  delay=52ms  duration=345s  delays=[0.0, 45.0]  lifetimes=[345.0, 300.0]
[multi_ep_plot] saved -> /its/home/mm2350/extra/Olympusv2/benchmarks/benchmark_responsive_fairness/data/ma_dreamer_credit/2_flows/run32/ep000032_bw19_d37_n2.pdf  return=641619.4
[ep_plot] ep=32 -> /its/home/mm2350/extra/Olympusv2/benchmarks/benchmark_responsive_fairness/data/ma_dreamer_credit/2_flows/run32/ep000032_bw19_d37_n2.pdf  return=641619.40625
[orch] ep=32 sum-of-agents return=641619.4
[responsive_fairness] ma_dreamer_credit flows=2 run=32 done (32/200)
[responsive_fairness] slot=4 ma_dreamer_credit flows=2 run=42
[slot=4] ep=42  flows=2  bw=91Mbps  delay=24ms  duration=345s  delays=[0.0, 45.0]  lifetimes=[345.0, 300.0]
[sao-listener] cport=23600 worker=/its/home/mm2350/extra/Olympusv2/olympus/algorithms/ma_dreamer/worker.py scan=20ms target_cc=astraea single_flow=1 no_state_pipe=1
[sao-listener] cport=23601 worker=/its/home/mm2350/extra/Olympusv2/olympus/algorithms/ma_dreamer/worker.py scan=20ms target_cc=astraea single_flow=1 no_state_pipe=1
[sao-listener] cport=23400 worker=/its/home/mm2350/extra/Olympusv2/olympus/algorithms/ma_dreamer/worker.py scan=20ms target_cc=astraea single_flow=1 no_state_pipe=1
[sao-listener] cport=23401 worker=/its/home/mm2350/extra/Olympusv2/olympus/algorithms/ma_dreamer/worker.py scan=20ms target_cc=astraea single_flow=1 no_state_pipe=1
[multi_ep_plot] saved -> /its/home/mm2350/extra/Olympusv2/benchmarks/benchmark_responsive_fairness/data/ma_dreamer_credit/2_flows/run33/ep000033_bw83_d31_n2.pdf  return=654408.3
[ep_plot] ep=33 -> /its/home/mm2350/extra/Olympusv2/benchmarks/benchmark_responsive_fairness/data/ma_dreamer_credit/2_flows/run33/ep000033_bw83_d31_n2.pdf  return=654408.34375
[orch] ep=33 sum-of-agents return=654408.3
[responsive_fairness] slot=8 ma_dreamer_credit flows=2 run=43
[responsive_fairness] ma_dreamer_credit flows=2 run=33 done (33/200)
[slot=8] ep=43  flows=2  bw=14Mbps  delay=46ms  duration=345s  delays=[0.0, 45.0]  lifetimes=[345.0, 300.0]
[multi_ep_plot] saved -> /its/home/mm2350/extra/Olympusv2/benchmarks/benchmark_responsive_fairness/data/ma_dreamer_credit/2_flows/run34/ep000034_bw77_d55_n2.pdf  return=643882.0
[ep_plot] ep=34 -> /its/home/mm2350/extra/Olympusv2/benchmarks/benchmark_responsive_fairness/data/ma_dreamer_credit/2_flows/run34/ep000034_bw77_d55_n2.pdf  return=643882.0
[orch] ep=34 sum-of-agents return=643882.0
[responsive_fairness] slot=9 ma_dreamer_credit flows=2 run=44
[responsive_fairness] ma_dreamer_credit flows=2 run=34 done (34/200)
[slot=9] ep=44  flows=2  bw=62Mbps  delay=76ms  duration=345s  delays=[0.0, 45.0]  lifetimes=[345.0, 300.0]
[multi_ep_plot] saved -> /its/home/mm2350/extra/Olympusv2/benchmarks/benchmark_responsive_fairness/data/ma_dreamer_credit/2_flows/run35/ep000035_bw80_d52_n2.pdf  return=643436.9
[ep_plot] ep=35 -> /its/home/mm2350/extra/Olympusv2/benchmarks/benchmark_responsive_fairness/data/ma_dreamer_credit/2_flows/run35/ep000035_bw80_d52_n2.pdf  return=643436.90625
[orch] ep=35 sum-of-agents return=643436.9
[responsive_fairness] slot=2 ma_dreamer_credit flows=2 run=45
[responsive_fairness] ma_dreamer_credit flows=2 run=35 done (35/200)
[slot=2] ep=45  flows=2  bw=44Mbps  delay=63ms  duration=345s  delays=[0.0, 45.0]  lifetimes=[345.0, 300.0]
[sao-listener] cport=23800 worker=/its/home/mm2350/extra/Olympusv2/olympus/algorithms/ma_dreamer/worker.py scan=20ms target_cc=astraea single_flow=1 no_state_pipe=1
[sao-listener] cport=23801 worker=/its/home/mm2350/extra/Olympusv2/olympus/algorithms/ma_dreamer/worker.py scan=20ms target_cc=astraea single_flow=1 no_state_pipe=1
[sao-listener] new flow 1 10.0.0.1:23600->10.0.0.3:5207 cc=astraea pid=361189 child=361691
[sao-listener] single-flow mode: attached worker; stopping ss scans
[sao-listener flow 1] cport=23600 cc=astraea worker active
[multi_ep_plot] saved -> /its/home/mm2350/extra/Olympusv2/benchmarks/benchmark_responsive_fairness/data/ma_dreamer_credit/2_flows/run36/ep000036_bw52_d17_n2.pdf  return=631049.9
[ep_plot] ep=36 -> /its/home/mm2350/extra/Olympusv2/benchmarks/benchmark_responsive_fairness/data/ma_dreamer_credit/2_flows/run36/ep000036_bw52_d17_n2.pdf  return=631049.90625
[orch] ep=36 sum-of-agents return=631049.9
[responsive_fairness] slot=3 ma_dreamer_credit flows=2 run=46
[responsive_fairness] ma_dreamer_credit flows=2 run=36 done (36/200)
[slot=3] ep=46  flows=2  bw=19Mbps  delay=61ms  duration=345s  delays=[0.0, 45.0]  lifetimes=[345.0, 300.0]
[sao-listener] new flow 1 10.0.0.1:23400->10.0.0.3:5205 cc=astraea pid=361330 child=361978
[sao-listener] single-flow mode: attached worker; stopping ss scans
[sao-listener flow 1] cport=23400 cc=astraea worker active
[sao-listener] cport=23900 worker=/its/home/mm2350/extra/Olympusv2/olympus/algorithms/ma_dreamer/worker.py scan=20ms target_cc=astraea single_flow=1 no_state_pipe=1
[sao-listener] cport=23901 worker=/its/home/mm2350/extra/Olympusv2/olympus/algorithms/ma_dreamer/worker.py scan=20ms target_cc=astraea single_flow=1 no_state_pipe=1
[sao-listener] cport=23200 worker=/its/home/mm2350/extra/Olympusv2/olympus/algorithms/ma_dreamer/worker.py scan=20ms target_cc=astraea single_flow=1 no_state_pipe=1
[sao-listener] cport=23201 worker=/its/home/mm2350/extra/Olympusv2/olympus/algorithms/ma_dreamer/worker.py scan=20ms target_cc=astraea single_flow=1 no_state_pipe=1
[sao-listener] cport=23300 worker=/its/home/mm2350/extra/Olympusv2/olympus/algorithms/ma_dreamer/worker.py scan=20ms target_cc=astraea single_flow=1 no_state_pipe=1
[multi_ep_plot] saved -> /its/home/mm2350/extra/Olympusv2/benchmarks/benchmark_responsive_fairness/data/ma_dreamer_credit/2_flows/run37/ep000037_bw97_d87_n2.pdf  return=522439.9
[ep_plot] ep=37 -> /its/home/mm2350/extra/Olympusv2/benchmarks/benchmark_responsive_fairness/data/ma_dreamer_credit/2_flows/run37/ep000037_bw97_d87_n2.pdf  return=522439.90625
[orch] ep=37 sum-of-agents return=522439.9
[sao-listener] cport=23301 worker=/its/home/mm2350/extra/Olympusv2/olympus/algorithms/ma_dreamer/worker.py scan=20ms target_cc=astraea single_flow=1 no_state_pipe=1
[multi_ep_plot] saved -> /its/home/mm2350/extra/Olympusv2/benchmarks/benchmark_responsive_fairness/data/ma_dreamer_credit/2_flows/run39/ep000039_bw36_d43_n2.pdf  return=517441.4
[ep_plot] ep=39 -> /its/home/mm2350/extra/Olympusv2/benchmarks/benchmark_responsive_fairness/data/ma_dreamer_credit/2_flows/run39/ep000039_bw36_d43_n2.pdf  return=517441.4375
[orch] ep=39 sum-of-agents return=517441.4
[responsive_fairness] slot=1 ma_dreamer_credit flows=2 run=47
[responsive_fairness] ma_dreamer_credit flows=2 run=37 done (37/200)
[responsive_fairness] slot=5 ma_dreamer_credit flows=2 run=48
[responsive_fairness] ma_dreamer_credit flows=2 run=39 done (38/200)
[slot=1] ep=47  flows=2  bw=55Mbps  delay=18ms  duration=345s  delays=[0.0, 45.0]  lifetimes=[345.0, 300.0]
[slot=5] ep=48  flows=2  bw=80Mbps  delay=50ms  duration=345s  delays=[0.0, 45.0]  lifetimes=[345.0, 300.0]
[multi_ep_plot] saved -> /its/home/mm2350/extra/Olympusv2/benchmarks/benchmark_responsive_fairness/data/ma_dreamer_credit/2_flows/run38/ep000038_bw91_d63_n2.pdf  return=573069.6
[ep_plot] ep=38 -> /its/home/mm2350/extra/Olympusv2/benchmarks/benchmark_responsive_fairness/data/ma_dreamer_credit/2_flows/run38/ep000038_bw91_d63_n2.pdf  return=573069.5625
[orch] ep=38 sum-of-agents return=573069.6
[responsive_fairness] slot=0 ma_dreamer_credit flows=2 run=49
[responsive_fairness] ma_dreamer_credit flows=2 run=38 done (39/200)
[slot=0] ep=49  flows=2  bw=18Mbps  delay=54ms  duration=345s  delays=[0.0, 45.0]  lifetimes=[345.0, 300.0]
[sao-listener] new flow 1 10.0.0.1:23800->10.0.0.3:5209 cc=astraea pid=362397 child=363030
[sao-listener] single-flow mode: attached worker; stopping ss scans
[sao-listener flow 1] cport=23800 cc=astraea worker active
[worker cport=23600 agent=0] loaded checkpoint step=24571
[worker alg=ma_dreamer reward=tempest_fairness_ma cport=23600 agent=0 group=slot6_ep41 flow=1] started interval=20ms det=1 latent=8x8
[multi_ep_plot] saved -> /its/home/mm2350/extra/Olympusv2/benchmarks/benchmark_responsive_fairness/data/ma_dreamer_credit/2_flows/run40/ep000040_bw68_d84_n2.pdf  return=516923.6
[ep_plot] ep=40 -> /its/home/mm2350/extra/Olympusv2/benchmarks/benchmark_responsive_fairness/data/ma_dreamer_credit/2_flows/run40/ep000040_bw68_d84_n2.pdf  return=516923.625
[orch] ep=40 sum-of-agents return=516923.6
[responsive_fairness] slot=7 ma_dreamer_credit flows=2 run=50
[responsive_fairness] ma_dreamer_credit flows=2 run=40 done (40/200)
[slot=7] ep=50  flows=2  bw=73Mbps  delay=44ms  duration=345s  delays=[0.0, 45.0]  lifetimes=[345.0, 300.0]
[worker cport=23400 agent=0] loaded checkpoint step=24571
[worker alg=ma_dreamer reward=tempest_fairness_ma cport=23400 agent=0 group=slot4_ep42 flow=1] started interval=20ms det=1 latent=8x8
[sao-listener] cport=23100 worker=/its/home/mm2350/extra/Olympusv2/olympus/algorithms/ma_dreamer/worker.py scan=20ms target_cc=astraea single_flow=1 no_state_pipe=1
[sao-listener] cport=23500 worker=/its/home/mm2350/extra/Olympusv2/olympus/algorithms/ma_dreamer/worker.py scan=20ms target_cc=astraea single_flow=1 no_state_pipe=1
[sao-listener] cport=23101 worker=/its/home/mm2350/extra/Olympusv2/olympus/algorithms/ma_dreamer/worker.py scan=20ms target_cc=astraea single_flow=1 no_state_pipe=1
[sao-listener] cport=23501 worker=/its/home/mm2350/extra/Olympusv2/olympus/algorithms/ma_dreamer/worker.py scan=20ms target_cc=astraea single_flow=1 no_state_pipe=1
[sao-listener] cport=23000 worker=/its/home/mm2350/extra/Olympusv2/olympus/algorithms/ma_dreamer/worker.py scan=20ms target_cc=astraea single_flow=1 no_state_pipe=1
[sao-listener] cport=23001 worker=/its/home/mm2350/extra/Olympusv2/olympus/algorithms/ma_dreamer/worker.py scan=20ms target_cc=astraea single_flow=1 no_state_pipe=1
[sao-listener] cport=23700 worker=/its/home/mm2350/extra/Olympusv2/olympus/algorithms/ma_dreamer/worker.py scan=20ms target_cc=astraea single_flow=1 no_state_pipe=1
[sao-listener] cport=23701 worker=/its/home/mm2350/extra/Olympusv2/olympus/algorithms/ma_dreamer/worker.py scan=20ms target_cc=astraea single_flow=1 no_state_pipe=1
[sao-listener] new flow 1 10.0.0.1:23900->10.0.0.3:5210 cc=astraea pid=362838 child=364566
[sao-listener] single-flow mode: attached worker; stopping ss scans
[sao-listener flow 1] cport=23900 cc=astraea worker active
[sao-listener] new flow 1 10.0.0.1:23200->10.0.0.3:5203 cc=astraea pid=362860 child=364702
[sao-listener] single-flow mode: attached worker; stopping ss scans
[sao-listener flow 1] cport=23200 cc=astraea worker active
[worker cport=23800 agent=0] loaded checkpoint step=24571
[worker alg=ma_dreamer reward=tempest_fairness_ma cport=23800 agent=0 group=slot8_ep43 flow=1] started interval=20ms det=1 latent=8x8
[sao-listener] new flow 1 10.0.0.1:23100->10.0.0.3:5202 cc=astraea pid=364680 child=365006
[sao-listener] single-flow mode: attached worker; stopping ss scans
[sao-listener flow 1] cport=23100 cc=astraea worker active
[sao-listener] new flow 1 10.0.0.1:23500->10.0.0.3:5206 cc=astraea pid=364690 child=365022
[sao-listener] single-flow mode: attached worker; stopping ss scans
[sao-listener flow 1] cport=23500 cc=astraea worker active
[sao-listener] new flow 1 10.0.0.1:23300->10.0.0.3:5204 cc=astraea pid=363494 child=365197
[sao-listener] single-flow mode: attached worker; stopping ss scans
[sao-listener flow 1] cport=23300 cc=astraea worker active
[sao-listener] new flow 1 10.0.0.1:23000->10.0.0.3:5201 cc=astraea pid=364768 child=365264
[sao-listener] single-flow mode: attached worker; stopping ss scans
[sao-listener flow 1] cport=23000 cc=astraea worker active
[worker cport=23900 agent=0] loaded checkpoint step=24571
[worker alg=ma_dreamer reward=tempest_fairness_ma cport=23900 agent=0 group=slot9_ep44 flow=1] started interval=20ms det=1 latent=8x8
[worker cport=23200 agent=0] loaded checkpoint step=24571
[worker alg=ma_dreamer reward=tempest_fairness_ma cport=23200 agent=0 group=slot2_ep45 flow=1] started interval=20ms det=1 latent=8x8
[sao-listener] new flow 1 10.0.0.1:23700->10.0.0.3:5208 cc=astraea pid=364931 child=365578
[sao-listener] single-flow mode: attached worker; stopping ss scans
[sao-listener flow 1] cport=23700 cc=astraea worker active
[worker cport=23100 agent=0] loaded checkpoint step=24571
[worker alg=ma_dreamer reward=tempest_fairness_ma cport=23100 agent=0 group=slot1_ep47 flow=1] started interval=20ms det=1 latent=8x8
[worker cport=23500 agent=0] loaded checkpoint step=24571
[worker alg=ma_dreamer reward=tempest_fairness_ma cport=23500 agent=0 group=slot5_ep48 flow=1] started interval=20ms det=1 latent=8x8
[worker cport=23300 agent=0] loaded checkpoint step=24571
[worker alg=ma_dreamer reward=tempest_fairness_ma cport=23300 agent=0 group=slot3_ep46 flow=1] started interval=20ms det=1 latent=8x8
[worker cport=23000 agent=0] loaded checkpoint step=24571
[worker alg=ma_dreamer reward=tempest_fairness_ma cport=23000 agent=0 group=slot0_ep49 flow=1] started interval=20ms det=1 latent=8x8
[worker cport=23700 agent=0] loaded checkpoint step=24571
[worker alg=ma_dreamer reward=tempest_fairness_ma cport=23700 agent=0 group=slot7_ep50 flow=1] started interval=20ms det=1 latent=8x8
[orch] link change t=15.0s bw=39 delay=31
[orch] link change t=15.0s bw=13 delay=45
[orch] link change t=15.0s bw=99 delay=28
[orch] link change t=15.0s bw=79 delay=99
[orch] link change t=15.0s bw=72 delay=42
[orch] link change t=15.0s bw=15 delay=85
[orch] link change t=15.0s bw=65 delay=80
[orch] link change t=15.0s bw=26 delay=81
[orch] link change t=15.0s bw=62 delay=24
[orch] link change t=15.0s bw=56 delay=91
[orch] link change t=30.0s bw=59 delay=83
[orch] link change t=30.0s bw=41 delay=38
[orch] link change t=30.0s bw=69 delay=57
[orch] link change t=30.0s bw=24 delay=32
[orch] link change t=30.0s bw=20 delay=48
[orch] link change t=30.0s bw=85 delay=39
[orch] link change t=30.0s bw=68 delay=83
[orch] link change t=30.0s bw=78 delay=48
[orch] link change t=30.0s bw=51 delay=80
[orch] link change t=30.0s bw=41 delay=98
[orch] link change t=45.0s bw=98 delay=46
[orch] link change t=45.0s bw=27 delay=23
[orch] link change t=45.0s bw=95 delay=99
[orch] link change t=45.0s bw=58 delay=38
[sao-listener] new flow 1 10.0.0.2:23601->10.0.0.4:5207 cc=astraea pid=382185 child=382512
[sao-listener] single-flow mode: attached worker; stopping ss scans
[sao-listener flow 1] cport=23601 cc=astraea worker active
[orch] link change t=45.0s bw=53 delay=12
[sao-listener] new flow 1 10.0.0.2:23401->10.0.0.4:5205 cc=astraea pid=382312 child=382650
[sao-listener] single-flow mode: attached worker; stopping ss scans
[sao-listener flow 1] cport=23401 cc=astraea worker active
[orch] link change t=45.0s bw=91 delay=76
[worker cport=23601 agent=1] loaded checkpoint step=24571
[worker alg=ma_dreamer reward=tempest_fairness_ma cport=23601 agent=1 group=slot6_ep41 flow=1] started interval=20ms det=1 latent=8x8
[orch] link change t=45.0s bw=53 delay=42
[orch] link change t=45.0s bw=74 delay=34
[sao-listener] new flow 1 10.0.0.2:23901->10.0.0.4:5210 cc=astraea pid=382793 child=382986
[sao-listener] single-flow mode: attached worker; stopping ss scans
[sao-listener flow 1] cport=23901 cc=astraea worker active
[orch] link change t=45.0s bw=75 delay=16
[worker cport=23401 agent=1] loaded checkpoint step=24571
[worker alg=ma_dreamer reward=tempest_fairness_ma cport=23401 agent=1 group=slot4_ep42 flow=1] started interval=20ms det=1 latent=8x8
[sao-listener] new flow 1 10.0.0.2:23801->10.0.0.4:5209 cc=astraea pid=382617 child=383158
[sao-listener] single-flow mode: attached worker; stopping ss scans
[sao-listener flow 1] cport=23801 cc=astraea worker active
[orch] link change t=45.0s bw=70 delay=52
[sao-listener] new flow 1 10.0.0.2:23201->10.0.0.4:5203 cc=astraea pid=382801 child=383211
[sao-listener] single-flow mode: attached worker; stopping ss scans
[sao-listener flow 1] cport=23201 cc=astraea worker active
[sao-listener] new flow 1 10.0.0.2:23001->10.0.0.4:5201 cc=astraea pid=383311 child=383358
[sao-listener] single-flow mode: attached worker; stopping ss scans
[sao-listener flow 1] cport=23001 cc=astraea worker active
[sao-listener] new flow 1 10.0.0.2:23301->10.0.0.4:5204 cc=astraea pid=382952 child=383464
[sao-listener] single-flow mode: attached worker; stopping ss scans
[sao-listener flow 1] cport=23301 cc=astraea worker active
[worker cport=23901 agent=1] loaded checkpoint step=24571
[worker alg=ma_dreamer reward=tempest_fairness_ma cport=23901 agent=1 group=slot9_ep44 flow=1] started interval=20ms det=1 latent=8x8
[worker cport=23201 agent=1] loaded checkpoint step=24571
[worker cport=23801 agent=1] loaded checkpoint step=24571
[worker alg=ma_dreamer reward=tempest_fairness_ma cport=23201 agent=1 group=slot2_ep45 flow=1] started interval=20ms det=1 latent=8x8
[worker alg=ma_dreamer reward=tempest_fairness_ma cport=23801 agent=1 group=slot8_ep43 flow=1] started interval=20ms det=1 latent=8x8
[sao-listener] new flow 1 10.0.0.2:23701->10.0.0.4:5208 cc=astraea pid=383362 child=383659
[sao-listener] single-flow mode: attached worker; stopping ss scans
[sao-listener flow 1] cport=23701 cc=astraea worker active
[sao-listener] new flow 1 10.0.0.2:23501->10.0.0.4:5206 cc=astraea pid=383299 child=383728
[sao-listener] single-flow mode: attached worker; stopping ss scans
[sao-listener flow 1] cport=23501 cc=astraea worker active
[worker cport=23001 agent=1] loaded checkpoint step=24571
[worker alg=ma_dreamer reward=tempest_fairness_ma cport=23001 agent=1 group=slot0_ep49 flow=1] started interval=20ms det=1 latent=8x8
[sao-listener] new flow 1 10.0.0.2:23101->10.0.0.4:5202 cc=astraea pid=383293 child=383876
[sao-listener] single-flow mode: attached worker; stopping ss scans
[sao-listener flow 1] cport=23101 cc=astraea worker active
[worker cport=23301 agent=1] loaded checkpoint step=24571
[worker alg=ma_dreamer reward=tempest_fairness_ma cport=23301 agent=1 group=slot3_ep46 flow=1] started interval=20ms det=1 latent=8x8
[worker cport=23701 agent=1] loaded checkpoint step=24571
[worker alg=ma_dreamer reward=tempest_fairness_ma cport=23701 agent=1 group=slot7_ep50 flow=1] started interval=20ms det=1 latent=8x8
[worker cport=23501 agent=1] loaded checkpoint step=24571
[worker alg=ma_dreamer reward=tempest_fairness_ma cport=23501 agent=1 group=slot5_ep48 flow=1] started interval=20ms det=1 latent=8x8
[worker cport=23101 agent=1] loaded checkpoint step=24571
[worker alg=ma_dreamer reward=tempest_fairness_ma cport=23101 agent=1 group=slot1_ep47 flow=1] started interval=20ms det=1 latent=8x8
[orch] link change t=60.0s bw=80 delay=45
[orch] link change t=60.0s bw=96 delay=79
[orch] link change t=60.0s bw=22 delay=68
[orch] link change t=60.0s bw=47 delay=13
[orch] link change t=60.0s bw=19 delay=71
[orch] link change t=60.0s bw=29 delay=84
[orch] link change t=60.0s bw=75 delay=59
[orch] link change t=60.0s bw=65 delay=31
[orch] link change t=60.0s bw=97 delay=15
[orch] link change t=60.0s bw=20 delay=78
[orch] link change t=75.0s bw=59 delay=83
[orch] link change t=75.0s bw=21 delay=85
[orch] link change t=75.0s bw=86 delay=73
[orch] link change t=75.0s bw=38 delay=24
[orch] link change t=75.0s bw=11 delay=24
[orch] link change t=75.0s bw=78 delay=14
[orch] link change t=75.0s bw=60 delay=88
[orch] link change t=75.0s bw=29 delay=94
[orch] link change t=75.0s bw=45 delay=29
[orch] link change t=75.0s bw=50 delay=38
[orch] link change t=90.0s bw=11 delay=41
[orch] link change t=90.0s bw=64 delay=14
[orch] link change t=90.0s bw=87 delay=12
[orch] link change t=90.0s bw=82 delay=11
[orch] link change t=90.0s bw=46 delay=25
[orch] link change t=90.0s bw=13 delay=18
[orch] link change t=90.0s bw=15 delay=63
[orch] link change t=90.0s bw=23 delay=73
[orch] link change t=90.0s bw=68 delay=15
[orch] link change t=90.0s bw=96 delay=81
[orch] link change t=105.0s bw=94 delay=12
[orch] link change t=105.0s bw=13 delay=21
[orch] link change t=105.0s bw=75 delay=65
[orch] link change t=105.0s bw=22 delay=30
[orch] link change t=105.0s bw=49 delay=93
[orch] link change t=105.0s bw=50 delay=90
[orch] link change t=105.0s bw=94 delay=13
[orch] link change t=105.0s bw=93 delay=38
[orch] link change t=105.0s bw=90 delay=79
[orch] link change t=105.0s bw=20 delay=29
[orch] link change t=120.0s bw=66 delay=29
[orch] link change t=120.0s bw=37 delay=39
[orch] link change t=120.0s bw=83 delay=57
[orch] link change t=120.0s bw=75 delay=98
[orch] link change t=120.0s bw=14 delay=89
[orch] link change t=120.0s bw=16 delay=13
[orch] link change t=120.0s bw=23 delay=10
[orch] link change t=120.0s bw=37 delay=75
[orch] link change t=120.0s bw=74 delay=38
[orch] link change t=120.0s bw=54 delay=22
[orch] link change t=135.0s bw=29 delay=50
[orch] link change t=135.0s bw=74 delay=87
[orch] link change t=135.0s bw=89 delay=80
[orch] link change t=135.0s bw=48 delay=98
[orch] link change t=135.0s bw=18 delay=27
[orch] link change t=135.0s bw=27 delay=80
[orch] link change t=135.0s bw=43 delay=71
[orch] link change t=135.0s bw=81 delay=75
[orch] link change t=135.0s bw=87 delay=46
[orch] link change t=135.0s bw=54 delay=50
[orch] link change t=150.0s bw=31 delay=42
[orch] link change t=150.0s bw=13 delay=81
[orch] link change t=150.0s bw=65 delay=60
[orch] link change t=150.0s bw=91 delay=58
[orch] link change t=150.0s bw=44 delay=29
[orch] link change t=150.0s bw=47 delay=77
[orch] link change t=150.0s bw=79 delay=11
[orch] link change t=150.0s bw=29 delay=70
[orch] link change t=150.0s bw=83 delay=57
[orch] link change t=150.0s bw=38 delay=34
[orch] link change t=165.0s bw=93 delay=98
[orch] link change t=165.0s bw=35 delay=93
[orch] link change t=165.0s bw=32 delay=17
[orch] link change t=165.0s bw=85 delay=61
[orch] link change t=165.0s bw=37 delay=64
[orch] link change t=165.0s bw=52 delay=21
[orch] link change t=165.0s bw=50 delay=82
[orch] link change t=165.0s bw=37 delay=13
[orch] link change t=165.0s bw=61 delay=13
[orch] link change t=165.0s bw=18 delay=52
[orch] link change t=180.0s bw=89 delay=84
[orch] link change t=180.0s bw=99 delay=79
[orch] link change t=180.0s bw=23 delay=25
[orch] link change t=180.0s bw=98 delay=95
[orch] link change t=180.0s bw=19 delay=88
[orch] link change t=180.0s bw=60 delay=100
[orch] link change t=180.0s bw=64 delay=39
[orch] link change t=180.0s bw=19 delay=64
[orch] link change t=180.0s bw=41 delay=27
[orch] link change t=180.0s bw=87 delay=87
[orch] link change t=195.0s bw=17 delay=25
[orch] link change t=195.0s bw=63 delay=38
[orch] link change t=195.0s bw=58 delay=29
[orch] link change t=195.0s bw=51 delay=55
[orch] link change t=195.0s bw=62 delay=28
[orch] link change t=195.0s bw=71 delay=56
[orch] link change t=195.0s bw=40 delay=76
[orch] link change t=195.0s bw=18 delay=26
[orch] link change t=195.0s bw=22 delay=64
[orch] link change t=195.0s bw=64 delay=91
[orch] link change t=210.0s bw=85 delay=14
[orch] link change t=210.0s bw=67 delay=85
[orch] link change t=210.0s bw=22 delay=30
[orch] link change t=210.0s bw=19 delay=53
[orch] link change t=210.0s bw=99 delay=17
[orch] link change t=210.0s bw=29 delay=70
[orch] link change t=210.0s bw=75 delay=55
[orch] link change t=210.0s bw=73 delay=96
[orch] link change t=210.0s bw=58 delay=51
[orch] link change t=210.0s bw=21 delay=18
[orch] link change t=225.0s bw=65 delay=46
[orch] link change t=225.0s bw=45 delay=10
[orch] link change t=225.0s bw=75 delay=73
[orch] link change t=225.0s bw=46 delay=89
[orch] link change t=225.0s bw=14 delay=32
[orch] link change t=225.0s bw=69 delay=19
[orch] link change t=225.0s bw=66 delay=40
[orch] link change t=225.0s bw=30 delay=26
[orch] link change t=225.0s bw=55 delay=44
[orch] link change t=225.0s bw=98 delay=87
[orch] link change t=240.0s bw=37 delay=19
[orch] link change t=240.0s bw=30 delay=99
[orch] link change t=240.0s bw=26 delay=59
[orch] link change t=240.0s bw=30 delay=24
[orch] link change t=240.0s bw=51 delay=42
[orch] link change t=240.0s bw=68 delay=99
[orch] link change t=240.0s bw=14 delay=81
[orch] link change t=240.0s bw=17 delay=99
[orch] link change t=240.0s bw=93 delay=61
[orch] link change t=240.0s bw=52 delay=98
[orch] link change t=255.0s bw=56 delay=70
[orch] link change t=255.0s bw=64 delay=53
[orch] link change t=255.0s bw=86 delay=74
[orch] link change t=255.0s bw=75 delay=18
[orch] link change t=255.0s bw=55 delay=50
[orch] link change t=255.0s bw=79 delay=89
[orch] link change t=255.0s bw=57 delay=98
[orch] link change t=255.0s bw=80 delay=47
[orch] link change t=255.0s bw=88 delay=89
[orch] link change t=255.0s bw=92 delay=65
[orch] link change t=270.0s bw=26 delay=81
[orch] link change t=270.0s bw=45 delay=29
[orch] link change t=270.0s bw=44 delay=83
[orch] link change t=270.0s bw=85 delay=22
[orch] link change t=270.0s bw=22 delay=62
[orch] link change t=270.0s bw=24 delay=65
[orch] link change t=270.0s bw=55 delay=86
[orch] link change t=270.0s bw=53 delay=99
[orch] link change t=270.0s bw=16 delay=94
[orch] link change t=270.0s bw=10 delay=39
[orch] link change t=285.0s bw=95 delay=12
[orch] link change t=285.0s bw=37 delay=53
[orch] link change t=285.0s bw=33 delay=58
[orch] link change t=285.0s bw=44 delay=50
[orch] link change t=285.0s bw=21 delay=12
[orch] link change t=285.0s bw=38 delay=53
[orch] link change t=285.0s bw=53 delay=81
[orch] link change t=285.0s bw=53 delay=22
[orch] link change t=285.0s bw=62 delay=98
[orch] link change t=285.0s bw=53 delay=44
[orch] link change t=300.0s bw=25 delay=22
[orch] link change t=300.0s bw=23 delay=21
[orch] link change t=300.0s bw=18 delay=16
[orch] link change t=300.0s bw=23 delay=90
[orch] link change t=300.0s bw=52 delay=50
[orch] link change t=300.0s bw=74 delay=66
[orch] link change t=300.0s bw=83 delay=35
[orch] link change t=300.0s bw=40 delay=44
[orch] link change t=300.0s bw=79 delay=88
[orch] link change t=300.0s bw=65 delay=99
[orch] link change t=315.0s bw=28 delay=98
[orch] link change t=315.0s bw=58 delay=22
[orch] link change t=315.0s bw=84 delay=17
[orch] link change t=315.0s bw=47 delay=14
[orch] link change t=315.0s bw=59 delay=99
[orch] link change t=315.0s bw=45 delay=29
[orch] link change t=315.0s bw=40 delay=14
[orch] link change t=315.0s bw=43 delay=92
[orch] link change t=315.0s bw=36 delay=93
[orch] link change t=315.0s bw=23 delay=35
[orch] link change t=330.0s bw=32 delay=16
[orch] link change t=330.0s bw=55 delay=54
[orch] link change t=330.0s bw=33 delay=17
[orch] link change t=330.0s bw=54 delay=59
[orch] link change t=330.0s bw=77 delay=94
[orch] link change t=330.0s bw=23 delay=86
[orch] link change t=330.0s bw=26 delay=52
[orch] link change t=330.0s bw=11 delay=83
[orch] link change t=330.0s bw=18 delay=82
[orch] link change t=330.0s bw=66 delay=44
[multi_ep_plot] saved -> /its/home/mm2350/extra/Olympusv2/benchmarks/benchmark_responsive_fairness/data/ma_dreamer_credit/2_flows/run41/ep000041_bw58_d52_n2.pdf  return=599481.2
[ep_plot] ep=41 -> /its/home/mm2350/extra/Olympusv2/benchmarks/benchmark_responsive_fairness/data/ma_dreamer_credit/2_flows/run41/ep000041_bw58_d52_n2.pdf  return=599481.15625
[orch] ep=41 sum-of-agents return=599481.2
[responsive_fairness] slot=6 ma_dreamer_credit flows=4 run=1
[responsive_fairness] ma_dreamer_credit flows=2 run=41 done (41/200)
[slot=6] ep=1  flows=4  bw=27Mbps  delay=82ms  duration=345s  delays=[0.0, 15.0, 30.0, 45.0]  lifetimes=[345.0, 330.0, 315.0, 300.0]
[multi_ep_plot] saved -> /its/home/mm2350/extra/Olympusv2/benchmarks/benchmark_responsive_fairness/data/ma_dreamer_credit/2_flows/run42/ep000042_bw91_d24_n2.pdf  return=402752.2
[ep_plot] ep=42 -> /its/home/mm2350/extra/Olympusv2/benchmarks/benchmark_responsive_fairness/data/ma_dreamer_credit/2_flows/run42/ep000042_bw91_d24_n2.pdf  return=402752.21875
[orch] ep=42 sum-of-agents return=402752.2
[responsive_fairness] slot=4 ma_dreamer_credit flows=4 run=2
[responsive_fairness] ma_dreamer_credit flows=2 run=42 done (42/200)
[slot=4] ep=2  flows=4  bw=17Mbps  delay=21ms  duration=345s  delays=[0.0, 15.0, 30.0, 45.0]  lifetimes=[345.0, 330.0, 315.0, 300.0]
[sao-listener] cport=23600 worker=/its/home/mm2350/extra/Olympusv2/olympus/algorithms/ma_dreamer/worker.py scan=20ms target_cc=astraea single_flow=1 no_state_pipe=1
[sao-listener] cport=23601 worker=/its/home/mm2350/extra/Olympusv2/olympus/algorithms/ma_dreamer/worker.py scan=20ms target_cc=astraea single_flow=1 no_state_pipe=1
[sao-listener] cport=23602 worker=/its/home/mm2350/extra/Olympusv2/olympus/algorithms/ma_dreamer/worker.py scan=20ms target_cc=astraea single_flow=1 no_state_pipe=1
[sao-listener] cport=23603 worker=/its/home/mm2350/extra/Olympusv2/olympus/algorithms/ma_dreamer/worker.py scan=20ms target_cc=astraea single_flow=1 no_state_pipe=1
[multi_ep_plot] saved -> /its/home/mm2350/extra/Olympusv2/benchmarks/benchmark_responsive_fairness/data/ma_dreamer_credit/2_flows/run43/ep000043_bw14_d46_n2.pdf  return=530348.2
[ep_plot] ep=43 -> /its/home/mm2350/extra/Olympusv2/benchmarks/benchmark_responsive_fairness/data/ma_dreamer_credit/2_flows/run43/ep000043_bw14_d46_n2.pdf  return=530348.25
[orch] ep=43 sum-of-agents return=530348.2
[responsive_fairness] slot=8 ma_dreamer_credit flows=4 run=3
[responsive_fairness] ma_dreamer_credit flows=2 run=43 done (43/200)
[slot=8] ep=3  flows=4  bw=40Mbps  delay=85ms  duration=345s  delays=[0.0, 15.0, 30.0, 45.0]  lifetimes=[345.0, 330.0, 315.0, 300.0]
[sao-listener] cport=23400 worker=/its/home/mm2350/extra/Olympusv2/olympus/algorithms/ma_dreamer/worker.py scan=20ms target_cc=astraea single_flow=1 no_state_pipe=1
[sao-listener] cport=23401 worker=/its/home/mm2350/extra/Olympusv2/olympus/algorithms/ma_dreamer/worker.py scan=20ms target_cc=astraea single_flow=1 no_state_pipe=1
[sao-listener] cport=23402 worker=/its/home/mm2350/extra/Olympusv2/olympus/algorithms/ma_dreamer/worker.py scan=20ms target_cc=astraea single_flow=1 no_state_pipe=1
[sao-listener] cport=23403 worker=/its/home/mm2350/extra/Olympusv2/olympus/algorithms/ma_dreamer/worker.py scan=20ms target_cc=astraea single_flow=1 no_state_pipe=1
[multi_ep_plot] saved -> /its/home/mm2350/extra/Olympusv2/benchmarks/benchmark_responsive_fairness/data/ma_dreamer_credit/2_flows/run45/ep000045_bw44_d63_n2.pdf  return=542151.0
[ep_plot] ep=45 -> /its/home/mm2350/extra/Olympusv2/benchmarks/benchmark_responsive_fairness/data/ma_dreamer_credit/2_flows/run45/ep000045_bw44_d63_n2.pdf  return=542151.015625
[orch] ep=45 sum-of-agents return=542151.0
[responsive_fairness] slot=2 ma_dreamer_credit flows=4 run=4
[responsive_fairness] ma_dreamer_credit flows=2 run=45 done (44/200)
[slot=2] ep=4  flows=4  bw=40Mbps  delay=48ms  duration=345s  delays=[0.0, 15.0, 30.0, 45.0]  lifetimes=[345.0, 330.0, 315.0, 300.0]
[multi_ep_plot] saved -> /its/home/mm2350/extra/Olympusv2/benchmarks/benchmark_responsive_fairness/data/ma_dreamer_credit/2_flows/run44/ep000044_bw62_d76_n2.pdf  return=626901.8
[ep_plot] ep=44 -> /its/home/mm2350/extra/Olympusv2/benchmarks/benchmark_responsive_fairness/data/ma_dreamer_credit/2_flows/run44/ep000044_bw62_d76_n2.pdf  return=626901.84375
[orch] ep=44 sum-of-agents return=626901.8
[responsive_fairness] slot=9 ma_dreamer_credit flows=4 run=5
[responsive_fairness] ma_dreamer_credit flows=2 run=44 done (45/200)
[slot=9] ep=5  flows=4  bw=89Mbps  delay=42ms  duration=345s  delays=[0.0, 15.0, 30.0, 45.0]  lifetimes=[345.0, 330.0, 315.0, 300.0]
[sao-listener] cport=23800 worker=/its/home/mm2350/extra/Olympusv2/olympus/algorithms/ma_dreamer/worker.py scan=20ms target_cc=astraea single_flow=1 no_state_pipe=1
[sao-listener] cport=23801 worker=/its/home/mm2350/extra/Olympusv2/olympus/algorithms/ma_dreamer/worker.py scan=20ms target_cc=astraea single_flow=1 no_state_pipe=1
[sao-listener] cport=23802 worker=/its/home/mm2350/extra/Olympusv2/olympus/algorithms/ma_dreamer/worker.py scan=20ms target_cc=astraea single_flow=1 no_state_pipe=1
[sao-listener] cport=23803 worker=/its/home/mm2350/extra/Olympusv2/olympus/algorithms/ma_dreamer/worker.py scan=20ms target_cc=astraea single_flow=1 no_state_pipe=1
[multi_ep_plot] saved -> /its/home/mm2350/extra/Olympusv2/benchmarks/benchmark_responsive_fairness/data/ma_dreamer_credit/2_flows/run46/ep000046_bw19_d61_n2.pdf  return=558469.9
[ep_plot] ep=46 -> /its/home/mm2350/extra/Olympusv2/benchmarks/benchmark_responsive_fairness/data/ma_dreamer_credit/2_flows/run46/ep000046_bw19_d61_n2.pdf  return=558469.9375
[orch] ep=46 sum-of-agents return=558469.9
[responsive_fairness] slot=3 ma_dreamer_credit flows=4 run=6
[responsive_fairness] ma_dreamer_credit flows=2 run=46 done (46/200)
[slot=3] ep=6  flows=4  bw=83Mbps  delay=20ms  duration=345s  delays=[0.0, 15.0, 30.0, 45.0]  lifetimes=[345.0, 330.0, 315.0, 300.0]
[sao-listener] new flow 1 10.0.0.1:23400->10.0.0.5:5205 cc=astraea pid=387428 child=388118
[sao-listener] single-flow mode: attached worker; stopping ss scans
[sao-listener flow 1] cport=23400 cc=astraea worker active
[sao-listener] new flow 1 10.0.0.1:23600->10.0.0.5:5207 cc=astraea pid=387056 child=388126
[sao-listener] single-flow mode: attached worker; stopping ss scans
[sao-listener flow 1] cport=23600 cc=astraea worker active
[sao-listener] cport=23200 worker=/its/home/mm2350/extra/Olympusv2/olympus/algorithms/ma_dreamer/worker.py scan=20ms target_cc=astraea single_flow=1 no_state_pipe=1
[sao-listener] cport=23201 worker=/its/home/mm2350/extra/Olympusv2/olympus/algorithms/ma_dreamer/worker.py scan=20ms target_cc=astraea single_flow=1 no_state_pipe=1
[sao-listener] cport=23900 worker=/its/home/mm2350/extra/Olympusv2/olympus/algorithms/ma_dreamer/worker.py scan=20ms target_cc=astraea single_flow=1 no_state_pipe=1
[sao-listener] cport=23202 worker=/its/home/mm2350/extra/Olympusv2/olympus/algorithms/ma_dreamer/worker.py scan=20ms target_cc=astraea single_flow=1 no_state_pipe=1
[sao-listener] cport=23901 worker=/its/home/mm2350/extra/Olympusv2/olympus/algorithms/ma_dreamer/worker.py scan=20ms target_cc=astraea single_flow=1 no_state_pipe=1
[sao-listener] cport=23203 worker=/its/home/mm2350/extra/Olympusv2/olympus/algorithms/ma_dreamer/worker.py scan=20ms target_cc=astraea single_flow=1 no_state_pipe=1
[sao-listener] cport=23902 worker=/its/home/mm2350/extra/Olympusv2/olympus/algorithms/ma_dreamer/worker.py scan=20ms target_cc=astraea single_flow=1 no_state_pipe=1
[sao-listener] cport=23903 worker=/its/home/mm2350/extra/Olympusv2/olympus/algorithms/ma_dreamer/worker.py scan=20ms target_cc=astraea single_flow=1 no_state_pipe=1
[multi_ep_plot] saved -> /its/home/mm2350/extra/Olympusv2/benchmarks/benchmark_responsive_fairness/data/ma_dreamer_credit/2_flows/run47/ep000047_bw55_d18_n2.pdf  return=609573.0
[ep_plot] ep=47 -> /its/home/mm2350/extra/Olympusv2/benchmarks/benchmark_responsive_fairness/data/ma_dreamer_credit/2_flows/run47/ep000047_bw55_d18_n2.pdf  return=609573.03125
[orch] ep=47 sum-of-agents return=609573.0
[responsive_fairness] slot=1 ma_dreamer_credit flows=4 run=7
[responsive_fairness] ma_dreamer_credit flows=2 run=47 done (47/200)
[slot=1] ep=7  flows=4  bw=51Mbps  delay=29ms  duration=345s  delays=[0.0, 15.0, 30.0, 45.0]  lifetimes=[345.0, 330.0, 315.0, 300.0]
[multi_ep_plot] saved -> /its/home/mm2350/extra/Olympusv2/benchmarks/benchmark_responsive_fairness/data/ma_dreamer_credit/2_flows/run48/ep000048_bw80_d50_n2.pdf  return=587603.9
[ep_plot] ep=48 -> /its/home/mm2350/extra/Olympusv2/benchmarks/benchmark_responsive_fairness/data/ma_dreamer_credit/2_flows/run48/ep000048_bw80_d50_n2.pdf  return=587603.90625
[orch] ep=48 sum-of-agents return=587603.9
[responsive_fairness] slot=5 ma_dreamer_credit flows=4 run=8
[responsive_fairness] ma_dreamer_credit flows=2 run=48 done (48/200)
[sao-listener] cport=23300 worker=/its/home/mm2350/extra/Olympusv2/olympus/algorithms/ma_dreamer/worker.py scan=20ms target_cc=astraea single_flow=1 no_state_pipe=1
[slot=5] ep=8  flows=4  bw=39Mbps  delay=57ms  duration=345s  delays=[0.0, 15.0, 30.0, 45.0]  lifetimes=[345.0, 330.0, 315.0, 300.0]
[sao-listener] cport=23301 worker=/its/home/mm2350/extra/Olympusv2/olympus/algorithms/ma_dreamer/worker.py scan=20ms target_cc=astraea single_flow=1 no_state_pipe=1
[sao-listener] cport=23302 worker=/its/home/mm2350/extra/Olympusv2/olympus/algorithms/ma_dreamer/worker.py scan=20ms target_cc=astraea single_flow=1 no_state_pipe=1
[sao-listener] cport=23303 worker=/its/home/mm2350/extra/Olympusv2/olympus/algorithms/ma_dreamer/worker.py scan=20ms target_cc=astraea single_flow=1 no_state_pipe=1
[multi_ep_plot] saved -> /its/home/mm2350/extra/Olympusv2/benchmarks/benchmark_responsive_fairness/data/ma_dreamer_credit/2_flows/run49/ep000049_bw18_d54_n2.pdf  return=645794.8
[ep_plot] ep=49 -> /its/home/mm2350/extra/Olympusv2/benchmarks/benchmark_responsive_fairness/data/ma_dreamer_credit/2_flows/run49/ep000049_bw18_d54_n2.pdf  return=645794.84375
[orch] ep=49 sum-of-agents return=645794.8
[responsive_fairness] slot=0 ma_dreamer_credit flows=4 run=9
[responsive_fairness] ma_dreamer_credit flows=2 run=49 done (49/200)
[slot=0] ep=9  flows=4  bw=69Mbps  delay=88ms  duration=345s  delays=[0.0, 15.0, 30.0, 45.0]  lifetimes=[345.0, 330.0, 315.0, 300.0]
[worker cport=23600 agent=0] loaded checkpoint step=24571
[worker cport=23400 agent=0] loaded checkpoint step=24571
[worker alg=ma_dreamer reward=tempest_fairness_ma cport=23400 agent=0 group=slot4_ep2 flow=1] started interval=20ms det=1 latent=8x8
[worker alg=ma_dreamer reward=tempest_fairness_ma cport=23600 agent=0 group=slot6_ep1 flow=1] started interval=20ms det=1 latent=8x8
[multi_ep_plot] saved -> /its/home/mm2350/extra/Olympusv2/benchmarks/benchmark_responsive_fairness/data/ma_dreamer_credit/2_flows/run50/ep000050_bw73_d44_n2.pdf  return=559230.1
[ep_plot] ep=50 -> /its/home/mm2350/extra/Olympusv2/benchmarks/benchmark_responsive_fairness/data/ma_dreamer_credit/2_flows/run50/ep000050_bw73_d44_n2.pdf  return=559230.109375
[orch] ep=50 sum-of-agents return=559230.1
[responsive_fairness] slot=7 ma_dreamer_credit flows=4 run=10
[responsive_fairness] ma_dreamer_credit flows=2 run=50 done (50/200)
[slot=7] ep=10  flows=4  bw=83Mbps  delay=14ms  duration=345s  delays=[0.0, 15.0, 30.0, 45.0]  lifetimes=[345.0, 330.0, 315.0, 300.0]
[sao-listener] new flow 1 10.0.0.1:23200->10.0.0.5:5203 cc=astraea pid=389769 child=390690
[sao-listener] single-flow mode: attached worker; stopping ss scans
[sao-listener flow 1] cport=23200 cc=astraea worker active
[sao-listener] new flow 1 10.0.0.1:23800->10.0.0.5:5209 cc=astraea pid=388548 child=390816
[sao-listener] single-flow mode: attached worker; stopping ss scans
[sao-listener flow 1] cport=23800 cc=astraea worker active
[sao-listener] cport=23100 worker=/its/home/mm2350/extra/Olympusv2/olympus/algorithms/ma_dreamer/worker.py scan=20ms target_cc=astraea single_flow=1 no_state_pipe=1
[sao-listener] cport=23101 worker=/its/home/mm2350/extra/Olympusv2/olympus/algorithms/ma_dreamer/worker.py scan=20ms target_cc=astraea single_flow=1 no_state_pipe=1
[sao-listener] new flow 1 10.0.0.1:23900->10.0.0.5:5210 cc=astraea pid=389851 child=391022
[sao-listener] single-flow mode: attached worker; stopping ss scans
[sao-listener flow 1] cport=23900 cc=astraea worker active
[sao-listener] cport=23102 worker=/its/home/mm2350/extra/Olympusv2/olympus/algorithms/ma_dreamer/worker.py scan=20ms target_cc=astraea single_flow=1 no_state_pipe=1
[sao-listener] cport=23103 worker=/its/home/mm2350/extra/Olympusv2/olympus/algorithms/ma_dreamer/worker.py scan=20ms target_cc=astraea single_flow=1 no_state_pipe=1
[sao-listener] cport=23500 worker=/its/home/mm2350/extra/Olympusv2/olympus/algorithms/ma_dreamer/worker.py scan=20ms target_cc=astraea single_flow=1 no_state_pipe=1
[sao-listener] cport=23501 worker=/its/home/mm2350/extra/Olympusv2/olympus/algorithms/ma_dreamer/worker.py scan=20ms target_cc=astraea single_flow=1 no_state_pipe=1
[sao-listener] cport=23502 worker=/its/home/mm2350/extra/Olympusv2/olympus/algorithms/ma_dreamer/worker.py scan=20ms target_cc=astraea single_flow=1 no_state_pipe=1
[sao-listener] cport=23503 worker=/its/home/mm2350/extra/Olympusv2/olympus/algorithms/ma_dreamer/worker.py scan=20ms target_cc=astraea single_flow=1 no_state_pipe=1
[sao-listener] cport=23000 worker=/its/home/mm2350/extra/Olympusv2/olympus/algorithms/ma_dreamer/worker.py scan=20ms target_cc=astraea single_flow=1 no_state_pipe=1
[sao-listener] cport=23001 worker=/its/home/mm2350/extra/Olympusv2/olympus/algorithms/ma_dreamer/worker.py scan=20ms target_cc=astraea single_flow=1 no_state_pipe=1
[sao-listener] cport=23002 worker=/its/home/mm2350/extra/Olympusv2/olympus/algorithms/ma_dreamer/worker.py scan=20ms target_cc=astraea single_flow=1 no_state_pipe=1
[sao-listener] cport=23003 worker=/its/home/mm2350/extra/Olympusv2/olympus/algorithms/ma_dreamer/worker.py scan=20ms target_cc=astraea single_flow=1 no_state_pipe=1
[sao-listener] cport=23700 worker=/its/home/mm2350/extra/Olympusv2/olympus/algorithms/ma_dreamer/worker.py scan=20ms target_cc=astraea single_flow=1 no_state_pipe=1
[sao-listener] cport=23701 worker=/its/home/mm2350/extra/Olympusv2/olympus/algorithms/ma_dreamer/worker.py scan=20ms target_cc=astraea single_flow=1 no_state_pipe=1
[sao-listener] cport=23702 worker=/its/home/mm2350/extra/Olympusv2/olympus/algorithms/ma_dreamer/worker.py scan=20ms target_cc=astraea single_flow=1 no_state_pipe=1
[sao-listener] cport=23703 worker=/its/home/mm2350/extra/Olympusv2/olympus/algorithms/ma_dreamer/worker.py scan=20ms target_cc=astraea single_flow=1 no_state_pipe=1
[worker cport=23200 agent=0] loaded checkpoint step=24571
[worker alg=ma_dreamer reward=tempest_fairness_ma cport=23200 agent=0 group=slot2_ep4 flow=1] started interval=20ms det=1 latent=8x8
[worker cport=23800 agent=0] loaded checkpoint step=24571
[worker alg=ma_dreamer reward=tempest_fairness_ma cport=23800 agent=0 group=slot8_ep3 flow=1] started interval=20ms det=1 latent=8x8
[worker cport=23900 agent=0] loaded checkpoint step=24571
[worker alg=ma_dreamer reward=tempest_fairness_ma cport=23900 agent=0 group=slot9_ep5 flow=1] started interval=20ms det=1 latent=8x8
[sao-listener] new flow 1 10.0.0.1:23300->10.0.0.5:5204 cc=astraea pid=390477 child=393088
[sao-listener] single-flow mode: attached worker; stopping ss scans
[sao-listener flow 1] cport=23300 cc=astraea worker active
[worker cport=23300 agent=0] loaded checkpoint step=24571
[worker alg=ma_dreamer reward=tempest_fairness_ma cport=23300 agent=0 group=slot3_ep6 flow=1] started interval=20ms det=1 latent=8x8
[sao-listener] new flow 1 10.0.0.1:23100->10.0.0.5:5202 cc=astraea pid=391984 child=394123
[sao-listener] single-flow mode: attached worker; stopping ss scans
[sao-listener flow 1] cport=23100 cc=astraea worker active
[sao-listener] new flow 1 10.0.0.1:23500->10.0.0.5:5206 cc=astraea pid=392255 child=394527
[sao-listener] single-flow mode: attached worker; stopping ss scans
[sao-listener flow 1] cport=23500 cc=astraea worker active
[sao-listener] new flow 1 10.0.0.1:23000->10.0.0.5:5201 cc=astraea pid=392717 child=395039
[sao-listener] single-flow mode: attached worker; stopping ss scans
[sao-listener flow 1] cport=23000 cc=astraea worker active
[worker cport=23100 agent=0] loaded checkpoint step=24571
[worker alg=ma_dreamer reward=tempest_fairness_ma cport=23100 agent=0 group=slot1_ep7 flow=1] started interval=20ms det=1 latent=8x8
[worker cport=23500 agent=0] loaded checkpoint step=24571
[worker alg=ma_dreamer reward=tempest_fairness_ma cport=23500 agent=0 group=slot5_ep8 flow=1] started interval=20ms det=1 latent=8x8
[sao-listener] new flow 1 10.0.0.1:23700->10.0.0.5:5208 cc=astraea pid=393174 child=395593
[sao-listener] single-flow mode: attached worker; stopping ss scans
[sao-listener flow 1] cport=23700 cc=astraea worker active
[worker cport=23000 agent=0] loaded checkpoint step=24571
[worker alg=ma_dreamer reward=tempest_fairness_ma cport=23000 agent=0 group=slot0_ep9 flow=1] started interval=20ms det=1 latent=8x8
[worker cport=23700 agent=0] loaded checkpoint step=24571
[worker alg=ma_dreamer reward=tempest_fairness_ma cport=23700 agent=0 group=slot7_ep10 flow=1] started interval=20ms det=1 latent=8x8
[orch] link change t=15.0s bw=18 delay=42
[orch] link change t=15.0s bw=20 delay=56
[orch] link change t=15.0s bw=79 delay=26
[sao-listener] new flow 1 10.0.0.2:23401->10.0.0.6:5205 cc=astraea pid=403971 child=404345
[sao-listener] single-flow mode: attached worker; stopping ss scans
[sao-listener flow 1] cport=23401 cc=astraea worker active
[orch] link change t=15.0s bw=23 delay=60
[orch] link change t=15.0s bw=55 delay=98
[orch] link change t=15.0s bw=72 delay=43
[worker cport=23401 agent=1] loaded checkpoint step=24571
[worker alg=ma_dreamer reward=tempest_fairness_ma cport=23401 agent=1 group=slot4_ep2 flow=1] started interval=20ms det=1 latent=8x8
[orch] link change t=15.0s bw=60 delay=93
[sao-listener] new flow 1 10.0.0.2:23601->10.0.0.6:5207 cc=astraea pid=403605 child=405956
[sao-listener] single-flow mode: attached worker; stopping ss scans
[sao-listener flow 1] cport=23601 cc=astraea worker active
[orch] link change t=15.0s bw=58 delay=26
[orch] link change t=15.0s bw=57 delay=44
[orch] link change t=15.0s bw=64 delay=71
[worker cport=23601 agent=1] loaded checkpoint step=24571
[worker alg=ma_dreamer reward=tempest_fairness_ma cport=23601 agent=1 group=slot6_ep1 flow=1] started interval=20ms det=1 latent=8x8
[sao-listener] new flow 1 10.0.0.2:23801->10.0.0.6:5209 cc=astraea pid=404641 child=407208
[sao-listener] single-flow mode: attached worker; stopping ss scans
[sao-listener flow 1] cport=23801 cc=astraea worker active
[sao-listener] new flow 1 10.0.0.2:23101->10.0.0.6:5202 cc=astraea pid=406421 child=407214
[sao-listener] single-flow mode: attached worker; stopping ss scans
[sao-listener flow 1] cport=23101 cc=astraea worker active
[sao-listener] new flow 1 10.0.0.2:23201->10.0.0.6:5203 cc=astraea pid=405301 child=407430
[sao-listener] single-flow mode: attached worker; stopping ss scans
[sao-listener flow 1] cport=23201 cc=astraea worker active
[sao-listener] new flow 1 10.0.0.2:23901->10.0.0.6:5210 cc=astraea pid=405346 child=407505
[sao-listener] single-flow mode: attached worker; stopping ss scans
[sao-listener flow 1] cport=23901 cc=astraea worker active
[sao-listener] new flow 1 10.0.0.2:23501->10.0.0.6:5206 cc=astraea pid=406571 child=407676
[sao-listener] single-flow mode: attached worker; stopping ss scans
[sao-listener flow 1] cport=23501 cc=astraea worker active
[sao-listener] new flow 1 10.0.0.2:23301->10.0.0.6:5204 cc=astraea pid=405681 child=408061
[sao-listener] single-flow mode: attached worker; stopping ss scans
[sao-listener flow 1] cport=23301 cc=astraea worker active
[sao-listener] new flow 1 10.0.0.2:23001->10.0.0.6:5201 cc=astraea pid=406740 child=408255
[sao-listener] single-flow mode: attached worker; stopping ss scans
[sao-listener flow 1] cport=23001 cc=astraea worker active
[worker cport=23801 agent=1] loaded checkpoint step=24571
[worker alg=ma_dreamer reward=tempest_fairness_ma cport=23801 agent=1 group=slot8_ep3 flow=1] started interval=20ms det=1 latent=8x8
[worker cport=23101 agent=1] loaded checkpoint step=24571
[worker alg=ma_dreamer reward=tempest_fairness_ma cport=23101 agent=1 group=slot1_ep7 flow=1] started interval=20ms det=1 latent=8x8
[worker cport=23201 agent=1] loaded checkpoint step=24571
[worker alg=ma_dreamer reward=tempest_fairness_ma cport=23201 agent=1 group=slot2_ep4 flow=1] started interval=20ms det=1 latent=8x8
[worker cport=23901 agent=1] loaded checkpoint step=24571
[worker alg=ma_dreamer reward=tempest_fairness_ma cport=23901 agent=1 group=slot9_ep5 flow=1] started interval=20ms det=1 latent=8x8
[worker cport=23501 agent=1] loaded checkpoint step=24571
[worker alg=ma_dreamer reward=tempest_fairness_ma cport=23501 agent=1 group=slot5_ep8 flow=1] started interval=20ms det=1 latent=8x8
[sao-listener] new flow 1 10.0.0.2:23701->10.0.0.6:5208 cc=astraea pid=407013 child=408722
[sao-listener] single-flow mode: attached worker; stopping ss scans
[sao-listener flow 1] cport=23701 cc=astraea worker active
[worker cport=23301 agent=1] loaded checkpoint step=24571
[worker alg=ma_dreamer reward=tempest_fairness_ma cport=23301 agent=1 group=slot3_ep6 flow=1] started interval=20ms det=1 latent=8x8
[worker cport=23001 agent=1] loaded checkpoint step=24571
[worker alg=ma_dreamer reward=tempest_fairness_ma cport=23001 agent=1 group=slot0_ep9 flow=1] started interval=20ms det=1 latent=8x8
[worker cport=23701 agent=1] loaded checkpoint step=24571
[worker alg=ma_dreamer reward=tempest_fairness_ma cport=23701 agent=1 group=slot7_ep10 flow=1] started interval=20ms det=1 latent=8x8
[orch] link change t=30.0s bw=25 delay=73
[orch] link change t=30.0s bw=31 delay=95
[orch] link change t=30.0s bw=57 delay=87
[orch] link change t=30.0s bw=71 delay=29
[orch] link change t=30.0s bw=93 delay=77
[sao-listener] new flow 1 10.0.0.3:23602->10.0.0.7:5207 cc=astraea pid=414968 child=415738
[sao-listener] single-flow mode: attached worker; stopping ss scans
[sao-listener flow 1] cport=23602 cc=astraea worker active
[orch] link change t=30.0s bw=14 delay=10
[worker cport=23602 agent=2] loaded checkpoint step=24571
[worker alg=ma_dreamer reward=tempest_fairness_ma cport=23602 agent=2 group=slot6_ep1 flow=1] started interval=20ms det=1 latent=8x8
[sao-listener] new flow 1 10.0.0.3:23402->10.0.0.7:5205 cc=astraea pid=415208 child=416389
[sao-listener] single-flow mode: attached worker; stopping ss scans
[sao-listener flow 1] cport=23402 cc=astraea worker active
[orch] link change t=30.0s bw=16 delay=19
[sao-listener] new flow 1 10.0.0.3:23802->10.0.0.7:5209 cc=astraea pid=415624 child=416611
[sao-listener] single-flow mode: attached worker; stopping ss scans
[sao-listener flow 1] cport=23802 cc=astraea worker active
[orch] link change t=30.0s bw=34 delay=100
[sao-listener] new flow 1 10.0.0.3:23202->10.0.0.7:5203 cc=astraea pid=416073 child=416690
[sao-listener] single-flow mode: attached worker; stopping ss scans
[sao-listener flow 1] cport=23202 cc=astraea worker active
[sao-listener] new flow 1 10.0.0.3:23902->10.0.0.7:5210 cc=astraea pid=416102 child=416773
[sao-listener] single-flow mode: attached worker; stopping ss scans
[sao-listener flow 1] cport=23902 cc=astraea worker active
[orch] link change t=30.0s bw=27 delay=33
[orch] link change t=30.0s bw=83 delay=11
[worker cport=23402 agent=2] loaded checkpoint step=24571
[worker alg=ma_dreamer reward=tempest_fairness_ma cport=23402 agent=2 group=slot4_ep2 flow=1] started interval=20ms det=1 latent=8x8
[sao-listener] new flow 1 10.0.0.3:23302->10.0.0.7:5204 cc=astraea pid=416371 child=417275
[sao-listener] single-flow mode: attached worker; stopping ss scans
[sao-listener flow 1] cport=23302 cc=astraea worker active
[worker cport=23802 agent=2] loaded checkpoint step=24571
[worker alg=ma_dreamer reward=tempest_fairness_ma cport=23802 agent=2 group=slot8_ep3 flow=1] started interval=20ms det=1 latent=8x8
[worker cport=23202 agent=2] loaded checkpoint step=24571
[worker alg=ma_dreamer reward=tempest_fairness_ma cport=23202 agent=2 group=slot2_ep4 flow=1] started interval=20ms det=1 latent=8x8
[worker cport=23902 agent=2] loaded checkpoint step=24571
[worker alg=ma_dreamer reward=tempest_fairness_ma cport=23902 agent=2 group=slot9_ep5 flow=1] started interval=20ms det=1 latent=8x8
[sao-listener] new flow 1 10.0.0.3:23702->10.0.0.7:5208 cc=astraea pid=417499 child=417577
[sao-listener] single-flow mode: attached worker; stopping ss scans
[sao-listener flow 1] cport=23702 cc=astraea worker active
[worker cport=23302 agent=2] loaded checkpoint step=24571
[worker alg=ma_dreamer reward=tempest_fairness_ma cport=23302 agent=2 group=slot3_ep6 flow=1] started interval=20ms det=1 latent=8x8
[worker cport=23702 agent=2] loaded checkpoint step=24571
[worker alg=ma_dreamer reward=tempest_fairness_ma cport=23702 agent=2 group=slot7_ep10 flow=1] started interval=20ms det=1 latent=8x8
[sao-listener] new flow 1 10.0.0.3:23102->10.0.0.7:5202 cc=astraea pid=416963 child=418275
[sao-listener] single-flow mode: attached worker; stopping ss scans
[sao-listener flow 1] cport=23102 cc=astraea worker active
[sao-listener] new flow 1 10.0.0.3:23502->10.0.0.7:5206 cc=astraea pid=417104 child=418497
[sao-listener] single-flow mode: attached worker; stopping ss scans
[sao-listener flow 1] cport=23502 cc=astraea worker active
[sao-listener] new flow 1 10.0.0.3:23002->10.0.0.7:5201 cc=astraea pid=417202 child=418644
[sao-listener] single-flow mode: attached worker; stopping ss scans
[sao-listener flow 1] cport=23002 cc=astraea worker active
[worker cport=23102 agent=2] loaded checkpoint step=24571
[worker alg=ma_dreamer reward=tempest_fairness_ma cport=23102 agent=2 group=slot1_ep7 flow=1] started interval=20ms det=1 latent=8x8
[worker cport=23502 agent=2] loaded checkpoint step=24571
[worker alg=ma_dreamer reward=tempest_fairness_ma cport=23502 agent=2 group=slot5_ep8 flow=1] started interval=20ms det=1 latent=8x8
[worker cport=23002 agent=2] loaded checkpoint step=24571
[worker alg=ma_dreamer reward=tempest_fairness_ma cport=23002 agent=2 group=slot0_ep9 flow=1] started interval=20ms det=1 latent=8x8
[orch] link change t=45.0s bw=67 delay=70
[orch] link change t=45.0s bw=49 delay=42
[orch] link change t=45.0s bw=70 delay=90
[sao-listener] new flow 1 10.0.0.4:23403->10.0.0.8:5205 cc=astraea pid=421772 child=421971
[sao-listener] single-flow mode: attached worker; stopping ss scans
[sao-listener flow 1] cport=23403 cc=astraea worker active
[orch] link change t=45.0s bw=21 delay=18
[orch] link change t=45.0s bw=13 delay=69
[orch] link change t=45.0s bw=28 delay=94
[worker cport=23403 agent=3] loaded checkpoint step=24571
[worker alg=ma_dreamer reward=tempest_fairness_ma cport=23403 agent=3 group=slot4_ep2 flow=1] started interval=20ms det=1 latent=8x8
[orch] link change t=45.0s bw=78 delay=22
[orch] link change t=45.0s bw=15 delay=20
[orch] link change t=45.0s bw=96 delay=10
[sao-listener] new flow 1 10.0.0.4:23603->10.0.0.8:5207 cc=astraea pid=421650 child=422560
[sao-listener] single-flow mode: attached worker; stopping ss scans
[sao-listener flow 1] cport=23603 cc=astraea worker active
[orch] link change t=45.0s bw=36 delay=69
[worker cport=23603 agent=3] loaded checkpoint step=24571
[worker alg=ma_dreamer reward=tempest_fairness_ma cport=23603 agent=3 group=slot6_ep1 flow=1] started interval=20ms det=1 latent=8x8
[sao-listener] new flow 1 10.0.0.4:23203->10.0.0.8:5203 cc=astraea pid=422218 child=422911
[sao-listener] single-flow mode: attached worker; stopping ss scans
[sao-listener flow 1] cport=23203 cc=astraea worker active
[sao-listener] new flow 1 10.0.0.4:23103->10.0.0.8:5202 cc=astraea pid=422640 child=422993
[sao-listener] single-flow mode: attached worker; stopping ss scans
[sao-listener flow 1] cport=23103 cc=astraea worker active
[sao-listener] new flow 1 10.0.0.4:23803->10.0.0.8:5209 cc=astraea pid=422035 child=423066
[sao-listener] single-flow mode: attached worker; stopping ss scans
[sao-listener flow 1] cport=23803 cc=astraea worker active
[sao-listener] new flow 1 10.0.0.4:23903->10.0.0.8:5210 cc=astraea pid=422236 child=423121
[sao-listener] single-flow mode: attached worker; stopping ss scans
[sao-listener flow 1] cport=23903 cc=astraea worker active
[sao-listener] new flow 1 10.0.0.4:23503->10.0.0.8:5206 cc=astraea pid=422687 child=423180
[sao-listener] single-flow mode: attached worker; stopping ss scans
[sao-listener flow 1] cport=23503 cc=astraea worker active
[sao-listener] new flow 1 10.0.0.4:23003->10.0.0.8:5201 cc=astraea pid=422736 child=423270
[sao-listener] single-flow mode: attached worker; stopping ss scans
[sao-listener flow 1] cport=23003 cc=astraea worker active
[worker cport=23203 agent=3] loaded checkpoint step=24571
[worker alg=ma_dreamer reward=tempest_fairness_ma cport=23203 agent=3 group=slot2_ep4 flow=1] started interval=20ms det=1 latent=8x8
[worker cport=23103 agent=3] loaded checkpoint step=24571
[worker alg=ma_dreamer reward=tempest_fairness_ma cport=23103 agent=3 group=slot1_ep7 flow=1] started interval=20ms det=1 latent=8x8
[sao-listener] new flow 1 10.0.0.4:23303->10.0.0.8:5204 cc=astraea pid=422367 child=423426
[sao-listener] single-flow mode: attached worker; stopping ss scans
[sao-listener flow 1] cport=23303 cc=astraea worker active
[worker cport=23803 agent=3] loaded checkpoint step=24571
[worker alg=ma_dreamer reward=tempest_fairness_ma cport=23803 agent=3 group=slot8_ep3 flow=1] started interval=20ms det=1 latent=8x8
[worker cport=23903 agent=3] loaded checkpoint step=24571
[worker alg=ma_dreamer reward=tempest_fairness_ma cport=23903 agent=3 group=slot9_ep5 flow=1] started interval=20ms det=1 latent=8x8
[worker cport=23503 agent=3] loaded checkpoint step=24571
[worker alg=ma_dreamer reward=tempest_fairness_ma cport=23503 agent=3 group=slot5_ep8 flow=1] started interval=20ms det=1 latent=8x8
[sao-listener] new flow 1 10.0.0.4:23703->10.0.0.8:5208 cc=astraea pid=422800 child=423626
[sao-listener] single-flow mode: attached worker; stopping ss scans
[sao-listener flow 1] cport=23703 cc=astraea worker active
[worker cport=23003 agent=3] loaded checkpoint step=24571
[worker alg=ma_dreamer reward=tempest_fairness_ma cport=23003 agent=3 group=slot0_ep9 flow=1] started interval=20ms det=1 latent=8x8
[worker cport=23303 agent=3] loaded checkpoint step=24571
[worker alg=ma_dreamer reward=tempest_fairness_ma cport=23303 agent=3 group=slot3_ep6 flow=1] started interval=20ms det=1 latent=8x8
[worker cport=23703 agent=3] loaded checkpoint step=24571
[worker alg=ma_dreamer reward=tempest_fairness_ma cport=23703 agent=3 group=slot7_ep10 flow=1] started interval=20ms det=1 latent=8x8
[orch] link change t=60.0s bw=93 delay=58
[orch] link change t=60.0s bw=87 delay=37
[orch] link change t=60.0s bw=84 delay=18
[orch] link change t=60.0s bw=12 delay=61
[orch] link change t=60.0s bw=41 delay=93
[orch] link change t=60.0s bw=85 delay=70
[orch] link change t=60.0s bw=56 delay=84
[orch] link change t=60.0s bw=27 delay=41
[orch] link change t=60.0s bw=53 delay=74
[orch] link change t=60.0s bw=72 delay=45
[orch] link change t=75.0s bw=36 delay=22
[orch] link change t=75.0s bw=87 delay=14
[orch] link change t=75.0s bw=87 delay=11
[orch] link change t=75.0s bw=80 delay=47
[orch] link change t=75.0s bw=16 delay=30
[orch] link change t=75.0s bw=57 delay=50
[orch] link change t=75.0s bw=17 delay=74
[orch] link change t=75.0s bw=74 delay=36
[orch] link change t=75.0s bw=69 delay=87
[orch] link change t=75.0s bw=93 delay=30
[orch] link change t=90.0s bw=72 delay=13
[orch] link change t=90.0s bw=84 delay=97
[orch] link change t=90.0s bw=70 delay=43
[orch] link change t=90.0s bw=17 delay=38
[orch] link change t=90.0s bw=24 delay=57
[orch] link change t=90.0s bw=12 delay=44
[orch] link change t=90.0s bw=37 delay=14
[orch] link change t=90.0s bw=61 delay=92
[orch] link change t=90.0s bw=20 delay=52
[orch] link change t=90.0s bw=14 delay=76
[orch] link change t=105.0s bw=59 delay=65
[orch] link change t=105.0s bw=30 delay=65
[orch] link change t=105.0s bw=80 delay=39
[orch] link change t=105.0s bw=76 delay=78
[orch] link change t=105.0s bw=70 delay=41
[orch] link change t=105.0s bw=72 delay=35
[orch] link change t=105.0s bw=21 delay=65
[orch] link change t=105.0s bw=13 delay=68
[orch] link change t=105.0s bw=80 delay=88
[orch] link change t=105.0s bw=72 delay=51
[orch] link change t=120.0s bw=87 delay=10
[orch] link change t=120.0s bw=91 delay=60
[orch] link change t=120.0s bw=34 delay=70
[orch] link change t=120.0s bw=56 delay=45
[orch] link change t=120.0s bw=58 delay=79
[orch] link change t=120.0s bw=62 delay=78
[orch] link change t=120.0s bw=63 delay=18
[orch] link change t=120.0s bw=72 delay=68
[orch] link change t=120.0s bw=99 delay=15
[orch] link change t=120.0s bw=19 delay=41
[orch] link change t=135.0s bw=99 delay=67
[orch] link change t=135.0s bw=75 delay=57
[orch] link change t=135.0s bw=79 delay=80
[orch] link change t=135.0s bw=32 delay=23
[orch] link change t=135.0s bw=23 delay=83
[orch] link change t=135.0s bw=79 delay=97
[orch] link change t=135.0s bw=40 delay=21
[orch] link change t=135.0s bw=59 delay=73
[orch] link change t=135.0s bw=58 delay=31
[orch] link change t=135.0s bw=56 delay=15
[orch] link change t=150.0s bw=44 delay=39
[orch] link change t=150.0s bw=79 delay=66
[orch] link change t=150.0s bw=70 delay=60
[orch] link change t=150.0s bw=43 delay=37
[orch] link change t=150.0s bw=41 delay=11
[orch] link change t=150.0s bw=22 delay=34
[orch] link change t=150.0s bw=80 delay=64
[orch] link change t=150.0s bw=83 delay=34
[orch] link change t=150.0s bw=100 delay=67
[orch] link change t=150.0s bw=63 delay=27
[orch] link change t=165.0s bw=85 delay=23
[orch] link change t=165.0s bw=74 delay=44
[orch] link change t=165.0s bw=91 delay=29
[orch] link change t=165.0s bw=13 delay=92
[orch] link change t=165.0s bw=37 delay=62
[orch] link change t=165.0s bw=82 delay=80
[orch] link change t=165.0s bw=17 delay=82
[orch] link change t=165.0s bw=61 delay=21
[orch] link change t=165.0s bw=64 delay=30
[orch] link change t=165.0s bw=87 delay=55
[orch] link change t=180.0s bw=50 delay=13
[orch] link change t=180.0s bw=14 delay=13
[orch] link change t=180.0s bw=39 delay=91
[orch] link change t=180.0s bw=43 delay=44
[orch] link change t=180.0s bw=45 delay=33
[orch] link change t=180.0s bw=99 delay=43
[orch] link change t=180.0s bw=25 delay=38
[orch] link change t=180.0s bw=72 delay=39
[orch] link change t=180.0s bw=31 delay=40
[orch] link change t=180.0s bw=58 delay=63
[orch] link change t=195.0s bw=12 delay=13
[orch] link change t=195.0s bw=56 delay=69
[orch] link change t=195.0s bw=29 delay=76
[orch] link change t=195.0s bw=34 delay=31
[orch] link change t=195.0s bw=59 delay=30
[orch] link change t=195.0s bw=94 delay=88
[orch] link change t=195.0s bw=90 delay=90
[orch] link change t=195.0s bw=12 delay=99
[orch] link change t=195.0s bw=16 delay=24
[orch] link change t=195.0s bw=46 delay=96
[orch] link change t=210.0s bw=93 delay=79
[orch] link change t=210.0s bw=50 delay=58
[orch] link change t=210.0s bw=59 delay=11
[orch] link change t=210.0s bw=49 delay=47
[orch] link change t=210.0s bw=19 delay=27
[orch] link change t=210.0s bw=97 delay=21
[orch] link change t=210.0s bw=84 delay=17
[orch] link change t=210.0s bw=44 delay=76
[orch] link change t=210.0s bw=26 delay=74
[orch] link change t=210.0s bw=43 delay=68
[orch] link change t=225.0s bw=11 delay=58
[orch] link change t=225.0s bw=64 delay=77
[orch] link change t=225.0s bw=95 delay=18
[orch] link change t=225.0s bw=90 delay=57
[orch] link change t=225.0s bw=89 delay=89
[orch] link change t=225.0s bw=64 delay=52
[orch] link change t=225.0s bw=83 delay=84
[orch] link change t=225.0s bw=62 delay=70
[orch] link change t=225.0s bw=85 delay=18
[orch] link change t=225.0s bw=32 delay=97
[orch] link change t=240.0s bw=97 delay=37
[orch] link change t=240.0s bw=31 delay=81
[orch] link change t=240.0s bw=30 delay=85
[orch] link change t=240.0s bw=21 delay=87
[orch] link change t=240.0s bw=66 delay=26
[orch] link change t=240.0s bw=21 delay=56
[orch] link change t=240.0s bw=60 delay=16
[orch] link change t=240.0s bw=58 delay=24
[orch] link change t=240.0s bw=98 delay=59
[orch] link change t=240.0s bw=48 delay=94
[orch] link change t=255.0s bw=64 delay=13
[orch] link change t=255.0s bw=32 delay=40
[orch] link change t=255.0s bw=15 delay=48
[orch] link change t=255.0s bw=53 delay=95
[orch] link change t=255.0s bw=26 delay=10
[orch] link change t=255.0s bw=62 delay=42
[orch] link change t=255.0s bw=38 delay=15
[orch] link change t=255.0s bw=94 delay=43
[orch] link change t=255.0s bw=23 delay=47
[orch] link change t=255.0s bw=56 delay=27
[orch] link change t=270.0s bw=77 delay=38
[orch] link change t=270.0s bw=39 delay=13
[orch] link change t=270.0s bw=13 delay=44
[orch] link change t=270.0s bw=59 delay=74
[orch] link change t=270.0s bw=10 delay=36
[orch] link change t=270.0s bw=66 delay=99
[orch] link change t=270.0s bw=81 delay=27
[orch] link change t=270.0s bw=22 delay=18
[orch] link change t=270.0s bw=36 delay=96
[orch] link change t=270.0s bw=68 delay=40
[orch] link change t=285.0s bw=66 delay=73
[orch] link change t=285.0s bw=32 delay=51
[orch] link change t=285.0s bw=70 delay=86
[orch] link change t=285.0s bw=41 delay=32
[orch] link change t=285.0s bw=37 delay=31
[orch] link change t=285.0s bw=22 delay=35
[orch] link change t=285.0s bw=47 delay=63
[orch] link change t=285.0s bw=59 delay=89
[orch] link change t=285.0s bw=38 delay=63
[orch] link change t=285.0s bw=66 delay=88
[orch] link change t=300.0s bw=80 delay=39
[orch] link change t=300.0s bw=32 delay=27
[orch] link change t=300.0s bw=59 delay=64
[orch] link change t=300.0s bw=41 delay=70
[orch] link change t=300.0s bw=31 delay=47
[orch] link change t=300.0s bw=99 delay=91
[orch] link change t=300.0s bw=28 delay=79
[orch] link change t=300.0s bw=58 delay=23
[orch] link change t=300.0s bw=21 delay=44
[orch] link change t=300.0s bw=58 delay=15
[orch] link change t=315.0s bw=54 delay=39
[orch] link change t=315.0s bw=75 delay=75
[orch] link change t=315.0s bw=60 delay=83
[orch] link change t=315.0s bw=45 delay=21
[orch] link change t=315.0s bw=50 delay=35
[orch] link change t=315.0s bw=47 delay=22
[orch] link change t=315.0s bw=25 delay=83
[orch] link change t=315.0s bw=94 delay=17
[orch] link change t=315.0s bw=36 delay=60
[orch] link change t=315.0s bw=84 delay=10
[orch] link change t=330.0s bw=96 delay=38
[orch] link change t=330.0s bw=56 delay=75
[orch] link change t=330.0s bw=66 delay=27
[orch] link change t=330.0s bw=80 delay=48
[orch] link change t=330.0s bw=79 delay=96
[orch] link change t=330.0s bw=15 delay=85
[orch] link change t=330.0s bw=49 delay=81
[orch] link change t=330.0s bw=53 delay=40
[orch] link change t=330.0s bw=45 delay=53
[orch] link change t=330.0s bw=40 delay=27
[multi_ep_plot] saved -> /its/home/mm2350/extra/Olympusv2/benchmarks/benchmark_responsive_fairness/data/ma_dreamer_credit/4_flows/run1/ep000001_bw27_d82_n4.pdf  return=1107650.6
[ep_plot] ep=1 -> /its/home/mm2350/extra/Olympusv2/benchmarks/benchmark_responsive_fairness/data/ma_dreamer_credit/4_flows/run1/ep000001_bw27_d82_n4.pdf  return=1107650.625
[orch] ep=1 sum-of-agents return=1107650.6
[responsive_fairness] slot=6 ma_dreamer_credit flows=4 run=11
[responsive_fairness] ma_dreamer_credit flows=4 run=1 done (51/200)
[slot=6] ep=11  flows=4  bw=67Mbps  delay=81ms  duration=345s  delays=[0.0, 15.0, 30.0, 45.0]  lifetimes=[345.0, 330.0, 315.0, 300.0]
[multi_ep_plot] saved -> /its/home/mm2350/extra/Olympusv2/benchmarks/benchmark_responsive_fairness/data/ma_dreamer_credit/4_flows/run2/ep000002_bw17_d21_n4.pdf  return=1244023.0
[ep_plot] ep=2 -> /its/home/mm2350/extra/Olympusv2/benchmarks/benchmark_responsive_fairness/data/ma_dreamer_credit/4_flows/run2/ep000002_bw17_d21_n4.pdf  return=1244022.96875
[orch] ep=2 sum-of-agents return=1244023.0
[responsive_fairness] slot=4 ma_dreamer_credit flows=4 run=12
[responsive_fairness] ma_dreamer_credit flows=4 run=2 done (52/200)
[slot=4] ep=12  flows=4  bw=70Mbps  delay=44ms  duration=345s  delays=[0.0, 15.0, 30.0, 45.0]  lifetimes=[345.0, 330.0, 315.0, 300.0]
[sao-listener] cport=23600 worker=/its/home/mm2350/extra/Olympusv2/olympus/algorithms/ma_dreamer/worker.py scan=20ms target_cc=astraea single_flow=1 no_state_pipe=1
[sao-listener] cport=23601 worker=/its/home/mm2350/extra/Olympusv2/olympus/algorithms/ma_dreamer/worker.py scan=20ms target_cc=astraea single_flow=1 no_state_pipe=1
[sao-listener] cport=23602 worker=/its/home/mm2350/extra/Olympusv2/olympus/algorithms/ma_dreamer/worker.py scan=20ms target_cc=astraea single_flow=1 no_state_pipe=1
[sao-listener] cport=23603 worker=/its/home/mm2350/extra/Olympusv2/olympus/algorithms/ma_dreamer/worker.py scan=20ms target_cc=astraea single_flow=1 no_state_pipe=1
[multi_ep_plot] saved -> /its/home/mm2350/extra/Olympusv2/benchmarks/benchmark_responsive_fairness/data/ma_dreamer_credit/4_flows/run3/ep000003_bw40_d85_n4.pdf  return=1214594.9
[ep_plot] ep=3 -> /its/home/mm2350/extra/Olympusv2/benchmarks/benchmark_responsive_fairness/data/ma_dreamer_credit/4_flows/run3/ep000003_bw40_d85_n4.pdf  return=1214594.90625
[orch] ep=3 sum-of-agents return=1214594.9
[responsive_fairness] slot=8 ma_dreamer_credit flows=4 run=13
[responsive_fairness] ma_dreamer_credit flows=4 run=3 done (53/200)
[slot=8] ep=13  flows=4  bw=43Mbps  delay=47ms  duration=345s  delays=[0.0, 15.0, 30.0, 45.0]  lifetimes=[345.0, 330.0, 315.0, 300.0]
[sao-listener] cport=23400 worker=/its/home/mm2350/extra/Olympusv2/olympus/algorithms/ma_dreamer/worker.py scan=20ms target_cc=astraea single_flow=1 no_state_pipe=1
[sao-listener] cport=23401 worker=/its/home/mm2350/extra/Olympusv2/olympus/algorithms/ma_dreamer/worker.py scan=20ms target_cc=astraea single_flow=1 no_state_pipe=1
[sao-listener] cport=23402 worker=/its/home/mm2350/extra/Olympusv2/olympus/algorithms/ma_dreamer/worker.py scan=20ms target_cc=astraea single_flow=1 no_state_pipe=1
[sao-listener] cport=23403 worker=/its/home/mm2350/extra/Olympusv2/olympus/algorithms/ma_dreamer/worker.py scan=20ms target_cc=astraea single_flow=1 no_state_pipe=1
[sao-listener] cport=23800 worker=/its/home/mm2350/extra/Olympusv2/olympus/algorithms/ma_dreamer/worker.py scan=20ms target_cc=astraea single_flow=1 no_state_pipe=1
[sao-listener] cport=23801 worker=/its/home/mm2350/extra/Olympusv2/olympus/algorithms/ma_dreamer/worker.py scan=20ms target_cc=astraea single_flow=1 no_state_pipe=1
[sao-listener] cport=23802 worker=/its/home/mm2350/extra/Olympusv2/olympus/algorithms/ma_dreamer/worker.py scan=20ms target_cc=astraea single_flow=1 no_state_pipe=1
[sao-listener] cport=23803 worker=/its/home/mm2350/extra/Olympusv2/olympus/algorithms/ma_dreamer/worker.py scan=20ms target_cc=astraea single_flow=1 no_state_pipe=1
[multi_ep_plot] saved -> /its/home/mm2350/extra/Olympusv2/benchmarks/benchmark_responsive_fairness/data/ma_dreamer_credit/4_flows/run4/ep000004_bw40_d48_n4.pdf  return=1111790.8
[ep_plot] ep=4 -> /its/home/mm2350/extra/Olympusv2/benchmarks/benchmark_responsive_fairness/data/ma_dreamer_credit/4_flows/run4/ep000004_bw40_d48_n4.pdf  return=1111790.84375
[orch] ep=4 sum-of-agents return=1111790.8
[responsive_fairness] slot=2 ma_dreamer_credit flows=4 run=14
[sao-listener] new flow 1 10.0.0.1:23600->10.0.0.5:5207 cc=astraea pid=427046 child=427639
[sao-listener] single-flow mode: attached worker; stopping ss scans
[responsive_fairness] ma_dreamer_credit flows=4 run=4 done (54/200)
[sao-listener flow 1] cport=23600 cc=astraea worker active
[slot=2] ep=14  flows=4  bw=23Mbps  delay=88ms  duration=345s  delays=[0.0, 15.0, 30.0, 45.0]  lifetimes=[345.0, 330.0, 315.0, 300.0]
[multi_ep_plot] saved -> /its/home/mm2350/extra/Olympusv2/benchmarks/benchmark_responsive_fairness/data/ma_dreamer_credit/4_flows/run5/ep000005_bw89_d42_n4.pdf  return=694160.5
[ep_plot] ep=5 -> /its/home/mm2350/extra/Olympusv2/benchmarks/benchmark_responsive_fairness/data/ma_dreamer_credit/4_flows/run5/ep000005_bw89_d42_n4.pdf  return=694160.5
[orch] ep=5 sum-of-agents return=694160.5
[responsive_fairness] slot=9 ma_dreamer_credit flows=4 run=15
[responsive_fairness] ma_dreamer_credit flows=4 run=5 done (55/200)
[slot=9] ep=15  flows=4  bw=36Mbps  delay=11ms  duration=345s  delays=[0.0, 15.0, 30.0, 45.0]  lifetimes=[345.0, 330.0, 315.0, 300.0]
[sao-listener] new flow 1 10.0.0.1:23400->10.0.0.5:5205 cc=astraea pid=427549 child=428010
[sao-listener flow 1] cport=23400 cc=astraea worker active
[sao-listener] single-flow mode: attached worker; stopping ss scans
[multi_ep_plot] saved -> /its/home/mm2350/extra/Olympusv2/benchmarks/benchmark_responsive_fairness/data/ma_dreamer_credit/4_flows/run6/ep000006_bw83_d20_n4.pdf  return=1005859.1
[ep_plot] ep=6 -> /its/home/mm2350/extra/Olympusv2/benchmarks/benchmark_responsive_fairness/data/ma_dreamer_credit/4_flows/run6/ep000006_bw83_d20_n4.pdf  return=1005859.140625
[orch] ep=6 sum-of-agents return=1005859.1
[responsive_fairness] slot=3 ma_dreamer_credit flows=4 run=16
[responsive_fairness] ma_dreamer_credit flows=4 run=6 done (56/200)
[sao-listener] cport=23200 worker=/its/home/mm2350/extra/Olympusv2/olympus/algorithms/ma_dreamer/worker.py scan=20ms target_cc=astraea single_flow=1 no_state_pipe=1
[sao-listener] cport=23201 worker=/its/home/mm2350/extra/Olympusv2/olympus/algorithms/ma_dreamer/worker.py scan=20ms target_cc=astraea single_flow=1 no_state_pipe=1
[slot=3] ep=16  flows=4  bw=56Mbps  delay=70ms  duration=345s  delays=[0.0, 15.0, 30.0, 45.0]  lifetimes=[345.0, 330.0, 315.0, 300.0]
[sao-listener] cport=23202 worker=/its/home/mm2350/extra/Olympusv2/olympus/algorithms/ma_dreamer/worker.py scan=20ms target_cc=astraea single_flow=1 no_state_pipe=1
[sao-listener] cport=23203 worker=/its/home/mm2350/extra/Olympusv2/olympus/algorithms/ma_dreamer/worker.py scan=20ms target_cc=astraea single_flow=1 no_state_pipe=1
[worker cport=23600 agent=0] loaded checkpoint step=24571
[worker alg=ma_dreamer reward=tempest_fairness_ma cport=23600 agent=0 group=slot6_ep11 flow=1] started interval=20ms det=1 latent=8x8
[sao-listener] cport=23900 worker=/its/home/mm2350/extra/Olympusv2/olympus/algorithms/ma_dreamer/worker.py scan=20ms target_cc=astraea single_flow=1 no_state_pipe=1
[sao-listener] cport=23901 worker=/its/home/mm2350/extra/Olympusv2/olympus/algorithms/ma_dreamer/worker.py scan=20ms target_cc=astraea single_flow=1 no_state_pipe=1
[sao-listener] cport=23902 worker=/its/home/mm2350/extra/Olympusv2/olympus/algorithms/ma_dreamer/worker.py scan=20ms target_cc=astraea single_flow=1 no_state_pipe=1
[sao-listener] cport=23903 worker=/its/home/mm2350/extra/Olympusv2/olympus/algorithms/ma_dreamer/worker.py scan=20ms target_cc=astraea single_flow=1 no_state_pipe=1
[worker cport=23400 agent=0] loaded checkpoint step=24571
[worker alg=ma_dreamer reward=tempest_fairness_ma cport=23400 agent=0 group=slot4_ep12 flow=1] started interval=20ms det=1 latent=8x8
[multi_ep_plot] saved -> /its/home/mm2350/extra/Olympusv2/benchmarks/benchmark_responsive_fairness/data/ma_dreamer_credit/4_flows/run7/ep000007_bw51_d29_n4.pdf  return=401482.8
[ep_plot] ep=7 -> /its/home/mm2350/extra/Olympusv2/benchmarks/benchmark_responsive_fairness/data/ma_dreamer_credit/4_flows/run7/ep000007_bw51_d29_n4.pdf  return=401482.8046875
[orch] ep=7 sum-of-agents return=401482.8
[responsive_fairness] slot=1 ma_dreamer_credit flows=4 run=17
[responsive_fairness] ma_dreamer_credit flows=4 run=7 done (57/200)
[sao-listener] cport=23300 worker=/its/home/mm2350/extra/Olympusv2/olympus/algorithms/ma_dreamer/worker.py scan=20ms target_cc=astraea single_flow=1 no_state_pipe=1
[sao-listener] cport=23301 worker=/its/home/mm2350/extra/Olympusv2/olympus/algorithms/ma_dreamer/worker.py scan=20ms target_cc=astraea single_flow=1 no_state_pipe=1
[sao-listener] new flow 1 10.0.0.1:23800->10.0.0.5:5209 cc=astraea pid=428132 child=429800
[sao-listener] single-flow mode: attached worker; stopping ss scans
[sao-listener flow 1] cport=23800 cc=astraea worker active
[sao-listener] cport=23302 worker=/its/home/mm2350/extra/Olympusv2/olympus/algorithms/ma_dreamer/worker.py scan=20ms target_cc=astraea single_flow=1 no_state_pipe=1
[sao-listener] cport=23303 worker=/its/home/mm2350/extra/Olympusv2/olympus/algorithms/ma_dreamer/worker.py scan=20ms target_cc=astraea single_flow=1 no_state_pipe=1
[slot=1] ep=17  flows=4  bw=76Mbps  delay=63ms  duration=345s  delays=[0.0, 15.0, 30.0, 45.0]  lifetimes=[345.0, 330.0, 315.0, 300.0]
[multi_ep_plot] saved -> /its/home/mm2350/extra/Olympusv2/benchmarks/benchmark_responsive_fairness/data/ma_dreamer_credit/4_flows/run8/ep000008_bw39_d57_n4.pdf  return=1069491.1
[ep_plot] ep=8 -> /its/home/mm2350/extra/Olympusv2/benchmarks/benchmark_responsive_fairness/data/ma_dreamer_credit/4_flows/run8/ep000008_bw39_d57_n4.pdf  return=1069491.09375
[orch] ep=8 sum-of-agents return=1069491.1
[sao-listener] new flow 1 10.0.0.1:23200->10.0.0.5:5203 cc=astraea pid=429419 child=430104
[sao-listener] single-flow mode: attached worker; stopping ss scans
[sao-listener flow 1] cport=23200 cc=astraea worker active
[responsive_fairness] slot=5 ma_dreamer_credit flows=4 run=18
[responsive_fairness] ma_dreamer_credit flows=4 run=8 done (58/200)
[slot=5] ep=18  flows=4  bw=33Mbps  delay=25ms  duration=345s  delays=[0.0, 15.0, 30.0, 45.0]  lifetimes=[345.0, 330.0, 315.0, 300.0]
[multi_ep_plot] saved -> /its/home/mm2350/extra/Olympusv2/benchmarks/benchmark_responsive_fairness/data/ma_dreamer_credit/4_flows/run9/ep000009_bw69_d88_n4.pdf  return=879453.2
[ep_plot] ep=9 -> /its/home/mm2350/extra/Olympusv2/benchmarks/benchmark_responsive_fairness/data/ma_dreamer_credit/4_flows/run9/ep000009_bw69_d88_n4.pdf  return=879453.234375
[orch] ep=9 sum-of-agents return=879453.2
[responsive_fairness] slot=0 ma_dreamer_credit flows=4 run=19
[responsive_fairness] ma_dreamer_credit flows=4 run=9 done (59/200)
[slot=0] ep=19  flows=4  bw=96Mbps  delay=15ms  duration=345s  delays=[0.0, 15.0, 30.0, 45.0]  lifetimes=[345.0, 330.0, 315.0, 300.0]
[multi_ep_plot] saved -> /its/home/mm2350/extra/Olympusv2/benchmarks/benchmark_responsive_fairness/data/ma_dreamer_credit/4_flows/run10/ep000010_bw83_d14_n4.pdf  return=1097481.2
[ep_plot] ep=10 -> /its/home/mm2350/extra/Olympusv2/benchmarks/benchmark_responsive_fairness/data/ma_dreamer_credit/4_flows/run10/ep000010_bw83_d14_n4.pdf  return=1097481.21875
[orch] ep=10 sum-of-agents return=1097481.2
[responsive_fairness] slot=7 ma_dreamer_credit flows=4 run=20
[responsive_fairness] ma_dreamer_credit flows=4 run=10 done (60/200)
[slot=7] ep=20  flows=4  bw=97Mbps  delay=29ms  duration=345s  delays=[0.0, 15.0, 30.0, 45.0]  lifetimes=[345.0, 330.0, 315.0, 300.0]
[sao-listener] cport=23100 worker=/its/home/mm2350/extra/Olympusv2/olympus/algorithms/ma_dreamer/worker.py scan=20ms target_cc=astraea single_flow=1 no_state_pipe=1
[sao-listener] cport=23101 worker=/its/home/mm2350/extra/Olympusv2/olympus/algorithms/ma_dreamer/worker.py scan=20ms target_cc=astraea single_flow=1 no_state_pipe=1
[sao-listener] cport=23102 worker=/its/home/mm2350/extra/Olympusv2/olympus/algorithms/ma_dreamer/worker.py scan=20ms target_cc=astraea single_flow=1 no_state_pipe=1
[sao-listener] cport=23103 worker=/its/home/mm2350/extra/Olympusv2/olympus/algorithms/ma_dreamer/worker.py scan=20ms target_cc=astraea single_flow=1 no_state_pipe=1
[worker cport=23800 agent=0] loaded checkpoint step=24571
[worker alg=ma_dreamer reward=tempest_fairness_ma cport=23800 agent=0 group=slot8_ep13 flow=1] started interval=20ms det=1 latent=8x8
[sao-listener] new flow 1 10.0.0.1:23900->10.0.0.5:5210 cc=astraea pid=429935 child=431104
[sao-listener] single-flow mode: attached worker; stopping ss scans
[sao-listener flow 1] cport=23900 cc=astraea worker active
[worker cport=23200 agent=0] loaded checkpoint step=24571
[worker alg=ma_dreamer reward=tempest_fairness_ma cport=23200 agent=0 group=slot2_ep14 flow=1] started interval=20ms det=1 latent=8x8
[sao-listener] cport=23500 worker=/its/home/mm2350/extra/Olympusv2/olympus/algorithms/ma_dreamer/worker.py scan=20ms target_cc=astraea single_flow=1 no_state_pipe=1
[sao-listener] cport=23501 worker=/its/home/mm2350/extra/Olympusv2/olympus/algorithms/ma_dreamer/worker.py scan=20ms target_cc=astraea single_flow=1 no_state_pipe=1
[sao-listener] cport=23502 worker=/its/home/mm2350/extra/Olympusv2/olympus/algorithms/ma_dreamer/worker.py scan=20ms target_cc=astraea single_flow=1 no_state_pipe=1
[sao-listener] cport=23503 worker=/its/home/mm2350/extra/Olympusv2/olympus/algorithms/ma_dreamer/worker.py scan=20ms target_cc=astraea single_flow=1 no_state_pipe=1
[sao-listener] cport=23000 worker=/its/home/mm2350/extra/Olympusv2/olympus/algorithms/ma_dreamer/worker.py scan=20ms target_cc=astraea single_flow=1 no_state_pipe=1
[sao-listener] cport=23001 worker=/its/home/mm2350/extra/Olympusv2/olympus/algorithms/ma_dreamer/worker.py scan=20ms target_cc=astraea single_flow=1 no_state_pipe=1
[sao-listener] cport=23002 worker=/its/home/mm2350/extra/Olympusv2/olympus/algorithms/ma_dreamer/worker.py scan=20ms target_cc=astraea single_flow=1 no_state_pipe=1
[sao-listener] cport=23003 worker=/its/home/mm2350/extra/Olympusv2/olympus/algorithms/ma_dreamer/worker.py scan=20ms target_cc=astraea single_flow=1 no_state_pipe=1
[sao-listener] cport=23700 worker=/its/home/mm2350/extra/Olympusv2/olympus/algorithms/ma_dreamer/worker.py scan=20ms target_cc=astraea single_flow=1 no_state_pipe=1
[sao-listener] cport=23701 worker=/its/home/mm2350/extra/Olympusv2/olympus/algorithms/ma_dreamer/worker.py scan=20ms target_cc=astraea single_flow=1 no_state_pipe=1
[sao-listener] cport=23702 worker=/its/home/mm2350/extra/Olympusv2/olympus/algorithms/ma_dreamer/worker.py scan=20ms target_cc=astraea single_flow=1 no_state_pipe=1
[sao-listener] cport=23703 worker=/its/home/mm2350/extra/Olympusv2/olympus/algorithms/ma_dreamer/worker.py scan=20ms target_cc=astraea single_flow=1 no_state_pipe=1
[sao-listener] new flow 1 10.0.0.1:23300->10.0.0.5:5204 cc=astraea pid=430331 child=432759
[sao-listener] single-flow mode: attached worker; stopping ss scans
[sao-listener flow 1] cport=23300 cc=astraea worker active
[worker cport=23900 agent=0] loaded checkpoint step=24571
[worker alg=ma_dreamer reward=tempest_fairness_ma cport=23900 agent=0 group=slot9_ep15 flow=1] started interval=20ms det=1 latent=8x8
[worker cport=23300 agent=0] loaded checkpoint step=24571
[worker alg=ma_dreamer reward=tempest_fairness_ma cport=23300 agent=0 group=slot3_ep16 flow=1] started interval=20ms det=1 latent=8x8
[sao-listener] new flow 1 10.0.0.1:23100->10.0.0.5:5202 cc=astraea pid=431993 child=434255
[sao-listener] single-flow mode: attached worker; stopping ss scans
[sao-listener flow 1] cport=23100 cc=astraea worker active
[sao-listener] new flow 1 10.0.0.1:23500->10.0.0.5:5206 cc=astraea pid=432856 child=435042
[sao-listener] single-flow mode: attached worker; stopping ss scans
[sao-listener flow 1] cport=23500 cc=astraea worker active
[worker cport=23100 agent=0] loaded checkpoint step=24571
[worker alg=ma_dreamer reward=tempest_fairness_ma cport=23100 agent=0 group=slot1_ep17 flow=1] started interval=20ms det=1 latent=8x8
[sao-listener] new flow 1 10.0.0.1:23000->10.0.0.5:5201 cc=astraea pid=433392 child=435607
[sao-listener] single-flow mode: attached worker; stopping ss scans
[sao-listener flow 1] cport=23000 cc=astraea worker active
[sao-listener] new flow 1 10.0.0.1:23700->10.0.0.5:5208 cc=astraea pid=433504 child=435860
[sao-listener] single-flow mode: attached worker; stopping ss scans
[sao-listener flow 1] cport=23700 cc=astraea worker active
[worker cport=23500 agent=0] loaded checkpoint step=24571
[worker alg=ma_dreamer reward=tempest_fairness_ma cport=23500 agent=0 group=slot5_ep18 flow=1] started interval=20ms det=1 latent=8x8
[worker cport=23000 agent=0] loaded checkpoint step=24571
[worker alg=ma_dreamer reward=tempest_fairness_ma cport=23000 agent=0 group=slot0_ep19 flow=1] started interval=20ms det=1 latent=8x8
[worker cport=23700 agent=0] loaded checkpoint step=24571
[worker alg=ma_dreamer reward=tempest_fairness_ma cport=23700 agent=0 group=slot7_ep20 flow=1] started interval=20ms det=1 latent=8x8
[orch] link change t=15.0s bw=69 delay=67
[orch] link change t=15.0s bw=94 delay=77
[orch] link change t=15.0s bw=97 delay=97
[orch] link change t=15.0s bw=99 delay=93
[orch] link change t=15.0s bw=76 delay=14
[orch] link change t=15.0s bw=71 delay=46
[sao-listener] new flow 1 10.0.0.2:23601->10.0.0.6:5207 cc=astraea pid=443050 child=445811
[sao-listener] single-flow mode: attached worker; stopping ss scans
[sao-listener flow 1] cport=23601 cc=astraea worker active
[orch] link change t=15.0s bw=48 delay=56
[sao-listener] new flow 1 10.0.0.2:23801->10.0.0.6:5209 cc=astraea pid=444038 child=445988
[sao-listener] single-flow mode: attached worker; stopping ss scans
[sao-listener flow 1] cport=23801 cc=astraea worker active
[orch] link change t=15.0s bw=94 delay=67
[sao-listener] new flow 1 10.0.0.2:23201->10.0.0.6:5203 cc=astraea pid=444868 child=446388
[sao-listener] single-flow mode: attached worker; stopping ss scans
[sao-listener flow 1] cport=23201 cc=astraea worker active
[sao-listener] new flow 1 10.0.0.2:23401->10.0.0.6:5205 cc=astraea pid=443508 child=446478
[sao-listener] single-flow mode: attached worker; stopping ss scans
[sao-listener flow 1] cport=23401 cc=astraea worker active
[orch] link change t=15.0s bw=76 delay=25
[worker cport=23601 agent=1] loaded checkpoint step=24571
[worker alg=ma_dreamer reward=tempest_fairness_ma cport=23601 agent=1 group=slot6_ep11 flow=1] started interval=20ms det=1 latent=8x8
[orch] link change t=15.0s bw=43 delay=96
[worker cport=23801 agent=1] loaded checkpoint step=24571
[worker alg=ma_dreamer reward=tempest_fairness_ma cport=23801 agent=1 group=slot8_ep13 flow=1] started interval=20ms det=1 latent=8x8
[sao-listener] new flow 1 10.0.0.2:23101->10.0.0.6:5202 cc=astraea pid=446480 child=447247
[sao-listener] single-flow mode: attached worker; stopping ss scans
[sao-listener flow 1] cport=23101 cc=astraea worker active
[worker cport=23201 agent=1] loaded checkpoint step=24571
[worker alg=ma_dreamer reward=tempest_fairness_ma cport=23201 agent=1 group=slot2_ep14 flow=1] started interval=20ms det=1 latent=8x8
[worker cport=23401 agent=1] loaded checkpoint step=24571
[worker alg=ma_dreamer reward=tempest_fairness_ma cport=23401 agent=1 group=slot4_ep12 flow=1] started interval=20ms det=1 latent=8x8
[sao-listener] new flow 1 10.0.0.2:23901->10.0.0.6:5210 cc=astraea pid=445207 child=447720
[sao-listener] single-flow mode: attached worker; stopping ss scans
[sao-listener flow 1] cport=23901 cc=astraea worker active
[worker cport=23101 agent=1] loaded checkpoint step=24571
[worker alg=ma_dreamer reward=tempest_fairness_ma cport=23101 agent=1 group=slot1_ep17 flow=1] started interval=20ms det=1 latent=8x8
[sao-listener] new flow 1 10.0.0.2:23301->10.0.0.6:5204 cc=astraea pid=445571 child=448340
[sao-listener] single-flow mode: attached worker; stopping ss scans
[sao-listener flow 1] cport=23301 cc=astraea worker active
[sao-listener] new flow 1 10.0.0.2:23501->10.0.0.6:5206 cc=astraea pid=447000 child=448430
[sao-listener] single-flow mode: attached worker; stopping ss scans
[sao-listener flow 1] cport=23501 cc=astraea worker active
[worker cport=23901 agent=1] loaded checkpoint step=24571
[worker alg=ma_dreamer reward=tempest_fairness_ma cport=23901 agent=1 group=slot9_ep15 flow=1] started interval=20ms det=1 latent=8x8
[sao-listener] new flow 1 10.0.0.2:23001->10.0.0.6:5201 cc=astraea pid=447263 child=448824
[sao-listener] single-flow mode: attached worker; stopping ss scans
[sao-listener flow 1] cport=23001 cc=astraea worker active
[sao-listener] new flow 1 10.0.0.2:23701->10.0.0.6:5208 cc=astraea pid=447449 child=448998
[sao-listener] single-flow mode: attached worker; stopping ss scans
[sao-listener flow 1] cport=23701 cc=astraea worker active
[worker cport=23301 agent=1] loaded checkpoint step=24571
[worker alg=ma_dreamer reward=tempest_fairness_ma cport=23301 agent=1 group=slot3_ep16 flow=1] started interval=20ms det=1 latent=8x8
[worker cport=23501 agent=1] loaded checkpoint step=24571
[worker alg=ma_dreamer reward=tempest_fairness_ma cport=23501 agent=1 group=slot5_ep18 flow=1] started interval=20ms det=1 latent=8x8
[worker cport=23001 agent=1] loaded checkpoint step=24571
[worker alg=ma_dreamer reward=tempest_fairness_ma cport=23001 agent=1 group=slot0_ep19 flow=1] started interval=20ms det=1 latent=8x8
[worker cport=23701 agent=1] loaded checkpoint step=24571
[worker alg=ma_dreamer reward=tempest_fairness_ma cport=23701 agent=1 group=slot7_ep20 flow=1] started interval=20ms det=1 latent=8x8
[orch] link change t=30.0s bw=75 delay=85
[orch] link change t=30.0s bw=95 delay=54
[orch] link change t=30.0s bw=33 delay=93
[orch] link change t=30.0s bw=77 delay=41
[orch] link change t=30.0s bw=30 delay=40
[sao-listener] new flow 1 10.0.0.3:23602->10.0.0.7:5207 cc=astraea pid=454630 child=455777
[sao-listener] single-flow mode: attached worker; stopping ss scans
[sao-listener flow 1] cport=23602 cc=astraea worker active
[sao-listener] new flow 1 10.0.0.3:23802->10.0.0.7:5209 cc=astraea pid=455332 child=455997
[sao-listener] single-flow mode: attached worker; stopping ss scans
[sao-listener flow 1] cport=23802 cc=astraea worker active
[orch] link change t=30.0s bw=63 delay=39
[sao-listener] new flow 1 10.0.0.3:23402->10.0.0.7:5205 cc=astraea pid=454956 child=456252
[sao-listener] single-flow mode: attached worker; stopping ss scans
[sao-listener flow 1] cport=23402 cc=astraea worker active
[worker cport=23602 agent=2] loaded checkpoint step=24571
[worker alg=ma_dreamer reward=tempest_fairness_ma cport=23602 agent=2 group=slot6_ep11 flow=1] started interval=20ms det=1 latent=8x8
[worker cport=23802 agent=2] loaded checkpoint step=24571
[worker alg=ma_dreamer reward=tempest_fairness_ma cport=23802 agent=2 group=slot8_ep13 flow=1] started interval=20ms det=1 latent=8x8
[orch] link change t=30.0s bw=47 delay=32
[worker cport=23402 agent=2] loaded checkpoint step=24571
[worker alg=ma_dreamer reward=tempest_fairness_ma cport=23402 agent=2 group=slot4_ep12 flow=1] started interval=20ms det=1 latent=8x8
[sao-listener] new flow 1 10.0.0.3:23902->10.0.0.7:5210 cc=astraea pid=456174 child=456942
[sao-listener] single-flow mode: attached worker; stopping ss scans
[sao-listener flow 1] cport=23902 cc=astraea worker active
[orch] link change t=30.0s bw=52 delay=40
[orch] link change t=30.0s bw=75 delay=35
[orch] link change t=30.0s bw=91 delay=22
[sao-listener] new flow 1 10.0.0.3:23302->10.0.0.7:5204 cc=astraea pid=456473 child=457503
[sao-listener] single-flow mode: attached worker; stopping ss scans
[sao-listener flow 1] cport=23302 cc=astraea worker active
[worker cport=23902 agent=2] loaded checkpoint step=24571
[worker alg=ma_dreamer reward=tempest_fairness_ma cport=23902 agent=2 group=slot9_ep15 flow=1] started interval=20ms det=1 latent=8x8
[sao-listener] new flow 1 10.0.0.3:23702->10.0.0.7:5208 cc=astraea pid=457787 child=457922
[sao-listener] single-flow mode: attached worker; stopping ss scans
[sao-listener flow 1] cport=23702 cc=astraea worker active
[sao-listener] new flow 1 10.0.0.3:23202->10.0.0.7:5203 cc=astraea pid=455937 child=457997
[sao-listener] single-flow mode: attached worker; stopping ss scans
[sao-listener flow 1] cport=23202 cc=astraea worker active
[worker cport=23302 agent=2] loaded checkpoint step=24571
[worker alg=ma_dreamer reward=tempest_fairness_ma cport=23302 agent=2 group=slot3_ep16 flow=1] started interval=20ms det=1 latent=8x8
[sao-listener] new flow 1 10.0.0.3:23102->10.0.0.7:5202 cc=astraea pid=457194 child=458358
[sao-listener] single-flow mode: attached worker; stopping ss scans
[sao-listener flow 1] cport=23102 cc=astraea worker active
[worker cport=23702 agent=2] loaded checkpoint step=24571
[worker alg=ma_dreamer reward=tempest_fairness_ma cport=23702 agent=2 group=slot7_ep20 flow=1] started interval=20ms det=1 latent=8x8
[worker cport=23202 agent=2] loaded checkpoint step=24571
[worker alg=ma_dreamer reward=tempest_fairness_ma cport=23202 agent=2 group=slot2_ep14 flow=1] started interval=20ms det=1 latent=8x8
[worker cport=23102 agent=2] loaded checkpoint step=24571
[worker alg=ma_dreamer reward=tempest_fairness_ma cport=23102 agent=2 group=slot1_ep17 flow=1] started interval=20ms det=1 latent=8x8
[sao-listener] new flow 1 10.0.0.3:23502->10.0.0.7:5206 cc=astraea pid=457455 child=459002
[sao-listener] single-flow mode: attached worker; stopping ss scans
[sao-listener flow 1] cport=23502 cc=astraea worker active
[sao-listener] new flow 1 10.0.0.3:23002->10.0.0.7:5201 cc=astraea pid=457720 child=459177
[sao-listener] single-flow mode: attached worker; stopping ss scans
[sao-listener flow 1] cport=23002 cc=astraea worker active
[worker cport=23502 agent=2] loaded checkpoint step=24571
[worker alg=ma_dreamer reward=tempest_fairness_ma cport=23502 agent=2 group=slot5_ep18 flow=1] started interval=20ms det=1 latent=8x8
[worker cport=23002 agent=2] loaded checkpoint step=24571
[worker alg=ma_dreamer reward=tempest_fairness_ma cport=23002 agent=2 group=slot0_ep19 flow=1] started interval=20ms det=1 latent=8x8
[orch] link change t=45.0s bw=34 delay=33
[orch] link change t=45.0s bw=28 delay=58
[orch] link change t=45.0s bw=39 delay=95
[sao-listener] new flow 1 10.0.0.4:23603->10.0.0.8:5207 cc=astraea pid=461695 child=462001
[sao-listener] single-flow mode: attached worker; stopping ss scans
[sao-listener flow 1] cport=23603 cc=astraea worker active
[sao-listener] new flow 1 10.0.0.4:23403->10.0.0.8:5205 cc=astraea pid=461853 child=462111
[sao-listener] single-flow mode: attached worker; stopping ss scans
[sao-listener flow 1] cport=23403 cc=astraea worker active
[orch] link change t=45.0s bw=44 delay=42
[orch] link change t=45.0s bw=12 delay=17
[worker cport=23603 agent=3] loaded checkpoint step=24571
[worker alg=ma_dreamer reward=tempest_fairness_ma cport=23603 agent=3 group=slot6_ep11 flow=1] started interval=20ms det=1 latent=8x8
[worker cport=23403 agent=3] loaded checkpoint step=24571
[worker alg=ma_dreamer reward=tempest_fairness_ma cport=23403 agent=3 group=slot4_ep12 flow=1] started interval=20ms det=1 latent=8x8
[orch] link change t=45.0s bw=67 delay=10
[sao-listener] new flow 1 10.0.0.4:23303->10.0.0.8:5204 cc=astraea pid=462628 child=462674
[sao-listener] single-flow mode: attached worker; stopping ss scans
[sao-listener flow 1] cport=23303 cc=astraea worker active
[orch] link change t=45.0s bw=100 delay=100
[orch] link change t=45.0s bw=35 delay=72
[sao-listener] new flow 1 10.0.0.4:23203->10.0.0.8:5203 cc=astraea pid=462400 child=462874
[sao-listener] single-flow mode: attached worker; stopping ss scans
[sao-listener flow 1] cport=23203 cc=astraea worker active
[sao-listener] new flow 1 10.0.0.4:23803->10.0.0.8:5209 cc=astraea pid=462080 child=462996
[sao-listener] single-flow mode: attached worker; stopping ss scans
[sao-listener flow 1] cport=23803 cc=astraea worker active
[worker cport=23303 agent=3] loaded checkpoint step=24571
[worker alg=ma_dreamer reward=tempest_fairness_ma cport=23303 agent=3 group=slot3_ep16 flow=1] started interval=20ms det=1 latent=8x8
[orch] link change t=45.0s bw=60 delay=54
[orch] link change t=45.0s bw=51 delay=83
[sao-listener] new flow 1 10.0.0.4:23103->10.0.0.8:5202 cc=astraea pid=462872 child=463142
[sao-listener] single-flow mode: attached worker; stopping ss scans
[sao-listener flow 1] cport=23103 cc=astraea worker active
[worker cport=23203 agent=3] loaded checkpoint step=24571
[worker alg=ma_dreamer reward=tempest_fairness_ma cport=23203 agent=3 group=slot2_ep14 flow=1] started interval=20ms det=1 latent=8x8
[worker cport=23803 agent=3] loaded checkpoint step=24571
[worker alg=ma_dreamer reward=tempest_fairness_ma cport=23803 agent=3 group=slot8_ep13 flow=1] started interval=20ms det=1 latent=8x8
[sao-listener] new flow 1 10.0.0.4:23903->10.0.0.8:5210 cc=astraea pid=462532 child=463364
[sao-listener] single-flow mode: attached worker; stopping ss scans
[sao-listener flow 1] cport=23903 cc=astraea worker active
[worker cport=23103 agent=3] loaded checkpoint step=24571
[worker alg=ma_dreamer reward=tempest_fairness_ma cport=23103 agent=3 group=slot1_ep17 flow=1] started interval=20ms det=1 latent=8x8
[sao-listener] new flow 1 10.0.0.4:23503->10.0.0.8:5206 cc=astraea pid=463098 child=463535
[sao-listener] single-flow mode: attached worker; stopping ss scans
[sao-listener flow 1] cport=23503 cc=astraea worker active
[worker cport=23903 agent=3] loaded checkpoint step=24571
[worker alg=ma_dreamer reward=tempest_fairness_ma cport=23903 agent=3 group=slot9_ep15 flow=1] started interval=20ms det=1 latent=8x8
[sao-listener] new flow 1 10.0.0.4:23003->10.0.0.8:5201 cc=astraea pid=463196 child=463653
[sao-listener] single-flow mode: attached worker; stopping ss scans
[sao-listener flow 1] cport=23003 cc=astraea worker active
[sao-listener] new flow 1 10.0.0.4:23703->10.0.0.8:5208 cc=astraea pid=463271 child=463712
[sao-listener] single-flow mode: attached worker; stopping ss scans
[sao-listener flow 1] cport=23703 cc=astraea worker active
[worker cport=23503 agent=3] loaded checkpoint step=24571
[worker alg=ma_dreamer reward=tempest_fairness_ma cport=23503 agent=3 group=slot5_ep18 flow=1] started interval=20ms det=1 latent=8x8
[worker cport=23003 agent=3] loaded checkpoint step=24571
[worker alg=ma_dreamer reward=tempest_fairness_ma cport=23003 agent=3 group=slot0_ep19 flow=1] started interval=20ms det=1 latent=8x8
[worker cport=23703 agent=3] loaded checkpoint step=24571
[worker alg=ma_dreamer reward=tempest_fairness_ma cport=23703 agent=3 group=slot7_ep20 flow=1] started interval=20ms det=1 latent=8x8
[orch] link change t=60.0s bw=75 delay=70
[orch] link change t=60.0s bw=11 delay=57
[orch] link change t=60.0s bw=28 delay=38
[orch] link change t=60.0s bw=47 delay=19
[orch] link change t=60.0s bw=97 delay=28
[orch] link change t=60.0s bw=62 delay=94
[orch] link change t=60.0s bw=79 delay=94
[orch] link change t=60.0s bw=90 delay=73
[orch] link change t=60.0s bw=77 delay=47
[orch] link change t=60.0s bw=31 delay=13
[orch] link change t=75.0s bw=90 delay=88
[orch] link change t=75.0s bw=71 delay=45
[orch] link change t=75.0s bw=92 delay=33
[orch] link change t=75.0s bw=94 delay=67
[orch] link change t=75.0s bw=98 delay=57
[orch] link change t=75.0s bw=43 delay=40
[orch] link change t=75.0s bw=45 delay=24
[orch] link change t=75.0s bw=33 delay=71
[orch] link change t=75.0s bw=84 delay=28
[orch] link change t=75.0s bw=62 delay=62
[orch] link change t=90.0s bw=33 delay=22
[orch] link change t=90.0s bw=92 delay=68
[orch] link change t=90.0s bw=26 delay=19
[orch] link change t=90.0s bw=48 delay=69
[orch] link change t=90.0s bw=40 delay=24
[orch] link change t=90.0s bw=91 delay=38
[orch] link change t=90.0s bw=13 delay=41
[orch] link change t=90.0s bw=47 delay=68
[orch] link change t=90.0s bw=86 delay=43
[orch] link change t=90.0s bw=19 delay=23
[orch] link change t=105.0s bw=67 delay=48
[orch] link change t=105.0s bw=98 delay=86
[orch] link change t=105.0s bw=78 delay=37
[orch] link change t=105.0s bw=97 delay=60
[orch] link change t=105.0s bw=53 delay=69
[orch] link change t=105.0s bw=11 delay=47
[orch] link change t=105.0s bw=59 delay=63
[orch] link change t=105.0s bw=43 delay=35
[orch] link change t=105.0s bw=23 delay=43
[orch] link change t=105.0s bw=26 delay=50
[orch] link change t=120.0s bw=28 delay=21
[orch] link change t=120.0s bw=39 delay=81
[orch] link change t=120.0s bw=47 delay=13
[orch] link change t=120.0s bw=60 delay=25
[orch] link change t=120.0s bw=100 delay=55
[orch] link change t=120.0s bw=48 delay=52
[orch] link change t=120.0s bw=42 delay=74
[orch] link change t=120.0s bw=42 delay=98
[orch] link change t=120.0s bw=62 delay=51
[orch] link change t=120.0s bw=70 delay=84
[orch] link change t=135.0s bw=78 delay=98
[orch] link change t=135.0s bw=10 delay=94
[orch] link change t=135.0s bw=65 delay=26
[orch] link change t=135.0s bw=43 delay=38
[orch] link change t=135.0s bw=45 delay=60
[orch] link change t=135.0s bw=95 delay=28
[orch] link change t=135.0s bw=50 delay=91
[orch] link change t=135.0s bw=25 delay=51
[orch] link change t=135.0s bw=44 delay=23
[orch] link change t=135.0s bw=67 delay=62
[orch] link change t=150.0s bw=91 delay=15
[orch] link change t=150.0s bw=89 delay=28
[orch] link change t=150.0s bw=97 delay=87
[orch] link change t=150.0s bw=50 delay=55
[orch] link change t=150.0s bw=43 delay=54
[orch] link change t=150.0s bw=87 delay=49
[orch] link change t=150.0s bw=97 delay=61
[orch] link change t=150.0s bw=76 delay=96
[orch] link change t=150.0s bw=51 delay=49
[orch] link change t=150.0s bw=36 delay=35
[orch] link change t=165.0s bw=86 delay=60
[orch] link change t=165.0s bw=66 delay=57
[orch] link change t=165.0s bw=11 delay=45
[orch] link change t=165.0s bw=43 delay=56
[orch] link change t=165.0s bw=39 delay=36
[orch] link change t=165.0s bw=12 delay=38
[orch] link change t=165.0s bw=27 delay=80
[orch] link change t=165.0s bw=32 delay=40
[orch] link change t=165.0s bw=12 delay=82
[orch] link change t=165.0s bw=50 delay=90
[orch] link change t=180.0s bw=67 delay=93
[orch] link change t=180.0s bw=30 delay=53
[orch] link change t=180.0s bw=28 delay=20
[orch] link change t=180.0s bw=90 delay=90
[orch] link change t=180.0s bw=55 delay=50
[orch] link change t=180.0s bw=87 delay=42
[orch] link change t=180.0s bw=17 delay=27
[orch] link change t=180.0s bw=31 delay=40
[orch] link change t=180.0s bw=89 delay=35
[orch] link change t=180.0s bw=97 delay=52
[orch] link change t=195.0s bw=88 delay=93
[orch] link change t=195.0s bw=36 delay=17
[orch] link change t=195.0s bw=43 delay=67
[orch] link change t=195.0s bw=76 delay=29
[orch] link change t=195.0s bw=38 delay=49
[orch] link change t=195.0s bw=12 delay=29
[orch] link change t=195.0s bw=35 delay=29
[orch] link change t=195.0s bw=35 delay=56
[orch] link change t=195.0s bw=19 delay=35
[orch] link change t=195.0s bw=52 delay=64
[orch] link change t=210.0s bw=30 delay=89
[orch] link change t=210.0s bw=83 delay=35
[orch] link change t=210.0s bw=65 delay=27
[orch] link change t=210.0s bw=30 delay=80
[orch] link change t=210.0s bw=75 delay=63
[orch] link change t=210.0s bw=87 delay=95
[orch] link change t=210.0s bw=100 delay=78
[orch] link change t=210.0s bw=83 delay=74
[orch] link change t=210.0s bw=24 delay=79
[orch] link change t=210.0s bw=21 delay=90
[orch] link change t=225.0s bw=11 delay=77
[orch] link change t=225.0s bw=19 delay=75
[orch] link change t=225.0s bw=42 delay=55
[orch] link change t=225.0s bw=95 delay=94
[orch] link change t=225.0s bw=39 delay=83
[orch] link change t=225.0s bw=90 delay=13
[orch] link change t=225.0s bw=81 delay=97
[orch] link change t=225.0s bw=35 delay=96
[orch] link change t=225.0s bw=68 delay=59
[orch] link change t=225.0s bw=76 delay=72
[orch] link change t=240.0s bw=18 delay=17
[orch] link change t=240.0s bw=97 delay=53
[orch] link change t=240.0s bw=39 delay=72
[orch] link change t=240.0s bw=45 delay=31
[orch] link change t=240.0s bw=68 delay=63
[orch] link change t=240.0s bw=69 delay=68
[orch] link change t=240.0s bw=36 delay=52
[orch] link change t=240.0s bw=73 delay=37
[orch] link change t=240.0s bw=19 delay=22
[orch] link change t=240.0s bw=61 delay=20
[orch] link change t=255.0s bw=14 delay=34
[orch] link change t=255.0s bw=97 delay=61
[orch] link change t=255.0s bw=80 delay=82
[orch] link change t=255.0s bw=11 delay=93
[orch] link change t=255.0s bw=72 delay=20
[orch] link change t=255.0s bw=86 delay=90
[orch] link change t=255.0s bw=79 delay=25
[orch] link change t=255.0s bw=48 delay=43
[orch] link change t=255.0s bw=63 delay=12
[orch] link change t=255.0s bw=36 delay=83
[orch] link change t=270.0s bw=40 delay=86
[orch] link change t=270.0s bw=21 delay=12
[orch] link change t=270.0s bw=64 delay=95
[orch] link change t=270.0s bw=18 delay=25
[orch] link change t=270.0s bw=69 delay=82
[orch] link change t=270.0s bw=100 delay=47
[orch] link change t=270.0s bw=91 delay=18
[orch] link change t=270.0s bw=10 delay=53
[orch] link change t=270.0s bw=22 delay=84
[orch] link change t=270.0s bw=41 delay=14
[orch] link change t=285.0s bw=13 delay=69
[orch] link change t=285.0s bw=17 delay=94
[orch] link change t=285.0s bw=56 delay=65
[orch] link change t=285.0s bw=86 delay=53
[orch] link change t=285.0s bw=56 delay=66
[orch] link change t=285.0s bw=38 delay=49
[orch] link change t=285.0s bw=49 delay=62
[orch] link change t=285.0s bw=61 delay=38
[orch] link change t=285.0s bw=64 delay=60
[orch] link change t=285.0s bw=35 delay=22
[orch] link change t=300.0s bw=51 delay=66
[orch] link change t=300.0s bw=75 delay=38
[orch] link change t=300.0s bw=91 delay=50
[orch] link change t=300.0s bw=13 delay=20
[orch] link change t=300.0s bw=82 delay=50
[orch] link change t=300.0s bw=56 delay=43
[orch] link change t=300.0s bw=20 delay=74
[orch] link change t=300.0s bw=61 delay=78
[orch] link change t=300.0s bw=66 delay=94
[orch] link change t=300.0s bw=20 delay=34
[orch] link change t=315.0s bw=85 delay=35
[orch] link change t=315.0s bw=21 delay=64
[orch] link change t=315.0s bw=93 delay=25
[orch] link change t=315.0s bw=45 delay=36
[orch] link change t=315.0s bw=98 delay=92
[orch] link change t=315.0s bw=63 delay=21
[orch] link change t=315.0s bw=70 delay=91
[orch] link change t=315.0s bw=54 delay=85
[orch] link change t=315.0s bw=48 delay=83
[orch] link change t=315.0s bw=42 delay=98
[orch] link change t=330.0s bw=76 delay=39
[orch] link change t=330.0s bw=66 delay=24
[orch] link change t=330.0s bw=54 delay=86
[orch] link change t=330.0s bw=58 delay=61
[orch] link change t=330.0s bw=67 delay=61
[orch] link change t=330.0s bw=54 delay=73
[orch] link change t=330.0s bw=86 delay=28
[orch] link change t=330.0s bw=83 delay=77
[orch] link change t=330.0s bw=74 delay=30
[orch] link change t=330.0s bw=46 delay=49
[multi_ep_plot] saved -> /its/home/mm2350/extra/Olympusv2/benchmarks/benchmark_responsive_fairness/data/ma_dreamer_credit/4_flows/run11/ep000011_bw67_d81_n4.pdf  return=800275.1
[ep_plot] ep=11 -> /its/home/mm2350/extra/Olympusv2/benchmarks/benchmark_responsive_fairness/data/ma_dreamer_credit/4_flows/run11/ep000011_bw67_d81_n4.pdf  return=800275.09375
[orch] ep=11 sum-of-agents return=800275.1
[responsive_fairness] slot=6 ma_dreamer_credit flows=4 run=21
[responsive_fairness] ma_dreamer_credit flows=4 run=11 done (61/200)
[slot=6] ep=21  flows=4  bw=31Mbps  delay=63ms  duration=345s  delays=[0.0, 15.0, 30.0, 45.0]  lifetimes=[345.0, 330.0, 315.0, 300.0]
[multi_ep_plot] saved -> /its/home/mm2350/extra/Olympusv2/benchmarks/benchmark_responsive_fairness/data/ma_dreamer_credit/4_flows/run12/ep000012_bw70_d44_n4.pdf  return=927000.5
[ep_plot] ep=12 -> /its/home/mm2350/extra/Olympusv2/benchmarks/benchmark_responsive_fairness/data/ma_dreamer_credit/4_flows/run12/ep000012_bw70_d44_n4.pdf  return=927000.484375
[orch] ep=12 sum-of-agents return=927000.5
[responsive_fairness] slot=4 ma_dreamer_credit flows=4 run=22
[responsive_fairness] ma_dreamer_credit flows=4 run=12 done (62/200)
[slot=4] ep=22  flows=4  bw=27Mbps  delay=41ms  duration=345s  delays=[0.0, 15.0, 30.0, 45.0]  lifetimes=[345.0, 330.0, 315.0, 300.0]
[sao-listener] cport=23600 worker=/its/home/mm2350/extra/Olympusv2/olympus/algorithms/ma_dreamer/worker.py scan=20ms target_cc=astraea single_flow=1 no_state_pipe=1
[sao-listener] cport=23601 worker=/its/home/mm2350/extra/Olympusv2/olympus/algorithms/ma_dreamer/worker.py scan=20ms target_cc=astraea single_flow=1 no_state_pipe=1
[sao-listener] cport=23602 worker=/its/home/mm2350/extra/Olympusv2/olympus/algorithms/ma_dreamer/worker.py scan=20ms target_cc=astraea single_flow=1 no_state_pipe=1
[sao-listener] cport=23603 worker=/its/home/mm2350/extra/Olympusv2/olympus/algorithms/ma_dreamer/worker.py scan=20ms target_cc=astraea single_flow=1 no_state_pipe=1
[multi_ep_plot] saved -> /its/home/mm2350/extra/Olympusv2/benchmarks/benchmark_responsive_fairness/data/ma_dreamer_credit/4_flows/run13/ep000013_bw43_d47_n4.pdf  return=1034630.0
[ep_plot] ep=13 -> /its/home/mm2350/extra/Olympusv2/benchmarks/benchmark_responsive_fairness/data/ma_dreamer_credit/4_flows/run13/ep000013_bw43_d47_n4.pdf  return=1034630.03125
[orch] ep=13 sum-of-agents return=1034630.0
[responsive_fairness] slot=8 ma_dreamer_credit flows=4 run=23
[responsive_fairness] ma_dreamer_credit flows=4 run=13 done (63/200)
[slot=8] ep=23  flows=4  bw=47Mbps  delay=20ms  duration=345s  delays=[0.0, 15.0, 30.0, 45.0]  lifetimes=[345.0, 330.0, 315.0, 300.0]
[sao-listener] cport=23400 worker=/its/home/mm2350/extra/Olympusv2/olympus/algorithms/ma_dreamer/worker.py scan=20ms target_cc=astraea single_flow=1 no_state_pipe=1
[sao-listener] cport=23401 worker=/its/home/mm2350/extra/Olympusv2/olympus/algorithms/ma_dreamer/worker.py scan=20ms target_cc=astraea single_flow=1 no_state_pipe=1
[sao-listener] cport=23402 worker=/its/home/mm2350/extra/Olympusv2/olympus/algorithms/ma_dreamer/worker.py scan=20ms target_cc=astraea single_flow=1 no_state_pipe=1
[sao-listener] cport=23403 worker=/its/home/mm2350/extra/Olympusv2/olympus/algorithms/ma_dreamer/worker.py scan=20ms target_cc=astraea single_flow=1 no_state_pipe=1
[sao-listener] cport=23800 worker=/its/home/mm2350/extra/Olympusv2/olympus/algorithms/ma_dreamer/worker.py scan=20ms target_cc=astraea single_flow=1 no_state_pipe=1
[sao-listener] cport=23801 worker=/its/home/mm2350/extra/Olympusv2/olympus/algorithms/ma_dreamer/worker.py scan=20ms target_cc=astraea single_flow=1 no_state_pipe=1
[sao-listener] cport=23802 worker=/its/home/mm2350/extra/Olympusv2/olympus/algorithms/ma_dreamer/worker.py scan=20ms target_cc=astraea single_flow=1 no_state_pipe=1
[sao-listener] cport=23803 worker=/its/home/mm2350/extra/Olympusv2/olympus/algorithms/ma_dreamer/worker.py scan=20ms target_cc=astraea single_flow=1 no_state_pipe=1
[sao-listener] new flow 1 10.0.0.1:23600->10.0.0.5:5207 cc=astraea pid=468022 child=468683
[sao-listener] single-flow mode: attached worker; stopping ss scans
[sao-listener flow 1] cport=23600 cc=astraea worker active
[multi_ep_plot] saved -> /its/home/mm2350/extra/Olympusv2/benchmarks/benchmark_responsive_fairness/data/ma_dreamer_credit/4_flows/run14/ep000014_bw23_d88_n4.pdf  return=1100456.7
[ep_plot] ep=14 -> /its/home/mm2350/extra/Olympusv2/benchmarks/benchmark_responsive_fairness/data/ma_dreamer_credit/4_flows/run14/ep000014_bw23_d88_n4.pdf  return=1100456.703125
[orch] ep=14 sum-of-agents return=1100456.7
[responsive_fairness] slot=2 ma_dreamer_credit flows=4 run=24
[responsive_fairness] ma_dreamer_credit flows=4 run=14 done (64/200)
[slot=2] ep=24  flows=4  bw=59Mbps  delay=84ms  duration=345s  delays=[0.0, 15.0, 30.0, 45.0]  lifetimes=[345.0, 330.0, 315.0, 300.0]
[multi_ep_plot] saved -> /its/home/mm2350/extra/Olympusv2/benchmarks/benchmark_responsive_fairness/data/ma_dreamer_credit/4_flows/run15/ep000015_bw36_d11_n4.pdf  return=1227541.8
[ep_plot] ep=15 -> /its/home/mm2350/extra/Olympusv2/benchmarks/benchmark_responsive_fairness/data/ma_dreamer_credit/4_flows/run15/ep000015_bw36_d11_n4.pdf  return=1227541.8125
[orch] ep=15 sum-of-agents return=1227541.8
[responsive_fairness] slot=9 ma_dreamer_credit flows=4 run=25
[responsive_fairness] ma_dreamer_credit flows=4 run=15 done (65/200)
[sao-listener] new flow 1 10.0.0.1:23400->10.0.0.5:5205 cc=astraea pid=468584 child=469096
[sao-listener] single-flow mode: attached worker; stopping ss scans
[sao-listener flow 1] cport=23400 cc=astraea worker active
[slot=9] ep=25  flows=4  bw=58Mbps  delay=11ms  duration=345s  delays=[0.0, 15.0, 30.0, 45.0]  lifetimes=[345.0, 330.0, 315.0, 300.0]
[sao-listener] new flow 1 10.0.0.1:23800->10.0.0.5:5209 cc=astraea pid=469032 child=469209
[sao-listener] single-flow mode: attached worker; stopping ss scans
[sao-listener flow 1] cport=23800 cc=astraea worker active
[multi_ep_plot] saved -> /its/home/mm2350/extra/Olympusv2/benchmarks/benchmark_responsive_fairness/data/ma_dreamer_credit/4_flows/run16/ep000016_bw56_d70_n4.pdf  return=1122524.7
[ep_plot] ep=16 -> /its/home/mm2350/extra/Olympusv2/benchmarks/benchmark_responsive_fairness/data/ma_dreamer_credit/4_flows/run16/ep000016_bw56_d70_n4.pdf  return=1122524.65625
[orch] ep=16 sum-of-agents return=1122524.7
[sao-listener] cport=23200 worker=/its/home/mm2350/extra/Olympusv2/olympus/algorithms/ma_dreamer/worker.py scan=20ms target_cc=astraea single_flow=1 no_state_pipe=1
[responsive_fairness] slot=3 ma_dreamer_credit flows=4 run=26
[responsive_fairness] ma_dreamer_credit flows=4 run=16 done (66/200)
[worker cport=23600 agent=0] loaded checkpoint step=24571
[worker alg=ma_dreamer reward=tempest_fairness_ma cport=23600 agent=0 group=slot6_ep21 flow=1] started interval=20ms det=1 latent=8x8
[sao-listener] cport=23201 worker=/its/home/mm2350/extra/Olympusv2/olympus/algorithms/ma_dreamer/worker.py scan=20ms target_cc=astraea single_flow=1 no_state_pipe=1
[slot=3] ep=26  flows=4  bw=35Mbps  delay=94ms  duration=345s  delays=[0.0, 15.0, 30.0, 45.0]  lifetimes=[345.0, 330.0, 315.0, 300.0]
[sao-listener] cport=23202 worker=/its/home/mm2350/extra/Olympusv2/olympus/algorithms/ma_dreamer/worker.py scan=20ms target_cc=astraea single_flow=1 no_state_pipe=1
[sao-listener] cport=23203 worker=/its/home/mm2350/extra/Olympusv2/olympus/algorithms/ma_dreamer/worker.py scan=20ms target_cc=astraea single_flow=1 no_state_pipe=1
[sao-listener] cport=23900 worker=/its/home/mm2350/extra/Olympusv2/olympus/algorithms/ma_dreamer/worker.py scan=20ms target_cc=astraea single_flow=1 no_state_pipe=1
[sao-listener] cport=23901 worker=/its/home/mm2350/extra/Olympusv2/olympus/algorithms/ma_dreamer/worker.py scan=20ms target_cc=astraea single_flow=1 no_state_pipe=1
[sao-listener] cport=23902 worker=/its/home/mm2350/extra/Olympusv2/olympus/algorithms/ma_dreamer/worker.py scan=20ms target_cc=astraea single_flow=1 no_state_pipe=1
[sao-listener] cport=23903 worker=/its/home/mm2350/extra/Olympusv2/olympus/algorithms/ma_dreamer/worker.py scan=20ms target_cc=astraea single_flow=1 no_state_pipe=1
[worker cport=23400 agent=0] loaded checkpoint step=24571
[worker alg=ma_dreamer reward=tempest_fairness_ma cport=23400 agent=0 group=slot4_ep22 flow=1] started interval=20ms det=1 latent=8x8
[worker cport=23800 agent=0] loaded checkpoint step=24571
[worker alg=ma_dreamer reward=tempest_fairness_ma cport=23800 agent=0 group=slot8_ep23 flow=1] started interval=20ms det=1 latent=8x8
[sao-listener] cport=23300 worker=/its/home/mm2350/extra/Olympusv2/olympus/algorithms/ma_dreamer/worker.py scan=20ms target_cc=astraea single_flow=1 no_state_pipe=1
[sao-listener] cport=23301 worker=/its/home/mm2350/extra/Olympusv2/olympus/algorithms/ma_dreamer/worker.py scan=20ms target_cc=astraea single_flow=1 no_state_pipe=1
[multi_ep_plot] saved -> /its/home/mm2350/extra/Olympusv2/benchmarks/benchmark_responsive_fairness/data/ma_dreamer_credit/4_flows/run17/ep000017_bw76_d63_n4.pdf  return=1079139.6
[ep_plot] ep=17 -> /its/home/mm2350/extra/Olympusv2/benchmarks/benchmark_responsive_fairness/data/ma_dreamer_credit/4_flows/run17/ep000017_bw76_d63_n4.pdf  return=1079139.625
[orch] ep=17 sum-of-agents return=1079139.6
[sao-listener] cport=23302 worker=/its/home/mm2350/extra/Olympusv2/olympus/algorithms/ma_dreamer/worker.py scan=20ms target_cc=astraea single_flow=1 no_state_pipe=1
[responsive_fairness] slot=1 ma_dreamer_credit flows=4 run=27
[responsive_fairness] ma_dreamer_credit flows=4 run=17 done (67/200)
[sao-listener] cport=23303 worker=/its/home/mm2350/extra/Olympusv2/olympus/algorithms/ma_dreamer/worker.py scan=20ms target_cc=astraea single_flow=1 no_state_pipe=1
[slot=1] ep=27  flows=4  bw=93Mbps  delay=71ms  duration=345s  delays=[0.0, 15.0, 30.0, 45.0]  lifetimes=[345.0, 330.0, 315.0, 300.0]
[sao-listener] new flow 1 10.0.0.1:23200->10.0.0.5:5203 cc=astraea pid=470772 child=471414
[sao-listener] single-flow mode: attached worker; stopping ss scans
[sao-listener flow 1] cport=23200 cc=astraea worker active
[multi_ep_plot] saved -> /its/home/mm2350/extra/Olympusv2/benchmarks/benchmark_responsive_fairness/data/ma_dreamer_credit/4_flows/run18/ep000018_bw33_d25_n4.pdf  return=1037922.5
[ep_plot] ep=18 -> /its/home/mm2350/extra/Olympusv2/benchmarks/benchmark_responsive_fairness/data/ma_dreamer_credit/4_flows/run18/ep000018_bw33_d25_n4.pdf  return=1037922.5
[orch] ep=18 sum-of-agents return=1037922.5
[responsive_fairness] slot=5 ma_dreamer_credit flows=4 run=28
[responsive_fairness] ma_dreamer_credit flows=4 run=18 done (68/200)
[slot=5] ep=28  flows=4  bw=24Mbps  delay=26ms  duration=345s  delays=[0.0, 15.0, 30.0, 45.0]  lifetimes=[345.0, 330.0, 315.0, 300.0]
[sao-listener] cport=23100 worker=/its/home/mm2350/extra/Olympusv2/olympus/algorithms/ma_dreamer/worker.py scan=20ms target_cc=astraea single_flow=1 no_state_pipe=1
[sao-listener] cport=23101 worker=/its/home/mm2350/extra/Olympusv2/olympus/algorithms/ma_dreamer/worker.py scan=20ms target_cc=astraea single_flow=1 no_state_pipe=1
[sao-listener] cport=23102 worker=/its/home/mm2350/extra/Olympusv2/olympus/algorithms/ma_dreamer/worker.py scan=20ms target_cc=astraea single_flow=1 no_state_pipe=1
[sao-listener] cport=23103 worker=/its/home/mm2350/extra/Olympusv2/olympus/algorithms/ma_dreamer/worker.py scan=20ms target_cc=astraea single_flow=1 no_state_pipe=1
[sao-listener] new flow 1 10.0.0.1:23900->10.0.0.5:5210 cc=astraea pid=471293 child=472301
[sao-listener] single-flow mode: attached worker; stopping ss scans
[sao-listener flow 1] cport=23900 cc=astraea worker active
[multi_ep_plot] saved -> /its/home/mm2350/extra/Olympusv2/benchmarks/benchmark_responsive_fairness/data/ma_dreamer_credit/4_flows/run19/ep000019_bw96_d15_n4.pdf  return=747416.5
[ep_plot] ep=19 -> /its/home/mm2350/extra/Olympusv2/benchmarks/benchmark_responsive_fairness/data/ma_dreamer_credit/4_flows/run19/ep000019_bw96_d15_n4.pdf  return=747416.484375
[orch] ep=19 sum-of-agents return=747416.5
[responsive_fairness] ma_dreamer_credit flows=4 run=19 done (69/200)
[responsive_fairness] slot=0 ma_dreamer_credit flows=4 run=29
[slot=0] ep=29  flows=4  bw=80Mbps  delay=19ms  duration=345s  delays=[0.0, 15.0, 30.0, 45.0]  lifetimes=[345.0, 330.0, 315.0, 300.0]
[worker cport=23200 agent=0] loaded checkpoint step=24571
[worker alg=ma_dreamer reward=tempest_fairness_ma cport=23200 agent=0 group=slot2_ep24 flow=1] started interval=20ms det=1 latent=8x8
[multi_ep_plot] saved -> /its/home/mm2350/extra/Olympusv2/benchmarks/benchmark_responsive_fairness/data/ma_dreamer_credit/4_flows/run20/ep000020_bw97_d29_n4.pdf  return=756779.7
[ep_plot] ep=20 -> /its/home/mm2350/extra/Olympusv2/benchmarks/benchmark_responsive_fairness/data/ma_dreamer_credit/4_flows/run20/ep000020_bw97_d29_n4.pdf  return=756779.65625
[orch] ep=20 sum-of-agents return=756779.7
[responsive_fairness] slot=7 ma_dreamer_credit flows=4 run=30
[responsive_fairness] ma_dreamer_credit flows=4 run=20 done (70/200)
[slot=7] ep=30  flows=4  bw=79Mbps  delay=47ms  duration=345s  delays=[0.0, 15.0, 30.0, 45.0]  lifetimes=[345.0, 330.0, 315.0, 300.0]
[sao-listener] cport=23500 worker=/its/home/mm2350/extra/Olympusv2/olympus/algorithms/ma_dreamer/worker.py scan=20ms target_cc=astraea single_flow=1 no_state_pipe=1
[sao-listener] cport=23501 worker=/its/home/mm2350/extra/Olympusv2/olympus/algorithms/ma_dreamer/worker.py scan=20ms target_cc=astraea single_flow=1 no_state_pipe=1
[sao-listener] cport=23502 worker=/its/home/mm2350/extra/Olympusv2/olympus/algorithms/ma_dreamer/worker.py scan=20ms target_cc=astraea single_flow=1 no_state_pipe=1
[sao-listener] cport=23503 worker=/its/home/mm2350/extra/Olympusv2/olympus/algorithms/ma_dreamer/worker.py scan=20ms target_cc=astraea single_flow=1 no_state_pipe=1
[sao-listener] new flow 1 10.0.0.1:23300->10.0.0.5:5204 cc=astraea pid=471677 child=473472
[sao-listener] single-flow mode: attached worker; stopping ss scans
[sao-listener flow 1] cport=23300 cc=astraea worker active
[worker cport=23900 agent=0] loaded checkpoint step=24571
[worker alg=ma_dreamer reward=tempest_fairness_ma cport=23900 agent=0 group=slot9_ep25 flow=1] started interval=20ms det=1 latent=8x8
[sao-listener] cport=23000 worker=/its/home/mm2350/extra/Olympusv2/olympus/algorithms/ma_dreamer/worker.py scan=20ms target_cc=astraea single_flow=1 no_state_pipe=1
[sao-listener] cport=23001 worker=/its/home/mm2350/extra/Olympusv2/olympus/algorithms/ma_dreamer/worker.py scan=20ms target_cc=astraea single_flow=1 no_state_pipe=1
[sao-listener] cport=23002 worker=/its/home/mm2350/extra/Olympusv2/olympus/algorithms/ma_dreamer/worker.py scan=20ms target_cc=astraea single_flow=1 no_state_pipe=1
[sao-listener] cport=23003 worker=/its/home/mm2350/extra/Olympusv2/olympus/algorithms/ma_dreamer/worker.py scan=20ms target_cc=astraea single_flow=1 no_state_pipe=1
[sao-listener] cport=23700 worker=/its/home/mm2350/extra/Olympusv2/olympus/algorithms/ma_dreamer/worker.py scan=20ms target_cc=astraea single_flow=1 no_state_pipe=1
[sao-listener] cport=23701 worker=/its/home/mm2350/extra/Olympusv2/olympus/algorithms/ma_dreamer/worker.py scan=20ms target_cc=astraea single_flow=1 no_state_pipe=1
[sao-listener] cport=23702 worker=/its/home/mm2350/extra/Olympusv2/olympus/algorithms/ma_dreamer/worker.py scan=20ms target_cc=astraea single_flow=1 no_state_pipe=1
[sao-listener] cport=23703 worker=/its/home/mm2350/extra/Olympusv2/olympus/algorithms/ma_dreamer/worker.py scan=20ms target_cc=astraea single_flow=1 no_state_pipe=1
[worker cport=23300 agent=0] loaded checkpoint step=24571
[worker alg=ma_dreamer reward=tempest_fairness_ma cport=23300 agent=0 group=slot3_ep26 flow=1] started interval=20ms det=1 latent=8x8
[sao-listener] new flow 1 10.0.0.1:23100->10.0.0.5:5202 cc=astraea pid=472956 child=475314
[sao-listener] single-flow mode: attached worker; stopping ss scans
[sao-listener flow 1] cport=23100 cc=astraea worker active
[worker cport=23100 agent=0] loaded checkpoint step=24571
[worker alg=ma_dreamer reward=tempest_fairness_ma cport=23100 agent=0 group=slot1_ep27 flow=1] started interval=20ms det=1 latent=8x8
[sao-listener] new flow 1 10.0.0.1:23500->10.0.0.5:5206 cc=astraea pid=473953 child=476231
[sao-listener] single-flow mode: attached worker; stopping ss scans
[sao-listener flow 1] cport=23500 cc=astraea worker active
[worker cport=23500 agent=0] loaded checkpoint step=24571
[worker alg=ma_dreamer reward=tempest_fairness_ma cport=23500 agent=0 group=slot5_ep28 flow=1] started interval=20ms det=1 latent=8x8
[sao-listener] new flow 1 10.0.0.1:23000->10.0.0.5:5201 cc=astraea pid=475068 child=477119
[sao-listener] single-flow mode: attached worker; stopping ss scans
[sao-listener flow 1] cport=23000 cc=astraea worker active
[sao-listener] new flow 1 10.0.0.1:23700->10.0.0.5:5208 cc=astraea pid=475161 child=477379
[sao-listener] single-flow mode: attached worker; stopping ss scans
[sao-listener flow 1] cport=23700 cc=astraea worker active
[worker cport=23000 agent=0] loaded checkpoint step=24571
[worker alg=ma_dreamer reward=tempest_fairness_ma cport=23000 agent=0 group=slot0_ep29 flow=1] started interval=20ms det=1 latent=8x8
[worker cport=23700 agent=0] loaded checkpoint step=24571
[worker alg=ma_dreamer reward=tempest_fairness_ma cport=23700 agent=0 group=slot7_ep30 flow=1] started interval=20ms det=1 latent=8x8
[orch] link change t=15.0s bw=98 delay=63
[orch] link change t=15.0s bw=13 delay=88
[orch] link change t=15.0s bw=12 delay=85
[orch] link change t=15.0s bw=33 delay=37
[orch] link change t=15.0s bw=37 delay=49
[orch] link change t=15.0s bw=36 delay=65
[sao-listener] new flow 1 10.0.0.2:23601->10.0.0.6:5207 cc=astraea pid=483769 child=486662
[sao-listener] single-flow mode: attached worker; stopping ss scans
[sao-listener flow 1] cport=23601 cc=astraea worker active
[orch] link change t=15.0s bw=99 delay=45
[sao-listener] new flow 1 10.0.0.2:23801->10.0.0.6:5209 cc=astraea pid=484777 child=487052
[sao-listener] single-flow mode: attached worker; stopping ss scans
[sao-listener flow 1] cport=23801 cc=astraea worker active
[sao-listener] new flow 1 10.0.0.2:23401->10.0.0.6:5205 cc=astraea pid=484247 child=487240
[sao-listener] single-flow mode: attached worker; stopping ss scans
[sao-listener flow 1] cport=23401 cc=astraea worker active
[orch] link change t=15.0s bw=79 delay=86
[sao-listener] new flow 1 10.0.0.2:23201->10.0.0.6:5203 cc=astraea pid=485858 child=487564
[sao-listener] single-flow mode: attached worker; stopping ss scans
[sao-listener flow 1] cport=23201 cc=astraea worker active
[worker cport=23601 agent=1] loaded checkpoint step=24571
[worker alg=ma_dreamer reward=tempest_fairness_ma cport=23601 agent=1 group=slot6_ep21 flow=1] started interval=20ms det=1 latent=8x8
[worker cport=23801 agent=1] loaded checkpoint step=24571
[worker alg=ma_dreamer reward=tempest_fairness_ma cport=23801 agent=1 group=slot8_ep23 flow=1] started interval=20ms det=1 latent=8x8
[sao-listener] new flow 1 10.0.0.2:23101->10.0.0.6:5202 cc=astraea pid=487444 child=488071
[sao-listener] single-flow mode: attached worker; stopping ss scans
[sao-listener flow 1] cport=23101 cc=astraea worker active
[worker cport=23401 agent=1] loaded checkpoint step=24571
[worker alg=ma_dreamer reward=tempest_fairness_ma cport=23401 agent=1 group=slot4_ep22 flow=1] started interval=20ms det=1 latent=8x8
[orch] link change t=15.0s bw=54 delay=86
[orch] link change t=15.0s bw=88 delay=13
[sao-listener] new flow 1 10.0.0.2:23901->10.0.0.6:5210 cc=astraea pid=486211 child=488562
[sao-listener] single-flow mode: attached worker; stopping ss scans
[sao-listener flow 1] cport=23901 cc=astraea worker active
[worker cport=23201 agent=1] loaded checkpoint step=24571
[worker alg=ma_dreamer reward=tempest_fairness_ma cport=23201 agent=1 group=slot2_ep24 flow=1] started interval=20ms det=1 latent=8x8
[worker cport=23101 agent=1] loaded checkpoint step=24571
[worker alg=ma_dreamer reward=tempest_fairness_ma cport=23101 agent=1 group=slot1_ep27 flow=1] started interval=20ms det=1 latent=8x8
[sao-listener] new flow 1 10.0.0.2:23501->10.0.0.6:5206 cc=astraea pid=488154 child=489139
[sao-listener] single-flow mode: attached worker; stopping ss scans
[sao-listener flow 1] cport=23501 cc=astraea worker active
[worker cport=23901 agent=1] loaded checkpoint step=24571
[worker alg=ma_dreamer reward=tempest_fairness_ma cport=23901 agent=1 group=slot9_ep25 flow=1] started interval=20ms det=1 latent=8x8
[sao-listener] new flow 1 10.0.0.2:23301->10.0.0.6:5204 cc=astraea pid=486623 child=489596
[sao-listener] single-flow mode: attached worker; stopping ss scans
[sao-listener flow 1] cport=23301 cc=astraea worker active
[worker cport=23501 agent=1] loaded checkpoint step=24571
[worker alg=ma_dreamer reward=tempest_fairness_ma cport=23501 agent=1 group=slot5_ep28 flow=1] started interval=20ms det=1 latent=8x8
[sao-listener] new flow 1 10.0.0.2:23001->10.0.0.6:5201 cc=astraea pid=488871 child=490124
[sao-listener] single-flow mode: attached worker; stopping ss scans
[sao-listener flow 1] cport=23001 cc=astraea worker active
[worker cport=23301 agent=1] loaded checkpoint step=24571
[worker alg=ma_dreamer reward=tempest_fairness_ma cport=23301 agent=1 group=slot3_ep26 flow=1] started interval=20ms det=1 latent=8x8
[sao-listener] new flow 1 10.0.0.2:23701->10.0.0.6:5208 cc=astraea pid=489009 child=490417
[sao-listener] single-flow mode: attached worker; stopping ss scans
[sao-listener flow 1] cport=23701 cc=astraea worker active
[worker cport=23001 agent=1] loaded checkpoint step=24571
[worker alg=ma_dreamer reward=tempest_fairness_ma cport=23001 agent=1 group=slot0_ep29 flow=1] started interval=20ms det=1 latent=8x8
[worker cport=23701 agent=1] loaded checkpoint step=24571
[worker alg=ma_dreamer reward=tempest_fairness_ma cport=23701 agent=1 group=slot7_ep30 flow=1] started interval=20ms det=1 latent=8x8
[orch] link change t=30.0s bw=91 delay=46
[orch] link change t=30.0s bw=67 delay=33
[orch] link change t=30.0s bw=49 delay=64
[orch] link change t=30.0s bw=31 delay=34
[sao-listener] new flow 1 10.0.0.3:23602->10.0.0.7:5207 cc=astraea pid=495536 child=496597
[sao-listener] single-flow mode: attached worker; stopping ss scans
[sao-listener flow 1] cport=23602 cc=astraea worker active
[orch] link change t=30.0s bw=91 delay=70
[sao-listener] new flow 1 10.0.0.3:23402->10.0.0.7:5205 cc=astraea pid=495868 child=496951
[sao-listener] single-flow mode: attached worker; stopping ss scans
[sao-listener flow 1] cport=23402 cc=astraea worker active
[sao-listener] new flow 1 10.0.0.3:23802->10.0.0.7:5209 cc=astraea pid=496231 child=497018
[sao-listener] single-flow mode: attached worker; stopping ss scans
[sao-listener flow 1] cport=23802 cc=astraea worker active
[orch] link change t=30.0s bw=86 delay=79
[worker cport=23602 agent=2] loaded checkpoint step=24571
[worker alg=ma_dreamer reward=tempest_fairness_ma cport=23602 agent=2 group=slot6_ep21 flow=1] started interval=20ms det=1 latent=8x8
[worker cport=23402 agent=2] loaded checkpoint step=24571
[worker alg=ma_dreamer reward=tempest_fairness_ma cport=23402 agent=2 group=slot4_ep22 flow=1] started interval=20ms det=1 latent=8x8
[worker cport=23802 agent=2] loaded checkpoint step=24571
[worker alg=ma_dreamer reward=tempest_fairness_ma cport=23802 agent=2 group=slot8_ep23 flow=1] started interval=20ms det=1 latent=8x8
[sao-listener] new flow 1 10.0.0.3:23902->10.0.0.7:5210 cc=astraea pid=497303 child=497741
[sao-listener] single-flow mode: attached worker; stopping ss scans
[sao-listener flow 1] cport=23902 cc=astraea worker active
[orch] link change t=30.0s bw=46 delay=35
[orch] link change t=30.0s bw=32 delay=38
[worker cport=23902 agent=2] loaded checkpoint step=24571
[worker alg=ma_dreamer reward=tempest_fairness_ma cport=23902 agent=2 group=slot9_ep25 flow=1] started interval=20ms det=1 latent=8x8
[sao-listener] new flow 1 10.0.0.3:23302->10.0.0.7:5204 cc=astraea pid=497592 child=498500
[sao-listener] single-flow mode: attached worker; stopping ss scans
[sao-listener flow 1] cport=23302 cc=astraea worker active
[orch] link change t=30.0s bw=87 delay=46
[orch] link change t=30.0s bw=89 delay=93
[sao-listener] new flow 1 10.0.0.3:23202->10.0.0.7:5203 cc=astraea pid=496959 child=498811
[sao-listener] single-flow mode: attached worker; stopping ss scans
[sao-listener flow 1] cport=23202 cc=astraea worker active
[worker cport=23302 agent=2] loaded checkpoint step=24571
[worker alg=ma_dreamer reward=tempest_fairness_ma cport=23302 agent=2 group=slot3_ep26 flow=1] started interval=20ms det=1 latent=8x8
[sao-listener] new flow 1 10.0.0.3:23102->10.0.0.7:5202 cc=astraea pid=498099 child=499129
[sao-listener] single-flow mode: attached worker; stopping ss scans
[sao-listener flow 1] cport=23102 cc=astraea worker active
[worker cport=23202 agent=2] loaded checkpoint step=24571
[worker alg=ma_dreamer reward=tempest_fairness_ma cport=23202 agent=2 group=slot2_ep24 flow=1] started interval=20ms det=1 latent=8x8
[worker cport=23102 agent=2] loaded checkpoint step=24571
[worker alg=ma_dreamer reward=tempest_fairness_ma cport=23102 agent=2 group=slot1_ep27 flow=1] started interval=20ms det=1 latent=8x8
[sao-listener] new flow 1 10.0.0.3:23502->10.0.0.7:5206 cc=astraea pid=498476 child=499714
[sao-listener] single-flow mode: attached worker; stopping ss scans
[sao-listener flow 1] cport=23502 cc=astraea worker active
[worker cport=23502 agent=2] loaded checkpoint step=24571
[worker alg=ma_dreamer reward=tempest_fairness_ma cport=23502 agent=2 group=slot5_ep28 flow=1] started interval=20ms det=1 latent=8x8
[sao-listener] new flow 1 10.0.0.3:23002->10.0.0.7:5201 cc=astraea pid=498932 child=500272
[sao-listener] single-flow mode: attached worker; stopping ss scans
[sao-listener flow 1] cport=23002 cc=astraea worker active
[sao-listener] new flow 1 10.0.0.3:23702->10.0.0.7:5208 cc=astraea pid=498983 child=500367
[sao-listener] single-flow mode: attached worker; stopping ss scans
[sao-listener flow 1] cport=23702 cc=astraea worker active
[worker cport=23002 agent=2] loaded checkpoint step=24571
[worker alg=ma_dreamer reward=tempest_fairness_ma cport=23002 agent=2 group=slot0_ep29 flow=1] started interval=20ms det=1 latent=8x8
[worker cport=23702 agent=2] loaded checkpoint step=24571
[worker alg=ma_dreamer reward=tempest_fairness_ma cport=23702 agent=2 group=slot7_ep30 flow=1] started interval=20ms det=1 latent=8x8
[orch] link change t=45.0s bw=71 delay=37
[orch] link change t=45.0s bw=99 delay=25
[sao-listener] new flow 1 10.0.0.4:23603->10.0.0.8:5207 cc=astraea pid=502656 child=502808
[sao-listener] single-flow mode: attached worker; stopping ss scans
[sao-listener flow 1] cport=23603 cc=astraea worker active
[orch] link change t=45.0s bw=58 delay=77
[sao-listener] new flow 1 10.0.0.4:23403->10.0.0.8:5205 cc=astraea pid=502867 child=502922
[sao-listener] single-flow mode: attached worker; stopping ss scans
[sao-listener flow 1] cport=23403 cc=astraea worker active
[worker cport=23603 agent=3] loaded checkpoint step=24571
[worker alg=ma_dreamer reward=tempest_fairness_ma cport=23603 agent=3 group=slot6_ep21 flow=1] started interval=20ms det=1 latent=8x8
[orch] link change t=45.0s bw=31 delay=95
[worker cport=23403 agent=3] loaded checkpoint step=24571
[worker alg=ma_dreamer reward=tempest_fairness_ma cport=23403 agent=3 group=slot4_ep22 flow=1] started interval=20ms det=1 latent=8x8
[orch] link change t=45.0s bw=15 delay=42
[orch] link change t=45.0s bw=17 delay=26
[orch] link change t=45.0s bw=19 delay=18
[sao-listener] new flow 1 10.0.0.4:23803->10.0.0.8:5209 cc=astraea pid=503054 child=503773
[sao-listener] single-flow mode: attached worker; stopping ss scans
[sao-listener flow 1] cport=23803 cc=astraea worker active
[sao-listener] new flow 1 10.0.0.4:23203->10.0.0.8:5203 cc=astraea pid=503410 child=503778
[sao-listener] single-flow mode: attached worker; stopping ss scans
[sao-listener flow 1] cport=23203 cc=astraea worker active
[orch] link change t=45.0s bw=26 delay=91
[sao-listener] new flow 1 10.0.0.4:23103->10.0.0.8:5202 cc=astraea pid=503896 child=504121
[sao-listener] single-flow mode: attached worker; stopping ss scans
[sao-listener flow 1] cport=23103 cc=astraea worker active
[worker cport=23203 agent=3] loaded checkpoint step=24571
[worker alg=ma_dreamer reward=tempest_fairness_ma cport=23203 agent=3 group=slot2_ep24 flow=1] started interval=20ms det=1 latent=8x8
[worker cport=23803 agent=3] loaded checkpoint step=24571
[worker alg=ma_dreamer reward=tempest_fairness_ma cport=23803 agent=3 group=slot8_ep23 flow=1] started interval=20ms det=1 latent=8x8
[orch] link change t=45.0s bw=21 delay=75
[orch] link change t=45.0s bw=36 delay=42
[sao-listener] new flow 1 10.0.0.4:23903->10.0.0.8:5210 cc=astraea pid=503504 child=504231
[sao-listener] single-flow mode: attached worker; stopping ss scans
[sao-listener flow 1] cport=23903 cc=astraea worker active
[worker cport=23103 agent=3] loaded checkpoint step=24571
[worker alg=ma_dreamer reward=tempest_fairness_ma cport=23103 agent=3 group=slot1_ep27 flow=1] started interval=20ms det=1 latent=8x8
[worker cport=23903 agent=3] loaded checkpoint step=24571
[worker alg=ma_dreamer reward=tempest_fairness_ma cport=23903 agent=3 group=slot9_ep25 flow=1] started interval=20ms det=1 latent=8x8
[sao-listener] new flow 1 10.0.0.4:23303->10.0.0.8:5204 cc=astraea pid=503617 child=504478
[sao-listener] single-flow mode: attached worker; stopping ss scans
[sao-listener flow 1] cport=23303 cc=astraea worker active
[worker cport=23303 agent=3] loaded checkpoint step=24571
[worker alg=ma_dreamer reward=tempest_fairness_ma cport=23303 agent=3 group=slot3_ep26 flow=1] started interval=20ms det=1 latent=8x8
[sao-listener] new flow 1 10.0.0.4:23003->10.0.0.8:5201 cc=astraea pid=504318 child=504673
[sao-listener] single-flow mode: attached worker; stopping ss scans
[sao-listener flow 1] cport=23003 cc=astraea worker active
[sao-listener] new flow 1 10.0.0.4:23703->10.0.0.8:5208 cc=astraea pid=504378 child=504731
[sao-listener] single-flow mode: attached worker; stopping ss scans
[sao-listener flow 1] cport=23703 cc=astraea worker active
[worker cport=23003 agent=3] loaded checkpoint step=24571
[worker alg=ma_dreamer reward=tempest_fairness_ma cport=23003 agent=3 group=slot0_ep29 flow=1] started interval=20ms det=1 latent=8x8
[worker cport=23703 agent=3] loaded checkpoint step=24571
[worker alg=ma_dreamer reward=tempest_fairness_ma cport=23703 agent=3 group=slot7_ep30 flow=1] started interval=20ms det=1 latent=8x8
[sao-listener] new flow 1 10.0.0.4:23503->10.0.0.8:5206 cc=astraea pid=504015 child=504931
[sao-listener] single-flow mode: attached worker; stopping ss scans
[sao-listener flow 1] cport=23503 cc=astraea worker active
[worker cport=23503 agent=3] loaded checkpoint step=24571
[worker alg=ma_dreamer reward=tempest_fairness_ma cport=23503 agent=3 group=slot5_ep28 flow=1] started interval=20ms det=1 latent=8x8
[orch] link change t=60.0s bw=70 delay=75
[orch] link change t=60.0s bw=93 delay=54
[orch] link change t=60.0s bw=55 delay=26
[orch] link change t=60.0s bw=97 delay=21
[orch] link change t=60.0s bw=14 delay=49
[orch] link change t=60.0s bw=71 delay=15
[orch] link change t=60.0s bw=42 delay=79
[orch] link change t=60.0s bw=69 delay=63
[orch] link change t=60.0s bw=54 delay=60
[orch] link change t=60.0s bw=16 delay=60
[orch] link change t=75.0s bw=33 delay=74
[orch] link change t=75.0s bw=20 delay=39
[orch] link change t=75.0s bw=34 delay=44
[orch] link change t=75.0s bw=100 delay=29
[orch] link change t=75.0s bw=82 delay=64
[orch] link change t=75.0s bw=97 delay=89
[orch] link change t=75.0s bw=52 delay=42
[orch] link change t=75.0s bw=36 delay=37
[orch] link change t=75.0s bw=63 delay=12
[orch] link change t=75.0s bw=58 delay=92
[orch] link change t=90.0s bw=77 delay=40
[orch] link change t=90.0s bw=44 delay=16
[orch] link change t=90.0s bw=66 delay=11
[orch] link change t=90.0s bw=100 delay=46
[orch] link change t=90.0s bw=22 delay=85
[orch] link change t=90.0s bw=74 delay=31
[orch] link change t=90.0s bw=57 delay=61
[orch] link change t=90.0s bw=28 delay=60
[orch] link change t=90.0s bw=14 delay=23
[orch] link change t=90.0s bw=27 delay=20
[orch] link change t=105.0s bw=10 delay=11
[orch] link change t=105.0s bw=50 delay=86
[orch] link change t=105.0s bw=38 delay=89
[orch] link change t=105.0s bw=11 delay=66
[orch] link change t=105.0s bw=25 delay=83
[orch] link change t=105.0s bw=91 delay=64
[orch] link change t=105.0s bw=33 delay=41
[orch] link change t=105.0s bw=30 delay=26
[orch] link change t=105.0s bw=66 delay=93
[orch] link change t=105.0s bw=69 delay=10
[orch] link change t=120.0s bw=57 delay=84
[orch] link change t=120.0s bw=32 delay=80
[orch] link change t=120.0s bw=68 delay=13
[orch] link change t=120.0s bw=69 delay=91
[orch] link change t=120.0s bw=97 delay=35
[orch] link change t=120.0s bw=41 delay=62
[orch] link change t=120.0s bw=40 delay=72
[orch] link change t=120.0s bw=87 delay=34
[orch] link change t=120.0s bw=38 delay=54
[orch] link change t=120.0s bw=76 delay=41
[orch] link change t=135.0s bw=64 delay=18
[orch] link change t=135.0s bw=97 delay=65
[orch] link change t=135.0s bw=23 delay=20
[orch] link change t=135.0s bw=24 delay=13
[orch] link change t=135.0s bw=75 delay=89
[orch] link change t=135.0s bw=35 delay=98
[orch] link change t=135.0s bw=19 delay=91
[orch] link change t=135.0s bw=35 delay=13
[orch] link change t=135.0s bw=20 delay=73
[orch] link change t=135.0s bw=13 delay=19
[orch] link change t=150.0s bw=28 delay=39
[orch] link change t=150.0s bw=100 delay=16
[orch] link change t=150.0s bw=100 delay=73
[orch] link change t=150.0s bw=76 delay=31
[orch] link change t=150.0s bw=50 delay=33
[orch] link change t=150.0s bw=13 delay=95
[orch] link change t=150.0s bw=83 delay=93
[orch] link change t=150.0s bw=62 delay=40
[orch] link change t=150.0s bw=52 delay=87
[orch] link change t=150.0s bw=30 delay=86
[orch] link change t=165.0s bw=39 delay=98
[orch] link change t=165.0s bw=83 delay=12
[orch] link change t=165.0s bw=63 delay=12
[orch] link change t=165.0s bw=72 delay=66
[orch] link change t=165.0s bw=80 delay=55
[orch] link change t=165.0s bw=38 delay=28
[orch] link change t=165.0s bw=20 delay=88
[orch] link change t=165.0s bw=18 delay=22
[orch] link change t=165.0s bw=79 delay=63
[orch] link change t=165.0s bw=77 delay=61
[orch] link change t=180.0s bw=15 delay=65
[orch] link change t=180.0s bw=85 delay=43
[orch] link change t=180.0s bw=75 delay=90
[orch] link change t=180.0s bw=97 delay=48
[orch] link change t=180.0s bw=75 delay=70
[orch] link change t=180.0s bw=26 delay=37
[orch] link change t=180.0s bw=64 delay=63
[orch] link change t=180.0s bw=63 delay=50
[orch] link change t=180.0s bw=35 delay=67
[orch] link change t=180.0s bw=93 delay=54
[orch] link change t=195.0s bw=62 delay=88
[orch] link change t=195.0s bw=49 delay=63
[orch] link change t=195.0s bw=65 delay=55
[orch] link change t=195.0s bw=73 delay=20
[orch] link change t=195.0s bw=77 delay=23
[orch] link change t=195.0s bw=86 delay=71
[orch] link change t=195.0s bw=16 delay=94
[orch] link change t=195.0s bw=99 delay=26
[orch] link change t=195.0s bw=31 delay=38
[orch] link change t=195.0s bw=78 delay=18
[orch] link change t=210.0s bw=66 delay=14
[orch] link change t=210.0s bw=34 delay=33
[orch] link change t=210.0s bw=17 delay=36
[orch] link change t=210.0s bw=97 delay=42
[orch] link change t=210.0s bw=91 delay=96
[orch] link change t=210.0s bw=59 delay=56
[orch] link change t=210.0s bw=66 delay=54
[orch] link change t=210.0s bw=32 delay=74
[orch] link change t=210.0s bw=65 delay=62
[orch] link change t=210.0s bw=61 delay=13
[orch] link change t=225.0s bw=52 delay=79
[orch] link change t=225.0s bw=24 delay=84
[orch] link change t=225.0s bw=14 delay=85
[orch] link change t=225.0s bw=88 delay=30
[orch] link change t=225.0s bw=22 delay=86
[orch] link change t=225.0s bw=41 delay=84
[orch] link change t=225.0s bw=11 delay=92
[orch] link change t=225.0s bw=76 delay=98
[orch] link change t=225.0s bw=96 delay=97
[orch] link change t=225.0s bw=41 delay=82
[orch] link change t=240.0s bw=73 delay=98
[orch] link change t=240.0s bw=77 delay=82
[orch] link change t=240.0s bw=57 delay=94
[orch] link change t=240.0s bw=97 delay=51
[orch] link change t=240.0s bw=84 delay=55
[orch] link change t=240.0s bw=13 delay=13
[orch] link change t=240.0s bw=71 delay=42
[orch] link change t=240.0s bw=94 delay=44
[orch] link change t=240.0s bw=82 delay=77
[orch] link change t=240.0s bw=96 delay=45
[orch] link change t=255.0s bw=24 delay=93
[orch] link change t=255.0s bw=17 delay=99
[orch] link change t=255.0s bw=32 delay=89
[orch] link change t=255.0s bw=49 delay=19
[orch] link change t=255.0s bw=63 delay=55
[orch] link change t=255.0s bw=47 delay=79
[orch] link change t=255.0s bw=27 delay=88
[orch] link change t=255.0s bw=88 delay=39
[orch] link change t=255.0s bw=35 delay=79
[orch] link change t=255.0s bw=64 delay=82
[orch] link change t=270.0s bw=57 delay=12
[orch] link change t=270.0s bw=51 delay=88
[orch] link change t=270.0s bw=37 delay=56
[orch] link change t=270.0s bw=79 delay=93
[orch] link change t=270.0s bw=34 delay=96
[orch] link change t=270.0s bw=78 delay=25
[orch] link change t=270.0s bw=53 delay=88
[orch] link change t=270.0s bw=96 delay=67
[orch] link change t=270.0s bw=96 delay=64
[orch] link change t=270.0s bw=22 delay=96
[orch] link change t=285.0s bw=29 delay=21
[orch] link change t=285.0s bw=52 delay=43
[orch] link change t=285.0s bw=82 delay=57
[orch] link change t=285.0s bw=56 delay=94
[orch] link change t=285.0s bw=30 delay=89
[orch] link change t=285.0s bw=75 delay=15
[orch] link change t=285.0s bw=93 delay=39
[orch] link change t=285.0s bw=26 delay=35
[orch] link change t=285.0s bw=48 delay=45
[orch] link change t=285.0s bw=45 delay=91
[orch] link change t=300.0s bw=25 delay=12
[orch] link change t=300.0s bw=33 delay=60
[orch] link change t=300.0s bw=83 delay=46
[orch] link change t=300.0s bw=14 delay=37
[orch] link change t=300.0s bw=68 delay=19
[orch] link change t=300.0s bw=92 delay=10
[orch] link change t=300.0s bw=100 delay=77
[orch] link change t=300.0s bw=11 delay=46
[orch] link change t=300.0s bw=75 delay=38
[orch] link change t=300.0s bw=81 delay=24
[orch] link change t=315.0s bw=68 delay=30
[orch] link change t=315.0s bw=49 delay=93
[orch] link change t=315.0s bw=94 delay=50
[orch] link change t=315.0s bw=50 delay=53
[orch] link change t=315.0s bw=19 delay=61
[orch] link change t=315.0s bw=69 delay=86
[orch] link change t=315.0s bw=28 delay=22
[orch] link change t=315.0s bw=91 delay=96
[orch] link change t=315.0s bw=62 delay=70
[orch] link change t=315.0s bw=88 delay=73
[orch] link change t=330.0s bw=80 delay=53
[orch] link change t=330.0s bw=75 delay=28
[orch] link change t=330.0s bw=83 delay=20
[orch] link change t=330.0s bw=18 delay=49
[orch] link change t=330.0s bw=82 delay=18
[orch] link change t=330.0s bw=94 delay=81
[orch] link change t=330.0s bw=60 delay=48
[orch] link change t=330.0s bw=43 delay=20
[orch] link change t=330.0s bw=76 delay=28
[orch] link change t=330.0s bw=49 delay=26
[multi_ep_plot] saved -> /its/home/mm2350/extra/Olympusv2/benchmarks/benchmark_responsive_fairness/data/ma_dreamer_credit/4_flows/run21/ep000021_bw31_d63_n4.pdf  return=1044568.1
[ep_plot] ep=21 -> /its/home/mm2350/extra/Olympusv2/benchmarks/benchmark_responsive_fairness/data/ma_dreamer_credit/4_flows/run21/ep000021_bw31_d63_n4.pdf  return=1044568.09375
[orch] ep=21 sum-of-agents return=1044568.1
[responsive_fairness] slot=6 ma_dreamer_credit flows=4 run=31
[responsive_fairness] ma_dreamer_credit flows=4 run=21 done (71/200)
[slot=6] ep=31  flows=4  bw=11Mbps  delay=70ms  duration=345s  delays=[0.0, 15.0, 30.0, 45.0]  lifetimes=[345.0, 330.0, 315.0, 300.0]
[multi_ep_plot] saved -> /its/home/mm2350/extra/Olympusv2/benchmarks/benchmark_responsive_fairness/data/ma_dreamer_credit/4_flows/run22/ep000022_bw27_d41_n4.pdf  return=1184024.1
[ep_plot] ep=22 -> /its/home/mm2350/extra/Olympusv2/benchmarks/benchmark_responsive_fairness/data/ma_dreamer_credit/4_flows/run22/ep000022_bw27_d41_n4.pdf  return=1184024.09375
[orch] ep=22 sum-of-agents return=1184024.1
[responsive_fairness] slot=4 ma_dreamer_credit flows=4 run=32
[responsive_fairness] ma_dreamer_credit flows=4 run=22 done (72/200)
[slot=4] ep=32  flows=4  bw=19Mbps  delay=37ms  duration=345s  delays=[0.0, 15.0, 30.0, 45.0]  lifetimes=[345.0, 330.0, 315.0, 300.0]
[sao-listener] cport=23600 worker=/its/home/mm2350/extra/Olympusv2/olympus/algorithms/ma_dreamer/worker.py scan=20ms target_cc=astraea single_flow=1 no_state_pipe=1
[sao-listener] cport=23601 worker=/its/home/mm2350/extra/Olympusv2/olympus/algorithms/ma_dreamer/worker.py scan=20ms target_cc=astraea single_flow=1 no_state_pipe=1
[sao-listener] cport=23602 worker=/its/home/mm2350/extra/Olympusv2/olympus/algorithms/ma_dreamer/worker.py scan=20ms target_cc=astraea single_flow=1 no_state_pipe=1
[sao-listener] cport=23603 worker=/its/home/mm2350/extra/Olympusv2/olympus/algorithms/ma_dreamer/worker.py scan=20ms target_cc=astraea single_flow=1 no_state_pipe=1
[multi_ep_plot] saved -> /its/home/mm2350/extra/Olympusv2/benchmarks/benchmark_responsive_fairness/data/ma_dreamer_credit/4_flows/run23/ep000023_bw47_d20_n4.pdf  return=1131166.2
[ep_plot] ep=23 -> /its/home/mm2350/extra/Olympusv2/benchmarks/benchmark_responsive_fairness/data/ma_dreamer_credit/4_flows/run23/ep000023_bw47_d20_n4.pdf  return=1131166.171875
[orch] ep=23 sum-of-agents return=1131166.2
[responsive_fairness] slot=8 ma_dreamer_credit flows=4 run=33
[responsive_fairness] ma_dreamer_credit flows=4 run=23 done (73/200)
[slot=8] ep=33  flows=4  bw=83Mbps  delay=31ms  duration=345s  delays=[0.0, 15.0, 30.0, 45.0]  lifetimes=[345.0, 330.0, 315.0, 300.0]
[sao-listener] cport=23400 worker=/its/home/mm2350/extra/Olympusv2/olympus/algorithms/ma_dreamer/worker.py scan=20ms target_cc=astraea single_flow=1 no_state_pipe=1
[sao-listener] cport=23401 worker=/its/home/mm2350/extra/Olympusv2/olympus/algorithms/ma_dreamer/worker.py scan=20ms target_cc=astraea single_flow=1 no_state_pipe=1
[sao-listener] cport=23402 worker=/its/home/mm2350/extra/Olympusv2/olympus/algorithms/ma_dreamer/worker.py scan=20ms target_cc=astraea single_flow=1 no_state_pipe=1
[sao-listener] cport=23403 worker=/its/home/mm2350/extra/Olympusv2/olympus/algorithms/ma_dreamer/worker.py scan=20ms target_cc=astraea single_flow=1 no_state_pipe=1
[sao-listener] cport=23800 worker=/its/home/mm2350/extra/Olympusv2/olympus/algorithms/ma_dreamer/worker.py scan=20ms target_cc=astraea single_flow=1 no_state_pipe=1
[sao-listener] cport=23801 worker=/its/home/mm2350/extra/Olympusv2/olympus/algorithms/ma_dreamer/worker.py scan=20ms target_cc=astraea single_flow=1 no_state_pipe=1
[sao-listener] cport=23802 worker=/its/home/mm2350/extra/Olympusv2/olympus/algorithms/ma_dreamer/worker.py scan=20ms target_cc=astraea single_flow=1 no_state_pipe=1
[sao-listener] cport=23803 worker=/its/home/mm2350/extra/Olympusv2/olympus/algorithms/ma_dreamer/worker.py scan=20ms target_cc=astraea single_flow=1 no_state_pipe=1
[multi_ep_plot] saved -> /its/home/mm2350/extra/Olympusv2/benchmarks/benchmark_responsive_fairness/data/ma_dreamer_credit/4_flows/run24/ep000024_bw59_d84_n4.pdf  return=1090020.9
[ep_plot] ep=24 -> /its/home/mm2350/extra/Olympusv2/benchmarks/benchmark_responsive_fairness/data/ma_dreamer_credit/4_flows/run24/ep000024_bw59_d84_n4.pdf  return=1090020.875
[orch] ep=24 sum-of-agents return=1090020.9
[responsive_fairness] slot=2 ma_dreamer_credit flows=4 run=34
[responsive_fairness] ma_dreamer_credit flows=4 run=24 done (74/200)
[slot=2] ep=34  flows=4  bw=77Mbps  delay=55ms  duration=345s  delays=[0.0, 15.0, 30.0, 45.0]  lifetimes=[345.0, 330.0, 315.0, 300.0]
[sao-listener] new flow 1 10.0.0.1:23600->10.0.0.5:5207 cc=astraea pid=509503 child=510216
[sao-listener] single-flow mode: attached worker; stopping ss scans
[sao-listener flow 1] cport=23600 cc=astraea worker active
[sao-listener] new flow 1 10.0.0.1:23400->10.0.0.5:5205 cc=astraea pid=509983 child=510447
[sao-listener] single-flow mode: attached worker; stopping ss scans
[sao-listener flow 1] cport=23400 cc=astraea worker active
[multi_ep_plot] saved -> /its/home/mm2350/extra/Olympusv2/benchmarks/benchmark_responsive_fairness/data/ma_dreamer_credit/4_flows/run25/ep000025_bw58_d11_n4.pdf  return=986883.9
[ep_plot] ep=25 -> /its/home/mm2350/extra/Olympusv2/benchmarks/benchmark_responsive_fairness/data/ma_dreamer_credit/4_flows/run25/ep000025_bw58_d11_n4.pdf  return=986883.859375
[orch] ep=25 sum-of-agents return=986883.9
[responsive_fairness] slot=9 ma_dreamer_credit flows=4 run=35
[responsive_fairness] ma_dreamer_credit flows=4 run=25 done (75/200)
[slot=9] ep=35  flows=4  bw=80Mbps  delay=52ms  duration=345s  delays=[0.0, 15.0, 30.0, 45.0]  lifetimes=[345.0, 330.0, 315.0, 300.0]
[sao-listener] cport=23200 worker=/its/home/mm2350/extra/Olympusv2/olympus/algorithms/ma_dreamer/worker.py scan=20ms target_cc=astraea single_flow=1 no_state_pipe=1
[sao-listener] cport=23201 worker=/its/home/mm2350/extra/Olympusv2/olympus/algorithms/ma_dreamer/worker.py scan=20ms target_cc=astraea single_flow=1 no_state_pipe=1
[sao-listener] cport=23202 worker=/its/home/mm2350/extra/Olympusv2/olympus/algorithms/ma_dreamer/worker.py scan=20ms target_cc=astraea single_flow=1 no_state_pipe=1
[sao-listener] cport=23203 worker=/its/home/mm2350/extra/Olympusv2/olympus/algorithms/ma_dreamer/worker.py scan=20ms target_cc=astraea single_flow=1 no_state_pipe=1
[multi_ep_plot] saved -> /its/home/mm2350/extra/Olympusv2/benchmarks/benchmark_responsive_fairness/data/ma_dreamer_credit/4_flows/run26/ep000026_bw35_d94_n4.pdf  return=1054025.5
[ep_plot] ep=26 -> /its/home/mm2350/extra/Olympusv2/benchmarks/benchmark_responsive_fairness/data/ma_dreamer_credit/4_flows/run26/ep000026_bw35_d94_n4.pdf  return=1054025.546875
[orch] ep=26 sum-of-agents return=1054025.5
[responsive_fairness] slot=3 ma_dreamer_credit flows=4 run=36
[responsive_fairness] ma_dreamer_credit flows=4 run=26 done (76/200)
[slot=3] ep=36  flows=4  bw=52Mbps  delay=17ms  duration=345s  delays=[0.0, 15.0, 30.0, 45.0]  lifetimes=[345.0, 330.0, 315.0, 300.0]
[worker cport=23600 agent=0] loaded checkpoint step=24571
[worker alg=ma_dreamer reward=tempest_fairness_ma cport=23600 agent=0 group=slot6_ep31 flow=1] started interval=20ms det=1 latent=8x8
[sao-listener] new flow 1 10.0.0.1:23800->10.0.0.5:5209 cc=astraea pid=510199 child=511568
[sao-listener] single-flow mode: attached worker; stopping ss scans
[sao-listener flow 1] cport=23800 cc=astraea worker active
[sao-listener] cport=23900 worker=/its/home/mm2350/extra/Olympusv2/olympus/algorithms/ma_dreamer/worker.py scan=20ms target_cc=astraea single_flow=1 no_state_pipe=1
[sao-listener] cport=23901 worker=/its/home/mm2350/extra/Olympusv2/olympus/algorithms/ma_dreamer/worker.py scan=20ms target_cc=astraea single_flow=1 no_state_pipe=1
[sao-listener] cport=23902 worker=/its/home/mm2350/extra/Olympusv2/olympus/algorithms/ma_dreamer/worker.py scan=20ms target_cc=astraea single_flow=1 no_state_pipe=1
[sao-listener] cport=23903 worker=/its/home/mm2350/extra/Olympusv2/olympus/algorithms/ma_dreamer/worker.py scan=20ms target_cc=astraea single_flow=1 no_state_pipe=1
[worker cport=23400 agent=0] loaded checkpoint step=24571
[worker alg=ma_dreamer reward=tempest_fairness_ma cport=23400 agent=0 group=slot4_ep32 flow=1] started interval=20ms det=1 latent=8x8
[multi_ep_plot] saved -> /its/home/mm2350/extra/Olympusv2/benchmarks/benchmark_responsive_fairness/data/ma_dreamer_credit/4_flows/run27/ep000027_bw93_d71_n4.pdf  return=826557.4
[ep_plot] ep=27 -> /its/home/mm2350/extra/Olympusv2/benchmarks/benchmark_responsive_fairness/data/ma_dreamer_credit/4_flows/run27/ep000027_bw93_d71_n4.pdf  return=826557.40625
[orch] ep=27 sum-of-agents return=826557.4
[sao-listener] new flow 1 10.0.0.1:23200->10.0.0.5:5203 cc=astraea pid=511712 child=512419
[sao-listener] single-flow mode: attached worker; stopping ss scans
[sao-listener flow 1] cport=23200 cc=astraea worker active
[responsive_fairness] slot=1 ma_dreamer_credit flows=4 run=37
[responsive_fairness] ma_dreamer_credit flows=4 run=27 done (77/200)
[sao-listener] cport=23300 worker=/its/home/mm2350/extra/Olympusv2/olympus/algorithms/ma_dreamer/worker.py scan=20ms target_cc=astraea single_flow=1 no_state_pipe=1
[slot=1] ep=37  flows=4  bw=97Mbps  delay=87ms  duration=345s  delays=[0.0, 15.0, 30.0, 45.0]  lifetimes=[345.0, 330.0, 315.0, 300.0]
[sao-listener] cport=23301 worker=/its/home/mm2350/extra/Olympusv2/olympus/algorithms/ma_dreamer/worker.py scan=20ms target_cc=astraea single_flow=1 no_state_pipe=1
[sao-listener] cport=23302 worker=/its/home/mm2350/extra/Olympusv2/olympus/algorithms/ma_dreamer/worker.py scan=20ms target_cc=astraea single_flow=1 no_state_pipe=1
[sao-listener] cport=23303 worker=/its/home/mm2350/extra/Olympusv2/olympus/algorithms/ma_dreamer/worker.py scan=20ms target_cc=astraea single_flow=1 no_state_pipe=1
[worker cport=23800 agent=0] loaded checkpoint step=24571
[worker alg=ma_dreamer reward=tempest_fairness_ma cport=23800 agent=0 group=slot8_ep33 flow=1] started interval=20ms det=1 latent=8x8
[multi_ep_plot] saved -> /its/home/mm2350/extra/Olympusv2/benchmarks/benchmark_responsive_fairness/data/ma_dreamer_credit/4_flows/run28/ep000028_bw24_d26_n4.pdf  return=932982.4
[ep_plot] ep=28 -> /its/home/mm2350/extra/Olympusv2/benchmarks/benchmark_responsive_fairness/data/ma_dreamer_credit/4_flows/run28/ep000028_bw24_d26_n4.pdf  return=932982.421875
[orch] ep=28 sum-of-agents return=932982.4
[responsive_fairness] slot=5 ma_dreamer_credit flows=4 run=38
[responsive_fairness] ma_dreamer_credit flows=4 run=28 done (78/200)
[slot=5] ep=38  flows=4  bw=91Mbps  delay=63ms  duration=345s  delays=[0.0, 15.0, 30.0, 45.0]  lifetimes=[345.0, 330.0, 315.0, 300.0]
[sao-listener] cport=23100 worker=/its/home/mm2350/extra/Olympusv2/olympus/algorithms/ma_dreamer/worker.py scan=20ms target_cc=astraea single_flow=1 no_state_pipe=1
[sao-listener] cport=23101 worker=/its/home/mm2350/extra/Olympusv2/olympus/algorithms/ma_dreamer/worker.py scan=20ms target_cc=astraea single_flow=1 no_state_pipe=1
[sao-listener] cport=23102 worker=/its/home/mm2350/extra/Olympusv2/olympus/algorithms/ma_dreamer/worker.py scan=20ms target_cc=astraea single_flow=1 no_state_pipe=1
[sao-listener] new flow 1 10.0.0.1:23900->10.0.0.5:5210 cc=astraea pid=512494 child=513516
[sao-listener] single-flow mode: attached worker; stopping ss scans
[sao-listener flow 1] cport=23900 cc=astraea worker active
[sao-listener] cport=23103 worker=/its/home/mm2350/extra/Olympusv2/olympus/algorithms/ma_dreamer/worker.py scan=20ms target_cc=astraea single_flow=1 no_state_pipe=1
[worker cport=23200 agent=0] loaded checkpoint step=24571
[worker alg=ma_dreamer reward=tempest_fairness_ma cport=23200 agent=0 group=slot2_ep34 flow=1] started interval=20ms det=1 latent=8x8
[sao-listener] cport=23500 worker=/its/home/mm2350/extra/Olympusv2/olympus/algorithms/ma_dreamer/worker.py scan=20ms target_cc=astraea single_flow=1 no_state_pipe=1
[sao-listener] cport=23501 worker=/its/home/mm2350/extra/Olympusv2/olympus/algorithms/ma_dreamer/worker.py scan=20ms target_cc=astraea single_flow=1 no_state_pipe=1
[sao-listener] cport=23502 worker=/its/home/mm2350/extra/Olympusv2/olympus/algorithms/ma_dreamer/worker.py scan=20ms target_cc=astraea single_flow=1 no_state_pipe=1
[sao-listener] cport=23503 worker=/its/home/mm2350/extra/Olympusv2/olympus/algorithms/ma_dreamer/worker.py scan=20ms target_cc=astraea single_flow=1 no_state_pipe=1
[multi_ep_plot] saved -> /its/home/mm2350/extra/Olympusv2/benchmarks/benchmark_responsive_fairness/data/ma_dreamer_credit/4_flows/run29/ep000029_bw80_d19_n4.pdf  return=1171375.2
[ep_plot] ep=29 -> /its/home/mm2350/extra/Olympusv2/benchmarks/benchmark_responsive_fairness/data/ma_dreamer_credit/4_flows/run29/ep000029_bw80_d19_n4.pdf  return=1171375.25
[orch] ep=29 sum-of-agents return=1171375.2
[responsive_fairness] slot=0 ma_dreamer_credit flows=4 run=39
[responsive_fairness] ma_dreamer_credit flows=4 run=29 done (79/200)
[slot=0] ep=39  flows=4  bw=36Mbps  delay=43ms  duration=345s  delays=[0.0, 15.0, 30.0, 45.0]  lifetimes=[345.0, 330.0, 315.0, 300.0]
[worker cport=23900 agent=0] loaded checkpoint step=24571
[worker alg=ma_dreamer reward=tempest_fairness_ma cport=23900 agent=0 group=slot9_ep35 flow=1] started interval=20ms det=1 latent=8x8
[sao-listener] new flow 1 10.0.0.1:23300->10.0.0.5:5204 cc=astraea pid=513102 child=514790
[sao-listener] single-flow mode: attached worker; stopping ss scans
[sao-listener flow 1] cport=23300 cc=astraea worker active
[multi_ep_plot] saved -> /its/home/mm2350/extra/Olympusv2/benchmarks/benchmark_responsive_fairness/data/ma_dreamer_credit/4_flows/run30/ep000030_bw79_d47_n4.pdf  return=1001951.2
[ep_plot] ep=30 -> /its/home/mm2350/extra/Olympusv2/benchmarks/benchmark_responsive_fairness/data/ma_dreamer_credit/4_flows/run30/ep000030_bw79_d47_n4.pdf  return=1001951.203125
[orch] ep=30 sum-of-agents return=1001951.2
[responsive_fairness] slot=7 ma_dreamer_credit flows=4 run=40
[responsive_fairness] ma_dreamer_credit flows=4 run=30 done (80/200)
[slot=7] ep=40  flows=4  bw=68Mbps  delay=84ms  duration=345s  delays=[0.0, 15.0, 30.0, 45.0]  lifetimes=[345.0, 330.0, 315.0, 300.0]
[sao-listener] cport=23000 worker=/its/home/mm2350/extra/Olympusv2/olympus/algorithms/ma_dreamer/worker.py scan=20ms target_cc=astraea single_flow=1 no_state_pipe=1
[sao-listener] cport=23001 worker=/its/home/mm2350/extra/Olympusv2/olympus/algorithms/ma_dreamer/worker.py scan=20ms target_cc=astraea single_flow=1 no_state_pipe=1
[sao-listener] cport=23002 worker=/its/home/mm2350/extra/Olympusv2/olympus/algorithms/ma_dreamer/worker.py scan=20ms target_cc=astraea single_flow=1 no_state_pipe=1
[sao-listener] cport=23003 worker=/its/home/mm2350/extra/Olympusv2/olympus/algorithms/ma_dreamer/worker.py scan=20ms target_cc=astraea single_flow=1 no_state_pipe=1
[worker cport=23300 agent=0] loaded checkpoint step=24571
[worker alg=ma_dreamer reward=tempest_fairness_ma cport=23300 agent=0 group=slot3_ep36 flow=1] started interval=20ms det=1 latent=8x8
[sao-listener] cport=23700 worker=/its/home/mm2350/extra/Olympusv2/olympus/algorithms/ma_dreamer/worker.py scan=20ms target_cc=astraea single_flow=1 no_state_pipe=1
[sao-listener] cport=23701 worker=/its/home/mm2350/extra/Olympusv2/olympus/algorithms/ma_dreamer/worker.py scan=20ms target_cc=astraea single_flow=1 no_state_pipe=1
[sao-listener] cport=23702 worker=/its/home/mm2350/extra/Olympusv2/olympus/algorithms/ma_dreamer/worker.py scan=20ms target_cc=astraea single_flow=1 no_state_pipe=1
[sao-listener] cport=23703 worker=/its/home/mm2350/extra/Olympusv2/olympus/algorithms/ma_dreamer/worker.py scan=20ms target_cc=astraea single_flow=1 no_state_pipe=1
[sao-listener] new flow 1 10.0.0.1:23100->10.0.0.5:5202 cc=astraea pid=514241 child=516529
[sao-listener] single-flow mode: attached worker; stopping ss scans
[sao-listener flow 1] cport=23100 cc=astraea worker active
[worker cport=23100 agent=0] loaded checkpoint step=24571
[worker alg=ma_dreamer reward=tempest_fairness_ma cport=23100 agent=0 group=slot1_ep37 flow=1] started interval=20ms det=1 latent=8x8
[sao-listener] new flow 1 10.0.0.1:23500->10.0.0.5:5206 cc=astraea pid=514994 child=517420
[sao-listener] single-flow mode: attached worker; stopping ss scans
[sao-listener flow 1] cport=23500 cc=astraea worker active
[worker cport=23500 agent=0] loaded checkpoint step=24571
[worker alg=ma_dreamer reward=tempest_fairness_ma cport=23500 agent=0 group=slot5_ep38 flow=1] started interval=20ms det=1 latent=8x8
[sao-listener] new flow 1 10.0.0.1:23000->10.0.0.5:5201 cc=astraea pid=516501 child=518529
[sao-listener] single-flow mode: attached worker; stopping ss scans
[sao-listener flow 1] cport=23000 cc=astraea worker active
[sao-listener] new flow 1 10.0.0.1:23700->10.0.0.5:5208 cc=astraea pid=516833 child=519129
[sao-listener] single-flow mode: attached worker; stopping ss scans
[sao-listener flow 1] cport=23700 cc=astraea worker active
[worker cport=23000 agent=0] loaded checkpoint step=24571
[worker alg=ma_dreamer reward=tempest_fairness_ma cport=23000 agent=0 group=slot0_ep39 flow=1] started interval=20ms det=1 latent=8x8
[worker cport=23700 agent=0] loaded checkpoint step=24571
[worker alg=ma_dreamer reward=tempest_fairness_ma cport=23700 agent=0 group=slot7_ep40 flow=1] started interval=20ms det=1 latent=8x8
[orch] link change t=15.0s bw=24 delay=60
[orch] link change t=15.0s bw=28 delay=48
[orch] link change t=15.0s bw=90 delay=39
[orch] link change t=15.0s bw=84 delay=13
[orch] link change t=15.0s bw=26 delay=53
[sao-listener] new flow 1 10.0.0.2:23801->10.0.0.6:5209 cc=astraea pid=525780 child=526954
[sao-listener] single-flow mode: attached worker; stopping ss scans
[sao-listener flow 1] cport=23801 cc=astraea worker active
[orch] link change t=15.0s bw=12 delay=46
[sao-listener] new flow 1 10.0.0.2:23601->10.0.0.6:5207 cc=astraea pid=524975 child=527623
[sao-listener] single-flow mode: attached worker; stopping ss scans
[sao-listener flow 1] cport=23601 cc=astraea worker active
[worker cport=23801 agent=1] loaded checkpoint step=24571
[worker alg=ma_dreamer reward=tempest_fairness_ma cport=23801 agent=1 group=slot8_ep33 flow=1] started interval=20ms det=1 latent=8x8
[orch] link change t=15.0s bw=21 delay=89
[sao-listener] new flow 1 10.0.0.2:23201->10.0.0.6:5203 cc=astraea pid=526887 child=528173
[sao-listener] single-flow mode: attached worker; stopping ss scans
[sao-listener flow 1] cport=23201 cc=astraea worker active
[sao-listener] new flow 1 10.0.0.2:23401->10.0.0.6:5205 cc=astraea pid=525433 child=528266
[sao-listener] single-flow mode: attached worker; stopping ss scans
[sao-listener flow 1] cport=23401 cc=astraea worker active
[worker cport=23601 agent=1] loaded checkpoint step=24571
[worker alg=ma_dreamer reward=tempest_fairness_ma cport=23601 agent=1 group=slot6_ep31 flow=1] started interval=20ms det=1 latent=8x8
[orch] link change t=15.0s bw=64 delay=23
[worker cport=23201 agent=1] loaded checkpoint step=24571
[worker alg=ma_dreamer reward=tempest_fairness_ma cport=23201 agent=1 group=slot2_ep34 flow=1] started interval=20ms det=1 latent=8x8
[worker cport=23401 agent=1] loaded checkpoint step=24571
[worker alg=ma_dreamer reward=tempest_fairness_ma cport=23401 agent=1 group=slot4_ep32 flow=1] started interval=20ms det=1 latent=8x8
[sao-listener] new flow 1 10.0.0.2:23901->10.0.0.6:5210 cc=astraea pid=527384 child=529361
[sao-listener] single-flow mode: attached worker; stopping ss scans
[sao-listener flow 1] cport=23901 cc=astraea worker active
[orch] link change t=15.0s bw=59 delay=13
[orch] link change t=15.0s bw=77 delay=14
[sao-listener] new flow 1 10.0.0.2:23501->10.0.0.6:5206 cc=astraea pid=529333 child=530071
[sao-listener] single-flow mode: attached worker; stopping ss scans
[sao-listener flow 1] cport=23501 cc=astraea worker active
[worker cport=23901 agent=1] loaded checkpoint step=24571
[worker alg=ma_dreamer reward=tempest_fairness_ma cport=23901 agent=1 group=slot9_ep35 flow=1] started interval=20ms det=1 latent=8x8
[sao-listener] new flow 1 10.0.0.2:23301->10.0.0.6:5204 cc=astraea pid=527973 child=530294
[sao-listener] single-flow mode: attached worker; stopping ss scans
[sao-listener flow 1] cport=23301 cc=astraea worker active
[worker cport=23501 agent=1] loaded checkpoint step=24571
[worker alg=ma_dreamer reward=tempest_fairness_ma cport=23501 agent=1 group=slot5_ep38 flow=1] started interval=20ms det=1 latent=8x8
[worker cport=23301 agent=1] loaded checkpoint step=24571
[worker alg=ma_dreamer reward=tempest_fairness_ma cport=23301 agent=1 group=slot3_ep36 flow=1] started interval=20ms det=1 latent=8x8
[sao-listener] new flow 1 10.0.0.2:23001->10.0.0.6:5201 cc=astraea pid=530288 child=531344
[sao-listener] single-flow mode: attached worker; stopping ss scans
[sao-listener flow 1] cport=23001 cc=astraea worker active
[sao-listener] new flow 1 10.0.0.2:23101->10.0.0.6:5202 cc=astraea pid=528714 child=531606
[sao-listener] single-flow mode: attached worker; stopping ss scans
[sao-listener flow 1] cport=23101 cc=astraea worker active
[sao-listener] new flow 1 10.0.0.2:23701->10.0.0.6:5208 cc=astraea pid=530594 child=531799
[sao-listener] single-flow mode: attached worker; stopping ss scans
[sao-listener flow 1] cport=23701 cc=astraea worker active
[worker cport=23001 agent=1] loaded checkpoint step=24571
[worker alg=ma_dreamer reward=tempest_fairness_ma cport=23001 agent=1 group=slot0_ep39 flow=1] started interval=20ms det=1 latent=8x8
[worker cport=23101 agent=1] loaded checkpoint step=24571
[worker alg=ma_dreamer reward=tempest_fairness_ma cport=23101 agent=1 group=slot1_ep37 flow=1] started interval=20ms det=1 latent=8x8
[worker cport=23701 agent=1] loaded checkpoint step=24571
[worker alg=ma_dreamer reward=tempest_fairness_ma cport=23701 agent=1 group=slot7_ep40 flow=1] started interval=20ms det=1 latent=8x8
[orch] link change t=30.0s bw=28 delay=97
[orch] link change t=30.0s bw=99 delay=40
[orch] link change t=30.0s bw=45 delay=71
[orch] link change t=30.0s bw=39 delay=13
[sao-listener] new flow 1 10.0.0.3:23602->10.0.0.7:5207 cc=astraea pid=536649 child=537744
[sao-listener] single-flow mode: attached worker; stopping ss scans
[sao-listener flow 1] cport=23602 cc=astraea worker active
[orch] link change t=30.0s bw=29 delay=46
[sao-listener] new flow 1 10.0.0.3:23402->10.0.0.7:5205 cc=astraea pid=536979 child=538062
[sao-listener] single-flow mode: attached worker; stopping ss scans
[sao-listener flow 1] cport=23402 cc=astraea worker active
[orch] link change t=30.0s bw=20 delay=10
[worker cport=23602 agent=2] loaded checkpoint step=24571
[worker alg=ma_dreamer reward=tempest_fairness_ma cport=23602 agent=2 group=slot6_ep31 flow=1] started interval=20ms det=1 latent=8x8
[worker cport=23402 agent=2] loaded checkpoint step=24571
[worker alg=ma_dreamer reward=tempest_fairness_ma cport=23402 agent=2 group=slot4_ep32 flow=1] started interval=20ms det=1 latent=8x8
[sao-listener] new flow 1 10.0.0.3:23902->10.0.0.7:5210 cc=astraea pid=538365 child=538753
[sao-listener] single-flow mode: attached worker; stopping ss scans
[sao-listener flow 1] cport=23902 cc=astraea worker active
[orch] link change t=30.0s bw=95 delay=91
[sao-listener] new flow 1 10.0.0.3:23802->10.0.0.7:5209 cc=astraea pid=537233 child=539011
[sao-listener] single-flow mode: attached worker; stopping ss scans
[sao-listener flow 1] cport=23802 cc=astraea worker active
[orch] link change t=30.0s bw=18 delay=56
[worker cport=23902 agent=2] loaded checkpoint step=24571
[worker alg=ma_dreamer reward=tempest_fairness_ma cport=23902 agent=2 group=slot9_ep35 flow=1] started interval=20ms det=1 latent=8x8
[sao-listener] new flow 1 10.0.0.3:23302->10.0.0.7:5204 cc=astraea pid=538732 child=539445
[sao-listener] single-flow mode: attached worker; stopping ss scans
[sao-listener flow 1] cport=23302 cc=astraea worker active
[worker cport=23802 agent=2] loaded checkpoint step=24571
[worker alg=ma_dreamer reward=tempest_fairness_ma cport=23802 agent=2 group=slot8_ep33 flow=1] started interval=20ms det=1 latent=8x8
[sao-listener] new flow 1 10.0.0.3:23202->10.0.0.7:5203 cc=astraea pid=537982 child=539769
[sao-listener] single-flow mode: attached worker; stopping ss scans
[sao-listener flow 1] cport=23202 cc=astraea worker active
[orch] link change t=30.0s bw=34 delay=38
[worker cport=23302 agent=2] loaded checkpoint step=24571
[worker alg=ma_dreamer reward=tempest_fairness_ma cport=23302 agent=2 group=slot3_ep36 flow=1] started interval=20ms det=1 latent=8x8
[orch] link change t=30.0s bw=41 delay=46
[sao-listener] new flow 1 10.0.0.3:23102->10.0.0.7:5202 cc=astraea pid=539215 child=540298
[sao-listener] single-flow mode: attached worker; stopping ss scans
[sao-listener flow 1] cport=23102 cc=astraea worker active
[worker cport=23202 agent=2] loaded checkpoint step=24571
[worker alg=ma_dreamer reward=tempest_fairness_ma cport=23202 agent=2 group=slot2_ep34 flow=1] started interval=20ms det=1 latent=8x8
[worker cport=23102 agent=2] loaded checkpoint step=24571
[worker alg=ma_dreamer reward=tempest_fairness_ma cport=23102 agent=2 group=slot1_ep37 flow=1] started interval=20ms det=1 latent=8x8
[sao-listener] new flow 1 10.0.0.3:23502->10.0.0.7:5206 cc=astraea pid=539678 child=540865
[sao-listener] single-flow mode: attached worker; stopping ss scans
[sao-listener flow 1] cport=23502 cc=astraea worker active
[worker cport=23502 agent=2] loaded checkpoint step=24571
[worker alg=ma_dreamer reward=tempest_fairness_ma cport=23502 agent=2 group=slot5_ep38 flow=1] started interval=20ms det=1 latent=8x8
[sao-listener] new flow 1 10.0.0.3:23002->10.0.0.7:5201 cc=astraea pid=540302 child=541465
[sao-listener] single-flow mode: attached worker; stopping ss scans
[sao-listener flow 1] cport=23002 cc=astraea worker active
[sao-listener] new flow 1 10.0.0.3:23702->10.0.0.7:5208 cc=astraea pid=540504 child=541763
[sao-listener] single-flow mode: attached worker; stopping ss scans
[sao-listener flow 1] cport=23702 cc=astraea worker active
[worker cport=23002 agent=2] loaded checkpoint step=24571
[worker alg=ma_dreamer reward=tempest_fairness_ma cport=23002 agent=2 group=slot0_ep39 flow=1] started interval=20ms det=1 latent=8x8
[worker cport=23702 agent=2] loaded checkpoint step=24571
[worker alg=ma_dreamer reward=tempest_fairness_ma cport=23702 agent=2 group=slot7_ep40 flow=1] started interval=20ms det=1 latent=8x8
[orch] link change t=45.0s bw=15 delay=27
[orch] link change t=45.0s bw=73 delay=13
[orch] link change t=45.0s bw=93 delay=78
[sao-listener] new flow 1 10.0.0.4:23403->10.0.0.8:5205 cc=astraea pid=543952 child=543996
[sao-listener] single-flow mode: attached worker; stopping ss scans
[sao-listener flow 1] cport=23403 cc=astraea worker active
[worker cport=23403 agent=3] loaded checkpoint step=24571
[worker alg=ma_dreamer reward=tempest_fairness_ma cport=23403 agent=3 group=slot4_ep32 flow=1] started interval=20ms det=1 latent=8x8
[orch] link change t=45.0s bw=59 delay=56
[orch] link change t=45.0s bw=65 delay=42
[sao-listener] new flow 1 10.0.0.4:23803->10.0.0.8:5209 cc=astraea pid=544114 child=544503
[sao-listener] single-flow mode: attached worker; stopping ss scans
[sao-listener flow 1] cport=23803 cc=astraea worker active
[orch] link change t=45.0s bw=74 delay=90
[worker cport=23803 agent=3] loaded checkpoint step=24571
[worker alg=ma_dreamer reward=tempest_fairness_ma cport=23803 agent=3 group=slot8_ep33 flow=1] started interval=20ms det=1 latent=8x8
[sao-listener] new flow 1 10.0.0.4:23603->10.0.0.8:5207 cc=astraea pid=543793 child=544844
[sao-listener] single-flow mode: attached worker; stopping ss scans
[sao-listener flow 1] cport=23603 cc=astraea worker active
[sao-listener] new flow 1 10.0.0.4:23203->10.0.0.8:5203 cc=astraea pid=544507 child=544916
[sao-listener] single-flow mode: attached worker; stopping ss scans
[sao-listener flow 1] cport=23203 cc=astraea worker active
[orch] link change t=45.0s bw=75 delay=14
[orch] link change t=45.0s bw=99 delay=69
[worker cport=23603 agent=3] loaded checkpoint step=24571
[worker alg=ma_dreamer reward=tempest_fairness_ma cport=23603 agent=3 group=slot6_ep31 flow=1] started interval=20ms det=1 latent=8x8
[worker cport=23203 agent=3] loaded checkpoint step=24571
[worker alg=ma_dreamer reward=tempest_fairness_ma cport=23203 agent=3 group=slot2_ep34 flow=1] started interval=20ms det=1 latent=8x8
[sao-listener] new flow 1 10.0.0.4:23103->10.0.0.8:5202 cc=astraea pid=545086 child=545276
[sao-listener] single-flow mode: attached worker; stopping ss scans
[sao-listener flow 1] cport=23103 cc=astraea worker active
[sao-listener] new flow 1 10.0.0.4:23903->10.0.0.8:5210 cc=astraea pid=544673 child=545372
[sao-listener] single-flow mode: attached worker; stopping ss scans
[sao-listener flow 1] cport=23903 cc=astraea worker active
[orch] link change t=45.0s bw=60 delay=82
[worker cport=23103 agent=3] loaded checkpoint step=24571
[worker alg=ma_dreamer reward=tempest_fairness_ma cport=23103 agent=3 group=slot1_ep37 flow=1] started interval=20ms det=1 latent=8x8
[orch] link change t=45.0s bw=95 delay=91
[sao-listener] new flow 1 10.0.0.4:23503->10.0.0.8:5206 cc=astraea pid=545340 child=545561
[sao-listener] single-flow mode: attached worker; stopping ss scans
[sao-listener flow 1] cport=23503 cc=astraea worker active
[worker cport=23903 agent=3] loaded checkpoint step=24571
[worker alg=ma_dreamer reward=tempest_fairness_ma cport=23903 agent=3 group=slot9_ep35 flow=1] started interval=20ms det=1 latent=8x8
[sao-listener] new flow 1 10.0.0.4:23303->10.0.0.8:5204 cc=astraea pid=544874 child=545691
[sao-listener] single-flow mode: attached worker; stopping ss scans
[sao-listener flow 1] cport=23303 cc=astraea worker active
[worker cport=23503 agent=3] loaded checkpoint step=24571
[worker alg=ma_dreamer reward=tempest_fairness_ma cport=23503 agent=3 group=slot5_ep38 flow=1] started interval=20ms det=1 latent=8x8
[worker cport=23303 agent=3] loaded checkpoint step=24571
[worker alg=ma_dreamer reward=tempest_fairness_ma cport=23303 agent=3 group=slot3_ep36 flow=1] started interval=20ms det=1 latent=8x8
[sao-listener] new flow 1 10.0.0.4:23003->10.0.0.8:5201 cc=astraea pid=545620 child=545912
[sao-listener] single-flow mode: attached worker; stopping ss scans
[sao-listener flow 1] cport=23003 cc=astraea worker active
[sao-listener] new flow 1 10.0.0.4:23703->10.0.0.8:5208 cc=astraea pid=545747 child=545980
[sao-listener] single-flow mode: attached worker; stopping ss scans
[sao-listener flow 1] cport=23703 cc=astraea worker active
[worker cport=23003 agent=3] loaded checkpoint step=24571
[worker alg=ma_dreamer reward=tempest_fairness_ma cport=23003 agent=3 group=slot0_ep39 flow=1] started interval=20ms det=1 latent=8x8
[worker cport=23703 agent=3] loaded checkpoint step=24571
[worker alg=ma_dreamer reward=tempest_fairness_ma cport=23703 agent=3 group=slot7_ep40 flow=1] started interval=20ms det=1 latent=8x8
[orch] link change t=60.0s bw=24 delay=78
[orch] link change t=60.0s bw=14 delay=22
[orch] link change t=60.0s bw=77 delay=33
[orch] link change t=60.0s bw=18 delay=64
[orch] link change t=60.0s bw=82 delay=17
[orch] link change t=60.0s bw=32 delay=41
[orch] link change t=60.0s bw=90 delay=57
[orch] link change t=60.0s bw=57 delay=15
[orch] link change t=60.0s bw=10 delay=92
[orch] link change t=60.0s bw=95 delay=36
[orch] link change t=75.0s bw=39 delay=27
[orch] link change t=75.0s bw=51 delay=75
[orch] link change t=75.0s bw=93 delay=88
[orch] link change t=75.0s bw=49 delay=53
[orch] link change t=75.0s bw=77 delay=45
[orch] link change t=75.0s bw=44 delay=93
[orch] link change t=75.0s bw=66 delay=77
[orch] link change t=75.0s bw=87 delay=95
[orch] link change t=75.0s bw=42 delay=96
[orch] link change t=75.0s bw=26 delay=54
[orch] link change t=90.0s bw=28 delay=14
[orch] link change t=90.0s bw=52 delay=17
[orch] link change t=90.0s bw=74 delay=51
[orch] link change t=90.0s bw=22 delay=84
[orch] link change t=90.0s bw=93 delay=56
[orch] link change t=90.0s bw=65 delay=56
[orch] link change t=90.0s bw=23 delay=97
[orch] link change t=90.0s bw=31 delay=85
[orch] link change t=90.0s bw=55 delay=100
[orch] link change t=90.0s bw=45 delay=66
[orch] link change t=105.0s bw=94 delay=17
[orch] link change t=105.0s bw=76 delay=98
[orch] link change t=105.0s bw=97 delay=77
[orch] link change t=105.0s bw=75 delay=29
[orch] link change t=105.0s bw=84 delay=22
[orch] link change t=105.0s bw=81 delay=44
[orch] link change t=105.0s bw=68 delay=86
[orch] link change t=105.0s bw=54 delay=51
[orch] link change t=105.0s bw=32 delay=13
[orch] link change t=105.0s bw=13 delay=77
[orch] link change t=120.0s bw=27 delay=39
[orch] link change t=120.0s bw=70 delay=57
[orch] link change t=120.0s bw=71 delay=66
[orch] link change t=120.0s bw=22 delay=45
[orch] link change t=120.0s bw=56 delay=11
[orch] link change t=120.0s bw=79 delay=19
[orch] link change t=120.0s bw=46 delay=58
[orch] link change t=120.0s bw=44 delay=100
[orch] link change t=120.0s bw=47 delay=96
[orch] link change t=120.0s bw=26 delay=17
[orch] link change t=135.0s bw=78 delay=67
[orch] link change t=135.0s bw=86 delay=10
[orch] link change t=135.0s bw=46 delay=96
[orch] link change t=135.0s bw=54 delay=88
[orch] link change t=135.0s bw=75 delay=11
[orch] link change t=135.0s bw=83 delay=62
[orch] link change t=135.0s bw=64 delay=66
[orch] link change t=135.0s bw=52 delay=89
[orch] link change t=135.0s bw=19 delay=56
[orch] link change t=135.0s bw=92 delay=35
[orch] link change t=150.0s bw=77 delay=62
[orch] link change t=150.0s bw=79 delay=26
[orch] link change t=150.0s bw=91 delay=19
[orch] link change t=150.0s bw=10 delay=29
[orch] link change t=150.0s bw=22 delay=73
[orch] link change t=150.0s bw=72 delay=59
[orch] link change t=150.0s bw=28 delay=16
[orch] link change t=150.0s bw=49 delay=70
[orch] link change t=150.0s bw=11 delay=23
[orch] link change t=150.0s bw=89 delay=100
[orch] link change t=165.0s bw=36 delay=85
[orch] link change t=165.0s bw=77 delay=11
[orch] link change t=165.0s bw=48 delay=62
[orch] link change t=165.0s bw=77 delay=21
[orch] link change t=165.0s bw=57 delay=13
[orch] link change t=165.0s bw=54 delay=60
[orch] link change t=165.0s bw=21 delay=62
[orch] link change t=165.0s bw=84 delay=61
[orch] link change t=165.0s bw=64 delay=54
[orch] link change t=165.0s bw=68 delay=16
[orch] link change t=180.0s bw=21 delay=25
[orch] link change t=180.0s bw=72 delay=35
[orch] link change t=180.0s bw=49 delay=76
[orch] link change t=180.0s bw=17 delay=57
[orch] link change t=180.0s bw=53 delay=96
[orch] link change t=180.0s bw=41 delay=60
[orch] link change t=180.0s bw=19 delay=79
[orch] link change t=180.0s bw=38 delay=88
[orch] link change t=180.0s bw=64 delay=22
[orch] link change t=180.0s bw=32 delay=87
[orch] link change t=195.0s bw=12 delay=61
[orch] link change t=195.0s bw=46 delay=35
[orch] link change t=195.0s bw=73 delay=16
[orch] link change t=195.0s bw=42 delay=80
[orch] link change t=195.0s bw=73 delay=16
[orch] link change t=195.0s bw=31 delay=25
[orch] link change t=195.0s bw=46 delay=56
[orch] link change t=195.0s bw=20 delay=77
[orch] link change t=195.0s bw=60 delay=75
[orch] link change t=195.0s bw=50 delay=24
[orch] link change t=210.0s bw=53 delay=35
[orch] link change t=210.0s bw=67 delay=20
[orch] link change t=210.0s bw=87 delay=96
[orch] link change t=210.0s bw=100 delay=17
[orch] link change t=210.0s bw=12 delay=40
[orch] link change t=210.0s bw=75 delay=73
[orch] link change t=210.0s bw=92 delay=100
[orch] link change t=210.0s bw=72 delay=28
[orch] link change t=210.0s bw=84 delay=48
[orch] link change t=210.0s bw=42 delay=51
[orch] link change t=225.0s bw=36 delay=52
[orch] link change t=225.0s bw=52 delay=25
[orch] link change t=225.0s bw=64 delay=45
[orch] link change t=225.0s bw=59 delay=31
[orch] link change t=225.0s bw=51 delay=20
[orch] link change t=225.0s bw=99 delay=36
[orch] link change t=225.0s bw=65 delay=85
[orch] link change t=225.0s bw=65 delay=77
[orch] link change t=225.0s bw=44 delay=18
[orch] link change t=225.0s bw=28 delay=75
[orch] link change t=240.0s bw=60 delay=56
[orch] link change t=240.0s bw=14 delay=77
[orch] link change t=240.0s bw=50 delay=81
[orch] link change t=240.0s bw=85 delay=91
[orch] link change t=240.0s bw=30 delay=53
[orch] link change t=240.0s bw=77 delay=47
[orch] link change t=240.0s bw=82 delay=56
[orch] link change t=240.0s bw=41 delay=11
[orch] link change t=240.0s bw=68 delay=65
[orch] link change t=240.0s bw=97 delay=76
[orch] link change t=255.0s bw=86 delay=41
[orch] link change t=255.0s bw=24 delay=30
[orch] link change t=255.0s bw=97 delay=41
[orch] link change t=255.0s bw=49 delay=47
[orch] link change t=255.0s bw=31 delay=82
[orch] link change t=255.0s bw=33 delay=72
[orch] link change t=255.0s bw=91 delay=100
[orch] link change t=255.0s bw=58 delay=57
[orch] link change t=255.0s bw=42 delay=83
[orch] link change t=255.0s bw=22 delay=62
[orch] link change t=270.0s bw=36 delay=37
[orch] link change t=270.0s bw=66 delay=12
[orch] link change t=270.0s bw=25 delay=17
[orch] link change t=270.0s bw=58 delay=50
[orch] link change t=270.0s bw=19 delay=71
[orch] link change t=270.0s bw=100 delay=85
[orch] link change t=270.0s bw=83 delay=14
[orch] link change t=270.0s bw=78 delay=97
[orch] link change t=270.0s bw=51 delay=82
[orch] link change t=270.0s bw=16 delay=50
[orch] link change t=285.0s bw=63 delay=84
[orch] link change t=285.0s bw=65 delay=16
[orch] link change t=285.0s bw=50 delay=46
[orch] link change t=285.0s bw=37 delay=36
[orch] link change t=285.0s bw=56 delay=20
[orch] link change t=285.0s bw=51 delay=80
[orch] link change t=285.0s bw=77 delay=89
[orch] link change t=285.0s bw=88 delay=74
[orch] link change t=285.0s bw=10 delay=100
[orch] link change t=285.0s bw=52 delay=39
[orch] link change t=300.0s bw=94 delay=80
[orch] link change t=300.0s bw=14 delay=81
[orch] link change t=300.0s bw=37 delay=18
[orch] link change t=300.0s bw=67 delay=78
[orch] link change t=300.0s bw=47 delay=30
[orch] link change t=300.0s bw=31 delay=10
[orch] link change t=300.0s bw=37 delay=74
[orch] link change t=300.0s bw=13 delay=28
[orch] link change t=300.0s bw=15 delay=93
[orch] link change t=300.0s bw=29 delay=49
[orch] link change t=315.0s bw=17 delay=16
[orch] link change t=315.0s bw=55 delay=39
[orch] link change t=315.0s bw=56 delay=25
[orch] link change t=315.0s bw=32 delay=87
[orch] link change t=315.0s bw=83 delay=19
[orch] link change t=315.0s bw=86 delay=59
[orch] link change t=315.0s bw=63 delay=18
[orch] link change t=315.0s bw=70 delay=23
[orch] link change t=315.0s bw=34 delay=89
[orch] link change t=315.0s bw=30 delay=76
[orch] link change t=330.0s bw=33 delay=55
[orch] link change t=330.0s bw=30 delay=69
[orch] link change t=330.0s bw=93 delay=51
[orch] link change t=330.0s bw=26 delay=83
[orch] link change t=330.0s bw=96 delay=26
[orch] link change t=330.0s bw=73 delay=27
[orch] link change t=330.0s bw=11 delay=10
[orch] link change t=330.0s bw=42 delay=24
[orch] link change t=330.0s bw=89 delay=71
[orch] link change t=330.0s bw=49 delay=99
[multi_ep_plot] saved -> /its/home/mm2350/extra/Olympusv2/benchmarks/benchmark_responsive_fairness/data/ma_dreamer_credit/4_flows/run31/ep000031_bw11_d70_n4.pdf  return=1004275.1
[ep_plot] ep=31 -> /its/home/mm2350/extra/Olympusv2/benchmarks/benchmark_responsive_fairness/data/ma_dreamer_credit/4_flows/run31/ep000031_bw11_d70_n4.pdf  return=1004275.09375
[orch] ep=31 sum-of-agents return=1004275.1
[responsive_fairness] slot=6 ma_dreamer_credit flows=4 run=41
[responsive_fairness] ma_dreamer_credit flows=4 run=31 done (81/200)
[slot=6] ep=41  flows=4  bw=58Mbps  delay=52ms  duration=345s  delays=[0.0, 15.0, 30.0, 45.0]  lifetimes=[345.0, 330.0, 315.0, 300.0]
[multi_ep_plot] saved -> /its/home/mm2350/extra/Olympusv2/benchmarks/benchmark_responsive_fairness/data/ma_dreamer_credit/4_flows/run32/ep000032_bw19_d37_n4.pdf  return=998998.2
[ep_plot] ep=32 -> /its/home/mm2350/extra/Olympusv2/benchmarks/benchmark_responsive_fairness/data/ma_dreamer_credit/4_flows/run32/ep000032_bw19_d37_n4.pdf  return=998998.1875
[orch] ep=32 sum-of-agents return=998998.2
[sao-listener] cport=23600 worker=/its/home/mm2350/extra/Olympusv2/olympus/algorithms/ma_dreamer/worker.py scan=20ms target_cc=astraea single_flow=1 no_state_pipe=1
[responsive_fairness] slot=4 ma_dreamer_credit flows=4 run=42
[responsive_fairness] ma_dreamer_credit flows=4 run=32 done (82/200)
[sao-listener] cport=23601 worker=/its/home/mm2350/extra/Olympusv2/olympus/algorithms/ma_dreamer/worker.py scan=20ms target_cc=astraea single_flow=1 no_state_pipe=1
[slot=4] ep=42  flows=4  bw=91Mbps  delay=24ms  duration=345s  delays=[0.0, 15.0, 30.0, 45.0]  lifetimes=[345.0, 330.0, 315.0, 300.0]
[sao-listener] cport=23602 worker=/its/home/mm2350/extra/Olympusv2/olympus/algorithms/ma_dreamer/worker.py scan=20ms target_cc=astraea single_flow=1 no_state_pipe=1
[sao-listener] cport=23603 worker=/its/home/mm2350/extra/Olympusv2/olympus/algorithms/ma_dreamer/worker.py scan=20ms target_cc=astraea single_flow=1 no_state_pipe=1
[multi_ep_plot] saved -> /its/home/mm2350/extra/Olympusv2/benchmarks/benchmark_responsive_fairness/data/ma_dreamer_credit/4_flows/run33/ep000033_bw83_d31_n4.pdf  return=1255971.8
[ep_plot] ep=33 -> /its/home/mm2350/extra/Olympusv2/benchmarks/benchmark_responsive_fairness/data/ma_dreamer_credit/4_flows/run33/ep000033_bw83_d31_n4.pdf  return=1255971.75
[orch] ep=33 sum-of-agents return=1255971.8
[responsive_fairness] slot=8 ma_dreamer_credit flows=4 run=43
[responsive_fairness] ma_dreamer_credit flows=4 run=33 done (83/200)
[slot=8] ep=43  flows=4  bw=14Mbps  delay=46ms  duration=345s  delays=[0.0, 15.0, 30.0, 45.0]  lifetimes=[345.0, 330.0, 315.0, 300.0]
[sao-listener] cport=23400 worker=/its/home/mm2350/extra/Olympusv2/olympus/algorithms/ma_dreamer/worker.py scan=20ms target_cc=astraea single_flow=1 no_state_pipe=1
[sao-listener] cport=23401 worker=/its/home/mm2350/extra/Olympusv2/olympus/algorithms/ma_dreamer/worker.py scan=20ms target_cc=astraea single_flow=1 no_state_pipe=1
[sao-listener] cport=23402 worker=/its/home/mm2350/extra/Olympusv2/olympus/algorithms/ma_dreamer/worker.py scan=20ms target_cc=astraea single_flow=1 no_state_pipe=1
[sao-listener] cport=23403 worker=/its/home/mm2350/extra/Olympusv2/olympus/algorithms/ma_dreamer/worker.py scan=20ms target_cc=astraea single_flow=1 no_state_pipe=1
[sao-listener] new flow 1 10.0.0.1:23600->10.0.0.5:5207 cc=astraea pid=548858 child=549638
[sao-listener] single-flow mode: attached worker; stopping ss scans
[sao-listener flow 1] cport=23600 cc=astraea worker active
[sao-listener] cport=23800 worker=/its/home/mm2350/extra/Olympusv2/olympus/algorithms/ma_dreamer/worker.py scan=20ms target_cc=astraea single_flow=1 no_state_pipe=1
[sao-listener] cport=23801 worker=/its/home/mm2350/extra/Olympusv2/olympus/algorithms/ma_dreamer/worker.py scan=20ms target_cc=astraea single_flow=1 no_state_pipe=1
[sao-listener] cport=23802 worker=/its/home/mm2350/extra/Olympusv2/olympus/algorithms/ma_dreamer/worker.py scan=20ms target_cc=astraea single_flow=1 no_state_pipe=1
[sao-listener] cport=23803 worker=/its/home/mm2350/extra/Olympusv2/olympus/algorithms/ma_dreamer/worker.py scan=20ms target_cc=astraea single_flow=1 no_state_pipe=1
[multi_ep_plot] saved -> /its/home/mm2350/extra/Olympusv2/benchmarks/benchmark_responsive_fairness/data/ma_dreamer_credit/4_flows/run34/ep000034_bw77_d55_n4.pdf  return=1118465.0
[ep_plot] ep=34 -> /its/home/mm2350/extra/Olympusv2/benchmarks/benchmark_responsive_fairness/data/ma_dreamer_credit/4_flows/run34/ep000034_bw77_d55_n4.pdf  return=1118464.984375
[orch] ep=34 sum-of-agents return=1118465.0
[responsive_fairness] slot=2 ma_dreamer_credit flows=4 run=44
[responsive_fairness] ma_dreamer_credit flows=4 run=34 done (84/200)
[slot=2] ep=44  flows=4  bw=62Mbps  delay=76ms  duration=345s  delays=[0.0, 15.0, 30.0, 45.0]  lifetimes=[345.0, 330.0, 315.0, 300.0]
[worker cport=23600 agent=0] loaded checkpoint step=24571
[worker alg=ma_dreamer reward=tempest_fairness_ma cport=23600 agent=0 group=slot6_ep41 flow=1] started interval=20ms det=1 latent=8x8
[multi_ep_plot] saved -> /its/home/mm2350/extra/Olympusv2/benchmarks/benchmark_responsive_fairness/data/ma_dreamer_credit/4_flows/run35/ep000035_bw80_d52_n4.pdf  return=1231495.3
[ep_plot] ep=35 -> /its/home/mm2350/extra/Olympusv2/benchmarks/benchmark_responsive_fairness/data/ma_dreamer_credit/4_flows/run35/ep000035_bw80_d52_n4.pdf  return=1231495.3125
[orch] ep=35 sum-of-agents return=1231495.3
[responsive_fairness] slot=9 ma_dreamer_credit flows=4 run=45
[responsive_fairness] ma_dreamer_credit flows=4 run=35 done (85/200)
[slot=9] ep=45  flows=4  bw=44Mbps  delay=63ms  duration=345s  delays=[0.0, 15.0, 30.0, 45.0]  lifetimes=[345.0, 330.0, 315.0, 300.0]
[sao-listener] new flow 1 10.0.0.1:23400->10.0.0.5:5205 cc=astraea pid=549796 child=550604
[sao-listener] single-flow mode: attached worker; stopping ss scans
[sao-listener flow 1] cport=23400 cc=astraea worker active
[sao-listener] cport=23200 worker=/its/home/mm2350/extra/Olympusv2/olympus/algorithms/ma_dreamer/worker.py scan=20ms target_cc=astraea single_flow=1 no_state_pipe=1
[sao-listener] cport=23201 worker=/its/home/mm2350/extra/Olympusv2/olympus/algorithms/ma_dreamer/worker.py scan=20ms target_cc=astraea single_flow=1 no_state_pipe=1
[sao-listener] cport=23202 worker=/its/home/mm2350/extra/Olympusv2/olympus/algorithms/ma_dreamer/worker.py scan=20ms target_cc=astraea single_flow=1 no_state_pipe=1
[sao-listener] cport=23203 worker=/its/home/mm2350/extra/Olympusv2/olympus/algorithms/ma_dreamer/worker.py scan=20ms target_cc=astraea single_flow=1 no_state_pipe=1
[multi_ep_plot] saved -> /its/home/mm2350/extra/Olympusv2/benchmarks/benchmark_responsive_fairness/data/ma_dreamer_credit/4_flows/run36/ep000036_bw52_d17_n4.pdf  return=1162357.1
[ep_plot] ep=36 -> /its/home/mm2350/extra/Olympusv2/benchmarks/benchmark_responsive_fairness/data/ma_dreamer_credit/4_flows/run36/ep000036_bw52_d17_n4.pdf  return=1162357.09375
[orch] ep=36 sum-of-agents return=1162357.1
[responsive_fairness] slot=3 ma_dreamer_credit flows=4 run=46
[responsive_fairness] ma_dreamer_credit flows=4 run=36 done (86/200)
[slot=3] ep=46  flows=4  bw=19Mbps  delay=61ms  duration=345s  delays=[0.0, 15.0, 30.0, 45.0]  lifetimes=[345.0, 330.0, 315.0, 300.0]
[sao-listener] new flow 1 10.0.0.1:23800->10.0.0.5:5209 cc=astraea pid=550003 child=551200
[sao-listener] single-flow mode: attached worker; stopping ss scans
[sao-listener flow 1] cport=23800 cc=astraea worker active
[sao-listener] cport=23900 worker=/its/home/mm2350/extra/Olympusv2/olympus/algorithms/ma_dreamer/worker.py scan=20ms target_cc=astraea single_flow=1 no_state_pipe=1
[sao-listener] cport=23901 worker=/its/home/mm2350/extra/Olympusv2/olympus/algorithms/ma_dreamer/worker.py scan=20ms target_cc=astraea single_flow=1 no_state_pipe=1
[sao-listener] cport=23902 worker=/its/home/mm2350/extra/Olympusv2/olympus/algorithms/ma_dreamer/worker.py scan=20ms target_cc=astraea single_flow=1 no_state_pipe=1
[sao-listener] cport=23903 worker=/its/home/mm2350/extra/Olympusv2/olympus/algorithms/ma_dreamer/worker.py scan=20ms target_cc=astraea single_flow=1 no_state_pipe=1
[worker cport=23400 agent=0] loaded checkpoint step=24571
[worker alg=ma_dreamer reward=tempest_fairness_ma cport=23400 agent=0 group=slot4_ep42 flow=1] started interval=20ms det=1 latent=8x8
[sao-listener] new flow 1 10.0.0.1:23200->10.0.0.5:5203 cc=astraea pid=551368 child=552030
[sao-listener] single-flow mode: attached worker; stopping ss scans
[sao-listener flow 1] cport=23200 cc=astraea worker active
[sao-listener] cport=23300 worker=/its/home/mm2350/extra/Olympusv2/olympus/algorithms/ma_dreamer/worker.py scan=20ms target_cc=astraea single_flow=1 no_state_pipe=1
[sao-listener] cport=23301 worker=/its/home/mm2350/extra/Olympusv2/olympus/algorithms/ma_dreamer/worker.py scan=20ms target_cc=astraea single_flow=1 no_state_pipe=1
[sao-listener] cport=23302 worker=/its/home/mm2350/extra/Olympusv2/olympus/algorithms/ma_dreamer/worker.py scan=20ms target_cc=astraea single_flow=1 no_state_pipe=1
[sao-listener] cport=23303 worker=/its/home/mm2350/extra/Olympusv2/olympus/algorithms/ma_dreamer/worker.py scan=20ms target_cc=astraea single_flow=1 no_state_pipe=1
[multi_ep_plot] saved -> /its/home/mm2350/extra/Olympusv2/benchmarks/benchmark_responsive_fairness/data/ma_dreamer_credit/4_flows/run37/ep000037_bw97_d87_n4.pdf  return=939646.1
[ep_plot] ep=37 -> /its/home/mm2350/extra/Olympusv2/benchmarks/benchmark_responsive_fairness/data/ma_dreamer_credit/4_flows/run37/ep000037_bw97_d87_n4.pdf  return=939646.09375
[orch] ep=37 sum-of-agents return=939646.1
[responsive_fairness] slot=1 ma_dreamer_credit flows=4 run=47
[responsive_fairness] ma_dreamer_credit flows=4 run=37 done (87/200)
[slot=1] ep=47  flows=4  bw=55Mbps  delay=18ms  duration=345s  delays=[0.0, 15.0, 30.0, 45.0]  lifetimes=[345.0, 330.0, 315.0, 300.0]
[worker cport=23800 agent=0] loaded checkpoint step=24571
[worker alg=ma_dreamer reward=tempest_fairness_ma cport=23800 agent=0 group=slot8_ep43 flow=1] started interval=20ms det=1 latent=8x8
[multi_ep_plot] saved -> /its/home/mm2350/extra/Olympusv2/benchmarks/benchmark_responsive_fairness/data/ma_dreamer_credit/4_flows/run38/ep000038_bw91_d63_n4.pdf  return=1087991.3
[ep_plot] ep=38 -> /its/home/mm2350/extra/Olympusv2/benchmarks/benchmark_responsive_fairness/data/ma_dreamer_credit/4_flows/run38/ep000038_bw91_d63_n4.pdf  return=1087991.328125
[orch] ep=38 sum-of-agents return=1087991.3
[responsive_fairness] slot=5 ma_dreamer_credit flows=4 run=48
[responsive_fairness] ma_dreamer_credit flows=4 run=38 done (88/200)
[slot=5] ep=48  flows=4  bw=80Mbps  delay=50ms  duration=345s  delays=[0.0, 15.0, 30.0, 45.0]  lifetimes=[345.0, 330.0, 315.0, 300.0]
[worker cport=23200 agent=0] loaded checkpoint step=24571
[worker alg=ma_dreamer reward=tempest_fairness_ma cport=23200 agent=0 group=slot2_ep44 flow=1] started interval=20ms det=1 latent=8x8
[sao-listener] new flow 1 10.0.0.1:23900->10.0.0.5:5210 cc=astraea pid=552252 child=553251
[sao-listener] single-flow mode: attached worker; stopping ss scans
[sao-listener flow 1] cport=23900 cc=astraea worker active
[sao-listener] cport=23100 worker=/its/home/mm2350/extra/Olympusv2/olympus/algorithms/ma_dreamer/worker.py scan=20ms target_cc=astraea single_flow=1 no_state_pipe=1
[sao-listener] cport=23101 worker=/its/home/mm2350/extra/Olympusv2/olympus/algorithms/ma_dreamer/worker.py scan=20ms target_cc=astraea single_flow=1 no_state_pipe=1
[sao-listener] cport=23102 worker=/its/home/mm2350/extra/Olympusv2/olympus/algorithms/ma_dreamer/worker.py scan=20ms target_cc=astraea single_flow=1 no_state_pipe=1
[sao-listener] cport=23103 worker=/its/home/mm2350/extra/Olympusv2/olympus/algorithms/ma_dreamer/worker.py scan=20ms target_cc=astraea single_flow=1 no_state_pipe=1
[sao-listener] cport=23500 worker=/its/home/mm2350/extra/Olympusv2/olympus/algorithms/ma_dreamer/worker.py scan=20ms target_cc=astraea single_flow=1 no_state_pipe=1
[sao-listener] cport=23501 worker=/its/home/mm2350/extra/Olympusv2/olympus/algorithms/ma_dreamer/worker.py scan=20ms target_cc=astraea single_flow=1 no_state_pipe=1
[sao-listener] cport=23502 worker=/its/home/mm2350/extra/Olympusv2/olympus/algorithms/ma_dreamer/worker.py scan=20ms target_cc=astraea single_flow=1 no_state_pipe=1
[sao-listener] cport=23503 worker=/its/home/mm2350/extra/Olympusv2/olympus/algorithms/ma_dreamer/worker.py scan=20ms target_cc=astraea single_flow=1 no_state_pipe=1
[sao-listener] new flow 1 10.0.0.1:23300->10.0.0.5:5204 cc=astraea pid=552799 child=554472
[sao-listener] single-flow mode: attached worker; stopping ss scans
[sao-listener flow 1] cport=23300 cc=astraea worker active
[worker cport=23900 agent=0] loaded checkpoint step=24571
[worker alg=ma_dreamer reward=tempest_fairness_ma cport=23900 agent=0 group=slot9_ep45 flow=1] started interval=20ms det=1 latent=8x8
[multi_ep_plot] saved -> /its/home/mm2350/extra/Olympusv2/benchmarks/benchmark_responsive_fairness/data/ma_dreamer_credit/4_flows/run39/ep000039_bw36_d43_n4.pdf  return=354222.8
[ep_plot] ep=39 -> /its/home/mm2350/extra/Olympusv2/benchmarks/benchmark_responsive_fairness/data/ma_dreamer_credit/4_flows/run39/ep000039_bw36_d43_n4.pdf  return=354222.76953125
[orch] ep=39 sum-of-agents return=354222.8
[responsive_fairness] slot=0 ma_dreamer_credit flows=4 run=49
[responsive_fairness] ma_dreamer_credit flows=4 run=39 done (89/200)
[slot=0] ep=49  flows=4  bw=18Mbps  delay=54ms  duration=345s  delays=[0.0, 15.0, 30.0, 45.0]  lifetimes=[345.0, 330.0, 315.0, 300.0]
[multi_ep_plot] saved -> /its/home/mm2350/extra/Olympusv2/benchmarks/benchmark_responsive_fairness/data/ma_dreamer_credit/4_flows/run40/ep000040_bw68_d84_n4.pdf  return=564123.7
[ep_plot] ep=40 -> /its/home/mm2350/extra/Olympusv2/benchmarks/benchmark_responsive_fairness/data/ma_dreamer_credit/4_flows/run40/ep000040_bw68_d84_n4.pdf  return=564123.7421875
[orch] ep=40 sum-of-agents return=564123.7
[responsive_fairness] slot=7 ma_dreamer_credit flows=4 run=50
[responsive_fairness] ma_dreamer_credit flows=4 run=40 done (90/200)
[slot=7] ep=50  flows=4  bw=73Mbps  delay=44ms  duration=345s  delays=[0.0, 15.0, 30.0, 45.0]  lifetimes=[345.0, 330.0, 315.0, 300.0]
[worker cport=23300 agent=0] loaded checkpoint step=24571
[worker alg=ma_dreamer reward=tempest_fairness_ma cport=23300 agent=0 group=slot3_ep46 flow=1] started interval=20ms det=1 latent=8x8
[sao-listener] cport=23000 worker=/its/home/mm2350/extra/Olympusv2/olympus/algorithms/ma_dreamer/worker.py scan=20ms target_cc=astraea single_flow=1 no_state_pipe=1
[sao-listener] cport=23001 worker=/its/home/mm2350/extra/Olympusv2/olympus/algorithms/ma_dreamer/worker.py scan=20ms target_cc=astraea single_flow=1 no_state_pipe=1
[sao-listener] cport=23002 worker=/its/home/mm2350/extra/Olympusv2/olympus/algorithms/ma_dreamer/worker.py scan=20ms target_cc=astraea single_flow=1 no_state_pipe=1
[sao-listener] cport=23003 worker=/its/home/mm2350/extra/Olympusv2/olympus/algorithms/ma_dreamer/worker.py scan=20ms target_cc=astraea single_flow=1 no_state_pipe=1
[sao-listener] new flow 1 10.0.0.1:23100->10.0.0.5:5202 cc=astraea pid=554150 child=556007
[sao-listener] single-flow mode: attached worker; stopping ss scans
[sao-listener flow 1] cport=23100 cc=astraea worker active
[sao-listener] cport=23700 worker=/its/home/mm2350/extra/Olympusv2/olympus/algorithms/ma_dreamer/worker.py scan=20ms target_cc=astraea single_flow=1 no_state_pipe=1
[sao-listener] cport=23701 worker=/its/home/mm2350/extra/Olympusv2/olympus/algorithms/ma_dreamer/worker.py scan=20ms target_cc=astraea single_flow=1 no_state_pipe=1
[sao-listener] cport=23702 worker=/its/home/mm2350/extra/Olympusv2/olympus/algorithms/ma_dreamer/worker.py scan=20ms target_cc=astraea single_flow=1 no_state_pipe=1
[sao-listener] cport=23703 worker=/its/home/mm2350/extra/Olympusv2/olympus/algorithms/ma_dreamer/worker.py scan=20ms target_cc=astraea single_flow=1 no_state_pipe=1
[worker cport=23100 agent=0] loaded checkpoint step=24571
[worker alg=ma_dreamer reward=tempest_fairness_ma cport=23100 agent=0 group=slot1_ep47 flow=1] started interval=20ms det=1 latent=8x8
[sao-listener] new flow 1 10.0.0.1:23500->10.0.0.5:5206 cc=astraea pid=554812 child=557275
[sao-listener] single-flow mode: attached worker; stopping ss scans
[sao-listener flow 1] cport=23500 cc=astraea worker active
[worker cport=23500 agent=0] loaded checkpoint step=24571
[worker alg=ma_dreamer reward=tempest_fairness_ma cport=23500 agent=0 group=slot5_ep48 flow=1] started interval=20ms det=1 latent=8x8
[sao-listener] new flow 1 10.0.0.1:23000->10.0.0.5:5201 cc=astraea pid=556397 child=558517
[sao-listener] single-flow mode: attached worker; stopping ss scans
[sao-listener flow 1] cport=23000 cc=astraea worker active
[worker cport=23000 agent=0] loaded checkpoint step=24571
[worker alg=ma_dreamer reward=tempest_fairness_ma cport=23000 agent=0 group=slot0_ep49 flow=1] started interval=20ms det=1 latent=8x8
[sao-listener] new flow 1 10.0.0.1:23700->10.0.0.5:5208 cc=astraea pid=557033 child=559316
[sao-listener] single-flow mode: attached worker; stopping ss scans
[sao-listener flow 1] cport=23700 cc=astraea worker active
[worker cport=23700 agent=0] loaded checkpoint step=24571
[worker alg=ma_dreamer reward=tempest_fairness_ma cport=23700 agent=0 group=slot7_ep50 flow=1] started interval=20ms det=1 latent=8x8
[orch] link change t=15.0s bw=39 delay=31
[orch] link change t=15.0s bw=13 delay=45
[orch] link change t=15.0s bw=99 delay=28
[sao-listener] new flow 1 10.0.0.2:23601->10.0.0.6:5207 cc=astraea pid=564239 child=565652
[sao-listener] single-flow mode: attached worker; stopping ss scans
[sao-listener flow 1] cport=23601 cc=astraea worker active
[orch] link change t=15.0s bw=79 delay=99
[sao-listener] new flow 1 10.0.0.2:23401->10.0.0.6:5205 cc=astraea pid=564919 child=566028
[sao-listener] single-flow mode: attached worker; stopping ss scans
[sao-listener flow 1] cport=23401 cc=astraea worker active
[orch] link change t=15.0s bw=72 delay=42
[sao-listener] new flow 1 10.0.0.2:23801->10.0.0.6:5209 cc=astraea pid=565266 child=566477
[sao-listener] single-flow mode: attached worker; stopping ss scans
[sao-listener flow 1] cport=23801 cc=astraea worker active
[worker cport=23601 agent=1] loaded checkpoint step=24571
[worker alg=ma_dreamer reward=tempest_fairness_ma cport=23601 agent=1 group=slot6_ep41 flow=1] started interval=20ms det=1 latent=8x8
[orch] link change t=15.0s bw=15 delay=85
[worker cport=23401 agent=1] loaded checkpoint step=24571
[worker alg=ma_dreamer reward=tempest_fairness_ma cport=23401 agent=1 group=slot4_ep42 flow=1] started interval=20ms det=1 latent=8x8
[worker cport=23801 agent=1] loaded checkpoint step=24571
[worker alg=ma_dreamer reward=tempest_fairness_ma cport=23801 agent=1 group=slot8_ep43 flow=1] started interval=20ms det=1 latent=8x8
[orch] link change t=15.0s bw=65 delay=80
[orch] link change t=15.0s bw=26 delay=81
[sao-listener] new flow 1 10.0.0.2:23101->10.0.0.6:5202 cc=astraea pid=568313 child=568788
[sao-listener] single-flow mode: attached worker; stopping ss scans
[sao-listener flow 1] cport=23101 cc=astraea worker active
[sao-listener] new flow 1 10.0.0.2:23901->10.0.0.6:5210 cc=astraea pid=566963 child=568796
[sao-listener] single-flow mode: attached worker; stopping ss scans
[sao-listener flow 1] cport=23901 cc=astraea worker active
[sao-listener] new flow 1 10.0.0.2:23201->10.0.0.6:5203 cc=astraea pid=566338 child=569268
[sao-listener] single-flow mode: attached worker; stopping ss scans
[sao-listener flow 1] cport=23201 cc=astraea worker active
[orch] link change t=15.0s bw=62 delay=24
[worker cport=23901 agent=1] loaded checkpoint step=24571
[worker alg=ma_dreamer reward=tempest_fairness_ma cport=23901 agent=1 group=slot9_ep45 flow=1] started interval=20ms det=1 latent=8x8
[worker cport=23101 agent=1] loaded checkpoint step=24571
[worker alg=ma_dreamer reward=tempest_fairness_ma cport=23101 agent=1 group=slot1_ep47 flow=1] started interval=20ms det=1 latent=8x8
[sao-listener] new flow 1 10.0.0.2:23301->10.0.0.6:5204 cc=astraea pid=567472 child=569761
[sao-listener] single-flow mode: attached worker; stopping ss scans
[sao-listener flow 1] cport=23301 cc=astraea worker active
[sao-listener] new flow 1 10.0.0.2:23501->10.0.0.6:5206 cc=astraea pid=568942 child=569863
[sao-listener] single-flow mode: attached worker; stopping ss scans
[sao-listener flow 1] cport=23501 cc=astraea worker active
[orch] link change t=15.0s bw=56 delay=91
[worker cport=23201 agent=1] loaded checkpoint step=24571
[worker alg=ma_dreamer reward=tempest_fairness_ma cport=23201 agent=1 group=slot2_ep44 flow=1] started interval=20ms det=1 latent=8x8
[worker cport=23301 agent=1] loaded checkpoint step=24571
[worker alg=ma_dreamer reward=tempest_fairness_ma cport=23301 agent=1 group=slot3_ep46 flow=1] started interval=20ms det=1 latent=8x8
[worker cport=23501 agent=1] loaded checkpoint step=24571
[worker alg=ma_dreamer reward=tempest_fairness_ma cport=23501 agent=1 group=slot5_ep48 flow=1] started interval=20ms det=1 latent=8x8
[sao-listener] new flow 1 10.0.0.2:23001->10.0.0.6:5201 cc=astraea pid=570115 child=571122
[sao-listener] single-flow mode: attached worker; stopping ss scans
[sao-listener flow 1] cport=23001 cc=astraea worker active
[worker cport=23001 agent=1] loaded checkpoint step=24571
[worker alg=ma_dreamer reward=tempest_fairness_ma cport=23001 agent=1 group=slot0_ep49 flow=1] started interval=20ms det=1 latent=8x8
[sao-listener] new flow 1 10.0.0.2:23701->10.0.0.6:5208 cc=astraea pid=570692 child=571781
[sao-listener] single-flow mode: attached worker; stopping ss scans
[sao-listener flow 1] cport=23701 cc=astraea worker active
[worker cport=23701 agent=1] loaded checkpoint step=24571
[worker alg=ma_dreamer reward=tempest_fairness_ma cport=23701 agent=1 group=slot7_ep50 flow=1] started interval=20ms det=1 latent=8x8
[orch] link change t=30.0s bw=59 delay=83
[orch] link change t=30.0s bw=41 delay=38
[orch] link change t=30.0s bw=69 delay=57
[orch] link change t=30.0s bw=24 delay=32
[orch] link change t=30.0s bw=20 delay=48
[sao-listener] new flow 1 10.0.0.3:23402->10.0.0.7:5205 cc=astraea pid=576423 child=577582
[sao-listener] single-flow mode: attached worker; stopping ss scans
[sao-listener flow 1] cport=23402 cc=astraea worker active
[orch] link change t=30.0s bw=85 delay=39
[sao-listener] new flow 1 10.0.0.3:23602->10.0.0.7:5207 cc=astraea pid=575950 child=577852
[sao-listener] single-flow mode: attached worker; stopping ss scans
[sao-listener flow 1] cport=23602 cc=astraea worker active
[worker cport=23402 agent=2] loaded checkpoint step=24571
[worker alg=ma_dreamer reward=tempest_fairness_ma cport=23402 agent=2 group=slot4_ep42 flow=1] started interval=20ms det=1 latent=8x8
[sao-listener] new flow 1 10.0.0.3:23902->10.0.0.7:5210 cc=astraea pid=577720 child=578265
[sao-listener] single-flow mode: attached worker; stopping ss scans
[sao-listener flow 1] cport=23902 cc=astraea worker active
[orch] link change t=30.0s bw=68 delay=83
[sao-listener] new flow 1 10.0.0.3:23802->10.0.0.7:5209 cc=astraea pid=576663 child=578397
[sao-listener] single-flow mode: attached worker; stopping ss scans
[sao-listener flow 1] cport=23802 cc=astraea worker active
[worker cport=23602 agent=2] loaded checkpoint step=24571
[worker alg=ma_dreamer reward=tempest_fairness_ma cport=23602 agent=2 group=slot6_ep41 flow=1] started interval=20ms det=1 latent=8x8
[sao-listener] new flow 1 10.0.0.3:23202->10.0.0.7:5203 cc=astraea pid=577348 child=578671
[sao-listener] single-flow mode: attached worker; stopping ss scans
[sao-listener flow 1] cport=23202 cc=astraea worker active
[orch] link change t=30.0s bw=78 delay=48
[worker cport=23902 agent=2] loaded checkpoint step=24571
[worker alg=ma_dreamer reward=tempest_fairness_ma cport=23902 agent=2 group=slot9_ep45 flow=1] started interval=20ms det=1 latent=8x8
[sao-listener] new flow 1 10.0.0.3:23302->10.0.0.7:5204 cc=astraea pid=578078 child=578946
[sao-listener] single-flow mode: attached worker; stopping ss scans
[sao-listener flow 1] cport=23302 cc=astraea worker active
[worker cport=23802 agent=2] loaded checkpoint step=24571
[worker alg=ma_dreamer reward=tempest_fairness_ma cport=23802 agent=2 group=slot8_ep43 flow=1] started interval=20ms det=1 latent=8x8
[worker cport=23202 agent=2] loaded checkpoint step=24571
[worker alg=ma_dreamer reward=tempest_fairness_ma cport=23202 agent=2 group=slot2_ep44 flow=1] started interval=20ms det=1 latent=8x8
[worker cport=23302 agent=2] loaded checkpoint step=24571
[worker alg=ma_dreamer reward=tempest_fairness_ma cport=23302 agent=2 group=slot3_ep46 flow=1] started interval=20ms det=1 latent=8x8
[orch] link change t=30.0s bw=51 delay=80
[sao-listener] new flow 1 10.0.0.3:23102->10.0.0.7:5202 cc=astraea pid=578812 child=579895
[sao-listener] single-flow mode: attached worker; stopping ss scans
[sao-listener flow 1] cport=23102 cc=astraea worker active
[orch] link change t=30.0s bw=41 delay=98
[worker cport=23102 agent=2] loaded checkpoint step=24571
[worker alg=ma_dreamer reward=tempest_fairness_ma cport=23102 agent=2 group=slot1_ep47 flow=1] started interval=20ms det=1 latent=8x8
[sao-listener] new flow 1 10.0.0.3:23502->10.0.0.7:5206 cc=astraea pid=579227 child=580416
[sao-listener] single-flow mode: attached worker; stopping ss scans
[sao-listener flow 1] cport=23502 cc=astraea worker active
[worker cport=23502 agent=2] loaded checkpoint step=24571
[worker alg=ma_dreamer reward=tempest_fairness_ma cport=23502 agent=2 group=slot5_ep48 flow=1] started interval=20ms det=1 latent=8x8
[sao-listener] new flow 1 10.0.0.3:23002->10.0.0.7:5201 cc=astraea pid=579928 child=581110
[sao-listener] single-flow mode: attached worker; stopping ss scans
[sao-listener flow 1] cport=23002 cc=astraea worker active
[sao-listener] new flow 1 10.0.0.3:23702->10.0.0.7:5208 cc=astraea pid=580221 child=581427
[sao-listener] single-flow mode: attached worker; stopping ss scans
[sao-listener flow 1] cport=23702 cc=astraea worker active
[worker cport=23002 agent=2] loaded checkpoint step=24571
[worker alg=ma_dreamer reward=tempest_fairness_ma cport=23002 agent=2 group=slot0_ep49 flow=1] started interval=20ms det=1 latent=8x8
[worker cport=23702 agent=2] loaded checkpoint step=24571
[worker alg=ma_dreamer reward=tempest_fairness_ma cport=23702 agent=2 group=slot7_ep50 flow=1] started interval=20ms det=1 latent=8x8
[orch] link change t=45.0s bw=98 delay=46
[orch] link change t=45.0s bw=27 delay=23
[orch] link change t=45.0s bw=95 delay=99
[sao-listener] new flow 1 10.0.0.4:23403->10.0.0.8:5205 cc=astraea pid=583460 child=583667
[sao-listener] single-flow mode: attached worker; stopping ss scans
[sao-listener flow 1] cport=23403 cc=astraea worker active
[sao-listener] new flow 1 10.0.0.4:23603->10.0.0.8:5207 cc=astraea pid=583215 child=583728
[sao-listener] single-flow mode: attached worker; stopping ss scans
[sao-listener flow 1] cport=23603 cc=astraea worker active
[orch] link change t=45.0s bw=58 delay=38
[sao-listener] new flow 1 10.0.0.4:23803->10.0.0.8:5209 cc=astraea pid=583571 child=583934
[sao-listener] single-flow mode: attached worker; stopping ss scans
[sao-listener flow 1] cport=23803 cc=astraea worker active
[orch] link change t=45.0s bw=53 delay=12
[worker cport=23603 agent=3] loaded checkpoint step=24571
[worker alg=ma_dreamer reward=tempest_fairness_ma cport=23603 agent=3 group=slot6_ep41 flow=1] started interval=20ms det=1 latent=8x8
[worker cport=23403 agent=3] loaded checkpoint step=24571
[worker alg=ma_dreamer reward=tempest_fairness_ma cport=23403 agent=3 group=slot4_ep42 flow=1] started interval=20ms det=1 latent=8x8
[orch] link change t=45.0s bw=91 delay=76
[sao-listener] new flow 1 10.0.0.4:23203->10.0.0.8:5203 cc=astraea pid=584002 child=584247
[sao-listener] single-flow mode: attached worker; stopping ss scans
[sao-listener flow 1] cport=23203 cc=astraea worker active
[worker cport=23803 agent=3] loaded checkpoint step=24571
[worker alg=ma_dreamer reward=tempest_fairness_ma cport=23803 agent=3 group=slot8_ep43 flow=1] started interval=20ms det=1 latent=8x8
[orch] link change t=45.0s bw=53 delay=42
[worker cport=23203 agent=3] loaded checkpoint step=24571
[worker alg=ma_dreamer reward=tempest_fairness_ma cport=23203 agent=3 group=slot2_ep44 flow=1] started interval=20ms det=1 latent=8x8
[orch] link change t=45.0s bw=74 delay=34
[sao-listener] new flow 1 10.0.0.4:23903->10.0.0.8:5210 cc=astraea pid=584227 child=584766
[sao-listener] single-flow mode: attached worker; stopping ss scans
[sao-listener flow 1] cport=23903 cc=astraea worker active
[sao-listener] new flow 1 10.0.0.4:23103->10.0.0.8:5202 cc=astraea pid=584641 child=584842
[sao-listener] single-flow mode: attached worker; stopping ss scans
[sao-listener flow 1] cport=23103 cc=astraea worker active
[orch] link change t=45.0s bw=75 delay=16
[sao-listener] new flow 1 10.0.0.4:23303->10.0.0.8:5204 cc=astraea pid=584421 child=584972
[sao-listener] single-flow mode: attached worker; stopping ss scans
[sao-listener flow 1] cport=23303 cc=astraea worker active
[worker cport=23903 agent=3] loaded checkpoint step=24571
[worker alg=ma_dreamer reward=tempest_fairness_ma cport=23903 agent=3 group=slot9_ep45 flow=1] started interval=20ms det=1 latent=8x8
[sao-listener] new flow 1 10.0.0.4:23503->10.0.0.8:5206 cc=astraea pid=584753 child=585092
[sao-listener] single-flow mode: attached worker; stopping ss scans
[sao-listener flow 1] cport=23503 cc=astraea worker active
[worker cport=23103 agent=3] loaded checkpoint step=24571
[worker alg=ma_dreamer reward=tempest_fairness_ma cport=23103 agent=3 group=slot1_ep47 flow=1] started interval=20ms det=1 latent=8x8
[orch] link change t=45.0s bw=70 delay=52
[worker cport=23303 agent=3] loaded checkpoint step=24571
[worker alg=ma_dreamer reward=tempest_fairness_ma cport=23303 agent=3 group=slot3_ep46 flow=1] started interval=20ms det=1 latent=8x8
[worker cport=23503 agent=3] loaded checkpoint step=24571
[worker alg=ma_dreamer reward=tempest_fairness_ma cport=23503 agent=3 group=slot5_ep48 flow=1] started interval=20ms det=1 latent=8x8
[sao-listener] new flow 1 10.0.0.4:23003->10.0.0.8:5201 cc=astraea pid=585199 child=585401
[sao-listener] single-flow mode: attached worker; stopping ss scans
[sao-listener flow 1] cport=23003 cc=astraea worker active
[sao-listener] new flow 1 10.0.0.4:23703->10.0.0.8:5208 cc=astraea pid=585293 child=585472
[sao-listener] single-flow mode: attached worker; stopping ss scans
[sao-listener flow 1] cport=23703 cc=astraea worker active
[worker cport=23003 agent=3] loaded checkpoint step=24571
[worker alg=ma_dreamer reward=tempest_fairness_ma cport=23003 agent=3 group=slot0_ep49 flow=1] started interval=20ms det=1 latent=8x8
[worker cport=23703 agent=3] loaded checkpoint step=24571
[worker alg=ma_dreamer reward=tempest_fairness_ma cport=23703 agent=3 group=slot7_ep50 flow=1] started interval=20ms det=1 latent=8x8
[orch] link change t=60.0s bw=80 delay=45
[orch] link change t=60.0s bw=96 delay=79
[orch] link change t=60.0s bw=22 delay=68
[orch] link change t=60.0s bw=47 delay=13
[orch] link change t=60.0s bw=19 delay=71
[orch] link change t=60.0s bw=29 delay=84
[orch] link change t=60.0s bw=75 delay=59
[orch] link change t=60.0s bw=65 delay=31
[orch] link change t=60.0s bw=97 delay=15
[orch] link change t=60.0s bw=20 delay=78
[orch] link change t=75.0s bw=59 delay=83
[orch] link change t=75.0s bw=21 delay=85
[orch] link change t=75.0s bw=86 delay=73
[orch] link change t=75.0s bw=38 delay=24
[orch] link change t=75.0s bw=11 delay=24
[orch] link change t=75.0s bw=78 delay=14
[orch] link change t=75.0s bw=60 delay=88
[orch] link change t=75.0s bw=29 delay=94
[orch] link change t=75.0s bw=45 delay=29
[orch] link change t=75.0s bw=50 delay=38
[orch] link change t=90.0s bw=11 delay=41
[orch] link change t=90.0s bw=64 delay=14
[orch] link change t=90.0s bw=87 delay=12
[orch] link change t=90.0s bw=82 delay=11
[orch] link change t=90.0s bw=46 delay=25
[orch] link change t=90.0s bw=13 delay=18
[orch] link change t=90.0s bw=15 delay=63
[orch] link change t=90.0s bw=23 delay=73
[orch] link change t=90.0s bw=68 delay=15
[orch] link change t=90.0s bw=96 delay=81
[orch] link change t=105.0s bw=94 delay=12
[orch] link change t=105.0s bw=13 delay=21
[orch] link change t=105.0s bw=75 delay=65
[orch] link change t=105.0s bw=22 delay=30
[orch] link change t=105.0s bw=49 delay=93
[orch] link change t=105.0s bw=50 delay=90
[orch] link change t=105.0s bw=94 delay=13
[orch] link change t=105.0s bw=93 delay=38
[orch] link change t=105.0s bw=90 delay=79
[orch] link change t=105.0s bw=20 delay=29
[orch] link change t=120.0s bw=66 delay=29
[orch] link change t=120.0s bw=37 delay=39
[orch] link change t=120.0s bw=83 delay=57
[orch] link change t=120.0s bw=75 delay=98
[orch] link change t=120.0s bw=14 delay=89
[orch] link change t=120.0s bw=16 delay=13
[orch] link change t=120.0s bw=23 delay=10
[orch] link change t=120.0s bw=37 delay=75
[orch] link change t=120.0s bw=74 delay=38
[orch] link change t=120.0s bw=54 delay=22
[orch] link change t=135.0s bw=29 delay=50
[orch] link change t=135.0s bw=74 delay=87
[orch] link change t=135.0s bw=89 delay=80
[orch] link change t=135.0s bw=48 delay=98
[orch] link change t=135.0s bw=18 delay=27
[orch] link change t=135.0s bw=27 delay=80
[orch] link change t=135.0s bw=43 delay=71
[orch] link change t=135.0s bw=81 delay=75
[orch] link change t=135.0s bw=87 delay=46
[orch] link change t=135.0s bw=54 delay=50
[orch] link change t=150.0s bw=31 delay=42
[orch] link change t=150.0s bw=13 delay=81
[orch] link change t=150.0s bw=65 delay=60
[orch] link change t=150.0s bw=91 delay=58
[orch] link change t=150.0s bw=44 delay=29
[orch] link change t=150.0s bw=47 delay=77
[orch] link change t=150.0s bw=79 delay=11
[orch] link change t=150.0s bw=29 delay=70
[orch] link change t=150.0s bw=83 delay=57
[orch] link change t=150.0s bw=38 delay=34
[orch] link change t=165.0s bw=93 delay=98
[orch] link change t=165.0s bw=35 delay=93
[orch] link change t=165.0s bw=32 delay=17
[orch] link change t=165.0s bw=85 delay=61
[orch] link change t=165.0s bw=37 delay=64
[orch] link change t=165.0s bw=52 delay=21
[orch] link change t=165.0s bw=50 delay=82
[orch] link change t=165.0s bw=37 delay=13
[orch] link change t=165.0s bw=61 delay=13
[orch] link change t=165.0s bw=18 delay=52
[orch] link change t=180.0s bw=89 delay=84
[orch] link change t=180.0s bw=99 delay=79
[orch] link change t=180.0s bw=23 delay=25
[orch] link change t=180.0s bw=98 delay=95
[orch] link change t=180.0s bw=19 delay=88
[orch] link change t=180.0s bw=60 delay=100
[orch] link change t=180.0s bw=64 delay=39
[orch] link change t=180.0s bw=19 delay=64
[orch] link change t=180.0s bw=41 delay=27
[orch] link change t=180.0s bw=87 delay=87
[orch] link change t=195.0s bw=17 delay=25
[orch] link change t=195.0s bw=63 delay=38
[orch] link change t=195.0s bw=58 delay=29
[orch] link change t=195.0s bw=51 delay=55
[orch] link change t=195.0s bw=62 delay=28
[orch] link change t=195.0s bw=71 delay=56
[orch] link change t=195.0s bw=40 delay=76
[orch] link change t=195.0s bw=18 delay=26
[orch] link change t=195.0s bw=22 delay=64
[orch] link change t=195.0s bw=64 delay=91
[orch] link change t=210.0s bw=85 delay=14
[orch] link change t=210.0s bw=67 delay=85
[orch] link change t=210.0s bw=22 delay=30
[orch] link change t=210.0s bw=19 delay=53
[orch] link change t=210.0s bw=99 delay=17
[orch] link change t=210.0s bw=29 delay=70
[orch] link change t=210.0s bw=75 delay=55
[orch] link change t=210.0s bw=73 delay=96
[orch] link change t=210.0s bw=58 delay=51
[orch] link change t=210.0s bw=21 delay=18
[orch] link change t=225.0s bw=65 delay=46
[orch] link change t=225.0s bw=45 delay=10
[orch] link change t=225.0s bw=75 delay=73
[orch] link change t=225.0s bw=46 delay=89
[orch] link change t=225.0s bw=14 delay=32
[orch] link change t=225.0s bw=69 delay=19
[orch] link change t=225.0s bw=66 delay=40
[orch] link change t=225.0s bw=30 delay=26
[orch] link change t=225.0s bw=55 delay=44
[orch] link change t=225.0s bw=98 delay=87
[orch] link change t=240.0s bw=37 delay=19
[orch] link change t=240.0s bw=30 delay=99
[orch] link change t=240.0s bw=26 delay=59
[orch] link change t=240.0s bw=30 delay=24
[orch] link change t=240.0s bw=51 delay=42
[orch] link change t=240.0s bw=68 delay=99
[orch] link change t=240.0s bw=14 delay=81
[orch] link change t=240.0s bw=17 delay=99
[orch] link change t=240.0s bw=93 delay=61
[orch] link change t=240.0s bw=52 delay=98
[orch] link change t=255.0s bw=56 delay=70
[orch] link change t=255.0s bw=64 delay=53
[orch] link change t=255.0s bw=86 delay=74
[orch] link change t=255.0s bw=75 delay=18
[orch] link change t=255.0s bw=55 delay=50
[orch] link change t=255.0s bw=79 delay=89
[orch] link change t=255.0s bw=57 delay=98
[orch] link change t=255.0s bw=80 delay=47
[orch] link change t=255.0s bw=88 delay=89
[orch] link change t=255.0s bw=92 delay=65
[orch] link change t=270.0s bw=26 delay=81
[orch] link change t=270.0s bw=45 delay=29
[orch] link change t=270.0s bw=44 delay=83
[orch] link change t=270.0s bw=85 delay=22
[orch] link change t=270.0s bw=22 delay=62
[orch] link change t=270.0s bw=24 delay=65
[orch] link change t=270.0s bw=55 delay=86
[orch] link change t=270.0s bw=53 delay=99
[orch] link change t=270.0s bw=16 delay=94
[orch] link change t=270.0s bw=10 delay=39
[orch] link change t=285.0s bw=95 delay=12
[orch] link change t=285.0s bw=37 delay=53
[orch] link change t=285.0s bw=33 delay=58
[orch] link change t=285.0s bw=44 delay=50
[orch] link change t=285.0s bw=21 delay=12
[orch] link change t=285.0s bw=38 delay=53
[orch] link change t=285.0s bw=53 delay=81
[orch] link change t=285.0s bw=53 delay=22
[orch] link change t=285.0s bw=62 delay=98
[orch] link change t=285.0s bw=53 delay=44
[orch] link change t=300.0s bw=25 delay=22
[orch] link change t=300.0s bw=23 delay=21
[orch] link change t=300.0s bw=18 delay=16
[orch] link change t=300.0s bw=23 delay=90
[orch] link change t=300.0s bw=52 delay=50
[orch] link change t=300.0s bw=74 delay=66
[orch] link change t=300.0s bw=83 delay=35
[orch] link change t=300.0s bw=40 delay=44
[orch] link change t=300.0s bw=79 delay=88
[orch] link change t=300.0s bw=65 delay=99
[orch] link change t=315.0s bw=28 delay=98
[orch] link change t=315.0s bw=58 delay=22
[orch] link change t=315.0s bw=84 delay=17
[orch] link change t=315.0s bw=47 delay=14
[orch] link change t=315.0s bw=59 delay=99
[orch] link change t=315.0s bw=45 delay=29
[orch] link change t=315.0s bw=40 delay=14
[orch] link change t=315.0s bw=43 delay=92
[orch] link change t=315.0s bw=36 delay=93
[orch] link change t=315.0s bw=23 delay=35
[orch] link change t=330.0s bw=32 delay=16
[orch] link change t=330.0s bw=55 delay=54
[orch] link change t=330.0s bw=33 delay=17
[orch] link change t=330.0s bw=54 delay=59
[orch] link change t=330.0s bw=77 delay=94
[orch] link change t=330.0s bw=23 delay=86
[orch] link change t=330.0s bw=26 delay=52
[orch] link change t=330.0s bw=11 delay=83
[orch] link change t=330.0s bw=18 delay=82
[orch] link change t=330.0s bw=66 delay=44
[multi_ep_plot] saved -> /its/home/mm2350/extra/Olympusv2/benchmarks/benchmark_responsive_fairness/data/ma_dreamer_credit/4_flows/run41/ep000041_bw58_d52_n4.pdf  return=1120938.3
[ep_plot] ep=41 -> /its/home/mm2350/extra/Olympusv2/benchmarks/benchmark_responsive_fairness/data/ma_dreamer_credit/4_flows/run41/ep000041_bw58_d52_n4.pdf  return=1120938.28125
[orch] ep=41 sum-of-agents return=1120938.3
[responsive_fairness] slot=6 ma_dreamer_credit flows=5 run=1
[responsive_fairness] ma_dreamer_credit flows=4 run=41 done (91/200)
[slot=6] ep=1  flows=5  bw=27Mbps  delay=82ms  duration=345s  delays=[0.0, 11.2, 22.5, 33.8, 45.0]  lifetimes=[345.0, 333.8, 322.5, 311.2, 300.0]
[multi_ep_plot] saved -> /its/home/mm2350/extra/Olympusv2/benchmarks/benchmark_responsive_fairness/data/ma_dreamer_credit/4_flows/run42/ep000042_bw91_d24_n4.pdf  return=709413.5
[ep_plot] ep=42 -> /its/home/mm2350/extra/Olympusv2/benchmarks/benchmark_responsive_fairness/data/ma_dreamer_credit/4_flows/run42/ep000042_bw91_d24_n4.pdf  return=709413.515625
[orch] ep=42 sum-of-agents return=709413.5
[responsive_fairness] slot=4 ma_dreamer_credit flows=5 run=2
[responsive_fairness] ma_dreamer_credit flows=4 run=42 done (92/200)
[slot=4] ep=2  flows=5  bw=17Mbps  delay=21ms  duration=345s  delays=[0.0, 11.2, 22.5, 33.8, 45.0]  lifetimes=[345.0, 333.8, 322.5, 311.2, 300.0]
[sao-listener] cport=23600 worker=/its/home/mm2350/extra/Olympusv2/olympus/algorithms/ma_dreamer/worker.py scan=20ms target_cc=astraea single_flow=1 no_state_pipe=1
[sao-listener] cport=23601 worker=/its/home/mm2350/extra/Olympusv2/olympus/algorithms/ma_dreamer/worker.py scan=20ms target_cc=astraea single_flow=1 no_state_pipe=1
[sao-listener] cport=23602 worker=/its/home/mm2350/extra/Olympusv2/olympus/algorithms/ma_dreamer/worker.py scan=20ms target_cc=astraea single_flow=1 no_state_pipe=1
[sao-listener] cport=23603 worker=/its/home/mm2350/extra/Olympusv2/olympus/algorithms/ma_dreamer/worker.py scan=20ms target_cc=astraea single_flow=1 no_state_pipe=1
[sao-listener] cport=23604 worker=/its/home/mm2350/extra/Olympusv2/olympus/algorithms/ma_dreamer/worker.py scan=20ms target_cc=astraea single_flow=1 no_state_pipe=1
[multi_ep_plot] saved -> /its/home/mm2350/extra/Olympusv2/benchmarks/benchmark_responsive_fairness/data/ma_dreamer_credit/4_flows/run43/ep000043_bw14_d46_n4.pdf  return=958041.1
[ep_plot] ep=43 -> /its/home/mm2350/extra/Olympusv2/benchmarks/benchmark_responsive_fairness/data/ma_dreamer_credit/4_flows/run43/ep000043_bw14_d46_n4.pdf  return=958041.078125
[orch] ep=43 sum-of-agents return=958041.1
[responsive_fairness] slot=8 ma_dreamer_credit flows=5 run=3
[responsive_fairness] ma_dreamer_credit flows=4 run=43 done (93/200)
[slot=8] ep=3  flows=5  bw=40Mbps  delay=85ms  duration=345s  delays=[0.0, 11.2, 22.5, 33.8, 45.0]  lifetimes=[345.0, 333.8, 322.5, 311.2, 300.0]
[sao-listener] cport=23400 worker=/its/home/mm2350/extra/Olympusv2/olympus/algorithms/ma_dreamer/worker.py scan=20ms target_cc=astraea single_flow=1 no_state_pipe=1
[sao-listener] cport=23401 worker=/its/home/mm2350/extra/Olympusv2/olympus/algorithms/ma_dreamer/worker.py scan=20ms target_cc=astraea single_flow=1 no_state_pipe=1
[sao-listener] cport=23402 worker=/its/home/mm2350/extra/Olympusv2/olympus/algorithms/ma_dreamer/worker.py scan=20ms target_cc=astraea single_flow=1 no_state_pipe=1
[sao-listener] cport=23403 worker=/its/home/mm2350/extra/Olympusv2/olympus/algorithms/ma_dreamer/worker.py scan=20ms target_cc=astraea single_flow=1 no_state_pipe=1
[sao-listener] cport=23404 worker=/its/home/mm2350/extra/Olympusv2/olympus/algorithms/ma_dreamer/worker.py scan=20ms target_cc=astraea single_flow=1 no_state_pipe=1
[sao-listener] cport=23800 worker=/its/home/mm2350/extra/Olympusv2/olympus/algorithms/ma_dreamer/worker.py scan=20ms target_cc=astraea single_flow=1 no_state_pipe=1
[sao-listener] cport=23801 worker=/its/home/mm2350/extra/Olympusv2/olympus/algorithms/ma_dreamer/worker.py scan=20ms target_cc=astraea single_flow=1 no_state_pipe=1
[sao-listener] cport=23802 worker=/its/home/mm2350/extra/Olympusv2/olympus/algorithms/ma_dreamer/worker.py scan=20ms target_cc=astraea single_flow=1 no_state_pipe=1
[sao-listener] cport=23803 worker=/its/home/mm2350/extra/Olympusv2/olympus/algorithms/ma_dreamer/worker.py scan=20ms target_cc=astraea single_flow=1 no_state_pipe=1
[sao-listener] cport=23804 worker=/its/home/mm2350/extra/Olympusv2/olympus/algorithms/ma_dreamer/worker.py scan=20ms target_cc=astraea single_flow=1 no_state_pipe=1
[multi_ep_plot] saved -> /its/home/mm2350/extra/Olympusv2/benchmarks/benchmark_responsive_fairness/data/ma_dreamer_credit/4_flows/run44/ep000044_bw62_d76_n4.pdf  return=1160963.9
[ep_plot] ep=44 -> /its/home/mm2350/extra/Olympusv2/benchmarks/benchmark_responsive_fairness/data/ma_dreamer_credit/4_flows/run44/ep000044_bw62_d76_n4.pdf  return=1160963.9375
[orch] ep=44 sum-of-agents return=1160963.9
[responsive_fairness] slot=2 ma_dreamer_credit flows=5 run=4
[responsive_fairness] ma_dreamer_credit flows=4 run=44 done (94/200)
[slot=2] ep=4  flows=5  bw=40Mbps  delay=48ms  duration=345s  delays=[0.0, 11.2, 22.5, 33.8, 45.0]  lifetimes=[345.0, 333.8, 322.5, 311.2, 300.0]
[sao-listener] new flow 1 10.0.0.1:23600->10.0.0.6:5207 cc=astraea pid=588815 child=589916
[sao-listener] single-flow mode: attached worker; stopping ss scans
[sao-listener flow 1] cport=23600 cc=astraea worker active
[sao-listener] new flow 1 10.0.0.1:23400->10.0.0.6:5205 cc=astraea pid=589882 child=590122
[sao-listener] single-flow mode: attached worker; stopping ss scans
[sao-listener flow 1] cport=23400 cc=astraea worker active
[multi_ep_plot] saved -> /its/home/mm2350/extra/Olympusv2/benchmarks/benchmark_responsive_fairness/data/ma_dreamer_credit/4_flows/run45/ep000045_bw44_d63_n4.pdf  return=1005907.8
[ep_plot] ep=45 -> /its/home/mm2350/extra/Olympusv2/benchmarks/benchmark_responsive_fairness/data/ma_dreamer_credit/4_flows/run45/ep000045_bw44_d63_n4.pdf  return=1005907.765625
[orch] ep=45 sum-of-agents return=1005907.8
[responsive_fairness] slot=9 ma_dreamer_credit flows=5 run=5
[responsive_fairness] ma_dreamer_credit flows=4 run=45 done (95/200)
[slot=9] ep=5  flows=5  bw=89Mbps  delay=42ms  duration=345s  delays=[0.0, 11.2, 22.5, 33.8, 45.0]  lifetimes=[345.0, 333.8, 322.5, 311.2, 300.0]
[sao-listener] new flow 1 10.0.0.1:23800->10.0.0.6:5209 cc=astraea pid=590244 child=590898
[sao-listener] single-flow mode: attached worker; stopping ss scans
[sao-listener flow 1] cport=23800 cc=astraea worker active
[sao-listener] cport=23200 worker=/its/home/mm2350/extra/Olympusv2/olympus/algorithms/ma_dreamer/worker.py scan=20ms target_cc=astraea single_flow=1 no_state_pipe=1
[sao-listener] cport=23201 worker=/its/home/mm2350/extra/Olympusv2/olympus/algorithms/ma_dreamer/worker.py scan=20ms target_cc=astraea single_flow=1 no_state_pipe=1
[sao-listener] cport=23202 worker=/its/home/mm2350/extra/Olympusv2/olympus/algorithms/ma_dreamer/worker.py scan=20ms target_cc=astraea single_flow=1 no_state_pipe=1
[worker cport=23600 agent=0] loaded checkpoint step=24571
[worker alg=ma_dreamer reward=tempest_fairness_ma cport=23600 agent=0 group=slot6_ep1 flow=1] started interval=20ms det=1 latent=8x8
[sao-listener] cport=23203 worker=/its/home/mm2350/extra/Olympusv2/olympus/algorithms/ma_dreamer/worker.py scan=20ms target_cc=astraea single_flow=1 no_state_pipe=1
[sao-listener] cport=23204 worker=/its/home/mm2350/extra/Olympusv2/olympus/algorithms/ma_dreamer/worker.py scan=20ms target_cc=astraea single_flow=1 no_state_pipe=1
[worker cport=23400 agent=0] loaded checkpoint step=24571
[worker alg=ma_dreamer reward=tempest_fairness_ma cport=23400 agent=0 group=slot4_ep2 flow=1] started interval=20ms det=1 latent=8x8
[multi_ep_plot] saved -> /its/home/mm2350/extra/Olympusv2/benchmarks/benchmark_responsive_fairness/data/ma_dreamer_credit/4_flows/run46/ep000046_bw19_d61_n4.pdf  return=1095932.7
[ep_plot] ep=46 -> /its/home/mm2350/extra/Olympusv2/benchmarks/benchmark_responsive_fairness/data/ma_dreamer_credit/4_flows/run46/ep000046_bw19_d61_n4.pdf  return=1095932.71875
[orch] ep=46 sum-of-agents return=1095932.7
[responsive_fairness] slot=3 ma_dreamer_credit flows=5 run=6
[responsive_fairness] ma_dreamer_credit flows=4 run=46 done (96/200)
[slot=3] ep=6  flows=5  bw=83Mbps  delay=20ms  duration=345s  delays=[0.0, 11.2, 22.5, 33.8, 45.0]  lifetimes=[345.0, 333.8, 322.5, 311.2, 300.0]
[sao-listener] cport=23900 worker=/its/home/mm2350/extra/Olympusv2/olympus/algorithms/ma_dreamer/worker.py scan=20ms target_cc=astraea single_flow=1 no_state_pipe=1
[sao-listener] cport=23901 worker=/its/home/mm2350/extra/Olympusv2/olympus/algorithms/ma_dreamer/worker.py scan=20ms target_cc=astraea single_flow=1 no_state_pipe=1
[sao-listener] cport=23902 worker=/its/home/mm2350/extra/Olympusv2/olympus/algorithms/ma_dreamer/worker.py scan=20ms target_cc=astraea single_flow=1 no_state_pipe=1
[sao-listener] cport=23903 worker=/its/home/mm2350/extra/Olympusv2/olympus/algorithms/ma_dreamer/worker.py scan=20ms target_cc=astraea single_flow=1 no_state_pipe=1
[sao-listener] cport=23904 worker=/its/home/mm2350/extra/Olympusv2/olympus/algorithms/ma_dreamer/worker.py scan=20ms target_cc=astraea single_flow=1 no_state_pipe=1
[worker cport=23800 agent=0] loaded checkpoint step=24571
[worker alg=ma_dreamer reward=tempest_fairness_ma cport=23800 agent=0 group=slot8_ep3 flow=1] started interval=20ms det=1 latent=8x8
[sao-listener] cport=23300 worker=/its/home/mm2350/extra/Olympusv2/olympus/algorithms/ma_dreamer/worker.py scan=20ms target_cc=astraea single_flow=1 no_state_pipe=1
[sao-listener] cport=23301 worker=/its/home/mm2350/extra/Olympusv2/olympus/algorithms/ma_dreamer/worker.py scan=20ms target_cc=astraea single_flow=1 no_state_pipe=1
[sao-listener] cport=23302 worker=/its/home/mm2350/extra/Olympusv2/olympus/algorithms/ma_dreamer/worker.py scan=20ms target_cc=astraea single_flow=1 no_state_pipe=1
[sao-listener] cport=23303 worker=/its/home/mm2350/extra/Olympusv2/olympus/algorithms/ma_dreamer/worker.py scan=20ms target_cc=astraea single_flow=1 no_state_pipe=1
[sao-listener] new flow 1 10.0.0.1:23200->10.0.0.6:5203 cc=astraea pid=591866 child=592845
[sao-listener] single-flow mode: attached worker; stopping ss scans
[sao-listener flow 1] cport=23200 cc=astraea worker active
[sao-listener] cport=23304 worker=/its/home/mm2350/extra/Olympusv2/olympus/algorithms/ma_dreamer/worker.py scan=20ms target_cc=astraea single_flow=1 no_state_pipe=1
[multi_ep_plot] saved -> /its/home/mm2350/extra/Olympusv2/benchmarks/benchmark_responsive_fairness/data/ma_dreamer_credit/4_flows/run47/ep000047_bw55_d18_n4.pdf  return=914100.8
[ep_plot] ep=47 -> /its/home/mm2350/extra/Olympusv2/benchmarks/benchmark_responsive_fairness/data/ma_dreamer_credit/4_flows/run47/ep000047_bw55_d18_n4.pdf  return=914100.765625
[orch] ep=47 sum-of-agents return=914100.8
[responsive_fairness] slot=1 ma_dreamer_credit flows=5 run=7
[responsive_fairness] ma_dreamer_credit flows=4 run=47 done (97/200)
[slot=1] ep=7  flows=5  bw=51Mbps  delay=29ms  duration=345s  delays=[0.0, 11.2, 22.5, 33.8, 45.0]  lifetimes=[345.0, 333.8, 322.5, 311.2, 300.0]
[multi_ep_plot] saved -> /its/home/mm2350/extra/Olympusv2/benchmarks/benchmark_responsive_fairness/data/ma_dreamer_credit/4_flows/run48/ep000048_bw80_d50_n4.pdf  return=920385.8
[ep_plot] ep=48 -> /its/home/mm2350/extra/Olympusv2/benchmarks/benchmark_responsive_fairness/data/ma_dreamer_credit/4_flows/run48/ep000048_bw80_d50_n4.pdf  return=920385.828125
[orch] ep=48 sum-of-agents return=920385.8
[responsive_fairness] slot=5 ma_dreamer_credit flows=5 run=8
[responsive_fairness] ma_dreamer_credit flows=4 run=48 done (98/200)
[worker cport=23200 agent=0] loaded checkpoint step=24571
[worker alg=ma_dreamer reward=tempest_fairness_ma cport=23200 agent=0 group=slot2_ep4 flow=1] started interval=20ms det=1 latent=8x8
[slot=5] ep=8  flows=5  bw=39Mbps  delay=57ms  duration=345s  delays=[0.0, 11.2, 22.5, 33.8, 45.0]  lifetimes=[345.0, 333.8, 322.5, 311.2, 300.0]
[sao-listener] new flow 1 10.0.0.1:23900->10.0.0.6:5210 cc=astraea pid=592812 child=594145
[sao-listener] single-flow mode: attached worker; stopping ss scans
[sao-listener flow 1] cport=23900 cc=astraea worker active
[sao-listener] cport=23100 worker=/its/home/mm2350/extra/Olympusv2/olympus/algorithms/ma_dreamer/worker.py scan=20ms target_cc=astraea single_flow=1 no_state_pipe=1
[sao-listener] cport=23101 worker=/its/home/mm2350/extra/Olympusv2/olympus/algorithms/ma_dreamer/worker.py scan=20ms target_cc=astraea single_flow=1 no_state_pipe=1
[sao-listener] cport=23102 worker=/its/home/mm2350/extra/Olympusv2/olympus/algorithms/ma_dreamer/worker.py scan=20ms target_cc=astraea single_flow=1 no_state_pipe=1
[sao-listener] cport=23103 worker=/its/home/mm2350/extra/Olympusv2/olympus/algorithms/ma_dreamer/worker.py scan=20ms target_cc=astraea single_flow=1 no_state_pipe=1
[sao-listener] cport=23104 worker=/its/home/mm2350/extra/Olympusv2/olympus/algorithms/ma_dreamer/worker.py scan=20ms target_cc=astraea single_flow=1 no_state_pipe=1
[sao-listener] cport=23500 worker=/its/home/mm2350/extra/Olympusv2/olympus/algorithms/ma_dreamer/worker.py scan=20ms target_cc=astraea single_flow=1 no_state_pipe=1
[sao-listener] cport=23501 worker=/its/home/mm2350/extra/Olympusv2/olympus/algorithms/ma_dreamer/worker.py scan=20ms target_cc=astraea single_flow=1 no_state_pipe=1
[sao-listener] cport=23502 worker=/its/home/mm2350/extra/Olympusv2/olympus/algorithms/ma_dreamer/worker.py scan=20ms target_cc=astraea single_flow=1 no_state_pipe=1
[sao-listener] cport=23503 worker=/its/home/mm2350/extra/Olympusv2/olympus/algorithms/ma_dreamer/worker.py scan=20ms target_cc=astraea single_flow=1 no_state_pipe=1
[sao-listener] cport=23504 worker=/its/home/mm2350/extra/Olympusv2/olympus/algorithms/ma_dreamer/worker.py scan=20ms target_cc=astraea single_flow=1 no_state_pipe=1
[worker cport=23900 agent=0] loaded checkpoint step=24571
[worker alg=ma_dreamer reward=tempest_fairness_ma cport=23900 agent=0 group=slot9_ep5 flow=1] started interval=20ms det=1 latent=8x8
[sao-listener] new flow 1 10.0.0.1:23300->10.0.0.6:5204 cc=astraea pid=593338 child=595703
[sao-listener] single-flow mode: attached worker; stopping ss scans
[sao-listener flow 1] cport=23300 cc=astraea worker active
[multi_ep_plot] saved -> /its/home/mm2350/extra/Olympusv2/benchmarks/benchmark_responsive_fairness/data/ma_dreamer_credit/4_flows/run49/ep000049_bw18_d54_n4.pdf  return=1242088.2
[ep_plot] ep=49 -> /its/home/mm2350/extra/Olympusv2/benchmarks/benchmark_responsive_fairness/data/ma_dreamer_credit/4_flows/run49/ep000049_bw18_d54_n4.pdf  return=1242088.1875
[orch] ep=49 sum-of-agents return=1242088.2
[responsive_fairness] slot=0 ma_dreamer_credit flows=5 run=9
[responsive_fairness] ma_dreamer_credit flows=4 run=49 done (99/200)
[slot=0] ep=9  flows=5  bw=69Mbps  delay=88ms  duration=345s  delays=[0.0, 11.2, 22.5, 33.8, 45.0]  lifetimes=[345.0, 333.8, 322.5, 311.2, 300.0]
[multi_ep_plot] saved -> /its/home/mm2350/extra/Olympusv2/benchmarks/benchmark_responsive_fairness/data/ma_dreamer_credit/4_flows/run50/ep000050_bw73_d44_n4.pdf  return=1066818.2
[ep_plot] ep=50 -> /its/home/mm2350/extra/Olympusv2/benchmarks/benchmark_responsive_fairness/data/ma_dreamer_credit/4_flows/run50/ep000050_bw73_d44_n4.pdf  return=1066818.1875
[orch] ep=50 sum-of-agents return=1066818.2
[responsive_fairness] ma_dreamer_credit flows=4 run=50 done (100/200)
[responsive_fairness] slot=7 ma_dreamer_credit flows=5 run=10
[slot=7] ep=10  flows=5  bw=83Mbps  delay=14ms  duration=345s  delays=[0.0, 11.2, 22.5, 33.8, 45.0]  lifetimes=[345.0, 333.8, 322.5, 311.2, 300.0]
[worker cport=23300 agent=0] loaded checkpoint step=24571
[worker alg=ma_dreamer reward=tempest_fairness_ma cport=23300 agent=0 group=slot3_ep6 flow=1] started interval=20ms det=1 latent=8x8
[sao-listener] cport=23000 worker=/its/home/mm2350/extra/Olympusv2/olympus/algorithms/ma_dreamer/worker.py scan=20ms target_cc=astraea single_flow=1 no_state_pipe=1
[sao-listener] cport=23001 worker=/its/home/mm2350/extra/Olympusv2/olympus/algorithms/ma_dreamer/worker.py scan=20ms target_cc=astraea single_flow=1 no_state_pipe=1
[sao-listener] cport=23002 worker=/its/home/mm2350/extra/Olympusv2/olympus/algorithms/ma_dreamer/worker.py scan=20ms target_cc=astraea single_flow=1 no_state_pipe=1
[sao-listener] cport=23003 worker=/its/home/mm2350/extra/Olympusv2/olympus/algorithms/ma_dreamer/worker.py scan=20ms target_cc=astraea single_flow=1 no_state_pipe=1
[sao-listener] cport=23004 worker=/its/home/mm2350/extra/Olympusv2/olympus/algorithms/ma_dreamer/worker.py scan=20ms target_cc=astraea single_flow=1 no_state_pipe=1
[sao-listener] cport=23700 worker=/its/home/mm2350/extra/Olympusv2/olympus/algorithms/ma_dreamer/worker.py scan=20ms target_cc=astraea single_flow=1 no_state_pipe=1
[sao-listener] cport=23701 worker=/its/home/mm2350/extra/Olympusv2/olympus/algorithms/ma_dreamer/worker.py scan=20ms target_cc=astraea single_flow=1 no_state_pipe=1
[sao-listener] cport=23702 worker=/its/home/mm2350/extra/Olympusv2/olympus/algorithms/ma_dreamer/worker.py scan=20ms target_cc=astraea single_flow=1 no_state_pipe=1
[sao-listener] cport=23703 worker=/its/home/mm2350/extra/Olympusv2/olympus/algorithms/ma_dreamer/worker.py scan=20ms target_cc=astraea single_flow=1 no_state_pipe=1
[sao-listener] cport=23704 worker=/its/home/mm2350/extra/Olympusv2/olympus/algorithms/ma_dreamer/worker.py scan=20ms target_cc=astraea single_flow=1 no_state_pipe=1
[sao-listener] new flow 1 10.0.0.1:23100->10.0.0.6:5202 cc=astraea pid=595332 child=598528
[sao-listener] single-flow mode: attached worker; stopping ss scans
[sao-listener flow 1] cport=23100 cc=astraea worker active
[worker cport=23100 agent=0] loaded checkpoint step=24571
[worker alg=ma_dreamer reward=tempest_fairness_ma cport=23100 agent=0 group=slot1_ep7 flow=1] started interval=20ms det=1 latent=8x8
[sao-listener] new flow 1 10.0.0.1:23500->10.0.0.6:5206 cc=astraea pid=595959 child=599556
[sao-listener] single-flow mode: attached worker; stopping ss scans
[sao-listener flow 1] cport=23500 cc=astraea worker active
[worker cport=23500 agent=0] loaded checkpoint step=24571
[worker alg=ma_dreamer reward=tempest_fairness_ma cport=23500 agent=0 group=slot5_ep8 flow=1] started interval=20ms det=1 latent=8x8
[sao-listener] new flow 1 10.0.0.1:23000->10.0.0.6:5201 cc=astraea pid=597787 child=601339
[sao-listener] single-flow mode: attached worker; stopping ss scans
[sao-listener flow 1] cport=23000 cc=astraea worker active
[sao-listener] new flow 1 10.0.0.1:23700->10.0.0.6:5208 cc=astraea pid=598716 child=602469
[sao-listener] single-flow mode: attached worker; stopping ss scans
[sao-listener flow 1] cport=23700 cc=astraea worker active
[worker cport=23000 agent=0] loaded checkpoint step=24571
[worker alg=ma_dreamer reward=tempest_fairness_ma cport=23000 agent=0 group=slot0_ep9 flow=1] started interval=20ms det=1 latent=8x8
[worker cport=23700 agent=0] loaded checkpoint step=24571
[worker alg=ma_dreamer reward=tempest_fairness_ma cport=23700 agent=0 group=slot7_ep10 flow=1] started interval=20ms det=1 latent=8x8
[sao-listener] new flow 1 10.0.0.2:23401->10.0.0.7:5205 cc=astraea pid=602563 child=603782
[sao-listener] single-flow mode: attached worker; stopping ss scans
[sao-listener flow 1] cport=23401 cc=astraea worker active
[sao-listener] new flow 1 10.0.0.2:23601->10.0.0.7:5207 cc=astraea pid=601685 child=603896
[sao-listener] single-flow mode: attached worker; stopping ss scans
[sao-listener flow 1] cport=23601 cc=astraea worker active
[sao-listener] new flow 1 10.0.0.2:23201->10.0.0.7:5203 cc=astraea pid=604152 child=604460
[sao-listener] single-flow mode: attached worker; stopping ss scans
[sao-listener flow 1] cport=23201 cc=astraea worker active
[sao-listener] new flow 1 10.0.0.2:23801->10.0.0.7:5209 cc=astraea pid=602914 child=605039
[sao-listener] single-flow mode: attached worker; stopping ss scans
[sao-listener flow 1] cport=23801 cc=astraea worker active
[worker cport=23401 agent=1] loaded checkpoint step=24571
[worker alg=ma_dreamer reward=tempest_fairness_ma cport=23401 agent=1 group=slot4_ep2 flow=1] started interval=20ms det=1 latent=8x8
[orch] link change t=15.0s bw=18 delay=42
[worker cport=23601 agent=1] loaded checkpoint step=24571
[worker alg=ma_dreamer reward=tempest_fairness_ma cport=23601 agent=1 group=slot6_ep1 flow=1] started interval=20ms det=1 latent=8x8
[worker cport=23201 agent=1] loaded checkpoint step=24571
[worker alg=ma_dreamer reward=tempest_fairness_ma cport=23201 agent=1 group=slot2_ep4 flow=1] started interval=20ms det=1 latent=8x8
[orch] link change t=15.0s bw=20 delay=56
[worker cport=23801 agent=1] loaded checkpoint step=24571
[worker alg=ma_dreamer reward=tempest_fairness_ma cport=23801 agent=1 group=slot8_ep3 flow=1] started interval=20ms det=1 latent=8x8
[orch] link change t=15.0s bw=79 delay=26
[sao-listener] new flow 1 10.0.0.2:23901->10.0.0.7:5210 cc=astraea pid=604769 child=606582
[sao-listener] single-flow mode: attached worker; stopping ss scans
[sao-listener flow 1] cport=23901 cc=astraea worker active
[orch] link change t=15.0s bw=23 delay=60
[worker cport=23901 agent=1] loaded checkpoint step=24571
[worker alg=ma_dreamer reward=tempest_fairness_ma cport=23901 agent=1 group=slot9_ep5 flow=1] started interval=20ms det=1 latent=8x8
[sao-listener] new flow 1 10.0.0.2:23501->10.0.0.7:5206 cc=astraea pid=607402 child=607789
[sao-listener] single-flow mode: attached worker; stopping ss scans
[sao-listener flow 1] cport=23501 cc=astraea worker active
[orch] link change t=15.0s bw=55 delay=98
[sao-listener] new flow 1 10.0.0.2:23301->10.0.0.7:5204 cc=astraea pid=605399 child=607990
[sao-listener] single-flow mode: attached worker; stopping ss scans
[sao-listener flow 1] cport=23301 cc=astraea worker active
[orch] link change t=15.0s bw=72 delay=43
[worker cport=23501 agent=1] loaded checkpoint step=24571
[worker alg=ma_dreamer reward=tempest_fairness_ma cport=23501 agent=1 group=slot5_ep8 flow=1] started interval=20ms det=1 latent=8x8
[worker cport=23301 agent=1] loaded checkpoint step=24571
[worker alg=ma_dreamer reward=tempest_fairness_ma cport=23301 agent=1 group=slot3_ep6 flow=1] started interval=20ms det=1 latent=8x8
[sao-listener] new flow 1 10.0.0.2:23001->10.0.0.7:5201 cc=astraea pid=608935 child=609693
[sao-listener] single-flow mode: attached worker; stopping ss scans
[sao-listener flow 1] cport=23001 cc=astraea worker active
[orch] link change t=15.0s bw=60 delay=93
[orch] link change t=15.0s bw=58 delay=26
[sao-listener] new flow 1 10.0.0.2:23101->10.0.0.7:5202 cc=astraea pid=606847 child=610648
[sao-listener] single-flow mode: attached worker; stopping ss scans
[sao-listener flow 1] cport=23101 cc=astraea worker active
[worker cport=23001 agent=1] loaded checkpoint step=24571
[worker alg=ma_dreamer reward=tempest_fairness_ma cport=23001 agent=1 group=slot0_ep9 flow=1] started interval=20ms det=1 latent=8x8
[sao-listener] new flow 1 10.0.0.2:23701->10.0.0.7:5208 cc=astraea pid=609709 child=610855
[sao-listener] single-flow mode: attached worker; stopping ss scans
[sao-listener flow 1] cport=23701 cc=astraea worker active
[worker cport=23101 agent=1] loaded checkpoint step=24571
[worker alg=ma_dreamer reward=tempest_fairness_ma cport=23101 agent=1 group=slot1_ep7 flow=1] started interval=20ms det=1 latent=8x8
[worker cport=23701 agent=1] loaded checkpoint step=24571
[worker alg=ma_dreamer reward=tempest_fairness_ma cport=23701 agent=1 group=slot7_ep10 flow=1] started interval=20ms det=1 latent=8x8
[orch] link change t=15.0s bw=57 delay=44
[orch] link change t=15.0s bw=64 delay=71
[sao-listener] new flow 1 10.0.0.3:23402->10.0.0.8:5205 cc=astraea pid=613353 child=614917
[sao-listener] single-flow mode: attached worker; stopping ss scans
[sao-listener flow 1] cport=23402 cc=astraea worker active
[sao-listener] new flow 1 10.0.0.3:23602->10.0.0.8:5207 cc=astraea pid=612698 child=615202
[sao-listener] single-flow mode: attached worker; stopping ss scans
[sao-listener flow 1] cport=23602 cc=astraea worker active
[sao-listener] new flow 1 10.0.0.3:23202->10.0.0.8:5203 cc=astraea pid=614564 child=615596
[sao-listener] single-flow mode: attached worker; stopping ss scans
[sao-listener flow 1] cport=23202 cc=astraea worker active
[sao-listener] new flow 1 10.0.0.3:23802->10.0.0.8:5209 cc=astraea pid=613646 child=615814
[sao-listener] single-flow mode: attached worker; stopping ss scans
[sao-listener flow 1] cport=23802 cc=astraea worker active
[worker cport=23402 agent=2] loaded checkpoint step=24571
[worker alg=ma_dreamer reward=tempest_fairness_ma cport=23402 agent=2 group=slot4_ep2 flow=1] started interval=20ms det=1 latent=8x8
[worker cport=23602 agent=2] loaded checkpoint step=24571
[worker alg=ma_dreamer reward=tempest_fairness_ma cport=23602 agent=2 group=slot6_ep1 flow=1] started interval=20ms det=1 latent=8x8
[worker cport=23202 agent=2] loaded checkpoint step=24571
[worker alg=ma_dreamer reward=tempest_fairness_ma cport=23202 agent=2 group=slot2_ep4 flow=1] started interval=20ms det=1 latent=8x8
[worker cport=23802 agent=2] loaded checkpoint step=24571
[worker alg=ma_dreamer reward=tempest_fairness_ma cport=23802 agent=2 group=slot8_ep3 flow=1] started interval=20ms det=1 latent=8x8
[sao-listener] new flow 1 10.0.0.3:23902->10.0.0.8:5210 cc=astraea pid=615108 child=617209
[sao-listener] single-flow mode: attached worker; stopping ss scans
[sao-listener flow 1] cport=23902 cc=astraea worker active
[sao-listener] new flow 1 10.0.0.3:23502->10.0.0.8:5206 cc=astraea pid=617330 child=617751
[sao-listener] single-flow mode: attached worker; stopping ss scans
[sao-listener flow 1] cport=23502 cc=astraea worker active
[worker cport=23902 agent=2] loaded checkpoint step=24571
[worker alg=ma_dreamer reward=tempest_fairness_ma cport=23902 agent=2 group=slot9_ep5 flow=1] started interval=20ms det=1 latent=8x8
[sao-listener] new flow 1 10.0.0.3:23302->10.0.0.8:5204 cc=astraea pid=615558 child=618099
[sao-listener] single-flow mode: attached worker; stopping ss scans
[sao-listener flow 1] cport=23302 cc=astraea worker active
[orch] link change t=30.0s bw=25 delay=73
[worker cport=23502 agent=2] loaded checkpoint step=24571
[worker alg=ma_dreamer reward=tempest_fairness_ma cport=23502 agent=2 group=slot5_ep8 flow=1] started interval=20ms det=1 latent=8x8
[worker cport=23302 agent=2] loaded checkpoint step=24571
[worker alg=ma_dreamer reward=tempest_fairness_ma cport=23302 agent=2 group=slot3_ep6 flow=1] started interval=20ms det=1 latent=8x8
[orch] link change t=30.0s bw=31 delay=95
[orch] link change t=30.0s bw=57 delay=87
[sao-listener] new flow 1 10.0.0.3:23002->10.0.0.8:5201 cc=astraea pid=618498 child=619378
[sao-listener] single-flow mode: attached worker; stopping ss scans
[sao-listener flow 1] cport=23002 cc=astraea worker active
[orch] link change t=30.0s bw=71 delay=29
[sao-listener] new flow 1 10.0.0.3:23102->10.0.0.8:5202 cc=astraea pid=616846 child=619978
[sao-listener] single-flow mode: attached worker; stopping ss scans
[sao-listener flow 1] cport=23102 cc=astraea worker active
[worker cport=23002 agent=2] loaded checkpoint step=24571
[worker alg=ma_dreamer reward=tempest_fairness_ma cport=23002 agent=2 group=slot0_ep9 flow=1] started interval=20ms det=1 latent=8x8
[sao-listener] new flow 1 10.0.0.3:23702->10.0.0.8:5208 cc=astraea pid=619077 child=620066
[sao-listener] single-flow mode: attached worker; stopping ss scans
[sao-listener flow 1] cport=23702 cc=astraea worker active
[orch] link change t=30.0s bw=93 delay=77
[worker cport=23102 agent=2] loaded checkpoint step=24571
[worker alg=ma_dreamer reward=tempest_fairness_ma cport=23102 agent=2 group=slot1_ep7 flow=1] started interval=20ms det=1 latent=8x8
[worker cport=23702 agent=2] loaded checkpoint step=24571
[worker alg=ma_dreamer reward=tempest_fairness_ma cport=23702 agent=2 group=slot7_ep10 flow=1] started interval=20ms det=1 latent=8x8
[orch] link change t=30.0s bw=14 delay=10
[orch] link change t=30.0s bw=16 delay=19
[orch] link change t=30.0s bw=34 delay=100
[orch] link change t=30.0s bw=27 delay=33
[sao-listener] new flow 1 10.0.0.4:23603->10.0.0.9:5207 cc=astraea pid=621224 child=623019
[sao-listener] single-flow mode: attached worker; stopping ss scans
[sao-listener flow 1] cport=23603 cc=astraea worker active
[sao-listener] new flow 1 10.0.0.4:23403->10.0.0.9:5205 cc=astraea pid=621686 child=623117
[sao-listener] single-flow mode: attached worker; stopping ss scans
[sao-listener flow 1] cport=23403 cc=astraea worker active
[orch] link change t=30.0s bw=83 delay=11
[sao-listener] new flow 1 10.0.0.4:23203->10.0.0.9:5203 cc=astraea pid=622516 child=623443
[sao-listener] single-flow mode: attached worker; stopping ss scans
[sao-listener flow 1] cport=23203 cc=astraea worker active
[sao-listener] new flow 1 10.0.0.4:23803->10.0.0.9:5209 cc=astraea pid=621886 child=623664
[sao-listener] single-flow mode: attached worker; stopping ss scans
[sao-listener flow 1] cport=23803 cc=astraea worker active
[worker cport=23603 agent=3] loaded checkpoint step=24571
[worker alg=ma_dreamer reward=tempest_fairness_ma cport=23603 agent=3 group=slot6_ep1 flow=1] started interval=20ms det=1 latent=8x8
[worker cport=23403 agent=3] loaded checkpoint step=24571
[worker alg=ma_dreamer reward=tempest_fairness_ma cport=23403 agent=3 group=slot4_ep2 flow=1] started interval=20ms det=1 latent=8x8
[worker cport=23203 agent=3] loaded checkpoint step=24571
[worker alg=ma_dreamer reward=tempest_fairness_ma cport=23203 agent=3 group=slot2_ep4 flow=1] started interval=20ms det=1 latent=8x8
[worker cport=23803 agent=3] loaded checkpoint step=24571
[worker alg=ma_dreamer reward=tempest_fairness_ma cport=23803 agent=3 group=slot8_ep3 flow=1] started interval=20ms det=1 latent=8x8
[sao-listener] new flow 1 10.0.0.4:23103->10.0.0.9:5202 cc=astraea pid=624157 child=624531
[sao-listener] single-flow mode: attached worker; stopping ss scans
[sao-listener flow 1] cport=23103 cc=astraea worker active
[sao-listener] new flow 1 10.0.0.4:23903->10.0.0.9:5210 cc=astraea pid=622887 child=624613
[sao-listener] single-flow mode: attached worker; stopping ss scans
[sao-listener flow 1] cport=23903 cc=astraea worker active
[worker cport=23103 agent=3] loaded checkpoint step=24571
[worker alg=ma_dreamer reward=tempest_fairness_ma cport=23103 agent=3 group=slot1_ep7 flow=1] started interval=20ms det=1 latent=8x8
[sao-listener] new flow 1 10.0.0.4:23503->10.0.0.9:5206 cc=astraea pid=624486 child=625098
[sao-listener] single-flow mode: attached worker; stopping ss scans
[sao-listener flow 1] cport=23503 cc=astraea worker active
[worker cport=23903 agent=3] loaded checkpoint step=24571
[worker alg=ma_dreamer reward=tempest_fairness_ma cport=23903 agent=3 group=slot9_ep5 flow=1] started interval=20ms det=1 latent=8x8
[sao-listener] new flow 1 10.0.0.4:23303->10.0.0.9:5204 cc=astraea pid=623266 child=625199
[sao-listener] single-flow mode: attached worker; stopping ss scans
[sao-listener flow 1] cport=23303 cc=astraea worker active
[worker cport=23503 agent=3] loaded checkpoint step=24571
[worker alg=ma_dreamer reward=tempest_fairness_ma cport=23503 agent=3 group=slot5_ep8 flow=1] started interval=20ms det=1 latent=8x8
[worker cport=23303 agent=3] loaded checkpoint step=24571
[worker alg=ma_dreamer reward=tempest_fairness_ma cport=23303 agent=3 group=slot3_ep6 flow=1] started interval=20ms det=1 latent=8x8
[sao-listener] new flow 1 10.0.0.4:23003->10.0.0.9:5201 cc=astraea pid=625353 child=625930
[sao-listener] single-flow mode: attached worker; stopping ss scans
[sao-listener flow 1] cport=23003 cc=astraea worker active
[worker cport=23003 agent=3] loaded checkpoint step=24571
[worker alg=ma_dreamer reward=tempest_fairness_ma cport=23003 agent=3 group=slot0_ep9 flow=1] started interval=20ms det=1 latent=8x8
[sao-listener] new flow 1 10.0.0.4:23703->10.0.0.9:5208 cc=astraea pid=625731 child=626344
[sao-listener] single-flow mode: attached worker; stopping ss scans
[sao-listener flow 1] cport=23703 cc=astraea worker active
[worker cport=23703 agent=3] loaded checkpoint step=24571
[worker alg=ma_dreamer reward=tempest_fairness_ma cport=23703 agent=3 group=slot7_ep10 flow=1] started interval=20ms det=1 latent=8x8
[orch] link change t=45.0s bw=67 delay=70
[orch] link change t=45.0s bw=49 delay=42
[orch] link change t=45.0s bw=70 delay=90
[orch] link change t=45.0s bw=21 delay=18
[orch] link change t=45.0s bw=13 delay=69
[orch] link change t=45.0s bw=28 delay=94
[sao-listener] new flow 1 10.0.0.5:23604->10.0.0.10:5207 cc=astraea pid=626897 child=627793
[sao-listener] single-flow mode: attached worker; stopping ss scans
[sao-listener flow 1] cport=23604 cc=astraea worker active
[sao-listener] new flow 1 10.0.0.5:23404->10.0.0.10:5205 cc=astraea pid=627134 child=627853
[sao-listener] single-flow mode: attached worker; stopping ss scans
[sao-listener flow 1] cport=23404 cc=astraea worker active
[sao-listener] new flow 1 10.0.0.5:23204->10.0.0.10:5203 cc=astraea pid=627549 child=628064
[sao-listener] single-flow mode: attached worker; stopping ss scans
[sao-listener flow 1] cport=23204 cc=astraea worker active
[worker cport=23404 agent=4] loaded checkpoint step=24571
[worker alg=ma_dreamer reward=tempest_fairness_ma cport=23404 agent=4 group=slot4_ep2 flow=1] started interval=20ms det=1 latent=8x8
[worker cport=23604 agent=4] loaded checkpoint step=24571
[worker alg=ma_dreamer reward=tempest_fairness_ma cport=23604 agent=4 group=slot6_ep1 flow=1] started interval=20ms det=1 latent=8x8
[sao-listener] new flow 1 10.0.0.5:23804->10.0.0.10:5209 cc=astraea pid=627233 child=628242
[sao-listener] single-flow mode: attached worker; stopping ss scans
[sao-listener flow 1] cport=23804 cc=astraea worker active
[orch] link change t=45.0s bw=78 delay=22
[worker cport=23204 agent=4] loaded checkpoint step=24571
[worker alg=ma_dreamer reward=tempest_fairness_ma cport=23204 agent=4 group=slot2_ep4 flow=1] started interval=20ms det=1 latent=8x8
[orch] link change t=45.0s bw=15 delay=20
[worker cport=23804 agent=4] loaded checkpoint step=24571
[worker alg=ma_dreamer reward=tempest_fairness_ma cport=23804 agent=4 group=slot8_ep3 flow=1] started interval=20ms det=1 latent=8x8
[sao-listener] new flow 1 10.0.0.5:23104->10.0.0.10:5202 cc=astraea pid=628461 child=628636
[sao-listener] single-flow mode: attached worker; stopping ss scans
[sao-listener flow 1] cport=23104 cc=astraea worker active
[sao-listener] new flow 1 10.0.0.5:23904->10.0.0.10:5210 cc=astraea pid=627725 child=628695
[sao-listener] single-flow mode: attached worker; stopping ss scans
[sao-listener flow 1] cport=23904 cc=astraea worker active
[orch] link change t=45.0s bw=96 delay=10
[worker cport=23104 agent=4] loaded checkpoint step=24571
[worker alg=ma_dreamer reward=tempest_fairness_ma cport=23104 agent=4 group=slot1_ep7 flow=1] started interval=20ms det=1 latent=8x8
[sao-listener] new flow 1 10.0.0.5:23504->10.0.0.10:5206 cc=astraea pid=628611 child=628940
[sao-listener] single-flow mode: attached worker; stopping ss scans
[sao-listener flow 1] cport=23504 cc=astraea worker active
[worker cport=23904 agent=4] loaded checkpoint step=24571
[worker alg=ma_dreamer reward=tempest_fairness_ma cport=23904 agent=4 group=slot9_ep5 flow=1] started interval=20ms det=1 latent=8x8
[sao-listener] new flow 1 10.0.0.5:23304->10.0.0.10:5204 cc=astraea pid=627955 child=629033
[sao-listener] single-flow mode: attached worker; stopping ss scans
[sao-listener flow 1] cport=23304 cc=astraea worker active
[orch] link change t=45.0s bw=36 delay=69
[worker cport=23504 agent=4] loaded checkpoint step=24571
[worker alg=ma_dreamer reward=tempest_fairness_ma cport=23504 agent=4 group=slot5_ep8 flow=1] started interval=20ms det=1 latent=8x8
[worker cport=23304 agent=4] loaded checkpoint step=24571
[worker alg=ma_dreamer reward=tempest_fairness_ma cport=23304 agent=4 group=slot3_ep6 flow=1] started interval=20ms det=1 latent=8x8
[sao-listener] new flow 1 10.0.0.5:23004->10.0.0.10:5201 cc=astraea pid=629023 child=629275
[sao-listener] single-flow mode: attached worker; stopping ss scans
[sao-listener flow 1] cport=23004 cc=astraea worker active
[sao-listener] new flow 1 10.0.0.5:23704->10.0.0.10:5208 cc=astraea pid=629171 child=629345
[sao-listener] single-flow mode: attached worker; stopping ss scans
[sao-listener flow 1] cport=23704 cc=astraea worker active
[worker cport=23004 agent=4] loaded checkpoint step=24571
[worker alg=ma_dreamer reward=tempest_fairness_ma cport=23004 agent=4 group=slot0_ep9 flow=1] started interval=20ms det=1 latent=8x8
[worker cport=23704 agent=4] loaded checkpoint step=24571
[worker alg=ma_dreamer reward=tempest_fairness_ma cport=23704 agent=4 group=slot7_ep10 flow=1] started interval=20ms det=1 latent=8x8
[orch] link change t=60.0s bw=93 delay=58
[orch] link change t=60.0s bw=87 delay=37
[orch] link change t=60.0s bw=84 delay=18
[orch] link change t=60.0s bw=12 delay=61
[orch] link change t=60.0s bw=41 delay=93
[orch] link change t=60.0s bw=85 delay=70
[orch] link change t=60.0s bw=56 delay=84
[orch] link change t=60.0s bw=27 delay=41
[orch] link change t=60.0s bw=53 delay=74
[orch] link change t=60.0s bw=72 delay=45
[orch] link change t=75.0s bw=36 delay=22
[orch] link change t=75.0s bw=87 delay=14
[orch] link change t=75.0s bw=87 delay=11
[orch] link change t=75.0s bw=80 delay=47
[orch] link change t=75.0s bw=16 delay=30
[orch] link change t=75.0s bw=57 delay=50
[orch] link change t=75.0s bw=17 delay=74
[orch] link change t=75.0s bw=74 delay=36
[orch] link change t=75.0s bw=69 delay=87
[orch] link change t=75.0s bw=93 delay=30
[orch] link change t=90.0s bw=72 delay=13
[orch] link change t=90.0s bw=84 delay=97
[orch] link change t=90.0s bw=70 delay=43
[orch] link change t=90.0s bw=17 delay=38
[orch] link change t=90.0s bw=24 delay=57
[orch] link change t=90.0s bw=12 delay=44
[orch] link change t=90.0s bw=37 delay=14
[orch] link change t=90.0s bw=61 delay=92
[orch] link change t=90.0s bw=20 delay=52
[orch] link change t=90.0s bw=14 delay=76
[orch] link change t=105.0s bw=59 delay=65
[orch] link change t=105.0s bw=30 delay=65
[orch] link change t=105.0s bw=80 delay=39
[orch] link change t=105.0s bw=76 delay=78
[orch] link change t=105.0s bw=70 delay=41
[orch] link change t=105.0s bw=72 delay=35
[orch] link change t=105.0s bw=21 delay=65
[orch] link change t=105.0s bw=13 delay=68
[orch] link change t=105.0s bw=80 delay=88
[orch] link change t=105.0s bw=72 delay=51
[orch] link change t=120.0s bw=87 delay=10
[orch] link change t=120.0s bw=91 delay=60
[orch] link change t=120.0s bw=34 delay=70
[orch] link change t=120.0s bw=56 delay=45
[orch] link change t=120.0s bw=58 delay=79
[orch] link change t=120.0s bw=62 delay=78
[orch] link change t=120.0s bw=63 delay=18
[orch] link change t=120.0s bw=72 delay=68
[orch] link change t=120.0s bw=99 delay=15
[orch] link change t=120.0s bw=19 delay=41
[orch] link change t=135.0s bw=99 delay=67
[orch] link change t=135.0s bw=75 delay=57
[orch] link change t=135.0s bw=79 delay=80
[orch] link change t=135.0s bw=32 delay=23
[orch] link change t=135.0s bw=23 delay=83
[orch] link change t=135.0s bw=79 delay=97
[orch] link change t=135.0s bw=40 delay=21
[orch] link change t=135.0s bw=59 delay=73
[orch] link change t=135.0s bw=58 delay=31
[orch] link change t=135.0s bw=56 delay=15
[orch] link change t=150.0s bw=44 delay=39
[orch] link change t=150.0s bw=79 delay=66
[orch] link change t=150.0s bw=70 delay=60
[orch] link change t=150.0s bw=43 delay=37
[orch] link change t=150.0s bw=41 delay=11
[orch] link change t=150.0s bw=22 delay=34
[orch] link change t=150.0s bw=80 delay=64
[orch] link change t=150.0s bw=83 delay=34
[orch] link change t=150.0s bw=100 delay=67
[orch] link change t=150.0s bw=63 delay=27
[orch] link change t=165.0s bw=85 delay=23
[orch] link change t=165.0s bw=74 delay=44
[orch] link change t=165.0s bw=91 delay=29
[orch] link change t=165.0s bw=13 delay=92
[orch] link change t=165.0s bw=37 delay=62
[orch] link change t=165.0s bw=82 delay=80
[orch] link change t=165.0s bw=17 delay=82
[orch] link change t=165.0s bw=61 delay=21
[orch] link change t=165.0s bw=64 delay=30
[orch] link change t=165.0s bw=87 delay=55
[orch] link change t=180.0s bw=50 delay=13
[orch] link change t=180.0s bw=14 delay=13
[orch] link change t=180.0s bw=39 delay=91
[orch] link change t=180.0s bw=43 delay=44
[orch] link change t=180.0s bw=45 delay=33
[orch] link change t=180.0s bw=99 delay=43
[orch] link change t=180.0s bw=25 delay=38
[orch] link change t=180.0s bw=72 delay=39
[orch] link change t=180.0s bw=31 delay=40
[orch] link change t=180.0s bw=58 delay=63
[orch] link change t=195.0s bw=12 delay=13
[orch] link change t=195.0s bw=56 delay=69
[orch] link change t=195.0s bw=29 delay=76
[orch] link change t=195.0s bw=34 delay=31
[orch] link change t=195.0s bw=59 delay=30
[orch] link change t=195.0s bw=94 delay=88
[orch] link change t=195.0s bw=90 delay=90
[orch] link change t=195.0s bw=12 delay=99
[orch] link change t=195.0s bw=16 delay=24
[orch] link change t=195.0s bw=46 delay=96
[orch] link change t=210.0s bw=93 delay=79
[orch] link change t=210.0s bw=50 delay=58
[orch] link change t=210.0s bw=59 delay=11
[orch] link change t=210.0s bw=49 delay=47
[orch] link change t=210.0s bw=19 delay=27
[orch] link change t=210.0s bw=97 delay=21
[orch] link change t=210.0s bw=84 delay=17
[orch] link change t=210.0s bw=44 delay=76
[orch] link change t=210.0s bw=26 delay=74
[orch] link change t=210.0s bw=43 delay=68
[orch] link change t=225.0s bw=11 delay=58
[orch] link change t=225.0s bw=64 delay=77
[orch] link change t=225.0s bw=95 delay=18
[orch] link change t=225.0s bw=90 delay=57
[orch] link change t=225.0s bw=89 delay=89
[orch] link change t=225.0s bw=64 delay=52
[orch] link change t=225.0s bw=83 delay=84
[orch] link change t=225.0s bw=62 delay=70
[orch] link change t=225.0s bw=85 delay=18
[orch] link change t=225.0s bw=32 delay=97
[orch] link change t=240.0s bw=97 delay=37
[orch] link change t=240.0s bw=31 delay=81
[orch] link change t=240.0s bw=30 delay=85
[orch] link change t=240.0s bw=21 delay=87
[orch] link change t=240.0s bw=66 delay=26
[orch] link change t=240.0s bw=21 delay=56
[orch] link change t=240.0s bw=60 delay=16
[orch] link change t=240.0s bw=58 delay=24
[orch] link change t=240.0s bw=98 delay=59
[orch] link change t=240.0s bw=48 delay=94
[orch] link change t=255.0s bw=64 delay=13
[orch] link change t=255.0s bw=32 delay=40
[orch] link change t=255.0s bw=15 delay=48
[orch] link change t=255.0s bw=53 delay=95
[orch] link change t=255.0s bw=26 delay=10
[orch] link change t=255.0s bw=62 delay=42
[orch] link change t=255.0s bw=38 delay=15
[orch] link change t=255.0s bw=94 delay=43
[orch] link change t=255.0s bw=23 delay=47
[orch] link change t=255.0s bw=56 delay=27
[orch] link change t=270.0s bw=77 delay=38
[orch] link change t=270.0s bw=39 delay=13
[orch] link change t=270.0s bw=13 delay=44
[orch] link change t=270.0s bw=59 delay=74
[orch] link change t=270.0s bw=10 delay=36
[orch] link change t=270.0s bw=66 delay=99
[orch] link change t=270.0s bw=81 delay=27
[orch] link change t=270.0s bw=22 delay=18
[orch] link change t=270.0s bw=36 delay=96
[orch] link change t=270.0s bw=68 delay=40
[orch] link change t=285.0s bw=66 delay=73
[orch] link change t=285.0s bw=32 delay=51
[orch] link change t=285.0s bw=70 delay=86
[orch] link change t=285.0s bw=41 delay=32
[orch] link change t=285.0s bw=37 delay=31
[orch] link change t=285.0s bw=22 delay=35
[orch] link change t=285.0s bw=47 delay=63
[orch] link change t=285.0s bw=59 delay=89
[orch] link change t=285.0s bw=38 delay=63
[orch] link change t=285.0s bw=66 delay=88
[orch] link change t=300.0s bw=80 delay=39
[orch] link change t=300.0s bw=32 delay=27
[orch] link change t=300.0s bw=59 delay=64
[orch] link change t=300.0s bw=41 delay=70
[orch] link change t=300.0s bw=31 delay=47
[orch] link change t=300.0s bw=99 delay=91
[orch] link change t=300.0s bw=28 delay=79
[orch] link change t=300.0s bw=58 delay=23
[orch] link change t=300.0s bw=21 delay=44
[orch] link change t=300.0s bw=58 delay=15
[orch] link change t=315.0s bw=54 delay=39
[orch] link change t=315.0s bw=75 delay=75
[orch] link change t=315.0s bw=60 delay=83
[orch] link change t=315.0s bw=45 delay=21
[orch] link change t=315.0s bw=50 delay=35
[orch] link change t=315.0s bw=47 delay=22
[orch] link change t=315.0s bw=25 delay=83
[orch] link change t=315.0s bw=94 delay=17
[orch] link change t=315.0s bw=36 delay=60
[orch] link change t=315.0s bw=84 delay=10
[orch] link change t=330.0s bw=96 delay=38
[orch] link change t=330.0s bw=56 delay=75
[orch] link change t=330.0s bw=66 delay=27
[orch] link change t=330.0s bw=80 delay=48
[orch] link change t=330.0s bw=79 delay=96
[orch] link change t=330.0s bw=15 delay=85
[orch] link change t=330.0s bw=49 delay=81
[orch] link change t=330.0s bw=53 delay=40
[orch] link change t=330.0s bw=45 delay=53
[orch] link change t=330.0s bw=40 delay=27
[multi_ep_plot] saved -> /its/home/mm2350/extra/Olympusv2/benchmarks/benchmark_responsive_fairness/data/ma_dreamer_credit/5_flows/run1/ep000001_bw27_d82_n5.pdf  return=1410904.8
[ep_plot] ep=1 -> /its/home/mm2350/extra/Olympusv2/benchmarks/benchmark_responsive_fairness/data/ma_dreamer_credit/5_flows/run1/ep000001_bw27_d82_n5.pdf  return=1410904.8125
[orch] ep=1 sum-of-agents return=1410904.8
[responsive_fairness] slot=6 ma_dreamer_credit flows=5 run=11
[responsive_fairness] ma_dreamer_credit flows=5 run=1 done (101/200)
[slot=6] ep=11  flows=5  bw=67Mbps  delay=81ms  duration=345s  delays=[0.0, 11.2, 22.5, 33.8, 45.0]  lifetimes=[345.0, 333.8, 322.5, 311.2, 300.0]
[multi_ep_plot] saved -> /its/home/mm2350/extra/Olympusv2/benchmarks/benchmark_responsive_fairness/data/ma_dreamer_credit/5_flows/run2/ep000002_bw17_d21_n5.pdf  return=1521807.8
[ep_plot] ep=2 -> /its/home/mm2350/extra/Olympusv2/benchmarks/benchmark_responsive_fairness/data/ma_dreamer_credit/5_flows/run2/ep000002_bw17_d21_n5.pdf  return=1521807.78125
[orch] ep=2 sum-of-agents return=1521807.8
[responsive_fairness] slot=4 ma_dreamer_credit flows=5 run=12
[responsive_fairness] ma_dreamer_credit flows=5 run=2 done (102/200)
[sao-listener] cport=23600 worker=/its/home/mm2350/extra/Olympusv2/olympus/algorithms/ma_dreamer/worker.py scan=20ms target_cc=astraea single_flow=1 no_state_pipe=1
[slot=4] ep=12  flows=5  bw=70Mbps  delay=44ms  duration=345s  delays=[0.0, 11.2, 22.5, 33.8, 45.0]  lifetimes=[345.0, 333.8, 322.5, 311.2, 300.0]
[sao-listener] cport=23601 worker=/its/home/mm2350/extra/Olympusv2/olympus/algorithms/ma_dreamer/worker.py scan=20ms target_cc=astraea single_flow=1 no_state_pipe=1
[sao-listener] cport=23602 worker=/its/home/mm2350/extra/Olympusv2/olympus/algorithms/ma_dreamer/worker.py scan=20ms target_cc=astraea single_flow=1 no_state_pipe=1
[sao-listener] cport=23603 worker=/its/home/mm2350/extra/Olympusv2/olympus/algorithms/ma_dreamer/worker.py scan=20ms target_cc=astraea single_flow=1 no_state_pipe=1
[sao-listener] cport=23604 worker=/its/home/mm2350/extra/Olympusv2/olympus/algorithms/ma_dreamer/worker.py scan=20ms target_cc=astraea single_flow=1 no_state_pipe=1
[multi_ep_plot] saved -> /its/home/mm2350/extra/Olympusv2/benchmarks/benchmark_responsive_fairness/data/ma_dreamer_credit/5_flows/run3/ep000003_bw40_d85_n5.pdf  return=1478806.4
[ep_plot] ep=3 -> /its/home/mm2350/extra/Olympusv2/benchmarks/benchmark_responsive_fairness/data/ma_dreamer_credit/5_flows/run3/ep000003_bw40_d85_n5.pdf  return=1478806.40625
[orch] ep=3 sum-of-agents return=1478806.4
[responsive_fairness] slot=8 ma_dreamer_credit flows=5 run=13
[responsive_fairness] ma_dreamer_credit flows=5 run=3 done (103/200)
[slot=8] ep=13  flows=5  bw=43Mbps  delay=47ms  duration=345s  delays=[0.0, 11.2, 22.5, 33.8, 45.0]  lifetimes=[345.0, 333.8, 322.5, 311.2, 300.0]
[sao-listener] cport=23400 worker=/its/home/mm2350/extra/Olympusv2/olympus/algorithms/ma_dreamer/worker.py scan=20ms target_cc=astraea single_flow=1 no_state_pipe=1
[sao-listener] cport=23401 worker=/its/home/mm2350/extra/Olympusv2/olympus/algorithms/ma_dreamer/worker.py scan=20ms target_cc=astraea single_flow=1 no_state_pipe=1
[sao-listener] cport=23402 worker=/its/home/mm2350/extra/Olympusv2/olympus/algorithms/ma_dreamer/worker.py scan=20ms target_cc=astraea single_flow=1 no_state_pipe=1
[sao-listener] cport=23403 worker=/its/home/mm2350/extra/Olympusv2/olympus/algorithms/ma_dreamer/worker.py scan=20ms target_cc=astraea single_flow=1 no_state_pipe=1
[sao-listener] cport=23404 worker=/its/home/mm2350/extra/Olympusv2/olympus/algorithms/ma_dreamer/worker.py scan=20ms target_cc=astraea single_flow=1 no_state_pipe=1
[sao-listener] cport=23800 worker=/its/home/mm2350/extra/Olympusv2/olympus/algorithms/ma_dreamer/worker.py scan=20ms target_cc=astraea single_flow=1 no_state_pipe=1
[sao-listener] cport=23801 worker=/its/home/mm2350/extra/Olympusv2/olympus/algorithms/ma_dreamer/worker.py scan=20ms target_cc=astraea single_flow=1 no_state_pipe=1
[multi_ep_plot] saved -> /its/home/mm2350/extra/Olympusv2/benchmarks/benchmark_responsive_fairness/data/ma_dreamer_credit/5_flows/run4/ep000004_bw40_d48_n5.pdf  return=1137548.6
[ep_plot] ep=4 -> /its/home/mm2350/extra/Olympusv2/benchmarks/benchmark_responsive_fairness/data/ma_dreamer_credit/5_flows/run4/ep000004_bw40_d48_n5.pdf  return=1137548.625
[orch] ep=4 sum-of-agents return=1137548.6
[sao-listener] cport=23802 worker=/its/home/mm2350/extra/Olympusv2/olympus/algorithms/ma_dreamer/worker.py scan=20ms target_cc=astraea single_flow=1 no_state_pipe=1
[responsive_fairness] slot=2 ma_dreamer_credit flows=5 run=14
[responsive_fairness] ma_dreamer_credit flows=5 run=4 done (104/200)
[sao-listener] cport=23803 worker=/its/home/mm2350/extra/Olympusv2/olympus/algorithms/ma_dreamer/worker.py scan=20ms target_cc=astraea single_flow=1 no_state_pipe=1
[sao-listener] cport=23804 worker=/its/home/mm2350/extra/Olympusv2/olympus/algorithms/ma_dreamer/worker.py scan=20ms target_cc=astraea single_flow=1 no_state_pipe=1
[slot=2] ep=14  flows=5  bw=23Mbps  delay=88ms  duration=345s  delays=[0.0, 11.2, 22.5, 33.8, 45.0]  lifetimes=[345.0, 333.8, 322.5, 311.2, 300.0]
[sao-listener] new flow 1 10.0.0.1:23600->10.0.0.6:5207 cc=astraea pid=633055 child=634269
[sao-listener] single-flow mode: attached worker; stopping ss scans
[sao-listener flow 1] cport=23600 cc=astraea worker active
[multi_ep_plot] saved -> /its/home/mm2350/extra/Olympusv2/benchmarks/benchmark_responsive_fairness/data/ma_dreamer_credit/5_flows/run5/ep000005_bw89_d42_n5.pdf  return=872018.3
[ep_plot] ep=5 -> /its/home/mm2350/extra/Olympusv2/benchmarks/benchmark_responsive_fairness/data/ma_dreamer_credit/5_flows/run5/ep000005_bw89_d42_n5.pdf  return=872018.265625
[orch] ep=5 sum-of-agents return=872018.3
[responsive_fairness] slot=9 ma_dreamer_credit flows=5 run=15
[responsive_fairness] ma_dreamer_credit flows=5 run=5 done (105/200)
[slot=9] ep=15  flows=5  bw=36Mbps  delay=11ms  duration=345s  delays=[0.0, 11.2, 22.5, 33.8, 45.0]  lifetimes=[345.0, 333.8, 322.5, 311.2, 300.0]
[sao-listener] cport=23200 worker=/its/home/mm2350/extra/Olympusv2/olympus/algorithms/ma_dreamer/worker.py scan=20ms target_cc=astraea single_flow=1 no_state_pipe=1
[sao-listener] cport=23201 worker=/its/home/mm2350/extra/Olympusv2/olympus/algorithms/ma_dreamer/worker.py scan=20ms target_cc=astraea single_flow=1 no_state_pipe=1
[sao-listener] cport=23202 worker=/its/home/mm2350/extra/Olympusv2/olympus/algorithms/ma_dreamer/worker.py scan=20ms target_cc=astraea single_flow=1 no_state_pipe=1
[sao-listener] cport=23203 worker=/its/home/mm2350/extra/Olympusv2/olympus/algorithms/ma_dreamer/worker.py scan=20ms target_cc=astraea single_flow=1 no_state_pipe=1
[sao-listener] cport=23204 worker=/its/home/mm2350/extra/Olympusv2/olympus/algorithms/ma_dreamer/worker.py scan=20ms target_cc=astraea single_flow=1 no_state_pipe=1
[multi_ep_plot] saved -> /its/home/mm2350/extra/Olympusv2/benchmarks/benchmark_responsive_fairness/data/ma_dreamer_credit/5_flows/run6/ep000006_bw83_d20_n5.pdf  return=1244632.9
[ep_plot] ep=6 -> /its/home/mm2350/extra/Olympusv2/benchmarks/benchmark_responsive_fairness/data/ma_dreamer_credit/5_flows/run6/ep000006_bw83_d20_n5.pdf  return=1244632.890625
[orch] ep=6 sum-of-agents return=1244632.9
[worker cport=23600 agent=0] loaded checkpoint step=24571
[worker alg=ma_dreamer reward=tempest_fairness_ma cport=23600 agent=0 group=slot6_ep11 flow=1] started interval=20ms det=1 latent=8x8
[sao-listener] new flow 1 10.0.0.1:23800->10.0.0.6:5209 cc=astraea pid=634599 child=635555
[sao-listener] single-flow mode: attached worker; stopping ss scans
[sao-listener flow 1] cport=23800 cc=astraea worker active
[responsive_fairness] slot=3 ma_dreamer_credit flows=5 run=16
[responsive_fairness] ma_dreamer_credit flows=5 run=6 done (106/200)
[sao-listener] new flow 1 10.0.0.1:23400->10.0.0.6:5205 cc=astraea pid=634148 child=635675
[sao-listener] single-flow mode: attached worker; stopping ss scans
[sao-listener flow 1] cport=23400 cc=astraea worker active
[slot=3] ep=16  flows=5  bw=56Mbps  delay=70ms  duration=345s  delays=[0.0, 11.2, 22.5, 33.8, 45.0]  lifetimes=[345.0, 333.8, 322.5, 311.2, 300.0]
[sao-listener] cport=23900 worker=/its/home/mm2350/extra/Olympusv2/olympus/algorithms/ma_dreamer/worker.py scan=20ms target_cc=astraea single_flow=1 no_state_pipe=1
[sao-listener] cport=23901 worker=/its/home/mm2350/extra/Olympusv2/olympus/algorithms/ma_dreamer/worker.py scan=20ms target_cc=astraea single_flow=1 no_state_pipe=1
[sao-listener] cport=23902 worker=/its/home/mm2350/extra/Olympusv2/olympus/algorithms/ma_dreamer/worker.py scan=20ms target_cc=astraea single_flow=1 no_state_pipe=1
[sao-listener] cport=23903 worker=/its/home/mm2350/extra/Olympusv2/olympus/algorithms/ma_dreamer/worker.py scan=20ms target_cc=astraea single_flow=1 no_state_pipe=1
[sao-listener] cport=23904 worker=/its/home/mm2350/extra/Olympusv2/olympus/algorithms/ma_dreamer/worker.py scan=20ms target_cc=astraea single_flow=1 no_state_pipe=1
[worker cport=23800 agent=0] loaded checkpoint step=24571
[worker alg=ma_dreamer reward=tempest_fairness_ma cport=23800 agent=0 group=slot8_ep13 flow=1] started interval=20ms det=1 latent=8x8
[worker cport=23400 agent=0] loaded checkpoint step=24571
[worker alg=ma_dreamer reward=tempest_fairness_ma cport=23400 agent=0 group=slot4_ep12 flow=1] started interval=20ms det=1 latent=8x8
[sao-listener] new flow 1 10.0.0.1:23200->10.0.0.6:5203 cc=astraea pid=636119 child=637340
[sao-listener] single-flow mode: attached worker; stopping ss scans
[sao-listener flow 1] cport=23200 cc=astraea worker active
[sao-listener] cport=23300 worker=/its/home/mm2350/extra/Olympusv2/olympus/algorithms/ma_dreamer/worker.py scan=20ms target_cc=astraea single_flow=1 no_state_pipe=1
[sao-listener] cport=23301 worker=/its/home/mm2350/extra/Olympusv2/olympus/algorithms/ma_dreamer/worker.py scan=20ms target_cc=astraea single_flow=1 no_state_pipe=1
[sao-listener] cport=23302 worker=/its/home/mm2350/extra/Olympusv2/olympus/algorithms/ma_dreamer/worker.py scan=20ms target_cc=astraea single_flow=1 no_state_pipe=1
[sao-listener] cport=23303 worker=/its/home/mm2350/extra/Olympusv2/olympus/algorithms/ma_dreamer/worker.py scan=20ms target_cc=astraea single_flow=1 no_state_pipe=1
[sao-listener] cport=23304 worker=/its/home/mm2350/extra/Olympusv2/olympus/algorithms/ma_dreamer/worker.py scan=20ms target_cc=astraea single_flow=1 no_state_pipe=1
[multi_ep_plot] saved -> /its/home/mm2350/extra/Olympusv2/benchmarks/benchmark_responsive_fairness/data/ma_dreamer_credit/5_flows/run7/ep000007_bw51_d29_n5.pdf  return=904458.5
[ep_plot] ep=7 -> /its/home/mm2350/extra/Olympusv2/benchmarks/benchmark_responsive_fairness/data/ma_dreamer_credit/5_flows/run7/ep000007_bw51_d29_n5.pdf  return=904458.484375
[orch] ep=7 sum-of-agents return=904458.5
[responsive_fairness] slot=1 ma_dreamer_credit flows=5 run=17
[responsive_fairness] ma_dreamer_credit flows=5 run=7 done (107/200)
[slot=1] ep=17  flows=5  bw=76Mbps  delay=63ms  duration=345s  delays=[0.0, 11.2, 22.5, 33.8, 45.0]  lifetimes=[345.0, 333.8, 322.5, 311.2, 300.0]
[worker cport=23200 agent=0] loaded checkpoint step=24571
[worker alg=ma_dreamer reward=tempest_fairness_ma cport=23200 agent=0 group=slot2_ep14 flow=1] started interval=20ms det=1 latent=8x8
[sao-listener] new flow 1 10.0.0.1:23900->10.0.0.6:5210 cc=astraea pid=637463 child=638595
[sao-listener] single-flow mode: attached worker; stopping ss scans
[sao-listener flow 1] cport=23900 cc=astraea worker active
[multi_ep_plot] saved -> /its/home/mm2350/extra/Olympusv2/benchmarks/benchmark_responsive_fairness/data/ma_dreamer_credit/5_flows/run8/ep000008_bw39_d57_n5.pdf  return=1028639.2
[ep_plot] ep=8 -> /its/home/mm2350/extra/Olympusv2/benchmarks/benchmark_responsive_fairness/data/ma_dreamer_credit/5_flows/run8/ep000008_bw39_d57_n5.pdf  return=1028639.25
[orch] ep=8 sum-of-agents return=1028639.2
[sao-listener] cport=23100 worker=/its/home/mm2350/extra/Olympusv2/olympus/algorithms/ma_dreamer/worker.py scan=20ms target_cc=astraea single_flow=1 no_state_pipe=1
[sao-listener] cport=23101 worker=/its/home/mm2350/extra/Olympusv2/olympus/algorithms/ma_dreamer/worker.py scan=20ms target_cc=astraea single_flow=1 no_state_pipe=1
[sao-listener] cport=23102 worker=/its/home/mm2350/extra/Olympusv2/olympus/algorithms/ma_dreamer/worker.py scan=20ms target_cc=astraea single_flow=1 no_state_pipe=1
[responsive_fairness] slot=5 ma_dreamer_credit flows=5 run=18
[responsive_fairness] ma_dreamer_credit flows=5 run=8 done (108/200)
[sao-listener] cport=23103 worker=/its/home/mm2350/extra/Olympusv2/olympus/algorithms/ma_dreamer/worker.py scan=20ms target_cc=astraea single_flow=1 no_state_pipe=1
[sao-listener] cport=23104 worker=/its/home/mm2350/extra/Olympusv2/olympus/algorithms/ma_dreamer/worker.py scan=20ms target_cc=astraea single_flow=1 no_state_pipe=1
[slot=5] ep=18  flows=5  bw=33Mbps  delay=25ms  duration=345s  delays=[0.0, 11.2, 22.5, 33.8, 45.0]  lifetimes=[345.0, 333.8, 322.5, 311.2, 300.0]
[worker cport=23900 agent=0] loaded checkpoint step=24571
[worker alg=ma_dreamer reward=tempest_fairness_ma cport=23900 agent=0 group=slot9_ep15 flow=1] started interval=20ms det=1 latent=8x8
[sao-listener] new flow 1 10.0.0.1:23300->10.0.0.6:5204 cc=astraea pid=637927 child=639940
[sao-listener] single-flow mode: attached worker; stopping ss scans
[sao-listener flow 1] cport=23300 cc=astraea worker active
[sao-listener] cport=23500 worker=/its/home/mm2350/extra/Olympusv2/olympus/algorithms/ma_dreamer/worker.py scan=20ms target_cc=astraea single_flow=1 no_state_pipe=1
[sao-listener] cport=23501 worker=/its/home/mm2350/extra/Olympusv2/olympus/algorithms/ma_dreamer/worker.py scan=20ms target_cc=astraea single_flow=1 no_state_pipe=1
[sao-listener] cport=23502 worker=/its/home/mm2350/extra/Olympusv2/olympus/algorithms/ma_dreamer/worker.py scan=20ms target_cc=astraea single_flow=1 no_state_pipe=1
[sao-listener] cport=23503 worker=/its/home/mm2350/extra/Olympusv2/olympus/algorithms/ma_dreamer/worker.py scan=20ms target_cc=astraea single_flow=1 no_state_pipe=1
[sao-listener] cport=23504 worker=/its/home/mm2350/extra/Olympusv2/olympus/algorithms/ma_dreamer/worker.py scan=20ms target_cc=astraea single_flow=1 no_state_pipe=1
[multi_ep_plot] saved -> /its/home/mm2350/extra/Olympusv2/benchmarks/benchmark_responsive_fairness/data/ma_dreamer_credit/5_flows/run9/ep000009_bw69_d88_n5.pdf  return=594736.3
[ep_plot] ep=9 -> /its/home/mm2350/extra/Olympusv2/benchmarks/benchmark_responsive_fairness/data/ma_dreamer_credit/5_flows/run9/ep000009_bw69_d88_n5.pdf  return=594736.3125
[orch] ep=9 sum-of-agents return=594736.3
[responsive_fairness] slot=0 ma_dreamer_credit flows=5 run=19
[responsive_fairness] ma_dreamer_credit flows=5 run=9 done (109/200)
[slot=0] ep=19  flows=5  bw=96Mbps  delay=15ms  duration=345s  delays=[0.0, 11.2, 22.5, 33.8, 45.0]  lifetimes=[345.0, 333.8, 322.5, 311.2, 300.0]
[worker cport=23300 agent=0] loaded checkpoint step=24571
[worker alg=ma_dreamer reward=tempest_fairness_ma cport=23300 agent=0 group=slot3_ep16 flow=1] started interval=20ms det=1 latent=8x8
[multi_ep_plot] saved -> /its/home/mm2350/extra/Olympusv2/benchmarks/benchmark_responsive_fairness/data/ma_dreamer_credit/5_flows/run10/ep000010_bw83_d14_n5.pdf  return=1344059.4
[ep_plot] ep=10 -> /its/home/mm2350/extra/Olympusv2/benchmarks/benchmark_responsive_fairness/data/ma_dreamer_credit/5_flows/run10/ep000010_bw83_d14_n5.pdf  return=1344059.40625
[orch] ep=10 sum-of-agents return=1344059.4
[responsive_fairness] slot=7 ma_dreamer_credit flows=5 run=20
[responsive_fairness] ma_dreamer_credit flows=5 run=10 done (110/200)
[slot=7] ep=20  flows=5  bw=97Mbps  delay=29ms  duration=345s  delays=[0.0, 11.2, 22.5, 33.8, 45.0]  lifetimes=[345.0, 333.8, 322.5, 311.2, 300.0]
[sao-listener] cport=23000 worker=/its/home/mm2350/extra/Olympusv2/olympus/algorithms/ma_dreamer/worker.py scan=20ms target_cc=astraea single_flow=1 no_state_pipe=1
[sao-listener] cport=23001 worker=/its/home/mm2350/extra/Olympusv2/olympus/algorithms/ma_dreamer/worker.py scan=20ms target_cc=astraea single_flow=1 no_state_pipe=1
[sao-listener] cport=23002 worker=/its/home/mm2350/extra/Olympusv2/olympus/algorithms/ma_dreamer/worker.py scan=20ms target_cc=astraea single_flow=1 no_state_pipe=1
[sao-listener] cport=23003 worker=/its/home/mm2350/extra/Olympusv2/olympus/algorithms/ma_dreamer/worker.py scan=20ms target_cc=astraea single_flow=1 no_state_pipe=1
[sao-listener] cport=23004 worker=/its/home/mm2350/extra/Olympusv2/olympus/algorithms/ma_dreamer/worker.py scan=20ms target_cc=astraea single_flow=1 no_state_pipe=1
[sao-listener] new flow 1 10.0.0.1:23100->10.0.0.6:5202 cc=astraea pid=639495 child=642422
[sao-listener] single-flow mode: attached worker; stopping ss scans
[sao-listener flow 1] cport=23100 cc=astraea worker active
[sao-listener] cport=23700 worker=/its/home/mm2350/extra/Olympusv2/olympus/algorithms/ma_dreamer/worker.py scan=20ms target_cc=astraea single_flow=1 no_state_pipe=1
[sao-listener] cport=23701 worker=/its/home/mm2350/extra/Olympusv2/olympus/algorithms/ma_dreamer/worker.py scan=20ms target_cc=astraea single_flow=1 no_state_pipe=1
[sao-listener] cport=23702 worker=/its/home/mm2350/extra/Olympusv2/olympus/algorithms/ma_dreamer/worker.py scan=20ms target_cc=astraea single_flow=1 no_state_pipe=1
[sao-listener] cport=23703 worker=/its/home/mm2350/extra/Olympusv2/olympus/algorithms/ma_dreamer/worker.py scan=20ms target_cc=astraea single_flow=1 no_state_pipe=1
[sao-listener] cport=23704 worker=/its/home/mm2350/extra/Olympusv2/olympus/algorithms/ma_dreamer/worker.py scan=20ms target_cc=astraea single_flow=1 no_state_pipe=1
[worker cport=23100 agent=0] loaded checkpoint step=24571
[worker alg=ma_dreamer reward=tempest_fairness_ma cport=23100 agent=0 group=slot1_ep17 flow=1] started interval=20ms det=1 latent=8x8
[sao-listener] new flow 1 10.0.0.1:23500->10.0.0.6:5206 cc=astraea pid=640866 child=644478
[sao-listener] single-flow mode: attached worker; stopping ss scans
[sao-listener flow 1] cport=23500 cc=astraea worker active
[worker cport=23500 agent=0] loaded checkpoint step=24571
[worker alg=ma_dreamer reward=tempest_fairness_ma cport=23500 agent=0 group=slot5_ep18 flow=1] started interval=20ms det=1 latent=8x8
[sao-listener] new flow 1 10.0.0.1:23000->10.0.0.6:5201 cc=astraea pid=642799 child=646337
[sao-listener] single-flow mode: attached worker; stopping ss scans
[sao-listener flow 1] cport=23000 cc=astraea worker active
[worker cport=23000 agent=0] loaded checkpoint step=24571
[worker alg=ma_dreamer reward=tempest_fairness_ma cport=23000 agent=0 group=slot0_ep19 flow=1] started interval=20ms det=1 latent=8x8
[sao-listener] new flow 1 10.0.0.1:23700->10.0.0.6:5208 cc=astraea pid=643961 child=647604
[sao-listener] single-flow mode: attached worker; stopping ss scans
[sao-listener flow 1] cport=23700 cc=astraea worker active
[sao-listener] new flow 1 10.0.0.2:23601->10.0.0.7:5207 cc=astraea pid=645886 child=647837
[sao-listener] single-flow mode: attached worker; stopping ss scans
[sao-listener flow 1] cport=23601 cc=astraea worker active
[worker cport=23700 agent=0] loaded checkpoint step=24571
[worker alg=ma_dreamer reward=tempest_fairness_ma cport=23700 agent=0 group=slot7_ep20 flow=1] started interval=20ms det=1 latent=8x8
[worker cport=23601 agent=1] loaded checkpoint step=24571
[worker alg=ma_dreamer reward=tempest_fairness_ma cport=23601 agent=1 group=slot6_ep11 flow=1] started interval=20ms det=1 latent=8x8
[sao-listener] new flow 1 10.0.0.2:23801->10.0.0.7:5209 cc=astraea pid=647138 child=649106
[sao-listener] single-flow mode: attached worker; stopping ss scans
[sao-listener flow 1] cport=23801 cc=astraea worker active
[orch] link change t=15.0s bw=69 delay=67
[orch] link change t=15.0s bw=94 delay=77
[worker cport=23801 agent=1] loaded checkpoint step=24571
[worker alg=ma_dreamer reward=tempest_fairness_ma cport=23801 agent=1 group=slot8_ep13 flow=1] started interval=20ms det=1 latent=8x8
[sao-listener] new flow 1 10.0.0.2:23401->10.0.0.7:5205 cc=astraea pid=646616 child=650358
[sao-listener] single-flow mode: attached worker; stopping ss scans
[sao-listener flow 1] cport=23401 cc=astraea worker active
[orch] link change t=15.0s bw=97 delay=97
[sao-listener] new flow 1 10.0.0.2:23901->10.0.0.7:5210 cc=astraea pid=649173 child=650897
[sao-listener] single-flow mode: attached worker; stopping ss scans
[sao-listener flow 1] cport=23901 cc=astraea worker active
[worker cport=23401 agent=1] loaded checkpoint step=24571
[worker alg=ma_dreamer reward=tempest_fairness_ma cport=23401 agent=1 group=slot4_ep12 flow=1] started interval=20ms det=1 latent=8x8
[orch] link change t=15.0s bw=99 delay=93
[sao-listener] new flow 1 10.0.0.2:23201->10.0.0.7:5203 cc=astraea pid=648275 child=651892
[sao-listener] single-flow mode: attached worker; stopping ss scans
[sao-listener flow 1] cport=23201 cc=astraea worker active
[worker cport=23901 agent=1] loaded checkpoint step=24571
[worker alg=ma_dreamer reward=tempest_fairness_ma cport=23901 agent=1 group=slot9_ep15 flow=1] started interval=20ms det=1 latent=8x8
[sao-listener] new flow 1 10.0.0.2:23301->10.0.0.7:5204 cc=astraea pid=649745 child=652142
[sao-listener] single-flow mode: attached worker; stopping ss scans
[sao-listener flow 1] cport=23301 cc=astraea worker active
[orch] link change t=15.0s bw=76 delay=14
[orch] link change t=15.0s bw=71 delay=46
[worker cport=23201 agent=1] loaded checkpoint step=24571
[worker alg=ma_dreamer reward=tempest_fairness_ma cport=23201 agent=1 group=slot2_ep14 flow=1] started interval=20ms det=1 latent=8x8
[worker cport=23301 agent=1] loaded checkpoint step=24571
[worker alg=ma_dreamer reward=tempest_fairness_ma cport=23301 agent=1 group=slot3_ep16 flow=1] started interval=20ms det=1 latent=8x8
[orch] link change t=15.0s bw=48 delay=56
[sao-listener] new flow 1 10.0.0.2:23001->10.0.0.7:5201 cc=astraea pid=654128 child=654431
[sao-listener] single-flow mode: attached worker; stopping ss scans
[sao-listener flow 1] cport=23001 cc=astraea worker active
[sao-listener] new flow 1 10.0.0.2:23101->10.0.0.7:5202 cc=astraea pid=651219 child=654631
[sao-listener] single-flow mode: attached worker; stopping ss scans
[sao-listener flow 1] cport=23101 cc=astraea worker active
[worker cport=23001 agent=1] loaded checkpoint step=24571
[worker alg=ma_dreamer reward=tempest_fairness_ma cport=23001 agent=1 group=slot0_ep19 flow=1] started interval=20ms det=1 latent=8x8
[orch] link change t=15.0s bw=94 delay=67
[worker cport=23101 agent=1] loaded checkpoint step=24571
[worker alg=ma_dreamer reward=tempest_fairness_ma cport=23101 agent=1 group=slot1_ep17 flow=1] started interval=20ms det=1 latent=8x8
[sao-listener] new flow 1 10.0.0.2:23701->10.0.0.7:5208 cc=astraea pid=655067 child=655862
[sao-listener] single-flow mode: attached worker; stopping ss scans
[sao-listener flow 1] cport=23701 cc=astraea worker active
[sao-listener] new flow 1 10.0.0.2:23501->10.0.0.7:5206 cc=astraea pid=652462 child=656258
[sao-listener] single-flow mode: attached worker; stopping ss scans
[sao-listener flow 1] cport=23501 cc=astraea worker active
[worker cport=23701 agent=1] loaded checkpoint step=24571
[worker alg=ma_dreamer reward=tempest_fairness_ma cport=23701 agent=1 group=slot7_ep20 flow=1] started interval=20ms det=1 latent=8x8
[orch] link change t=15.0s bw=76 delay=25
[worker cport=23501 agent=1] loaded checkpoint step=24571
[worker alg=ma_dreamer reward=tempest_fairness_ma cport=23501 agent=1 group=slot5_ep18 flow=1] started interval=20ms det=1 latent=8x8
[orch] link change t=15.0s bw=43 delay=96
[sao-listener] new flow 1 10.0.0.3:23602->10.0.0.8:5207 cc=astraea pid=657142 child=659290
[sao-listener] single-flow mode: attached worker; stopping ss scans
[sao-listener flow 1] cport=23602 cc=astraea worker active
[worker cport=23602 agent=2] loaded checkpoint step=24571
[worker alg=ma_dreamer reward=tempest_fairness_ma cport=23602 agent=2 group=slot6_ep11 flow=1] started interval=20ms det=1 latent=8x8
[sao-listener] new flow 1 10.0.0.3:23802->10.0.0.8:5209 cc=astraea pid=658242 child=660221
[sao-listener] single-flow mode: attached worker; stopping ss scans
[sao-listener flow 1] cport=23802 cc=astraea worker active
[worker cport=23802 agent=2] loaded checkpoint step=24571
[worker alg=ma_dreamer reward=tempest_fairness_ma cport=23802 agent=2 group=slot8_ep13 flow=1] started interval=20ms det=1 latent=8x8
[sao-listener] new flow 1 10.0.0.3:23402->10.0.0.8:5205 cc=astraea pid=657823 child=661224
[sao-listener] single-flow mode: attached worker; stopping ss scans
[sao-listener flow 1] cport=23402 cc=astraea worker active
[sao-listener] new flow 1 10.0.0.3:23902->10.0.0.8:5210 cc=astraea pid=659752 child=661527
[sao-listener] single-flow mode: attached worker; stopping ss scans
[sao-listener flow 1] cport=23902 cc=astraea worker active
[worker cport=23402 agent=2] loaded checkpoint step=24571
[worker alg=ma_dreamer reward=tempest_fairness_ma cport=23402 agent=2 group=slot4_ep12 flow=1] started interval=20ms det=1 latent=8x8
[sao-listener] new flow 1 10.0.0.3:23202->10.0.0.8:5203 cc=astraea pid=659083 child=662213
[sao-listener] single-flow mode: attached worker; stopping ss scans
[sao-listener flow 1] cport=23202 cc=astraea worker active
[worker cport=23902 agent=2] loaded checkpoint step=24571
[worker alg=ma_dreamer reward=tempest_fairness_ma cport=23902 agent=2 group=slot9_ep15 flow=1] started interval=20ms det=1 latent=8x8
[sao-listener] new flow 1 10.0.0.3:23302->10.0.0.8:5204 cc=astraea pid=660304 child=662507
[sao-listener] single-flow mode: attached worker; stopping ss scans
[sao-listener flow 1] cport=23302 cc=astraea worker active
[sao-listener] new flow 1 10.0.0.3:23502->10.0.0.8:5206 cc=astraea pid=662475 child=662871
[sao-listener] single-flow mode: attached worker; stopping ss scans
[sao-listener flow 1] cport=23502 cc=astraea worker active
[orch] link change t=30.0s bw=75 delay=85
[worker cport=23202 agent=2] loaded checkpoint step=24571
[worker alg=ma_dreamer reward=tempest_fairness_ma cport=23202 agent=2 group=slot2_ep14 flow=1] started interval=20ms det=1 latent=8x8
[worker cport=23302 agent=2] loaded checkpoint step=24571
[worker alg=ma_dreamer reward=tempest_fairness_ma cport=23302 agent=2 group=slot3_ep16 flow=1] started interval=20ms det=1 latent=8x8
[orch] link change t=30.0s bw=95 delay=54
[worker cport=23502 agent=2] loaded checkpoint step=24571
[worker alg=ma_dreamer reward=tempest_fairness_ma cport=23502 agent=2 group=slot5_ep18 flow=1] started interval=20ms det=1 latent=8x8
[orch] link change t=30.0s bw=33 delay=93
[sao-listener] new flow 1 10.0.0.3:23002->10.0.0.8:5201 cc=astraea pid=663825 child=664326
[sao-listener] single-flow mode: attached worker; stopping ss scans
[sao-listener flow 1] cport=23002 cc=astraea worker active
[sao-listener] new flow 1 10.0.0.3:23102->10.0.0.8:5202 cc=astraea pid=661464 child=664428
[sao-listener] single-flow mode: attached worker; stopping ss scans
[sao-listener flow 1] cport=23102 cc=astraea worker active
[orch] link change t=30.0s bw=77 delay=41
[worker cport=23002 agent=2] loaded checkpoint step=24571
[worker alg=ma_dreamer reward=tempest_fairness_ma cport=23002 agent=2 group=slot0_ep19 flow=1] started interval=20ms det=1 latent=8x8
[worker cport=23102 agent=2] loaded checkpoint step=24571
[worker alg=ma_dreamer reward=tempest_fairness_ma cport=23102 agent=2 group=slot1_ep17 flow=1] started interval=20ms det=1 latent=8x8
[orch] link change t=30.0s bw=30 delay=40
[sao-listener] new flow 1 10.0.0.3:23702->10.0.0.8:5208 cc=astraea pid=664506 child=665331
[sao-listener] single-flow mode: attached worker; stopping ss scans
[sao-listener flow 1] cport=23702 cc=astraea worker active
[orch] link change t=30.0s bw=63 delay=39
[worker cport=23702 agent=2] loaded checkpoint step=24571
[worker alg=ma_dreamer reward=tempest_fairness_ma cport=23702 agent=2 group=slot7_ep20 flow=1] started interval=20ms det=1 latent=8x8
[orch] link change t=30.0s bw=47 delay=32
[sao-listener] new flow 1 10.0.0.4:23403->10.0.0.9:5205 cc=astraea pid=666416 child=666785
[sao-listener] single-flow mode: attached worker; stopping ss scans
[sao-listener flow 1] cport=23403 cc=astraea worker active
[orch] link change t=30.0s bw=52 delay=40
[worker cport=23403 agent=3] loaded checkpoint step=24571
[worker alg=ma_dreamer reward=tempest_fairness_ma cport=23403 agent=3 group=slot4_ep12 flow=1] started interval=20ms det=1 latent=8x8
[sao-listener] new flow 1 10.0.0.4:23603->10.0.0.9:5207 cc=astraea pid=665944 child=667567
[sao-listener] single-flow mode: attached worker; stopping ss scans
[sao-listener flow 1] cport=23603 cc=astraea worker active
[orch] link change t=30.0s bw=75 delay=35
[worker cport=23603 agent=3] loaded checkpoint step=24571
[worker alg=ma_dreamer reward=tempest_fairness_ma cport=23603 agent=3 group=slot6_ep11 flow=1] started interval=20ms det=1 latent=8x8
[sao-listener] new flow 1 10.0.0.4:23803->10.0.0.9:5209 cc=astraea pid=666673 child=668187
[sao-listener] single-flow mode: attached worker; stopping ss scans
[sao-listener flow 1] cport=23803 cc=astraea worker active
[orch] link change t=30.0s bw=91 delay=22
[worker cport=23803 agent=3] loaded checkpoint step=24571
[worker alg=ma_dreamer reward=tempest_fairness_ma cport=23803 agent=3 group=slot8_ep13 flow=1] started interval=20ms det=1 latent=8x8
[sao-listener] new flow 1 10.0.0.4:23103->10.0.0.9:5202 cc=astraea pid=668851 child=669025
[sao-listener] single-flow mode: attached worker; stopping ss scans
[sao-listener flow 1] cport=23103 cc=astraea worker active
[sao-listener] new flow 1 10.0.0.4:23903->10.0.0.9:5210 cc=astraea pid=667748 child=669141
[sao-listener] single-flow mode: attached worker; stopping ss scans
[sao-listener flow 1] cport=23903 cc=astraea worker active
[sao-listener] new flow 1 10.0.0.4:23203->10.0.0.9:5203 cc=astraea pid=667253 child=669476
[sao-listener] single-flow mode: attached worker; stopping ss scans
[sao-listener flow 1] cport=23203 cc=astraea worker active
[worker cport=23103 agent=3] loaded checkpoint step=24571
[worker alg=ma_dreamer reward=tempest_fairness_ma cport=23103 agent=3 group=slot1_ep17 flow=1] started interval=20ms det=1 latent=8x8
[worker cport=23903 agent=3] loaded checkpoint step=24571
[worker alg=ma_dreamer reward=tempest_fairness_ma cport=23903 agent=3 group=slot9_ep15 flow=1] started interval=20ms det=1 latent=8x8
[sao-listener] new flow 1 10.0.0.4:23303->10.0.0.9:5204 cc=astraea pid=668077 child=669742
[sao-listener] single-flow mode: attached worker; stopping ss scans
[sao-listener flow 1] cport=23303 cc=astraea worker active
[sao-listener] new flow 1 10.0.0.4:23503->10.0.0.9:5206 cc=astraea pid=669451 child=669921
[sao-listener] single-flow mode: attached worker; stopping ss scans
[sao-listener flow 1] cport=23503 cc=astraea worker active
[worker cport=23203 agent=3] loaded checkpoint step=24571
[worker alg=ma_dreamer reward=tempest_fairness_ma cport=23203 agent=3 group=slot2_ep14 flow=1] started interval=20ms det=1 latent=8x8
[worker cport=23303 agent=3] loaded checkpoint step=24571
[worker alg=ma_dreamer reward=tempest_fairness_ma cport=23303 agent=3 group=slot3_ep16 flow=1] started interval=20ms det=1 latent=8x8
[worker cport=23503 agent=3] loaded checkpoint step=24571
[worker alg=ma_dreamer reward=tempest_fairness_ma cport=23503 agent=3 group=slot5_ep18 flow=1] started interval=20ms det=1 latent=8x8
[sao-listener] new flow 1 10.0.0.4:23003->10.0.0.9:5201 cc=astraea pid=670451 child=670782
[sao-listener] single-flow mode: attached worker; stopping ss scans
[sao-listener flow 1] cport=23003 cc=astraea worker active
[worker cport=23003 agent=3] loaded checkpoint step=24571
[worker alg=ma_dreamer reward=tempest_fairness_ma cport=23003 agent=3 group=slot0_ep19 flow=1] started interval=20ms det=1 latent=8x8
[sao-listener] new flow 1 10.0.0.4:23703->10.0.0.9:5208 cc=astraea pid=670842 child=671321
[sao-listener] single-flow mode: attached worker; stopping ss scans
[sao-listener flow 1] cport=23703 cc=astraea worker active
[orch] link change t=45.0s bw=34 delay=33
[worker cport=23703 agent=3] loaded checkpoint step=24571
[worker alg=ma_dreamer reward=tempest_fairness_ma cport=23703 agent=3 group=slot7_ep20 flow=1] started interval=20ms det=1 latent=8x8
[orch] link change t=45.0s bw=28 delay=58
[orch] link change t=45.0s bw=39 delay=95
[sao-listener] new flow 1 10.0.0.5:23404->10.0.0.10:5205 cc=astraea pid=671874 child=672099
[sao-listener] single-flow mode: attached worker; stopping ss scans
[sao-listener flow 1] cport=23404 cc=astraea worker active
[orch] link change t=45.0s bw=44 delay=42
[orch] link change t=45.0s bw=12 delay=17
[worker cport=23404 agent=4] loaded checkpoint step=24571
[worker alg=ma_dreamer reward=tempest_fairness_ma cport=23404 agent=4 group=slot4_ep12 flow=1] started interval=20ms det=1 latent=8x8
[sao-listener] new flow 1 10.0.0.5:23604->10.0.0.10:5207 cc=astraea pid=671582 child=672531
[sao-listener] single-flow mode: attached worker; stopping ss scans
[sao-listener flow 1] cport=23604 cc=astraea worker active
[orch] link change t=45.0s bw=67 delay=10
[worker cport=23604 agent=4] loaded checkpoint step=24571
[worker alg=ma_dreamer reward=tempest_fairness_ma cport=23604 agent=4 group=slot6_ep11 flow=1] started interval=20ms det=1 latent=8x8
[sao-listener] new flow 1 10.0.0.5:23804->10.0.0.10:5209 cc=astraea pid=672010 child=672859
[sao-listener] single-flow mode: attached worker; stopping ss scans
[sao-listener flow 1] cport=23804 cc=astraea worker active
[orch] link change t=45.0s bw=100 delay=100
[worker cport=23804 agent=4] loaded checkpoint step=24571
[worker alg=ma_dreamer reward=tempest_fairness_ma cport=23804 agent=4 group=slot8_ep13 flow=1] started interval=20ms det=1 latent=8x8
[sao-listener] new flow 1 10.0.0.5:23904->10.0.0.10:5210 cc=astraea pid=672614 child=673238
[sao-listener] single-flow mode: attached worker; stopping ss scans
[sao-listener flow 1] cport=23904 cc=astraea worker active
[orch] link change t=45.0s bw=35 delay=72
[worker cport=23904 agent=4] loaded checkpoint step=24571
[worker alg=ma_dreamer reward=tempest_fairness_ma cport=23904 agent=4 group=slot9_ep15 flow=1] started interval=20ms det=1 latent=8x8
[sao-listener] new flow 1 10.0.0.5:23204->10.0.0.10:5203 cc=astraea pid=672320 child=673484
[sao-listener] single-flow mode: attached worker; stopping ss scans
[sao-listener flow 1] cport=23204 cc=astraea worker active
[sao-listener] new flow 1 10.0.0.5:23304->10.0.0.10:5204 cc=astraea pid=672744 child=673584
[sao-listener] single-flow mode: attached worker; stopping ss scans
[sao-listener flow 1] cport=23304 cc=astraea worker active
[sao-listener] new flow 1 10.0.0.5:23504->10.0.0.10:5206 cc=astraea pid=673423 child=673687
[sao-listener] single-flow mode: attached worker; stopping ss scans
[sao-listener flow 1] cport=23504 cc=astraea worker active
[worker cport=23204 agent=4] loaded checkpoint step=24571
[worker alg=ma_dreamer reward=tempest_fairness_ma cport=23204 agent=4 group=slot2_ep14 flow=1] started interval=20ms det=1 latent=8x8
[orch] link change t=45.0s bw=60 delay=54
[worker cport=23304 agent=4] loaded checkpoint step=24571
[worker alg=ma_dreamer reward=tempest_fairness_ma cport=23304 agent=4 group=slot3_ep16 flow=1] started interval=20ms det=1 latent=8x8
[worker cport=23504 agent=4] loaded checkpoint step=24571
[worker alg=ma_dreamer reward=tempest_fairness_ma cport=23504 agent=4 group=slot5_ep18 flow=1] started interval=20ms det=1 latent=8x8
[orch] link change t=45.0s bw=51 delay=83
[sao-listener] new flow 1 10.0.0.5:23004->10.0.0.10:5201 cc=astraea pid=673896 child=674035
[sao-listener] single-flow mode: attached worker; stopping ss scans
[sao-listener flow 1] cport=23004 cc=astraea worker active
[sao-listener] new flow 1 10.0.0.5:23104->10.0.0.10:5202 cc=astraea pid=673173 child=674104
[sao-listener] single-flow mode: attached worker; stopping ss scans
[sao-listener flow 1] cport=23104 cc=astraea worker active
[worker cport=23004 agent=4] loaded checkpoint step=24571
[worker alg=ma_dreamer reward=tempest_fairness_ma cport=23004 agent=4 group=slot0_ep19 flow=1] started interval=20ms det=1 latent=8x8
[worker cport=23104 agent=4] loaded checkpoint step=24571
[worker alg=ma_dreamer reward=tempest_fairness_ma cport=23104 agent=4 group=slot1_ep17 flow=1] started interval=20ms det=1 latent=8x8
[sao-listener] new flow 1 10.0.0.5:23704->10.0.0.10:5208 cc=astraea pid=674031 child=674274
[sao-listener] single-flow mode: attached worker; stopping ss scans
[sao-listener flow 1] cport=23704 cc=astraea worker active
[worker cport=23704 agent=4] loaded checkpoint step=24571
[worker alg=ma_dreamer reward=tempest_fairness_ma cport=23704 agent=4 group=slot7_ep20 flow=1] started interval=20ms det=1 latent=8x8
[orch] link change t=60.0s bw=75 delay=70
[orch] link change t=60.0s bw=11 delay=57
[orch] link change t=60.0s bw=28 delay=38
[orch] link change t=60.0s bw=47 delay=19
[orch] link change t=60.0s bw=97 delay=28
[orch] link change t=60.0s bw=62 delay=94
[orch] link change t=60.0s bw=79 delay=94
[orch] link change t=60.0s bw=90 delay=73
[orch] link change t=60.0s bw=77 delay=47
[orch] link change t=60.0s bw=31 delay=13
[orch] link change t=75.0s bw=90 delay=88
[orch] link change t=75.0s bw=71 delay=45
[orch] link change t=75.0s bw=92 delay=33
[orch] link change t=75.0s bw=94 delay=67
[orch] link change t=75.0s bw=98 delay=57
[orch] link change t=75.0s bw=43 delay=40
[orch] link change t=75.0s bw=45 delay=24
[orch] link change t=75.0s bw=33 delay=71
[orch] link change t=75.0s bw=84 delay=28
[orch] link change t=75.0s bw=62 delay=62
[orch] link change t=90.0s bw=33 delay=22
[orch] link change t=90.0s bw=92 delay=68
[orch] link change t=90.0s bw=26 delay=19
[orch] link change t=90.0s bw=48 delay=69
[orch] link change t=90.0s bw=40 delay=24
[orch] link change t=90.0s bw=91 delay=38
[orch] link change t=90.0s bw=13 delay=41
[orch] link change t=90.0s bw=47 delay=68
[orch] link change t=90.0s bw=86 delay=43
[orch] link change t=90.0s bw=19 delay=23
[orch] link change t=105.0s bw=67 delay=48
[orch] link change t=105.0s bw=98 delay=86
[orch] link change t=105.0s bw=78 delay=37
[orch] link change t=105.0s bw=97 delay=60
[orch] link change t=105.0s bw=53 delay=69
[orch] link change t=105.0s bw=11 delay=47
[orch] link change t=105.0s bw=59 delay=63
[orch] link change t=105.0s bw=43 delay=35
[orch] link change t=105.0s bw=23 delay=43
[orch] link change t=105.0s bw=26 delay=50
[orch] link change t=120.0s bw=28 delay=21
[orch] link change t=120.0s bw=39 delay=81
[orch] link change t=120.0s bw=47 delay=13
[orch] link change t=120.0s bw=60 delay=25
[orch] link change t=120.0s bw=100 delay=55
[orch] link change t=120.0s bw=48 delay=52
[orch] link change t=120.0s bw=42 delay=74
[orch] link change t=120.0s bw=42 delay=98
[orch] link change t=120.0s bw=62 delay=51
[orch] link change t=120.0s bw=70 delay=84
[orch] link change t=135.0s bw=78 delay=98
[orch] link change t=135.0s bw=10 delay=94
[orch] link change t=135.0s bw=65 delay=26
[orch] link change t=135.0s bw=43 delay=38
[orch] link change t=135.0s bw=45 delay=60
[orch] link change t=135.0s bw=95 delay=28
[orch] link change t=135.0s bw=50 delay=91
[orch] link change t=135.0s bw=25 delay=51
[orch] link change t=135.0s bw=44 delay=23
[orch] link change t=135.0s bw=67 delay=62
[orch] link change t=150.0s bw=91 delay=15
[orch] link change t=150.0s bw=89 delay=28
[orch] link change t=150.0s bw=97 delay=87
[orch] link change t=150.0s bw=50 delay=55
[orch] link change t=150.0s bw=43 delay=54
[orch] link change t=150.0s bw=87 delay=49
[orch] link change t=150.0s bw=97 delay=61
[orch] link change t=150.0s bw=76 delay=96
[orch] link change t=150.0s bw=51 delay=49
[orch] link change t=150.0s bw=36 delay=35
[orch] link change t=165.0s bw=86 delay=60
[orch] link change t=165.0s bw=66 delay=57
[orch] link change t=165.0s bw=11 delay=45
[orch] link change t=165.0s bw=43 delay=56
[orch] link change t=165.0s bw=39 delay=36
[orch] link change t=165.0s bw=12 delay=38
[orch] link change t=165.0s bw=27 delay=80
[orch] link change t=165.0s bw=32 delay=40
[orch] link change t=165.0s bw=12 delay=82
[orch] link change t=165.0s bw=50 delay=90
[orch] link change t=180.0s bw=67 delay=93
[orch] link change t=180.0s bw=30 delay=53
[orch] link change t=180.0s bw=28 delay=20
[orch] link change t=180.0s bw=90 delay=90
[orch] link change t=180.0s bw=55 delay=50
[orch] link change t=180.0s bw=87 delay=42
[orch] link change t=180.0s bw=17 delay=27
[orch] link change t=180.0s bw=31 delay=40
[orch] link change t=180.0s bw=89 delay=35
[orch] link change t=180.0s bw=97 delay=52
[orch] link change t=195.0s bw=88 delay=93
[orch] link change t=195.0s bw=36 delay=17
[orch] link change t=195.0s bw=43 delay=67
[orch] link change t=195.0s bw=76 delay=29
[orch] link change t=195.0s bw=38 delay=49
[orch] link change t=195.0s bw=12 delay=29
[orch] link change t=195.0s bw=35 delay=29
[orch] link change t=195.0s bw=35 delay=56
[orch] link change t=195.0s bw=19 delay=35
[orch] link change t=195.0s bw=52 delay=64
[orch] link change t=210.0s bw=30 delay=89
[orch] link change t=210.0s bw=83 delay=35
[orch] link change t=210.0s bw=65 delay=27
[orch] link change t=210.0s bw=30 delay=80
[orch] link change t=210.0s bw=75 delay=63
[orch] link change t=210.0s bw=87 delay=95
[orch] link change t=210.0s bw=100 delay=78
[orch] link change t=210.0s bw=83 delay=74
[orch] link change t=210.0s bw=24 delay=79
[orch] link change t=210.0s bw=21 delay=90
[orch] link change t=225.0s bw=11 delay=77
[orch] link change t=225.0s bw=19 delay=75
[orch] link change t=225.0s bw=42 delay=55
[orch] link change t=225.0s bw=95 delay=94
[orch] link change t=225.0s bw=39 delay=83
[orch] link change t=225.0s bw=90 delay=13
[orch] link change t=225.0s bw=81 delay=97
[orch] link change t=225.0s bw=35 delay=96
[orch] link change t=225.0s bw=68 delay=59
[orch] link change t=225.0s bw=76 delay=72
[orch] link change t=240.0s bw=18 delay=17
[orch] link change t=240.0s bw=97 delay=53
[orch] link change t=240.0s bw=39 delay=72
[orch] link change t=240.0s bw=45 delay=31
[orch] link change t=240.0s bw=68 delay=63
[orch] link change t=240.0s bw=69 delay=68
[orch] link change t=240.0s bw=36 delay=52
[orch] link change t=240.0s bw=73 delay=37
[orch] link change t=240.0s bw=19 delay=22
[orch] link change t=240.0s bw=61 delay=20
[orch] link change t=255.0s bw=14 delay=34
[orch] link change t=255.0s bw=97 delay=61
[orch] link change t=255.0s bw=80 delay=82
[orch] link change t=255.0s bw=11 delay=93
[orch] link change t=255.0s bw=72 delay=20
[orch] link change t=255.0s bw=86 delay=90
[orch] link change t=255.0s bw=79 delay=25
[orch] link change t=255.0s bw=48 delay=43
[orch] link change t=255.0s bw=63 delay=12
[orch] link change t=255.0s bw=36 delay=83
[orch] link change t=270.0s bw=40 delay=86
[orch] link change t=270.0s bw=21 delay=12
[orch] link change t=270.0s bw=64 delay=95
[orch] link change t=270.0s bw=18 delay=25
[orch] link change t=270.0s bw=69 delay=82
[orch] link change t=270.0s bw=100 delay=47
[orch] link change t=270.0s bw=91 delay=18
[orch] link change t=270.0s bw=10 delay=53
[orch] link change t=270.0s bw=22 delay=84
[orch] link change t=270.0s bw=41 delay=14
[orch] link change t=285.0s bw=13 delay=69
[orch] link change t=285.0s bw=17 delay=94
[orch] link change t=285.0s bw=56 delay=65
[orch] link change t=285.0s bw=86 delay=53
[orch] link change t=285.0s bw=56 delay=66
[orch] link change t=285.0s bw=38 delay=49
[orch] link change t=285.0s bw=49 delay=62
[orch] link change t=285.0s bw=61 delay=38
[orch] link change t=285.0s bw=64 delay=60
[orch] link change t=285.0s bw=35 delay=22
[orch] link change t=300.0s bw=51 delay=66
[orch] link change t=300.0s bw=75 delay=38
[orch] link change t=300.0s bw=91 delay=50
[orch] link change t=300.0s bw=13 delay=20
[orch] link change t=300.0s bw=82 delay=50
[orch] link change t=300.0s bw=56 delay=43
[orch] link change t=300.0s bw=20 delay=74
[orch] link change t=300.0s bw=61 delay=78
[orch] link change t=300.0s bw=66 delay=94
[orch] link change t=300.0s bw=20 delay=34
[orch] link change t=315.0s bw=85 delay=35
[orch] link change t=315.0s bw=21 delay=64
[orch] link change t=315.0s bw=93 delay=25
[orch] link change t=315.0s bw=45 delay=36
[orch] link change t=315.0s bw=98 delay=92
[orch] link change t=315.0s bw=63 delay=21
[orch] link change t=315.0s bw=70 delay=91
[orch] link change t=315.0s bw=54 delay=85
[orch] link change t=315.0s bw=48 delay=83
[orch] link change t=315.0s bw=42 delay=98
[orch] link change t=330.0s bw=76 delay=39
[orch] link change t=330.0s bw=66 delay=24
[orch] link change t=330.0s bw=54 delay=86
[orch] link change t=330.0s bw=58 delay=61
[orch] link change t=330.0s bw=67 delay=61
[orch] link change t=330.0s bw=54 delay=73
[orch] link change t=330.0s bw=86 delay=28
[orch] link change t=330.0s bw=83 delay=77
[orch] link change t=330.0s bw=74 delay=30
[orch] link change t=330.0s bw=46 delay=49
[multi_ep_plot] saved -> /its/home/mm2350/extra/Olympusv2/benchmarks/benchmark_responsive_fairness/data/ma_dreamer_credit/5_flows/run11/ep000011_bw67_d81_n5.pdf  return=965500.5
[ep_plot] ep=11 -> /its/home/mm2350/extra/Olympusv2/benchmarks/benchmark_responsive_fairness/data/ma_dreamer_credit/5_flows/run11/ep000011_bw67_d81_n5.pdf  return=965500.5
[orch] ep=11 sum-of-agents return=965500.5
[responsive_fairness] slot=6 ma_dreamer_credit flows=5 run=21
[responsive_fairness] ma_dreamer_credit flows=5 run=11 done (111/200)
[slot=6] ep=21  flows=5  bw=31Mbps  delay=63ms  duration=345s  delays=[0.0, 11.2, 22.5, 33.8, 45.0]  lifetimes=[345.0, 333.8, 322.5, 311.2, 300.0]
[sao-listener] cport=23600 worker=/its/home/mm2350/extra/Olympusv2/olympus/algorithms/ma_dreamer/worker.py scan=20ms target_cc=astraea single_flow=1 no_state_pipe=1
[sao-listener] cport=23601 worker=/its/home/mm2350/extra/Olympusv2/olympus/algorithms/ma_dreamer/worker.py scan=20ms target_cc=astraea single_flow=1 no_state_pipe=1
[sao-listener] cport=23602 worker=/its/home/mm2350/extra/Olympusv2/olympus/algorithms/ma_dreamer/worker.py scan=20ms target_cc=astraea single_flow=1 no_state_pipe=1
[sao-listener] cport=23603 worker=/its/home/mm2350/extra/Olympusv2/olympus/algorithms/ma_dreamer/worker.py scan=20ms target_cc=astraea single_flow=1 no_state_pipe=1
[sao-listener] cport=23604 worker=/its/home/mm2350/extra/Olympusv2/olympus/algorithms/ma_dreamer/worker.py scan=20ms target_cc=astraea single_flow=1 no_state_pipe=1
[multi_ep_plot] saved -> /its/home/mm2350/extra/Olympusv2/benchmarks/benchmark_responsive_fairness/data/ma_dreamer_credit/5_flows/run12/ep000012_bw70_d44_n5.pdf  return=856791.9
[ep_plot] ep=12 -> /its/home/mm2350/extra/Olympusv2/benchmarks/benchmark_responsive_fairness/data/ma_dreamer_credit/5_flows/run12/ep000012_bw70_d44_n5.pdf  return=856791.859375
[orch] ep=12 sum-of-agents return=856791.9
[responsive_fairness] slot=4 ma_dreamer_credit flows=5 run=22
[responsive_fairness] ma_dreamer_credit flows=5 run=12 done (112/200)
[slot=4] ep=22  flows=5  bw=27Mbps  delay=41ms  duration=345s  delays=[0.0, 11.2, 22.5, 33.8, 45.0]  lifetimes=[345.0, 333.8, 322.5, 311.2, 300.0]
[multi_ep_plot] saved -> /its/home/mm2350/extra/Olympusv2/benchmarks/benchmark_responsive_fairness/data/ma_dreamer_credit/5_flows/run13/ep000013_bw43_d47_n5.pdf  return=1274050.4
[ep_plot] ep=13 -> /its/home/mm2350/extra/Olympusv2/benchmarks/benchmark_responsive_fairness/data/ma_dreamer_credit/5_flows/run13/ep000013_bw43_d47_n5.pdf  return=1274050.390625
[orch] ep=13 sum-of-agents return=1274050.4
[responsive_fairness] slot=8 ma_dreamer_credit flows=5 run=23
[responsive_fairness] ma_dreamer_credit flows=5 run=13 done (113/200)
[slot=8] ep=23  flows=5  bw=47Mbps  delay=20ms  duration=345s  delays=[0.0, 11.2, 22.5, 33.8, 45.0]  lifetimes=[345.0, 333.8, 322.5, 311.2, 300.0]
[sao-listener] cport=23400 worker=/its/home/mm2350/extra/Olympusv2/olympus/algorithms/ma_dreamer/worker.py scan=20ms target_cc=astraea single_flow=1 no_state_pipe=1
[sao-listener] cport=23401 worker=/its/home/mm2350/extra/Olympusv2/olympus/algorithms/ma_dreamer/worker.py scan=20ms target_cc=astraea single_flow=1 no_state_pipe=1
[sao-listener] cport=23402 worker=/its/home/mm2350/extra/Olympusv2/olympus/algorithms/ma_dreamer/worker.py scan=20ms target_cc=astraea single_flow=1 no_state_pipe=1
[sao-listener] cport=23403 worker=/its/home/mm2350/extra/Olympusv2/olympus/algorithms/ma_dreamer/worker.py scan=20ms target_cc=astraea single_flow=1 no_state_pipe=1
[sao-listener] cport=23404 worker=/its/home/mm2350/extra/Olympusv2/olympus/algorithms/ma_dreamer/worker.py scan=20ms target_cc=astraea single_flow=1 no_state_pipe=1
[sao-listener] cport=23800 worker=/its/home/mm2350/extra/Olympusv2/olympus/algorithms/ma_dreamer/worker.py scan=20ms target_cc=astraea single_flow=1 no_state_pipe=1
[sao-listener] cport=23801 worker=/its/home/mm2350/extra/Olympusv2/olympus/algorithms/ma_dreamer/worker.py scan=20ms target_cc=astraea single_flow=1 no_state_pipe=1
[sao-listener] cport=23802 worker=/its/home/mm2350/extra/Olympusv2/olympus/algorithms/ma_dreamer/worker.py scan=20ms target_cc=astraea single_flow=1 no_state_pipe=1
[sao-listener] cport=23803 worker=/its/home/mm2350/extra/Olympusv2/olympus/algorithms/ma_dreamer/worker.py scan=20ms target_cc=astraea single_flow=1 no_state_pipe=1
[sao-listener] cport=23804 worker=/its/home/mm2350/extra/Olympusv2/olympus/algorithms/ma_dreamer/worker.py scan=20ms target_cc=astraea single_flow=1 no_state_pipe=1
[multi_ep_plot] saved -> /its/home/mm2350/extra/Olympusv2/benchmarks/benchmark_responsive_fairness/data/ma_dreamer_credit/5_flows/run14/ep000014_bw23_d88_n5.pdf  return=1346785.3
[ep_plot] ep=14 -> /its/home/mm2350/extra/Olympusv2/benchmarks/benchmark_responsive_fairness/data/ma_dreamer_credit/5_flows/run14/ep000014_bw23_d88_n5.pdf  return=1346785.328125
[orch] ep=14 sum-of-agents return=1346785.3
[responsive_fairness] slot=2 ma_dreamer_credit flows=5 run=24
[responsive_fairness] ma_dreamer_credit flows=5 run=14 done (114/200)
[slot=2] ep=24  flows=5  bw=59Mbps  delay=84ms  duration=345s  delays=[0.0, 11.2, 22.5, 33.8, 45.0]  lifetimes=[345.0, 333.8, 322.5, 311.2, 300.0]
[multi_ep_plot] saved -> /its/home/mm2350/extra/Olympusv2/benchmarks/benchmark_responsive_fairness/data/ma_dreamer_credit/5_flows/run15/ep000015_bw36_d11_n5.pdf  return=1515918.7
[ep_plot] ep=15 -> /its/home/mm2350/extra/Olympusv2/benchmarks/benchmark_responsive_fairness/data/ma_dreamer_credit/5_flows/run15/ep000015_bw36_d11_n5.pdf  return=1515918.71875
[orch] ep=15 sum-of-agents return=1515918.7
[sao-listener] new flow 1 10.0.0.1:23600->10.0.0.6:5207 cc=astraea pid=677059 child=678875
[sao-listener] single-flow mode: attached worker; stopping ss scans
[sao-listener flow 1] cport=23600 cc=astraea worker active
[responsive_fairness] slot=9 ma_dreamer_credit flows=5 run=25
[responsive_fairness] ma_dreamer_credit flows=5 run=15 done (115/200)
[slot=9] ep=25  flows=5  bw=58Mbps  delay=11ms  duration=345s  delays=[0.0, 11.2, 22.5, 33.8, 45.0]  lifetimes=[345.0, 333.8, 322.5, 311.2, 300.0]
[sao-listener] new flow 1 10.0.0.1:23400->10.0.0.6:5205 cc=astraea pid=678330 child=678991
[sao-listener flow 1] cport=23400 cc=astraea worker active
[sao-listener] single-flow mode: attached worker; stopping ss scans
[sao-listener] cport=23200 worker=/its/home/mm2350/extra/Olympusv2/olympus/algorithms/ma_dreamer/worker.py scan=20ms target_cc=astraea single_flow=1 no_state_pipe=1
[sao-listener] cport=23201 worker=/its/home/mm2350/extra/Olympusv2/olympus/algorithms/ma_dreamer/worker.py scan=20ms target_cc=astraea single_flow=1 no_state_pipe=1
[sao-listener] cport=23202 worker=/its/home/mm2350/extra/Olympusv2/olympus/algorithms/ma_dreamer/worker.py scan=20ms target_cc=astraea single_flow=1 no_state_pipe=1
[sao-listener] cport=23203 worker=/its/home/mm2350/extra/Olympusv2/olympus/algorithms/ma_dreamer/worker.py scan=20ms target_cc=astraea single_flow=1 no_state_pipe=1
[sao-listener] cport=23204 worker=/its/home/mm2350/extra/Olympusv2/olympus/algorithms/ma_dreamer/worker.py scan=20ms target_cc=astraea single_flow=1 no_state_pipe=1
[sao-listener] new flow 1 10.0.0.1:23800->10.0.0.6:5209 cc=astraea pid=678609 child=679924
[sao-listener] single-flow mode: attached worker; stopping ss scans
[sao-listener flow 1] cport=23800 cc=astraea worker active
[multi_ep_plot] saved -> /its/home/mm2350/extra/Olympusv2/benchmarks/benchmark_responsive_fairness/data/ma_dreamer_credit/5_flows/run16/ep000016_bw56_d70_n5.pdf  return=1232603.8
[ep_plot] ep=16 -> /its/home/mm2350/extra/Olympusv2/benchmarks/benchmark_responsive_fairness/data/ma_dreamer_credit/5_flows/run16/ep000016_bw56_d70_n5.pdf  return=1232603.828125
[orch] ep=16 sum-of-agents return=1232603.8
[responsive_fairness] ma_dreamer_credit flows=5 run=16 done (116/200)
[responsive_fairness] slot=3 ma_dreamer_credit flows=5 run=26
[slot=3] ep=26  flows=5  bw=35Mbps  delay=94ms  duration=345s  delays=[0.0, 11.2, 22.5, 33.8, 45.0]  lifetimes=[345.0, 333.8, 322.5, 311.2, 300.0]
[worker cport=23600 agent=0] loaded checkpoint step=24571
[worker alg=ma_dreamer reward=tempest_fairness_ma cport=23600 agent=0 group=slot6_ep21 flow=1] started interval=20ms det=1 latent=8x8
[worker cport=23400 agent=0] loaded checkpoint step=24571
[worker alg=ma_dreamer reward=tempest_fairness_ma cport=23400 agent=0 group=slot4_ep22 flow=1] started interval=20ms det=1 latent=8x8
[sao-listener] cport=23900 worker=/its/home/mm2350/extra/Olympusv2/olympus/algorithms/ma_dreamer/worker.py scan=20ms target_cc=astraea single_flow=1 no_state_pipe=1
[sao-listener] cport=23901 worker=/its/home/mm2350/extra/Olympusv2/olympus/algorithms/ma_dreamer/worker.py scan=20ms target_cc=astraea single_flow=1 no_state_pipe=1
[sao-listener] cport=23902 worker=/its/home/mm2350/extra/Olympusv2/olympus/algorithms/ma_dreamer/worker.py scan=20ms target_cc=astraea single_flow=1 no_state_pipe=1
[sao-listener] cport=23903 worker=/its/home/mm2350/extra/Olympusv2/olympus/algorithms/ma_dreamer/worker.py scan=20ms target_cc=astraea single_flow=1 no_state_pipe=1
[sao-listener] cport=23904 worker=/its/home/mm2350/extra/Olympusv2/olympus/algorithms/ma_dreamer/worker.py scan=20ms target_cc=astraea single_flow=1 no_state_pipe=1
[worker cport=23800 agent=0] loaded checkpoint step=24571
[worker alg=ma_dreamer reward=tempest_fairness_ma cport=23800 agent=0 group=slot8_ep23 flow=1] started interval=20ms det=1 latent=8x8
[sao-listener] cport=23300 worker=/its/home/mm2350/extra/Olympusv2/olympus/algorithms/ma_dreamer/worker.py scan=20ms target_cc=astraea single_flow=1 no_state_pipe=1
[sao-listener] cport=23301 worker=/its/home/mm2350/extra/Olympusv2/olympus/algorithms/ma_dreamer/worker.py scan=20ms target_cc=astraea single_flow=1 no_state_pipe=1
[sao-listener] cport=23302 worker=/its/home/mm2350/extra/Olympusv2/olympus/algorithms/ma_dreamer/worker.py scan=20ms target_cc=astraea single_flow=1 no_state_pipe=1
[sao-listener] cport=23303 worker=/its/home/mm2350/extra/Olympusv2/olympus/algorithms/ma_dreamer/worker.py scan=20ms target_cc=astraea single_flow=1 no_state_pipe=1
[sao-listener] cport=23304 worker=/its/home/mm2350/extra/Olympusv2/olympus/algorithms/ma_dreamer/worker.py scan=20ms target_cc=astraea single_flow=1 no_state_pipe=1
[sao-listener] new flow 1 10.0.0.1:23200->10.0.0.6:5203 cc=astraea pid=680043 child=681671
[sao-listener] single-flow mode: attached worker; stopping ss scans
[sao-listener flow 1] cport=23200 cc=astraea worker active
[multi_ep_plot] saved -> /its/home/mm2350/extra/Olympusv2/benchmarks/benchmark_responsive_fairness/data/ma_dreamer_credit/5_flows/run17/ep000017_bw76_d63_n5.pdf  return=1349417.3
[ep_plot] ep=17 -> /its/home/mm2350/extra/Olympusv2/benchmarks/benchmark_responsive_fairness/data/ma_dreamer_credit/5_flows/run17/ep000017_bw76_d63_n5.pdf  return=1349417.328125
[orch] ep=17 sum-of-agents return=1349417.3
[responsive_fairness] slot=1 ma_dreamer_credit flows=5 run=27
[responsive_fairness] ma_dreamer_credit flows=5 run=17 done (117/200)
[slot=1] ep=27  flows=5  bw=93Mbps  delay=71ms  duration=345s  delays=[0.0, 11.2, 22.5, 33.8, 45.0]  lifetimes=[345.0, 333.8, 322.5, 311.2, 300.0]
[sao-listener] new flow 1 10.0.0.1:23900->10.0.0.6:5210 cc=astraea pid=681249 child=682409
[sao-listener] single-flow mode: attached worker; stopping ss scans
[sao-listener flow 1] cport=23900 cc=astraea worker active
[worker cport=23200 agent=0] loaded checkpoint step=24571
[worker alg=ma_dreamer reward=tempest_fairness_ma cport=23200 agent=0 group=slot2_ep24 flow=1] started interval=20ms det=1 latent=8x8
[sao-listener] cport=23100 worker=/its/home/mm2350/extra/Olympusv2/olympus/algorithms/ma_dreamer/worker.py scan=20ms target_cc=astraea single_flow=1 no_state_pipe=1
[sao-listener] cport=23101 worker=/its/home/mm2350/extra/Olympusv2/olympus/algorithms/ma_dreamer/worker.py scan=20ms target_cc=astraea single_flow=1 no_state_pipe=1
[sao-listener] cport=23102 worker=/its/home/mm2350/extra/Olympusv2/olympus/algorithms/ma_dreamer/worker.py scan=20ms target_cc=astraea single_flow=1 no_state_pipe=1
[sao-listener] cport=23103 worker=/its/home/mm2350/extra/Olympusv2/olympus/algorithms/ma_dreamer/worker.py scan=20ms target_cc=astraea single_flow=1 no_state_pipe=1
[sao-listener] cport=23104 worker=/its/home/mm2350/extra/Olympusv2/olympus/algorithms/ma_dreamer/worker.py scan=20ms target_cc=astraea single_flow=1 no_state_pipe=1
[multi_ep_plot] saved -> /its/home/mm2350/extra/Olympusv2/benchmarks/benchmark_responsive_fairness/data/ma_dreamer_credit/5_flows/run18/ep000018_bw33_d25_n5.pdf  return=1282486.4
[ep_plot] ep=18 -> /its/home/mm2350/extra/Olympusv2/benchmarks/benchmark_responsive_fairness/data/ma_dreamer_credit/5_flows/run18/ep000018_bw33_d25_n5.pdf  return=1282486.359375
[orch] ep=18 sum-of-agents return=1282486.4
[responsive_fairness] slot=5 ma_dreamer_credit flows=5 run=28
[responsive_fairness] ma_dreamer_credit flows=5 run=18 done (118/200)
[slot=5] ep=28  flows=5  bw=24Mbps  delay=26ms  duration=345s  delays=[0.0, 11.2, 22.5, 33.8, 45.0]  lifetimes=[345.0, 333.8, 322.5, 311.2, 300.0]
[worker cport=23900 agent=0] loaded checkpoint step=24571
[worker alg=ma_dreamer reward=tempest_fairness_ma cport=23900 agent=0 group=slot9_ep25 flow=1] started interval=20ms det=1 latent=8x8
[sao-listener] new flow 1 10.0.0.1:23300->10.0.0.6:5204 cc=astraea pid=682057 child=683910
[sao-listener] single-flow mode: attached worker; stopping ss scans
[sao-listener flow 1] cport=23300 cc=astraea worker active
[sao-listener] cport=23500 worker=/its/home/mm2350/extra/Olympusv2/olympus/algorithms/ma_dreamer/worker.py scan=20ms target_cc=astraea single_flow=1 no_state_pipe=1
[sao-listener] cport=23501 worker=/its/home/mm2350/extra/Olympusv2/olympus/algorithms/ma_dreamer/worker.py scan=20ms target_cc=astraea single_flow=1 no_state_pipe=1
[sao-listener] cport=23502 worker=/its/home/mm2350/extra/Olympusv2/olympus/algorithms/ma_dreamer/worker.py scan=20ms target_cc=astraea single_flow=1 no_state_pipe=1
[sao-listener] cport=23503 worker=/its/home/mm2350/extra/Olympusv2/olympus/algorithms/ma_dreamer/worker.py scan=20ms target_cc=astraea single_flow=1 no_state_pipe=1
[sao-listener] cport=23504 worker=/its/home/mm2350/extra/Olympusv2/olympus/algorithms/ma_dreamer/worker.py scan=20ms target_cc=astraea single_flow=1 no_state_pipe=1
[worker cport=23300 agent=0] loaded checkpoint step=24571
[worker alg=ma_dreamer reward=tempest_fairness_ma cport=23300 agent=0 group=slot3_ep26 flow=1] started interval=20ms det=1 latent=8x8
[multi_ep_plot] saved -> /its/home/mm2350/extra/Olympusv2/benchmarks/benchmark_responsive_fairness/data/ma_dreamer_credit/5_flows/run19/ep000019_bw96_d15_n5.pdf  return=947765.6
[ep_plot] ep=19 -> /its/home/mm2350/extra/Olympusv2/benchmarks/benchmark_responsive_fairness/data/ma_dreamer_credit/5_flows/run19/ep000019_bw96_d15_n5.pdf  return=947765.6328125
[orch] ep=19 sum-of-agents return=947765.6
[responsive_fairness] slot=0 ma_dreamer_credit flows=5 run=29
[responsive_fairness] ma_dreamer_credit flows=5 run=19 done (119/200)
[slot=0] ep=29  flows=5  bw=80Mbps  delay=19ms  duration=345s  delays=[0.0, 11.2, 22.5, 33.8, 45.0]  lifetimes=[345.0, 333.8, 322.5, 311.2, 300.0]
[sao-listener] new flow 1 10.0.0.1:23100->10.0.0.6:5202 cc=astraea pid=683760 child=686067
[sao-listener] single-flow mode: attached worker; stopping ss scans
[sao-listener flow 1] cport=23100 cc=astraea worker active
[multi_ep_plot] saved -> /its/home/mm2350/extra/Olympusv2/benchmarks/benchmark_responsive_fairness/data/ma_dreamer_credit/5_flows/run20/ep000020_bw97_d29_n5.pdf  return=945244.6
[ep_plot] ep=20 -> /its/home/mm2350/extra/Olympusv2/benchmarks/benchmark_responsive_fairness/data/ma_dreamer_credit/5_flows/run20/ep000020_bw97_d29_n5.pdf  return=945244.609375
[orch] ep=20 sum-of-agents return=945244.6
[responsive_fairness] slot=7 ma_dreamer_credit flows=5 run=30
[responsive_fairness] ma_dreamer_credit flows=5 run=20 done (120/200)
[sao-listener] cport=23000 worker=/its/home/mm2350/extra/Olympusv2/olympus/algorithms/ma_dreamer/worker.py scan=20ms target_cc=astraea single_flow=1 no_state_pipe=1
[slot=7] ep=30  flows=5  bw=79Mbps  delay=47ms  duration=345s  delays=[0.0, 11.2, 22.5, 33.8, 45.0]  lifetimes=[345.0, 333.8, 322.5, 311.2, 300.0]
[sao-listener] cport=23001 worker=/its/home/mm2350/extra/Olympusv2/olympus/algorithms/ma_dreamer/worker.py scan=20ms target_cc=astraea single_flow=1 no_state_pipe=1
[sao-listener] cport=23002 worker=/its/home/mm2350/extra/Olympusv2/olympus/algorithms/ma_dreamer/worker.py scan=20ms target_cc=astraea single_flow=1 no_state_pipe=1
[sao-listener] cport=23003 worker=/its/home/mm2350/extra/Olympusv2/olympus/algorithms/ma_dreamer/worker.py scan=20ms target_cc=astraea single_flow=1 no_state_pipe=1
[sao-listener] cport=23004 worker=/its/home/mm2350/extra/Olympusv2/olympus/algorithms/ma_dreamer/worker.py scan=20ms target_cc=astraea single_flow=1 no_state_pipe=1
[worker cport=23100 agent=0] loaded checkpoint step=24571
[worker alg=ma_dreamer reward=tempest_fairness_ma cport=23100 agent=0 group=slot1_ep27 flow=1] started interval=20ms det=1 latent=8x8
[sao-listener] cport=23700 worker=/its/home/mm2350/extra/Olympusv2/olympus/algorithms/ma_dreamer/worker.py scan=20ms target_cc=astraea single_flow=1 no_state_pipe=1
[sao-listener] cport=23701 worker=/its/home/mm2350/extra/Olympusv2/olympus/algorithms/ma_dreamer/worker.py scan=20ms target_cc=astraea single_flow=1 no_state_pipe=1
[sao-listener] cport=23702 worker=/its/home/mm2350/extra/Olympusv2/olympus/algorithms/ma_dreamer/worker.py scan=20ms target_cc=astraea single_flow=1 no_state_pipe=1
[sao-listener] cport=23703 worker=/its/home/mm2350/extra/Olympusv2/olympus/algorithms/ma_dreamer/worker.py scan=20ms target_cc=astraea single_flow=1 no_state_pipe=1
[sao-listener] cport=23704 worker=/its/home/mm2350/extra/Olympusv2/olympus/algorithms/ma_dreamer/worker.py scan=20ms target_cc=astraea single_flow=1 no_state_pipe=1
[sao-listener] new flow 1 10.0.0.1:23500->10.0.0.6:5206 cc=astraea pid=685358 child=688706
[sao-listener] single-flow mode: attached worker; stopping ss scans
[sao-listener flow 1] cport=23500 cc=astraea worker active
[worker cport=23500 agent=0] loaded checkpoint step=24571
[worker alg=ma_dreamer reward=tempest_fairness_ma cport=23500 agent=0 group=slot5_ep28 flow=1] started interval=20ms det=1 latent=8x8
[sao-listener] new flow 1 10.0.0.1:23000->10.0.0.6:5201 cc=astraea pid=687563 child=691194
[sao-listener] single-flow mode: attached worker; stopping ss scans
[sao-listener flow 1] cport=23000 cc=astraea worker active
[sao-listener] new flow 1 10.0.0.2:23601->10.0.0.7:5207 cc=astraea pid=689853 child=691543
[sao-listener] single-flow mode: attached worker; stopping ss scans
[sao-listener flow 1] cport=23601 cc=astraea worker active
[sao-listener] new flow 1 10.0.0.2:23401->10.0.0.7:5205 cc=astraea pid=690670 child=691865
[sao-listener] single-flow mode: attached worker; stopping ss scans
[sao-listener flow 1] cport=23401 cc=astraea worker active
[worker cport=23000 agent=0] loaded checkpoint step=24571
[worker alg=ma_dreamer reward=tempest_fairness_ma cport=23000 agent=0 group=slot0_ep29 flow=1] started interval=20ms det=1 latent=8x8
[sao-listener] new flow 1 10.0.0.1:23700->10.0.0.6:5208 cc=astraea pid=688911 child=692573
[sao-listener] single-flow mode: attached worker; stopping ss scans
[sao-listener flow 1] cport=23700 cc=astraea worker active
[worker cport=23601 agent=1] loaded checkpoint step=24571
[worker alg=ma_dreamer reward=tempest_fairness_ma cport=23601 agent=1 group=slot6_ep21 flow=1] started interval=20ms det=1 latent=8x8
[orch] link change t=15.0s bw=98 delay=63
[worker cport=23401 agent=1] loaded checkpoint step=24571
[worker alg=ma_dreamer reward=tempest_fairness_ma cport=23401 agent=1 group=slot4_ep22 flow=1] started interval=20ms det=1 latent=8x8
[sao-listener] new flow 1 10.0.0.2:23801->10.0.0.7:5209 cc=astraea pid=690961 child=693464
[sao-listener] single-flow mode: attached worker; stopping ss scans
[sao-listener flow 1] cport=23801 cc=astraea worker active
[sao-listener] new flow 1 10.0.0.2:23901->10.0.0.7:5210 cc=astraea pid=692939 child=693613
[sao-listener] single-flow mode: attached worker; stopping ss scans
[sao-listener flow 1] cport=23901 cc=astraea worker active
[worker cport=23700 agent=0] loaded checkpoint step=24571
[worker alg=ma_dreamer reward=tempest_fairness_ma cport=23700 agent=0 group=slot7_ep30 flow=1] started interval=20ms det=1 latent=8x8
[orch] link change t=15.0s bw=13 delay=88
[orch] link change t=15.0s bw=12 delay=85
[worker cport=23801 agent=1] loaded checkpoint step=24571
[worker alg=ma_dreamer reward=tempest_fairness_ma cport=23801 agent=1 group=slot8_ep23 flow=1] started interval=20ms det=1 latent=8x8
[worker cport=23901 agent=1] loaded checkpoint step=24571
[worker alg=ma_dreamer reward=tempest_fairness_ma cport=23901 agent=1 group=slot9_ep25 flow=1] started interval=20ms det=1 latent=8x8
[orch] link change t=15.0s bw=33 delay=37
[sao-listener] new flow 1 10.0.0.2:23201->10.0.0.7:5203 cc=astraea pid=692038 child=695683
[sao-listener flow 1] cport=23201 cc=astraea worker active
[sao-listener] single-flow mode: attached worker; stopping ss scans
[sao-listener] new flow 1 10.0.0.2:23301->10.0.0.7:5204 cc=astraea pid=693821 child=695966
[sao-listener] single-flow mode: attached worker; stopping ss scans
[sao-listener flow 1] cport=23301 cc=astraea worker active
[orch] link change t=15.0s bw=37 delay=49
[worker cport=23201 agent=1] loaded checkpoint step=24571
[worker alg=ma_dreamer reward=tempest_fairness_ma cport=23201 agent=1 group=slot2_ep24 flow=1] started interval=20ms det=1 latent=8x8
[orch] link change t=15.0s bw=36 delay=65
[worker cport=23301 agent=1] loaded checkpoint step=24571
[worker alg=ma_dreamer reward=tempest_fairness_ma cport=23301 agent=1 group=slot3_ep26 flow=1] started interval=20ms det=1 latent=8x8
[orch] link change t=15.0s bw=99 delay=45
[sao-listener] new flow 1 10.0.0.2:23101->10.0.0.7:5202 cc=astraea pid=695302 child=698319
[sao-listener] single-flow mode: attached worker; stopping ss scans
[sao-listener flow 1] cport=23101 cc=astraea worker active
[sao-listener] new flow 1 10.0.0.2:23001->10.0.0.7:5201 cc=astraea pid=698825 child=699104
[sao-listener] single-flow mode: attached worker; stopping ss scans
[sao-listener flow 1] cport=23001 cc=astraea worker active
[worker cport=23101 agent=1] loaded checkpoint step=24571
[worker alg=ma_dreamer reward=tempest_fairness_ma cport=23101 agent=1 group=slot1_ep27 flow=1] started interval=20ms det=1 latent=8x8
[orch] link change t=15.0s bw=79 delay=86
[worker cport=23001 agent=1] loaded checkpoint step=24571
[worker alg=ma_dreamer reward=tempest_fairness_ma cport=23001 agent=1 group=slot0_ep29 flow=1] started interval=20ms det=1 latent=8x8
[sao-listener] new flow 1 10.0.0.2:23501->10.0.0.7:5206 cc=astraea pid=696759 child=700460
[sao-listener] single-flow mode: attached worker; stopping ss scans
[sao-listener flow 1] cport=23501 cc=astraea worker active
[sao-listener] new flow 1 10.0.0.2:23701->10.0.0.7:5208 cc=astraea pid=699867 child=700539
[sao-listener] single-flow mode: attached worker; stopping ss scans
[sao-listener flow 1] cport=23701 cc=astraea worker active
[worker cport=23501 agent=1] loaded checkpoint step=24571
[worker alg=ma_dreamer reward=tempest_fairness_ma cport=23501 agent=1 group=slot5_ep28 flow=1] started interval=20ms det=1 latent=8x8
[worker cport=23701 agent=1] loaded checkpoint step=24571
[worker alg=ma_dreamer reward=tempest_fairness_ma cport=23701 agent=1 group=slot7_ep30 flow=1] started interval=20ms det=1 latent=8x8
[orch] link change t=15.0s bw=54 delay=86
[orch] link change t=15.0s bw=88 delay=13
[sao-listener] new flow 1 10.0.0.3:23402->10.0.0.8:5205 cc=astraea pid=701789 child=703129
[sao-listener] single-flow mode: attached worker; stopping ss scans
[sao-listener flow 1] cport=23402 cc=astraea worker active
[sao-listener] new flow 1 10.0.0.3:23602->10.0.0.8:5207 cc=astraea pid=700901 child=703441
[sao-listener] single-flow mode: attached worker; stopping ss scans
[sao-listener flow 1] cport=23602 cc=astraea worker active
[worker cport=23402 agent=2] loaded checkpoint step=24571
[worker alg=ma_dreamer reward=tempest_fairness_ma cport=23402 agent=2 group=slot4_ep22 flow=1] started interval=20ms det=1 latent=8x8
[worker cport=23602 agent=2] loaded checkpoint step=24571
[worker alg=ma_dreamer reward=tempest_fairness_ma cport=23602 agent=2 group=slot6_ep21 flow=1] started interval=20ms det=1 latent=8x8
[sao-listener] new flow 1 10.0.0.3:23802->10.0.0.8:5209 cc=astraea pid=702085 child=704574
[sao-listener] single-flow mode: attached worker; stopping ss scans
[sao-listener flow 1] cport=23802 cc=astraea worker active
[sao-listener] new flow 1 10.0.0.3:23902->10.0.0.8:5210 cc=astraea pid=703676 child=704719
[sao-listener] single-flow mode: attached worker; stopping ss scans
[sao-listener flow 1] cport=23902 cc=astraea worker active
[worker cport=23802 agent=2] loaded checkpoint step=24571
[worker alg=ma_dreamer reward=tempest_fairness_ma cport=23802 agent=2 group=slot8_ep23 flow=1] started interval=20ms det=1 latent=8x8
[worker cport=23902 agent=2] loaded checkpoint step=24571
[worker alg=ma_dreamer reward=tempest_fairness_ma cport=23902 agent=2 group=slot9_ep25 flow=1] started interval=20ms det=1 latent=8x8
[sao-listener] new flow 1 10.0.0.3:23202->10.0.0.8:5203 cc=astraea pid=702956 child=706187
[sao-listener] single-flow mode: attached worker; stopping ss scans
[sao-listener flow 1] cport=23202 cc=astraea worker active
[sao-listener] new flow 1 10.0.0.3:23302->10.0.0.8:5204 cc=astraea pid=704351 child=706344
[sao-listener] single-flow mode: attached worker; stopping ss scans
[sao-listener flow 1] cport=23302 cc=astraea worker active
[orch] link change t=30.0s bw=91 delay=46
[worker cport=23202 agent=2] loaded checkpoint step=24571
[worker alg=ma_dreamer reward=tempest_fairness_ma cport=23202 agent=2 group=slot2_ep24 flow=1] started interval=20ms det=1 latent=8x8
[worker cport=23302 agent=2] loaded checkpoint step=24571
[worker alg=ma_dreamer reward=tempest_fairness_ma cport=23302 agent=2 group=slot3_ep26 flow=1] started interval=20ms det=1 latent=8x8
[orch] link change t=30.0s bw=67 delay=33
[orch] link change t=30.0s bw=49 delay=64
[sao-listener] new flow 1 10.0.0.3:23102->10.0.0.8:5202 cc=astraea pid=705604 child=708129
[sao-listener] single-flow mode: attached worker; stopping ss scans
[sao-listener flow 1] cport=23102 cc=astraea worker active
[orch] link change t=30.0s bw=31 delay=34
[worker cport=23102 agent=2] loaded checkpoint step=24571
[worker alg=ma_dreamer reward=tempest_fairness_ma cport=23102 agent=2 group=slot1_ep27 flow=1] started interval=20ms det=1 latent=8x8
[orch] link change t=30.0s bw=91 delay=70
[orch] link change t=30.0s bw=86 delay=79
[sao-listener] new flow 1 10.0.0.3:23502->10.0.0.8:5206 cc=astraea pid=706699 child=709512
[sao-listener] single-flow mode: attached worker; stopping ss scans
[sao-listener flow 1] cport=23502 cc=astraea worker active
[sao-listener] new flow 1 10.0.0.3:23702->10.0.0.8:5208 cc=astraea pid=709091 child=709669
[sao-listener] single-flow mode: attached worker; stopping ss scans
[sao-listener flow 1] cport=23702 cc=astraea worker active
[worker cport=23502 agent=2] loaded checkpoint step=24571
[worker alg=ma_dreamer reward=tempest_fairness_ma cport=23502 agent=2 group=slot5_ep28 flow=1] started interval=20ms det=1 latent=8x8
[worker cport=23702 agent=2] loaded checkpoint step=24571
[worker alg=ma_dreamer reward=tempest_fairness_ma cport=23702 agent=2 group=slot7_ep30 flow=1] started interval=20ms det=1 latent=8x8
[orch] link change t=30.0s bw=46 delay=35
[sao-listener] new flow 1 10.0.0.3:23002->10.0.0.8:5201 cc=astraea pid=708307 child=711084
[sao-listener] single-flow mode: attached worker; stopping ss scans
[sao-listener flow 1] cport=23002 cc=astraea worker active
[orch] link change t=30.0s bw=32 delay=38
[sao-listener] new flow 1 10.0.0.4:23203->10.0.0.9:5203 cc=astraea pid=711384 child=711667
[sao-listener] single-flow mode: attached worker; stopping ss scans
[sao-listener flow 1] cport=23203 cc=astraea worker active
[worker cport=23002 agent=2] loaded checkpoint step=24571
[worker alg=ma_dreamer reward=tempest_fairness_ma cport=23002 agent=2 group=slot0_ep29 flow=1] started interval=20ms det=1 latent=8x8
[sao-listener] new flow 1 10.0.0.4:23403->10.0.0.9:5205 cc=astraea pid=710504 child=711743
[sao-listener] single-flow mode: attached worker; stopping ss scans
[sao-listener flow 1] cport=23403 cc=astraea worker active
[sao-listener] new flow 1 10.0.0.4:23603->10.0.0.9:5207 cc=astraea pid=709848 child=712032
[sao-listener] single-flow mode: attached worker; stopping ss scans
[sao-listener flow 1] cport=23603 cc=astraea worker active
[worker cport=23203 agent=3] loaded checkpoint step=24571
[worker alg=ma_dreamer reward=tempest_fairness_ma cport=23203 agent=3 group=slot2_ep24 flow=1] started interval=20ms det=1 latent=8x8
[worker cport=23403 agent=3] loaded checkpoint step=24571
[worker alg=ma_dreamer reward=tempest_fairness_ma cport=23403 agent=3 group=slot4_ep22 flow=1] started interval=20ms det=1 latent=8x8
[sao-listener] new flow 1 10.0.0.4:23803->10.0.0.9:5209 cc=astraea pid=710725 child=712621
[sao-listener] single-flow mode: attached worker; stopping ss scans
[sao-listener flow 1] cport=23803 cc=astraea worker active
[worker cport=23603 agent=3] loaded checkpoint step=24571
[worker alg=ma_dreamer reward=tempest_fairness_ma cport=23603 agent=3 group=slot6_ep21 flow=1] started interval=20ms det=1 latent=8x8
[sao-listener] new flow 1 10.0.0.4:23903->10.0.0.9:5210 cc=astraea pid=711959 child=712847
[sao-listener] single-flow mode: attached worker; stopping ss scans
[sao-listener flow 1] cport=23903 cc=astraea worker active
[orch] link change t=30.0s bw=87 delay=46
[worker cport=23803 agent=3] loaded checkpoint step=24571
[worker alg=ma_dreamer reward=tempest_fairness_ma cport=23803 agent=3 group=slot8_ep23 flow=1] started interval=20ms det=1 latent=8x8
[worker cport=23903 agent=3] loaded checkpoint step=24571
[worker alg=ma_dreamer reward=tempest_fairness_ma cport=23903 agent=3 group=slot9_ep25 flow=1] started interval=20ms det=1 latent=8x8
[orch] link change t=30.0s bw=89 delay=93
[sao-listener] new flow 1 10.0.0.4:23303->10.0.0.9:5204 cc=astraea pid=712461 child=713762
[sao-listener] single-flow mode: attached worker; stopping ss scans
[sao-listener flow 1] cport=23303 cc=astraea worker active
[worker cport=23303 agent=3] loaded checkpoint step=24571
[worker alg=ma_dreamer reward=tempest_fairness_ma cport=23303 agent=3 group=slot3_ep26 flow=1] started interval=20ms det=1 latent=8x8
[sao-listener] new flow 1 10.0.0.4:23103->10.0.0.9:5202 cc=astraea pid=713279 child=714707
[sao-listener] single-flow mode: attached worker; stopping ss scans
[sao-listener flow 1] cport=23103 cc=astraea worker active
[worker cport=23103 agent=3] loaded checkpoint step=24571
[worker alg=ma_dreamer reward=tempest_fairness_ma cport=23103 agent=3 group=slot1_ep27 flow=1] started interval=20ms det=1 latent=8x8
[sao-listener] new flow 1 10.0.0.4:23003->10.0.0.9:5201 cc=astraea pid=714940 child=715152
[sao-listener] single-flow mode: attached worker; stopping ss scans
[sao-listener flow 1] cport=23003 cc=astraea worker active
[worker cport=23003 agent=3] loaded checkpoint step=24571
[worker alg=ma_dreamer reward=tempest_fairness_ma cport=23003 agent=3 group=slot0_ep29 flow=1] started interval=20ms det=1 latent=8x8
[orch] link change t=45.0s bw=71 delay=37
[sao-listener] new flow 1 10.0.0.4:23503->10.0.0.9:5206 cc=astraea pid=713981 child=715691
[sao-listener] single-flow mode: attached worker; stopping ss scans
[sao-listener flow 1] cport=23503 cc=astraea worker active
[sao-listener] new flow 1 10.0.0.4:23703->10.0.0.9:5208 cc=astraea pid=715408 child=715782
[sao-listener] single-flow mode: attached worker; stopping ss scans
[sao-listener flow 1] cport=23703 cc=astraea worker active
[orch] link change t=45.0s bw=99 delay=25
[worker cport=23503 agent=3] loaded checkpoint step=24571
[worker alg=ma_dreamer reward=tempest_fairness_ma cport=23503 agent=3 group=slot5_ep28 flow=1] started interval=20ms det=1 latent=8x8
[worker cport=23703 agent=3] loaded checkpoint step=24571
[worker alg=ma_dreamer reward=tempest_fairness_ma cport=23703 agent=3 group=slot7_ep30 flow=1] started interval=20ms det=1 latent=8x8
[orch] link change t=45.0s bw=58 delay=77
[orch] link change t=45.0s bw=31 delay=95
[orch] link change t=45.0s bw=15 delay=42
[sao-listener] new flow 1 10.0.0.5:23404->10.0.0.10:5205 cc=astraea pid=716268 child=716811
[sao-listener] single-flow mode: attached worker; stopping ss scans
[sao-listener flow 1] cport=23404 cc=astraea worker active
[sao-listener] new flow 1 10.0.0.5:23604->10.0.0.10:5207 cc=astraea pid=715894 child=716815
[sao-listener] single-flow mode: attached worker; stopping ss scans
[sao-listener flow 1] cport=23604 cc=astraea worker active
[orch] link change t=45.0s bw=17 delay=26
[worker cport=23404 agent=4] loaded checkpoint step=24571
[worker alg=ma_dreamer reward=tempest_fairness_ma cport=23404 agent=4 group=slot4_ep22 flow=1] started interval=20ms det=1 latent=8x8
[worker cport=23604 agent=4] loaded checkpoint step=24571
[worker alg=ma_dreamer reward=tempest_fairness_ma cport=23604 agent=4 group=slot6_ep21 flow=1] started interval=20ms det=1 latent=8x8
[sao-listener] new flow 1 10.0.0.5:23804->10.0.0.10:5209 cc=astraea pid=716367 child=717302
[sao-listener] single-flow mode: attached worker; stopping ss scans
[sao-listener flow 1] cport=23804 cc=astraea worker active
[sao-listener] new flow 1 10.0.0.5:23904->10.0.0.10:5210 cc=astraea pid=716969 child=717402
[sao-listener] single-flow mode: attached worker; stopping ss scans
[sao-listener flow 1] cport=23904 cc=astraea worker active
[orch] link change t=45.0s bw=19 delay=18
[worker cport=23804 agent=4] loaded checkpoint step=24571
[worker alg=ma_dreamer reward=tempest_fairness_ma cport=23804 agent=4 group=slot8_ep23 flow=1] started interval=20ms det=1 latent=8x8
[worker cport=23904 agent=4] loaded checkpoint step=24571
[worker alg=ma_dreamer reward=tempest_fairness_ma cport=23904 agent=4 group=slot9_ep25 flow=1] started interval=20ms det=1 latent=8x8
[orch] link change t=45.0s bw=26 delay=91
[sao-listener] new flow 1 10.0.0.5:23304->10.0.0.10:5204 cc=astraea pid=717236 child=717876
[sao-listener] single-flow mode: attached worker; stopping ss scans
[sao-listener flow 1] cport=23304 cc=astraea worker active
[sao-listener] new flow 1 10.0.0.5:23204->10.0.0.10:5203 cc=astraea pid=716662 child=717942
[sao-listener] single-flow mode: attached worker; stopping ss scans
[sao-listener flow 1] cport=23204 cc=astraea worker active
[worker cport=23304 agent=4] loaded checkpoint step=24571
[worker alg=ma_dreamer reward=tempest_fairness_ma cport=23304 agent=4 group=slot3_ep26 flow=1] started interval=20ms det=1 latent=8x8
[worker cport=23204 agent=4] loaded checkpoint step=24571
[worker alg=ma_dreamer reward=tempest_fairness_ma cport=23204 agent=4 group=slot2_ep24 flow=1] started interval=20ms det=1 latent=8x8
[orch] link change t=45.0s bw=21 delay=75
[sao-listener] new flow 1 10.0.0.5:23104->10.0.0.10:5202 cc=astraea pid=717696 child=718326
[sao-listener] single-flow mode: attached worker; stopping ss scans
[sao-listener flow 1] cport=23104 cc=astraea worker active
[orch] link change t=45.0s bw=36 delay=42
[worker cport=23104 agent=4] loaded checkpoint step=24571
[worker alg=ma_dreamer reward=tempest_fairness_ma cport=23104 agent=4 group=slot1_ep27 flow=1] started interval=20ms det=1 latent=8x8
[sao-listener] new flow 1 10.0.0.5:23504->10.0.0.10:5206 cc=astraea pid=718020 child=718615
[sao-listener] single-flow mode: attached worker; stopping ss scans
[sao-listener flow 1] cport=23504 cc=astraea worker active
[worker cport=23504 agent=4] loaded checkpoint step=24571
[worker alg=ma_dreamer reward=tempest_fairness_ma cport=23504 agent=4 group=slot5_ep28 flow=1] started interval=20ms det=1 latent=8x8
[sao-listener] new flow 1 10.0.0.5:23004->10.0.0.10:5201 cc=astraea pid=718400 child=718837
[sao-listener] single-flow mode: attached worker; stopping ss scans
[sao-listener flow 1] cport=23004 cc=astraea worker active
[worker cport=23004 agent=4] loaded checkpoint step=24571
[worker alg=ma_dreamer reward=tempest_fairness_ma cport=23004 agent=4 group=slot0_ep29 flow=1] started interval=20ms det=1 latent=8x8
[orch] link change t=60.0s bw=70 delay=75
[sao-listener] new flow 1 10.0.0.5:23704->10.0.0.10:5208 cc=astraea pid=718541 child=718976
[sao-listener] single-flow mode: attached worker; stopping ss scans
[sao-listener flow 1] cport=23704 cc=astraea worker active
[orch] link change t=60.0s bw=93 delay=54
[worker cport=23704 agent=4] loaded checkpoint step=24571
[worker alg=ma_dreamer reward=tempest_fairness_ma cport=23704 agent=4 group=slot7_ep30 flow=1] started interval=20ms det=1 latent=8x8
[orch] link change t=60.0s bw=55 delay=26
[orch] link change t=60.0s bw=97 delay=21
[orch] link change t=60.0s bw=14 delay=49
[orch] link change t=60.0s bw=71 delay=15
[orch] link change t=60.0s bw=42 delay=79
[orch] link change t=60.0s bw=69 delay=63
[orch] link change t=60.0s bw=54 delay=60
[orch] link change t=60.0s bw=16 delay=60
[orch] link change t=75.0s bw=33 delay=74
[orch] link change t=75.0s bw=20 delay=39
[orch] link change t=75.0s bw=34 delay=44
[orch] link change t=75.0s bw=100 delay=29
[orch] link change t=75.0s bw=82 delay=64
[orch] link change t=75.0s bw=97 delay=89
[orch] link change t=75.0s bw=52 delay=42
[orch] link change t=75.0s bw=36 delay=37
[orch] link change t=75.0s bw=63 delay=12
[orch] link change t=75.0s bw=58 delay=92
[orch] link change t=90.0s bw=77 delay=40
[orch] link change t=90.0s bw=44 delay=16
[orch] link change t=90.0s bw=66 delay=11
[orch] link change t=90.0s bw=100 delay=46
[orch] link change t=90.0s bw=22 delay=85
[orch] link change t=90.0s bw=74 delay=31
[orch] link change t=90.0s bw=57 delay=61
[orch] link change t=90.0s bw=28 delay=60
[orch] link change t=90.0s bw=14 delay=23
[orch] link change t=90.0s bw=27 delay=20
[orch] link change t=105.0s bw=10 delay=11
[orch] link change t=105.0s bw=50 delay=86
[orch] link change t=105.0s bw=38 delay=89
[orch] link change t=105.0s bw=11 delay=66
[orch] link change t=105.0s bw=25 delay=83
[orch] link change t=105.0s bw=91 delay=64
[orch] link change t=105.0s bw=33 delay=41
[orch] link change t=105.0s bw=30 delay=26
[orch] link change t=105.0s bw=66 delay=93
[orch] link change t=105.0s bw=69 delay=10
[orch] link change t=120.0s bw=57 delay=84
[orch] link change t=120.0s bw=32 delay=80
[orch] link change t=120.0s bw=68 delay=13
[orch] link change t=120.0s bw=69 delay=91
[orch] link change t=120.0s bw=97 delay=35
[orch] link change t=120.0s bw=41 delay=62
[orch] link change t=120.0s bw=40 delay=72
[orch] link change t=120.0s bw=87 delay=34
[orch] link change t=120.0s bw=38 delay=54
[orch] link change t=120.0s bw=76 delay=41
[orch] link change t=135.0s bw=64 delay=18
[orch] link change t=135.0s bw=97 delay=65
[orch] link change t=135.0s bw=23 delay=20
[orch] link change t=135.0s bw=24 delay=13
[orch] link change t=135.0s bw=75 delay=89
[orch] link change t=135.0s bw=35 delay=98
[orch] link change t=135.0s bw=19 delay=91
[orch] link change t=135.0s bw=35 delay=13
[orch] link change t=135.0s bw=20 delay=73
[orch] link change t=135.0s bw=13 delay=19
[orch] link change t=150.0s bw=28 delay=39
[orch] link change t=150.0s bw=100 delay=16
[orch] link change t=150.0s bw=100 delay=73
[orch] link change t=150.0s bw=76 delay=31
[orch] link change t=150.0s bw=50 delay=33
[orch] link change t=150.0s bw=13 delay=95
[orch] link change t=150.0s bw=83 delay=93
[orch] link change t=150.0s bw=62 delay=40
[orch] link change t=150.0s bw=52 delay=87
[orch] link change t=150.0s bw=30 delay=86
[orch] link change t=165.0s bw=39 delay=98
[orch] link change t=165.0s bw=83 delay=12
[orch] link change t=165.0s bw=63 delay=12
[orch] link change t=165.0s bw=72 delay=66
[orch] link change t=165.0s bw=80 delay=55
[orch] link change t=165.0s bw=38 delay=28
[orch] link change t=165.0s bw=20 delay=88
[orch] link change t=165.0s bw=18 delay=22
[orch] link change t=165.0s bw=79 delay=63
[orch] link change t=165.0s bw=77 delay=61
[orch] link change t=180.0s bw=15 delay=65
[orch] link change t=180.0s bw=85 delay=43
[orch] link change t=180.0s bw=75 delay=90
[orch] link change t=180.0s bw=97 delay=48
[orch] link change t=180.0s bw=75 delay=70
[orch] link change t=180.0s bw=26 delay=37
[orch] link change t=180.0s bw=64 delay=63
[orch] link change t=180.0s bw=63 delay=50
[orch] link change t=180.0s bw=35 delay=67
[orch] link change t=180.0s bw=93 delay=54
[orch] link change t=195.0s bw=62 delay=88
[orch] link change t=195.0s bw=49 delay=63
[orch] link change t=195.0s bw=65 delay=55
[orch] link change t=195.0s bw=73 delay=20
[orch] link change t=195.0s bw=77 delay=23
[orch] link change t=195.0s bw=86 delay=71
[orch] link change t=195.0s bw=16 delay=94
[orch] link change t=195.0s bw=99 delay=26
[orch] link change t=195.0s bw=31 delay=38
[orch] link change t=195.0s bw=78 delay=18
[orch] link change t=210.0s bw=66 delay=14
[orch] link change t=210.0s bw=34 delay=33
[orch] link change t=210.0s bw=17 delay=36
[orch] link change t=210.0s bw=97 delay=42
[orch] link change t=210.0s bw=91 delay=96
[orch] link change t=210.0s bw=59 delay=56
[orch] link change t=210.0s bw=66 delay=54
[orch] link change t=210.0s bw=32 delay=74
[orch] link change t=210.0s bw=65 delay=62
[orch] link change t=210.0s bw=61 delay=13
[orch] link change t=225.0s bw=52 delay=79
[orch] link change t=225.0s bw=24 delay=84
[orch] link change t=225.0s bw=14 delay=85
[orch] link change t=225.0s bw=88 delay=30
[orch] link change t=225.0s bw=22 delay=86
[orch] link change t=225.0s bw=41 delay=84
[orch] link change t=225.0s bw=11 delay=92
[orch] link change t=225.0s bw=76 delay=98
[orch] link change t=225.0s bw=96 delay=97
[orch] link change t=225.0s bw=41 delay=82
[orch] link change t=240.0s bw=73 delay=98
[orch] link change t=240.0s bw=77 delay=82
[orch] link change t=240.0s bw=57 delay=94
[orch] link change t=240.0s bw=97 delay=51
[orch] link change t=240.0s bw=84 delay=55
[orch] link change t=240.0s bw=13 delay=13
[orch] link change t=240.0s bw=71 delay=42
[orch] link change t=240.0s bw=94 delay=44
[orch] link change t=240.0s bw=82 delay=77
[orch] link change t=240.0s bw=96 delay=45
[orch] link change t=255.0s bw=24 delay=93
[orch] link change t=255.0s bw=17 delay=99
[orch] link change t=255.0s bw=32 delay=89
[orch] link change t=255.0s bw=49 delay=19
[orch] link change t=255.0s bw=63 delay=55
[orch] link change t=255.0s bw=47 delay=79
[orch] link change t=255.0s bw=27 delay=88
[orch] link change t=255.0s bw=88 delay=39
[orch] link change t=255.0s bw=35 delay=79
[orch] link change t=255.0s bw=64 delay=82
[orch] link change t=270.0s bw=57 delay=12
[orch] link change t=270.0s bw=51 delay=88
[orch] link change t=270.0s bw=37 delay=56
[orch] link change t=270.0s bw=79 delay=93
[orch] link change t=270.0s bw=34 delay=96
[orch] link change t=270.0s bw=78 delay=25
[orch] link change t=270.0s bw=53 delay=88
[orch] link change t=270.0s bw=96 delay=67
[orch] link change t=270.0s bw=96 delay=64
[orch] link change t=270.0s bw=22 delay=96
[orch] link change t=285.0s bw=29 delay=21
[orch] link change t=285.0s bw=52 delay=43
[orch] link change t=285.0s bw=82 delay=57
[orch] link change t=285.0s bw=56 delay=94
[orch] link change t=285.0s bw=30 delay=89
[orch] link change t=285.0s bw=75 delay=15
[orch] link change t=285.0s bw=93 delay=39
[orch] link change t=285.0s bw=26 delay=35
[orch] link change t=285.0s bw=48 delay=45
[orch] link change t=285.0s bw=45 delay=91
[orch] link change t=300.0s bw=25 delay=12
[orch] link change t=300.0s bw=33 delay=60
[orch] link change t=300.0s bw=83 delay=46
[orch] link change t=300.0s bw=14 delay=37
[orch] link change t=300.0s bw=68 delay=19
[orch] link change t=300.0s bw=92 delay=10
[orch] link change t=300.0s bw=100 delay=77
[orch] link change t=300.0s bw=11 delay=46
[orch] link change t=300.0s bw=75 delay=38
[orch] link change t=300.0s bw=81 delay=24
[orch] link change t=315.0s bw=68 delay=30
[orch] link change t=315.0s bw=49 delay=93
[orch] link change t=315.0s bw=94 delay=50
[orch] link change t=315.0s bw=50 delay=53
[orch] link change t=315.0s bw=19 delay=61
[orch] link change t=315.0s bw=69 delay=86
[orch] link change t=315.0s bw=28 delay=22
[orch] link change t=315.0s bw=91 delay=96
[orch] link change t=315.0s bw=62 delay=70
[orch] link change t=315.0s bw=88 delay=73
[orch] link change t=330.0s bw=80 delay=53
[orch] link change t=330.0s bw=75 delay=28
[orch] link change t=330.0s bw=83 delay=20
[orch] link change t=330.0s bw=18 delay=49
[orch] link change t=330.0s bw=82 delay=18
[orch] link change t=330.0s bw=94 delay=81
[orch] link change t=330.0s bw=60 delay=48
[orch] link change t=330.0s bw=43 delay=20
[orch] link change t=330.0s bw=76 delay=28
[orch] link change t=330.0s bw=49 delay=26
[multi_ep_plot] saved -> /its/home/mm2350/extra/Olympusv2/benchmarks/benchmark_responsive_fairness/data/ma_dreamer_credit/5_flows/run21/ep000021_bw31_d63_n5.pdf  return=1036320.5
[ep_plot] ep=21 -> /its/home/mm2350/extra/Olympusv2/benchmarks/benchmark_responsive_fairness/data/ma_dreamer_credit/5_flows/run21/ep000021_bw31_d63_n5.pdf  return=1036320.453125
[orch] ep=21 sum-of-agents return=1036320.5
[responsive_fairness] slot=6 ma_dreamer_credit flows=5 run=31
[responsive_fairness] ma_dreamer_credit flows=5 run=21 done (121/200)
[slot=6] ep=31  flows=5  bw=11Mbps  delay=70ms  duration=345s  delays=[0.0, 11.2, 22.5, 33.8, 45.0]  lifetimes=[345.0, 333.8, 322.5, 311.2, 300.0]
[sao-listener] cport=23600 worker=/its/home/mm2350/extra/Olympusv2/olympus/algorithms/ma_dreamer/worker.py scan=20ms target_cc=astraea single_flow=1 no_state_pipe=1
[sao-listener] cport=23601 worker=/its/home/mm2350/extra/Olympusv2/olympus/algorithms/ma_dreamer/worker.py scan=20ms target_cc=astraea single_flow=1 no_state_pipe=1
[sao-listener] cport=23602 worker=/its/home/mm2350/extra/Olympusv2/olympus/algorithms/ma_dreamer/worker.py scan=20ms target_cc=astraea single_flow=1 no_state_pipe=1
[sao-listener] cport=23603 worker=/its/home/mm2350/extra/Olympusv2/olympus/algorithms/ma_dreamer/worker.py scan=20ms target_cc=astraea single_flow=1 no_state_pipe=1
[sao-listener] cport=23604 worker=/its/home/mm2350/extra/Olympusv2/olympus/algorithms/ma_dreamer/worker.py scan=20ms target_cc=astraea single_flow=1 no_state_pipe=1
[multi_ep_plot] saved -> /its/home/mm2350/extra/Olympusv2/benchmarks/benchmark_responsive_fairness/data/ma_dreamer_credit/5_flows/run22/ep000022_bw27_d41_n5.pdf  return=1422469.9
[ep_plot] ep=22 -> /its/home/mm2350/extra/Olympusv2/benchmarks/benchmark_responsive_fairness/data/ma_dreamer_credit/5_flows/run22/ep000022_bw27_d41_n5.pdf  return=1422469.9375
[orch] ep=22 sum-of-agents return=1422469.9
[responsive_fairness] slot=4 ma_dreamer_credit flows=5 run=32
[responsive_fairness] ma_dreamer_credit flows=5 run=22 done (122/200)
[slot=4] ep=32  flows=5  bw=19Mbps  delay=37ms  duration=345s  delays=[0.0, 11.2, 22.5, 33.8, 45.0]  lifetimes=[345.0, 333.8, 322.5, 311.2, 300.0]
[multi_ep_plot] saved -> /its/home/mm2350/extra/Olympusv2/benchmarks/benchmark_responsive_fairness/data/ma_dreamer_credit/5_flows/run23/ep000023_bw47_d20_n5.pdf  return=1325811.8
[ep_plot] ep=23 -> /its/home/mm2350/extra/Olympusv2/benchmarks/benchmark_responsive_fairness/data/ma_dreamer_credit/5_flows/run23/ep000023_bw47_d20_n5.pdf  return=1325811.78125
[orch] ep=23 sum-of-agents return=1325811.8
[responsive_fairness] slot=8 ma_dreamer_credit flows=5 run=33
[responsive_fairness] ma_dreamer_credit flows=5 run=23 done (123/200)
[slot=8] ep=33  flows=5  bw=83Mbps  delay=31ms  duration=345s  delays=[0.0, 11.2, 22.5, 33.8, 45.0]  lifetimes=[345.0, 333.8, 322.5, 311.2, 300.0]
[sao-listener] cport=23400 worker=/its/home/mm2350/extra/Olympusv2/olympus/algorithms/ma_dreamer/worker.py scan=20ms target_cc=astraea single_flow=1 no_state_pipe=1
[sao-listener] cport=23401 worker=/its/home/mm2350/extra/Olympusv2/olympus/algorithms/ma_dreamer/worker.py scan=20ms target_cc=astraea single_flow=1 no_state_pipe=1
[sao-listener] cport=23402 worker=/its/home/mm2350/extra/Olympusv2/olympus/algorithms/ma_dreamer/worker.py scan=20ms target_cc=astraea single_flow=1 no_state_pipe=1
[sao-listener] cport=23403 worker=/its/home/mm2350/extra/Olympusv2/olympus/algorithms/ma_dreamer/worker.py scan=20ms target_cc=astraea single_flow=1 no_state_pipe=1
[sao-listener] cport=23404 worker=/its/home/mm2350/extra/Olympusv2/olympus/algorithms/ma_dreamer/worker.py scan=20ms target_cc=astraea single_flow=1 no_state_pipe=1
[sao-listener] new flow 1 10.0.0.1:23600->10.0.0.6:5207 cc=astraea pid=722244 child=723012
[sao-listener] single-flow mode: attached worker; stopping ss scans
[sao-listener flow 1] cport=23600 cc=astraea worker active
[sao-listener] cport=23800 worker=/its/home/mm2350/extra/Olympusv2/olympus/algorithms/ma_dreamer/worker.py scan=20ms target_cc=astraea single_flow=1 no_state_pipe=1
[sao-listener] cport=23801 worker=/its/home/mm2350/extra/Olympusv2/olympus/algorithms/ma_dreamer/worker.py scan=20ms target_cc=astraea single_flow=1 no_state_pipe=1
[sao-listener] cport=23802 worker=/its/home/mm2350/extra/Olympusv2/olympus/algorithms/ma_dreamer/worker.py scan=20ms target_cc=astraea single_flow=1 no_state_pipe=1
[multi_ep_plot] saved -> /its/home/mm2350/extra/Olympusv2/benchmarks/benchmark_responsive_fairness/data/ma_dreamer_credit/5_flows/run24/ep000024_bw59_d84_n5.pdf  return=1256777.9
[ep_plot] ep=24 -> /its/home/mm2350/extra/Olympusv2/benchmarks/benchmark_responsive_fairness/data/ma_dreamer_credit/5_flows/run24/ep000024_bw59_d84_n5.pdf  return=1256777.9375
[orch] ep=24 sum-of-agents return=1256777.9
[sao-listener] cport=23803 worker=/its/home/mm2350/extra/Olympusv2/olympus/algorithms/ma_dreamer/worker.py scan=20ms target_cc=astraea single_flow=1 no_state_pipe=1
[responsive_fairness] slot=2 ma_dreamer_credit flows=5 run=34
[responsive_fairness] ma_dreamer_credit flows=5 run=24 done (124/200)
[sao-listener] cport=23804 worker=/its/home/mm2350/extra/Olympusv2/olympus/algorithms/ma_dreamer/worker.py scan=20ms target_cc=astraea single_flow=1 no_state_pipe=1
[slot=2] ep=34  flows=5  bw=77Mbps  delay=55ms  duration=345s  delays=[0.0, 11.2, 22.5, 33.8, 45.0]  lifetimes=[345.0, 333.8, 322.5, 311.2, 300.0]
[worker cport=23600 agent=0] loaded checkpoint step=24571
[worker alg=ma_dreamer reward=tempest_fairness_ma cport=23600 agent=0 group=slot6_ep31 flow=1] started interval=20ms det=1 latent=8x8
[sao-listener] new flow 1 10.0.0.1:23400->10.0.0.6:5205 cc=astraea pid=723520 child=724212
[sao-listener] single-flow mode: attached worker; stopping ss scans
[sao-listener flow 1] cport=23400 cc=astraea worker active
[multi_ep_plot] saved -> /its/home/mm2350/extra/Olympusv2/benchmarks/benchmark_responsive_fairness/data/ma_dreamer_credit/5_flows/run25/ep000025_bw58_d11_n5.pdf  return=1284599.6
[ep_plot] ep=25 -> /its/home/mm2350/extra/Olympusv2/benchmarks/benchmark_responsive_fairness/data/ma_dreamer_credit/5_flows/run25/ep000025_bw58_d11_n5.pdf  return=1284599.578125
[orch] ep=25 sum-of-agents return=1284599.6
[responsive_fairness] slot=9 ma_dreamer_credit flows=5 run=35
[responsive_fairness] ma_dreamer_credit flows=5 run=25 done (125/200)
[sao-listener] cport=23200 worker=/its/home/mm2350/extra/Olympusv2/olympus/algorithms/ma_dreamer/worker.py scan=20ms target_cc=astraea single_flow=1 no_state_pipe=1
[slot=9] ep=35  flows=5  bw=80Mbps  delay=52ms  duration=345s  delays=[0.0, 11.2, 22.5, 33.8, 45.0]  lifetimes=[345.0, 333.8, 322.5, 311.2, 300.0]
[sao-listener] cport=23201 worker=/its/home/mm2350/extra/Olympusv2/olympus/algorithms/ma_dreamer/worker.py scan=20ms target_cc=astraea single_flow=1 no_state_pipe=1
[sao-listener] cport=23202 worker=/its/home/mm2350/extra/Olympusv2/olympus/algorithms/ma_dreamer/worker.py scan=20ms target_cc=astraea single_flow=1 no_state_pipe=1
[sao-listener] cport=23203 worker=/its/home/mm2350/extra/Olympusv2/olympus/algorithms/ma_dreamer/worker.py scan=20ms target_cc=astraea single_flow=1 no_state_pipe=1
[sao-listener] cport=23204 worker=/its/home/mm2350/extra/Olympusv2/olympus/algorithms/ma_dreamer/worker.py scan=20ms target_cc=astraea single_flow=1 no_state_pipe=1
[sao-listener] new flow 1 10.0.0.1:23800->10.0.0.6:5209 cc=astraea pid=723832 child=725205
[sao-listener] single-flow mode: attached worker; stopping ss scans
[sao-listener flow 1] cport=23800 cc=astraea worker active
[worker cport=23400 agent=0] loaded checkpoint step=24571
[worker alg=ma_dreamer reward=tempest_fairness_ma cport=23400 agent=0 group=slot4_ep32 flow=1] started interval=20ms det=1 latent=8x8
[sao-listener] cport=23900 worker=/its/home/mm2350/extra/Olympusv2/olympus/algorithms/ma_dreamer/worker.py scan=20ms target_cc=astraea single_flow=1 no_state_pipe=1
[multi_ep_plot] saved -> /its/home/mm2350/extra/Olympusv2/benchmarks/benchmark_responsive_fairness/data/ma_dreamer_credit/5_flows/run26/ep000026_bw35_d94_n5.pdf  return=772992.0
[ep_plot] ep=26 -> /its/home/mm2350/extra/Olympusv2/benchmarks/benchmark_responsive_fairness/data/ma_dreamer_credit/5_flows/run26/ep000026_bw35_d94_n5.pdf  return=772992.015625
[orch] ep=26 sum-of-agents return=772992.0
[sao-listener] cport=23901 worker=/its/home/mm2350/extra/Olympusv2/olympus/algorithms/ma_dreamer/worker.py scan=20ms target_cc=astraea single_flow=1 no_state_pipe=1
[responsive_fairness] slot=3 ma_dreamer_credit flows=5 run=36
[responsive_fairness] ma_dreamer_credit flows=5 run=26 done (126/200)
[sao-listener] cport=23902 worker=/its/home/mm2350/extra/Olympusv2/olympus/algorithms/ma_dreamer/worker.py scan=20ms target_cc=astraea single_flow=1 no_state_pipe=1
[sao-listener] cport=23903 worker=/its/home/mm2350/extra/Olympusv2/olympus/algorithms/ma_dreamer/worker.py scan=20ms target_cc=astraea single_flow=1 no_state_pipe=1
[slot=3] ep=36  flows=5  bw=52Mbps  delay=17ms  duration=345s  delays=[0.0, 11.2, 22.5, 33.8, 45.0]  lifetimes=[345.0, 333.8, 322.5, 311.2, 300.0]
[sao-listener] cport=23904 worker=/its/home/mm2350/extra/Olympusv2/olympus/algorithms/ma_dreamer/worker.py scan=20ms target_cc=astraea single_flow=1 no_state_pipe=1
[worker cport=23800 agent=0] loaded checkpoint step=24571
[worker alg=ma_dreamer reward=tempest_fairness_ma cport=23800 agent=0 group=slot8_ep33 flow=1] started interval=20ms det=1 latent=8x8
[sao-listener] cport=23300 worker=/its/home/mm2350/extra/Olympusv2/olympus/algorithms/ma_dreamer/worker.py scan=20ms target_cc=astraea single_flow=1 no_state_pipe=1
[sao-listener] cport=23301 worker=/its/home/mm2350/extra/Olympusv2/olympus/algorithms/ma_dreamer/worker.py scan=20ms target_cc=astraea single_flow=1 no_state_pipe=1
[sao-listener] cport=23302 worker=/its/home/mm2350/extra/Olympusv2/olympus/algorithms/ma_dreamer/worker.py scan=20ms target_cc=astraea single_flow=1 no_state_pipe=1
[sao-listener] cport=23303 worker=/its/home/mm2350/extra/Olympusv2/olympus/algorithms/ma_dreamer/worker.py scan=20ms target_cc=astraea single_flow=1 no_state_pipe=1
[sao-listener] cport=23304 worker=/its/home/mm2350/extra/Olympusv2/olympus/algorithms/ma_dreamer/worker.py scan=20ms target_cc=astraea single_flow=1 no_state_pipe=1
[sao-listener] new flow 1 10.0.0.1:23200->10.0.0.6:5203 cc=astraea pid=725046 child=727116
[sao-listener] single-flow mode: attached worker; stopping ss scans
[sao-listener flow 1] cport=23200 cc=astraea worker active
[multi_ep_plot] saved -> /its/home/mm2350/extra/Olympusv2/benchmarks/benchmark_responsive_fairness/data/ma_dreamer_credit/5_flows/run27/ep000027_bw93_d71_n5.pdf  return=925879.5
[ep_plot] ep=27 -> /its/home/mm2350/extra/Olympusv2/benchmarks/benchmark_responsive_fairness/data/ma_dreamer_credit/5_flows/run27/ep000027_bw93_d71_n5.pdf  return=925879.46875
[orch] ep=27 sum-of-agents return=925879.5
[responsive_fairness] slot=1 ma_dreamer_credit flows=5 run=37
[responsive_fairness] ma_dreamer_credit flows=5 run=27 done (127/200)
[slot=1] ep=37  flows=5  bw=97Mbps  delay=87ms  duration=345s  delays=[0.0, 11.2, 22.5, 33.8, 45.0]  lifetimes=[345.0, 333.8, 322.5, 311.2, 300.0]
[worker cport=23200 agent=0] loaded checkpoint step=24571
[worker alg=ma_dreamer reward=tempest_fairness_ma cport=23200 agent=0 group=slot2_ep34 flow=1] started interval=20ms det=1 latent=8x8
[sao-listener] new flow 1 10.0.0.1:23900->10.0.0.6:5210 cc=astraea pid=726244 child=727962
[sao-listener] single-flow mode: attached worker; stopping ss scans
[sao-listener flow 1] cport=23900 cc=astraea worker active
[sao-listener] cport=23100 worker=/its/home/mm2350/extra/Olympusv2/olympus/algorithms/ma_dreamer/worker.py scan=20ms target_cc=astraea single_flow=1 no_state_pipe=1
[sao-listener] cport=23101 worker=/its/home/mm2350/extra/Olympusv2/olympus/algorithms/ma_dreamer/worker.py scan=20ms target_cc=astraea single_flow=1 no_state_pipe=1
[sao-listener] cport=23102 worker=/its/home/mm2350/extra/Olympusv2/olympus/algorithms/ma_dreamer/worker.py scan=20ms target_cc=astraea single_flow=1 no_state_pipe=1
[sao-listener] cport=23103 worker=/its/home/mm2350/extra/Olympusv2/olympus/algorithms/ma_dreamer/worker.py scan=20ms target_cc=astraea single_flow=1 no_state_pipe=1
[sao-listener] cport=23104 worker=/its/home/mm2350/extra/Olympusv2/olympus/algorithms/ma_dreamer/worker.py scan=20ms target_cc=astraea single_flow=1 no_state_pipe=1
[multi_ep_plot] saved -> /its/home/mm2350/extra/Olympusv2/benchmarks/benchmark_responsive_fairness/data/ma_dreamer_credit/5_flows/run28/ep000028_bw24_d26_n5.pdf  return=341796.1
[ep_plot] ep=28 -> /its/home/mm2350/extra/Olympusv2/benchmarks/benchmark_responsive_fairness/data/ma_dreamer_credit/5_flows/run28/ep000028_bw24_d26_n5.pdf  return=341796.06640625
[orch] ep=28 sum-of-agents return=341796.1
[responsive_fairness] slot=5 ma_dreamer_credit flows=5 run=38
[responsive_fairness] ma_dreamer_credit flows=5 run=28 done (128/200)
[slot=5] ep=38  flows=5  bw=91Mbps  delay=63ms  duration=345s  delays=[0.0, 11.2, 22.5, 33.8, 45.0]  lifetimes=[345.0, 333.8, 322.5, 311.2, 300.0]
[worker cport=23900 agent=0] loaded checkpoint step=24571
[worker alg=ma_dreamer reward=tempest_fairness_ma cport=23900 agent=0 group=slot9_ep35 flow=1] started interval=20ms det=1 latent=8x8
[sao-listener] new flow 1 10.0.0.1:23300->10.0.0.6:5204 cc=astraea pid=727433 child=729338
[sao-listener] single-flow mode: attached worker; stopping ss scans
[sao-listener flow 1] cport=23300 cc=astraea worker active
[sao-listener] cport=23500 worker=/its/home/mm2350/extra/Olympusv2/olympus/algorithms/ma_dreamer/worker.py scan=20ms target_cc=astraea single_flow=1 no_state_pipe=1
[sao-listener] cport=23501 worker=/its/home/mm2350/extra/Olympusv2/olympus/algorithms/ma_dreamer/worker.py scan=20ms target_cc=astraea single_flow=1 no_state_pipe=1
[sao-listener] cport=23502 worker=/its/home/mm2350/extra/Olympusv2/olympus/algorithms/ma_dreamer/worker.py scan=20ms target_cc=astraea single_flow=1 no_state_pipe=1
[sao-listener] cport=23503 worker=/its/home/mm2350/extra/Olympusv2/olympus/algorithms/ma_dreamer/worker.py scan=20ms target_cc=astraea single_flow=1 no_state_pipe=1
[sao-listener] cport=23504 worker=/its/home/mm2350/extra/Olympusv2/olympus/algorithms/ma_dreamer/worker.py scan=20ms target_cc=astraea single_flow=1 no_state_pipe=1
[worker cport=23300 agent=0] loaded checkpoint step=24571
[worker alg=ma_dreamer reward=tempest_fairness_ma cport=23300 agent=0 group=slot3_ep36 flow=1] started interval=20ms det=1 latent=8x8
[multi_ep_plot] saved -> /its/home/mm2350/extra/Olympusv2/benchmarks/benchmark_responsive_fairness/data/ma_dreamer_credit/5_flows/run29/ep000029_bw80_d19_n5.pdf  return=1490062.2
[ep_plot] ep=29 -> /its/home/mm2350/extra/Olympusv2/benchmarks/benchmark_responsive_fairness/data/ma_dreamer_credit/5_flows/run29/ep000029_bw80_d19_n5.pdf  return=1490062.15625
[orch] ep=29 sum-of-agents return=1490062.2
[responsive_fairness] slot=0 ma_dreamer_credit flows=5 run=39
[responsive_fairness] ma_dreamer_credit flows=5 run=29 done (129/200)
[slot=0] ep=39  flows=5  bw=36Mbps  delay=43ms  duration=345s  delays=[0.0, 11.2, 22.5, 33.8, 45.0]  lifetimes=[345.0, 333.8, 322.5, 311.2, 300.0]
[sao-listener] new flow 1 10.0.0.1:23100->10.0.0.6:5202 cc=astraea pid=729159 child=731573
[sao-listener] single-flow mode: attached worker; stopping ss scans
[sao-listener flow 1] cport=23100 cc=astraea worker active
[sao-listener] cport=23000 worker=/its/home/mm2350/extra/Olympusv2/olympus/algorithms/ma_dreamer/worker.py scan=20ms target_cc=astraea single_flow=1 no_state_pipe=1
[sao-listener] cport=23001 worker=/its/home/mm2350/extra/Olympusv2/olympus/algorithms/ma_dreamer/worker.py scan=20ms target_cc=astraea single_flow=1 no_state_pipe=1
[sao-listener] cport=23002 worker=/its/home/mm2350/extra/Olympusv2/olympus/algorithms/ma_dreamer/worker.py scan=20ms target_cc=astraea single_flow=1 no_state_pipe=1
[sao-listener] cport=23003 worker=/its/home/mm2350/extra/Olympusv2/olympus/algorithms/ma_dreamer/worker.py scan=20ms target_cc=astraea single_flow=1 no_state_pipe=1
[sao-listener] cport=23004 worker=/its/home/mm2350/extra/Olympusv2/olympus/algorithms/ma_dreamer/worker.py scan=20ms target_cc=astraea single_flow=1 no_state_pipe=1
[worker cport=23100 agent=0] loaded checkpoint step=24571
[worker alg=ma_dreamer reward=tempest_fairness_ma cport=23100 agent=0 group=slot1_ep37 flow=1] started interval=20ms det=1 latent=8x8
[multi_ep_plot] saved -> /its/home/mm2350/extra/Olympusv2/benchmarks/benchmark_responsive_fairness/data/ma_dreamer_credit/5_flows/run30/ep000030_bw79_d47_n5.pdf  return=1253998.9
[ep_plot] ep=30 -> /its/home/mm2350/extra/Olympusv2/benchmarks/benchmark_responsive_fairness/data/ma_dreamer_credit/5_flows/run30/ep000030_bw79_d47_n5.pdf  return=1253998.90625
[orch] ep=30 sum-of-agents return=1253998.9
[responsive_fairness] slot=7 ma_dreamer_credit flows=5 run=40
[responsive_fairness] ma_dreamer_credit flows=5 run=30 done (130/200)
[slot=7] ep=40  flows=5  bw=68Mbps  delay=84ms  duration=345s  delays=[0.0, 11.2, 22.5, 33.8, 45.0]  lifetimes=[345.0, 333.8, 322.5, 311.2, 300.0]
[sao-listener] new flow 1 10.0.0.1:23500->10.0.0.6:5206 cc=astraea pid=730867 child=734102
[sao-listener] single-flow mode: attached worker; stopping ss scans
[sao-listener flow 1] cport=23500 cc=astraea worker active
[sao-listener] cport=23700 worker=/its/home/mm2350/extra/Olympusv2/olympus/algorithms/ma_dreamer/worker.py scan=20ms target_cc=astraea single_flow=1 no_state_pipe=1
[sao-listener] cport=23701 worker=/its/home/mm2350/extra/Olympusv2/olympus/algorithms/ma_dreamer/worker.py scan=20ms target_cc=astraea single_flow=1 no_state_pipe=1
[sao-listener] cport=23702 worker=/its/home/mm2350/extra/Olympusv2/olympus/algorithms/ma_dreamer/worker.py scan=20ms target_cc=astraea single_flow=1 no_state_pipe=1
[sao-listener] cport=23703 worker=/its/home/mm2350/extra/Olympusv2/olympus/algorithms/ma_dreamer/worker.py scan=20ms target_cc=astraea single_flow=1 no_state_pipe=1
[sao-listener] cport=23704 worker=/its/home/mm2350/extra/Olympusv2/olympus/algorithms/ma_dreamer/worker.py scan=20ms target_cc=astraea single_flow=1 no_state_pipe=1
[worker cport=23500 agent=0] loaded checkpoint step=24571
[worker alg=ma_dreamer reward=tempest_fairness_ma cport=23500 agent=0 group=slot5_ep38 flow=1] started interval=20ms det=1 latent=8x8
[sao-listener] new flow 1 10.0.0.1:23000->10.0.0.6:5201 cc=astraea pid=732960 child=736545
[sao-listener] single-flow mode: attached worker; stopping ss scans
[sao-listener flow 1] cport=23000 cc=astraea worker active
[orch] link change t=15.0s bw=24 delay=60
[sao-listener] new flow 1 10.0.0.2:23401->10.0.0.7:5205 cc=astraea pid=735536 child=737324
[sao-listener] single-flow mode: attached worker; stopping ss scans
[sao-listener flow 1] cport=23401 cc=astraea worker active
[sao-listener] new flow 1 10.0.0.2:23601->10.0.0.7:5207 cc=astraea pid=734612 child=737543
[sao-listener] single-flow mode: attached worker; stopping ss scans
[sao-listener flow 1] cport=23601 cc=astraea worker active
[worker cport=23000 agent=0] loaded checkpoint step=24571
[worker alg=ma_dreamer reward=tempest_fairness_ma cport=23000 agent=0 group=slot0_ep39 flow=1] started interval=20ms det=1 latent=8x8
[sao-listener] new flow 1 10.0.0.2:23801->10.0.0.7:5209 cc=astraea pid=735900 child=738326
[sao-listener] single-flow mode: attached worker; stopping ss scans
[sao-listener flow 1] cport=23801 cc=astraea worker active
[sao-listener] new flow 1 10.0.0.1:23700->10.0.0.6:5208 cc=astraea pid=734783 child=738497
[sao-listener] single-flow mode: attached worker; stopping ss scans
[sao-listener flow 1] cport=23700 cc=astraea worker active
[orch] link change t=15.0s bw=28 delay=48
[worker cport=23401 agent=1] loaded checkpoint step=24571
[worker alg=ma_dreamer reward=tempest_fairness_ma cport=23401 agent=1 group=slot4_ep32 flow=1] started interval=20ms det=1 latent=8x8
[worker cport=23601 agent=1] loaded checkpoint step=24571
[worker alg=ma_dreamer reward=tempest_fairness_ma cport=23601 agent=1 group=slot6_ep31 flow=1] started interval=20ms det=1 latent=8x8
[orch] link change t=15.0s bw=90 delay=39
[sao-listener] new flow 1 10.0.0.2:23901->10.0.0.7:5210 cc=astraea pid=737562 child=739105
[sao-listener] single-flow mode: attached worker; stopping ss scans
[sao-listener flow 1] cport=23901 cc=astraea worker active
[worker cport=23801 agent=1] loaded checkpoint step=24571
[worker alg=ma_dreamer reward=tempest_fairness_ma cport=23801 agent=1 group=slot8_ep33 flow=1] started interval=20ms det=1 latent=8x8
[worker cport=23700 agent=0] loaded checkpoint step=24571
[worker alg=ma_dreamer reward=tempest_fairness_ma cport=23700 agent=0 group=slot7_ep40 flow=1] started interval=20ms det=1 latent=8x8
[orch] link change t=15.0s bw=84 delay=13
[worker cport=23901 agent=1] loaded checkpoint step=24571
[worker alg=ma_dreamer reward=tempest_fairness_ma cport=23901 agent=1 group=slot9_ep35 flow=1] started interval=20ms det=1 latent=8x8
[orch] link change t=15.0s bw=26 delay=53
[sao-listener] new flow 1 10.0.0.2:23201->10.0.0.7:5203 cc=astraea pid=736714 child=741088
[sao-listener] single-flow mode: attached worker; stopping ss scans
[sao-listener flow 1] cport=23201 cc=astraea worker active
[sao-listener] new flow 1 10.0.0.2:23301->10.0.0.7:5204 cc=astraea pid=738810 child=741263
[sao-listener] single-flow mode: attached worker; stopping ss scans
[sao-listener flow 1] cport=23301 cc=astraea worker active
[orch] link change t=15.0s bw=12 delay=46
[worker cport=23201 agent=1] loaded checkpoint step=24571
[worker alg=ma_dreamer reward=tempest_fairness_ma cport=23201 agent=1 group=slot2_ep34 flow=1] started interval=20ms det=1 latent=8x8
[worker cport=23301 agent=1] loaded checkpoint step=24571
[worker alg=ma_dreamer reward=tempest_fairness_ma cport=23301 agent=1 group=slot3_ep36 flow=1] started interval=20ms det=1 latent=8x8
[orch] link change t=15.0s bw=21 delay=89
[sao-listener] new flow 1 10.0.0.2:23101->10.0.0.7:5202 cc=astraea pid=740398 child=743683
[sao-listener] single-flow mode: attached worker; stopping ss scans
[sao-listener flow 1] cport=23101 cc=astraea worker active
[sao-listener] new flow 1 10.0.0.2:23001->10.0.0.7:5201 cc=astraea pid=743920 child=744426
[sao-listener] single-flow mode: attached worker; stopping ss scans
[sao-listener flow 1] cport=23001 cc=astraea worker active
[worker cport=23101 agent=1] loaded checkpoint step=24571
[worker alg=ma_dreamer reward=tempest_fairness_ma cport=23101 agent=1 group=slot1_ep37 flow=1] started interval=20ms det=1 latent=8x8
[orch] link change t=15.0s bw=64 delay=23
[worker cport=23001 agent=1] loaded checkpoint step=24571
[worker alg=ma_dreamer reward=tempest_fairness_ma cport=23001 agent=1 group=slot0_ep39 flow=1] started interval=20ms det=1 latent=8x8
[sao-listener] new flow 1 10.0.0.2:23501->10.0.0.7:5206 cc=astraea pid=741905 child=745844
[sao-listener] single-flow mode: attached worker; stopping ss scans
[sao-listener flow 1] cport=23501 cc=astraea worker active
[sao-listener] new flow 1 10.0.0.2:23701->10.0.0.7:5208 cc=astraea pid=745548 child=746407
[sao-listener] single-flow mode: attached worker; stopping ss scans
[sao-listener flow 1] cport=23701 cc=astraea worker active
[worker cport=23501 agent=1] loaded checkpoint step=24571
[worker alg=ma_dreamer reward=tempest_fairness_ma cport=23501 agent=1 group=slot5_ep38 flow=1] started interval=20ms det=1 latent=8x8
[orch] link change t=15.0s bw=59 delay=13
[worker cport=23701 agent=1] loaded checkpoint step=24571
[worker alg=ma_dreamer reward=tempest_fairness_ma cport=23701 agent=1 group=slot7_ep40 flow=1] started interval=20ms det=1 latent=8x8
[sao-listener] new flow 1 10.0.0.3:23202->10.0.0.8:5203 cc=astraea pid=747542 child=748225
[sao-listener] single-flow mode: attached worker; stopping ss scans
[sao-listener flow 1] cport=23202 cc=astraea worker active
[orch] link change t=15.0s bw=77 delay=14
[sao-listener] new flow 1 10.0.0.3:23402->10.0.0.8:5205 cc=astraea pid=746301 child=748842
[sao-listener] single-flow mode: attached worker; stopping ss scans
[sao-listener flow 1] cport=23402 cc=astraea worker active
[sao-listener] new flow 1 10.0.0.3:23602->10.0.0.8:5207 cc=astraea pid=745295 child=749003
[sao-listener] single-flow mode: attached worker; stopping ss scans
[sao-listener flow 1] cport=23602 cc=astraea worker active
[worker cport=23202 agent=2] loaded checkpoint step=24571
[worker alg=ma_dreamer reward=tempest_fairness_ma cport=23202 agent=2 group=slot2_ep34 flow=1] started interval=20ms det=1 latent=8x8
[sao-listener] new flow 1 10.0.0.3:23802->10.0.0.8:5209 cc=astraea pid=746705 child=749671
[sao-listener] single-flow mode: attached worker; stopping ss scans
[sao-listener flow 1] cport=23802 cc=astraea worker active
[worker cport=23402 agent=2] loaded checkpoint step=24571
[worker alg=ma_dreamer reward=tempest_fairness_ma cport=23402 agent=2 group=slot4_ep32 flow=1] started interval=20ms det=1 latent=8x8
[worker cport=23602 agent=2] loaded checkpoint step=24571
[worker alg=ma_dreamer reward=tempest_fairness_ma cport=23602 agent=2 group=slot6_ep31 flow=1] started interval=20ms det=1 latent=8x8
[sao-listener] new flow 1 10.0.0.3:23902->10.0.0.8:5210 cc=astraea pid=748310 child=750150
[sao-listener] single-flow mode: attached worker; stopping ss scans
[sao-listener flow 1] cport=23902 cc=astraea worker active
[worker cport=23802 agent=2] loaded checkpoint step=24571
[worker alg=ma_dreamer reward=tempest_fairness_ma cport=23802 agent=2 group=slot8_ep33 flow=1] started interval=20ms det=1 latent=8x8
[worker cport=23902 agent=2] loaded checkpoint step=24571
[worker alg=ma_dreamer reward=tempest_fairness_ma cport=23902 agent=2 group=slot9_ep35 flow=1] started interval=20ms det=1 latent=8x8
[orch] link change t=30.0s bw=28 delay=97
[sao-listener] new flow 1 10.0.0.3:23302->10.0.0.8:5204 cc=astraea pid=749216 child=751735
[sao-listener] single-flow mode: attached worker; stopping ss scans
[sao-listener flow 1] cport=23302 cc=astraea worker active
[orch] link change t=30.0s bw=99 delay=40
[orch] link change t=30.0s bw=45 delay=71
[worker cport=23302 agent=2] loaded checkpoint step=24571
[worker alg=ma_dreamer reward=tempest_fairness_ma cport=23302 agent=2 group=slot3_ep36 flow=1] started interval=20ms det=1 latent=8x8
[sao-listener] new flow 1 10.0.0.3:23502->10.0.0.8:5206 cc=astraea pid=751672 child=752476
[sao-listener] single-flow mode: attached worker; stopping ss scans
[sao-listener flow 1] cport=23502 cc=astraea worker active
[orch] link change t=30.0s bw=39 delay=13
[worker cport=23502 agent=2] loaded checkpoint step=24571
[worker alg=ma_dreamer reward=tempest_fairness_ma cport=23502 agent=2 group=slot5_ep38 flow=1] started interval=20ms det=1 latent=8x8
[sao-listener] new flow 1 10.0.0.3:23102->10.0.0.8:5202 cc=astraea pid=750490 child=753329
[sao-listener] single-flow mode: attached worker; stopping ss scans
[sao-listener flow 1] cport=23102 cc=astraea worker active
[orch] link change t=30.0s bw=29 delay=46
[worker cport=23102 agent=2] loaded checkpoint step=24571
[worker alg=ma_dreamer reward=tempest_fairness_ma cport=23102 agent=2 group=slot1_ep37 flow=1] started interval=20ms det=1 latent=8x8
[sao-listener] new flow 1 10.0.0.3:23002->10.0.0.8:5201 cc=astraea pid=753263 child=754013
[sao-listener] single-flow mode: attached worker; stopping ss scans
[sao-listener flow 1] cport=23002 cc=astraea worker active
[orch] link change t=30.0s bw=20 delay=10
[worker cport=23002 agent=2] loaded checkpoint step=24571
[worker alg=ma_dreamer reward=tempest_fairness_ma cport=23002 agent=2 group=slot0_ep39 flow=1] started interval=20ms det=1 latent=8x8
[sao-listener] new flow 1 10.0.0.4:23603->10.0.0.9:5207 cc=astraea pid=754317 child=754924
[sao-listener] single-flow mode: attached worker; stopping ss scans
[sao-listener flow 1] cport=23603 cc=astraea worker active
[sao-listener] new flow 1 10.0.0.3:23702->10.0.0.8:5208 cc=astraea pid=754452 child=755246
[sao-listener] single-flow mode: attached worker; stopping ss scans
[sao-listener flow 1] cport=23702 cc=astraea worker active
[orch] link change t=30.0s bw=95 delay=91
[worker cport=23603 agent=3] loaded checkpoint step=24571
[worker alg=ma_dreamer reward=tempest_fairness_ma cport=23603 agent=3 group=slot6_ep31 flow=1] started interval=20ms det=1 latent=8x8
[worker cport=23702 agent=2] loaded checkpoint step=24571
[worker alg=ma_dreamer reward=tempest_fairness_ma cport=23702 agent=2 group=slot7_ep40 flow=1] started interval=20ms det=1 latent=8x8
[orch] link change t=30.0s bw=18 delay=56
[sao-listener] new flow 1 10.0.0.4:23203->10.0.0.9:5203 cc=astraea pid=755854 child=756540
[sao-listener] single-flow mode: attached worker; stopping ss scans
[sao-listener flow 1] cport=23203 cc=astraea worker active
[sao-listener] new flow 1 10.0.0.4:23403->10.0.0.9:5205 cc=astraea pid=755019 child=756970
[sao-listener] single-flow mode: attached worker; stopping ss scans
[sao-listener flow 1] cport=23403 cc=astraea worker active
[worker cport=23203 agent=3] loaded checkpoint step=24571
[worker alg=ma_dreamer reward=tempest_fairness_ma cport=23203 agent=3 group=slot2_ep34 flow=1] started interval=20ms det=1 latent=8x8
[orch] link change t=30.0s bw=34 delay=38
[worker cport=23403 agent=3] loaded checkpoint step=24571
[worker alg=ma_dreamer reward=tempest_fairness_ma cport=23403 agent=3 group=slot4_ep32 flow=1] started interval=20ms det=1 latent=8x8
[sao-listener] new flow 1 10.0.0.4:23803->10.0.0.9:5209 cc=astraea pid=755235 child=757527
[sao-listener] single-flow mode: attached worker; stopping ss scans
[sao-listener flow 1] cport=23803 cc=astraea worker active
[sao-listener] new flow 1 10.0.0.4:23903->10.0.0.9:5210 cc=astraea pid=756310 child=757708
[sao-listener] single-flow mode: attached worker; stopping ss scans
[sao-listener flow 1] cport=23903 cc=astraea worker active
[worker cport=23803 agent=3] loaded checkpoint step=24571
[worker alg=ma_dreamer reward=tempest_fairness_ma cport=23803 agent=3 group=slot8_ep33 flow=1] started interval=20ms det=1 latent=8x8
[sao-listener] new flow 1 10.0.0.4:23103->10.0.0.9:5202 cc=astraea pid=757832 child=758195
[sao-listener] single-flow mode: attached worker; stopping ss scans
[sao-listener flow 1] cport=23103 cc=astraea worker active
[worker cport=23903 agent=3] loaded checkpoint step=24571
[worker alg=ma_dreamer reward=tempest_fairness_ma cport=23903 agent=3 group=slot9_ep35 flow=1] started interval=20ms det=1 latent=8x8
[orch] link change t=30.0s bw=41 delay=46
[worker cport=23103 agent=3] loaded checkpoint step=24571
[worker alg=ma_dreamer reward=tempest_fairness_ma cport=23103 agent=3 group=slot1_ep37 flow=1] started interval=20ms det=1 latent=8x8
[sao-listener] new flow 1 10.0.0.4:23303->10.0.0.9:5204 cc=astraea pid=756897 child=758734
[sao-listener] single-flow mode: attached worker; stopping ss scans
[sao-listener flow 1] cport=23303 cc=astraea worker active
[worker cport=23303 agent=3] loaded checkpoint step=24571
[worker alg=ma_dreamer reward=tempest_fairness_ma cport=23303 agent=3 group=slot3_ep36 flow=1] started interval=20ms det=1 latent=8x8
[sao-listener] new flow 1 10.0.0.4:23503->10.0.0.9:5206 cc=astraea pid=758678 child=759189
[sao-listener] single-flow mode: attached worker; stopping ss scans
[sao-listener flow 1] cport=23503 cc=astraea worker active
[worker cport=23503 agent=3] loaded checkpoint step=24571
[worker alg=ma_dreamer reward=tempest_fairness_ma cport=23503 agent=3 group=slot5_ep38 flow=1] started interval=20ms det=1 latent=8x8
[orch] link change t=45.0s bw=15 delay=27
[sao-listener] new flow 1 10.0.0.4:23003->10.0.0.9:5201 cc=astraea pid=759616 child=760093
[sao-listener] single-flow mode: attached worker; stopping ss scans
[sao-listener flow 1] cport=23003 cc=astraea worker active
[orch] link change t=45.0s bw=73 delay=13
[worker cport=23003 agent=3] loaded checkpoint step=24571
[worker alg=ma_dreamer reward=tempest_fairness_ma cport=23003 agent=3 group=slot0_ep39 flow=1] started interval=20ms det=1 latent=8x8
[orch] link change t=45.0s bw=93 delay=78
[sao-listener] new flow 1 10.0.0.5:23604->10.0.0.10:5207 cc=astraea pid=760156 child=760514
[sao-listener] single-flow mode: attached worker; stopping ss scans
[sao-listener flow 1] cport=23604 cc=astraea worker active
[sao-listener] new flow 1 10.0.0.4:23703->10.0.0.9:5208 cc=astraea pid=760234 child=760843
[sao-listener] single-flow mode: attached worker; stopping ss scans
[sao-listener flow 1] cport=23703 cc=astraea worker active
[worker cport=23604 agent=4] loaded checkpoint step=24571
[worker alg=ma_dreamer reward=tempest_fairness_ma cport=23604 agent=4 group=slot6_ep31 flow=1] started interval=20ms det=1 latent=8x8
[orch] link change t=45.0s bw=59 delay=56
[worker cport=23703 agent=3] loaded checkpoint step=24571
[worker alg=ma_dreamer reward=tempest_fairness_ma cport=23703 agent=3 group=slot7_ep40 flow=1] started interval=20ms det=1 latent=8x8
[orch] link change t=45.0s bw=65 delay=42
[orch] link change t=45.0s bw=74 delay=90
[sao-listener] new flow 1 10.0.0.5:23204->10.0.0.10:5203 cc=astraea pid=761061 child=761488
[sao-listener] single-flow mode: attached worker; stopping ss scans
[sao-listener flow 1] cport=23204 cc=astraea worker active
[sao-listener] new flow 1 10.0.0.5:23404->10.0.0.10:5205 cc=astraea pid=760593 child=761633
[sao-listener] single-flow mode: attached worker; stopping ss scans
[sao-listener flow 1] cport=23404 cc=astraea worker active
[worker cport=23204 agent=4] loaded checkpoint step=24571
[worker alg=ma_dreamer reward=tempest_fairness_ma cport=23204 agent=4 group=slot2_ep34 flow=1] started interval=20ms det=1 latent=8x8
[worker cport=23404 agent=4] loaded checkpoint step=24571
[worker alg=ma_dreamer reward=tempest_fairness_ma cport=23404 agent=4 group=slot4_ep32 flow=1] started interval=20ms det=1 latent=8x8
[orch] link change t=45.0s bw=75 delay=14
[sao-listener] new flow 1 10.0.0.5:23804->10.0.0.10:5209 cc=astraea pid=760723 child=762020
[sao-listener] single-flow mode: attached worker; stopping ss scans
[sao-listener flow 1] cport=23804 cc=astraea worker active
[sao-listener] new flow 1 10.0.0.5:23904->10.0.0.10:5210 cc=astraea pid=761342 child=762124
[sao-listener] single-flow mode: attached worker; stopping ss scans
[sao-listener flow 1] cport=23904 cc=astraea worker active
[worker cport=23804 agent=4] loaded checkpoint step=24571
[worker alg=ma_dreamer reward=tempest_fairness_ma cport=23804 agent=4 group=slot8_ep33 flow=1] started interval=20ms det=1 latent=8x8
[sao-listener] new flow 1 10.0.0.5:23104->10.0.0.10:5202 cc=astraea pid=762110 child=762305
[sao-listener] single-flow mode: attached worker; stopping ss scans
[sao-listener flow 1] cport=23104 cc=astraea worker active
[orch] link change t=45.0s bw=99 delay=69
[worker cport=23904 agent=4] loaded checkpoint step=24571
[worker alg=ma_dreamer reward=tempest_fairness_ma cport=23904 agent=4 group=slot9_ep35 flow=1] started interval=20ms det=1 latent=8x8
[worker cport=23104 agent=4] loaded checkpoint step=24571
[worker alg=ma_dreamer reward=tempest_fairness_ma cport=23104 agent=4 group=slot1_ep37 flow=1] started interval=20ms det=1 latent=8x8
[sao-listener] new flow 1 10.0.0.5:23304->10.0.0.10:5204 cc=astraea pid=761632 child=762589
[sao-listener] single-flow mode: attached worker; stopping ss scans
[sao-listener flow 1] cport=23304 cc=astraea worker active
[sao-listener] new flow 1 10.0.0.5:23504->10.0.0.10:5206 cc=astraea pid=762544 child=762760
[sao-listener] single-flow mode: attached worker; stopping ss scans
[sao-listener flow 1] cport=23504 cc=astraea worker active
[worker cport=23304 agent=4] loaded checkpoint step=24571
[worker alg=ma_dreamer reward=tempest_fairness_ma cport=23304 agent=4 group=slot3_ep36 flow=1] started interval=20ms det=1 latent=8x8
[orch] link change t=45.0s bw=60 delay=82
[worker cport=23504 agent=4] loaded checkpoint step=24571
[worker alg=ma_dreamer reward=tempest_fairness_ma cport=23504 agent=4 group=slot5_ep38 flow=1] started interval=20ms det=1 latent=8x8
[orch] link change t=45.0s bw=95 delay=91
[sao-listener] new flow 1 10.0.0.5:23004->10.0.0.10:5201 cc=astraea pid=762855 child=762994
[sao-listener] single-flow mode: attached worker; stopping ss scans
[sao-listener flow 1] cport=23004 cc=astraea worker active
[worker cport=23004 agent=4] loaded checkpoint step=24571
[worker alg=ma_dreamer reward=tempest_fairness_ma cport=23004 agent=4 group=slot0_ep39 flow=1] started interval=20ms det=1 latent=8x8
[sao-listener] new flow 1 10.0.0.5:23704->10.0.0.10:5208 cc=astraea pid=763046 child=763141
[sao-listener] single-flow mode: attached worker; stopping ss scans
[sao-listener flow 1] cport=23704 cc=astraea worker active
[worker cport=23704 agent=4] loaded checkpoint step=24571
[worker alg=ma_dreamer reward=tempest_fairness_ma cport=23704 agent=4 group=slot7_ep40 flow=1] started interval=20ms det=1 latent=8x8
[orch] link change t=60.0s bw=24 delay=78
[orch] link change t=60.0s bw=14 delay=22
[orch] link change t=60.0s bw=77 delay=33
[orch] link change t=60.0s bw=18 delay=64
[orch] link change t=60.0s bw=82 delay=17
[orch] link change t=60.0s bw=32 delay=41
[orch] link change t=60.0s bw=90 delay=57
[orch] link change t=60.0s bw=57 delay=15
[orch] link change t=60.0s bw=10 delay=92
[orch] link change t=60.0s bw=95 delay=36
[orch] link change t=75.0s bw=39 delay=27
[orch] link change t=75.0s bw=51 delay=75
[orch] link change t=75.0s bw=93 delay=88
[orch] link change t=75.0s bw=49 delay=53
[orch] link change t=75.0s bw=77 delay=45
[orch] link change t=75.0s bw=44 delay=93
[orch] link change t=75.0s bw=66 delay=77
[orch] link change t=75.0s bw=87 delay=95
[orch] link change t=75.0s bw=42 delay=96
[orch] link change t=75.0s bw=26 delay=54
[orch] link change t=90.0s bw=28 delay=14
[orch] link change t=90.0s bw=52 delay=17
[orch] link change t=90.0s bw=74 delay=51
[orch] link change t=90.0s bw=22 delay=84
[orch] link change t=90.0s bw=93 delay=56
[orch] link change t=90.0s bw=65 delay=56
[orch] link change t=90.0s bw=23 delay=97
[orch] link change t=90.0s bw=31 delay=85
[orch] link change t=90.0s bw=55 delay=100
[orch] link change t=90.0s bw=45 delay=66
[orch] link change t=105.0s bw=94 delay=17
[orch] link change t=105.0s bw=76 delay=98
[orch] link change t=105.0s bw=97 delay=77
[orch] link change t=105.0s bw=75 delay=29
[orch] link change t=105.0s bw=84 delay=22
[orch] link change t=105.0s bw=81 delay=44
[orch] link change t=105.0s bw=68 delay=86
[orch] link change t=105.0s bw=54 delay=51
[orch] link change t=105.0s bw=32 delay=13
[orch] link change t=105.0s bw=13 delay=77
[orch] link change t=120.0s bw=27 delay=39
[orch] link change t=120.0s bw=70 delay=57
[orch] link change t=120.0s bw=71 delay=66
[orch] link change t=120.0s bw=22 delay=45
[orch] link change t=120.0s bw=56 delay=11
[orch] link change t=120.0s bw=79 delay=19
[orch] link change t=120.0s bw=46 delay=58
[orch] link change t=120.0s bw=44 delay=100
[orch] link change t=120.0s bw=47 delay=96
[orch] link change t=120.0s bw=26 delay=17
[orch] link change t=135.0s bw=78 delay=67
[orch] link change t=135.0s bw=86 delay=10
[orch] link change t=135.0s bw=46 delay=96
[orch] link change t=135.0s bw=54 delay=88
[orch] link change t=135.0s bw=75 delay=11
[orch] link change t=135.0s bw=83 delay=62
[orch] link change t=135.0s bw=64 delay=66
[orch] link change t=135.0s bw=52 delay=89
[orch] link change t=135.0s bw=19 delay=56
[orch] link change t=135.0s bw=92 delay=35
[orch] link change t=150.0s bw=77 delay=62
[orch] link change t=150.0s bw=79 delay=26
[orch] link change t=150.0s bw=91 delay=19
[orch] link change t=150.0s bw=10 delay=29
[orch] link change t=150.0s bw=22 delay=73
[orch] link change t=150.0s bw=72 delay=59
[orch] link change t=150.0s bw=28 delay=16
[orch] link change t=150.0s bw=49 delay=70
[orch] link change t=150.0s bw=11 delay=23
[orch] link change t=150.0s bw=89 delay=100
[orch] link change t=165.0s bw=36 delay=85
[orch] link change t=165.0s bw=77 delay=11
[orch] link change t=165.0s bw=48 delay=62
[orch] link change t=165.0s bw=77 delay=21
[orch] link change t=165.0s bw=57 delay=13
[orch] link change t=165.0s bw=54 delay=60
[orch] link change t=165.0s bw=21 delay=62
[orch] link change t=165.0s bw=84 delay=61
[orch] link change t=165.0s bw=64 delay=54
[orch] link change t=165.0s bw=68 delay=16
[orch] link change t=180.0s bw=21 delay=25
[orch] link change t=180.0s bw=72 delay=35
[orch] link change t=180.0s bw=49 delay=76
[orch] link change t=180.0s bw=17 delay=57
[orch] link change t=180.0s bw=53 delay=96
[orch] link change t=180.0s bw=41 delay=60
[orch] link change t=180.0s bw=19 delay=79
[orch] link change t=180.0s bw=38 delay=88
[orch] link change t=180.0s bw=64 delay=22
[orch] link change t=180.0s bw=32 delay=87
[orch] link change t=195.0s bw=12 delay=61
[orch] link change t=195.0s bw=46 delay=35
[orch] link change t=195.0s bw=73 delay=16
[orch] link change t=195.0s bw=42 delay=80
[orch] link change t=195.0s bw=73 delay=16
[orch] link change t=195.0s bw=31 delay=25
[orch] link change t=195.0s bw=46 delay=56
[orch] link change t=195.0s bw=20 delay=77
[orch] link change t=195.0s bw=60 delay=75
[orch] link change t=195.0s bw=50 delay=24
[orch] link change t=210.0s bw=53 delay=35
[orch] link change t=210.0s bw=67 delay=20
[orch] link change t=210.0s bw=87 delay=96
[orch] link change t=210.0s bw=100 delay=17
[orch] link change t=210.0s bw=12 delay=40
[orch] link change t=210.0s bw=75 delay=73
[orch] link change t=210.0s bw=92 delay=100
[orch] link change t=210.0s bw=72 delay=28
[orch] link change t=210.0s bw=84 delay=48
[orch] link change t=210.0s bw=42 delay=51
[orch] link change t=225.0s bw=36 delay=52
[orch] link change t=225.0s bw=52 delay=25
[orch] link change t=225.0s bw=64 delay=45
[orch] link change t=225.0s bw=59 delay=31
[orch] link change t=225.0s bw=51 delay=20
[orch] link change t=225.0s bw=99 delay=36
[orch] link change t=225.0s bw=65 delay=85
[orch] link change t=225.0s bw=65 delay=77
[orch] link change t=225.0s bw=44 delay=18
[orch] link change t=225.0s bw=28 delay=75
[orch] link change t=240.0s bw=60 delay=56
[orch] link change t=240.0s bw=14 delay=77
[orch] link change t=240.0s bw=50 delay=81
[orch] link change t=240.0s bw=85 delay=91
[orch] link change t=240.0s bw=30 delay=53
[orch] link change t=240.0s bw=77 delay=47
[orch] link change t=240.0s bw=82 delay=56
[orch] link change t=240.0s bw=41 delay=11
[orch] link change t=240.0s bw=68 delay=65
[orch] link change t=240.0s bw=97 delay=76
[orch] link change t=255.0s bw=86 delay=41
[orch] link change t=255.0s bw=24 delay=30
[orch] link change t=255.0s bw=97 delay=41
[orch] link change t=255.0s bw=49 delay=47
[orch] link change t=255.0s bw=31 delay=82
[orch] link change t=255.0s bw=33 delay=72
[orch] link change t=255.0s bw=91 delay=100
[orch] link change t=255.0s bw=58 delay=57
[orch] link change t=255.0s bw=42 delay=83
[orch] link change t=255.0s bw=22 delay=62
[orch] link change t=270.0s bw=36 delay=37
[orch] link change t=270.0s bw=66 delay=12
[orch] link change t=270.0s bw=25 delay=17
[orch] link change t=270.0s bw=58 delay=50
[orch] link change t=270.0s bw=19 delay=71
[orch] link change t=270.0s bw=100 delay=85
[orch] link change t=270.0s bw=83 delay=14
[orch] link change t=270.0s bw=78 delay=97
[orch] link change t=270.0s bw=51 delay=82
[orch] link change t=270.0s bw=16 delay=50
[orch] link change t=285.0s bw=63 delay=84
[orch] link change t=285.0s bw=65 delay=16
[orch] link change t=285.0s bw=50 delay=46
[orch] link change t=285.0s bw=37 delay=36
[orch] link change t=285.0s bw=56 delay=20
[orch] link change t=285.0s bw=51 delay=80
[orch] link change t=285.0s bw=77 delay=89
[orch] link change t=285.0s bw=88 delay=74
[orch] link change t=285.0s bw=10 delay=100
[orch] link change t=285.0s bw=52 delay=39
[orch] link change t=300.0s bw=94 delay=80
[orch] link change t=300.0s bw=14 delay=81
[orch] link change t=300.0s bw=37 delay=18
[orch] link change t=300.0s bw=67 delay=78
[orch] link change t=300.0s bw=47 delay=30
[orch] link change t=300.0s bw=31 delay=10
[orch] link change t=300.0s bw=37 delay=74
[orch] link change t=300.0s bw=13 delay=28
[orch] link change t=300.0s bw=15 delay=93
[orch] link change t=300.0s bw=29 delay=49
[orch] link change t=315.0s bw=17 delay=16
[orch] link change t=315.0s bw=55 delay=39
[orch] link change t=315.0s bw=56 delay=25
[orch] link change t=315.0s bw=32 delay=87
[orch] link change t=315.0s bw=83 delay=19
[orch] link change t=315.0s bw=86 delay=59
[orch] link change t=315.0s bw=63 delay=18
[orch] link change t=315.0s bw=70 delay=23
[orch] link change t=315.0s bw=34 delay=89
[orch] link change t=315.0s bw=30 delay=76
[orch] link change t=330.0s bw=33 delay=55
[orch] link change t=330.0s bw=30 delay=69
[orch] link change t=330.0s bw=93 delay=51
[orch] link change t=330.0s bw=26 delay=83
[orch] link change t=330.0s bw=96 delay=26
[orch] link change t=330.0s bw=73 delay=27
[orch] link change t=330.0s bw=11 delay=10
[orch] link change t=330.0s bw=42 delay=24
[orch] link change t=330.0s bw=89 delay=71
[orch] link change t=330.0s bw=49 delay=99
[multi_ep_plot] saved -> /its/home/mm2350/extra/Olympusv2/benchmarks/benchmark_responsive_fairness/data/ma_dreamer_credit/5_flows/run31/ep000031_bw11_d70_n5.pdf  return=1217581.1
[ep_plot] ep=31 -> /its/home/mm2350/extra/Olympusv2/benchmarks/benchmark_responsive_fairness/data/ma_dreamer_credit/5_flows/run31/ep000031_bw11_d70_n5.pdf  return=1217581.125
[orch] ep=31 sum-of-agents return=1217581.1
[responsive_fairness] slot=6 ma_dreamer_credit flows=5 run=41
[responsive_fairness] ma_dreamer_credit flows=5 run=31 done (131/200)
[slot=6] ep=41  flows=5  bw=58Mbps  delay=52ms  duration=345s  delays=[0.0, 11.2, 22.5, 33.8, 45.0]  lifetimes=[345.0, 333.8, 322.5, 311.2, 300.0]
[sao-listener] cport=23600 worker=/its/home/mm2350/extra/Olympusv2/olympus/algorithms/ma_dreamer/worker.py scan=20ms target_cc=astraea single_flow=1 no_state_pipe=1
[sao-listener] cport=23601 worker=/its/home/mm2350/extra/Olympusv2/olympus/algorithms/ma_dreamer/worker.py scan=20ms target_cc=astraea single_flow=1 no_state_pipe=1
[sao-listener] cport=23602 worker=/its/home/mm2350/extra/Olympusv2/olympus/algorithms/ma_dreamer/worker.py scan=20ms target_cc=astraea single_flow=1 no_state_pipe=1
[sao-listener] cport=23603 worker=/its/home/mm2350/extra/Olympusv2/olympus/algorithms/ma_dreamer/worker.py scan=20ms target_cc=astraea single_flow=1 no_state_pipe=1
[sao-listener] cport=23604 worker=/its/home/mm2350/extra/Olympusv2/olympus/algorithms/ma_dreamer/worker.py scan=20ms target_cc=astraea single_flow=1 no_state_pipe=1
[multi_ep_plot] saved -> /its/home/mm2350/extra/Olympusv2/benchmarks/benchmark_responsive_fairness/data/ma_dreamer_credit/5_flows/run32/ep000032_bw19_d37_n5.pdf  return=1178163.6
[ep_plot] ep=32 -> /its/home/mm2350/extra/Olympusv2/benchmarks/benchmark_responsive_fairness/data/ma_dreamer_credit/5_flows/run32/ep000032_bw19_d37_n5.pdf  return=1178163.609375
[orch] ep=32 sum-of-agents return=1178163.6
[responsive_fairness] slot=4 ma_dreamer_credit flows=5 run=42
[responsive_fairness] ma_dreamer_credit flows=5 run=32 done (132/200)
[slot=4] ep=42  flows=5  bw=91Mbps  delay=24ms  duration=345s  delays=[0.0, 11.2, 22.5, 33.8, 45.0]  lifetimes=[345.0, 333.8, 322.5, 311.2, 300.0]
[multi_ep_plot] saved -> /its/home/mm2350/extra/Olympusv2/benchmarks/benchmark_responsive_fairness/data/ma_dreamer_credit/5_flows/run33/ep000033_bw83_d31_n5.pdf  return=1528732.8
[ep_plot] ep=33 -> /its/home/mm2350/extra/Olympusv2/benchmarks/benchmark_responsive_fairness/data/ma_dreamer_credit/5_flows/run33/ep000033_bw83_d31_n5.pdf  return=1528732.84375
[orch] ep=33 sum-of-agents return=1528732.8
[responsive_fairness] slot=8 ma_dreamer_credit flows=5 run=43
[responsive_fairness] ma_dreamer_credit flows=5 run=33 done (133/200)
[slot=8] ep=43  flows=5  bw=14Mbps  delay=46ms  duration=345s  delays=[0.0, 11.2, 22.5, 33.8, 45.0]  lifetimes=[345.0, 333.8, 322.5, 311.2, 300.0]
[sao-listener] cport=23400 worker=/its/home/mm2350/extra/Olympusv2/olympus/algorithms/ma_dreamer/worker.py scan=20ms target_cc=astraea single_flow=1 no_state_pipe=1
[sao-listener] cport=23401 worker=/its/home/mm2350/extra/Olympusv2/olympus/algorithms/ma_dreamer/worker.py scan=20ms target_cc=astraea single_flow=1 no_state_pipe=1
[sao-listener] cport=23402 worker=/its/home/mm2350/extra/Olympusv2/olympus/algorithms/ma_dreamer/worker.py scan=20ms target_cc=astraea single_flow=1 no_state_pipe=1
[sao-listener] cport=23403 worker=/its/home/mm2350/extra/Olympusv2/olympus/algorithms/ma_dreamer/worker.py scan=20ms target_cc=astraea single_flow=1 no_state_pipe=1
[sao-listener] cport=23404 worker=/its/home/mm2350/extra/Olympusv2/olympus/algorithms/ma_dreamer/worker.py scan=20ms target_cc=astraea single_flow=1 no_state_pipe=1
[sao-listener] new flow 1 10.0.0.1:23600->10.0.0.6:5207 cc=astraea pid=766365 child=767172
[sao-listener] single-flow mode: attached worker; stopping ss scans
[sao-listener flow 1] cport=23600 cc=astraea worker active
[multi_ep_plot] saved -> /its/home/mm2350/extra/Olympusv2/benchmarks/benchmark_responsive_fairness/data/ma_dreamer_credit/5_flows/run34/ep000034_bw77_d55_n5.pdf  return=1272491.7
[ep_plot] ep=34 -> /its/home/mm2350/extra/Olympusv2/benchmarks/benchmark_responsive_fairness/data/ma_dreamer_credit/5_flows/run34/ep000034_bw77_d55_n5.pdf  return=1272491.6875
[orch] ep=34 sum-of-agents return=1272491.7
[sao-listener] cport=23800 worker=/its/home/mm2350/extra/Olympusv2/olympus/algorithms/ma_dreamer/worker.py scan=20ms target_cc=astraea single_flow=1 no_state_pipe=1
[responsive_fairness] slot=2 ma_dreamer_credit flows=5 run=44
[responsive_fairness] ma_dreamer_credit flows=5 run=34 done (134/200)
[sao-listener] cport=23801 worker=/its/home/mm2350/extra/Olympusv2/olympus/algorithms/ma_dreamer/worker.py scan=20ms target_cc=astraea single_flow=1 no_state_pipe=1
[slot=2] ep=44  flows=5  bw=62Mbps  delay=76ms  duration=345s  delays=[0.0, 11.2, 22.5, 33.8, 45.0]  lifetimes=[345.0, 333.8, 322.5, 311.2, 300.0]
[sao-listener] cport=23802 worker=/its/home/mm2350/extra/Olympusv2/olympus/algorithms/ma_dreamer/worker.py scan=20ms target_cc=astraea single_flow=1 no_state_pipe=1
[sao-listener] cport=23803 worker=/its/home/mm2350/extra/Olympusv2/olympus/algorithms/ma_dreamer/worker.py scan=20ms target_cc=astraea single_flow=1 no_state_pipe=1
[sao-listener] cport=23804 worker=/its/home/mm2350/extra/Olympusv2/olympus/algorithms/ma_dreamer/worker.py scan=20ms target_cc=astraea single_flow=1 no_state_pipe=1
[worker cport=23600 agent=0] loaded checkpoint step=24571
[worker alg=ma_dreamer reward=tempest_fairness_ma cport=23600 agent=0 group=slot6_ep41 flow=1] started interval=20ms det=1 latent=8x8
[sao-listener] cport=23200 worker=/its/home/mm2350/extra/Olympusv2/olympus/algorithms/ma_dreamer/worker.py scan=20ms target_cc=astraea single_flow=1 no_state_pipe=1
[multi_ep_plot] saved -> /its/home/mm2350/extra/Olympusv2/benchmarks/benchmark_responsive_fairness/data/ma_dreamer_credit/5_flows/run35/ep000035_bw80_d52_n5.pdf  return=1494651.3
[ep_plot] ep=35 -> /its/home/mm2350/extra/Olympusv2/benchmarks/benchmark_responsive_fairness/data/ma_dreamer_credit/5_flows/run35/ep000035_bw80_d52_n5.pdf  return=1494651.3125
[orch] ep=35 sum-of-agents return=1494651.3
[sao-listener] cport=23201 worker=/its/home/mm2350/extra/Olympusv2/olympus/algorithms/ma_dreamer/worker.py scan=20ms target_cc=astraea single_flow=1 no_state_pipe=1
[responsive_fairness] slot=9 ma_dreamer_credit flows=5 run=45
[responsive_fairness] ma_dreamer_credit flows=5 run=35 done (135/200)
[sao-listener] cport=23202 worker=/its/home/mm2350/extra/Olympusv2/olympus/algorithms/ma_dreamer/worker.py scan=20ms target_cc=astraea single_flow=1 no_state_pipe=1
[slot=9] ep=45  flows=5  bw=44Mbps  delay=63ms  duration=345s  delays=[0.0, 11.2, 22.5, 33.8, 45.0]  lifetimes=[345.0, 333.8, 322.5, 311.2, 300.0]
[sao-listener] cport=23203 worker=/its/home/mm2350/extra/Olympusv2/olympus/algorithms/ma_dreamer/worker.py scan=20ms target_cc=astraea single_flow=1 no_state_pipe=1
[sao-listener] cport=23204 worker=/its/home/mm2350/extra/Olympusv2/olympus/algorithms/ma_dreamer/worker.py scan=20ms target_cc=astraea single_flow=1 no_state_pipe=1
[sao-listener] new flow 1 10.0.0.1:23400->10.0.0.6:5205 cc=astraea pid=767754 child=768712
[sao-listener] single-flow mode: attached worker; stopping ss scans
[sao-listener flow 1] cport=23400 cc=astraea worker active
[sao-listener] new flow 1 10.0.0.1:23800->10.0.0.6:5209 cc=astraea pid=768232 child=769619
[sao-listener] single-flow mode: attached worker; stopping ss scans
[sao-listener flow 1] cport=23800 cc=astraea worker active
[sao-listener] cport=23900 worker=/its/home/mm2350/extra/Olympusv2/olympus/algorithms/ma_dreamer/worker.py scan=20ms target_cc=astraea single_flow=1 no_state_pipe=1
[sao-listener] cport=23901 worker=/its/home/mm2350/extra/Olympusv2/olympus/algorithms/ma_dreamer/worker.py scan=20ms target_cc=astraea single_flow=1 no_state_pipe=1
[worker cport=23400 agent=0] loaded checkpoint step=24571
[worker alg=ma_dreamer reward=tempest_fairness_ma cport=23400 agent=0 group=slot4_ep42 flow=1] started interval=20ms det=1 latent=8x8
[sao-listener] cport=23902 worker=/its/home/mm2350/extra/Olympusv2/olympus/algorithms/ma_dreamer/worker.py scan=20ms target_cc=astraea single_flow=1 no_state_pipe=1
[sao-listener] cport=23903 worker=/its/home/mm2350/extra/Olympusv2/olympus/algorithms/ma_dreamer/worker.py scan=20ms target_cc=astraea single_flow=1 no_state_pipe=1
[multi_ep_plot] saved -> /its/home/mm2350/extra/Olympusv2/benchmarks/benchmark_responsive_fairness/data/ma_dreamer_credit/5_flows/run36/ep000036_bw52_d17_n5.pdf  return=1371796.3
[ep_plot] ep=36 -> /its/home/mm2350/extra/Olympusv2/benchmarks/benchmark_responsive_fairness/data/ma_dreamer_credit/5_flows/run36/ep000036_bw52_d17_n5.pdf  return=1371796.34375
[orch] ep=36 sum-of-agents return=1371796.3
[sao-listener] cport=23904 worker=/its/home/mm2350/extra/Olympusv2/olympus/algorithms/ma_dreamer/worker.py scan=20ms target_cc=astraea single_flow=1 no_state_pipe=1
[responsive_fairness] slot=3 ma_dreamer_credit flows=5 run=46
[responsive_fairness] ma_dreamer_credit flows=5 run=36 done (136/200)
[slot=3] ep=46  flows=5  bw=19Mbps  delay=61ms  duration=345s  delays=[0.0, 11.2, 22.5, 33.8, 45.0]  lifetimes=[345.0, 333.8, 322.5, 311.2, 300.0]
[worker cport=23800 agent=0] loaded checkpoint step=24571
[worker alg=ma_dreamer reward=tempest_fairness_ma cport=23800 agent=0 group=slot8_ep43 flow=1] started interval=20ms det=1 latent=8x8
[sao-listener] cport=23300 worker=/its/home/mm2350/extra/Olympusv2/olympus/algorithms/ma_dreamer/worker.py scan=20ms target_cc=astraea single_flow=1 no_state_pipe=1
[sao-listener] cport=23301 worker=/its/home/mm2350/extra/Olympusv2/olympus/algorithms/ma_dreamer/worker.py scan=20ms target_cc=astraea single_flow=1 no_state_pipe=1
[sao-listener] cport=23302 worker=/its/home/mm2350/extra/Olympusv2/olympus/algorithms/ma_dreamer/worker.py scan=20ms target_cc=astraea single_flow=1 no_state_pipe=1
[sao-listener] cport=23303 worker=/its/home/mm2350/extra/Olympusv2/olympus/algorithms/ma_dreamer/worker.py scan=20ms target_cc=astraea single_flow=1 no_state_pipe=1
[sao-listener] cport=23304 worker=/its/home/mm2350/extra/Olympusv2/olympus/algorithms/ma_dreamer/worker.py scan=20ms target_cc=astraea single_flow=1 no_state_pipe=1
[sao-listener] new flow 1 10.0.0.1:23200->10.0.0.6:5203 cc=astraea pid=769120 child=771333
[sao-listener] single-flow mode: attached worker; stopping ss scans
[sao-listener flow 1] cport=23200 cc=astraea worker active
[multi_ep_plot] saved -> /its/home/mm2350/extra/Olympusv2/benchmarks/benchmark_responsive_fairness/data/ma_dreamer_credit/5_flows/run37/ep000037_bw97_d87_n5.pdf  return=918815.7
[ep_plot] ep=37 -> /its/home/mm2350/extra/Olympusv2/benchmarks/benchmark_responsive_fairness/data/ma_dreamer_credit/5_flows/run37/ep000037_bw97_d87_n5.pdf  return=918815.6875
[orch] ep=37 sum-of-agents return=918815.7
[responsive_fairness] slot=1 ma_dreamer_credit flows=5 run=47
[responsive_fairness] ma_dreamer_credit flows=5 run=37 done (137/200)
[slot=1] ep=47  flows=5  bw=55Mbps  delay=18ms  duration=345s  delays=[0.0, 11.2, 22.5, 33.8, 45.0]  lifetimes=[345.0, 333.8, 322.5, 311.2, 300.0]
[worker cport=23200 agent=0] loaded checkpoint step=24571
[worker alg=ma_dreamer reward=tempest_fairness_ma cport=23200 agent=0 group=slot2_ep44 flow=1] started interval=20ms det=1 latent=8x8
[sao-listener] new flow 1 10.0.0.1:23900->10.0.0.6:5210 cc=astraea pid=770479 child=772298
[sao-listener] single-flow mode: attached worker; stopping ss scans
[sao-listener flow 1] cport=23900 cc=astraea worker active
[sao-listener] cport=23100 worker=/its/home/mm2350/extra/Olympusv2/olympus/algorithms/ma_dreamer/worker.py scan=20ms target_cc=astraea single_flow=1 no_state_pipe=1
[sao-listener] cport=23101 worker=/its/home/mm2350/extra/Olympusv2/olympus/algorithms/ma_dreamer/worker.py scan=20ms target_cc=astraea single_flow=1 no_state_pipe=1
[sao-listener] cport=23102 worker=/its/home/mm2350/extra/Olympusv2/olympus/algorithms/ma_dreamer/worker.py scan=20ms target_cc=astraea single_flow=1 no_state_pipe=1
[sao-listener] cport=23103 worker=/its/home/mm2350/extra/Olympusv2/olympus/algorithms/ma_dreamer/worker.py scan=20ms target_cc=astraea single_flow=1 no_state_pipe=1
[sao-listener] cport=23104 worker=/its/home/mm2350/extra/Olympusv2/olympus/algorithms/ma_dreamer/worker.py scan=20ms target_cc=astraea single_flow=1 no_state_pipe=1
[worker cport=23900 agent=0] loaded checkpoint step=24571
[worker alg=ma_dreamer reward=tempest_fairness_ma cport=23900 agent=0 group=slot9_ep45 flow=1] started interval=20ms det=1 latent=8x8
[multi_ep_plot] saved -> /its/home/mm2350/extra/Olympusv2/benchmarks/benchmark_responsive_fairness/data/ma_dreamer_credit/5_flows/run38/ep000038_bw91_d63_n5.pdf  return=1332883.6
[ep_plot] ep=38 -> /its/home/mm2350/extra/Olympusv2/benchmarks/benchmark_responsive_fairness/data/ma_dreamer_credit/5_flows/run38/ep000038_bw91_d63_n5.pdf  return=1332883.578125
[orch] ep=38 sum-of-agents return=1332883.6
[responsive_fairness] slot=5 ma_dreamer_credit flows=5 run=48
[responsive_fairness] ma_dreamer_credit flows=5 run=38 done (138/200)
[sao-listener] new flow 1 10.0.0.1:23300->10.0.0.6:5204 cc=astraea pid=771733 child=773900
[sao-listener] single-flow mode: attached worker; stopping ss scans
[sao-listener flow 1] cport=23300 cc=astraea worker active
[slot=5] ep=48  flows=5  bw=80Mbps  delay=50ms  duration=345s  delays=[0.0, 11.2, 22.5, 33.8, 45.0]  lifetimes=[345.0, 333.8, 322.5, 311.2, 300.0]
[sao-listener] cport=23500 worker=/its/home/mm2350/extra/Olympusv2/olympus/algorithms/ma_dreamer/worker.py scan=20ms target_cc=astraea single_flow=1 no_state_pipe=1
[sao-listener] cport=23501 worker=/its/home/mm2350/extra/Olympusv2/olympus/algorithms/ma_dreamer/worker.py scan=20ms target_cc=astraea single_flow=1 no_state_pipe=1
[sao-listener] cport=23502 worker=/its/home/mm2350/extra/Olympusv2/olympus/algorithms/ma_dreamer/worker.py scan=20ms target_cc=astraea single_flow=1 no_state_pipe=1
[sao-listener] cport=23503 worker=/its/home/mm2350/extra/Olympusv2/olympus/algorithms/ma_dreamer/worker.py scan=20ms target_cc=astraea single_flow=1 no_state_pipe=1
[worker cport=23300 agent=0] loaded checkpoint step=24571
[worker alg=ma_dreamer reward=tempest_fairness_ma cport=23300 agent=0 group=slot3_ep46 flow=1] started interval=20ms det=1 latent=8x8
[sao-listener] cport=23504 worker=/its/home/mm2350/extra/Olympusv2/olympus/algorithms/ma_dreamer/worker.py scan=20ms target_cc=astraea single_flow=1 no_state_pipe=1
[sao-listener] new flow 1 10.0.0.1:23100->10.0.0.6:5202 cc=astraea pid=773760 child=776044
[sao-listener] single-flow mode: attached worker; stopping ss scans
[sao-listener flow 1] cport=23100 cc=astraea worker active
[multi_ep_plot] saved -> /its/home/mm2350/extra/Olympusv2/benchmarks/benchmark_responsive_fairness/data/ma_dreamer_credit/5_flows/run39/ep000039_bw36_d43_n5.pdf  return=541280.0
[ep_plot] ep=39 -> /its/home/mm2350/extra/Olympusv2/benchmarks/benchmark_responsive_fairness/data/ma_dreamer_credit/5_flows/run39/ep000039_bw36_d43_n5.pdf  return=541280.0078125
[orch] ep=39 sum-of-agents return=541280.0
[responsive_fairness] slot=0 ma_dreamer_credit flows=5 run=49
[responsive_fairness] ma_dreamer_credit flows=5 run=39 done (139/200)
[slot=0] ep=49  flows=5  bw=18Mbps  delay=54ms  duration=345s  delays=[0.0, 11.2, 22.5, 33.8, 45.0]  lifetimes=[345.0, 333.8, 322.5, 311.2, 300.0]
[worker cport=23100 agent=0] loaded checkpoint step=24571
[worker alg=ma_dreamer reward=tempest_fairness_ma cport=23100 agent=0 group=slot1_ep47 flow=1] started interval=20ms det=1 latent=8x8
[sao-listener] cport=23000 worker=/its/home/mm2350/extra/Olympusv2/olympus/algorithms/ma_dreamer/worker.py scan=20ms target_cc=astraea single_flow=1 no_state_pipe=1
[sao-listener] cport=23001 worker=/its/home/mm2350/extra/Olympusv2/olympus/algorithms/ma_dreamer/worker.py scan=20ms target_cc=astraea single_flow=1 no_state_pipe=1
[sao-listener] cport=23002 worker=/its/home/mm2350/extra/Olympusv2/olympus/algorithms/ma_dreamer/worker.py scan=20ms target_cc=astraea single_flow=1 no_state_pipe=1
[sao-listener] cport=23003 worker=/its/home/mm2350/extra/Olympusv2/olympus/algorithms/ma_dreamer/worker.py scan=20ms target_cc=astraea single_flow=1 no_state_pipe=1
[sao-listener] cport=23004 worker=/its/home/mm2350/extra/Olympusv2/olympus/algorithms/ma_dreamer/worker.py scan=20ms target_cc=astraea single_flow=1 no_state_pipe=1
[sao-listener] new flow 1 10.0.0.1:23500->10.0.0.6:5206 cc=astraea pid=775476 child=778306
[sao-listener] single-flow mode: attached worker; stopping ss scans
[sao-listener flow 1] cport=23500 cc=astraea worker active
[multi_ep_plot] saved -> /its/home/mm2350/extra/Olympusv2/benchmarks/benchmark_responsive_fairness/data/ma_dreamer_credit/5_flows/run40/ep000040_bw68_d84_n5.pdf  return=781957.6
[ep_plot] ep=40 -> /its/home/mm2350/extra/Olympusv2/benchmarks/benchmark_responsive_fairness/data/ma_dreamer_credit/5_flows/run40/ep000040_bw68_d84_n5.pdf  return=781957.609375
[orch] ep=40 sum-of-agents return=781957.6
[responsive_fairness] slot=7 ma_dreamer_credit flows=5 run=50
[responsive_fairness] ma_dreamer_credit flows=5 run=40 done (140/200)
[slot=7] ep=50  flows=5  bw=73Mbps  delay=44ms  duration=345s  delays=[0.0, 11.2, 22.5, 33.8, 45.0]  lifetimes=[345.0, 333.8, 322.5, 311.2, 300.0]
[worker cport=23500 agent=0] loaded checkpoint step=24571
[worker alg=ma_dreamer reward=tempest_fairness_ma cport=23500 agent=0 group=slot5_ep48 flow=1] started interval=20ms det=1 latent=8x8
[sao-listener] cport=23700 worker=/its/home/mm2350/extra/Olympusv2/olympus/algorithms/ma_dreamer/worker.py scan=20ms target_cc=astraea single_flow=1 no_state_pipe=1
[sao-listener] cport=23701 worker=/its/home/mm2350/extra/Olympusv2/olympus/algorithms/ma_dreamer/worker.py scan=20ms target_cc=astraea single_flow=1 no_state_pipe=1
[sao-listener] cport=23702 worker=/its/home/mm2350/extra/Olympusv2/olympus/algorithms/ma_dreamer/worker.py scan=20ms target_cc=astraea single_flow=1 no_state_pipe=1
[sao-listener] cport=23703 worker=/its/home/mm2350/extra/Olympusv2/olympus/algorithms/ma_dreamer/worker.py scan=20ms target_cc=astraea single_flow=1 no_state_pipe=1
[sao-listener] cport=23704 worker=/its/home/mm2350/extra/Olympusv2/olympus/algorithms/ma_dreamer/worker.py scan=20ms target_cc=astraea single_flow=1 no_state_pipe=1
[sao-listener] new flow 1 10.0.0.2:23601->10.0.0.7:5207 cc=astraea pid=778426 child=780935
[sao-listener] single-flow mode: attached worker; stopping ss scans
[sao-listener flow 1] cport=23601 cc=astraea worker active
[sao-listener] new flow 1 10.0.0.2:23401->10.0.0.7:5205 cc=astraea pid=779420 child=781103
[sao-listener] single-flow mode: attached worker; stopping ss scans
[sao-listener flow 1] cport=23401 cc=astraea worker active
[sao-listener] new flow 1 10.0.0.1:23000->10.0.0.6:5201 cc=astraea pid=777843 child=781407
[sao-listener] single-flow mode: attached worker; stopping ss scans
[sao-listener flow 1] cport=23000 cc=astraea worker active
[orch] link change t=15.0s bw=39 delay=31
[sao-listener] new flow 1 10.0.0.2:23801->10.0.0.7:5209 cc=astraea pid=780104 child=781805
[sao-listener] single-flow mode: attached worker; stopping ss scans
[sao-listener flow 1] cport=23801 cc=astraea worker active
[worker cport=23601 agent=1] loaded checkpoint step=24571
[worker alg=ma_dreamer reward=tempest_fairness_ma cport=23601 agent=1 group=slot6_ep41 flow=1] started interval=20ms det=1 latent=8x8
[worker cport=23401 agent=1] loaded checkpoint step=24571
[worker alg=ma_dreamer reward=tempest_fairness_ma cport=23401 agent=1 group=slot4_ep42 flow=1] started interval=20ms det=1 latent=8x8
[orch] link change t=15.0s bw=13 delay=45
[worker cport=23000 agent=0] loaded checkpoint step=24571
[worker alg=ma_dreamer reward=tempest_fairness_ma cport=23000 agent=0 group=slot0_ep49 flow=1] started interval=20ms det=1 latent=8x8
[sao-listener] new flow 1 10.0.0.2:23901->10.0.0.7:5210 cc=astraea pid=781740 child=782562
[sao-listener] single-flow mode: attached worker; stopping ss scans
[sao-listener flow 1] cport=23901 cc=astraea worker active
[worker cport=23801 agent=1] loaded checkpoint step=24571
[worker alg=ma_dreamer reward=tempest_fairness_ma cport=23801 agent=1 group=slot8_ep43 flow=1] started interval=20ms det=1 latent=8x8
[orch] link change t=15.0s bw=99 delay=28
[worker cport=23901 agent=1] loaded checkpoint step=24571
[worker alg=ma_dreamer reward=tempest_fairness_ma cport=23901 agent=1 group=slot9_ep45 flow=1] started interval=20ms det=1 latent=8x8
[orch] link change t=15.0s bw=79 delay=99
[sao-listener] new flow 1 10.0.0.1:23700->10.0.0.6:5208 cc=astraea pid=780297 child=783988
[sao-listener] single-flow mode: attached worker; stopping ss scans
[sao-listener flow 1] cport=23700 cc=astraea worker active
[orch] link change t=15.0s bw=72 delay=42
[sao-listener] new flow 1 10.0.0.2:23201->10.0.0.7:5203 cc=astraea pid=780807 child=784971
[sao-listener] single-flow mode: attached worker; stopping ss scans
[sao-listener flow 1] cport=23201 cc=astraea worker active
[worker cport=23700 agent=0] loaded checkpoint step=24571
[worker alg=ma_dreamer reward=tempest_fairness_ma cport=23700 agent=0 group=slot7_ep50 flow=1] started interval=20ms det=1 latent=8x8
[sao-listener] new flow 1 10.0.0.2:23301->10.0.0.7:5204 cc=astraea pid=782723 child=785260
[sao-listener] single-flow mode: attached worker; stopping ss scans
[sao-listener flow 1] cport=23301 cc=astraea worker active
[orch] link change t=15.0s bw=15 delay=85
[worker cport=23201 agent=1] loaded checkpoint step=24571
[worker alg=ma_dreamer reward=tempest_fairness_ma cport=23201 agent=1 group=slot2_ep44 flow=1] started interval=20ms det=1 latent=8x8
[worker cport=23301 agent=1] loaded checkpoint step=24571
[worker alg=ma_dreamer reward=tempest_fairness_ma cport=23301 agent=1 group=slot3_ep46 flow=1] started interval=20ms det=1 latent=8x8
[sao-listener] new flow 1 10.0.0.2:23501->10.0.0.7:5206 cc=astraea pid=786335 child=786677
[sao-listener] single-flow mode: attached worker; stopping ss scans
[sao-listener flow 1] cport=23501 cc=astraea worker active
[orch] link change t=15.0s bw=65 delay=80
[worker cport=23501 agent=1] loaded checkpoint step=24571
[worker alg=ma_dreamer reward=tempest_fairness_ma cport=23501 agent=1 group=slot5_ep48 flow=1] started interval=20ms det=1 latent=8x8
[sao-listener] new flow 1 10.0.0.2:23101->10.0.0.7:5202 cc=astraea pid=784538 child=787940
[sao-listener] single-flow mode: attached worker; stopping ss scans
[sao-listener flow 1] cport=23101 cc=astraea worker active
[worker cport=23101 agent=1] loaded checkpoint step=24571
[worker alg=ma_dreamer reward=tempest_fairness_ma cport=23101 agent=1 group=slot1_ep47 flow=1] started interval=20ms det=1 latent=8x8
[sao-listener] new flow 1 10.0.0.2:23001->10.0.0.7:5201 cc=astraea pid=788780 child=789400
[sao-listener] single-flow mode: attached worker; stopping ss scans
[sao-listener flow 1] cport=23001 cc=astraea worker active
[orch] link change t=15.0s bw=26 delay=81
[sao-listener] new flow 1 10.0.0.3:23602->10.0.0.8:5207 cc=astraea pid=789403 child=789937
[sao-listener] single-flow mode: attached worker; stopping ss scans
[sao-listener flow 1] cport=23602 cc=astraea worker active
[worker cport=23001 agent=1] loaded checkpoint step=24571
[worker alg=ma_dreamer reward=tempest_fairness_ma cport=23001 agent=1 group=slot0_ep49 flow=1] started interval=20ms det=1 latent=8x8
[worker cport=23602 agent=2] loaded checkpoint step=24571
[worker alg=ma_dreamer reward=tempest_fairness_ma cport=23602 agent=2 group=slot6_ep41 flow=1] started interval=20ms det=1 latent=8x8
[orch] link change t=15.0s bw=62 delay=24
[sao-listener] new flow 1 10.0.0.2:23701->10.0.0.7:5208 cc=astraea pid=791095 child=791847
[sao-listener] single-flow mode: attached worker; stopping ss scans
[sao-listener flow 1] cport=23701 cc=astraea worker active
[worker cport=23701 agent=1] loaded checkpoint step=24571
[worker alg=ma_dreamer reward=tempest_fairness_ma cport=23701 agent=1 group=slot7_ep50 flow=1] started interval=20ms det=1 latent=8x8
[sao-listener] new flow 1 10.0.0.3:23202->10.0.0.8:5203 cc=astraea pid=791602 child=792884
[sao-listener] single-flow mode: attached worker; stopping ss scans
[sao-listener flow 1] cport=23202 cc=astraea worker active
[sao-listener] new flow 1 10.0.0.3:23402->10.0.0.8:5205 cc=astraea pid=790363 child=793292
[sao-listener] single-flow mode: attached worker; stopping ss scans
[sao-listener flow 1] cport=23402 cc=astraea worker active
[worker cport=23202 agent=2] loaded checkpoint step=24571
[worker alg=ma_dreamer reward=tempest_fairness_ma cport=23202 agent=2 group=slot2_ep44 flow=1] started interval=20ms det=1 latent=8x8
[orch] link change t=15.0s bw=56 delay=91
[sao-listener] new flow 1 10.0.0.3:23802->10.0.0.8:5209 cc=astraea pid=790897 child=794143
[sao-listener] single-flow mode: attached worker; stopping ss scans
[sao-listener flow 1] cport=23802 cc=astraea worker active
[worker cport=23402 agent=2] loaded checkpoint step=24571
[worker alg=ma_dreamer reward=tempest_fairness_ma cport=23402 agent=2 group=slot4_ep42 flow=1] started interval=20ms det=1 latent=8x8
[sao-listener] new flow 1 10.0.0.3:23902->10.0.0.8:5210 cc=astraea pid=792615 child=794374
[sao-listener] single-flow mode: attached worker; stopping ss scans
[sao-listener flow 1] cport=23902 cc=astraea worker active
[worker cport=23802 agent=2] loaded checkpoint step=24571
[worker alg=ma_dreamer reward=tempest_fairness_ma cport=23802 agent=2 group=slot8_ep43 flow=1] started interval=20ms det=1 latent=8x8
[worker cport=23902 agent=2] loaded checkpoint step=24571
[worker alg=ma_dreamer reward=tempest_fairness_ma cport=23902 agent=2 group=slot9_ep45 flow=1] started interval=20ms det=1 latent=8x8
[orch] link change t=30.0s bw=59 delay=83
[sao-listener] new flow 1 10.0.0.3:23302->10.0.0.8:5204 cc=astraea pid=793540 child=796067
[sao-listener] single-flow mode: attached worker; stopping ss scans
[sao-listener flow 1] cport=23302 cc=astraea worker active
[orch] link change t=30.0s bw=41 delay=38
[orch] link change t=30.0s bw=69 delay=57
[worker cport=23302 agent=2] loaded checkpoint step=24571
[worker alg=ma_dreamer reward=tempest_fairness_ma cport=23302 agent=2 group=slot3_ep46 flow=1] started interval=20ms det=1 latent=8x8
[sao-listener] new flow 1 10.0.0.3:23502->10.0.0.8:5206 cc=astraea pid=796369 child=797112
[sao-listener] single-flow mode: attached worker; stopping ss scans
[sao-listener flow 1] cport=23502 cc=astraea worker active
[orch] link change t=30.0s bw=24 delay=32
[worker cport=23502 agent=2] loaded checkpoint step=24571
[worker alg=ma_dreamer reward=tempest_fairness_ma cport=23502 agent=2 group=slot5_ep48 flow=1] started interval=20ms det=1 latent=8x8
[orch] link change t=30.0s bw=20 delay=48
[sao-listener] new flow 1 10.0.0.3:23102->10.0.0.8:5202 cc=astraea pid=795152 child=798110
[sao-listener] single-flow mode: attached worker; stopping ss scans
[sao-listener flow 1] cport=23102 cc=astraea worker active
[orch] link change t=30.0s bw=85 delay=39
[worker cport=23102 agent=2] loaded checkpoint step=24571
[worker alg=ma_dreamer reward=tempest_fairness_ma cport=23102 agent=2 group=slot1_ep47 flow=1] started interval=20ms det=1 latent=8x8
[sao-listener] new flow 1 10.0.0.4:23603->10.0.0.9:5207 cc=astraea pid=798501 child=798895
[sao-listener] single-flow mode: attached worker; stopping ss scans
[sao-listener flow 1] cport=23603 cc=astraea worker active
[sao-listener] new flow 1 10.0.0.3:23002->10.0.0.8:5201 cc=astraea pid=798059 child=798997
[sao-listener] single-flow mode: attached worker; stopping ss scans
[sao-listener flow 1] cport=23002 cc=astraea worker active
[worker cport=23603 agent=3] loaded checkpoint step=24571
[worker alg=ma_dreamer reward=tempest_fairness_ma cport=23603 agent=3 group=slot6_ep41 flow=1] started interval=20ms det=1 latent=8x8
[worker cport=23002 agent=2] loaded checkpoint step=24571
[worker alg=ma_dreamer reward=tempest_fairness_ma cport=23002 agent=2 group=slot0_ep49 flow=1] started interval=20ms det=1 latent=8x8
[orch] link change t=30.0s bw=68 delay=83
[sao-listener] new flow 1 10.0.0.3:23702->10.0.0.8:5208 cc=astraea pid=799795 child=800519
[sao-listener] single-flow mode: attached worker; stopping ss scans
[sao-listener flow 1] cport=23702 cc=astraea worker active
[orch] link change t=30.0s bw=78 delay=48
[sao-listener] new flow 1 10.0.0.4:23203->10.0.0.9:5203 cc=astraea pid=800111 child=800979
[sao-listener] single-flow mode: attached worker; stopping ss scans
[sao-listener flow 1] cport=23203 cc=astraea worker active
[worker cport=23702 agent=2] loaded checkpoint step=24571
[worker alg=ma_dreamer reward=tempest_fairness_ma cport=23702 agent=2 group=slot7_ep50 flow=1] started interval=20ms det=1 latent=8x8
[sao-listener] new flow 1 10.0.0.4:23403->10.0.0.9:5205 cc=astraea pid=799217 child=801406
[sao-listener] single-flow mode: attached worker; stopping ss scans
[sao-listener flow 1] cport=23403 cc=astraea worker active
[worker cport=23203 agent=3] loaded checkpoint step=24571
[worker alg=ma_dreamer reward=tempest_fairness_ma cport=23203 agent=3 group=slot2_ep44 flow=1] started interval=20ms det=1 latent=8x8
[sao-listener] new flow 1 10.0.0.4:23803->10.0.0.9:5209 cc=astraea pid=799662 child=801837
[sao-listener] single-flow mode: attached worker; stopping ss scans
[sao-listener flow 1] cport=23803 cc=astraea worker active
[worker cport=23403 agent=3] loaded checkpoint step=24571
[worker alg=ma_dreamer reward=tempest_fairness_ma cport=23403 agent=3 group=slot4_ep42 flow=1] started interval=20ms det=1 latent=8x8
[sao-listener] new flow 1 10.0.0.4:23903->10.0.0.9:5210 cc=astraea pid=800717 child=802075
[sao-listener] single-flow mode: attached worker; stopping ss scans
[sao-listener flow 1] cport=23903 cc=astraea worker active
[orch] link change t=30.0s bw=51 delay=80
[worker cport=23803 agent=3] loaded checkpoint step=24571
[worker alg=ma_dreamer reward=tempest_fairness_ma cport=23803 agent=3 group=slot8_ep43 flow=1] started interval=20ms det=1 latent=8x8
[worker cport=23903 agent=3] loaded checkpoint step=24571
[worker alg=ma_dreamer reward=tempest_fairness_ma cport=23903 agent=3 group=slot9_ep45 flow=1] started interval=20ms det=1 latent=8x8
[sao-listener] new flow 1 10.0.0.4:23103->10.0.0.9:5202 cc=astraea pid=802471 child=802751
[sao-listener] single-flow mode: attached worker; stopping ss scans
[sao-listener flow 1] cport=23103 cc=astraea worker active
[worker cport=23103 agent=3] loaded checkpoint step=24571
[worker alg=ma_dreamer reward=tempest_fairness_ma cport=23103 agent=3 group=slot1_ep47 flow=1] started interval=20ms det=1 latent=8x8
[sao-listener] new flow 1 10.0.0.4:23303->10.0.0.9:5204 cc=astraea pid=801333 child=803258
[sao-listener] single-flow mode: attached worker; stopping ss scans
[sao-listener flow 1] cport=23303 cc=astraea worker active
[orch] link change t=30.0s bw=41 delay=98
[worker cport=23303 agent=3] loaded checkpoint step=24571
[worker alg=ma_dreamer reward=tempest_fairness_ma cport=23303 agent=3 group=slot3_ep46 flow=1] started interval=20ms det=1 latent=8x8
[sao-listener] new flow 1 10.0.0.4:23503->10.0.0.9:5206 cc=astraea pid=803374 child=803903
[sao-listener] single-flow mode: attached worker; stopping ss scans
[sao-listener flow 1] cport=23503 cc=astraea worker active
[worker cport=23503 agent=3] loaded checkpoint step=24571
[worker alg=ma_dreamer reward=tempest_fairness_ma cport=23503 agent=3 group=slot5_ep48 flow=1] started interval=20ms det=1 latent=8x8
[orch] link change t=45.0s bw=98 delay=46
[orch] link change t=45.0s bw=27 delay=23
[sao-listener] new flow 1 10.0.0.4:23003->10.0.0.9:5201 cc=astraea pid=804365 child=804868
[sao-listener] single-flow mode: attached worker; stopping ss scans
[sao-listener flow 1] cport=23003 cc=astraea worker active
[orch] link change t=45.0s bw=95 delay=99
[sao-listener] new flow 1 10.0.0.5:23604->10.0.0.10:5207 cc=astraea pid=804593 child=804975
[sao-listener] single-flow mode: attached worker; stopping ss scans
[sao-listener flow 1] cport=23604 cc=astraea worker active
[worker cport=23003 agent=3] loaded checkpoint step=24571
[worker alg=ma_dreamer reward=tempest_fairness_ma cport=23003 agent=3 group=slot0_ep49 flow=1] started interval=20ms det=1 latent=8x8
[orch] link change t=45.0s bw=58 delay=38
[worker cport=23604 agent=4] loaded checkpoint step=24571
[worker alg=ma_dreamer reward=tempest_fairness_ma cport=23604 agent=4 group=slot6_ep41 flow=1] started interval=20ms det=1 latent=8x8
[orch] link change t=45.0s bw=53 delay=12
[sao-listener] new flow 1 10.0.0.4:23703->10.0.0.9:5208 cc=astraea pid=805337 child=805741
[sao-listener] single-flow mode: attached worker; stopping ss scans
[sao-listener flow 1] cport=23703 cc=astraea worker active
[orch] link change t=45.0s bw=91 delay=76
[worker cport=23703 agent=3] loaded checkpoint step=24571
[worker alg=ma_dreamer reward=tempest_fairness_ma cport=23703 agent=3 group=slot7_ep50 flow=1] started interval=20ms det=1 latent=8x8
[sao-listener] new flow 1 10.0.0.5:23204->10.0.0.10:5203 cc=astraea pid=805501 child=806070
[sao-listener] single-flow mode: attached worker; stopping ss scans
[sao-listener flow 1] cport=23204 cc=astraea worker active
[sao-listener] new flow 1 10.0.0.5:23404->10.0.0.10:5205 cc=astraea pid=804964 child=806218
[sao-listener] single-flow mode: attached worker; stopping ss scans
[sao-listener flow 1] cport=23404 cc=astraea worker active
[worker cport=23204 agent=4] loaded checkpoint step=24571
[worker alg=ma_dreamer reward=tempest_fairness_ma cport=23204 agent=4 group=slot2_ep44 flow=1] started interval=20ms det=1 latent=8x8
[worker cport=23404 agent=4] loaded checkpoint step=24571
[worker alg=ma_dreamer reward=tempest_fairness_ma cport=23404 agent=4 group=slot4_ep42 flow=1] started interval=20ms det=1 latent=8x8
[sao-listener] new flow 1 10.0.0.5:23904->10.0.0.10:5210 cc=astraea pid=805821 child=806546
[sao-listener] single-flow mode: attached worker; stopping ss scans
[sao-listener flow 1] cport=23904 cc=astraea worker active
[sao-listener] new flow 1 10.0.0.5:23804->10.0.0.10:5209 cc=astraea pid=805179 child=806550
[sao-listener] single-flow mode: attached worker; stopping ss scans
[sao-listener flow 1] cport=23804 cc=astraea worker active
[orch] link change t=45.0s bw=53 delay=42
[worker cport=23804 agent=4] loaded checkpoint step=24571
[worker alg=ma_dreamer reward=tempest_fairness_ma cport=23804 agent=4 group=slot8_ep43 flow=1] started interval=20ms det=1 latent=8x8
[worker cport=23904 agent=4] loaded checkpoint step=24571
[worker alg=ma_dreamer reward=tempest_fairness_ma cport=23904 agent=4 group=slot9_ep45 flow=1] started interval=20ms det=1 latent=8x8
[sao-listener] new flow 1 10.0.0.5:23104->10.0.0.10:5202 cc=astraea pid=806731 child=806934
[sao-listener] single-flow mode: attached worker; stopping ss scans
[sao-listener flow 1] cport=23104 cc=astraea worker active
[orch] link change t=45.0s bw=74 delay=34
[worker cport=23104 agent=4] loaded checkpoint step=24571
[worker alg=ma_dreamer reward=tempest_fairness_ma cport=23104 agent=4 group=slot1_ep47 flow=1] started interval=20ms det=1 latent=8x8
[sao-listener] new flow 1 10.0.0.5:23304->10.0.0.10:5204 cc=astraea pid=806159 child=807147
[sao-listener] single-flow mode: attached worker; stopping ss scans
[sao-listener flow 1] cport=23304 cc=astraea worker active
[worker cport=23304 agent=4] loaded checkpoint step=24571
[worker alg=ma_dreamer reward=tempest_fairness_ma cport=23304 agent=4 group=slot3_ep46 flow=1] started interval=20ms det=1 latent=8x8
[sao-listener] new flow 1 10.0.0.5:23504->10.0.0.10:5206 cc=astraea pid=807134 child=807357
[sao-listener] single-flow mode: attached worker; stopping ss scans
[sao-listener flow 1] cport=23504 cc=astraea worker active
[orch] link change t=45.0s bw=75 delay=16
[worker cport=23504 agent=4] loaded checkpoint step=24571
[worker alg=ma_dreamer reward=tempest_fairness_ma cport=23504 agent=4 group=slot5_ep48 flow=1] started interval=20ms det=1 latent=8x8
[sao-listener] new flow 1 10.0.0.5:23004->10.0.0.10:5201 cc=astraea pid=807505 child=807597
[sao-listener] single-flow mode: attached worker; stopping ss scans
[sao-listener flow 1] cport=23004 cc=astraea worker active
[orch] link change t=45.0s bw=70 delay=52
[worker cport=23004 agent=4] loaded checkpoint step=24571
[worker alg=ma_dreamer reward=tempest_fairness_ma cport=23004 agent=4 group=slot0_ep49 flow=1] started interval=20ms det=1 latent=8x8
[orch] link change t=60.0s bw=80 delay=45
[sao-listener] new flow 1 10.0.0.5:23704->10.0.0.10:5208 cc=astraea pid=807673 child=807774
[sao-listener] single-flow mode: attached worker; stopping ss scans
[sao-listener flow 1] cport=23704 cc=astraea worker active
[orch] link change t=60.0s bw=96 delay=79
[worker cport=23704 agent=4] loaded checkpoint step=24571
[worker alg=ma_dreamer reward=tempest_fairness_ma cport=23704 agent=4 group=slot7_ep50 flow=1] started interval=20ms det=1 latent=8x8
[orch] link change t=60.0s bw=22 delay=68
[orch] link change t=60.0s bw=47 delay=13
[orch] link change t=60.0s bw=19 delay=71
[orch] link change t=60.0s bw=29 delay=84
[orch] link change t=60.0s bw=75 delay=59
[orch] link change t=60.0s bw=65 delay=31
[orch] link change t=60.0s bw=97 delay=15
[orch] link change t=60.0s bw=20 delay=78
[orch] link change t=75.0s bw=59 delay=83
[orch] link change t=75.0s bw=21 delay=85
[orch] link change t=75.0s bw=86 delay=73
[orch] link change t=75.0s bw=38 delay=24
[orch] link change t=75.0s bw=11 delay=24
[orch] link change t=75.0s bw=78 delay=14
[orch] link change t=75.0s bw=60 delay=88
[orch] link change t=75.0s bw=29 delay=94
[orch] link change t=75.0s bw=45 delay=29
[orch] link change t=75.0s bw=50 delay=38
[orch] link change t=90.0s bw=11 delay=41
[orch] link change t=90.0s bw=64 delay=14
[orch] link change t=90.0s bw=87 delay=12
[orch] link change t=90.0s bw=82 delay=11
[orch] link change t=90.0s bw=46 delay=25
[orch] link change t=90.0s bw=13 delay=18
[orch] link change t=90.0s bw=15 delay=63
[orch] link change t=90.0s bw=23 delay=73
[orch] link change t=90.0s bw=68 delay=15
[orch] link change t=90.0s bw=96 delay=81
[orch] link change t=105.0s bw=94 delay=12
[orch] link change t=105.0s bw=13 delay=21
[orch] link change t=105.0s bw=75 delay=65
[orch] link change t=105.0s bw=22 delay=30
[orch] link change t=105.0s bw=49 delay=93
[orch] link change t=105.0s bw=50 delay=90
[orch] link change t=105.0s bw=94 delay=13
[orch] link change t=105.0s bw=93 delay=38
[orch] link change t=105.0s bw=90 delay=79
[orch] link change t=105.0s bw=20 delay=29
[orch] link change t=120.0s bw=66 delay=29
[orch] link change t=120.0s bw=37 delay=39
[orch] link change t=120.0s bw=83 delay=57
[orch] link change t=120.0s bw=75 delay=98
[orch] link change t=120.0s bw=14 delay=89
[orch] link change t=120.0s bw=16 delay=13
[orch] link change t=120.0s bw=23 delay=10
[orch] link change t=120.0s bw=37 delay=75
[orch] link change t=120.0s bw=74 delay=38
[orch] link change t=120.0s bw=54 delay=22
[orch] link change t=135.0s bw=29 delay=50
[orch] link change t=135.0s bw=74 delay=87
[orch] link change t=135.0s bw=89 delay=80
[orch] link change t=135.0s bw=48 delay=98
[orch] link change t=135.0s bw=18 delay=27
[orch] link change t=135.0s bw=27 delay=80
[orch] link change t=135.0s bw=43 delay=71
[orch] link change t=135.0s bw=81 delay=75
[orch] link change t=135.0s bw=87 delay=46
[orch] link change t=135.0s bw=54 delay=50
[orch] link change t=150.0s bw=31 delay=42
[orch] link change t=150.0s bw=13 delay=81
[orch] link change t=150.0s bw=65 delay=60
[orch] link change t=150.0s bw=91 delay=58
[orch] link change t=150.0s bw=44 delay=29
[orch] link change t=150.0s bw=47 delay=77
[orch] link change t=150.0s bw=79 delay=11
[orch] link change t=150.0s bw=29 delay=70
[orch] link change t=150.0s bw=83 delay=57
[orch] link change t=150.0s bw=38 delay=34
[orch] link change t=165.0s bw=93 delay=98
[orch] link change t=165.0s bw=35 delay=93
[orch] link change t=165.0s bw=32 delay=17
[orch] link change t=165.0s bw=85 delay=61
[orch] link change t=165.0s bw=37 delay=64
[orch] link change t=165.0s bw=52 delay=21
[orch] link change t=165.0s bw=50 delay=82
[orch] link change t=165.0s bw=37 delay=13
[orch] link change t=165.0s bw=61 delay=13
[orch] link change t=165.0s bw=18 delay=52
[orch] link change t=180.0s bw=89 delay=84
[orch] link change t=180.0s bw=99 delay=79
[orch] link change t=180.0s bw=23 delay=25
[orch] link change t=180.0s bw=98 delay=95
[orch] link change t=180.0s bw=19 delay=88
[orch] link change t=180.0s bw=60 delay=100
[orch] link change t=180.0s bw=64 delay=39
[orch] link change t=180.0s bw=19 delay=64
[orch] link change t=180.0s bw=41 delay=27
[orch] link change t=180.0s bw=87 delay=87
[orch] link change t=195.0s bw=17 delay=25
[orch] link change t=195.0s bw=63 delay=38
[orch] link change t=195.0s bw=58 delay=29
[orch] link change t=195.0s bw=51 delay=55
[orch] link change t=195.0s bw=62 delay=28
[orch] link change t=195.0s bw=71 delay=56
[orch] link change t=195.0s bw=40 delay=76
[orch] link change t=195.0s bw=18 delay=26
[orch] link change t=195.0s bw=22 delay=64
[orch] link change t=195.0s bw=64 delay=91
[orch] link change t=210.0s bw=85 delay=14
[orch] link change t=210.0s bw=67 delay=85
[orch] link change t=210.0s bw=22 delay=30
[orch] link change t=210.0s bw=19 delay=53
[orch] link change t=210.0s bw=99 delay=17
[orch] link change t=210.0s bw=29 delay=70
[orch] link change t=210.0s bw=75 delay=55
[orch] link change t=210.0s bw=73 delay=96
[orch] link change t=210.0s bw=58 delay=51
[orch] link change t=210.0s bw=21 delay=18
[orch] link change t=225.0s bw=65 delay=46
[orch] link change t=225.0s bw=45 delay=10
[orch] link change t=225.0s bw=75 delay=73
[orch] link change t=225.0s bw=46 delay=89
[orch] link change t=225.0s bw=14 delay=32
[orch] link change t=225.0s bw=69 delay=19
[orch] link change t=225.0s bw=66 delay=40
[orch] link change t=225.0s bw=30 delay=26
[orch] link change t=225.0s bw=55 delay=44
[orch] link change t=225.0s bw=98 delay=87
[orch] link change t=240.0s bw=37 delay=19
[orch] link change t=240.0s bw=30 delay=99
[orch] link change t=240.0s bw=26 delay=59
[orch] link change t=240.0s bw=30 delay=24
[orch] link change t=240.0s bw=51 delay=42
[orch] link change t=240.0s bw=68 delay=99
[orch] link change t=240.0s bw=14 delay=81
[orch] link change t=240.0s bw=17 delay=99
[orch] link change t=240.0s bw=93 delay=61
[orch] link change t=240.0s bw=52 delay=98
[orch] link change t=255.0s bw=56 delay=70
[orch] link change t=255.0s bw=64 delay=53
[orch] link change t=255.0s bw=86 delay=74
[orch] link change t=255.0s bw=75 delay=18
[orch] link change t=255.0s bw=55 delay=50
[orch] link change t=255.0s bw=79 delay=89
[orch] link change t=255.0s bw=57 delay=98
[orch] link change t=255.0s bw=80 delay=47
[orch] link change t=255.0s bw=88 delay=89
[orch] link change t=255.0s bw=92 delay=65
[orch] link change t=270.0s bw=26 delay=81
[orch] link change t=270.0s bw=45 delay=29
[orch] link change t=270.0s bw=44 delay=83
[orch] link change t=270.0s bw=85 delay=22
[orch] link change t=270.0s bw=22 delay=62
[orch] link change t=270.0s bw=24 delay=65
[orch] link change t=270.0s bw=55 delay=86
[orch] link change t=270.0s bw=53 delay=99
[orch] link change t=270.0s bw=16 delay=94
[orch] link change t=270.0s bw=10 delay=39
[orch] link change t=285.0s bw=95 delay=12
[orch] link change t=285.0s bw=37 delay=53
[orch] link change t=285.0s bw=33 delay=58
[orch] link change t=285.0s bw=44 delay=50
[orch] link change t=285.0s bw=21 delay=12
[orch] link change t=285.0s bw=38 delay=53
[orch] link change t=285.0s bw=53 delay=81
[orch] link change t=285.0s bw=53 delay=22
[orch] link change t=285.0s bw=62 delay=98
[orch] link change t=285.0s bw=53 delay=44
[orch] link change t=300.0s bw=25 delay=22
[orch] link change t=300.0s bw=23 delay=21
[orch] link change t=300.0s bw=18 delay=16
[orch] link change t=300.0s bw=23 delay=90
[orch] link change t=300.0s bw=52 delay=50
[orch] link change t=300.0s bw=74 delay=66
[orch] link change t=300.0s bw=83 delay=35
[orch] link change t=300.0s bw=40 delay=44
[orch] link change t=300.0s bw=79 delay=88
[orch] link change t=300.0s bw=65 delay=99
[orch] link change t=315.0s bw=28 delay=98
[orch] link change t=315.0s bw=58 delay=22
[orch] link change t=315.0s bw=84 delay=17
[orch] link change t=315.0s bw=47 delay=14
[orch] link change t=315.0s bw=59 delay=99
[orch] link change t=315.0s bw=45 delay=29
[orch] link change t=315.0s bw=40 delay=14
[orch] link change t=315.0s bw=43 delay=92
[orch] link change t=315.0s bw=36 delay=93
[orch] link change t=315.0s bw=23 delay=35
[orch] link change t=330.0s bw=32 delay=16
[orch] link change t=330.0s bw=55 delay=54
[orch] link change t=330.0s bw=33 delay=17
[orch] link change t=330.0s bw=54 delay=59
[orch] link change t=330.0s bw=77 delay=94
[orch] link change t=330.0s bw=23 delay=86
[orch] link change t=330.0s bw=26 delay=52
[orch] link change t=330.0s bw=11 delay=83
[orch] link change t=330.0s bw=18 delay=82
[orch] link change t=330.0s bw=66 delay=44
[multi_ep_plot] saved -> /its/home/mm2350/extra/Olympusv2/benchmarks/benchmark_responsive_fairness/data/ma_dreamer_credit/5_flows/run41/ep000041_bw58_d52_n5.pdf  return=1228429.5
[ep_plot] ep=41 -> /its/home/mm2350/extra/Olympusv2/benchmarks/benchmark_responsive_fairness/data/ma_dreamer_credit/5_flows/run41/ep000041_bw58_d52_n5.pdf  return=1228429.53125
[orch] ep=41 sum-of-agents return=1228429.5
[responsive_fairness] slot=6 ma_dreamer_credit flows=7 run=1
[responsive_fairness] ma_dreamer_credit flows=5 run=41 done (141/200)
[slot=6] ep=1  flows=7  bw=27Mbps  delay=82ms  duration=345s  delays=[0.0, 7.5, 15.0, 22.5, 30.0, 37.5, 45.0]  lifetimes=[345.0, 337.5, 330.0, 322.5, 315.0, 307.5, 300.0]
[sao-listener] cport=23600 worker=/its/home/mm2350/extra/Olympusv2/olympus/algorithms/ma_dreamer/worker.py scan=20ms target_cc=astraea single_flow=1 no_state_pipe=1
[multi_ep_plot] saved -> /its/home/mm2350/extra/Olympusv2/benchmarks/benchmark_responsive_fairness/data/ma_dreamer_credit/5_flows/run42/ep000042_bw91_d24_n5.pdf  return=856294.1
[ep_plot] ep=42 -> /its/home/mm2350/extra/Olympusv2/benchmarks/benchmark_responsive_fairness/data/ma_dreamer_credit/5_flows/run42/ep000042_bw91_d24_n5.pdf  return=856294.09375
[orch] ep=42 sum-of-agents return=856294.1
[sao-listener] cport=23601 worker=/its/home/mm2350/extra/Olympusv2/olympus/algorithms/ma_dreamer/worker.py scan=20ms target_cc=astraea single_flow=1 no_state_pipe=1
[responsive_fairness] slot=4 ma_dreamer_credit flows=7 run=2
[responsive_fairness] ma_dreamer_credit flows=5 run=42 done (142/200)
[sao-listener] cport=23602 worker=/its/home/mm2350/extra/Olympusv2/olympus/algorithms/ma_dreamer/worker.py scan=20ms target_cc=astraea single_flow=1 no_state_pipe=1
[slot=4] ep=2  flows=7  bw=17Mbps  delay=21ms  duration=345s  delays=[0.0, 7.5, 15.0, 22.5, 30.0, 37.5, 45.0]  lifetimes=[345.0, 337.5, 330.0, 322.5, 315.0, 307.5, 300.0]
[sao-listener] cport=23603 worker=/its/home/mm2350/extra/Olympusv2/olympus/algorithms/ma_dreamer/worker.py scan=20ms target_cc=astraea single_flow=1 no_state_pipe=1
[sao-listener] cport=23604 worker=/its/home/mm2350/extra/Olympusv2/olympus/algorithms/ma_dreamer/worker.py scan=20ms target_cc=astraea single_flow=1 no_state_pipe=1
[sao-listener] cport=23605 worker=/its/home/mm2350/extra/Olympusv2/olympus/algorithms/ma_dreamer/worker.py scan=20ms target_cc=astraea single_flow=1 no_state_pipe=1
[sao-listener] cport=23606 worker=/its/home/mm2350/extra/Olympusv2/olympus/algorithms/ma_dreamer/worker.py scan=20ms target_cc=astraea single_flow=1 no_state_pipe=1
[multi_ep_plot] saved -> /its/home/mm2350/extra/Olympusv2/benchmarks/benchmark_responsive_fairness/data/ma_dreamer_credit/5_flows/run43/ep000043_bw14_d46_n5.pdf  return=1145711.8
[ep_plot] ep=43 -> /its/home/mm2350/extra/Olympusv2/benchmarks/benchmark_responsive_fairness/data/ma_dreamer_credit/5_flows/run43/ep000043_bw14_d46_n5.pdf  return=1145711.8125
[orch] ep=43 sum-of-agents return=1145711.8
[responsive_fairness] slot=8 ma_dreamer_credit flows=7 run=3
[responsive_fairness] ma_dreamer_credit flows=5 run=43 done (143/200)
[slot=8] ep=3  flows=7  bw=40Mbps  delay=85ms  duration=345s  delays=[0.0, 7.5, 15.0, 22.5, 30.0, 37.5, 45.0]  lifetimes=[345.0, 337.5, 330.0, 322.5, 315.0, 307.5, 300.0]
[sao-listener] cport=23400 worker=/its/home/mm2350/extra/Olympusv2/olympus/algorithms/ma_dreamer/worker.py scan=20ms target_cc=astraea single_flow=1 no_state_pipe=1
[sao-listener] cport=23401 worker=/its/home/mm2350/extra/Olympusv2/olympus/algorithms/ma_dreamer/worker.py scan=20ms target_cc=astraea single_flow=1 no_state_pipe=1
[sao-listener] cport=23402 worker=/its/home/mm2350/extra/Olympusv2/olympus/algorithms/ma_dreamer/worker.py scan=20ms target_cc=astraea single_flow=1 no_state_pipe=1
[sao-listener] cport=23403 worker=/its/home/mm2350/extra/Olympusv2/olympus/algorithms/ma_dreamer/worker.py scan=20ms target_cc=astraea single_flow=1 no_state_pipe=1
[sao-listener] cport=23404 worker=/its/home/mm2350/extra/Olympusv2/olympus/algorithms/ma_dreamer/worker.py scan=20ms target_cc=astraea single_flow=1 no_state_pipe=1
[sao-listener] cport=23405 worker=/its/home/mm2350/extra/Olympusv2/olympus/algorithms/ma_dreamer/worker.py scan=20ms target_cc=astraea single_flow=1 no_state_pipe=1
[sao-listener] cport=23406 worker=/its/home/mm2350/extra/Olympusv2/olympus/algorithms/ma_dreamer/worker.py scan=20ms target_cc=astraea single_flow=1 no_state_pipe=1
[sao-listener] new flow 1 10.0.0.1:23600->10.0.0.8:5207 cc=astraea pid=812635 child=813785
[sao-listener] single-flow mode: attached worker; stopping ss scans
[sao-listener flow 1] cport=23600 cc=astraea worker active
[multi_ep_plot] saved -> /its/home/mm2350/extra/Olympusv2/benchmarks/benchmark_responsive_fairness/data/ma_dreamer_credit/5_flows/run44/ep000044_bw62_d76_n5.pdf  return=1219595.6
[ep_plot] ep=44 -> /its/home/mm2350/extra/Olympusv2/benchmarks/benchmark_responsive_fairness/data/ma_dreamer_credit/5_flows/run44/ep000044_bw62_d76_n5.pdf  return=1219595.640625
[orch] ep=44 sum-of-agents return=1219595.6
[responsive_fairness] slot=2 ma_dreamer_credit flows=7 run=4
[responsive_fairness] ma_dreamer_credit flows=5 run=44 done (144/200)
[slot=2] ep=4  flows=7  bw=40Mbps  delay=48ms  duration=345s  delays=[0.0, 7.5, 15.0, 22.5, 30.0, 37.5, 45.0]  lifetimes=[345.0, 337.5, 330.0, 322.5, 315.0, 307.5, 300.0]
[sao-listener] cport=23800 worker=/its/home/mm2350/extra/Olympusv2/olympus/algorithms/ma_dreamer/worker.py scan=20ms target_cc=astraea single_flow=1 no_state_pipe=1
[sao-listener] cport=23801 worker=/its/home/mm2350/extra/Olympusv2/olympus/algorithms/ma_dreamer/worker.py scan=20ms target_cc=astraea single_flow=1 no_state_pipe=1
[sao-listener] cport=23802 worker=/its/home/mm2350/extra/Olympusv2/olympus/algorithms/ma_dreamer/worker.py scan=20ms target_cc=astraea single_flow=1 no_state_pipe=1
[sao-listener] cport=23803 worker=/its/home/mm2350/extra/Olympusv2/olympus/algorithms/ma_dreamer/worker.py scan=20ms target_cc=astraea single_flow=1 no_state_pipe=1
[sao-listener] cport=23804 worker=/its/home/mm2350/extra/Olympusv2/olympus/algorithms/ma_dreamer/worker.py scan=20ms target_cc=astraea single_flow=1 no_state_pipe=1
[sao-listener] cport=23805 worker=/its/home/mm2350/extra/Olympusv2/olympus/algorithms/ma_dreamer/worker.py scan=20ms target_cc=astraea single_flow=1 no_state_pipe=1
[sao-listener] cport=23806 worker=/its/home/mm2350/extra/Olympusv2/olympus/algorithms/ma_dreamer/worker.py scan=20ms target_cc=astraea single_flow=1 no_state_pipe=1
[worker cport=23600 agent=0] loaded checkpoint step=24571
[worker alg=ma_dreamer reward=tempest_fairness_ma cport=23600 agent=0 group=slot6_ep1 flow=1] started interval=20ms det=1 latent=8x8
[multi_ep_plot] saved -> /its/home/mm2350/extra/Olympusv2/benchmarks/benchmark_responsive_fairness/data/ma_dreamer_credit/5_flows/run45/ep000045_bw44_d63_n5.pdf  return=596807.4
[ep_plot] ep=45 -> /its/home/mm2350/extra/Olympusv2/benchmarks/benchmark_responsive_fairness/data/ma_dreamer_credit/5_flows/run45/ep000045_bw44_d63_n5.pdf  return=596807.3828125
[orch] ep=45 sum-of-agents return=596807.4
[responsive_fairness] slot=9 ma_dreamer_credit flows=7 run=5
[responsive_fairness] ma_dreamer_credit flows=5 run=45 done (145/200)
[slot=9] ep=5  flows=7  bw=89Mbps  delay=42ms  duration=345s  delays=[0.0, 7.5, 15.0, 22.5, 30.0, 37.5, 45.0]  lifetimes=[345.0, 337.5, 330.0, 322.5, 315.0, 307.5, 300.0]
[sao-listener] cport=23200 worker=/its/home/mm2350/extra/Olympusv2/olympus/algorithms/ma_dreamer/worker.py scan=20ms target_cc=astraea single_flow=1 no_state_pipe=1
[sao-listener] cport=23201 worker=/its/home/mm2350/extra/Olympusv2/olympus/algorithms/ma_dreamer/worker.py scan=20ms target_cc=astraea single_flow=1 no_state_pipe=1
[sao-listener] cport=23202 worker=/its/home/mm2350/extra/Olympusv2/olympus/algorithms/ma_dreamer/worker.py scan=20ms target_cc=astraea single_flow=1 no_state_pipe=1
[sao-listener] cport=23203 worker=/its/home/mm2350/extra/Olympusv2/olympus/algorithms/ma_dreamer/worker.py scan=20ms target_cc=astraea single_flow=1 no_state_pipe=1
[sao-listener] cport=23204 worker=/its/home/mm2350/extra/Olympusv2/olympus/algorithms/ma_dreamer/worker.py scan=20ms target_cc=astraea single_flow=1 no_state_pipe=1
[sao-listener] cport=23205 worker=/its/home/mm2350/extra/Olympusv2/olympus/algorithms/ma_dreamer/worker.py scan=20ms target_cc=astraea single_flow=1 no_state_pipe=1
[sao-listener] cport=23206 worker=/its/home/mm2350/extra/Olympusv2/olympus/algorithms/ma_dreamer/worker.py scan=20ms target_cc=astraea single_flow=1 no_state_pipe=1
[sao-listener] new flow 1 10.0.0.1:23400->10.0.0.8:5205 cc=astraea pid=814486 child=816018
[sao-listener] single-flow mode: attached worker; stopping ss scans
[sao-listener flow 1] cport=23400 cc=astraea worker active
[multi_ep_plot] saved -> /its/home/mm2350/extra/Olympusv2/benchmarks/benchmark_responsive_fairness/data/ma_dreamer_credit/5_flows/run46/ep000046_bw19_d61_n5.pdf  return=619783.9
[ep_plot] ep=46 -> /its/home/mm2350/extra/Olympusv2/benchmarks/benchmark_responsive_fairness/data/ma_dreamer_credit/5_flows/run46/ep000046_bw19_d61_n5.pdf  return=619783.8984375
[orch] ep=46 sum-of-agents return=619783.9
[responsive_fairness] slot=3 ma_dreamer_credit flows=7 run=6
[responsive_fairness] ma_dreamer_credit flows=5 run=46 done (146/200)
[slot=3] ep=6  flows=7  bw=83Mbps  delay=20ms  duration=345s  delays=[0.0, 7.5, 15.0, 22.5, 30.0, 37.5, 45.0]  lifetimes=[345.0, 337.5, 330.0, 322.5, 315.0, 307.5, 300.0]
[sao-listener] new flow 1 10.0.0.1:23800->10.0.0.8:5209 cc=astraea pid=814883 child=817160
[sao-listener] single-flow mode: attached worker; stopping ss scans
[sao-listener flow 1] cport=23800 cc=astraea worker active
[sao-listener] cport=23900 worker=/its/home/mm2350/extra/Olympusv2/olympus/algorithms/ma_dreamer/worker.py scan=20ms target_cc=astraea single_flow=1 no_state_pipe=1
[sao-listener] cport=23901 worker=/its/home/mm2350/extra/Olympusv2/olympus/algorithms/ma_dreamer/worker.py scan=20ms target_cc=astraea single_flow=1 no_state_pipe=1
[sao-listener] cport=23902 worker=/its/home/mm2350/extra/Olympusv2/olympus/algorithms/ma_dreamer/worker.py scan=20ms target_cc=astraea single_flow=1 no_state_pipe=1
[sao-listener] cport=23903 worker=/its/home/mm2350/extra/Olympusv2/olympus/algorithms/ma_dreamer/worker.py scan=20ms target_cc=astraea single_flow=1 no_state_pipe=1
[sao-listener] cport=23904 worker=/its/home/mm2350/extra/Olympusv2/olympus/algorithms/ma_dreamer/worker.py scan=20ms target_cc=astraea single_flow=1 no_state_pipe=1
[sao-listener] cport=23905 worker=/its/home/mm2350/extra/Olympusv2/olympus/algorithms/ma_dreamer/worker.py scan=20ms target_cc=astraea single_flow=1 no_state_pipe=1
[sao-listener] cport=23906 worker=/its/home/mm2350/extra/Olympusv2/olympus/algorithms/ma_dreamer/worker.py scan=20ms target_cc=astraea single_flow=1 no_state_pipe=1
[worker cport=23400 agent=0] loaded checkpoint step=24571
[worker alg=ma_dreamer reward=tempest_fairness_ma cport=23400 agent=0 group=slot4_ep2 flow=1] started interval=20ms det=1 latent=8x8
[worker cport=23800 agent=0] loaded checkpoint step=24571
[worker alg=ma_dreamer reward=tempest_fairness_ma cport=23800 agent=0 group=slot8_ep3 flow=1] started interval=20ms det=1 latent=8x8
[sao-listener] cport=23300 worker=/its/home/mm2350/extra/Olympusv2/olympus/algorithms/ma_dreamer/worker.py scan=20ms target_cc=astraea single_flow=1 no_state_pipe=1
[sao-listener] cport=23301 worker=/its/home/mm2350/extra/Olympusv2/olympus/algorithms/ma_dreamer/worker.py scan=20ms target_cc=astraea single_flow=1 no_state_pipe=1
[sao-listener] cport=23302 worker=/its/home/mm2350/extra/Olympusv2/olympus/algorithms/ma_dreamer/worker.py scan=20ms target_cc=astraea single_flow=1 no_state_pipe=1
[sao-listener] cport=23303 worker=/its/home/mm2350/extra/Olympusv2/olympus/algorithms/ma_dreamer/worker.py scan=20ms target_cc=astraea single_flow=1 no_state_pipe=1
[sao-listener] cport=23304 worker=/its/home/mm2350/extra/Olympusv2/olympus/algorithms/ma_dreamer/worker.py scan=20ms target_cc=astraea single_flow=1 no_state_pipe=1
[sao-listener] cport=23305 worker=/its/home/mm2350/extra/Olympusv2/olympus/algorithms/ma_dreamer/worker.py scan=20ms target_cc=astraea single_flow=1 no_state_pipe=1
[sao-listener] cport=23306 worker=/its/home/mm2350/extra/Olympusv2/olympus/algorithms/ma_dreamer/worker.py scan=20ms target_cc=astraea single_flow=1 no_state_pipe=1
[multi_ep_plot] saved -> /its/home/mm2350/extra/Olympusv2/benchmarks/benchmark_responsive_fairness/data/ma_dreamer_credit/5_flows/run47/ep000047_bw55_d18_n5.pdf  return=1241109.3
[ep_plot] ep=47 -> /its/home/mm2350/extra/Olympusv2/benchmarks/benchmark_responsive_fairness/data/ma_dreamer_credit/5_flows/run47/ep000047_bw55_d18_n5.pdf  return=1241109.28125
[orch] ep=47 sum-of-agents return=1241109.3
[responsive_fairness] slot=1 ma_dreamer_credit flows=7 run=7
[responsive_fairness] ma_dreamer_credit flows=5 run=47 done (147/200)
[slot=1] ep=7  flows=7  bw=51Mbps  delay=29ms  duration=345s  delays=[0.0, 7.5, 15.0, 22.5, 30.0, 37.5, 45.0]  lifetimes=[345.0, 337.5, 330.0, 322.5, 315.0, 307.5, 300.0]
[sao-listener] new flow 1 10.0.0.1:23200->10.0.0.8:5203 cc=astraea pid=816220 child=819660
[sao-listener] single-flow mode: attached worker; stopping ss scans
[sao-listener flow 1] cport=23200 cc=astraea worker active
[worker cport=23200 agent=0] loaded checkpoint step=24571
[worker alg=ma_dreamer reward=tempest_fairness_ma cport=23200 agent=0 group=slot2_ep4 flow=1] started interval=20ms det=1 latent=8x8
[sao-listener] cport=23100 worker=/its/home/mm2350/extra/Olympusv2/olympus/algorithms/ma_dreamer/worker.py scan=20ms target_cc=astraea single_flow=1 no_state_pipe=1
[sao-listener] cport=23101 worker=/its/home/mm2350/extra/Olympusv2/olympus/algorithms/ma_dreamer/worker.py scan=20ms target_cc=astraea single_flow=1 no_state_pipe=1
[sao-listener] cport=23102 worker=/its/home/mm2350/extra/Olympusv2/olympus/algorithms/ma_dreamer/worker.py scan=20ms target_cc=astraea single_flow=1 no_state_pipe=1
[sao-listener] cport=23103 worker=/its/home/mm2350/extra/Olympusv2/olympus/algorithms/ma_dreamer/worker.py scan=20ms target_cc=astraea single_flow=1 no_state_pipe=1
[sao-listener] cport=23104 worker=/its/home/mm2350/extra/Olympusv2/olympus/algorithms/ma_dreamer/worker.py scan=20ms target_cc=astraea single_flow=1 no_state_pipe=1
[sao-listener] cport=23105 worker=/its/home/mm2350/extra/Olympusv2/olympus/algorithms/ma_dreamer/worker.py scan=20ms target_cc=astraea single_flow=1 no_state_pipe=1
[sao-listener] cport=23106 worker=/its/home/mm2350/extra/Olympusv2/olympus/algorithms/ma_dreamer/worker.py scan=20ms target_cc=astraea single_flow=1 no_state_pipe=1
[sao-listener] new flow 1 10.0.0.1:23900->10.0.0.8:5210 cc=astraea pid=818062 child=821897
[sao-listener] single-flow mode: attached worker; stopping ss scans
[sao-listener flow 1] cport=23900 cc=astraea worker active
[multi_ep_plot] saved -> /its/home/mm2350/extra/Olympusv2/benchmarks/benchmark_responsive_fairness/data/ma_dreamer_credit/5_flows/run48/ep000048_bw80_d50_n5.pdf  return=1002317.8
[ep_plot] ep=48 -> /its/home/mm2350/extra/Olympusv2/benchmarks/benchmark_responsive_fairness/data/ma_dreamer_credit/5_flows/run48/ep000048_bw80_d50_n5.pdf  return=1002317.8125
[orch] ep=48 sum-of-agents return=1002317.8
[responsive_fairness] slot=5 ma_dreamer_credit flows=7 run=8
[responsive_fairness] ma_dreamer_credit flows=5 run=48 done (148/200)
[slot=5] ep=8  flows=7  bw=39Mbps  delay=57ms  duration=345s  delays=[0.0, 7.5, 15.0, 22.5, 30.0, 37.5, 45.0]  lifetimes=[345.0, 337.5, 330.0, 322.5, 315.0, 307.5, 300.0]
[worker cport=23900 agent=0] loaded checkpoint step=24571
[worker alg=ma_dreamer reward=tempest_fairness_ma cport=23900 agent=0 group=slot9_ep5 flow=1] started interval=20ms det=1 latent=8x8
[sao-listener] new flow 1 10.0.0.1:23300->10.0.0.8:5204 cc=astraea pid=819392 child=824004
[sao-listener] single-flow mode: attached worker; stopping ss scans
[sao-listener flow 1] cport=23300 cc=astraea worker active
[sao-listener] cport=23500 worker=/its/home/mm2350/extra/Olympusv2/olympus/algorithms/ma_dreamer/worker.py scan=20ms target_cc=astraea single_flow=1 no_state_pipe=1
[sao-listener] cport=23501 worker=/its/home/mm2350/extra/Olympusv2/olympus/algorithms/ma_dreamer/worker.py scan=20ms target_cc=astraea single_flow=1 no_state_pipe=1
[sao-listener] cport=23502 worker=/its/home/mm2350/extra/Olympusv2/olympus/algorithms/ma_dreamer/worker.py scan=20ms target_cc=astraea single_flow=1 no_state_pipe=1
[sao-listener] cport=23503 worker=/its/home/mm2350/extra/Olympusv2/olympus/algorithms/ma_dreamer/worker.py scan=20ms target_cc=astraea single_flow=1 no_state_pipe=1
[sao-listener] cport=23504 worker=/its/home/mm2350/extra/Olympusv2/olympus/algorithms/ma_dreamer/worker.py scan=20ms target_cc=astraea single_flow=1 no_state_pipe=1
[sao-listener] cport=23505 worker=/its/home/mm2350/extra/Olympusv2/olympus/algorithms/ma_dreamer/worker.py scan=20ms target_cc=astraea single_flow=1 no_state_pipe=1
[sao-listener] cport=23506 worker=/its/home/mm2350/extra/Olympusv2/olympus/algorithms/ma_dreamer/worker.py scan=20ms target_cc=astraea single_flow=1 no_state_pipe=1
[multi_ep_plot] saved -> /its/home/mm2350/extra/Olympusv2/benchmarks/benchmark_responsive_fairness/data/ma_dreamer_credit/5_flows/run49/ep000049_bw18_d54_n5.pdf  return=1469011.8
[ep_plot] ep=49 -> /its/home/mm2350/extra/Olympusv2/benchmarks/benchmark_responsive_fairness/data/ma_dreamer_credit/5_flows/run49/ep000049_bw18_d54_n5.pdf  return=1469011.75
[orch] ep=49 sum-of-agents return=1469011.8
[worker cport=23300 agent=0] loaded checkpoint step=24571
[worker alg=ma_dreamer reward=tempest_fairness_ma cport=23300 agent=0 group=slot3_ep6 flow=1] started interval=20ms det=1 latent=8x8
[responsive_fairness] slot=0 ma_dreamer_credit flows=7 run=9
[responsive_fairness] ma_dreamer_credit flows=5 run=49 done (149/200)
[slot=0] ep=9  flows=7  bw=69Mbps  delay=88ms  duration=345s  delays=[0.0, 7.5, 15.0, 22.5, 30.0, 37.5, 45.0]  lifetimes=[345.0, 337.5, 330.0, 322.5, 315.0, 307.5, 300.0]
[sao-listener] new flow 1 10.0.0.2:23601->10.0.0.9:5207 cc=astraea pid=822001 child=825386
[sao-listener flow 1] cport=23601 cc=astraea worker active
[sao-listener] single-flow mode: attached worker; stopping ss scans
[sao-listener] new flow 1 10.0.0.2:23401->10.0.0.9:5205 cc=astraea pid=823036 child=825914
[sao-listener] single-flow mode: attached worker; stopping ss scans
[sao-listener flow 1] cport=23401 cc=astraea worker active
[worker cport=23601 agent=1] loaded checkpoint step=24571
[worker alg=ma_dreamer reward=tempest_fairness_ma cport=23601 agent=1 group=slot6_ep1 flow=1] started interval=20ms det=1 latent=8x8
[sao-listener] new flow 1 10.0.0.2:23801->10.0.0.9:5209 cc=astraea pid=823650 child=826778
[sao-listener] single-flow mode: attached worker; stopping ss scans
[sao-listener flow 1] cport=23801 cc=astraea worker active
[sao-listener] new flow 1 10.0.0.1:23100->10.0.0.8:5202 cc=astraea pid=822072 child=826878
[sao-listener] single-flow mode: attached worker; stopping ss scans
[sao-listener flow 1] cport=23100 cc=astraea worker active
[sao-listener] new flow 1 10.0.0.2:23901->10.0.0.9:5210 cc=astraea pid=826071 child=827390
[sao-listener] single-flow mode: attached worker; stopping ss scans
[sao-listener flow 1] cport=23901 cc=astraea worker active
[worker cport=23401 agent=1] loaded checkpoint step=24571
[worker alg=ma_dreamer reward=tempest_fairness_ma cport=23401 agent=1 group=slot4_ep2 flow=1] started interval=20ms det=1 latent=8x8
[sao-listener] cport=23000 worker=/its/home/mm2350/extra/Olympusv2/olympus/algorithms/ma_dreamer/worker.py scan=20ms target_cc=astraea single_flow=1 no_state_pipe=1
[sao-listener] cport=23001 worker=/its/home/mm2350/extra/Olympusv2/olympus/algorithms/ma_dreamer/worker.py scan=20ms target_cc=astraea single_flow=1 no_state_pipe=1
[sao-listener] cport=23002 worker=/its/home/mm2350/extra/Olympusv2/olympus/algorithms/ma_dreamer/worker.py scan=20ms target_cc=astraea single_flow=1 no_state_pipe=1
[sao-listener] cport=23003 worker=/its/home/mm2350/extra/Olympusv2/olympus/algorithms/ma_dreamer/worker.py scan=20ms target_cc=astraea single_flow=1 no_state_pipe=1
[sao-listener] cport=23004 worker=/its/home/mm2350/extra/Olympusv2/olympus/algorithms/ma_dreamer/worker.py scan=20ms target_cc=astraea single_flow=1 no_state_pipe=1
[sao-listener] cport=23005 worker=/its/home/mm2350/extra/Olympusv2/olympus/algorithms/ma_dreamer/worker.py scan=20ms target_cc=astraea single_flow=1 no_state_pipe=1
[sao-listener] cport=23006 worker=/its/home/mm2350/extra/Olympusv2/olympus/algorithms/ma_dreamer/worker.py scan=20ms target_cc=astraea single_flow=1 no_state_pipe=1
[multi_ep_plot] saved -> /its/home/mm2350/extra/Olympusv2/benchmarks/benchmark_responsive_fairness/data/ma_dreamer_credit/5_flows/run50/ep000050_bw73_d44_n5.pdf  return=1218783.0
[ep_plot] ep=50 -> /its/home/mm2350/extra/Olympusv2/benchmarks/benchmark_responsive_fairness/data/ma_dreamer_credit/5_flows/run50/ep000050_bw73_d44_n5.pdf  return=1218783.0
[orch] ep=50 sum-of-agents return=1218783.0
[responsive_fairness] slot=7 ma_dreamer_credit flows=7 run=10
[responsive_fairness] ma_dreamer_credit flows=5 run=50 done (150/200)
[slot=7] ep=10  flows=7  bw=83Mbps  delay=14ms  duration=345s  delays=[0.0, 7.5, 15.0, 22.5, 30.0, 37.5, 45.0]  lifetimes=[345.0, 337.5, 330.0, 322.5, 315.0, 307.5, 300.0]
[worker cport=23801 agent=1] loaded checkpoint step=24571
[worker cport=23100 agent=0] loaded checkpoint step=24571
[worker alg=ma_dreamer reward=tempest_fairness_ma cport=23801 agent=1 group=slot8_ep3 flow=1] started interval=20ms det=1 latent=8x8
[worker alg=ma_dreamer reward=tempest_fairness_ma cport=23100 agent=0 group=slot1_ep7 flow=1] started interval=20ms det=1 latent=8x8
[worker cport=23901 agent=1] loaded checkpoint step=24571
[worker alg=ma_dreamer reward=tempest_fairness_ma cport=23901 agent=1 group=slot9_ep5 flow=1] started interval=20ms det=1 latent=8x8
[orch] link change t=15.0s bw=18 delay=42
[sao-listener] new flow 1 10.0.0.2:23301->10.0.0.9:5204 cc=astraea pid=827206 child=830005
[sao-listener] single-flow mode: attached worker; stopping ss scans
[sao-listener flow 1] cport=23301 cc=astraea worker active
[orch] link change t=15.1s bw=20 delay=56
[sao-listener] new flow 1 10.0.0.1:23500->10.0.0.8:5206 cc=astraea pid=824762 child=830913
[sao-listener] single-flow mode: attached worker; stopping ss scans
[sao-listener flow 1] cport=23500 cc=astraea worker active
[sao-listener] cport=23700 worker=/its/home/mm2350/extra/Olympusv2/olympus/algorithms/ma_dreamer/worker.py scan=20ms target_cc=astraea single_flow=1 no_state_pipe=1
[sao-listener] cport=23701 worker=/its/home/mm2350/extra/Olympusv2/olympus/algorithms/ma_dreamer/worker.py scan=20ms target_cc=astraea single_flow=1 no_state_pipe=1
[orch] link change t=15.1s bw=79 delay=26
[sao-listener] cport=23702 worker=/its/home/mm2350/extra/Olympusv2/olympus/algorithms/ma_dreamer/worker.py scan=20ms target_cc=astraea single_flow=1 no_state_pipe=1
[sao-listener] cport=23703 worker=/its/home/mm2350/extra/Olympusv2/olympus/algorithms/ma_dreamer/worker.py scan=20ms target_cc=astraea single_flow=1 no_state_pipe=1
[sao-listener] cport=23704 worker=/its/home/mm2350/extra/Olympusv2/olympus/algorithms/ma_dreamer/worker.py scan=20ms target_cc=astraea single_flow=1 no_state_pipe=1
[sao-listener] cport=23705 worker=/its/home/mm2350/extra/Olympusv2/olympus/algorithms/ma_dreamer/worker.py scan=20ms target_cc=astraea single_flow=1 no_state_pipe=1
[sao-listener] cport=23706 worker=/its/home/mm2350/extra/Olympusv2/olympus/algorithms/ma_dreamer/worker.py scan=20ms target_cc=astraea single_flow=1 no_state_pipe=1
[sao-listener] new flow 1 10.0.0.2:23201->10.0.0.9:5203 cc=astraea pid=824863 child=831444
[sao-listener] single-flow mode: attached worker; stopping ss scans
[sao-listener flow 1] cport=23201 cc=astraea worker active
[worker cport=23301 agent=1] loaded checkpoint step=24571
[worker alg=ma_dreamer reward=tempest_fairness_ma cport=23301 agent=1 group=slot3_ep6 flow=1] started interval=20ms det=1 latent=8x8
[orch] link change t=15.0s bw=23 delay=60
[worker cport=23500 agent=0] loaded checkpoint step=24571
[worker alg=ma_dreamer reward=tempest_fairness_ma cport=23500 agent=0 group=slot5_ep8 flow=1] started interval=20ms det=1 latent=8x8
[worker cport=23201 agent=1] loaded checkpoint step=24571
[worker alg=ma_dreamer reward=tempest_fairness_ma cport=23201 agent=1 group=slot2_ep4 flow=1] started interval=20ms det=1 latent=8x8
[orch] link change t=15.1s bw=55 delay=98
[sao-listener] new flow 1 10.0.0.3:23402->10.0.0.10:5205 cc=astraea pid=831183 child=833480
[sao-listener] single-flow mode: attached worker; stopping ss scans
[sao-listener flow 1] cport=23402 cc=astraea worker active
[sao-listener] new flow 1 10.0.0.2:23101->10.0.0.9:5202 cc=astraea pid=829908 child=833789
[sao-listener] single-flow mode: attached worker; stopping ss scans
[sao-listener flow 1] cport=23101 cc=astraea worker active
[sao-listener] new flow 1 10.0.0.3:23602->10.0.0.10:5207 cc=astraea pid=829832 child=834013
[sao-listener] single-flow mode: attached worker; stopping ss scans
[sao-listener flow 1] cport=23602 cc=astraea worker active
[orch] link change t=15.0s bw=72 delay=43
[sao-listener] new flow 1 10.0.0.3:23802->10.0.0.10:5209 cc=astraea pid=831742 child=834545
[sao-listener] single-flow mode: attached worker; stopping ss scans
[sao-listener flow 1] cport=23802 cc=astraea worker active
[worker cport=23402 agent=2] loaded checkpoint step=24571
[worker alg=ma_dreamer reward=tempest_fairness_ma cport=23402 agent=2 group=slot4_ep2 flow=1] started interval=20ms det=1 latent=8x8
[worker cport=23101 agent=1] loaded checkpoint step=24571
[worker alg=ma_dreamer reward=tempest_fairness_ma cport=23101 agent=1 group=slot1_ep7 flow=1] started interval=20ms det=1 latent=8x8
[sao-listener] new flow 1 10.0.0.3:23902->10.0.0.10:5210 cc=astraea pid=833874 child=835421
[sao-listener] single-flow mode: attached worker; stopping ss scans
[sao-listener flow 1] cport=23902 cc=astraea worker active
[sao-listener] new flow 1 10.0.0.1:23000->10.0.0.8:5201 cc=astraea pid=828801 child=835439
[sao-listener] single-flow mode: attached worker; stopping ss scans
[sao-listener flow 1] cport=23000 cc=astraea worker active
[worker cport=23602 agent=2] loaded checkpoint step=24571
[worker alg=ma_dreamer reward=tempest_fairness_ma cport=23602 agent=2 group=slot6_ep1 flow=1] started interval=20ms det=1 latent=8x8
[worker cport=23802 agent=2] loaded checkpoint step=24571
[worker alg=ma_dreamer reward=tempest_fairness_ma cport=23802 agent=2 group=slot8_ep3 flow=1] started interval=20ms det=1 latent=8x8
[orch] link change t=15.0s bw=60 delay=93
[worker cport=23902 agent=2] loaded checkpoint step=24571
[worker alg=ma_dreamer reward=tempest_fairness_ma cport=23902 agent=2 group=slot9_ep5 flow=1] started interval=20ms det=1 latent=8x8
[worker cport=23000 agent=0] loaded checkpoint step=24571
[worker alg=ma_dreamer reward=tempest_fairness_ma cport=23000 agent=0 group=slot0_ep9 flow=1] started interval=20ms det=1 latent=8x8
[sao-listener] new flow 1 10.0.0.3:23302->10.0.0.10:5204 cc=astraea pid=834820 child=838087
[sao-listener] single-flow mode: attached worker; stopping ss scans
[sao-listener flow 1] cport=23302 cc=astraea worker active
[sao-listener] new flow 1 10.0.0.2:23501->10.0.0.9:5206 cc=astraea pid=832605 child=838257
[sao-listener] single-flow mode: attached worker; stopping ss scans
[sao-listener flow 1] cport=23501 cc=astraea worker active
[sao-listener] new flow 1 10.0.0.1:23700->10.0.0.8:5208 cc=astraea pid=831826 child=838771
[sao-listener] single-flow mode: attached worker; stopping ss scans
[sao-listener flow 1] cport=23700 cc=astraea worker active
[orch] link change t=15.0s bw=58 delay=26
[worker cport=23302 agent=2] loaded checkpoint step=24571
[worker alg=ma_dreamer reward=tempest_fairness_ma cport=23302 agent=2 group=slot3_ep6 flow=1] started interval=20ms det=1 latent=8x8
[worker cport=23501 agent=1] loaded checkpoint step=24571
[worker alg=ma_dreamer reward=tempest_fairness_ma cport=23501 agent=1 group=slot5_ep8 flow=1] started interval=20ms det=1 latent=8x8
[sao-listener] new flow 1 10.0.0.3:23202->10.0.0.10:5203 cc=astraea pid=832741 child=839588
[sao-listener] single-flow mode: attached worker; stopping ss scans
[sao-listener flow 1] cport=23202 cc=astraea worker active
[worker cport=23700 agent=0] loaded checkpoint step=24571
[worker alg=ma_dreamer reward=tempest_fairness_ma cport=23700 agent=0 group=slot7_ep10 flow=1] started interval=20ms det=1 latent=8x8
[worker cport=23202 agent=2] loaded checkpoint step=24571
[worker alg=ma_dreamer reward=tempest_fairness_ma cport=23202 agent=2 group=slot2_ep4 flow=1] started interval=20ms det=1 latent=8x8
[sao-listener] new flow 1 10.0.0.4:23403->10.0.0.11:5205 cc=astraea pid=838188 child=841436
[sao-listener] single-flow mode: attached worker; stopping ss scans
[sao-listener flow 1] cport=23403 cc=astraea worker active
[sao-listener] new flow 1 10.0.0.4:23603->10.0.0.11:5207 cc=astraea pid=837204 child=841733
[sao-listener] single-flow mode: attached worker; stopping ss scans
[sao-listener flow 1] cport=23603 cc=astraea worker active
[sao-listener] new flow 1 10.0.0.3:23102->10.0.0.10:5202 cc=astraea pid=837256 child=841972
[sao-listener] single-flow mode: attached worker; stopping ss scans
[sao-listener flow 1] cport=23102 cc=astraea worker active
[orch] link change t=15.0s bw=57 delay=44
[sao-listener] new flow 1 10.0.0.2:23001->10.0.0.9:5201 cc=astraea pid=836178 child=842464
[sao-listener] single-flow mode: attached worker; stopping ss scans
[sao-listener flow 1] cport=23001 cc=astraea worker active
[worker cport=23403 agent=3] loaded checkpoint step=24571
[worker alg=ma_dreamer reward=tempest_fairness_ma cport=23403 agent=3 group=slot4_ep2 flow=1] started interval=20ms det=1 latent=8x8
[sao-listener] new flow 1 10.0.0.4:23803->10.0.0.11:5209 cc=astraea pid=838611 child=842609
[sao-listener] single-flow mode: attached worker; stopping ss scans
[sao-listener flow 1] cport=23803 cc=astraea worker active
[sao-listener] new flow 1 10.0.0.4:23903->10.0.0.11:5210 cc=astraea pid=840837 child=842768
[sao-listener] single-flow mode: attached worker; stopping ss scans
[sao-listener flow 1] cport=23903 cc=astraea worker active
[worker cport=23603 agent=3] loaded checkpoint step=24571
[worker alg=ma_dreamer reward=tempest_fairness_ma cport=23603 agent=3 group=slot6_ep1 flow=1] started interval=20ms det=1 latent=8x8
[worker cport=23102 agent=2] loaded checkpoint step=24571
[worker alg=ma_dreamer reward=tempest_fairness_ma cport=23102 agent=2 group=slot1_ep7 flow=1] started interval=20ms det=1 latent=8x8
[orch] link change t=30.0s bw=25 delay=73
[worker cport=23001 agent=1] loaded checkpoint step=24571
[worker alg=ma_dreamer reward=tempest_fairness_ma cport=23001 agent=1 group=slot0_ep9 flow=1] started interval=20ms det=1 latent=8x8
[worker cport=23803 agent=3] loaded checkpoint step=24571
[worker alg=ma_dreamer reward=tempest_fairness_ma cport=23803 agent=3 group=slot8_ep3 flow=1] started interval=20ms det=1 latent=8x8
[worker cport=23903 agent=3] loaded checkpoint step=24571
[worker alg=ma_dreamer reward=tempest_fairness_ma cport=23903 agent=3 group=slot9_ep5 flow=1] started interval=20ms det=1 latent=8x8
[orch] link change t=30.0s bw=31 delay=95
[orch] link change t=15.0s bw=64 delay=71
[orch] link change t=30.0s bw=57 delay=87
[sao-listener] new flow 1 10.0.0.4:23303->10.0.0.11:5204 cc=astraea pid=841720 child=845398
[sao-listener] single-flow mode: attached worker; stopping ss scans
[sao-listener flow 1] cport=23303 cc=astraea worker active
[sao-listener] new flow 1 10.0.0.3:23502->10.0.0.10:5206 cc=astraea pid=839581 child=845409
[sao-listener] single-flow mode: attached worker; stopping ss scans
[sao-listener flow 1] cport=23502 cc=astraea worker active
[orch] link change t=30.0s bw=71 delay=29
[sao-listener] new flow 1 10.0.0.2:23701->10.0.0.9:5208 cc=astraea pid=838689 child=845700
[sao-listener] single-flow mode: attached worker; stopping ss scans
[sao-listener flow 1] cport=23701 cc=astraea worker active
[sao-listener] new flow 1 10.0.0.3:23702->10.0.0.10:5208 cc=astraea pid=845238 child=845880
[sao-listener] single-flow mode: attached worker; stopping ss scans
[sao-listener flow 1] cport=23702 cc=astraea worker active
[worker cport=23303 agent=3] loaded checkpoint step=24571
[worker alg=ma_dreamer reward=tempest_fairness_ma cport=23303 agent=3 group=slot3_ep6 flow=1] started interval=20ms det=1 latent=8x8
[worker cport=23502 agent=2] loaded checkpoint step=24571
[worker alg=ma_dreamer reward=tempest_fairness_ma cport=23502 agent=2 group=slot5_ep8 flow=1] started interval=20ms det=1 latent=8x8
[sao-listener] new flow 1 10.0.0.5:23204->10.0.0.12:5203 cc=astraea pid=846119 child=846612
[sao-listener] single-flow mode: attached worker; stopping ss scans
[sao-listener flow 1] cport=23204 cc=astraea worker active
[sao-listener] new flow 1 10.0.0.4:23203->10.0.0.11:5203 cc=astraea pid=839691 child=846745
[sao-listener] single-flow mode: attached worker; stopping ss scans
[sao-listener flow 1] cport=23203 cc=astraea worker active
[orch] link change t=30.1s bw=93 delay=77
[worker cport=23701 agent=1] loaded checkpoint step=24571
[worker alg=ma_dreamer reward=tempest_fairness_ma cport=23701 agent=1 group=slot7_ep10 flow=1] started interval=20ms det=1 latent=8x8
[worker cport=23702 agent=2] loaded checkpoint step=24571
[worker alg=ma_dreamer reward=tempest_fairness_ma cport=23702 agent=2 group=slot7_ep10 flow=1] started interval=20ms det=1 latent=8x8
[worker cport=23204 agent=4] loaded checkpoint step=24571
[worker alg=ma_dreamer reward=tempest_fairness_ma cport=23204 agent=4 group=slot2_ep4 flow=1] started interval=20ms det=1 latent=8x8
[orch] link change t=30.0s bw=14 delay=10
[worker cport=23203 agent=3] loaded checkpoint step=24571
[worker alg=ma_dreamer reward=tempest_fairness_ma cport=23203 agent=3 group=slot2_ep4 flow=1] started interval=20ms det=1 latent=8x8
[sao-listener] new flow 1 10.0.0.4:23103->10.0.0.11:5202 cc=astraea pid=843951 child=848267
[sao-listener] single-flow mode: attached worker; stopping ss scans
[sao-listener flow 1] cport=23103 cc=astraea worker active
[sao-listener] new flow 1 10.0.0.5:23404->10.0.0.12:5205 cc=astraea pid=844799 child=848704
[sao-listener] single-flow mode: attached worker; stopping ss scans
[sao-listener flow 1] cport=23404 cc=astraea worker active
[sao-listener] new flow 1 10.0.0.5:23604->10.0.0.12:5207 cc=astraea pid=843901 child=848886
[sao-listener] single-flow mode: attached worker; stopping ss scans
[sao-listener flow 1] cport=23604 cc=astraea worker active
[sao-listener] new flow 1 10.0.0.3:23002->10.0.0.10:5201 cc=astraea pid=842948 child=849014
[sao-listener] single-flow mode: attached worker; stopping ss scans
[sao-listener flow 1] cport=23002 cc=astraea worker active
[worker cport=23103 agent=3] loaded checkpoint step=24571
[worker alg=ma_dreamer reward=tempest_fairness_ma cport=23103 agent=3 group=slot1_ep7 flow=1] started interval=20ms det=1 latent=8x8
[sao-listener] new flow 1 10.0.0.5:23804->10.0.0.12:5209 cc=astraea pid=845145 child=849270
[sao-listener] single-flow mode: attached worker; stopping ss scans
[sao-listener flow 1] cport=23804 cc=astraea worker active
[sao-listener] new flow 1 10.0.0.5:23904->10.0.0.12:5210 cc=astraea pid=847324 child=849400
[sao-listener] single-flow mode: attached worker; stopping ss scans
[sao-listener flow 1] cport=23904 cc=astraea worker active
[orch] link change t=30.0s bw=16 delay=19
[worker cport=23404 agent=4] loaded checkpoint step=24571
[worker alg=ma_dreamer reward=tempest_fairness_ma cport=23404 agent=4 group=slot4_ep2 flow=1] started interval=20ms det=1 latent=8x8
[worker cport=23604 agent=4] loaded checkpoint step=24571
[worker alg=ma_dreamer reward=tempest_fairness_ma cport=23604 agent=4 group=slot6_ep1 flow=1] started interval=20ms det=1 latent=8x8
[worker cport=23002 agent=2] loaded checkpoint step=24571
[worker alg=ma_dreamer reward=tempest_fairness_ma cport=23002 agent=2 group=slot0_ep9 flow=1] started interval=20ms det=1 latent=8x8
[worker cport=23804 agent=4] loaded checkpoint step=24571
[worker alg=ma_dreamer reward=tempest_fairness_ma cport=23804 agent=4 group=slot8_ep3 flow=1] started interval=20ms det=1 latent=8x8
[worker cport=23904 agent=4] loaded checkpoint step=24571
[worker alg=ma_dreamer reward=tempest_fairness_ma cport=23904 agent=4 group=slot9_ep5 flow=1] started interval=20ms det=1 latent=8x8
[sao-listener] new flow 1 10.0.0.5:23304->10.0.0.12:5204 cc=astraea pid=848168 child=851261
[sao-listener] single-flow mode: attached worker; stopping ss scans
[sao-listener flow 1] cport=23304 cc=astraea worker active
[orch] link change t=30.0s bw=34 delay=100
[sao-listener] new flow 1 10.0.0.4:23503->10.0.0.11:5206 cc=astraea pid=846047 child=851459
[sao-listener] single-flow mode: attached worker; stopping ss scans
[sao-listener flow 1] cport=23503 cc=astraea worker active
[sao-listener] new flow 1 10.0.0.4:23703->10.0.0.11:5208 cc=astraea pid=851246 child=851606
[sao-listener] single-flow mode: attached worker; stopping ss scans
[sao-listener flow 1] cport=23703 cc=astraea worker active
[worker cport=23304 agent=4] loaded checkpoint step=24571
[worker alg=ma_dreamer reward=tempest_fairness_ma cport=23304 agent=4 group=slot3_ep6 flow=1] started interval=20ms det=1 latent=8x8
[worker cport=23503 agent=3] loaded checkpoint step=24571
[worker alg=ma_dreamer reward=tempest_fairness_ma cport=23503 agent=3 group=slot5_ep8 flow=1] started interval=20ms det=1 latent=8x8
[worker cport=23703 agent=3] loaded checkpoint step=24571
[worker alg=ma_dreamer reward=tempest_fairness_ma cport=23703 agent=3 group=slot7_ep10 flow=1] started interval=20ms det=1 latent=8x8
[sao-listener] new flow 1 10.0.0.5:23104->10.0.0.12:5202 cc=astraea pid=850172 child=853205
[sao-listener] single-flow mode: attached worker; stopping ss scans
[sao-listener flow 1] cport=23104 cc=astraea worker active
[sao-listener] new flow 1 10.0.0.6:23605->10.0.0.13:5207 cc=astraea pid=850132 child=853501
[sao-listener] single-flow mode: attached worker; stopping ss scans
[sao-listener flow 1] cport=23605 cc=astraea worker active
[sao-listener] new flow 1 10.0.0.6:23405->10.0.0.13:5205 cc=astraea pid=850883 child=853622
[sao-listener] single-flow mode: attached worker; stopping ss scans
[sao-listener flow 1] cport=23405 cc=astraea worker active
[sao-listener] new flow 1 10.0.0.6:23905->10.0.0.13:5210 cc=astraea pid=852786 child=853725
[sao-listener] single-flow mode: attached worker; stopping ss scans
[sao-listener flow 1] cport=23905 cc=astraea worker active
[orch] link change t=30.0s bw=27 delay=33
[sao-listener] new flow 1 10.0.0.4:23003->10.0.0.11:5201 cc=astraea pid=849244 child=853943
[sao-listener] single-flow mode: attached worker; stopping ss scans
[sao-listener flow 1] cport=23003 cc=astraea worker active
[worker cport=23104 agent=4] loaded checkpoint step=24571
[worker alg=ma_dreamer reward=tempest_fairness_ma cport=23104 agent=4 group=slot1_ep7 flow=1] started interval=20ms det=1 latent=8x8
[sao-listener] new flow 1 10.0.0.6:23805->10.0.0.13:5209 cc=astraea pid=851169 child=854027
[sao-listener] single-flow mode: attached worker; stopping ss scans
[sao-listener flow 1] cport=23805 cc=astraea worker active
[worker cport=23605 agent=5] loaded checkpoint step=24571
[worker alg=ma_dreamer reward=tempest_fairness_ma cport=23605 agent=5 group=slot6_ep1 flow=1] started interval=20ms det=1 latent=8x8
[worker cport=23405 agent=5] loaded checkpoint step=24571
[worker alg=ma_dreamer reward=tempest_fairness_ma cport=23405 agent=5 group=slot4_ep2 flow=1] started interval=20ms det=1 latent=8x8
[worker cport=23905 agent=5] loaded checkpoint step=24571
[worker alg=ma_dreamer reward=tempest_fairness_ma cport=23905 agent=5 group=slot9_ep5 flow=1] started interval=20ms det=1 latent=8x8
[worker cport=23003 agent=3] loaded checkpoint step=24571
[worker alg=ma_dreamer reward=tempest_fairness_ma cport=23003 agent=3 group=slot0_ep9 flow=1] started interval=20ms det=1 latent=8x8
[orch] link change t=45.0s bw=67 delay=70
[worker cport=23805 agent=5] loaded checkpoint step=24571
[worker alg=ma_dreamer reward=tempest_fairness_ma cport=23805 agent=5 group=slot8_ep3 flow=1] started interval=20ms det=1 latent=8x8
[sao-listener] new flow 1 10.0.0.6:23305->10.0.0.13:5204 cc=astraea pid=853407 child=855113
[sao-listener] single-flow mode: attached worker; stopping ss scans
[sao-listener flow 1] cport=23305 cc=astraea worker active
[orch] link change t=45.0s bw=49 delay=42
[orch] link change t=30.0s bw=83 delay=11
[orch] link change t=45.0s bw=70 delay=90
[sao-listener] new flow 1 10.0.0.5:23504->10.0.0.12:5206 cc=astraea pid=851878 child=855434
[sao-listener] single-flow mode: attached worker; stopping ss scans
[sao-listener flow 1] cport=23504 cc=astraea worker active
[worker cport=23305 agent=5] loaded checkpoint step=24571
[worker alg=ma_dreamer reward=tempest_fairness_ma cport=23305 agent=5 group=slot3_ep6 flow=1] started interval=20ms det=1 latent=8x8
[worker cport=23504 agent=4] loaded checkpoint step=24571
[worker alg=ma_dreamer reward=tempest_fairness_ma cport=23504 agent=4 group=slot5_ep8 flow=1] started interval=20ms det=1 latent=8x8
[sao-listener] new flow 1 10.0.0.6:23205->10.0.0.13:5203 cc=astraea pid=851980 child=855935
[sao-listener] single-flow mode: attached worker; stopping ss scans
[sao-listener flow 1] cport=23205 cc=astraea worker active
[orch] link change t=45.0s bw=21 delay=18
[worker cport=23205 agent=5] loaded checkpoint step=24571
[worker alg=ma_dreamer reward=tempest_fairness_ma cport=23205 agent=5 group=slot2_ep4 flow=1] started interval=20ms det=1 latent=8x8
[sao-listener] new flow 1 10.0.0.6:23105->10.0.0.13:5202 cc=astraea pid=854989 child=856471
[sao-listener] single-flow mode: attached worker; stopping ss scans
[sao-listener flow 1] cport=23105 cc=astraea worker active
[orch] link change t=45.0s bw=13 delay=69
[worker cport=23105 agent=5] loaded checkpoint step=24571
[worker alg=ma_dreamer reward=tempest_fairness_ma cport=23105 agent=5 group=slot1_ep7 flow=1] started interval=20ms det=1 latent=8x8
[orch] link change t=45.0s bw=28 delay=94
[sao-listener] new flow 1 10.0.0.7:23406->10.0.0.14:5205 cc=astraea pid=855528 child=856987
[sao-listener] single-flow mode: attached worker; stopping ss scans
[sao-listener flow 1] cport=23406 cc=astraea worker active
[sao-listener] new flow 1 10.0.0.7:23606->10.0.0.14:5207 cc=astraea pid=854959 child=857131
[sao-listener] single-flow mode: attached worker; stopping ss scans
[sao-listener flow 1] cport=23606 cc=astraea worker active
[sao-listener] new flow 1 10.0.0.5:23004->10.0.0.12:5201 cc=astraea pid=854375 child=857191
[sao-listener] single-flow mode: attached worker; stopping ss scans
[sao-listener flow 1] cport=23004 cc=astraea worker active
[worker cport=23406 agent=6] loaded checkpoint step=24571
[worker alg=ma_dreamer reward=tempest_fairness_ma cport=23406 agent=6 group=slot4_ep2 flow=1] started interval=20ms det=1 latent=8x8
[sao-listener] new flow 1 10.0.0.7:23806->10.0.0.14:5209 cc=astraea pid=855725 child=857484
[sao-listener] single-flow mode: attached worker; stopping ss scans
[sao-listener flow 1] cport=23806 cc=astraea worker active
[worker cport=23606 agent=6] loaded checkpoint step=24571
[worker alg=ma_dreamer reward=tempest_fairness_ma cport=23606 agent=6 group=slot6_ep1 flow=1] started interval=20ms det=1 latent=8x8
[worker cport=23004 agent=4] loaded checkpoint step=24571
[worker alg=ma_dreamer reward=tempest_fairness_ma cport=23004 agent=4 group=slot0_ep9 flow=1] started interval=20ms det=1 latent=8x8
[sao-listener] new flow 1 10.0.0.7:23906->10.0.0.14:5210 cc=astraea pid=856785 child=857719
[sao-listener] single-flow mode: attached worker; stopping ss scans
[sao-listener flow 1] cport=23906 cc=astraea worker active
[worker cport=23806 agent=6] loaded checkpoint step=24571
[worker alg=ma_dreamer reward=tempest_fairness_ma cport=23806 agent=6 group=slot8_ep3 flow=1] started interval=20ms det=1 latent=8x8
[orch] link change t=45.0s bw=78 delay=22
[worker cport=23906 agent=6] loaded checkpoint step=24571
[worker alg=ma_dreamer reward=tempest_fairness_ma cport=23906 agent=6 group=slot9_ep5 flow=1] started interval=20ms det=1 latent=8x8
[sao-listener] new flow 1 10.0.0.6:23505->10.0.0.13:5206 cc=astraea pid=856198 child=858181
[sao-listener] single-flow mode: attached worker; stopping ss scans
[sao-listener flow 1] cport=23505 cc=astraea worker active
[sao-listener] new flow 1 10.0.0.7:23306->10.0.0.14:5204 cc=astraea pid=857298 child=858185
[sao-listener] single-flow mode: attached worker; stopping ss scans
[sao-listener flow 1] cport=23306 cc=astraea worker active
[sao-listener] new flow 1 10.0.0.5:23704->10.0.0.12:5208 cc=astraea pid=855771 child=858386
[sao-listener] single-flow mode: attached worker; stopping ss scans
[sao-listener flow 1] cport=23704 cc=astraea worker active
[worker cport=23505 agent=5] loaded checkpoint step=24571
[worker alg=ma_dreamer reward=tempest_fairness_ma cport=23505 agent=5 group=slot5_ep8 flow=1] started interval=20ms det=1 latent=8x8
[worker cport=23306 agent=6] loaded checkpoint step=24571
[worker alg=ma_dreamer reward=tempest_fairness_ma cport=23306 agent=6 group=slot3_ep6 flow=1] started interval=20ms det=1 latent=8x8
[sao-listener] new flow 1 10.0.0.7:23206->10.0.0.14:5203 cc=astraea pid=856240 child=858642
[sao-listener] single-flow mode: attached worker; stopping ss scans
[sao-listener flow 1] cport=23206 cc=astraea worker active
[worker cport=23704 agent=4] loaded checkpoint step=24571
[worker alg=ma_dreamer reward=tempest_fairness_ma cport=23704 agent=4 group=slot7_ep10 flow=1] started interval=20ms det=1 latent=8x8
[orch] link change t=45.0s bw=15 delay=20
[worker cport=23206 agent=6] loaded checkpoint step=24571
[worker alg=ma_dreamer reward=tempest_fairness_ma cport=23206 agent=6 group=slot2_ep4 flow=1] started interval=20ms det=1 latent=8x8
[sao-listener] new flow 1 10.0.0.7:23106->10.0.0.14:5202 cc=astraea pid=858298 child=859139
[sao-listener] new flow 1 10.0.0.6:23005->10.0.0.13:5201 cc=astraea pid=857857 child=859140
[sao-listener] single-flow mode: attached worker; stopping ss scans
[sao-listener flow 1] cport=23106 cc=astraea worker active
[sao-listener] single-flow mode: attached worker; stopping ss scans
[sao-listener flow 1] cport=23005 cc=astraea worker active
[worker cport=23005 agent=5] loaded checkpoint step=24571
[worker alg=ma_dreamer reward=tempest_fairness_ma cport=23005 agent=5 group=slot0_ep9 flow=1] started interval=20ms det=1 latent=8x8
[worker cport=23106 agent=6] loaded checkpoint step=24571
[worker alg=ma_dreamer reward=tempest_fairness_ma cport=23106 agent=6 group=slot1_ep7 flow=1] started interval=20ms det=1 latent=8x8
[orch] link change t=45.0s bw=96 delay=10
[sao-listener] new flow 1 10.0.0.7:23506->10.0.0.14:5206 cc=astraea pid=858969 child=859599
[sao-listener] single-flow mode: attached worker; stopping ss scans
[sao-listener flow 1] cport=23506 cc=astraea worker active
[orch] link change t=60.0s bw=93 delay=58
[sao-listener] new flow 1 10.0.0.6:23705->10.0.0.13:5208 cc=astraea pid=858796 child=859682
[sao-listener] single-flow mode: attached worker; stopping ss scans
[sao-listener flow 1] cport=23705 cc=astraea worker active
[worker cport=23506 agent=6] loaded checkpoint step=24571
[worker alg=ma_dreamer reward=tempest_fairness_ma cport=23506 agent=6 group=slot5_ep8 flow=1] started interval=20ms det=1 latent=8x8
[orch] link change t=60.0s bw=87 delay=37
[worker cport=23705 agent=5] loaded checkpoint step=24571
[worker alg=ma_dreamer reward=tempest_fairness_ma cport=23705 agent=5 group=slot7_ep10 flow=1] started interval=20ms det=1 latent=8x8
[orch] link change t=45.0s bw=36 delay=69
[orch] link change t=60.0s bw=84 delay=18
[orch] link change t=60.0s bw=12 delay=61
[sao-listener] new flow 1 10.0.0.7:23006->10.0.0.14:5201 cc=astraea pid=859566 child=859975
[sao-listener] single-flow mode: attached worker; stopping ss scans
[sao-listener flow 1] cport=23006 cc=astraea worker active
[orch] link change t=60.0s bw=41 delay=93
[worker cport=23006 agent=6] loaded checkpoint step=24571
[worker alg=ma_dreamer reward=tempest_fairness_ma cport=23006 agent=6 group=slot0_ep9 flow=1] started interval=20ms det=1 latent=8x8
[orch] link change t=60.0s bw=85 delay=70
[sao-listener] new flow 1 10.0.0.7:23706->10.0.0.14:5208 cc=astraea pid=859925 child=860160
[sao-listener] single-flow mode: attached worker; stopping ss scans
[sao-listener flow 1] cport=23706 cc=astraea worker active
[orch] link change t=60.0s bw=56 delay=84
[worker cport=23706 agent=6] loaded checkpoint step=24571
[worker alg=ma_dreamer reward=tempest_fairness_ma cport=23706 agent=6 group=slot7_ep10 flow=1] started interval=20ms det=1 latent=8x8
[orch] link change t=60.0s bw=27 delay=41
[orch] link change t=60.0s bw=53 delay=74
[orch] link change t=75.0s bw=36 delay=22
[orch] link change t=75.0s bw=87 delay=14
[orch] link change t=60.0s bw=72 delay=45
[orch] link change t=75.0s bw=87 delay=11
[orch] link change t=75.0s bw=80 delay=47
[orch] link change t=75.0s bw=16 delay=30
[orch] link change t=75.0s bw=57 delay=50
[orch] link change t=75.0s bw=17 delay=74
[orch] link change t=75.0s bw=74 delay=36
[orch] link change t=75.0s bw=69 delay=87
[orch] link change t=90.0s bw=72 delay=13
[orch] link change t=90.0s bw=84 delay=97
[orch] link change t=75.0s bw=93 delay=30
[orch] link change t=90.0s bw=70 delay=43
[orch] link change t=90.0s bw=17 delay=38
[orch] link change t=90.0s bw=24 delay=57
[orch] link change t=90.0s bw=12 delay=44
[orch] link change t=90.0s bw=37 delay=14
[orch] link change t=90.0s bw=61 delay=92
[orch] link change t=90.0s bw=20 delay=52
[orch] link change t=105.0s bw=59 delay=65
[orch] link change t=105.0s bw=30 delay=65
[orch] link change t=90.0s bw=14 delay=76
[orch] link change t=105.0s bw=80 delay=39
[orch] link change t=105.0s bw=76 delay=78
[orch] link change t=105.0s bw=70 delay=41
[orch] link change t=105.0s bw=72 delay=35
[orch] link change t=105.0s bw=21 delay=65
[orch] link change t=105.0s bw=13 delay=68
[orch] link change t=105.0s bw=80 delay=88
[orch] link change t=120.0s bw=87 delay=10
[orch] link change t=120.0s bw=91 delay=60
[orch] link change t=105.0s bw=72 delay=51
[orch] link change t=120.0s bw=34 delay=70
[orch] link change t=120.0s bw=56 delay=45
[orch] link change t=120.0s bw=58 delay=79
[orch] link change t=120.0s bw=62 delay=78
[orch] link change t=120.0s bw=63 delay=18
[orch] link change t=120.0s bw=72 delay=68
[orch] link change t=120.0s bw=99 delay=15
[orch] link change t=135.0s bw=99 delay=67
[orch] link change t=135.0s bw=75 delay=57
[orch] link change t=120.0s bw=19 delay=41
[orch] link change t=135.0s bw=79 delay=80
[orch] link change t=135.0s bw=32 delay=23
[orch] link change t=135.0s bw=23 delay=83
[orch] link change t=135.0s bw=79 delay=97
[orch] link change t=135.0s bw=40 delay=21
[orch] link change t=135.0s bw=59 delay=73
[orch] link change t=135.0s bw=58 delay=31
[orch] link change t=150.0s bw=44 delay=39
[orch] link change t=150.0s bw=79 delay=66
[orch] link change t=135.0s bw=56 delay=15
[orch] link change t=150.0s bw=70 delay=60
[orch] link change t=150.0s bw=43 delay=37
[orch] link change t=150.0s bw=41 delay=11
[orch] link change t=150.0s bw=22 delay=34
[orch] link change t=150.0s bw=80 delay=64
[orch] link change t=150.0s bw=83 delay=34
[orch] link change t=150.0s bw=100 delay=67
[orch] link change t=165.0s bw=85 delay=23
[orch] link change t=165.0s bw=74 delay=44
[orch] link change t=150.0s bw=63 delay=27
[orch] link change t=165.0s bw=91 delay=29
[orch] link change t=165.0s bw=13 delay=92
[orch] link change t=165.0s bw=37 delay=62
[orch] link change t=165.0s bw=82 delay=80
[orch] link change t=165.0s bw=17 delay=82
[orch] link change t=165.0s bw=61 delay=21
[orch] link change t=165.0s bw=64 delay=30
[orch] link change t=180.0s bw=50 delay=13
[orch] link change t=180.0s bw=14 delay=13
[orch] link change t=165.0s bw=87 delay=55
[orch] link change t=180.0s bw=39 delay=91
[orch] link change t=180.0s bw=43 delay=44
[orch] link change t=180.0s bw=45 delay=33
[orch] link change t=180.0s bw=99 delay=43
[orch] link change t=180.0s bw=25 delay=38
[orch] link change t=180.0s bw=72 delay=39
[orch] link change t=180.0s bw=31 delay=40
[orch] link change t=195.0s bw=12 delay=13
[orch] link change t=195.0s bw=56 delay=69
[orch] link change t=180.0s bw=58 delay=63
[orch] link change t=195.0s bw=29 delay=76
[orch] link change t=195.0s bw=34 delay=31
[orch] link change t=195.0s bw=59 delay=30
[orch] link change t=195.0s bw=94 delay=88
[orch] link change t=195.0s bw=90 delay=90
[orch] link change t=195.0s bw=12 delay=99
[orch] link change t=195.0s bw=16 delay=24
[orch] link change t=210.0s bw=93 delay=79
[orch] link change t=210.0s bw=50 delay=58
[orch] link change t=195.0s bw=46 delay=96
[orch] link change t=210.0s bw=59 delay=11
[orch] link change t=210.0s bw=49 delay=47
[orch] link change t=210.0s bw=19 delay=27
[orch] link change t=210.0s bw=97 delay=21
[orch] link change t=210.0s bw=84 delay=17
[orch] link change t=210.0s bw=44 delay=76
[orch] link change t=210.0s bw=26 delay=74
[orch] link change t=225.0s bw=11 delay=58
[orch] link change t=225.0s bw=64 delay=77
[orch] link change t=210.0s bw=43 delay=68
[orch] link change t=225.0s bw=95 delay=18
[orch] link change t=225.0s bw=90 delay=57
[orch] link change t=225.0s bw=89 delay=89
[orch] link change t=225.0s bw=64 delay=52
[orch] link change t=225.0s bw=83 delay=84
[orch] link change t=225.0s bw=62 delay=70
[orch] link change t=225.0s bw=85 delay=18
[orch] link change t=240.0s bw=97 delay=37
[orch] link change t=240.0s bw=31 delay=81
[orch] link change t=225.0s bw=32 delay=97
[orch] link change t=240.0s bw=30 delay=85
[orch] link change t=240.0s bw=21 delay=87
[orch] link change t=240.0s bw=66 delay=26
[orch] link change t=240.0s bw=21 delay=56
[orch] link change t=240.0s bw=60 delay=16
[orch] link change t=240.0s bw=58 delay=24
[orch] link change t=240.0s bw=98 delay=59
[orch] link change t=255.0s bw=64 delay=13
[orch] link change t=255.0s bw=32 delay=40
[orch] link change t=240.0s bw=48 delay=94
[orch] link change t=255.0s bw=15 delay=48
[orch] link change t=255.0s bw=53 delay=95
[orch] link change t=255.0s bw=26 delay=10
[orch] link change t=255.0s bw=62 delay=42
[orch] link change t=255.0s bw=38 delay=15
[orch] link change t=255.0s bw=94 delay=43
[orch] link change t=255.0s bw=23 delay=47
[orch] link change t=270.0s bw=77 delay=38
[orch] link change t=270.0s bw=39 delay=13
[orch] link change t=255.0s bw=56 delay=27
[orch] link change t=270.0s bw=13 delay=44
[orch] link change t=270.0s bw=59 delay=74
[orch] link change t=270.0s bw=10 delay=36
[orch] link change t=270.0s bw=66 delay=99
[orch] link change t=270.0s bw=81 delay=27
[orch] link change t=270.0s bw=22 delay=18
[orch] link change t=270.0s bw=36 delay=96
[orch] link change t=285.0s bw=66 delay=73
[orch] link change t=285.0s bw=32 delay=51
[orch] link change t=270.0s bw=68 delay=40
[orch] link change t=285.0s bw=70 delay=86
[orch] link change t=285.0s bw=41 delay=32
[orch] link change t=285.0s bw=37 delay=31
[orch] link change t=285.0s bw=22 delay=35
[orch] link change t=285.0s bw=47 delay=63
[orch] link change t=285.0s bw=59 delay=89
[orch] link change t=285.0s bw=38 delay=63
[orch] link change t=300.0s bw=80 delay=39
[orch] link change t=300.0s bw=32 delay=27
[orch] link change t=285.0s bw=66 delay=88
[orch] link change t=300.0s bw=59 delay=64
[orch] link change t=300.0s bw=41 delay=70
[orch] link change t=300.0s bw=31 delay=47
[orch] link change t=300.0s bw=99 delay=91
[orch] link change t=300.0s bw=28 delay=79
[orch] link change t=300.0s bw=58 delay=23
[orch] link change t=300.0s bw=21 delay=44
[orch] link change t=315.0s bw=54 delay=39
[orch] link change t=315.0s bw=75 delay=75
[orch] link change t=300.0s bw=58 delay=15
[orch] link change t=315.0s bw=60 delay=83
[orch] link change t=315.0s bw=45 delay=21
[orch] link change t=315.0s bw=50 delay=35
[orch] link change t=315.0s bw=47 delay=22
[orch] link change t=315.0s bw=25 delay=83
[orch] link change t=315.0s bw=94 delay=17
[orch] link change t=315.0s bw=36 delay=60
[orch] link change t=330.0s bw=96 delay=38
[orch] link change t=330.0s bw=56 delay=75
[orch] link change t=315.0s bw=84 delay=10
[orch] link change t=330.0s bw=66 delay=27
[orch] link change t=330.0s bw=80 delay=48
[orch] link change t=330.0s bw=79 delay=96
[orch] link change t=330.0s bw=15 delay=85
[orch] link change t=330.0s bw=49 delay=81
[orch] link change t=330.0s bw=53 delay=40
[orch] link change t=330.0s bw=45 delay=53
[orch] link change t=330.0s bw=40 delay=27
[multi_ep_plot] saved -> /its/home/mm2350/extra/Olympusv2/benchmarks/benchmark_responsive_fairness/data/ma_dreamer_credit/7_flows/run1/ep000001_bw27_d82_n7.pdf  return=1891352.4
[ep_plot] ep=1 -> /its/home/mm2350/extra/Olympusv2/benchmarks/benchmark_responsive_fairness/data/ma_dreamer_credit/7_flows/run1/ep000001_bw27_d82_n7.pdf  return=1891352.375
[orch] ep=1 sum-of-agents return=1891352.4
[responsive_fairness] slot=6 ma_dreamer_credit flows=7 run=11
[responsive_fairness] ma_dreamer_credit flows=7 run=1 done (151/200)
[slot=6] ep=11  flows=7  bw=67Mbps  delay=81ms  duration=345s  delays=[0.0, 7.5, 15.0, 22.5, 30.0, 37.5, 45.0]  lifetimes=[345.0, 337.5, 330.0, 322.5, 315.0, 307.5, 300.0]
[multi_ep_plot] saved -> /its/home/mm2350/extra/Olympusv2/benchmarks/benchmark_responsive_fairness/data/ma_dreamer_credit/7_flows/run2/ep000002_bw17_d21_n7.pdf  return=1973344.2
[ep_plot] ep=2 -> /its/home/mm2350/extra/Olympusv2/benchmarks/benchmark_responsive_fairness/data/ma_dreamer_credit/7_flows/run2/ep000002_bw17_d21_n7.pdf  return=1973344.25
[orch] ep=2 sum-of-agents return=1973344.2
[responsive_fairness] slot=4 ma_dreamer_credit flows=7 run=12
[responsive_fairness] ma_dreamer_credit flows=7 run=2 done (152/200)
[slot=4] ep=12  flows=7  bw=70Mbps  delay=44ms  duration=345s  delays=[0.0, 7.5, 15.0, 22.5, 30.0, 37.5, 45.0]  lifetimes=[345.0, 337.5, 330.0, 322.5, 315.0, 307.5, 300.0]
[sao-listener] cport=23600 worker=/its/home/mm2350/extra/Olympusv2/olympus/algorithms/ma_dreamer/worker.py scan=20ms target_cc=astraea single_flow=1 no_state_pipe=1
[sao-listener] cport=23601 worker=/its/home/mm2350/extra/Olympusv2/olympus/algorithms/ma_dreamer/worker.py scan=20ms target_cc=astraea single_flow=1 no_state_pipe=1
[sao-listener] cport=23602 worker=/its/home/mm2350/extra/Olympusv2/olympus/algorithms/ma_dreamer/worker.py scan=20ms target_cc=astraea single_flow=1 no_state_pipe=1
[sao-listener] cport=23603 worker=/its/home/mm2350/extra/Olympusv2/olympus/algorithms/ma_dreamer/worker.py scan=20ms target_cc=astraea single_flow=1 no_state_pipe=1
[sao-listener] cport=23604 worker=/its/home/mm2350/extra/Olympusv2/olympus/algorithms/ma_dreamer/worker.py scan=20ms target_cc=astraea single_flow=1 no_state_pipe=1
[sao-listener] cport=23605 worker=/its/home/mm2350/extra/Olympusv2/olympus/algorithms/ma_dreamer/worker.py scan=20ms target_cc=astraea single_flow=1 no_state_pipe=1
[sao-listener] cport=23606 worker=/its/home/mm2350/extra/Olympusv2/olympus/algorithms/ma_dreamer/worker.py scan=20ms target_cc=astraea single_flow=1 no_state_pipe=1
[multi_ep_plot] saved -> /its/home/mm2350/extra/Olympusv2/benchmarks/benchmark_responsive_fairness/data/ma_dreamer_credit/7_flows/run3/ep000003_bw40_d85_n7.pdf  return=2015942.6
[ep_plot] ep=3 -> /its/home/mm2350/extra/Olympusv2/benchmarks/benchmark_responsive_fairness/data/ma_dreamer_credit/7_flows/run3/ep000003_bw40_d85_n7.pdf  return=2015942.59375
[orch] ep=3 sum-of-agents return=2015942.6
[responsive_fairness] slot=8 ma_dreamer_credit flows=7 run=13
[responsive_fairness] ma_dreamer_credit flows=7 run=3 done (153/200)
[slot=8] ep=13  flows=7  bw=43Mbps  delay=47ms  duration=345s  delays=[0.0, 7.5, 15.0, 22.5, 30.0, 37.5, 45.0]  lifetimes=[345.0, 337.5, 330.0, 322.5, 315.0, 307.5, 300.0]
[sao-listener] cport=23400 worker=/its/home/mm2350/extra/Olympusv2/olympus/algorithms/ma_dreamer/worker.py scan=20ms target_cc=astraea single_flow=1 no_state_pipe=1
[sao-listener] cport=23401 worker=/its/home/mm2350/extra/Olympusv2/olympus/algorithms/ma_dreamer/worker.py scan=20ms target_cc=astraea single_flow=1 no_state_pipe=1
[sao-listener] cport=23402 worker=/its/home/mm2350/extra/Olympusv2/olympus/algorithms/ma_dreamer/worker.py scan=20ms target_cc=astraea single_flow=1 no_state_pipe=1
[sao-listener] cport=23403 worker=/its/home/mm2350/extra/Olympusv2/olympus/algorithms/ma_dreamer/worker.py scan=20ms target_cc=astraea single_flow=1 no_state_pipe=1
[sao-listener] cport=23404 worker=/its/home/mm2350/extra/Olympusv2/olympus/algorithms/ma_dreamer/worker.py scan=20ms target_cc=astraea single_flow=1 no_state_pipe=1
[sao-listener] cport=23405 worker=/its/home/mm2350/extra/Olympusv2/olympus/algorithms/ma_dreamer/worker.py scan=20ms target_cc=astraea single_flow=1 no_state_pipe=1
[sao-listener] cport=23406 worker=/its/home/mm2350/extra/Olympusv2/olympus/algorithms/ma_dreamer/worker.py scan=20ms target_cc=astraea single_flow=1 no_state_pipe=1
[multi_ep_plot] saved -> /its/home/mm2350/extra/Olympusv2/benchmarks/benchmark_responsive_fairness/data/ma_dreamer_credit/7_flows/run4/ep000004_bw40_d48_n7.pdf  return=924236.7
[ep_plot] ep=4 -> /its/home/mm2350/extra/Olympusv2/benchmarks/benchmark_responsive_fairness/data/ma_dreamer_credit/7_flows/run4/ep000004_bw40_d48_n7.pdf  return=924236.65625
[orch] ep=4 sum-of-agents return=924236.7
[responsive_fairness] slot=2 ma_dreamer_credit flows=7 run=14
[responsive_fairness] ma_dreamer_credit flows=7 run=4 done (154/200)
[sao-listener] cport=23800 worker=/its/home/mm2350/extra/Olympusv2/olympus/algorithms/ma_dreamer/worker.py scan=20ms target_cc=astraea single_flow=1 no_state_pipe=1
[slot=2] ep=14  flows=7  bw=23Mbps  delay=88ms  duration=345s  delays=[0.0, 7.5, 15.0, 22.5, 30.0, 37.5, 45.0]  lifetimes=[345.0, 337.5, 330.0, 322.5, 315.0, 307.5, 300.0]
[sao-listener] cport=23801 worker=/its/home/mm2350/extra/Olympusv2/olympus/algorithms/ma_dreamer/worker.py scan=20ms target_cc=astraea single_flow=1 no_state_pipe=1
[sao-listener] cport=23802 worker=/its/home/mm2350/extra/Olympusv2/olympus/algorithms/ma_dreamer/worker.py scan=20ms target_cc=astraea single_flow=1 no_state_pipe=1
[sao-listener] cport=23803 worker=/its/home/mm2350/extra/Olympusv2/olympus/algorithms/ma_dreamer/worker.py scan=20ms target_cc=astraea single_flow=1 no_state_pipe=1
[sao-listener] cport=23804 worker=/its/home/mm2350/extra/Olympusv2/olympus/algorithms/ma_dreamer/worker.py scan=20ms target_cc=astraea single_flow=1 no_state_pipe=1
[sao-listener] cport=23805 worker=/its/home/mm2350/extra/Olympusv2/olympus/algorithms/ma_dreamer/worker.py scan=20ms target_cc=astraea single_flow=1 no_state_pipe=1
[sao-listener] cport=23806 worker=/its/home/mm2350/extra/Olympusv2/olympus/algorithms/ma_dreamer/worker.py scan=20ms target_cc=astraea single_flow=1 no_state_pipe=1
[sao-listener] new flow 1 10.0.0.1:23600->10.0.0.8:5207 cc=astraea pid=864068 child=865745
[sao-listener] single-flow mode: attached worker; stopping ss scans
[sao-listener flow 1] cport=23600 cc=astraea worker active
[worker cport=23600 agent=0] loaded checkpoint step=24571
[worker alg=ma_dreamer reward=tempest_fairness_ma cport=23600 agent=0 group=slot6_ep11 flow=1] started interval=20ms det=1 latent=8x8
[multi_ep_plot] saved -> /its/home/mm2350/extra/Olympusv2/benchmarks/benchmark_responsive_fairness/data/ma_dreamer_credit/7_flows/run5/ep000005_bw89_d42_n7.pdf  return=594485.0
[ep_plot] ep=5 -> /its/home/mm2350/extra/Olympusv2/benchmarks/benchmark_responsive_fairness/data/ma_dreamer_credit/7_flows/run5/ep000005_bw89_d42_n7.pdf  return=594484.96875
[orch] ep=5 sum-of-agents return=594485.0
[responsive_fairness] slot=9 ma_dreamer_credit flows=7 run=15
[responsive_fairness] ma_dreamer_credit flows=7 run=5 done (155/200)
[slot=9] ep=15  flows=7  bw=36Mbps  delay=11ms  duration=345s  delays=[0.0, 7.5, 15.0, 22.5, 30.0, 37.5, 45.0]  lifetimes=[345.0, 337.5, 330.0, 322.5, 315.0, 307.5, 300.0]
[sao-listener] cport=23200 worker=/its/home/mm2350/extra/Olympusv2/olympus/algorithms/ma_dreamer/worker.py scan=20ms target_cc=astraea single_flow=1 no_state_pipe=1
[sao-listener] cport=23201 worker=/its/home/mm2350/extra/Olympusv2/olympus/algorithms/ma_dreamer/worker.py scan=20ms target_cc=astraea single_flow=1 no_state_pipe=1
[sao-listener] cport=23202 worker=/its/home/mm2350/extra/Olympusv2/olympus/algorithms/ma_dreamer/worker.py scan=20ms target_cc=astraea single_flow=1 no_state_pipe=1
[sao-listener] cport=23203 worker=/its/home/mm2350/extra/Olympusv2/olympus/algorithms/ma_dreamer/worker.py scan=20ms target_cc=astraea single_flow=1 no_state_pipe=1
[sao-listener] cport=23204 worker=/its/home/mm2350/extra/Olympusv2/olympus/algorithms/ma_dreamer/worker.py scan=20ms target_cc=astraea single_flow=1 no_state_pipe=1
[sao-listener] cport=23205 worker=/its/home/mm2350/extra/Olympusv2/olympus/algorithms/ma_dreamer/worker.py scan=20ms target_cc=astraea single_flow=1 no_state_pipe=1
[sao-listener] cport=23206 worker=/its/home/mm2350/extra/Olympusv2/olympus/algorithms/ma_dreamer/worker.py scan=20ms target_cc=astraea single_flow=1 no_state_pipe=1
[sao-listener] new flow 1 10.0.0.1:23400->10.0.0.8:5205 cc=astraea pid=865175 child=867749
[sao-listener] single-flow mode: attached worker; stopping ss scans
[sao-listener flow 1] cport=23400 cc=astraea worker active
[multi_ep_plot] saved -> /its/home/mm2350/extra/Olympusv2/benchmarks/benchmark_responsive_fairness/data/ma_dreamer_credit/7_flows/run6/ep000006_bw83_d20_n7.pdf  return=1327331.7
[ep_plot] ep=6 -> /its/home/mm2350/extra/Olympusv2/benchmarks/benchmark_responsive_fairness/data/ma_dreamer_credit/7_flows/run6/ep000006_bw83_d20_n7.pdf  return=1327331.703125
[orch] ep=6 sum-of-agents return=1327331.7
[responsive_fairness] slot=3 ma_dreamer_credit flows=7 run=16
[responsive_fairness] ma_dreamer_credit flows=7 run=6 done (156/200)
[slot=3] ep=16  flows=7  bw=56Mbps  delay=70ms  duration=345s  delays=[0.0, 7.5, 15.0, 22.5, 30.0, 37.5, 45.0]  lifetimes=[345.0, 337.5, 330.0, 322.5, 315.0, 307.5, 300.0]
[sao-listener] cport=23900 worker=/its/home/mm2350/extra/Olympusv2/olympus/algorithms/ma_dreamer/worker.py scan=20ms target_cc=astraea single_flow=1 no_state_pipe=1
[sao-listener] cport=23901 worker=/its/home/mm2350/extra/Olympusv2/olympus/algorithms/ma_dreamer/worker.py scan=20ms target_cc=astraea single_flow=1 no_state_pipe=1
[sao-listener] cport=23902 worker=/its/home/mm2350/extra/Olympusv2/olympus/algorithms/ma_dreamer/worker.py scan=20ms target_cc=astraea single_flow=1 no_state_pipe=1
[sao-listener] cport=23903 worker=/its/home/mm2350/extra/Olympusv2/olympus/algorithms/ma_dreamer/worker.py scan=20ms target_cc=astraea single_flow=1 no_state_pipe=1
[sao-listener] cport=23904 worker=/its/home/mm2350/extra/Olympusv2/olympus/algorithms/ma_dreamer/worker.py scan=20ms target_cc=astraea single_flow=1 no_state_pipe=1
[sao-listener] cport=23905 worker=/its/home/mm2350/extra/Olympusv2/olympus/algorithms/ma_dreamer/worker.py scan=20ms target_cc=astraea single_flow=1 no_state_pipe=1
[sao-listener] cport=23906 worker=/its/home/mm2350/extra/Olympusv2/olympus/algorithms/ma_dreamer/worker.py scan=20ms target_cc=astraea single_flow=1 no_state_pipe=1
[worker cport=23400 agent=0] loaded checkpoint step=24571
[worker alg=ma_dreamer reward=tempest_fairness_ma cport=23400 agent=0 group=slot4_ep12 flow=1] started interval=20ms det=1 latent=8x8
[sao-listener] new flow 1 10.0.0.1:23800->10.0.0.8:5209 cc=astraea pid=866090 child=869507
[sao-listener] single-flow mode: attached worker; stopping ss scans
[sao-listener flow 1] cport=23800 cc=astraea worker active
[sao-listener] cport=23300 worker=/its/home/mm2350/extra/Olympusv2/olympus/algorithms/ma_dreamer/worker.py scan=20ms target_cc=astraea single_flow=1 no_state_pipe=1
[sao-listener] cport=23301 worker=/its/home/mm2350/extra/Olympusv2/olympus/algorithms/ma_dreamer/worker.py scan=20ms target_cc=astraea single_flow=1 no_state_pipe=1
[sao-listener] cport=23302 worker=/its/home/mm2350/extra/Olympusv2/olympus/algorithms/ma_dreamer/worker.py scan=20ms target_cc=astraea single_flow=1 no_state_pipe=1
[sao-listener] cport=23303 worker=/its/home/mm2350/extra/Olympusv2/olympus/algorithms/ma_dreamer/worker.py scan=20ms target_cc=astraea single_flow=1 no_state_pipe=1
[sao-listener] cport=23304 worker=/its/home/mm2350/extra/Olympusv2/olympus/algorithms/ma_dreamer/worker.py scan=20ms target_cc=astraea single_flow=1 no_state_pipe=1
[sao-listener] cport=23305 worker=/its/home/mm2350/extra/Olympusv2/olympus/algorithms/ma_dreamer/worker.py scan=20ms target_cc=astraea single_flow=1 no_state_pipe=1
[sao-listener] cport=23306 worker=/its/home/mm2350/extra/Olympusv2/olympus/algorithms/ma_dreamer/worker.py scan=20ms target_cc=astraea single_flow=1 no_state_pipe=1
[worker cport=23800 agent=0] loaded checkpoint step=24571
[worker alg=ma_dreamer reward=tempest_fairness_ma cport=23800 agent=0 group=slot8_ep13 flow=1] started interval=20ms det=1 latent=8x8
[multi_ep_plot] saved -> /its/home/mm2350/extra/Olympusv2/benchmarks/benchmark_responsive_fairness/data/ma_dreamer_credit/7_flows/run7/ep000007_bw51_d29_n7.pdf  return=737648.6
[ep_plot] ep=7 -> /its/home/mm2350/extra/Olympusv2/benchmarks/benchmark_responsive_fairness/data/ma_dreamer_credit/7_flows/run7/ep000007_bw51_d29_n7.pdf  return=737648.5546875
[orch] ep=7 sum-of-agents return=737648.6
[responsive_fairness] slot=1 ma_dreamer_credit flows=7 run=17
[responsive_fairness] ma_dreamer_credit flows=7 run=7 done (157/200)
[sao-listener] new flow 1 10.0.0.1:23200->10.0.0.8:5203 cc=astraea pid=867474 child=871552
[sao-listener] single-flow mode: attached worker; stopping ss scans
[sao-listener flow 1] cport=23200 cc=astraea worker active
[slot=1] ep=17  flows=7  bw=76Mbps  delay=63ms  duration=345s  delays=[0.0, 7.5, 15.0, 22.5, 30.0, 37.5, 45.0]  lifetimes=[345.0, 337.5, 330.0, 322.5, 315.0, 307.5, 300.0]
[worker cport=23200 agent=0] loaded checkpoint step=24571
[worker alg=ma_dreamer reward=tempest_fairness_ma cport=23200 agent=0 group=slot2_ep14 flow=1] started interval=20ms det=1 latent=8x8
[sao-listener] new flow 1 10.0.0.2:23601->10.0.0.9:5207 cc=astraea pid=872251 child=873050
[sao-listener] single-flow mode: attached worker; stopping ss scans
[sao-listener flow 1] cport=23601 cc=astraea worker active
[sao-listener] cport=23100 worker=/its/home/mm2350/extra/Olympusv2/olympus/algorithms/ma_dreamer/worker.py scan=20ms target_cc=astraea single_flow=1 no_state_pipe=1
[sao-listener] cport=23101 worker=/its/home/mm2350/extra/Olympusv2/olympus/algorithms/ma_dreamer/worker.py scan=20ms target_cc=astraea single_flow=1 no_state_pipe=1
[sao-listener] cport=23102 worker=/its/home/mm2350/extra/Olympusv2/olympus/algorithms/ma_dreamer/worker.py scan=20ms target_cc=astraea single_flow=1 no_state_pipe=1
[sao-listener] cport=23103 worker=/its/home/mm2350/extra/Olympusv2/olympus/algorithms/ma_dreamer/worker.py scan=20ms target_cc=astraea single_flow=1 no_state_pipe=1
[sao-listener] cport=23104 worker=/its/home/mm2350/extra/Olympusv2/olympus/algorithms/ma_dreamer/worker.py scan=20ms target_cc=astraea single_flow=1 no_state_pipe=1
[sao-listener] cport=23105 worker=/its/home/mm2350/extra/Olympusv2/olympus/algorithms/ma_dreamer/worker.py scan=20ms target_cc=astraea single_flow=1 no_state_pipe=1
[sao-listener] cport=23106 worker=/its/home/mm2350/extra/Olympusv2/olympus/algorithms/ma_dreamer/worker.py scan=20ms target_cc=astraea single_flow=1 no_state_pipe=1
[sao-listener] new flow 1 10.0.0.1:23900->10.0.0.8:5210 cc=astraea pid=869035 child=873988
[sao-listener] single-flow mode: attached worker; stopping ss scans
[sao-listener flow 1] cport=23900 cc=astraea worker active
[worker cport=23601 agent=1] loaded checkpoint step=24571
[worker alg=ma_dreamer reward=tempest_fairness_ma cport=23601 agent=1 group=slot6_ep11 flow=1] started interval=20ms det=1 latent=8x8
[multi_ep_plot] saved -> /its/home/mm2350/extra/Olympusv2/benchmarks/benchmark_responsive_fairness/data/ma_dreamer_credit/7_flows/run8/ep000008_bw39_d57_n7.pdf  return=431534.4
[ep_plot] ep=8 -> /its/home/mm2350/extra/Olympusv2/benchmarks/benchmark_responsive_fairness/data/ma_dreamer_credit/7_flows/run8/ep000008_bw39_d57_n7.pdf  return=431534.35546875
[orch] ep=8 sum-of-agents return=431534.4
[responsive_fairness] slot=5 ma_dreamer_credit flows=7 run=18
[responsive_fairness] ma_dreamer_credit flows=7 run=8 done (158/200)
[slot=5] ep=18  flows=7  bw=33Mbps  delay=25ms  duration=345s  delays=[0.0, 7.5, 15.0, 22.5, 30.0, 37.5, 45.0]  lifetimes=[345.0, 337.5, 330.0, 322.5, 315.0, 307.5, 300.0]
[worker cport=23900 agent=0] loaded checkpoint step=24571
[worker alg=ma_dreamer reward=tempest_fairness_ma cport=23900 agent=0 group=slot9_ep15 flow=1] started interval=20ms det=1 latent=8x8
[sao-listener] new flow 1 10.0.0.1:23300->10.0.0.8:5204 cc=astraea pid=870782 child=875736
[sao-listener] single-flow mode: attached worker; stopping ss scans
[sao-listener flow 1] cport=23300 cc=astraea worker active
[sao-listener] cport=23500 worker=/its/home/mm2350/extra/Olympusv2/olympus/algorithms/ma_dreamer/worker.py scan=20ms target_cc=astraea single_flow=1 no_state_pipe=1
[sao-listener] cport=23501 worker=/its/home/mm2350/extra/Olympusv2/olympus/algorithms/ma_dreamer/worker.py scan=20ms target_cc=astraea single_flow=1 no_state_pipe=1
[sao-listener] cport=23502 worker=/its/home/mm2350/extra/Olympusv2/olympus/algorithms/ma_dreamer/worker.py scan=20ms target_cc=astraea single_flow=1 no_state_pipe=1
[sao-listener] cport=23503 worker=/its/home/mm2350/extra/Olympusv2/olympus/algorithms/ma_dreamer/worker.py scan=20ms target_cc=astraea single_flow=1 no_state_pipe=1
[sao-listener] cport=23504 worker=/its/home/mm2350/extra/Olympusv2/olympus/algorithms/ma_dreamer/worker.py scan=20ms target_cc=astraea single_flow=1 no_state_pipe=1
[sao-listener] cport=23505 worker=/its/home/mm2350/extra/Olympusv2/olympus/algorithms/ma_dreamer/worker.py scan=20ms target_cc=astraea single_flow=1 no_state_pipe=1
[sao-listener] cport=23506 worker=/its/home/mm2350/extra/Olympusv2/olympus/algorithms/ma_dreamer/worker.py scan=20ms target_cc=astraea single_flow=1 no_state_pipe=1
[worker cport=23300 agent=0] loaded checkpoint step=24571
[worker alg=ma_dreamer reward=tempest_fairness_ma cport=23300 agent=0 group=slot3_ep16 flow=1] started interval=20ms det=1 latent=8x8
[sao-listener] new flow 1 10.0.0.2:23401->10.0.0.9:5205 cc=astraea pid=873524 child=877784
[sao-listener flow 1] cport=23401 cc=astraea worker active
[sao-listener] single-flow mode: attached worker; stopping ss scans
[sao-listener] new flow 1 10.0.0.2:23801->10.0.0.9:5209 cc=astraea pid=874386 child=878486
[sao-listener] single-flow mode: attached worker; stopping ss scans
[sao-listener flow 1] cport=23801 cc=astraea worker active
[sao-listener] new flow 1 10.0.0.2:23901->10.0.0.9:5210 cc=astraea pid=877100 child=878794
[sao-listener] single-flow mode: attached worker; stopping ss scans
[sao-listener flow 1] cport=23901 cc=astraea worker active
[sao-listener] new flow 1 10.0.0.1:23100->10.0.0.8:5202 cc=astraea pid=874258 child=878988
[sao-listener] single-flow mode: attached worker; stopping ss scans
[sao-listener flow 1] cport=23100 cc=astraea worker active
[worker cport=23401 agent=1] loaded checkpoint step=24571
[worker alg=ma_dreamer reward=tempest_fairness_ma cport=23401 agent=1 group=slot4_ep12 flow=1] started interval=20ms det=1 latent=8x8
[orch] link change t=15.1s bw=69 delay=67
[multi_ep_plot] saved -> /its/home/mm2350/extra/Olympusv2/benchmarks/benchmark_responsive_fairness/data/ma_dreamer_credit/7_flows/run9/ep000009_bw69_d88_n7.pdf  return=1504315.5
[ep_plot] ep=9 -> /its/home/mm2350/extra/Olympusv2/benchmarks/benchmark_responsive_fairness/data/ma_dreamer_credit/7_flows/run9/ep000009_bw69_d88_n7.pdf  return=1504315.453125
[orch] ep=9 sum-of-agents return=1504315.5
[responsive_fairness] ma_dreamer_credit flows=7 run=9 done (159/200)
[responsive_fairness] slot=0 ma_dreamer_credit flows=7 run=19
[slot=0] ep=19  flows=7  bw=96Mbps  delay=15ms  duration=345s  delays=[0.0, 7.5, 15.0, 22.5, 30.0, 37.5, 45.0]  lifetimes=[345.0, 337.5, 330.0, 322.5, 315.0, 307.5, 300.0]
[worker cport=23801 agent=1] loaded checkpoint step=24571
[worker alg=ma_dreamer reward=tempest_fairness_ma cport=23801 agent=1 group=slot8_ep13 flow=1] started interval=20ms det=1 latent=8x8
[worker cport=23901 agent=1] loaded checkpoint step=24571
[worker alg=ma_dreamer reward=tempest_fairness_ma cport=23901 agent=1 group=slot9_ep15 flow=1] started interval=20ms det=1 latent=8x8
[orch] link change t=15.0s bw=94 delay=77
[worker cport=23100 agent=0] loaded checkpoint step=24571
[worker alg=ma_dreamer reward=tempest_fairness_ma cport=23100 agent=0 group=slot1_ep17 flow=1] started interval=20ms det=1 latent=8x8
[sao-listener] new flow 1 10.0.0.2:23301->10.0.0.9:5204 cc=astraea pid=878208 child=880873
[sao-listener] single-flow mode: attached worker; stopping ss scans
[sao-listener flow 1] cport=23301 cc=astraea worker active
[orch] link change t=15.1s bw=97 delay=97
[sao-listener] cport=23000 worker=/its/home/mm2350/extra/Olympusv2/olympus/algorithms/ma_dreamer/worker.py scan=20ms target_cc=astraea single_flow=1 no_state_pipe=1
[sao-listener] cport=23001 worker=/its/home/mm2350/extra/Olympusv2/olympus/algorithms/ma_dreamer/worker.py scan=20ms target_cc=astraea single_flow=1 no_state_pipe=1
[sao-listener] cport=23002 worker=/its/home/mm2350/extra/Olympusv2/olympus/algorithms/ma_dreamer/worker.py scan=20ms target_cc=astraea single_flow=1 no_state_pipe=1
[sao-listener] cport=23003 worker=/its/home/mm2350/extra/Olympusv2/olympus/algorithms/ma_dreamer/worker.py scan=20ms target_cc=astraea single_flow=1 no_state_pipe=1
[sao-listener] cport=23004 worker=/its/home/mm2350/extra/Olympusv2/olympus/algorithms/ma_dreamer/worker.py scan=20ms target_cc=astraea single_flow=1 no_state_pipe=1
[sao-listener] cport=23005 worker=/its/home/mm2350/extra/Olympusv2/olympus/algorithms/ma_dreamer/worker.py scan=20ms target_cc=astraea single_flow=1 no_state_pipe=1
[sao-listener] cport=23006 worker=/its/home/mm2350/extra/Olympusv2/olympus/algorithms/ma_dreamer/worker.py scan=20ms target_cc=astraea single_flow=1 no_state_pipe=1
[worker cport=23301 agent=1] loaded checkpoint step=24571
[worker alg=ma_dreamer reward=tempest_fairness_ma cport=23301 agent=1 group=slot3_ep16 flow=1] started interval=20ms det=1 latent=8x8
[sao-listener] new flow 1 10.0.0.2:23201->10.0.0.9:5203 cc=astraea pid=875414 child=882625
[sao-listener] single-flow mode: attached worker; stopping ss scans
[sao-listener flow 1] cport=23201 cc=astraea worker active
[orch] link change t=15.0s bw=99 delay=93
[sao-listener] new flow 1 10.0.0.1:23500->10.0.0.8:5206 cc=astraea pid=877448 child=882876
[sao-listener] single-flow mode: attached worker; stopping ss scans
[sao-listener flow 1] cport=23500 cc=astraea worker active
[multi_ep_plot] saved -> /its/home/mm2350/extra/Olympusv2/benchmarks/benchmark_responsive_fairness/data/ma_dreamer_credit/7_flows/run10/ep000010_bw83_d14_n7.pdf  return=1202022.0
[ep_plot] ep=10 -> /its/home/mm2350/extra/Olympusv2/benchmarks/benchmark_responsive_fairness/data/ma_dreamer_credit/7_flows/run10/ep000010_bw83_d14_n7.pdf  return=1202022.015625
[orch] ep=10 sum-of-agents return=1202022.0
[responsive_fairness] slot=7 ma_dreamer_credit flows=7 run=20
[responsive_fairness] ma_dreamer_credit flows=7 run=10 done (160/200)
[slot=7] ep=20  flows=7  bw=97Mbps  delay=29ms  duration=345s  delays=[0.0, 7.5, 15.0, 22.5, 30.0, 37.5, 45.0]  lifetimes=[345.0, 337.5, 330.0, 322.5, 315.0, 307.5, 300.0]
[worker cport=23201 agent=1] loaded checkpoint step=24571
[worker alg=ma_dreamer reward=tempest_fairness_ma cport=23201 agent=1 group=slot2_ep14 flow=1] started interval=20ms det=1 latent=8x8
[orch] link change t=15.0s bw=76 delay=14
[worker cport=23500 agent=0] loaded checkpoint step=24571
[worker alg=ma_dreamer reward=tempest_fairness_ma cport=23500 agent=0 group=slot5_ep18 flow=1] started interval=20ms det=1 latent=8x8
[orch] link change t=15.1s bw=71 delay=46
[sao-listener] cport=23700 worker=/its/home/mm2350/extra/Olympusv2/olympus/algorithms/ma_dreamer/worker.py scan=20ms target_cc=astraea single_flow=1 no_state_pipe=1
[sao-listener] new flow 1 10.0.0.3:23402->10.0.0.10:5205 cc=astraea pid=880849 child=885496
[sao-listener] single-flow mode: attached worker; stopping ss scans
[sao-listener flow 1] cport=23402 cc=astraea worker active
[sao-listener] cport=23701 worker=/its/home/mm2350/extra/Olympusv2/olympus/algorithms/ma_dreamer/worker.py scan=20ms target_cc=astraea single_flow=1 no_state_pipe=1
[sao-listener] cport=23702 worker=/its/home/mm2350/extra/Olympusv2/olympus/algorithms/ma_dreamer/worker.py scan=20ms target_cc=astraea single_flow=1 no_state_pipe=1
[sao-listener] cport=23703 worker=/its/home/mm2350/extra/Olympusv2/olympus/algorithms/ma_dreamer/worker.py scan=20ms target_cc=astraea single_flow=1 no_state_pipe=1
[sao-listener] cport=23704 worker=/its/home/mm2350/extra/Olympusv2/olympus/algorithms/ma_dreamer/worker.py scan=20ms target_cc=astraea single_flow=1 no_state_pipe=1
[sao-listener] cport=23705 worker=/its/home/mm2350/extra/Olympusv2/olympus/algorithms/ma_dreamer/worker.py scan=20ms target_cc=astraea single_flow=1 no_state_pipe=1
[sao-listener] cport=23706 worker=/its/home/mm2350/extra/Olympusv2/olympus/algorithms/ma_dreamer/worker.py scan=20ms target_cc=astraea single_flow=1 no_state_pipe=1
[sao-listener] new flow 1 10.0.0.2:23101->10.0.0.9:5202 cc=astraea pid=881731 child=886072
[sao-listener] single-flow mode: attached worker; stopping ss scans
[sao-listener flow 1] cport=23101 cc=astraea worker active
[sao-listener] new flow 1 10.0.0.3:23902->10.0.0.10:5210 cc=astraea pid=884650 child=886234
[sao-listener] single-flow mode: attached worker; stopping ss scans
[sao-listener flow 1] cport=23902 cc=astraea worker active
[sao-listener] new flow 1 10.0.0.3:23802->10.0.0.10:5209 cc=astraea pid=881904 child=886347
[sao-listener] single-flow mode: attached worker; stopping ss scans
[sao-listener flow 1] cport=23802 cc=astraea worker active
[worker cport=23402 agent=2] loaded checkpoint step=24571
[worker alg=ma_dreamer reward=tempest_fairness_ma cport=23402 agent=2 group=slot4_ep12 flow=1] started interval=20ms det=1 latent=8x8
[sao-listener] new flow 1 10.0.0.3:23602->10.0.0.10:5207 cc=astraea pid=879817 child=887286
[sao-listener] single-flow mode: attached worker; stopping ss scans
[sao-listener flow 1] cport=23602 cc=astraea worker active
[worker cport=23101 agent=1] loaded checkpoint step=24571
[worker alg=ma_dreamer reward=tempest_fairness_ma cport=23101 agent=1 group=slot1_ep17 flow=1] started interval=20ms det=1 latent=8x8
[worker cport=23902 agent=2] loaded checkpoint step=24571
[worker alg=ma_dreamer reward=tempest_fairness_ma cport=23902 agent=2 group=slot9_ep15 flow=1] started interval=20ms det=1 latent=8x8
[worker cport=23802 agent=2] loaded checkpoint step=24571
[worker alg=ma_dreamer reward=tempest_fairness_ma cport=23802 agent=2 group=slot8_ep13 flow=1] started interval=20ms det=1 latent=8x8
[orch] link change t=15.0s bw=48 delay=56
[worker cport=23602 agent=2] loaded checkpoint step=24571
[worker alg=ma_dreamer reward=tempest_fairness_ma cport=23602 agent=2 group=slot6_ep11 flow=1] started interval=20ms det=1 latent=8x8
[sao-listener] new flow 1 10.0.0.3:23302->10.0.0.10:5204 cc=astraea pid=886081 child=888822
[sao-listener] single-flow mode: attached worker; stopping ss scans
[sao-listener flow 1] cport=23302 cc=astraea worker active
[sao-listener] new flow 1 10.0.0.1:23000->10.0.0.8:5201 cc=astraea pid=882842 child=889274
[sao-listener] single-flow mode: attached worker; stopping ss scans
[sao-listener flow 1] cport=23000 cc=astraea worker active
[worker cport=23302 agent=2] loaded checkpoint step=24571
[worker alg=ma_dreamer reward=tempest_fairness_ma cport=23302 agent=2 group=slot3_ep16 flow=1] started interval=20ms det=1 latent=8x8
[worker cport=23000 agent=0] loaded checkpoint step=24571
[worker alg=ma_dreamer reward=tempest_fairness_ma cport=23000 agent=0 group=slot0_ep19 flow=1] started interval=20ms det=1 latent=8x8
[sao-listener] new flow 1 10.0.0.2:23501->10.0.0.9:5206 cc=astraea pid=885181 child=890682
[sao-listener] single-flow mode: attached worker; stopping ss scans
[sao-listener flow 1] cport=23501 cc=astraea worker active
[sao-listener] new flow 1 10.0.0.3:23202->10.0.0.10:5203 cc=astraea pid=883278 child=890892
[sao-listener] single-flow mode: attached worker; stopping ss scans
[sao-listener flow 1] cport=23202 cc=astraea worker active
[orch] link change t=15.0s bw=94 delay=67
[worker cport=23501 agent=1] loaded checkpoint step=24571
[worker alg=ma_dreamer reward=tempest_fairness_ma cport=23501 agent=1 group=slot5_ep18 flow=1] started interval=20ms det=1 latent=8x8
[worker cport=23202 agent=2] loaded checkpoint step=24571
[worker alg=ma_dreamer reward=tempest_fairness_ma cport=23202 agent=2 group=slot2_ep14 flow=1] started interval=20ms det=1 latent=8x8
[sao-listener] new flow 1 10.0.0.1:23700->10.0.0.8:5208 cc=astraea pid=886262 child=892799
[sao-listener] single-flow mode: attached worker; stopping ss scans
[sao-listener flow 1] cport=23700 cc=astraea worker active
[sao-listener] new flow 1 10.0.0.4:23903->10.0.0.11:5210 cc=astraea pid=891836 child=893119
[sao-listener] single-flow mode: attached worker; stopping ss scans
[sao-listener flow 1] cport=23903 cc=astraea worker active
[sao-listener] new flow 1 10.0.0.3:23102->10.0.0.10:5202 cc=astraea pid=889102 child=893623
[sao-listener] single-flow mode: attached worker; stopping ss scans
[sao-listener flow 1] cport=23102 cc=astraea worker active
[sao-listener] new flow 1 10.0.0.4:23803->10.0.0.11:5209 cc=astraea pid=889243 child=893793
[sao-listener] single-flow mode: attached worker; stopping ss scans
[sao-listener flow 1] cport=23803 cc=astraea worker active
[worker cport=23700 agent=0] loaded checkpoint step=24571
[worker alg=ma_dreamer reward=tempest_fairness_ma cport=23700 agent=0 group=slot7_ep20 flow=1] started interval=20ms det=1 latent=8x8
[orch] link change t=30.0s bw=75 delay=85
[worker cport=23903 agent=3] loaded checkpoint step=24571
[worker alg=ma_dreamer reward=tempest_fairness_ma cport=23903 agent=3 group=slot9_ep15 flow=1] started interval=20ms det=1 latent=8x8
[sao-listener] new flow 1 10.0.0.4:23403->10.0.0.11:5205 cc=astraea pid=888503 child=894408
[sao-listener] single-flow mode: attached worker; stopping ss scans
[sao-listener flow 1] cport=23403 cc=astraea worker active
[orch] link change t=30.0s bw=95 delay=54
[worker cport=23102 agent=2] loaded checkpoint step=24571
[worker alg=ma_dreamer reward=tempest_fairness_ma cport=23102 agent=2 group=slot1_ep17 flow=1] started interval=20ms det=1 latent=8x8
[worker cport=23803 agent=3] loaded checkpoint step=24571
[worker alg=ma_dreamer reward=tempest_fairness_ma cport=23803 agent=3 group=slot8_ep13 flow=1] started interval=20ms det=1 latent=8x8
[sao-listener] new flow 1 10.0.0.4:23603->10.0.0.11:5207 cc=astraea pid=887781 child=895153
[sao-listener] single-flow mode: attached worker; stopping ss scans
[sao-listener flow 1] cport=23603 cc=astraea worker active
[worker cport=23403 agent=3] loaded checkpoint step=24571
[worker alg=ma_dreamer reward=tempest_fairness_ma cport=23403 agent=3 group=slot4_ep12 flow=1] started interval=20ms det=1 latent=8x8
[orch] link change t=30.0s bw=33 delay=93
[sao-listener] new flow 1 10.0.0.5:23604->10.0.0.12:5207 cc=astraea pid=894653 child=895749
[sao-listener] single-flow mode: attached worker; stopping ss scans
[sao-listener flow 1] cport=23604 cc=astraea worker active
[worker cport=23603 agent=3] loaded checkpoint step=24571
[worker alg=ma_dreamer reward=tempest_fairness_ma cport=23603 agent=3 group=slot6_ep11 flow=1] started interval=20ms det=1 latent=8x8
[orch] link change t=15.0s bw=76 delay=25
[sao-listener] new flow 1 10.0.0.2:23001->10.0.0.9:5201 cc=astraea pid=890094 child=896442
[sao-listener] single-flow mode: attached worker; stopping ss scans
[sao-listener flow 1] cport=23001 cc=astraea worker active
[sao-listener] new flow 1 10.0.0.4:23303->10.0.0.11:5204 cc=astraea pid=893001 child=896645
[sao-listener] single-flow mode: attached worker; stopping ss scans
[sao-listener flow 1] cport=23303 cc=astraea worker active
[worker cport=23604 agent=4] loaded checkpoint step=24571
[worker alg=ma_dreamer reward=tempest_fairness_ma cport=23604 agent=4 group=slot6_ep11 flow=1] started interval=20ms det=1 latent=8x8
[orch] link change t=30.0s bw=77 delay=41
[sao-listener] new flow 1 10.0.0.4:23203->10.0.0.11:5203 cc=astraea pid=890506 child=897068
[sao-listener] single-flow mode: attached worker; stopping ss scans
[sao-listener flow 1] cport=23203 cc=astraea worker active
[worker cport=23001 agent=1] loaded checkpoint step=24571
[worker alg=ma_dreamer reward=tempest_fairness_ma cport=23001 agent=1 group=slot0_ep19 flow=1] started interval=20ms det=1 latent=8x8
[worker cport=23303 agent=3] loaded checkpoint step=24571
[worker alg=ma_dreamer reward=tempest_fairness_ma cport=23303 agent=3 group=slot3_ep16 flow=1] started interval=20ms det=1 latent=8x8
[worker cport=23203 agent=3] loaded checkpoint step=24571
[worker alg=ma_dreamer reward=tempest_fairness_ma cport=23203 agent=3 group=slot2_ep14 flow=1] started interval=20ms det=1 latent=8x8
[orch] link change t=30.0s bw=30 delay=40
[sao-listener] new flow 1 10.0.0.3:23502->10.0.0.10:5206 cc=astraea pid=892257 child=898267
[sao-listener] single-flow mode: attached worker; stopping ss scans
[sao-listener flow 1] cport=23502 cc=astraea worker active
[worker cport=23502 agent=2] loaded checkpoint step=24571
[worker alg=ma_dreamer reward=tempest_fairness_ma cport=23502 agent=2 group=slot5_ep18 flow=1] started interval=20ms det=1 latent=8x8
[orch] link change t=30.0s bw=63 delay=39
[orch] link change t=15.0s bw=43 delay=96
[sao-listener] new flow 1 10.0.0.4:23103->10.0.0.11:5202 cc=astraea pid=896166 child=899740
[sao-listener] single-flow mode: attached worker; stopping ss scans
[sao-listener flow 1] cport=23103 cc=astraea worker active
[sao-listener] new flow 1 10.0.0.2:23701->10.0.0.9:5208 cc=astraea pid=893192 child=899879
[sao-listener] single-flow mode: attached worker; stopping ss scans
[sao-listener flow 1] cport=23701 cc=astraea worker active
[sao-listener] new flow 1 10.0.0.5:23404->10.0.0.12:5205 cc=astraea pid=895584 child=900232
[sao-listener] single-flow mode: attached worker; stopping ss scans
[sao-listener flow 1] cport=23404 cc=astraea worker active
[sao-listener] new flow 1 10.0.0.5:23904->10.0.0.12:5210 cc=astraea pid=898738 child=900598
[sao-listener] single-flow mode: attached worker; stopping ss scans
[sao-listener flow 1] cport=23904 cc=astraea worker active
[worker cport=23103 agent=3] loaded checkpoint step=24571
[worker alg=ma_dreamer reward=tempest_fairness_ma cport=23103 agent=3 group=slot1_ep17 flow=1] started interval=20ms det=1 latent=8x8
[worker cport=23701 agent=1] loaded checkpoint step=24571
[worker alg=ma_dreamer reward=tempest_fairness_ma cport=23701 agent=1 group=slot7_ep20 flow=1] started interval=20ms det=1 latent=8x8
[worker cport=23404 agent=4] loaded checkpoint step=24571
[worker alg=ma_dreamer reward=tempest_fairness_ma cport=23404 agent=4 group=slot4_ep12 flow=1] started interval=20ms det=1 latent=8x8
[sao-listener] new flow 1 10.0.0.5:23804->10.0.0.12:5209 cc=astraea pid=896332 child=901376
[sao-listener] single-flow mode: attached worker; stopping ss scans
[sao-listener flow 1] cport=23804 cc=astraea worker active
[worker cport=23904 agent=4] loaded checkpoint step=24571
[worker alg=ma_dreamer reward=tempest_fairness_ma cport=23904 agent=4 group=slot9_ep15 flow=1] started interval=20ms det=1 latent=8x8
[sao-listener] new flow 1 10.0.0.6:23605->10.0.0.13:5207 cc=astraea pid=901245 child=901949
[sao-listener] single-flow mode: attached worker; stopping ss scans
[sao-listener flow 1] cport=23605 cc=astraea worker active
[orch] link change t=30.0s bw=47 delay=32
[sao-listener] new flow 1 10.0.0.5:23304->10.0.0.12:5204 cc=astraea pid=899749 child=902125
[sao-listener] single-flow mode: attached worker; stopping ss scans
[sao-listener flow 1] cport=23304 cc=astraea worker active
[worker cport=23804 agent=4] loaded checkpoint step=24571
[worker alg=ma_dreamer reward=tempest_fairness_ma cport=23804 agent=4 group=slot8_ep13 flow=1] started interval=20ms det=1 latent=8x8
[sao-listener] new flow 1 10.0.0.3:23002->10.0.0.10:5201 cc=astraea pid=897183 child=902546
[sao-listener] single-flow mode: attached worker; stopping ss scans
[sao-listener flow 1] cport=23002 cc=astraea worker active
[worker cport=23605 agent=5] loaded checkpoint step=24571
[worker alg=ma_dreamer reward=tempest_fairness_ma cport=23605 agent=5 group=slot6_ep11 flow=1] started interval=20ms det=1 latent=8x8
[sao-listener] new flow 1 10.0.0.4:23503->10.0.0.11:5206 cc=astraea pid=899056 child=903027
[sao-listener] single-flow mode: attached worker; stopping ss scans
[sao-listener flow 1] cport=23503 cc=astraea worker active
[worker cport=23304 agent=4] loaded checkpoint step=24571
[worker alg=ma_dreamer reward=tempest_fairness_ma cport=23304 agent=4 group=slot3_ep16 flow=1] started interval=20ms det=1 latent=8x8
[worker cport=23002 agent=2] loaded checkpoint step=24571
[worker alg=ma_dreamer reward=tempest_fairness_ma cport=23002 agent=2 group=slot0_ep19 flow=1] started interval=20ms det=1 latent=8x8
[sao-listener] new flow 1 10.0.0.5:23204->10.0.0.12:5203 cc=astraea pid=897555 child=903413
[sao-listener] single-flow mode: attached worker; stopping ss scans
[sao-listener flow 1] cport=23204 cc=astraea worker active
[worker cport=23503 agent=3] loaded checkpoint step=24571
[worker alg=ma_dreamer reward=tempest_fairness_ma cport=23503 agent=3 group=slot5_ep18 flow=1] started interval=20ms det=1 latent=8x8
[worker cport=23204 agent=4] loaded checkpoint step=24571
[worker alg=ma_dreamer reward=tempest_fairness_ma cport=23204 agent=4 group=slot2_ep14 flow=1] started interval=20ms det=1 latent=8x8
[orch] link change t=30.0s bw=52 delay=40
[sao-listener] new flow 1 10.0.0.5:23104->10.0.0.12:5202 cc=astraea pid=902493 child=904857
[sao-listener] single-flow mode: attached worker; stopping ss scans
[sao-listener flow 1] cport=23104 cc=astraea worker active
[sao-listener] new flow 1 10.0.0.3:23702->10.0.0.10:5208 cc=astraea pid=899974 child=904989
[sao-listener] single-flow mode: attached worker; stopping ss scans
[sao-listener flow 1] cport=23702 cc=astraea worker active
[sao-listener] new flow 1 10.0.0.6:23905->10.0.0.13:5210 cc=astraea pid=904532 child=905214
[sao-listener] single-flow mode: attached worker; stopping ss scans
[sao-listener flow 1] cport=23905 cc=astraea worker active
[sao-listener] new flow 1 10.0.0.6:23405->10.0.0.13:5205 cc=astraea pid=901942 child=905401
[sao-listener] single-flow mode: attached worker; stopping ss scans
[sao-listener flow 1] cport=23405 cc=astraea worker active
[worker cport=23104 agent=4] loaded checkpoint step=24571
[worker alg=ma_dreamer reward=tempest_fairness_ma cport=23104 agent=4 group=slot1_ep17 flow=1] started interval=20ms det=1 latent=8x8
[worker cport=23702 agent=2] loaded checkpoint step=24571
[worker alg=ma_dreamer reward=tempest_fairness_ma cport=23702 agent=2 group=slot7_ep20 flow=1] started interval=20ms det=1 latent=8x8
[worker cport=23905 agent=5] loaded checkpoint step=24571
[worker alg=ma_dreamer reward=tempest_fairness_ma cport=23905 agent=5 group=slot9_ep15 flow=1] started interval=20ms det=1 latent=8x8
[sao-listener] new flow 1 10.0.0.6:23805->10.0.0.13:5209 cc=astraea pid=902638 child=906090
[sao-listener] single-flow mode: attached worker; stopping ss scans
[sao-listener flow 1] cport=23805 cc=astraea worker active
[worker cport=23405 agent=5] loaded checkpoint step=24571
[worker alg=ma_dreamer reward=tempest_fairness_ma cport=23405 agent=5 group=slot4_ep12 flow=1] started interval=20ms det=1 latent=8x8
[orch] link change t=45.0s bw=34 delay=33
[worker cport=23805 agent=5] loaded checkpoint step=24571
[worker alg=ma_dreamer reward=tempest_fairness_ma cport=23805 agent=5 group=slot8_ep13 flow=1] started interval=20ms det=1 latent=8x8
[orch] link change t=45.0s bw=28 delay=58
[sao-listener] new flow 1 10.0.0.4:23003->10.0.0.11:5201 cc=astraea pid=903286 child=906760
[sao-listener] single-flow mode: attached worker; stopping ss scans
[sao-listener flow 1] cport=23003 cc=astraea worker active
[sao-listener] new flow 1 10.0.0.6:23305->10.0.0.13:5204 cc=astraea pid=905360 child=907072
[sao-listener] single-flow mode: attached worker; stopping ss scans
[sao-listener flow 1] cport=23305 cc=astraea worker active
[orch] link change t=45.0s bw=39 delay=95
[sao-listener] new flow 1 10.0.0.6:23205->10.0.0.13:5203 cc=astraea pid=903629 child=907204
[sao-listener] single-flow mode: attached worker; stopping ss scans
[sao-listener flow 1] cport=23205 cc=astraea worker active
[worker cport=23003 agent=3] loaded checkpoint step=24571
[worker alg=ma_dreamer reward=tempest_fairness_ma cport=23003 agent=3 group=slot0_ep19 flow=1] started interval=20ms det=1 latent=8x8
[orch] link change t=30.0s bw=75 delay=35
[sao-listener] new flow 1 10.0.0.5:23504->10.0.0.12:5206 cc=astraea pid=904781 child=907574
[sao-listener] single-flow mode: attached worker; stopping ss scans
[sao-listener flow 1] cport=23504 cc=astraea worker active
[worker cport=23305 agent=5] loaded checkpoint step=24571
[worker alg=ma_dreamer reward=tempest_fairness_ma cport=23305 agent=5 group=slot3_ep16 flow=1] started interval=20ms det=1 latent=8x8
[worker cport=23205 agent=5] loaded checkpoint step=24571
[worker alg=ma_dreamer reward=tempest_fairness_ma cport=23205 agent=5 group=slot2_ep14 flow=1] started interval=20ms det=1 latent=8x8
[orch] link change t=45.0s bw=44 delay=42
[worker cport=23504 agent=4] loaded checkpoint step=24571
[worker alg=ma_dreamer reward=tempest_fairness_ma cport=23504 agent=4 group=slot5_ep18 flow=1] started interval=20ms det=1 latent=8x8
[sao-listener] new flow 1 10.0.0.6:23105->10.0.0.13:5202 cc=astraea pid=907419 child=908362
[sao-listener] single-flow mode: attached worker; stopping ss scans
[sao-listener flow 1] cport=23105 cc=astraea worker active
[orch] link change t=45.0s bw=12 delay=17
[sao-listener] new flow 1 10.0.0.4:23703->10.0.0.11:5208 cc=astraea pid=905497 child=908598
[sao-listener] single-flow mode: attached worker; stopping ss scans
[sao-listener flow 1] cport=23703 cc=astraea worker active
[worker cport=23105 agent=5] loaded checkpoint step=24571
[worker alg=ma_dreamer reward=tempest_fairness_ma cport=23105 agent=5 group=slot1_ep17 flow=1] started interval=20ms det=1 latent=8x8
[sao-listener] new flow 1 10.0.0.7:23406->10.0.0.14:5205 cc=astraea pid=906997 child=908861
[sao-listener] single-flow mode: attached worker; stopping ss scans
[sao-listener flow 1] cport=23406 cc=astraea worker active
[worker cport=23703 agent=3] loaded checkpoint step=24571
[worker alg=ma_dreamer reward=tempest_fairness_ma cport=23703 agent=3 group=slot7_ep20 flow=1] started interval=20ms det=1 latent=8x8
[orch] link change t=45.0s bw=67 delay=10
[orch] link change t=30.0s bw=91 delay=22
[worker cport=23406 agent=6] loaded checkpoint step=24571
[worker alg=ma_dreamer reward=tempest_fairness_ma cport=23406 agent=6 group=slot4_ep12 flow=1] started interval=20ms det=1 latent=8x8
[sao-listener] new flow 1 10.0.0.7:23806->10.0.0.14:5209 cc=astraea pid=907488 child=909299
[sao-listener] single-flow mode: attached worker; stopping ss scans
[sao-listener flow 1] cport=23806 cc=astraea worker active
[sao-listener] new flow 1 10.0.0.7:23606->10.0.0.14:5207 cc=astraea pid=906490 child=909541
[sao-listener] single-flow mode: attached worker; stopping ss scans
[sao-listener flow 1] cport=23606 cc=astraea worker active
[worker cport=23806 agent=6] loaded checkpoint step=24571
[worker alg=ma_dreamer reward=tempest_fairness_ma cport=23806 agent=6 group=slot8_ep13 flow=1] started interval=20ms det=1 latent=8x8
[sao-listener] new flow 1 10.0.0.5:23004->10.0.0.12:5201 cc=astraea pid=907980 child=909938
[sao-listener] single-flow mode: attached worker; stopping ss scans
[sao-listener flow 1] cport=23004 cc=astraea worker active
[worker cport=23606 agent=6] loaded checkpoint step=24571
[worker alg=ma_dreamer reward=tempest_fairness_ma cport=23606 agent=6 group=slot6_ep11 flow=1] started interval=20ms det=1 latent=8x8
[sao-listener] new flow 1 10.0.0.7:23306->10.0.0.14:5204 cc=astraea pid=909454 child=910184
[sao-listener] single-flow mode: attached worker; stopping ss scans
[sao-listener flow 1] cport=23306 cc=astraea worker active
[worker cport=23004 agent=4] loaded checkpoint step=24571
[worker alg=ma_dreamer reward=tempest_fairness_ma cport=23004 agent=4 group=slot0_ep19 flow=1] started interval=20ms det=1 latent=8x8
[sao-listener] new flow 1 10.0.0.6:23505->10.0.0.13:5206 cc=astraea pid=909077 child=910359
[sao-listener] single-flow mode: attached worker; stopping ss scans
[sao-listener flow 1] cport=23505 cc=astraea worker active
[orch] link change t=45.0s bw=100 delay=100
[sao-listener] new flow 1 10.0.0.7:23206->10.0.0.14:5203 cc=astraea pid=908186 child=910483
[sao-listener] single-flow mode: attached worker; stopping ss scans
[sao-listener flow 1] cport=23206 cc=astraea worker active
[worker cport=23306 agent=6] loaded checkpoint step=24571
[worker alg=ma_dreamer reward=tempest_fairness_ma cport=23306 agent=6 group=slot3_ep16 flow=1] started interval=20ms det=1 latent=8x8
[worker cport=23505 agent=5] loaded checkpoint step=24571
[worker alg=ma_dreamer reward=tempest_fairness_ma cport=23505 agent=5 group=slot5_ep18 flow=1] started interval=20ms det=1 latent=8x8
[worker cport=23206 agent=6] loaded checkpoint step=24571
[worker alg=ma_dreamer reward=tempest_fairness_ma cport=23206 agent=6 group=slot2_ep14 flow=1] started interval=20ms det=1 latent=8x8
[sao-listener] new flow 1 10.0.0.7:23106->10.0.0.14:5202 cc=astraea pid=910735 child=910940
[sao-listener] single-flow mode: attached worker; stopping ss scans
[sao-listener flow 1] cport=23106 cc=astraea worker active
[sao-listener] new flow 1 10.0.0.5:23704->10.0.0.12:5208 cc=astraea pid=909509 child=911062
[sao-listener] single-flow mode: attached worker; stopping ss scans
[sao-listener flow 1] cport=23704 cc=astraea worker active
[sao-listener] new flow 1 10.0.0.7:23906->10.0.0.14:5210 cc=astraea pid=908851 child=911159
[sao-listener] single-flow mode: attached worker; stopping ss scans
[sao-listener flow 1] cport=23906 cc=astraea worker active
[worker cport=23106 agent=6] loaded checkpoint step=24571
[worker alg=ma_dreamer reward=tempest_fairness_ma cport=23106 agent=6 group=slot1_ep17 flow=1] started interval=20ms det=1 latent=8x8
[worker cport=23704 agent=4] loaded checkpoint step=24571
[worker alg=ma_dreamer reward=tempest_fairness_ma cport=23704 agent=4 group=slot7_ep20 flow=1] started interval=20ms det=1 latent=8x8
[orch] link change t=45.0s bw=35 delay=72
[worker cport=23906 agent=6] loaded checkpoint step=24571
[worker alg=ma_dreamer reward=tempest_fairness_ma cport=23906 agent=6 group=slot9_ep15 flow=1] started interval=20ms det=1 latent=8x8
[sao-listener] new flow 1 10.0.0.6:23005->10.0.0.13:5201 cc=astraea pid=911007 child=911695
[sao-listener] single-flow mode: attached worker; stopping ss scans
[sao-listener flow 1] cport=23005 cc=astraea worker active
[orch] link change t=60.0s bw=75 delay=70
[sao-listener] new flow 1 10.0.0.7:23506->10.0.0.14:5206 cc=astraea pid=911531 child=911883
[worker cport=23005 agent=5] loaded checkpoint step=24571
[sao-listener] single-flow mode: attached worker; stopping ss scans
[sao-listener flow 1] cport=23506 cc=astraea worker active
[worker alg=ma_dreamer reward=tempest_fairness_ma cport=23005 agent=5 group=slot0_ep19 flow=1] started interval=20ms det=1 latent=8x8
[orch] link change t=60.0s bw=11 delay=57
[worker cport=23506 agent=6] loaded checkpoint step=24571
[worker alg=ma_dreamer reward=tempest_fairness_ma cport=23506 agent=6 group=slot5_ep18 flow=1] started interval=20ms det=1 latent=8x8
[orch] link change t=60.0s bw=28 delay=38
[orch] link change t=45.0s bw=60 delay=54
[sao-listener] new flow 1 10.0.0.6:23705->10.0.0.13:5208 cc=astraea pid=911649 child=912139
[sao-listener] single-flow mode: attached worker; stopping ss scans
[sao-listener flow 1] cport=23705 cc=astraea worker active
[orch] link change t=60.0s bw=47 delay=19
[worker cport=23705 agent=5] loaded checkpoint step=24571
[worker alg=ma_dreamer reward=tempest_fairness_ma cport=23705 agent=5 group=slot7_ep20 flow=1] started interval=20ms det=1 latent=8x8
[orch] link change t=60.0s bw=97 delay=28
[orch] link change t=60.0s bw=62 delay=94
[sao-listener] new flow 1 10.0.0.7:23006->10.0.0.14:5201 cc=astraea pid=912223 child=912395
[sao-listener] single-flow mode: attached worker; stopping ss scans
[sao-listener flow 1] cport=23006 cc=astraea worker active
[orch] link change t=45.0s bw=51 delay=83
[worker cport=23006 agent=6] loaded checkpoint step=24571
[worker alg=ma_dreamer reward=tempest_fairness_ma cport=23006 agent=6 group=slot0_ep19 flow=1] started interval=20ms det=1 latent=8x8
[orch] link change t=60.0s bw=79 delay=94
[sao-listener] new flow 1 10.0.0.7:23706->10.0.0.14:5208 cc=astraea pid=912471 child=912581
[sao-listener] single-flow mode: attached worker; stopping ss scans
[sao-listener flow 1] cport=23706 cc=astraea worker active
[worker cport=23706 agent=6] loaded checkpoint step=24571
[worker alg=ma_dreamer reward=tempest_fairness_ma cport=23706 agent=6 group=slot7_ep20 flow=1] started interval=20ms det=1 latent=8x8
[orch] link change t=60.0s bw=90 delay=73
[orch] link change t=75.0s bw=90 delay=88
[orch] link change t=75.0s bw=71 delay=45
[orch] link change t=75.0s bw=92 delay=33
[orch] link change t=60.0s bw=77 delay=47
[orch] link change t=75.0s bw=94 delay=67
[orch] link change t=75.0s bw=98 delay=57
[orch] link change t=75.0s bw=43 delay=40
[orch] link change t=60.0s bw=31 delay=13
[orch] link change t=75.0s bw=45 delay=24
[orch] link change t=75.0s bw=33 delay=71
[orch] link change t=90.0s bw=33 delay=22
[orch] link change t=90.0s bw=92 delay=68
[orch] link change t=90.0s bw=26 delay=19
[orch] link change t=75.0s bw=84 delay=28
[orch] link change t=90.0s bw=48 delay=69
[orch] link change t=90.0s bw=40 delay=24
[orch] link change t=90.0s bw=91 delay=38
[orch] link change t=75.0s bw=62 delay=62
[orch] link change t=90.0s bw=13 delay=41
[orch] link change t=90.0s bw=47 delay=68
[orch] link change t=105.0s bw=67 delay=48
[orch] link change t=105.0s bw=98 delay=86
[orch] link change t=105.0s bw=78 delay=37
[orch] link change t=90.0s bw=86 delay=43
[orch] link change t=105.0s bw=97 delay=60
[orch] link change t=105.0s bw=53 delay=69
[orch] link change t=105.0s bw=11 delay=47
[orch] link change t=90.0s bw=19 delay=23
[orch] link change t=105.0s bw=59 delay=63
[orch] link change t=105.0s bw=43 delay=35
[orch] link change t=120.0s bw=28 delay=21
[orch] link change t=120.0s bw=39 delay=81
[orch] link change t=120.0s bw=47 delay=13
[orch] link change t=105.0s bw=23 delay=43
[orch] link change t=120.0s bw=60 delay=25
[orch] link change t=120.0s bw=100 delay=55
[orch] link change t=120.0s bw=48 delay=52
[orch] link change t=105.0s bw=26 delay=50
[orch] link change t=120.0s bw=42 delay=74
[orch] link change t=120.0s bw=42 delay=98
[orch] link change t=135.0s bw=78 delay=98
[orch] link change t=135.0s bw=10 delay=94
[orch] link change t=135.0s bw=65 delay=26
[orch] link change t=120.0s bw=62 delay=51
[orch] link change t=135.0s bw=43 delay=38
[orch] link change t=135.0s bw=45 delay=60
[orch] link change t=135.0s bw=95 delay=28
[orch] link change t=120.0s bw=70 delay=84
[orch] link change t=135.0s bw=50 delay=91
[orch] link change t=135.0s bw=25 delay=51
[orch] link change t=150.0s bw=91 delay=15
[orch] link change t=150.0s bw=89 delay=28
[orch] link change t=150.0s bw=97 delay=87
[orch] link change t=135.0s bw=44 delay=23
[orch] link change t=150.0s bw=50 delay=55
[orch] link change t=150.0s bw=43 delay=54
[orch] link change t=150.0s bw=87 delay=49
[orch] link change t=135.0s bw=67 delay=62
[orch] link change t=150.0s bw=97 delay=61
[orch] link change t=150.0s bw=76 delay=96
[orch] link change t=165.0s bw=86 delay=60
[orch] link change t=165.0s bw=66 delay=57
[orch] link change t=165.0s bw=11 delay=45
[orch] link change t=150.0s bw=51 delay=49
[orch] link change t=165.0s bw=43 delay=56
[orch] link change t=165.0s bw=39 delay=36
[orch] link change t=165.0s bw=12 delay=38
[orch] link change t=150.0s bw=36 delay=35
[orch] link change t=165.0s bw=27 delay=80
[orch] link change t=165.0s bw=32 delay=40
[orch] link change t=180.0s bw=67 delay=93
[orch] link change t=180.0s bw=30 delay=53
[orch] link change t=180.0s bw=28 delay=20
[orch] link change t=165.0s bw=12 delay=82
[orch] link change t=180.0s bw=90 delay=90
[orch] link change t=180.0s bw=55 delay=50
[orch] link change t=180.0s bw=87 delay=42
[orch] link change t=165.0s bw=50 delay=90
[orch] link change t=180.0s bw=17 delay=27
[orch] link change t=180.0s bw=31 delay=40
[orch] link change t=195.0s bw=88 delay=93
[orch] link change t=195.0s bw=36 delay=17
[orch] link change t=195.0s bw=43 delay=67
[orch] link change t=180.0s bw=89 delay=35
[orch] link change t=195.0s bw=76 delay=29
[orch] link change t=195.0s bw=38 delay=49
[orch] link change t=195.0s bw=12 delay=29
[orch] link change t=180.0s bw=97 delay=52
[orch] link change t=195.0s bw=35 delay=29
[orch] link change t=195.0s bw=35 delay=56
[orch] link change t=210.0s bw=30 delay=89
[orch] link change t=210.0s bw=83 delay=35
[orch] link change t=210.0s bw=65 delay=27
[orch] link change t=195.0s bw=19 delay=35
[orch] link change t=210.0s bw=30 delay=80
[orch] link change t=210.0s bw=75 delay=63
[orch] link change t=210.0s bw=87 delay=95
[orch] link change t=195.0s bw=52 delay=64
[orch] link change t=210.0s bw=100 delay=78
[orch] link change t=210.0s bw=83 delay=74
[orch] link change t=225.0s bw=11 delay=77
[orch] link change t=225.0s bw=19 delay=75
[orch] link change t=225.0s bw=42 delay=55
[orch] link change t=210.0s bw=24 delay=79
[orch] link change t=225.0s bw=95 delay=94
[orch] link change t=225.0s bw=39 delay=83
[orch] link change t=225.0s bw=90 delay=13
[orch] link change t=210.0s bw=21 delay=90
[orch] link change t=225.0s bw=81 delay=97
[orch] link change t=225.0s bw=35 delay=96
[orch] link change t=240.0s bw=18 delay=17
[orch] link change t=240.0s bw=97 delay=53
[orch] link change t=240.0s bw=39 delay=72
[orch] link change t=225.0s bw=68 delay=59
[orch] link change t=240.0s bw=45 delay=31
[orch] link change t=240.0s bw=68 delay=63
[orch] link change t=240.0s bw=69 delay=68
[orch] link change t=225.0s bw=76 delay=72
[orch] link change t=240.0s bw=36 delay=52
[orch] link change t=240.0s bw=73 delay=37
[orch] link change t=255.0s bw=14 delay=34
[orch] link change t=255.0s bw=97 delay=61
[orch] link change t=255.0s bw=80 delay=82
[orch] link change t=240.0s bw=19 delay=22
[orch] link change t=255.0s bw=11 delay=93
[orch] link change t=255.0s bw=72 delay=20
[orch] link change t=255.0s bw=86 delay=90
[orch] link change t=240.0s bw=61 delay=20
[orch] link change t=255.0s bw=79 delay=25
[orch] link change t=255.0s bw=48 delay=43
[orch] link change t=270.0s bw=40 delay=86
[orch] link change t=270.0s bw=21 delay=12
[orch] link change t=270.0s bw=64 delay=95
[orch] link change t=255.0s bw=63 delay=12
[orch] link change t=270.0s bw=18 delay=25
[orch] link change t=270.0s bw=69 delay=82
[orch] link change t=270.0s bw=100 delay=47
[orch] link change t=255.0s bw=36 delay=83
[orch] link change t=270.0s bw=91 delay=18
[orch] link change t=270.0s bw=10 delay=53
[orch] link change t=285.0s bw=13 delay=69
[orch] link change t=285.0s bw=17 delay=94
[orch] link change t=285.0s bw=56 delay=65
[orch] link change t=270.0s bw=22 delay=84
[orch] link change t=285.0s bw=86 delay=53
[orch] link change t=285.0s bw=56 delay=66
[orch] link change t=285.0s bw=38 delay=49
[orch] link change t=270.0s bw=41 delay=14
[orch] link change t=285.0s bw=49 delay=62
[orch] link change t=285.0s bw=61 delay=38
[orch] link change t=300.0s bw=51 delay=66
[orch] link change t=300.0s bw=75 delay=38
[orch] link change t=300.0s bw=91 delay=50
[orch] link change t=285.0s bw=64 delay=60
[orch] link change t=300.0s bw=13 delay=20
[orch] link change t=300.0s bw=82 delay=50
[orch] link change t=300.0s bw=56 delay=43
[orch] link change t=285.0s bw=35 delay=22
[orch] link change t=300.0s bw=20 delay=74
[orch] link change t=300.0s bw=61 delay=78
[orch] link change t=315.0s bw=85 delay=35
[orch] link change t=315.0s bw=21 delay=64
[orch] link change t=315.0s bw=93 delay=25
[orch] link change t=300.0s bw=66 delay=94
[orch] link change t=315.0s bw=45 delay=36
[orch] link change t=315.0s bw=98 delay=92
[orch] link change t=315.0s bw=63 delay=21
[orch] link change t=300.0s bw=20 delay=34
[orch] link change t=315.0s bw=70 delay=91
[orch] link change t=315.0s bw=54 delay=85
[orch] link change t=330.0s bw=76 delay=39
[orch] link change t=330.0s bw=66 delay=24
[orch] link change t=330.0s bw=54 delay=86
[orch] link change t=315.0s bw=48 delay=83
[orch] link change t=330.0s bw=58 delay=61
[orch] link change t=330.0s bw=67 delay=61
[orch] link change t=330.0s bw=54 delay=73
[orch] link change t=315.0s bw=42 delay=98
[orch] link change t=330.0s bw=86 delay=28
[orch] link change t=330.0s bw=83 delay=77
[orch] link change t=330.0s bw=74 delay=30
[orch] link change t=330.0s bw=46 delay=49
[multi_ep_plot] saved -> /its/home/mm2350/extra/Olympusv2/benchmarks/benchmark_responsive_fairness/data/ma_dreamer_credit/7_flows/run11/ep000011_bw67_d81_n7.pdf  return=1120355.6
[ep_plot] ep=11 -> /its/home/mm2350/extra/Olympusv2/benchmarks/benchmark_responsive_fairness/data/ma_dreamer_credit/7_flows/run11/ep000011_bw67_d81_n7.pdf  return=1120355.6328125
[orch] ep=11 sum-of-agents return=1120355.6
[responsive_fairness] slot=6 ma_dreamer_credit flows=7 run=21
[responsive_fairness] ma_dreamer_credit flows=7 run=11 done (161/200)
[slot=6] ep=21  flows=7  bw=31Mbps  delay=63ms  duration=345s  delays=[0.0, 7.5, 15.0, 22.5, 30.0, 37.5, 45.0]  lifetimes=[345.0, 337.5, 330.0, 322.5, 315.0, 307.5, 300.0]
[multi_ep_plot] saved -> /its/home/mm2350/extra/Olympusv2/benchmarks/benchmark_responsive_fairness/data/ma_dreamer_credit/7_flows/run12/ep000012_bw70_d44_n7.pdf  return=1434172.0
[ep_plot] ep=12 -> /its/home/mm2350/extra/Olympusv2/benchmarks/benchmark_responsive_fairness/data/ma_dreamer_credit/7_flows/run12/ep000012_bw70_d44_n7.pdf  return=1434172.046875
[orch] ep=12 sum-of-agents return=1434172.0
[responsive_fairness] slot=4 ma_dreamer_credit flows=7 run=22
[responsive_fairness] ma_dreamer_credit flows=7 run=12 done (162/200)
[slot=4] ep=22  flows=7  bw=27Mbps  delay=41ms  duration=345s  delays=[0.0, 7.5, 15.0, 22.5, 30.0, 37.5, 45.0]  lifetimes=[345.0, 337.5, 330.0, 322.5, 315.0, 307.5, 300.0]
[sao-listener] cport=23600 worker=/its/home/mm2350/extra/Olympusv2/olympus/algorithms/ma_dreamer/worker.py scan=20ms target_cc=astraea single_flow=1 no_state_pipe=1
[sao-listener] cport=23601 worker=/its/home/mm2350/extra/Olympusv2/olympus/algorithms/ma_dreamer/worker.py scan=20ms target_cc=astraea single_flow=1 no_state_pipe=1
[sao-listener] cport=23602 worker=/its/home/mm2350/extra/Olympusv2/olympus/algorithms/ma_dreamer/worker.py scan=20ms target_cc=astraea single_flow=1 no_state_pipe=1
[sao-listener] cport=23603 worker=/its/home/mm2350/extra/Olympusv2/olympus/algorithms/ma_dreamer/worker.py scan=20ms target_cc=astraea single_flow=1 no_state_pipe=1
[sao-listener] cport=23604 worker=/its/home/mm2350/extra/Olympusv2/olympus/algorithms/ma_dreamer/worker.py scan=20ms target_cc=astraea single_flow=1 no_state_pipe=1
[sao-listener] cport=23605 worker=/its/home/mm2350/extra/Olympusv2/olympus/algorithms/ma_dreamer/worker.py scan=20ms target_cc=astraea single_flow=1 no_state_pipe=1
[sao-listener] cport=23606 worker=/its/home/mm2350/extra/Olympusv2/olympus/algorithms/ma_dreamer/worker.py scan=20ms target_cc=astraea single_flow=1 no_state_pipe=1
[multi_ep_plot] saved -> /its/home/mm2350/extra/Olympusv2/benchmarks/benchmark_responsive_fairness/data/ma_dreamer_credit/7_flows/run13/ep000013_bw43_d47_n7.pdf  return=1398580.6
[ep_plot] ep=13 -> /its/home/mm2350/extra/Olympusv2/benchmarks/benchmark_responsive_fairness/data/ma_dreamer_credit/7_flows/run13/ep000013_bw43_d47_n7.pdf  return=1398580.609375
[orch] ep=13 sum-of-agents return=1398580.6
[responsive_fairness] slot=8 ma_dreamer_credit flows=7 run=23
[responsive_fairness] ma_dreamer_credit flows=7 run=13 done (163/200)
[slot=8] ep=23  flows=7  bw=47Mbps  delay=20ms  duration=345s  delays=[0.0, 7.5, 15.0, 22.5, 30.0, 37.5, 45.0]  lifetimes=[345.0, 337.5, 330.0, 322.5, 315.0, 307.5, 300.0]
[sao-listener] cport=23400 worker=/its/home/mm2350/extra/Olympusv2/olympus/algorithms/ma_dreamer/worker.py scan=20ms target_cc=astraea single_flow=1 no_state_pipe=1
[sao-listener] cport=23401 worker=/its/home/mm2350/extra/Olympusv2/olympus/algorithms/ma_dreamer/worker.py scan=20ms target_cc=astraea single_flow=1 no_state_pipe=1
[sao-listener] cport=23402 worker=/its/home/mm2350/extra/Olympusv2/olympus/algorithms/ma_dreamer/worker.py scan=20ms target_cc=astraea single_flow=1 no_state_pipe=1
[sao-listener] cport=23403 worker=/its/home/mm2350/extra/Olympusv2/olympus/algorithms/ma_dreamer/worker.py scan=20ms target_cc=astraea single_flow=1 no_state_pipe=1
[sao-listener] cport=23404 worker=/its/home/mm2350/extra/Olympusv2/olympus/algorithms/ma_dreamer/worker.py scan=20ms target_cc=astraea single_flow=1 no_state_pipe=1
[sao-listener] cport=23405 worker=/its/home/mm2350/extra/Olympusv2/olympus/algorithms/ma_dreamer/worker.py scan=20ms target_cc=astraea single_flow=1 no_state_pipe=1
[sao-listener] cport=23406 worker=/its/home/mm2350/extra/Olympusv2/olympus/algorithms/ma_dreamer/worker.py scan=20ms target_cc=astraea single_flow=1 no_state_pipe=1
[sao-listener] cport=23800 worker=/its/home/mm2350/extra/Olympusv2/olympus/algorithms/ma_dreamer/worker.py scan=20ms target_cc=astraea single_flow=1 no_state_pipe=1
[sao-listener] cport=23801 worker=/its/home/mm2350/extra/Olympusv2/olympus/algorithms/ma_dreamer/worker.py scan=20ms target_cc=astraea single_flow=1 no_state_pipe=1
[multi_ep_plot] saved -> /its/home/mm2350/extra/Olympusv2/benchmarks/benchmark_responsive_fairness/data/ma_dreamer_credit/7_flows/run14/ep000014_bw23_d88_n7.pdf  return=1385710.7
[ep_plot] ep=14 -> /its/home/mm2350/extra/Olympusv2/benchmarks/benchmark_responsive_fairness/data/ma_dreamer_credit/7_flows/run14/ep000014_bw23_d88_n7.pdf  return=1385710.65625
[orch] ep=14 sum-of-agents return=1385710.7
[sao-listener] cport=23802 worker=/its/home/mm2350/extra/Olympusv2/olympus/algorithms/ma_dreamer/worker.py scan=20ms target_cc=astraea single_flow=1 no_state_pipe=1
[responsive_fairness] slot=2 ma_dreamer_credit flows=7 run=24
[responsive_fairness] ma_dreamer_credit flows=7 run=14 done (164/200)
[slot=2] ep=24  flows=7  bw=59Mbps  delay=84ms  duration=345s  delays=[0.0, 7.5, 15.0, 22.5, 30.0, 37.5, 45.0]  lifetimes=[345.0, 337.5, 330.0, 322.5, 315.0, 307.5, 300.0]
[sao-listener] cport=23803 worker=/its/home/mm2350/extra/Olympusv2/olympus/algorithms/ma_dreamer/worker.py scan=20ms target_cc=astraea single_flow=1 no_state_pipe=1
[sao-listener] cport=23804 worker=/its/home/mm2350/extra/Olympusv2/olympus/algorithms/ma_dreamer/worker.py scan=20ms target_cc=astraea single_flow=1 no_state_pipe=1
[sao-listener] cport=23805 worker=/its/home/mm2350/extra/Olympusv2/olympus/algorithms/ma_dreamer/worker.py scan=20ms target_cc=astraea single_flow=1 no_state_pipe=1
[sao-listener] cport=23806 worker=/its/home/mm2350/extra/Olympusv2/olympus/algorithms/ma_dreamer/worker.py scan=20ms target_cc=astraea single_flow=1 no_state_pipe=1
[sao-listener] new flow 1 10.0.0.1:23600->10.0.0.8:5207 cc=astraea pid=916952 child=919471
[sao-listener] single-flow mode: attached worker; stopping ss scans
[sao-listener flow 1] cport=23600 cc=astraea worker active
[multi_ep_plot] saved -> /its/home/mm2350/extra/Olympusv2/benchmarks/benchmark_responsive_fairness/data/ma_dreamer_credit/7_flows/run15/ep000015_bw36_d11_n7.pdf  return=2036763.8
[ep_plot] ep=15 -> /its/home/mm2350/extra/Olympusv2/benchmarks/benchmark_responsive_fairness/data/ma_dreamer_credit/7_flows/run15/ep000015_bw36_d11_n7.pdf  return=2036763.8125
[orch] ep=15 sum-of-agents return=2036763.8
[responsive_fairness] slot=9 ma_dreamer_credit flows=7 run=25
[responsive_fairness] ma_dreamer_credit flows=7 run=15 done (165/200)
[sao-listener] cport=23200 worker=/its/home/mm2350/extra/Olympusv2/olympus/algorithms/ma_dreamer/worker.py scan=20ms target_cc=astraea single_flow=1 no_state_pipe=1
[slot=9] ep=25  flows=7  bw=58Mbps  delay=11ms  duration=345s  delays=[0.0, 7.5, 15.0, 22.5, 30.0, 37.5, 45.0]  lifetimes=[345.0, 337.5, 330.0, 322.5, 315.0, 307.5, 300.0]
[sao-listener] cport=23201 worker=/its/home/mm2350/extra/Olympusv2/olympus/algorithms/ma_dreamer/worker.py scan=20ms target_cc=astraea single_flow=1 no_state_pipe=1
[sao-listener] cport=23202 worker=/its/home/mm2350/extra/Olympusv2/olympus/algorithms/ma_dreamer/worker.py scan=20ms target_cc=astraea single_flow=1 no_state_pipe=1
[sao-listener] cport=23203 worker=/its/home/mm2350/extra/Olympusv2/olympus/algorithms/ma_dreamer/worker.py scan=20ms target_cc=astraea single_flow=1 no_state_pipe=1
[sao-listener] cport=23204 worker=/its/home/mm2350/extra/Olympusv2/olympus/algorithms/ma_dreamer/worker.py scan=20ms target_cc=astraea single_flow=1 no_state_pipe=1
[sao-listener] cport=23205 worker=/its/home/mm2350/extra/Olympusv2/olympus/algorithms/ma_dreamer/worker.py scan=20ms target_cc=astraea single_flow=1 no_state_pipe=1
[sao-listener] cport=23206 worker=/its/home/mm2350/extra/Olympusv2/olympus/algorithms/ma_dreamer/worker.py scan=20ms target_cc=astraea single_flow=1 no_state_pipe=1
[worker cport=23600 agent=0] loaded checkpoint step=24571
[worker alg=ma_dreamer reward=tempest_fairness_ma cport=23600 agent=0 group=slot6_ep21 flow=1] started interval=20ms det=1 latent=8x8
[sao-listener] new flow 1 10.0.0.1:23400->10.0.0.8:5205 cc=astraea pid=918366 child=920909
[sao-listener] single-flow mode: attached worker; stopping ss scans
[sao-listener flow 1] cport=23400 cc=astraea worker active
[sao-listener] cport=23900 worker=/its/home/mm2350/extra/Olympusv2/olympus/algorithms/ma_dreamer/worker.py scan=20ms target_cc=astraea single_flow=1 no_state_pipe=1
[sao-listener] cport=23901 worker=/its/home/mm2350/extra/Olympusv2/olympus/algorithms/ma_dreamer/worker.py scan=20ms target_cc=astraea single_flow=1 no_state_pipe=1
[sao-listener] cport=23902 worker=/its/home/mm2350/extra/Olympusv2/olympus/algorithms/ma_dreamer/worker.py scan=20ms target_cc=astraea single_flow=1 no_state_pipe=1
[sao-listener] cport=23903 worker=/its/home/mm2350/extra/Olympusv2/olympus/algorithms/ma_dreamer/worker.py scan=20ms target_cc=astraea single_flow=1 no_state_pipe=1
[sao-listener] cport=23904 worker=/its/home/mm2350/extra/Olympusv2/olympus/algorithms/ma_dreamer/worker.py scan=20ms target_cc=astraea single_flow=1 no_state_pipe=1
[sao-listener] cport=23905 worker=/its/home/mm2350/extra/Olympusv2/olympus/algorithms/ma_dreamer/worker.py scan=20ms target_cc=astraea single_flow=1 no_state_pipe=1
[sao-listener] cport=23906 worker=/its/home/mm2350/extra/Olympusv2/olympus/algorithms/ma_dreamer/worker.py scan=20ms target_cc=astraea single_flow=1 no_state_pipe=1
[multi_ep_plot] saved -> /its/home/mm2350/extra/Olympusv2/benchmarks/benchmark_responsive_fairness/data/ma_dreamer_credit/7_flows/run16/ep000016_bw56_d70_n7.pdf  return=1764094.7
[ep_plot] ep=16 -> /its/home/mm2350/extra/Olympusv2/benchmarks/benchmark_responsive_fairness/data/ma_dreamer_credit/7_flows/run16/ep000016_bw56_d70_n7.pdf  return=1764094.734375
[orch] ep=16 sum-of-agents return=1764094.7
[responsive_fairness] slot=3 ma_dreamer_credit flows=7 run=26
[responsive_fairness] ma_dreamer_credit flows=7 run=16 done (166/200)
[slot=3] ep=26  flows=7  bw=35Mbps  delay=94ms  duration=345s  delays=[0.0, 7.5, 15.0, 22.5, 30.0, 37.5, 45.0]  lifetimes=[345.0, 337.5, 330.0, 322.5, 315.0, 307.5, 300.0]
[worker cport=23400 agent=0] loaded checkpoint step=24571
[worker alg=ma_dreamer reward=tempest_fairness_ma cport=23400 agent=0 group=slot4_ep22 flow=1] started interval=20ms det=1 latent=8x8
[sao-listener] new flow 1 10.0.0.1:23800->10.0.0.8:5209 cc=astraea pid=918740 child=922346
[sao-listener] single-flow mode: attached worker; stopping ss scans
[sao-listener flow 1] cport=23800 cc=astraea worker active
[sao-listener] cport=23300 worker=/its/home/mm2350/extra/Olympusv2/olympus/algorithms/ma_dreamer/worker.py scan=20ms target_cc=astraea single_flow=1 no_state_pipe=1
[sao-listener] cport=23301 worker=/its/home/mm2350/extra/Olympusv2/olympus/algorithms/ma_dreamer/worker.py scan=20ms target_cc=astraea single_flow=1 no_state_pipe=1
[sao-listener] cport=23302 worker=/its/home/mm2350/extra/Olympusv2/olympus/algorithms/ma_dreamer/worker.py scan=20ms target_cc=astraea single_flow=1 no_state_pipe=1
[sao-listener] cport=23303 worker=/its/home/mm2350/extra/Olympusv2/olympus/algorithms/ma_dreamer/worker.py scan=20ms target_cc=astraea single_flow=1 no_state_pipe=1
[sao-listener] cport=23304 worker=/its/home/mm2350/extra/Olympusv2/olympus/algorithms/ma_dreamer/worker.py scan=20ms target_cc=astraea single_flow=1 no_state_pipe=1
[sao-listener] cport=23305 worker=/its/home/mm2350/extra/Olympusv2/olympus/algorithms/ma_dreamer/worker.py scan=20ms target_cc=astraea single_flow=1 no_state_pipe=1
[sao-listener] cport=23306 worker=/its/home/mm2350/extra/Olympusv2/olympus/algorithms/ma_dreamer/worker.py scan=20ms target_cc=astraea single_flow=1 no_state_pipe=1
[worker cport=23800 agent=0] loaded checkpoint step=24571
[worker alg=ma_dreamer reward=tempest_fairness_ma cport=23800 agent=0 group=slot8_ep23 flow=1] started interval=20ms det=1 latent=8x8
[sao-listener] new flow 1 10.0.0.1:23200->10.0.0.8:5203 cc=astraea pid=920074 child=924448
[sao-listener] single-flow mode: attached worker; stopping ss scans
[sao-listener flow 1] cport=23200 cc=astraea worker active
[worker cport=23200 agent=0] loaded checkpoint step=24571
[worker alg=ma_dreamer reward=tempest_fairness_ma cport=23200 agent=0 group=slot2_ep24 flow=1] started interval=20ms det=1 latent=8x8
[multi_ep_plot] saved -> /its/home/mm2350/extra/Olympusv2/benchmarks/benchmark_responsive_fairness/data/ma_dreamer_credit/7_flows/run17/ep000017_bw76_d63_n7.pdf  return=834087.1
[ep_plot] ep=17 -> /its/home/mm2350/extra/Olympusv2/benchmarks/benchmark_responsive_fairness/data/ma_dreamer_credit/7_flows/run17/ep000017_bw76_d63_n7.pdf  return=834087.09375
[orch] ep=17 sum-of-agents return=834087.1
[responsive_fairness] slot=1 ma_dreamer_credit flows=7 run=27
[responsive_fairness] ma_dreamer_credit flows=7 run=17 done (167/200)
[slot=1] ep=27  flows=7  bw=93Mbps  delay=71ms  duration=345s  delays=[0.0, 7.5, 15.0, 22.5, 30.0, 37.5, 45.0]  lifetimes=[345.0, 337.5, 330.0, 322.5, 315.0, 307.5, 300.0]
[sao-listener] new flow 1 10.0.0.1:23900->10.0.0.8:5210 cc=astraea pid=921880 child=925831
[sao-listener] single-flow mode: attached worker; stopping ss scans
[sao-listener flow 1] cport=23900 cc=astraea worker active
[sao-listener] new flow 1 10.0.0.2:23801->10.0.0.9:5209 cc=astraea pid=925969 child=926153
[sao-listener] single-flow mode: attached worker; stopping ss scans
[sao-listener flow 1] cport=23801 cc=astraea worker active
[worker cport=23900 agent=0] loaded checkpoint step=24571
[worker alg=ma_dreamer reward=tempest_fairness_ma cport=23900 agent=0 group=slot9_ep25 flow=1] started interval=20ms det=1 latent=8x8
[sao-listener] cport=23100 worker=/its/home/mm2350/extra/Olympusv2/olympus/algorithms/ma_dreamer/worker.py scan=20ms target_cc=astraea single_flow=1 no_state_pipe=1
[sao-listener] cport=23101 worker=/its/home/mm2350/extra/Olympusv2/olympus/algorithms/ma_dreamer/worker.py scan=20ms target_cc=astraea single_flow=1 no_state_pipe=1
[sao-listener] cport=23102 worker=/its/home/mm2350/extra/Olympusv2/olympus/algorithms/ma_dreamer/worker.py scan=20ms target_cc=astraea single_flow=1 no_state_pipe=1
[sao-listener] cport=23103 worker=/its/home/mm2350/extra/Olympusv2/olympus/algorithms/ma_dreamer/worker.py scan=20ms target_cc=astraea single_flow=1 no_state_pipe=1
[sao-listener] cport=23104 worker=/its/home/mm2350/extra/Olympusv2/olympus/algorithms/ma_dreamer/worker.py scan=20ms target_cc=astraea single_flow=1 no_state_pipe=1
[sao-listener] cport=23105 worker=/its/home/mm2350/extra/Olympusv2/olympus/algorithms/ma_dreamer/worker.py scan=20ms target_cc=astraea single_flow=1 no_state_pipe=1
[sao-listener] cport=23106 worker=/its/home/mm2350/extra/Olympusv2/olympus/algorithms/ma_dreamer/worker.py scan=20ms target_cc=astraea single_flow=1 no_state_pipe=1
[worker cport=23801 agent=1] loaded checkpoint step=24571
[worker alg=ma_dreamer reward=tempest_fairness_ma cport=23801 agent=1 group=slot8_ep23 flow=1] started interval=20ms det=1 latent=8x8
[sao-listener] new flow 1 10.0.0.2:23601->10.0.0.9:5207 cc=astraea pid=924564 child=927854
[sao-listener] single-flow mode: attached worker; stopping ss scans
[sao-listener flow 1] cport=23601 cc=astraea worker active
[sao-listener] new flow 1 10.0.0.1:23300->10.0.0.8:5204 cc=astraea pid=923757 child=928456
[sao-listener] single-flow mode: attached worker; stopping ss scans
[sao-listener flow 1] cport=23300 cc=astraea worker active
[worker cport=23601 agent=1] loaded checkpoint step=24571
[worker alg=ma_dreamer reward=tempest_fairness_ma cport=23601 agent=1 group=slot6_ep21 flow=1] started interval=20ms det=1 latent=8x8
[multi_ep_plot] saved -> /its/home/mm2350/extra/Olympusv2/benchmarks/benchmark_responsive_fairness/data/ma_dreamer_credit/7_flows/run18/ep000018_bw33_d25_n7.pdf  return=1361659.4
[ep_plot] ep=18 -> /its/home/mm2350/extra/Olympusv2/benchmarks/benchmark_responsive_fairness/data/ma_dreamer_credit/7_flows/run18/ep000018_bw33_d25_n7.pdf  return=1361659.40625
[orch] ep=18 sum-of-agents return=1361659.4
[responsive_fairness] slot=5 ma_dreamer_credit flows=7 run=28
[responsive_fairness] ma_dreamer_credit flows=7 run=18 done (168/200)
[slot=5] ep=28  flows=7  bw=24Mbps  delay=26ms  duration=345s  delays=[0.0, 7.5, 15.0, 22.5, 30.0, 37.5, 45.0]  lifetimes=[345.0, 337.5, 330.0, 322.5, 315.0, 307.5, 300.0]
[sao-listener] new flow 1 10.0.0.2:23201->10.0.0.9:5203 cc=astraea pid=927571 child=929570
[sao-listener] single-flow mode: attached worker; stopping ss scans
[sao-listener flow 1] cport=23201 cc=astraea worker active
[worker cport=23300 agent=0] loaded checkpoint step=24571
[worker alg=ma_dreamer reward=tempest_fairness_ma cport=23300 agent=0 group=slot3_ep26 flow=1] started interval=20ms det=1 latent=8x8
[sao-listener] new flow 1 10.0.0.2:23401->10.0.0.9:5205 cc=astraea pid=925345 child=930411
[sao-listener] single-flow mode: attached worker; stopping ss scans
[sao-listener flow 1] cport=23401 cc=astraea worker active
[worker cport=23201 agent=1] loaded checkpoint step=24571
[worker alg=ma_dreamer reward=tempest_fairness_ma cport=23201 agent=1 group=slot2_ep24 flow=1] started interval=20ms det=1 latent=8x8
[orch] link change t=15.0s bw=98 delay=63
[sao-listener] cport=23500 worker=/its/home/mm2350/extra/Olympusv2/olympus/algorithms/ma_dreamer/worker.py scan=20ms target_cc=astraea single_flow=1 no_state_pipe=1
[sao-listener] cport=23501 worker=/its/home/mm2350/extra/Olympusv2/olympus/algorithms/ma_dreamer/worker.py scan=20ms target_cc=astraea single_flow=1 no_state_pipe=1
[sao-listener] cport=23502 worker=/its/home/mm2350/extra/Olympusv2/olympus/algorithms/ma_dreamer/worker.py scan=20ms target_cc=astraea single_flow=1 no_state_pipe=1
[sao-listener] cport=23503 worker=/its/home/mm2350/extra/Olympusv2/olympus/algorithms/ma_dreamer/worker.py scan=20ms target_cc=astraea single_flow=1 no_state_pipe=1
[sao-listener] cport=23504 worker=/its/home/mm2350/extra/Olympusv2/olympus/algorithms/ma_dreamer/worker.py scan=20ms target_cc=astraea single_flow=1 no_state_pipe=1
[sao-listener] cport=23505 worker=/its/home/mm2350/extra/Olympusv2/olympus/algorithms/ma_dreamer/worker.py scan=20ms target_cc=astraea single_flow=1 no_state_pipe=1
[sao-listener] cport=23506 worker=/its/home/mm2350/extra/Olympusv2/olympus/algorithms/ma_dreamer/worker.py scan=20ms target_cc=astraea single_flow=1 no_state_pipe=1
[sao-listener] new flow 1 10.0.0.2:23901->10.0.0.9:5210 cc=astraea pid=928939 child=931634
[sao-listener] single-flow mode: attached worker; stopping ss scans
[sao-listener flow 1] cport=23901 cc=astraea worker active
[worker cport=23401 agent=1] loaded checkpoint step=24571
[worker alg=ma_dreamer reward=tempest_fairness_ma cport=23401 agent=1 group=slot4_ep22 flow=1] started interval=20ms det=1 latent=8x8
[orch] link change t=15.0s bw=13 delay=88
[orch] link change t=15.0s bw=12 delay=85
[worker cport=23901 agent=1] loaded checkpoint step=24571
[worker alg=ma_dreamer reward=tempest_fairness_ma cport=23901 agent=1 group=slot9_ep25 flow=1] started interval=20ms det=1 latent=8x8
[sao-listener] new flow 1 10.0.0.1:23100->10.0.0.8:5202 cc=astraea pid=928015 child=933309
[sao-listener] single-flow mode: attached worker; stopping ss scans
[sao-listener flow 1] cport=23100 cc=astraea worker active
[orch] link change t=15.0s bw=33 delay=37
[sao-listener] new flow 1 10.0.0.3:23602->10.0.0.10:5207 cc=astraea pid=931922 child=933784
[sao-listener] single-flow mode: attached worker; stopping ss scans
[sao-listener flow 1] cport=23602 cc=astraea worker active
[sao-listener] new flow 1 10.0.0.2:23301->10.0.0.9:5204 cc=astraea pid=930740 child=933890
[sao-listener] single-flow mode: attached worker; stopping ss scans
[sao-listener flow 1] cport=23301 cc=astraea worker active
[multi_ep_plot] saved -> /its/home/mm2350/extra/Olympusv2/benchmarks/benchmark_responsive_fairness/data/ma_dreamer_credit/7_flows/run19/ep000019_bw96_d15_n7.pdf  return=1803577.8
[ep_plot] ep=19 -> /its/home/mm2350/extra/Olympusv2/benchmarks/benchmark_responsive_fairness/data/ma_dreamer_credit/7_flows/run19/ep000019_bw96_d15_n7.pdf  return=1803577.765625
[orch] ep=19 sum-of-agents return=1803577.8
[responsive_fairness] ma_dreamer_credit flows=7 run=19 done (169/200)
[responsive_fairness] slot=0 ma_dreamer_credit flows=7 run=29
[slot=0] ep=29  flows=7  bw=80Mbps  delay=19ms  duration=345s  delays=[0.0, 7.5, 15.0, 22.5, 30.0, 37.5, 45.0]  lifetimes=[345.0, 337.5, 330.0, 322.5, 315.0, 307.5, 300.0]
[worker cport=23100 agent=0] loaded checkpoint step=24571
[worker alg=ma_dreamer reward=tempest_fairness_ma cport=23100 agent=0 group=slot1_ep27 flow=1] started interval=20ms det=1 latent=8x8
[worker cport=23602 agent=2] loaded checkpoint step=24571
[worker alg=ma_dreamer reward=tempest_fairness_ma cport=23602 agent=2 group=slot6_ep21 flow=1] started interval=20ms det=1 latent=8x8
[worker cport=23301 agent=1] loaded checkpoint step=24571
[worker alg=ma_dreamer reward=tempest_fairness_ma cport=23301 agent=1 group=slot3_ep26 flow=1] started interval=20ms det=1 latent=8x8
[orch] link change t=15.1s bw=37 delay=49
[sao-listener] cport=23000 worker=/its/home/mm2350/extra/Olympusv2/olympus/algorithms/ma_dreamer/worker.py scan=20ms target_cc=astraea single_flow=1 no_state_pipe=1
[sao-listener] cport=23001 worker=/its/home/mm2350/extra/Olympusv2/olympus/algorithms/ma_dreamer/worker.py scan=20ms target_cc=astraea single_flow=1 no_state_pipe=1
[sao-listener] cport=23002 worker=/its/home/mm2350/extra/Olympusv2/olympus/algorithms/ma_dreamer/worker.py scan=20ms target_cc=astraea single_flow=1 no_state_pipe=1
[sao-listener] cport=23003 worker=/its/home/mm2350/extra/Olympusv2/olympus/algorithms/ma_dreamer/worker.py scan=20ms target_cc=astraea single_flow=1 no_state_pipe=1
[sao-listener] cport=23004 worker=/its/home/mm2350/extra/Olympusv2/olympus/algorithms/ma_dreamer/worker.py scan=20ms target_cc=astraea single_flow=1 no_state_pipe=1
[sao-listener] cport=23005 worker=/its/home/mm2350/extra/Olympusv2/olympus/algorithms/ma_dreamer/worker.py scan=20ms target_cc=astraea single_flow=1 no_state_pipe=1
[sao-listener] cport=23006 worker=/its/home/mm2350/extra/Olympusv2/olympus/algorithms/ma_dreamer/worker.py scan=20ms target_cc=astraea single_flow=1 no_state_pipe=1
[sao-listener] new flow 1 10.0.0.3:23402->10.0.0.10:5205 cc=astraea pid=932705 child=936796
[sao-listener] single-flow mode: attached worker; stopping ss scans
[sao-listener flow 1] cport=23402 cc=astraea worker active
[orch] link change t=15.1s bw=36 delay=65
[sao-listener] new flow 1 10.0.0.1:23500->10.0.0.8:5206 cc=astraea pid=932038 child=937244
[sao-listener] single-flow mode: attached worker; stopping ss scans
[sao-listener flow 1] cport=23500 cc=astraea worker active
[sao-listener] new flow 1 10.0.0.3:23902->10.0.0.10:5210 cc=astraea pid=936168 child=937539
[sao-listener] single-flow mode: attached worker; stopping ss scans
[sao-listener flow 1] cport=23902 cc=astraea worker active
[multi_ep_plot] saved -> /its/home/mm2350/extra/Olympusv2/benchmarks/benchmark_responsive_fairness/data/ma_dreamer_credit/7_flows/run20/ep000020_bw97_d29_n7.pdf  return=1708669.5
[ep_plot] ep=20 -> /its/home/mm2350/extra/Olympusv2/benchmarks/benchmark_responsive_fairness/data/ma_dreamer_credit/7_flows/run20/ep000020_bw97_d29_n7.pdf  return=1708669.5
[orch] ep=20 sum-of-agents return=1708669.5
[responsive_fairness] slot=7 ma_dreamer_credit flows=7 run=30
[responsive_fairness] ma_dreamer_credit flows=7 run=20 done (170/200)
[worker cport=23402 agent=2] loaded checkpoint step=24571
[worker alg=ma_dreamer reward=tempest_fairness_ma cport=23402 agent=2 group=slot4_ep22 flow=1] started interval=20ms det=1 latent=8x8
[slot=7] ep=30  flows=7  bw=79Mbps  delay=47ms  duration=345s  delays=[0.0, 7.5, 15.0, 22.5, 30.0, 37.5, 45.0]  lifetimes=[345.0, 337.5, 330.0, 322.5, 315.0, 307.5, 300.0]
[sao-listener] new flow 1 10.0.0.3:23802->10.0.0.10:5209 cc=astraea pid=933119 child=938324
[sao-listener] single-flow mode: attached worker; stopping ss scans
[sao-listener flow 1] cport=23802 cc=astraea worker active
[worker cport=23500 agent=0] loaded checkpoint step=24571
[worker alg=ma_dreamer reward=tempest_fairness_ma cport=23500 agent=0 group=slot5_ep28 flow=1] started interval=20ms det=1 latent=8x8
[worker cport=23902 agent=2] loaded checkpoint step=24571
[worker alg=ma_dreamer reward=tempest_fairness_ma cport=23902 agent=2 group=slot9_ep25 flow=1] started interval=20ms det=1 latent=8x8
[worker cport=23802 agent=2] loaded checkpoint step=24571
[worker alg=ma_dreamer reward=tempest_fairness_ma cport=23802 agent=2 group=slot8_ep23 flow=1] started interval=20ms det=1 latent=8x8
[sao-listener] new flow 1 10.0.0.2:23101->10.0.0.9:5202 cc=astraea pid=934717 child=939773
[sao-listener] single-flow mode: attached worker; stopping ss scans
[sao-listener flow 1] cport=23101 cc=astraea worker active
[sao-listener] cport=23700 worker=/its/home/mm2350/extra/Olympusv2/olympus/algorithms/ma_dreamer/worker.py scan=20ms target_cc=astraea single_flow=1 no_state_pipe=1
[sao-listener] cport=23701 worker=/its/home/mm2350/extra/Olympusv2/olympus/algorithms/ma_dreamer/worker.py scan=20ms target_cc=astraea single_flow=1 no_state_pipe=1
[sao-listener] cport=23702 worker=/its/home/mm2350/extra/Olympusv2/olympus/algorithms/ma_dreamer/worker.py scan=20ms target_cc=astraea single_flow=1 no_state_pipe=1
[sao-listener] cport=23703 worker=/its/home/mm2350/extra/Olympusv2/olympus/algorithms/ma_dreamer/worker.py scan=20ms target_cc=astraea single_flow=1 no_state_pipe=1
[sao-listener] cport=23704 worker=/its/home/mm2350/extra/Olympusv2/olympus/algorithms/ma_dreamer/worker.py scan=20ms target_cc=astraea single_flow=1 no_state_pipe=1
[sao-listener] cport=23705 worker=/its/home/mm2350/extra/Olympusv2/olympus/algorithms/ma_dreamer/worker.py scan=20ms target_cc=astraea single_flow=1 no_state_pipe=1
[sao-listener] cport=23706 worker=/its/home/mm2350/extra/Olympusv2/olympus/algorithms/ma_dreamer/worker.py scan=20ms target_cc=astraea single_flow=1 no_state_pipe=1
[sao-listener] new flow 1 10.0.0.3:23302->10.0.0.10:5204 cc=astraea pid=937860 child=940563
[sao-listener] single-flow mode: attached worker; stopping ss scans
[sao-listener flow 1] cport=23302 cc=astraea worker active
[worker cport=23101 agent=1] loaded checkpoint step=24571
[worker alg=ma_dreamer reward=tempest_fairness_ma cport=23101 agent=1 group=slot1_ep27 flow=1] started interval=20ms det=1 latent=8x8
[sao-listener] new flow 1 10.0.0.4:23603->10.0.0.11:5207 cc=astraea pid=938774 child=941536
[sao-listener] single-flow mode: attached worker; stopping ss scans
[sao-listener flow 1] cport=23603 cc=astraea worker active
[orch] link change t=15.0s bw=99 delay=45
[worker cport=23302 agent=2] loaded checkpoint step=24571
[worker alg=ma_dreamer reward=tempest_fairness_ma cport=23302 agent=2 group=slot3_ep26 flow=1] started interval=20ms det=1 latent=8x8
[sao-listener] new flow 1 10.0.0.3:23202->10.0.0.10:5203 cc=astraea pid=934310 child=942286
[sao-listener] single-flow mode: attached worker; stopping ss scans
[sao-listener flow 1] cport=23202 cc=astraea worker active
[worker cport=23603 agent=3] loaded checkpoint step=24571
[worker alg=ma_dreamer reward=tempest_fairness_ma cport=23603 agent=3 group=slot6_ep21 flow=1] started interval=20ms det=1 latent=8x8
[sao-listener] new flow 1 10.0.0.4:23203->10.0.0.11:5203 cc=astraea pid=941838 child=942771
[sao-listener] single-flow mode: attached worker; stopping ss scans
[sao-listener flow 1] cport=23203 cc=astraea worker active
[sao-listener] new flow 1 10.0.0.1:23000->10.0.0.8:5201 cc=astraea pid=937110 child=943349
[sao-listener] single-flow mode: attached worker; stopping ss scans
[sao-listener flow 1] cport=23000 cc=astraea worker active
[worker cport=23202 agent=2] loaded checkpoint step=24571
[worker alg=ma_dreamer reward=tempest_fairness_ma cport=23202 agent=2 group=slot2_ep24 flow=1] started interval=20ms det=1 latent=8x8
[worker cport=23203 agent=3] loaded checkpoint step=24571
[worker alg=ma_dreamer reward=tempest_fairness_ma cport=23203 agent=3 group=slot2_ep24 flow=1] started interval=20ms det=1 latent=8x8
[sao-listener] new flow 1 10.0.0.2:23501->10.0.0.9:5206 cc=astraea pid=938921 child=944281
[sao-listener] single-flow mode: attached worker; stopping ss scans
[sao-listener flow 1] cport=23501 cc=astraea worker active
[worker cport=23000 agent=0] loaded checkpoint step=24571
[worker alg=ma_dreamer reward=tempest_fairness_ma cport=23000 agent=0 group=slot0_ep29 flow=1] started interval=20ms det=1 latent=8x8
[sao-listener] new flow 1 10.0.0.4:23403->10.0.0.11:5205 cc=astraea pid=940009 child=944645
[sao-listener] single-flow mode: attached worker; stopping ss scans
[sao-listener flow 1] cport=23403 cc=astraea worker active
[orch] link change t=30.0s bw=91 delay=46
[orch] link change t=15.0s bw=79 delay=86
[sao-listener] new flow 1 10.0.0.4:23903->10.0.0.11:5210 cc=astraea pid=943096 child=945032
[sao-listener] single-flow mode: attached worker; stopping ss scans
[sao-listener flow 1] cport=23903 cc=astraea worker active
[worker cport=23501 agent=1] loaded checkpoint step=24571
[worker alg=ma_dreamer reward=tempest_fairness_ma cport=23501 agent=1 group=slot5_ep28 flow=1] started interval=20ms det=1 latent=8x8
[sao-listener] new flow 1 10.0.0.4:23803->10.0.0.11:5209 cc=astraea pid=940692 child=945499
[sao-listener] single-flow mode: attached worker; stopping ss scans
[sao-listener flow 1] cport=23803 cc=astraea worker active
[worker cport=23403 agent=3] loaded checkpoint step=24571
[worker alg=ma_dreamer reward=tempest_fairness_ma cport=23403 agent=3 group=slot4_ep22 flow=1] started interval=20ms det=1 latent=8x8
[orch] link change t=30.0s bw=67 delay=33
[worker cport=23903 agent=3] loaded checkpoint step=24571
[worker alg=ma_dreamer reward=tempest_fairness_ma cport=23903 agent=3 group=slot9_ep25 flow=1] started interval=20ms det=1 latent=8x8
[sao-listener] new flow 1 10.0.0.3:23102->10.0.0.10:5202 cc=astraea pid=942189 child=946430
[sao-listener] single-flow mode: attached worker; stopping ss scans
[sao-listener flow 1] cport=23102 cc=astraea worker active
[orch] link change t=30.0s bw=49 delay=64
[worker cport=23803 agent=3] loaded checkpoint step=24571
[worker alg=ma_dreamer reward=tempest_fairness_ma cport=23803 agent=3 group=slot8_ep23 flow=1] started interval=20ms det=1 latent=8x8
[sao-listener] new flow 1 10.0.0.1:23700->10.0.0.8:5208 cc=astraea pid=940875 child=947163
[sao-listener] single-flow mode: attached worker; stopping ss scans
[sao-listener flow 1] cport=23700 cc=astraea worker active
[sao-listener] new flow 1 10.0.0.4:23303->10.0.0.11:5204 cc=astraea pid=944656 child=947514
[sao-listener] single-flow mode: attached worker; stopping ss scans
[sao-listener flow 1] cport=23303 cc=astraea worker active
[worker cport=23102 agent=2] loaded checkpoint step=24571
[worker alg=ma_dreamer reward=tempest_fairness_ma cport=23102 agent=2 group=slot1_ep27 flow=1] started interval=20ms det=1 latent=8x8
[orch] link change t=30.0s bw=31 delay=34
[worker cport=23700 agent=0] loaded checkpoint step=24571
[worker alg=ma_dreamer reward=tempest_fairness_ma cport=23700 agent=0 group=slot7_ep30 flow=1] started interval=20ms det=1 latent=8x8
[worker cport=23303 agent=3] loaded checkpoint step=24571
[worker alg=ma_dreamer reward=tempest_fairness_ma cport=23303 agent=3 group=slot3_ep26 flow=1] started interval=20ms det=1 latent=8x8
[sao-listener] new flow 1 10.0.0.5:23604->10.0.0.12:5207 cc=astraea pid=945627 child=948821
[sao-listener] single-flow mode: attached worker; stopping ss scans
[sao-listener flow 1] cport=23604 cc=astraea worker active
[orch] link change t=30.0s bw=91 delay=70
[sao-listener] new flow 1 10.0.0.5:23204->10.0.0.12:5203 cc=astraea pid=948283 child=949625
[sao-listener] single-flow mode: attached worker; stopping ss scans
[sao-listener flow 1] cport=23204 cc=astraea worker active
[orch] link change t=15.0s bw=54 delay=86
[worker cport=23604 agent=4] loaded checkpoint step=24571
[worker alg=ma_dreamer reward=tempest_fairness_ma cport=23604 agent=4 group=slot6_ep21 flow=1] started interval=20ms det=1 latent=8x8
[sao-listener] new flow 1 10.0.0.2:23001->10.0.0.9:5201 cc=astraea pid=943902 child=949939
[sao-listener] single-flow mode: attached worker; stopping ss scans
[sao-listener flow 1] cport=23001 cc=astraea worker active
[sao-listener] new flow 1 10.0.0.3:23502->10.0.0.10:5206 cc=astraea pid=945806 child=950431
[sao-listener] single-flow mode: attached worker; stopping ss scans
[sao-listener flow 1] cport=23502 cc=astraea worker active
[orch] link change t=30.0s bw=86 delay=79
[worker cport=23204 agent=4] loaded checkpoint step=24571
[worker alg=ma_dreamer reward=tempest_fairness_ma cport=23204 agent=4 group=slot2_ep24 flow=1] started interval=20ms det=1 latent=8x8
[worker cport=23001 agent=1] loaded checkpoint step=24571
[worker alg=ma_dreamer reward=tempest_fairness_ma cport=23001 agent=1 group=slot0_ep29 flow=1] started interval=20ms det=1 latent=8x8
[sao-listener] new flow 1 10.0.0.5:23404->10.0.0.12:5205 cc=astraea pid=946544 child=951276
[sao-listener] single-flow mode: attached worker; stopping ss scans
[sao-listener flow 1] cport=23404 cc=astraea worker active
[worker cport=23502 agent=2] loaded checkpoint step=24571
[worker alg=ma_dreamer reward=tempest_fairness_ma cport=23502 agent=2 group=slot5_ep28 flow=1] started interval=20ms det=1 latent=8x8
[sao-listener] new flow 1 10.0.0.5:23904->10.0.0.12:5210 cc=astraea pid=949592 child=951766
[sao-listener] single-flow mode: attached worker; stopping ss scans
[sao-listener flow 1] cport=23904 cc=astraea worker active
[worker cport=23404 agent=4] loaded checkpoint step=24571
[worker alg=ma_dreamer reward=tempest_fairness_ma cport=23404 agent=4 group=slot4_ep22 flow=1] started interval=20ms det=1 latent=8x8
[sao-listener] new flow 1 10.0.0.5:23804->10.0.0.12:5209 cc=astraea pid=947090 child=952471
[sao-listener] single-flow mode: attached worker; stopping ss scans
[sao-listener flow 1] cport=23804 cc=astraea worker active
[worker cport=23904 agent=4] loaded checkpoint step=24571
[worker alg=ma_dreamer reward=tempest_fairness_ma cport=23904 agent=4 group=slot9_ep25 flow=1] started interval=20ms det=1 latent=8x8
[orch] link change t=15.0s bw=88 delay=13
[sao-listener] new flow 1 10.0.0.4:23103->10.0.0.11:5202 cc=astraea pid=948699 child=952918
[sao-listener] single-flow mode: attached worker; stopping ss scans
[sao-listener flow 1] cport=23103 cc=astraea worker active
[sao-listener] new flow 1 10.0.0.2:23701->10.0.0.9:5208 cc=astraea pid=947313 child=953272
[sao-listener] single-flow mode: attached worker; stopping ss scans
[sao-listener flow 1] cport=23701 cc=astraea worker active
[worker cport=23804 agent=4] loaded checkpoint step=24571
[worker alg=ma_dreamer reward=tempest_fairness_ma cport=23804 agent=4 group=slot8_ep23 flow=1] started interval=20ms det=1 latent=8x8
[sao-listener] new flow 1 10.0.0.5:23304->10.0.0.12:5204 cc=astraea pid=951154 child=953515
[sao-listener] single-flow mode: attached worker; stopping ss scans
[sao-listener flow 1] cport=23304 cc=astraea worker active
[worker cport=23103 agent=3] loaded checkpoint step=24571
[worker alg=ma_dreamer reward=tempest_fairness_ma cport=23103 agent=3 group=slot1_ep27 flow=1] started interval=20ms det=1 latent=8x8
[worker cport=23701 agent=1] loaded checkpoint step=24571
[worker alg=ma_dreamer reward=tempest_fairness_ma cport=23701 agent=1 group=slot7_ep30 flow=1] started interval=20ms det=1 latent=8x8
[orch] link change t=30.0s bw=46 delay=35
[worker cport=23304 agent=4] loaded checkpoint step=24571
[worker alg=ma_dreamer reward=tempest_fairness_ma cport=23304 agent=4 group=slot3_ep26 flow=1] started interval=20ms det=1 latent=8x8
[sao-listener] new flow 1 10.0.0.6:23605->10.0.0.13:5207 cc=astraea pid=952019 child=954622
[sao-listener] single-flow mode: attached worker; stopping ss scans
[sao-listener flow 1] cport=23605 cc=astraea worker active
[sao-listener] new flow 1 10.0.0.6:23205->10.0.0.13:5203 cc=astraea pid=954413 child=955069
[sao-listener] single-flow mode: attached worker; stopping ss scans
[sao-listener flow 1] cport=23205 cc=astraea worker active
[sao-listener] new flow 1 10.0.0.3:23002->10.0.0.10:5201 cc=astraea pid=950424 child=955276
[sao-listener] single-flow mode: attached worker; stopping ss scans
[sao-listener flow 1] cport=23002 cc=astraea worker active
[worker cport=23605 agent=5] loaded checkpoint step=24571
[worker alg=ma_dreamer reward=tempest_fairness_ma cport=23605 agent=5 group=slot6_ep21 flow=1] started interval=20ms det=1 latent=8x8
[worker cport=23205 agent=5] loaded checkpoint step=24571
[worker alg=ma_dreamer reward=tempest_fairness_ma cport=23205 agent=5 group=slot2_ep24 flow=1] started interval=20ms det=1 latent=8x8
[sao-listener] new flow 1 10.0.0.4:23503->10.0.0.11:5206 cc=astraea pid=952173 child=955951
[sao-listener] single-flow mode: attached worker; stopping ss scans
[sao-listener flow 1] cport=23503 cc=astraea worker active
[worker cport=23002 agent=2] loaded checkpoint step=24571
[worker alg=ma_dreamer reward=tempest_fairness_ma cport=23002 agent=2 group=slot0_ep29 flow=1] started interval=20ms det=1 latent=8x8
[sao-listener] new flow 1 10.0.0.6:23405->10.0.0.13:5205 cc=astraea pid=952834 child=956369
[sao-listener] single-flow mode: attached worker; stopping ss scans
[sao-listener flow 1] cport=23405 cc=astraea worker active
[sao-listener] new flow 1 10.0.0.6:23905->10.0.0.13:5210 cc=astraea pid=955529 child=956620
[sao-listener] single-flow mode: attached worker; stopping ss scans
[sao-listener flow 1] cport=23905 cc=astraea worker active
[worker cport=23503 agent=3] loaded checkpoint step=24571
[worker alg=ma_dreamer reward=tempest_fairness_ma cport=23503 agent=3 group=slot5_ep28 flow=1] started interval=20ms det=1 latent=8x8
[orch] link change t=45.0s bw=71 delay=37
[orch] link change t=30.0s bw=32 delay=38
[worker cport=23405 agent=5] loaded checkpoint step=24571
[worker alg=ma_dreamer reward=tempest_fairness_ma cport=23405 agent=5 group=slot4_ep22 flow=1] started interval=20ms det=1 latent=8x8
[worker cport=23905 agent=5] loaded checkpoint step=24571
[worker alg=ma_dreamer reward=tempest_fairness_ma cport=23905 agent=5 group=slot9_ep25 flow=1] started interval=20ms det=1 latent=8x8
[sao-listener] new flow 1 10.0.0.6:23805->10.0.0.13:5209 cc=astraea pid=953397 child=957480
[sao-listener] single-flow mode: attached worker; stopping ss scans
[sao-listener flow 1] cport=23805 cc=astraea worker active
[orch] link change t=45.0s bw=99 delay=25
[sao-listener] new flow 1 10.0.0.5:23104->10.0.0.12:5202 cc=astraea pid=954755 child=957808
[sao-listener] single-flow mode: attached worker; stopping ss scans
[sao-listener flow 1] cport=23104 cc=astraea worker active
[sao-listener] new flow 1 10.0.0.3:23702->10.0.0.10:5208 cc=astraea pid=953587 child=957915
[sao-listener] single-flow mode: attached worker; stopping ss scans
[sao-listener flow 1] cport=23702 cc=astraea worker active
[orch] link change t=45.0s bw=58 delay=77
[worker cport=23805 agent=5] loaded checkpoint step=24571
[worker alg=ma_dreamer reward=tempest_fairness_ma cport=23805 agent=5 group=slot8_ep23 flow=1] started interval=20ms det=1 latent=8x8
[sao-listener] new flow 1 10.0.0.6:23305->10.0.0.13:5204 cc=astraea pid=956764 child=958399
[sao-listener] single-flow mode: attached worker; stopping ss scans
[sao-listener flow 1] cport=23305 cc=astraea worker active
[worker cport=23104 agent=4] loaded checkpoint step=24571
[worker alg=ma_dreamer reward=tempest_fairness_ma cport=23104 agent=4 group=slot1_ep27 flow=1] started interval=20ms det=1 latent=8x8
[worker cport=23702 agent=2] loaded checkpoint step=24571
[worker alg=ma_dreamer reward=tempest_fairness_ma cport=23702 agent=2 group=slot7_ep30 flow=1] started interval=20ms det=1 latent=8x8
[orch] link change t=45.0s bw=31 delay=95
[worker cport=23305 agent=5] loaded checkpoint step=24571
[worker alg=ma_dreamer reward=tempest_fairness_ma cport=23305 agent=5 group=slot3_ep26 flow=1] started interval=20ms det=1 latent=8x8
[sao-listener] new flow 1 10.0.0.7:23606->10.0.0.14:5207 cc=astraea pid=957409 child=959058
[sao-listener] single-flow mode: attached worker; stopping ss scans
[sao-listener flow 1] cport=23606 cc=astraea worker active
[worker cport=23606 agent=6] loaded checkpoint step=24571
[worker alg=ma_dreamer reward=tempest_fairness_ma cport=23606 agent=6 group=slot6_ep21 flow=1] started interval=20ms det=1 latent=8x8
[sao-listener] new flow 1 10.0.0.4:23003->10.0.0.11:5201 cc=astraea pid=956198 child=959522
[sao-listener] single-flow mode: attached worker; stopping ss scans
[sao-listener flow 1] cport=23003 cc=astraea worker active
[orch] link change t=45.0s bw=15 delay=42
[sao-listener] new flow 1 10.0.0.5:23504->10.0.0.12:5206 cc=astraea pid=957529 child=959794
[sao-listener] single-flow mode: attached worker; stopping ss scans
[sao-listener flow 1] cport=23504 cc=astraea worker active
[worker cport=23003 agent=3] loaded checkpoint step=24571
[worker alg=ma_dreamer reward=tempest_fairness_ma cport=23003 agent=3 group=slot0_ep29 flow=1] started interval=20ms det=1 latent=8x8
[orch] link change t=30.0s bw=87 delay=46
[worker cport=23504 agent=4] loaded checkpoint step=24571
[worker alg=ma_dreamer reward=tempest_fairness_ma cport=23504 agent=4 group=slot5_ep28 flow=1] started interval=20ms det=1 latent=8x8
[sao-listener] new flow 1 10.0.0.7:23406->10.0.0.14:5205 cc=astraea pid=958016 child=960272
[sao-listener] single-flow mode: attached worker; stopping ss scans
[sao-listener flow 1] cport=23406 cc=astraea worker active
[orch] link change t=45.0s bw=17 delay=26
[sao-listener] new flow 1 10.0.0.7:23906->10.0.0.14:5210 cc=astraea pid=959911 child=960468
[sao-listener] single-flow mode: attached worker; stopping ss scans
[sao-listener flow 1] cport=23906 cc=astraea worker active
[worker cport=23406 agent=6] loaded checkpoint step=24571
[worker alg=ma_dreamer reward=tempest_fairness_ma cport=23406 agent=6 group=slot4_ep22 flow=1] started interval=20ms det=1 latent=8x8
[sao-listener] new flow 1 10.0.0.7:23806->10.0.0.14:5209 cc=astraea pid=958407 child=960878
[sao-listener] single-flow mode: attached worker; stopping ss scans
[sao-listener flow 1] cport=23806 cc=astraea worker active
[worker cport=23906 agent=6] loaded checkpoint step=24571
[worker alg=ma_dreamer reward=tempest_fairness_ma cport=23906 agent=6 group=slot9_ep25 flow=1] started interval=20ms det=1 latent=8x8
[sao-listener] new flow 1 10.0.0.6:23105->10.0.0.13:5202 cc=astraea pid=959338 child=961118
[sao-listener] single-flow mode: attached worker; stopping ss scans
[sao-listener flow 1] cport=23105 cc=astraea worker active
[worker cport=23806 agent=6] loaded checkpoint step=24571
[worker alg=ma_dreamer reward=tempest_fairness_ma cport=23806 agent=6 group=slot8_ep23 flow=1] started interval=20ms det=1 latent=8x8
[sao-listener] new flow 1 10.0.0.4:23703->10.0.0.11:5208 cc=astraea pid=958590 child=961320
[sao-listener] single-flow mode: attached worker; stopping ss scans
[sao-listener flow 1] cport=23703 cc=astraea worker active
[sao-listener] new flow 1 10.0.0.7:23306->10.0.0.14:5204 cc=astraea pid=960748 child=961421
[sao-listener] single-flow mode: attached worker; stopping ss scans
[sao-listener flow 1] cport=23306 cc=astraea worker active
[worker cport=23105 agent=5] loaded checkpoint step=24571
[worker alg=ma_dreamer reward=tempest_fairness_ma cport=23105 agent=5 group=slot1_ep27 flow=1] started interval=20ms det=1 latent=8x8
[orch] link change t=30.0s bw=89 delay=93
[worker cport=23703 agent=3] loaded checkpoint step=24571
[worker alg=ma_dreamer reward=tempest_fairness_ma cport=23703 agent=3 group=slot7_ep30 flow=1] started interval=20ms det=1 latent=8x8
[worker cport=23306 agent=6] loaded checkpoint step=24571
[worker alg=ma_dreamer reward=tempest_fairness_ma cport=23306 agent=6 group=slot3_ep26 flow=1] started interval=20ms det=1 latent=8x8
[sao-listener] new flow 1 10.0.0.7:23206->10.0.0.14:5203 cc=astraea pid=959150 child=962094
[sao-listener] single-flow mode: attached worker; stopping ss scans
[sao-listener flow 1] cport=23206 cc=astraea worker active
[orch] link change t=45.0s bw=19 delay=18
[sao-listener] new flow 1 10.0.0.5:23004->10.0.0.12:5201 cc=astraea pid=960373 child=962187
[sao-listener] single-flow mode: attached worker; stopping ss scans
[sao-listener flow 1] cport=23004 cc=astraea worker active
[worker cport=23206 agent=6] loaded checkpoint step=24571
[worker alg=ma_dreamer reward=tempest_fairness_ma cport=23206 agent=6 group=slot2_ep24 flow=1] started interval=20ms det=1 latent=8x8
[sao-listener] new flow 1 10.0.0.6:23505->10.0.0.13:5206 cc=astraea pid=961267 child=962473
[sao-listener] single-flow mode: attached worker; stopping ss scans
[sao-listener flow 1] cport=23505 cc=astraea worker active
[worker cport=23004 agent=4] loaded checkpoint step=24571
[worker alg=ma_dreamer reward=tempest_fairness_ma cport=23004 agent=4 group=slot0_ep29 flow=1] started interval=20ms det=1 latent=8x8
[worker cport=23505 agent=5] loaded checkpoint step=24571
[worker alg=ma_dreamer reward=tempest_fairness_ma cport=23505 agent=5 group=slot5_ep28 flow=1] started interval=20ms det=1 latent=8x8
[sao-listener] new flow 1 10.0.0.7:23106->10.0.0.14:5202 cc=astraea pid=962338 child=962993
[sao-listener] single-flow mode: attached worker; stopping ss scans
[sao-listener flow 1] cport=23106 cc=astraea worker active
[orch] link change t=60.0s bw=70 delay=75
[sao-listener] new flow 1 10.0.0.5:23704->10.0.0.12:5208 cc=astraea pid=961916 child=963097
[sao-listener] single-flow mode: attached worker; stopping ss scans
[sao-listener flow 1] cport=23704 cc=astraea worker active
[orch] link change t=45.0s bw=26 delay=91
[worker cport=23106 agent=6] loaded checkpoint step=24571
[worker alg=ma_dreamer reward=tempest_fairness_ma cport=23106 agent=6 group=slot1_ep27 flow=1] started interval=20ms det=1 latent=8x8
[worker cport=23704 agent=4] loaded checkpoint step=24571
[worker alg=ma_dreamer reward=tempest_fairness_ma cport=23704 agent=4 group=slot7_ep30 flow=1] started interval=20ms det=1 latent=8x8
[orch] link change t=60.0s bw=93 delay=54
[orch] link change t=60.0s bw=55 delay=26
[sao-listener] new flow 1 10.0.0.6:23005->10.0.0.13:5201 cc=astraea pid=962850 child=963544
[sao-listener] single-flow mode: attached worker; stopping ss scans
[sao-listener flow 1] cport=23005 cc=astraea worker active
[orch] link change t=60.0s bw=97 delay=21
[sao-listener] new flow 1 10.0.0.7:23506->10.0.0.14:5206 cc=astraea pid=963285 child=963663
[sao-listener] single-flow mode: attached worker; stopping ss scans
[sao-listener flow 1] cport=23506 cc=astraea worker active
[worker cport=23005 agent=5] loaded checkpoint step=24571
[worker alg=ma_dreamer reward=tempest_fairness_ma cport=23005 agent=5 group=slot0_ep29 flow=1] started interval=20ms det=1 latent=8x8
[worker cport=23506 agent=6] loaded checkpoint step=24571
[worker alg=ma_dreamer reward=tempest_fairness_ma cport=23506 agent=6 group=slot5_ep28 flow=1] started interval=20ms det=1 latent=8x8
[orch] link change t=60.0s bw=14 delay=49
[orch] link change t=45.0s bw=21 delay=75
[orch] link change t=60.0s bw=71 delay=15
[sao-listener] new flow 1 10.0.0.6:23705->10.0.0.13:5208 cc=astraea pid=963537 child=964048
[sao-listener] single-flow mode: attached worker; stopping ss scans
[sao-listener flow 1] cport=23705 cc=astraea worker active
[worker cport=23705 agent=5] loaded checkpoint step=24571
[worker alg=ma_dreamer reward=tempest_fairness_ma cport=23705 agent=5 group=slot7_ep30 flow=1] started interval=20ms det=1 latent=8x8
[orch] link change t=45.0s bw=36 delay=42
[sao-listener] new flow 1 10.0.0.7:23006->10.0.0.14:5201 cc=astraea pid=964013 child=964279
[sao-listener] single-flow mode: attached worker; stopping ss scans
[sao-listener flow 1] cport=23006 cc=astraea worker active
[worker cport=23006 agent=6] loaded checkpoint step=24571
[worker alg=ma_dreamer reward=tempest_fairness_ma cport=23006 agent=6 group=slot0_ep29 flow=1] started interval=20ms det=1 latent=8x8
[orch] link change t=60.0s bw=42 delay=79
[sao-listener] new flow 1 10.0.0.7:23706->10.0.0.14:5208 cc=astraea pid=964337 child=964455
[sao-listener] single-flow mode: attached worker; stopping ss scans
[sao-listener flow 1] cport=23706 cc=astraea worker active
[worker cport=23706 agent=6] loaded checkpoint step=24571
[worker alg=ma_dreamer reward=tempest_fairness_ma cport=23706 agent=6 group=slot7_ep30 flow=1] started interval=20ms det=1 latent=8x8
[orch] link change t=75.0s bw=33 delay=74
[orch] link change t=60.0s bw=69 delay=63
[orch] link change t=75.0s bw=20 delay=39
[orch] link change t=75.0s bw=34 delay=44
[orch] link change t=75.0s bw=100 delay=29
[orch] link change t=75.0s bw=82 delay=64
[orch] link change t=60.0s bw=54 delay=60
[orch] link change t=75.0s bw=97 delay=89
[orch] link change t=60.0s bw=16 delay=60
[orch] link change t=75.0s bw=52 delay=42
[orch] link change t=90.0s bw=77 delay=40
[orch] link change t=75.0s bw=36 delay=37
[orch] link change t=90.0s bw=44 delay=16
[orch] link change t=90.0s bw=66 delay=11
[orch] link change t=90.0s bw=100 delay=46
[orch] link change t=90.0s bw=22 delay=85
[orch] link change t=75.0s bw=63 delay=12
[orch] link change t=90.0s bw=74 delay=31
[orch] link change t=75.0s bw=58 delay=92
[orch] link change t=90.0s bw=57 delay=61
[orch] link change t=105.0s bw=10 delay=11
[orch] link change t=90.0s bw=28 delay=60
[orch] link change t=105.0s bw=50 delay=86
[orch] link change t=105.0s bw=38 delay=89
[orch] link change t=105.0s bw=11 delay=66
[orch] link change t=105.0s bw=25 delay=83
[orch] link change t=90.0s bw=14 delay=23
[orch] link change t=105.0s bw=91 delay=64
[orch] link change t=90.0s bw=27 delay=20
[orch] link change t=105.0s bw=33 delay=41
[orch] link change t=120.0s bw=57 delay=84
[orch] link change t=105.0s bw=30 delay=26
[orch] link change t=120.0s bw=32 delay=80
[orch] link change t=120.0s bw=68 delay=13
[orch] link change t=120.0s bw=69 delay=91
[orch] link change t=120.0s bw=97 delay=35
[orch] link change t=105.0s bw=66 delay=93
[orch] link change t=120.0s bw=41 delay=62
[orch] link change t=105.0s bw=69 delay=10
[orch] link change t=120.0s bw=40 delay=72
[orch] link change t=135.0s bw=64 delay=18
[orch] link change t=120.0s bw=87 delay=34
[orch] link change t=135.0s bw=97 delay=65
[orch] link change t=135.0s bw=23 delay=20
[orch] link change t=135.0s bw=24 delay=13
[orch] link change t=135.0s bw=75 delay=89
[orch] link change t=120.0s bw=38 delay=54
[orch] link change t=135.0s bw=35 delay=98
[orch] link change t=120.0s bw=76 delay=41
[orch] link change t=135.0s bw=19 delay=91
[orch] link change t=150.0s bw=28 delay=39
[orch] link change t=135.0s bw=35 delay=13
[orch] link change t=150.0s bw=100 delay=16
[orch] link change t=150.0s bw=100 delay=73
[orch] link change t=150.0s bw=76 delay=31
[orch] link change t=150.0s bw=50 delay=33
[orch] link change t=135.0s bw=20 delay=73
[orch] link change t=150.0s bw=13 delay=95
[orch] link change t=135.0s bw=13 delay=19
[orch] link change t=150.0s bw=83 delay=93
[orch] link change t=165.0s bw=39 delay=98
[orch] link change t=150.0s bw=62 delay=40
[orch] link change t=165.0s bw=83 delay=12
[orch] link change t=165.0s bw=63 delay=12
[orch] link change t=165.0s bw=72 delay=66
[orch] link change t=165.0s bw=80 delay=55
[orch] link change t=150.0s bw=52 delay=87
[orch] link change t=165.0s bw=38 delay=28
[orch] link change t=150.0s bw=30 delay=86
[orch] link change t=165.0s bw=20 delay=88
[orch] link change t=180.0s bw=15 delay=65
[orch] link change t=165.0s bw=18 delay=22
[orch] link change t=180.0s bw=85 delay=43
[orch] link change t=180.0s bw=75 delay=90
[orch] link change t=180.0s bw=97 delay=48
[orch] link change t=180.0s bw=75 delay=70
[orch] link change t=165.0s bw=79 delay=63
[orch] link change t=180.0s bw=26 delay=37
[orch] link change t=165.0s bw=77 delay=61
[orch] link change t=180.0s bw=64 delay=63
[orch] link change t=195.0s bw=62 delay=88
[orch] link change t=180.0s bw=63 delay=50
[orch] link change t=195.0s bw=49 delay=63
[orch] link change t=195.0s bw=65 delay=55
[orch] link change t=195.0s bw=73 delay=20
[orch] link change t=195.0s bw=77 delay=23
[orch] link change t=180.0s bw=35 delay=67
[orch] link change t=195.0s bw=86 delay=71
[orch] link change t=180.0s bw=93 delay=54
[orch] link change t=195.0s bw=16 delay=94
[orch] link change t=210.0s bw=66 delay=14
[orch] link change t=195.0s bw=99 delay=26
[orch] link change t=210.0s bw=34 delay=33
[orch] link change t=210.0s bw=17 delay=36
[orch] link change t=210.0s bw=97 delay=42
[orch] link change t=210.0s bw=91 delay=96
[orch] link change t=195.0s bw=31 delay=38
[orch] link change t=210.0s bw=59 delay=56
[orch] link change t=195.0s bw=78 delay=18
[orch] link change t=210.0s bw=66 delay=54
[orch] link change t=225.0s bw=52 delay=79
[orch] link change t=210.0s bw=32 delay=74
[orch] link change t=225.0s bw=24 delay=84
[orch] link change t=225.0s bw=14 delay=85
[orch] link change t=225.0s bw=88 delay=30
[orch] link change t=225.0s bw=22 delay=86
[orch] link change t=210.0s bw=65 delay=62
[orch] link change t=225.0s bw=41 delay=84
[orch] link change t=210.0s bw=61 delay=13
[orch] link change t=225.0s bw=11 delay=92
[orch] link change t=240.0s bw=73 delay=98
[orch] link change t=225.0s bw=76 delay=98
[orch] link change t=240.0s bw=77 delay=82
[orch] link change t=240.0s bw=57 delay=94
[orch] link change t=240.0s bw=97 delay=51
[orch] link change t=240.0s bw=84 delay=55
[orch] link change t=225.0s bw=96 delay=97
[orch] link change t=240.0s bw=13 delay=13
[orch] link change t=225.0s bw=41 delay=82
[orch] link change t=240.0s bw=71 delay=42
[orch] link change t=255.0s bw=24 delay=93
[orch] link change t=240.0s bw=94 delay=44
[orch] link change t=255.0s bw=17 delay=99
[orch] link change t=255.0s bw=32 delay=89
[orch] link change t=255.0s bw=49 delay=19
[orch] link change t=255.0s bw=63 delay=55
[orch] link change t=240.0s bw=82 delay=77
[orch] link change t=255.0s bw=47 delay=79
[orch] link change t=240.0s bw=96 delay=45
[orch] link change t=255.0s bw=27 delay=88
[orch] link change t=270.0s bw=57 delay=12
[orch] link change t=255.0s bw=88 delay=39
[orch] link change t=270.0s bw=51 delay=88
[orch] link change t=270.0s bw=37 delay=56
[orch] link change t=270.0s bw=79 delay=93
[orch] link change t=270.0s bw=34 delay=96
[orch] link change t=255.0s bw=35 delay=79
[orch] link change t=270.0s bw=78 delay=25
[orch] link change t=255.0s bw=64 delay=82
[orch] link change t=270.0s bw=53 delay=88
[orch] link change t=285.0s bw=29 delay=21
[orch] link change t=270.0s bw=96 delay=67
[orch] link change t=285.0s bw=52 delay=43
[orch] link change t=285.0s bw=82 delay=57
[orch] link change t=285.0s bw=56 delay=94
[orch] link change t=285.0s bw=30 delay=89
[orch] link change t=270.0s bw=96 delay=64
[orch] link change t=285.0s bw=75 delay=15
[orch] link change t=270.0s bw=22 delay=96
[orch] link change t=285.0s bw=93 delay=39
[orch] link change t=300.0s bw=25 delay=12
[orch] link change t=285.0s bw=26 delay=35
[orch] link change t=300.0s bw=33 delay=60
[orch] link change t=300.0s bw=83 delay=46
[orch] link change t=300.0s bw=14 delay=37
[orch] link change t=300.0s bw=68 delay=19
[orch] link change t=285.0s bw=48 delay=45
[orch] link change t=300.0s bw=92 delay=10
[orch] link change t=285.0s bw=45 delay=91
[orch] link change t=300.0s bw=100 delay=77
[orch] link change t=315.0s bw=68 delay=30
[orch] link change t=300.0s bw=11 delay=46
[orch] link change t=315.0s bw=49 delay=93
[orch] link change t=315.0s bw=94 delay=50
[orch] link change t=315.0s bw=50 delay=53
[orch] link change t=315.0s bw=19 delay=61
[orch] link change t=300.0s bw=75 delay=38
[orch] link change t=315.0s bw=69 delay=86
[orch] link change t=300.0s bw=81 delay=24
[orch] link change t=315.0s bw=28 delay=22
[orch] link change t=330.0s bw=80 delay=53
[orch] link change t=315.0s bw=91 delay=96
[orch] link change t=330.0s bw=75 delay=28
[orch] link change t=330.0s bw=83 delay=20
[orch] link change t=330.0s bw=18 delay=49
[orch] link change t=330.0s bw=82 delay=18
[orch] link change t=315.0s bw=62 delay=70
[orch] link change t=330.0s bw=94 delay=81
[orch] link change t=315.0s bw=88 delay=73
[orch] link change t=330.0s bw=60 delay=48
[orch] link change t=330.0s bw=43 delay=20
[orch] link change t=330.0s bw=76 delay=28
[orch] link change t=330.0s bw=49 delay=26
[multi_ep_plot] saved -> /its/home/mm2350/extra/Olympusv2/benchmarks/benchmark_responsive_fairness/data/ma_dreamer_credit/7_flows/run21/ep000021_bw31_d63_n7.pdf  return=1227815.0
[ep_plot] ep=21 -> /its/home/mm2350/extra/Olympusv2/benchmarks/benchmark_responsive_fairness/data/ma_dreamer_credit/7_flows/run21/ep000021_bw31_d63_n7.pdf  return=1227814.96875
[orch] ep=21 sum-of-agents return=1227815.0
[responsive_fairness] slot=6 ma_dreamer_credit flows=7 run=31
[responsive_fairness] ma_dreamer_credit flows=7 run=21 done (171/200)
[slot=6] ep=31  flows=7  bw=11Mbps  delay=70ms  duration=345s  delays=[0.0, 7.5, 15.0, 22.5, 30.0, 37.5, 45.0]  lifetimes=[345.0, 337.5, 330.0, 322.5, 315.0, 307.5, 300.0]
[multi_ep_plot] saved -> /its/home/mm2350/extra/Olympusv2/benchmarks/benchmark_responsive_fairness/data/ma_dreamer_credit/7_flows/run22/ep000022_bw27_d41_n7.pdf  return=1478604.6
[ep_plot] ep=22 -> /its/home/mm2350/extra/Olympusv2/benchmarks/benchmark_responsive_fairness/data/ma_dreamer_credit/7_flows/run22/ep000022_bw27_d41_n7.pdf  return=1478604.578125
[orch] ep=22 sum-of-agents return=1478604.6
[responsive_fairness] slot=4 ma_dreamer_credit flows=7 run=32
[responsive_fairness] ma_dreamer_credit flows=7 run=22 done (172/200)
[slot=4] ep=32  flows=7  bw=19Mbps  delay=37ms  duration=345s  delays=[0.0, 7.5, 15.0, 22.5, 30.0, 37.5, 45.0]  lifetimes=[345.0, 337.5, 330.0, 322.5, 315.0, 307.5, 300.0]
[sao-listener] cport=23600 worker=/its/home/mm2350/extra/Olympusv2/olympus/algorithms/ma_dreamer/worker.py scan=20ms target_cc=astraea single_flow=1 no_state_pipe=1
[sao-listener] cport=23601 worker=/its/home/mm2350/extra/Olympusv2/olympus/algorithms/ma_dreamer/worker.py scan=20ms target_cc=astraea single_flow=1 no_state_pipe=1
[sao-listener] cport=23602 worker=/its/home/mm2350/extra/Olympusv2/olympus/algorithms/ma_dreamer/worker.py scan=20ms target_cc=astraea single_flow=1 no_state_pipe=1
[sao-listener] cport=23603 worker=/its/home/mm2350/extra/Olympusv2/olympus/algorithms/ma_dreamer/worker.py scan=20ms target_cc=astraea single_flow=1 no_state_pipe=1
[sao-listener] cport=23604 worker=/its/home/mm2350/extra/Olympusv2/olympus/algorithms/ma_dreamer/worker.py scan=20ms target_cc=astraea single_flow=1 no_state_pipe=1
[sao-listener] cport=23605 worker=/its/home/mm2350/extra/Olympusv2/olympus/algorithms/ma_dreamer/worker.py scan=20ms target_cc=astraea single_flow=1 no_state_pipe=1
[sao-listener] cport=23606 worker=/its/home/mm2350/extra/Olympusv2/olympus/algorithms/ma_dreamer/worker.py scan=20ms target_cc=astraea single_flow=1 no_state_pipe=1
[multi_ep_plot] saved -> /its/home/mm2350/extra/Olympusv2/benchmarks/benchmark_responsive_fairness/data/ma_dreamer_credit/7_flows/run23/ep000023_bw47_d20_n7.pdf  return=1773254.6
[ep_plot] ep=23 -> /its/home/mm2350/extra/Olympusv2/benchmarks/benchmark_responsive_fairness/data/ma_dreamer_credit/7_flows/run23/ep000023_bw47_d20_n7.pdf  return=1773254.59375
[orch] ep=23 sum-of-agents return=1773254.6
[responsive_fairness] slot=8 ma_dreamer_credit flows=7 run=33
[responsive_fairness] ma_dreamer_credit flows=7 run=23 done (173/200)
[slot=8] ep=33  flows=7  bw=83Mbps  delay=31ms  duration=345s  delays=[0.0, 7.5, 15.0, 22.5, 30.0, 37.5, 45.0]  lifetimes=[345.0, 337.5, 330.0, 322.5, 315.0, 307.5, 300.0]
[sao-listener] cport=23400 worker=/its/home/mm2350/extra/Olympusv2/olympus/algorithms/ma_dreamer/worker.py scan=20ms target_cc=astraea single_flow=1 no_state_pipe=1
[sao-listener] cport=23401 worker=/its/home/mm2350/extra/Olympusv2/olympus/algorithms/ma_dreamer/worker.py scan=20ms target_cc=astraea single_flow=1 no_state_pipe=1
[sao-listener] cport=23402 worker=/its/home/mm2350/extra/Olympusv2/olympus/algorithms/ma_dreamer/worker.py scan=20ms target_cc=astraea single_flow=1 no_state_pipe=1
[sao-listener] cport=23403 worker=/its/home/mm2350/extra/Olympusv2/olympus/algorithms/ma_dreamer/worker.py scan=20ms target_cc=astraea single_flow=1 no_state_pipe=1
[sao-listener] cport=23404 worker=/its/home/mm2350/extra/Olympusv2/olympus/algorithms/ma_dreamer/worker.py scan=20ms target_cc=astraea single_flow=1 no_state_pipe=1
[sao-listener] cport=23405 worker=/its/home/mm2350/extra/Olympusv2/olympus/algorithms/ma_dreamer/worker.py scan=20ms target_cc=astraea single_flow=1 no_state_pipe=1
[sao-listener] cport=23406 worker=/its/home/mm2350/extra/Olympusv2/olympus/algorithms/ma_dreamer/worker.py scan=20ms target_cc=astraea single_flow=1 no_state_pipe=1
[sao-listener] cport=23800 worker=/its/home/mm2350/extra/Olympusv2/olympus/algorithms/ma_dreamer/worker.py scan=20ms target_cc=astraea single_flow=1 no_state_pipe=1
[sao-listener] cport=23801 worker=/its/home/mm2350/extra/Olympusv2/olympus/algorithms/ma_dreamer/worker.py scan=20ms target_cc=astraea single_flow=1 no_state_pipe=1
[sao-listener] cport=23802 worker=/its/home/mm2350/extra/Olympusv2/olympus/algorithms/ma_dreamer/worker.py scan=20ms target_cc=astraea single_flow=1 no_state_pipe=1
[sao-listener] cport=23803 worker=/its/home/mm2350/extra/Olympusv2/olympus/algorithms/ma_dreamer/worker.py scan=20ms target_cc=astraea single_flow=1 no_state_pipe=1
[sao-listener] cport=23804 worker=/its/home/mm2350/extra/Olympusv2/olympus/algorithms/ma_dreamer/worker.py scan=20ms target_cc=astraea single_flow=1 no_state_pipe=1
[sao-listener] cport=23805 worker=/its/home/mm2350/extra/Olympusv2/olympus/algorithms/ma_dreamer/worker.py scan=20ms target_cc=astraea single_flow=1 no_state_pipe=1
[sao-listener] cport=23806 worker=/its/home/mm2350/extra/Olympusv2/olympus/algorithms/ma_dreamer/worker.py scan=20ms target_cc=astraea single_flow=1 no_state_pipe=1
[multi_ep_plot] saved -> /its/home/mm2350/extra/Olympusv2/benchmarks/benchmark_responsive_fairness/data/ma_dreamer_credit/7_flows/run24/ep000024_bw59_d84_n7.pdf  return=573210.1
[ep_plot] ep=24 -> /its/home/mm2350/extra/Olympusv2/benchmarks/benchmark_responsive_fairness/data/ma_dreamer_credit/7_flows/run24/ep000024_bw59_d84_n7.pdf  return=573210.07421875
[orch] ep=24 sum-of-agents return=573210.1
[responsive_fairness] slot=2 ma_dreamer_credit flows=7 run=34
[responsive_fairness] ma_dreamer_credit flows=7 run=24 done (174/200)
[slot=2] ep=34  flows=7  bw=77Mbps  delay=55ms  duration=345s  delays=[0.0, 7.5, 15.0, 22.5, 30.0, 37.5, 45.0]  lifetimes=[345.0, 337.5, 330.0, 322.5, 315.0, 307.5, 300.0]
[sao-listener] new flow 1 10.0.0.1:23600->10.0.0.8:5207 cc=astraea pid=967338 child=969844
[sao-listener] single-flow mode: attached worker; stopping ss scans
[sao-listener flow 1] cport=23600 cc=astraea worker active
[sao-listener] cport=23200 worker=/its/home/mm2350/extra/Olympusv2/olympus/algorithms/ma_dreamer/worker.py scan=20ms target_cc=astraea single_flow=1 no_state_pipe=1
[sao-listener] cport=23201 worker=/its/home/mm2350/extra/Olympusv2/olympus/algorithms/ma_dreamer/worker.py scan=20ms target_cc=astraea single_flow=1 no_state_pipe=1
[sao-listener] cport=23202 worker=/its/home/mm2350/extra/Olympusv2/olympus/algorithms/ma_dreamer/worker.py scan=20ms target_cc=astraea single_flow=1 no_state_pipe=1
[sao-listener] cport=23203 worker=/its/home/mm2350/extra/Olympusv2/olympus/algorithms/ma_dreamer/worker.py scan=20ms target_cc=astraea single_flow=1 no_state_pipe=1
[multi_ep_plot] saved -> /its/home/mm2350/extra/Olympusv2/benchmarks/benchmark_responsive_fairness/data/ma_dreamer_credit/7_flows/run25/ep000025_bw58_d11_n7.pdf  return=1131854.5
[ep_plot] ep=25 -> /its/home/mm2350/extra/Olympusv2/benchmarks/benchmark_responsive_fairness/data/ma_dreamer_credit/7_flows/run25/ep000025_bw58_d11_n7.pdf  return=1131854.453125
[orch] ep=25 sum-of-agents return=1131854.5
[responsive_fairness] slot=9 ma_dreamer_credit flows=7 run=35
[responsive_fairness] ma_dreamer_credit flows=7 run=25 done (175/200)
[sao-listener] cport=23204 worker=/its/home/mm2350/extra/Olympusv2/olympus/algorithms/ma_dreamer/worker.py scan=20ms target_cc=astraea single_flow=1 no_state_pipe=1
[slot=9] ep=35  flows=7  bw=80Mbps  delay=52ms  duration=345s  delays=[0.0, 7.5, 15.0, 22.5, 30.0, 37.5, 45.0]  lifetimes=[345.0, 337.5, 330.0, 322.5, 315.0, 307.5, 300.0]
[sao-listener] cport=23205 worker=/its/home/mm2350/extra/Olympusv2/olympus/algorithms/ma_dreamer/worker.py scan=20ms target_cc=astraea single_flow=1 no_state_pipe=1
[sao-listener] cport=23206 worker=/its/home/mm2350/extra/Olympusv2/olympus/algorithms/ma_dreamer/worker.py scan=20ms target_cc=astraea single_flow=1 no_state_pipe=1
[worker cport=23600 agent=0] loaded checkpoint step=24571
[worker alg=ma_dreamer reward=tempest_fairness_ma cport=23600 agent=0 group=slot6_ep31 flow=1] started interval=20ms det=1 latent=8x8
[sao-listener] cport=23900 worker=/its/home/mm2350/extra/Olympusv2/olympus/algorithms/ma_dreamer/worker.py scan=20ms target_cc=astraea single_flow=1 no_state_pipe=1
[sao-listener] new flow 1 10.0.0.1:23400->10.0.0.8:5205 cc=astraea pid=968805 child=971960
[sao-listener] single-flow mode: attached worker; stopping ss scans
[sao-listener flow 1] cport=23400 cc=astraea worker active
[sao-listener] cport=23901 worker=/its/home/mm2350/extra/Olympusv2/olympus/algorithms/ma_dreamer/worker.py scan=20ms target_cc=astraea single_flow=1 no_state_pipe=1
[sao-listener] cport=23902 worker=/its/home/mm2350/extra/Olympusv2/olympus/algorithms/ma_dreamer/worker.py scan=20ms target_cc=astraea single_flow=1 no_state_pipe=1
[sao-listener] cport=23903 worker=/its/home/mm2350/extra/Olympusv2/olympus/algorithms/ma_dreamer/worker.py scan=20ms target_cc=astraea single_flow=1 no_state_pipe=1
[sao-listener] cport=23904 worker=/its/home/mm2350/extra/Olympusv2/olympus/algorithms/ma_dreamer/worker.py scan=20ms target_cc=astraea single_flow=1 no_state_pipe=1
[sao-listener] cport=23905 worker=/its/home/mm2350/extra/Olympusv2/olympus/algorithms/ma_dreamer/worker.py scan=20ms target_cc=astraea single_flow=1 no_state_pipe=1
[sao-listener] cport=23906 worker=/its/home/mm2350/extra/Olympusv2/olympus/algorithms/ma_dreamer/worker.py scan=20ms target_cc=astraea single_flow=1 no_state_pipe=1
[multi_ep_plot] saved -> /its/home/mm2350/extra/Olympusv2/benchmarks/benchmark_responsive_fairness/data/ma_dreamer_credit/7_flows/run26/ep000026_bw35_d94_n7.pdf  return=1587608.8
[ep_plot] ep=26 -> /its/home/mm2350/extra/Olympusv2/benchmarks/benchmark_responsive_fairness/data/ma_dreamer_credit/7_flows/run26/ep000026_bw35_d94_n7.pdf  return=1587608.796875
[orch] ep=26 sum-of-agents return=1587608.8
[responsive_fairness] slot=3 ma_dreamer_credit flows=7 run=36
[responsive_fairness] ma_dreamer_credit flows=7 run=26 done (176/200)
[slot=3] ep=36  flows=7  bw=52Mbps  delay=17ms  duration=345s  delays=[0.0, 7.5, 15.0, 22.5, 30.0, 37.5, 45.0]  lifetimes=[345.0, 337.5, 330.0, 322.5, 315.0, 307.5, 300.0]
[worker cport=23400 agent=0] loaded checkpoint step=24571
[worker alg=ma_dreamer reward=tempest_fairness_ma cport=23400 agent=0 group=slot4_ep32 flow=1] started interval=20ms det=1 latent=8x8
[sao-listener] new flow 1 10.0.0.1:23800->10.0.0.8:5209 cc=astraea pid=969099 child=972862
[sao-listener] single-flow mode: attached worker; stopping ss scans
[sao-listener flow 1] cport=23800 cc=astraea worker active
[worker cport=23800 agent=0] loaded checkpoint step=24571
[worker alg=ma_dreamer reward=tempest_fairness_ma cport=23800 agent=0 group=slot8_ep33 flow=1] started interval=20ms det=1 latent=8x8
[sao-listener] cport=23300 worker=/its/home/mm2350/extra/Olympusv2/olympus/algorithms/ma_dreamer/worker.py scan=20ms target_cc=astraea single_flow=1 no_state_pipe=1
[sao-listener] cport=23301 worker=/its/home/mm2350/extra/Olympusv2/olympus/algorithms/ma_dreamer/worker.py scan=20ms target_cc=astraea single_flow=1 no_state_pipe=1
[sao-listener] cport=23302 worker=/its/home/mm2350/extra/Olympusv2/olympus/algorithms/ma_dreamer/worker.py scan=20ms target_cc=astraea single_flow=1 no_state_pipe=1
[sao-listener] cport=23303 worker=/its/home/mm2350/extra/Olympusv2/olympus/algorithms/ma_dreamer/worker.py scan=20ms target_cc=astraea single_flow=1 no_state_pipe=1
[sao-listener] cport=23304 worker=/its/home/mm2350/extra/Olympusv2/olympus/algorithms/ma_dreamer/worker.py scan=20ms target_cc=astraea single_flow=1 no_state_pipe=1
[sao-listener] cport=23305 worker=/its/home/mm2350/extra/Olympusv2/olympus/algorithms/ma_dreamer/worker.py scan=20ms target_cc=astraea single_flow=1 no_state_pipe=1
[sao-listener] cport=23306 worker=/its/home/mm2350/extra/Olympusv2/olympus/algorithms/ma_dreamer/worker.py scan=20ms target_cc=astraea single_flow=1 no_state_pipe=1
[sao-listener] new flow 1 10.0.0.1:23200->10.0.0.8:5203 cc=astraea pid=970821 child=975125
[sao-listener] single-flow mode: attached worker; stopping ss scans
[sao-listener flow 1] cport=23200 cc=astraea worker active
[worker cport=23200 agent=0] loaded checkpoint step=24571
[worker alg=ma_dreamer reward=tempest_fairness_ma cport=23200 agent=0 group=slot2_ep34 flow=1] started interval=20ms det=1 latent=8x8
[sao-listener] new flow 1 10.0.0.2:23401->10.0.0.9:5205 cc=astraea pid=976198 child=976375
[sao-listener] single-flow mode: attached worker; stopping ss scans
[sao-listener flow 1] cport=23401 cc=astraea worker active
[sao-listener] new flow 1 10.0.0.1:23900->10.0.0.8:5210 cc=astraea pid=972476 child=976921
[sao-listener] single-flow mode: attached worker; stopping ss scans
[sao-listener flow 1] cport=23900 cc=astraea worker active
[sao-listener] new flow 1 10.0.0.2:23801->10.0.0.9:5209 cc=astraea pid=976650 child=977203
[sao-listener] single-flow mode: attached worker; stopping ss scans
[sao-listener flow 1] cport=23801 cc=astraea worker active
[worker cport=23401 agent=1] loaded checkpoint step=24571
[worker alg=ma_dreamer reward=tempest_fairness_ma cport=23401 agent=1 group=slot4_ep32 flow=1] started interval=20ms det=1 latent=8x8
[sao-listener] new flow 1 10.0.0.2:23601->10.0.0.9:5207 cc=astraea pid=975394 child=977493
[sao-listener] single-flow mode: attached worker; stopping ss scans
[sao-listener flow 1] cport=23601 cc=astraea worker active
[worker cport=23900 agent=0] loaded checkpoint step=24571
[worker alg=ma_dreamer reward=tempest_fairness_ma cport=23900 agent=0 group=slot9_ep35 flow=1] started interval=20ms det=1 latent=8x8
[multi_ep_plot] saved -> /its/home/mm2350/extra/Olympusv2/benchmarks/benchmark_responsive_fairness/data/ma_dreamer_credit/7_flows/run27/ep000027_bw93_d71_n7.pdf  return=1134466.0
[ep_plot] ep=27 -> /its/home/mm2350/extra/Olympusv2/benchmarks/benchmark_responsive_fairness/data/ma_dreamer_credit/7_flows/run27/ep000027_bw93_d71_n7.pdf  return=1134466.015625
[orch] ep=27 sum-of-agents return=1134466.0
[responsive_fairness] slot=1 ma_dreamer_credit flows=7 run=37
[responsive_fairness] ma_dreamer_credit flows=7 run=27 done (177/200)
[slot=1] ep=37  flows=7  bw=97Mbps  delay=87ms  duration=345s  delays=[0.0, 7.5, 15.0, 22.5, 30.0, 37.5, 45.0]  lifetimes=[345.0, 337.5, 330.0, 322.5, 315.0, 307.5, 300.0]
[worker cport=23801 agent=1] loaded checkpoint step=24571
[worker alg=ma_dreamer reward=tempest_fairness_ma cport=23801 agent=1 group=slot8_ep33 flow=1] started interval=20ms det=1 latent=8x8
[worker cport=23601 agent=1] loaded checkpoint step=24571
[worker alg=ma_dreamer reward=tempest_fairness_ma cport=23601 agent=1 group=slot6_ep31 flow=1] started interval=20ms det=1 latent=8x8
[sao-listener] new flow 1 10.0.0.2:23201->10.0.0.9:5203 cc=astraea pid=978080 child=979066
[sao-listener] single-flow mode: attached worker; stopping ss scans
[sao-listener flow 1] cport=23201 cc=astraea worker active
[sao-listener] new flow 1 10.0.0.1:23300->10.0.0.8:5204 cc=astraea pid=975054 child=979402
[sao-listener] single-flow mode: attached worker; stopping ss scans
[sao-listener flow 1] cport=23300 cc=astraea worker active
[sao-listener] cport=23100 worker=/its/home/mm2350/extra/Olympusv2/olympus/algorithms/ma_dreamer/worker.py scan=20ms target_cc=astraea single_flow=1 no_state_pipe=1
[sao-listener] cport=23101 worker=/its/home/mm2350/extra/Olympusv2/olympus/algorithms/ma_dreamer/worker.py scan=20ms target_cc=astraea single_flow=1 no_state_pipe=1
[sao-listener] cport=23102 worker=/its/home/mm2350/extra/Olympusv2/olympus/algorithms/ma_dreamer/worker.py scan=20ms target_cc=astraea single_flow=1 no_state_pipe=1
[sao-listener] cport=23103 worker=/its/home/mm2350/extra/Olympusv2/olympus/algorithms/ma_dreamer/worker.py scan=20ms target_cc=astraea single_flow=1 no_state_pipe=1
[sao-listener] cport=23104 worker=/its/home/mm2350/extra/Olympusv2/olympus/algorithms/ma_dreamer/worker.py scan=20ms target_cc=astraea single_flow=1 no_state_pipe=1
[sao-listener] cport=23105 worker=/its/home/mm2350/extra/Olympusv2/olympus/algorithms/ma_dreamer/worker.py scan=20ms target_cc=astraea single_flow=1 no_state_pipe=1
[sao-listener] cport=23106 worker=/its/home/mm2350/extra/Olympusv2/olympus/algorithms/ma_dreamer/worker.py scan=20ms target_cc=astraea single_flow=1 no_state_pipe=1
[worker cport=23201 agent=1] loaded checkpoint step=24571
[worker alg=ma_dreamer reward=tempest_fairness_ma cport=23201 agent=1 group=slot2_ep34 flow=1] started interval=20ms det=1 latent=8x8
[worker cport=23300 agent=0] loaded checkpoint step=24571
[worker alg=ma_dreamer reward=tempest_fairness_ma cport=23300 agent=0 group=slot3_ep36 flow=1] started interval=20ms det=1 latent=8x8
[orch] link change t=15.0s bw=24 delay=60
[sao-listener] new flow 1 10.0.0.2:23901->10.0.0.9:5210 cc=astraea pid=980078 child=982157
[sao-listener] single-flow mode: attached worker; stopping ss scans
[sao-listener flow 1] cport=23901 cc=astraea worker active
[multi_ep_plot] saved -> /its/home/mm2350/extra/Olympusv2/benchmarks/benchmark_responsive_fairness/data/ma_dreamer_credit/7_flows/run28/ep000028_bw24_d26_n7.pdf  return=495726.6
[ep_plot] ep=28 -> /its/home/mm2350/extra/Olympusv2/benchmarks/benchmark_responsive_fairness/data/ma_dreamer_credit/7_flows/run28/ep000028_bw24_d26_n7.pdf  return=495726.6171875
[orch] ep=28 sum-of-agents return=495726.6
[orch] link change t=15.0s bw=28 delay=48
[responsive_fairness] slot=5 ma_dreamer_credit flows=7 run=38
[responsive_fairness] ma_dreamer_credit flows=7 run=28 done (178/200)
[slot=5] ep=38  flows=7  bw=91Mbps  delay=63ms  duration=345s  delays=[0.0, 7.5, 15.0, 22.5, 30.0, 37.5, 45.0]  lifetimes=[345.0, 337.5, 330.0, 322.5, 315.0, 307.5, 300.0]
[sao-listener] new flow 1 10.0.0.3:23602->10.0.0.10:5207 cc=astraea pid=982467 child=982823
[sao-listener] single-flow mode: attached worker; stopping ss scans
[sao-listener flow 1] cport=23602 cc=astraea worker active
[worker cport=23901 agent=1] loaded checkpoint step=24571
[worker alg=ma_dreamer reward=tempest_fairness_ma cport=23901 agent=1 group=slot9_ep35 flow=1] started interval=20ms det=1 latent=8x8
[orch] link change t=15.0s bw=90 delay=39
[worker cport=23602 agent=2] loaded checkpoint step=24571
[worker alg=ma_dreamer reward=tempest_fairness_ma cport=23602 agent=2 group=slot6_ep31 flow=1] started interval=20ms det=1 latent=8x8
[sao-listener] cport=23500 worker=/its/home/mm2350/extra/Olympusv2/olympus/algorithms/ma_dreamer/worker.py scan=20ms target_cc=astraea single_flow=1 no_state_pipe=1
[sao-listener] cport=23501 worker=/its/home/mm2350/extra/Olympusv2/olympus/algorithms/ma_dreamer/worker.py scan=20ms target_cc=astraea single_flow=1 no_state_pipe=1
[sao-listener] cport=23502 worker=/its/home/mm2350/extra/Olympusv2/olympus/algorithms/ma_dreamer/worker.py scan=20ms target_cc=astraea single_flow=1 no_state_pipe=1
[sao-listener] cport=23503 worker=/its/home/mm2350/extra/Olympusv2/olympus/algorithms/ma_dreamer/worker.py scan=20ms target_cc=astraea single_flow=1 no_state_pipe=1
[sao-listener] cport=23504 worker=/its/home/mm2350/extra/Olympusv2/olympus/algorithms/ma_dreamer/worker.py scan=20ms target_cc=astraea single_flow=1 no_state_pipe=1
[sao-listener] cport=23505 worker=/its/home/mm2350/extra/Olympusv2/olympus/algorithms/ma_dreamer/worker.py scan=20ms target_cc=astraea single_flow=1 no_state_pipe=1
[sao-listener] new flow 1 10.0.0.2:23301->10.0.0.9:5204 cc=astraea pid=982126 child=984988
[sao-listener] single-flow mode: attached worker; stopping ss scans
[sao-listener flow 1] cport=23301 cc=astraea worker active
[sao-listener] cport=23506 worker=/its/home/mm2350/extra/Olympusv2/olympus/algorithms/ma_dreamer/worker.py scan=20ms target_cc=astraea single_flow=1 no_state_pipe=1
[orch] link change t=15.0s bw=84 delay=13
[sao-listener] new flow 1 10.0.0.1:23100->10.0.0.8:5202 cc=astraea pid=981037 child=985648
[sao-listener] single-flow mode: attached worker; stopping ss scans
[sao-listener flow 1] cport=23100 cc=astraea worker active
[worker cport=23301 agent=1] loaded checkpoint step=24571
[worker alg=ma_dreamer reward=tempest_fairness_ma cport=23301 agent=1 group=slot3_ep36 flow=1] started interval=20ms det=1 latent=8x8
[orch] link change t=15.0s bw=26 delay=53
[worker cport=23100 agent=0] loaded checkpoint step=24571
[worker alg=ma_dreamer reward=tempest_fairness_ma cport=23100 agent=0 group=slot1_ep37 flow=1] started interval=20ms det=1 latent=8x8
[sao-listener] new flow 1 10.0.0.3:23402->10.0.0.10:5205 cc=astraea pid=983432 child=986902
[sao-listener] single-flow mode: attached worker; stopping ss scans
[sao-listener flow 1] cport=23402 cc=astraea worker active
[sao-listener] new flow 1 10.0.0.3:23802->10.0.0.10:5209 cc=astraea pid=983901 child=987767
[sao-listener] single-flow mode: attached worker; stopping ss scans
[sao-listener flow 1] cport=23802 cc=astraea worker active
[multi_ep_plot] saved -> /its/home/mm2350/extra/Olympusv2/benchmarks/benchmark_responsive_fairness/data/ma_dreamer_credit/7_flows/run29/ep000029_bw80_d19_n7.pdf  return=1975876.1
[ep_plot] ep=29 -> /its/home/mm2350/extra/Olympusv2/benchmarks/benchmark_responsive_fairness/data/ma_dreamer_credit/7_flows/run29/ep000029_bw80_d19_n7.pdf  return=1975876.09375
[orch] ep=29 sum-of-agents return=1975876.1
[responsive_fairness] ma_dreamer_credit flows=7 run=29 done (179/200)
[responsive_fairness] slot=0 ma_dreamer_credit flows=7 run=39
[slot=0] ep=39  flows=7  bw=36Mbps  delay=43ms  duration=345s  delays=[0.0, 7.5, 15.0, 22.5, 30.0, 37.5, 45.0]  lifetimes=[345.0, 337.5, 330.0, 322.5, 315.0, 307.5, 300.0]
[worker cport=23402 agent=2] loaded checkpoint step=24571
[worker alg=ma_dreamer reward=tempest_fairness_ma cport=23402 agent=2 group=slot4_ep32 flow=1] started interval=20ms det=1 latent=8x8
[orch] link change t=15.0s bw=12 delay=46
[worker cport=23802 agent=2] loaded checkpoint step=24571
[worker alg=ma_dreamer reward=tempest_fairness_ma cport=23802 agent=2 group=slot8_ep33 flow=1] started interval=20ms det=1 latent=8x8
[sao-listener] cport=23000 worker=/its/home/mm2350/extra/Olympusv2/olympus/algorithms/ma_dreamer/worker.py scan=20ms target_cc=astraea single_flow=1 no_state_pipe=1
[sao-listener] cport=23001 worker=/its/home/mm2350/extra/Olympusv2/olympus/algorithms/ma_dreamer/worker.py scan=20ms target_cc=astraea single_flow=1 no_state_pipe=1
[sao-listener] cport=23002 worker=/its/home/mm2350/extra/Olympusv2/olympus/algorithms/ma_dreamer/worker.py scan=20ms target_cc=astraea single_flow=1 no_state_pipe=1
[sao-listener] cport=23003 worker=/its/home/mm2350/extra/Olympusv2/olympus/algorithms/ma_dreamer/worker.py scan=20ms target_cc=astraea single_flow=1 no_state_pipe=1
[sao-listener] cport=23004 worker=/its/home/mm2350/extra/Olympusv2/olympus/algorithms/ma_dreamer/worker.py scan=20ms target_cc=astraea single_flow=1 no_state_pipe=1
[sao-listener] cport=23005 worker=/its/home/mm2350/extra/Olympusv2/olympus/algorithms/ma_dreamer/worker.py scan=20ms target_cc=astraea single_flow=1 no_state_pipe=1
[sao-listener] cport=23006 worker=/its/home/mm2350/extra/Olympusv2/olympus/algorithms/ma_dreamer/worker.py scan=20ms target_cc=astraea single_flow=1 no_state_pipe=1
[sao-listener] new flow 1 10.0.0.1:23500->10.0.0.8:5206 cc=astraea pid=985472 child=990317
[sao-listener] single-flow mode: attached worker; stopping ss scans
[sao-listener flow 1] cport=23500 cc=astraea worker active
[sao-listener] new flow 1 10.0.0.3:23202->10.0.0.10:5203 cc=astraea pid=985753 child=990415
[sao-listener] single-flow mode: attached worker; stopping ss scans
[sao-listener flow 1] cport=23202 cc=astraea worker active
[sao-listener] new flow 1 10.0.0.3:23302->10.0.0.10:5204 cc=astraea pid=989277 child=990576
[sao-listener] single-flow mode: attached worker; stopping ss scans
[sao-listener flow 1] cport=23302 cc=astraea worker active
[sao-listener] new flow 1 10.0.0.2:23101->10.0.0.9:5202 cc=astraea pid=987782 child=991294
[sao-listener] single-flow mode: attached worker; stopping ss scans
[sao-listener flow 1] cport=23101 cc=astraea worker active
[worker cport=23500 agent=0] loaded checkpoint step=24571
[worker alg=ma_dreamer reward=tempest_fairness_ma cport=23500 agent=0 group=slot5_ep38 flow=1] started interval=20ms det=1 latent=8x8
[worker cport=23202 agent=2] loaded checkpoint step=24571
[worker alg=ma_dreamer reward=tempest_fairness_ma cport=23202 agent=2 group=slot2_ep34 flow=1] started interval=20ms det=1 latent=8x8
[worker cport=23302 agent=2] loaded checkpoint step=24571
[worker alg=ma_dreamer reward=tempest_fairness_ma cport=23302 agent=2 group=slot3_ep36 flow=1] started interval=20ms det=1 latent=8x8
[multi_ep_plot] saved -> /its/home/mm2350/extra/Olympusv2/benchmarks/benchmark_responsive_fairness/data/ma_dreamer_credit/7_flows/run30/ep000030_bw79_d47_n7.pdf  return=1345208.7
[ep_plot] ep=30 -> /its/home/mm2350/extra/Olympusv2/benchmarks/benchmark_responsive_fairness/data/ma_dreamer_credit/7_flows/run30/ep000030_bw79_d47_n7.pdf  return=1345208.734375
[orch] ep=30 sum-of-agents return=1345208.7
[responsive_fairness] slot=7 ma_dreamer_credit flows=7 run=40
[responsive_fairness] ma_dreamer_credit flows=7 run=30 done (180/200)
[slot=7] ep=40  flows=7  bw=68Mbps  delay=84ms  duration=345s  delays=[0.0, 7.5, 15.0, 22.5, 30.0, 37.5, 45.0]  lifetimes=[345.0, 337.5, 330.0, 322.5, 315.0, 307.5, 300.0]
[worker cport=23101 agent=1] loaded checkpoint step=24571
[worker alg=ma_dreamer reward=tempest_fairness_ma cport=23101 agent=1 group=slot1_ep37 flow=1] started interval=20ms det=1 latent=8x8
[sao-listener] new flow 1 10.0.0.3:23902->10.0.0.10:5210 cc=astraea pid=987027 child=993504
[sao-listener] single-flow mode: attached worker; stopping ss scans
[sao-listener flow 1] cport=23902 cc=astraea worker active
[sao-listener] new flow 1 10.0.0.4:23403->10.0.0.11:5205 cc=astraea pid=990806 child=993851
[sao-listener] single-flow mode: attached worker; stopping ss scans
[sao-listener flow 1] cport=23403 cc=astraea worker active
[sao-listener] cport=23700 worker=/its/home/mm2350/extra/Olympusv2/olympus/algorithms/ma_dreamer/worker.py scan=20ms target_cc=astraea single_flow=1 no_state_pipe=1
[sao-listener] cport=23701 worker=/its/home/mm2350/extra/Olympusv2/olympus/algorithms/ma_dreamer/worker.py scan=20ms target_cc=astraea single_flow=1 no_state_pipe=1
[sao-listener] cport=23702 worker=/its/home/mm2350/extra/Olympusv2/olympus/algorithms/ma_dreamer/worker.py scan=20ms target_cc=astraea single_flow=1 no_state_pipe=1
[sao-listener] cport=23703 worker=/its/home/mm2350/extra/Olympusv2/olympus/algorithms/ma_dreamer/worker.py scan=20ms target_cc=astraea single_flow=1 no_state_pipe=1
[sao-listener] cport=23704 worker=/its/home/mm2350/extra/Olympusv2/olympus/algorithms/ma_dreamer/worker.py scan=20ms target_cc=astraea single_flow=1 no_state_pipe=1
[sao-listener] cport=23705 worker=/its/home/mm2350/extra/Olympusv2/olympus/algorithms/ma_dreamer/worker.py scan=20ms target_cc=astraea single_flow=1 no_state_pipe=1
[sao-listener] cport=23706 worker=/its/home/mm2350/extra/Olympusv2/olympus/algorithms/ma_dreamer/worker.py scan=20ms target_cc=astraea single_flow=1 no_state_pipe=1
[orch] link change t=15.0s bw=21 delay=89
[sao-listener] new flow 1 10.0.0.4:23803->10.0.0.11:5209 cc=astraea pid=991179 child=994747
[sao-listener] single-flow mode: attached worker; stopping ss scans
[sao-listener flow 1] cport=23803 cc=astraea worker active
[worker cport=23902 agent=2] loaded checkpoint step=24571
[worker alg=ma_dreamer reward=tempest_fairness_ma cport=23902 agent=2 group=slot9_ep35 flow=1] started interval=20ms det=1 latent=8x8
[worker cport=23403 agent=3] loaded checkpoint step=24571
[worker alg=ma_dreamer reward=tempest_fairness_ma cport=23403 agent=3 group=slot4_ep32 flow=1] started interval=20ms det=1 latent=8x8
[worker cport=23803 agent=3] loaded checkpoint step=24571
[worker alg=ma_dreamer reward=tempest_fairness_ma cport=23803 agent=3 group=slot8_ep33 flow=1] started interval=20ms det=1 latent=8x8
[sao-listener] new flow 1 10.0.0.4:23603->10.0.0.11:5207 cc=astraea pid=989794 child=995965
[sao-listener] single-flow mode: attached worker; stopping ss scans
[sao-listener flow 1] cport=23603 cc=astraea worker active
[orch] link change t=30.0s bw=28 delay=97
[sao-listener] new flow 1 10.0.0.1:23000->10.0.0.8:5201 cc=astraea pid=990588 child=996554
[sao-listener] single-flow mode: attached worker; stopping ss scans
[sao-listener flow 1] cport=23000 cc=astraea worker active
[orch] link change t=30.0s bw=99 delay=40
[worker cport=23603 agent=3] loaded checkpoint step=24571
[worker alg=ma_dreamer reward=tempest_fairness_ma cport=23603 agent=3 group=slot6_ep31 flow=1] started interval=20ms det=1 latent=8x8
[sao-listener] new flow 1 10.0.0.2:23501->10.0.0.9:5206 cc=astraea pid=992370 child=997205
[sao-listener] single-flow mode: attached worker; stopping ss scans
[sao-listener flow 1] cport=23501 cc=astraea worker active
[sao-listener] new flow 1 10.0.0.4:23203->10.0.0.11:5203 cc=astraea pid=992628 child=997317
[sao-listener] single-flow mode: attached worker; stopping ss scans
[sao-listener flow 1] cport=23203 cc=astraea worker active
[sao-listener] new flow 1 10.0.0.4:23303->10.0.0.11:5204 cc=astraea pid=996354 child=997411
[sao-listener] single-flow mode: attached worker; stopping ss scans
[sao-listener flow 1] cport=23303 cc=astraea worker active
[orch] link change t=30.0s bw=45 delay=71
[worker cport=23000 agent=0] loaded checkpoint step=24571
[worker alg=ma_dreamer reward=tempest_fairness_ma cport=23000 agent=0 group=slot0_ep39 flow=1] started interval=20ms det=1 latent=8x8
[sao-listener] new flow 1 10.0.0.3:23102->10.0.0.10:5202 cc=astraea pid=995292 child=998122
[sao-listener] single-flow mode: attached worker; stopping ss scans
[sao-listener flow 1] cport=23102 cc=astraea worker active
[worker cport=23501 agent=1] loaded checkpoint step=24571
[worker alg=ma_dreamer reward=tempest_fairness_ma cport=23501 agent=1 group=slot5_ep38 flow=1] started interval=20ms det=1 latent=8x8
[worker cport=23203 agent=3] loaded checkpoint step=24571
[worker alg=ma_dreamer reward=tempest_fairness_ma cport=23203 agent=3 group=slot2_ep34 flow=1] started interval=20ms det=1 latent=8x8
[worker cport=23303 agent=3] loaded checkpoint step=24571
[worker alg=ma_dreamer reward=tempest_fairness_ma cport=23303 agent=3 group=slot3_ep36 flow=1] started interval=20ms det=1 latent=8x8
[orch] link change t=15.0s bw=64 delay=23
[orch] link change t=30.0s bw=39 delay=13
[worker cport=23102 agent=2] loaded checkpoint step=24571
[worker alg=ma_dreamer reward=tempest_fairness_ma cport=23102 agent=2 group=slot1_ep37 flow=1] started interval=20ms det=1 latent=8x8
[orch] link change t=30.0s bw=29 delay=46
[sao-listener] new flow 1 10.0.0.4:23903->10.0.0.11:5210 cc=astraea pid=994502 child=1000579
[sao-listener] single-flow mode: attached worker; stopping ss scans
[sao-listener flow 1] cport=23903 cc=astraea worker active
[sao-listener] new flow 1 10.0.0.1:23700->10.0.0.8:5208 cc=astraea pid=994907 child=1000752
[sao-listener] single-flow mode: attached worker; stopping ss scans
[sao-listener flow 1] cport=23700 cc=astraea worker active
[sao-listener] new flow 1 10.0.0.5:23404->10.0.0.12:5205 cc=astraea pid=997659 child=1001135
[sao-listener] single-flow mode: attached worker; stopping ss scans
[sao-listener flow 1] cport=23404 cc=astraea worker active
[worker cport=23903 agent=3] loaded checkpoint step=24571
[worker alg=ma_dreamer reward=tempest_fairness_ma cport=23903 agent=3 group=slot9_ep35 flow=1] started interval=20ms det=1 latent=8x8
[worker cport=23700 agent=0] loaded checkpoint step=24571
[worker alg=ma_dreamer reward=tempest_fairness_ma cport=23700 agent=0 group=slot7_ep40 flow=1] started interval=20ms det=1 latent=8x8
[sao-listener] new flow 1 10.0.0.5:23804->10.0.0.12:5209 cc=astraea pid=998134 child=1001905
[sao-listener] single-flow mode: attached worker; stopping ss scans
[sao-listener flow 1] cport=23804 cc=astraea worker active
[worker cport=23404 agent=4] loaded checkpoint step=24571
[worker alg=ma_dreamer reward=tempest_fairness_ma cport=23404 agent=4 group=slot4_ep32 flow=1] started interval=20ms det=1 latent=8x8
[orch] link change t=30.0s bw=20 delay=10
[sao-listener] new flow 1 10.0.0.2:23001->10.0.0.9:5201 cc=astraea pid=997485 child=1002937
[sao-listener] single-flow mode: attached worker; stopping ss scans
[sao-listener flow 1] cport=23001 cc=astraea worker active
[worker cport=23804 agent=4] loaded checkpoint step=24571
[worker alg=ma_dreamer reward=tempest_fairness_ma cport=23804 agent=4 group=slot8_ep33 flow=1] started interval=20ms det=1 latent=8x8
[sao-listener] new flow 1 10.0.0.3:23502->10.0.0.10:5206 cc=astraea pid=999389 child=1003179
[sao-listener] single-flow mode: attached worker; stopping ss scans
[sao-listener flow 1] cport=23502 cc=astraea worker active
[sao-listener] new flow 1 10.0.0.5:23604->10.0.0.12:5207 cc=astraea pid=996682 child=1003443
[sao-listener] single-flow mode: attached worker; stopping ss scans
[sao-listener flow 1] cport=23604 cc=astraea worker active
[orch] link change t=15.0s bw=59 delay=13
[worker cport=23001 agent=1] loaded checkpoint step=24571
[worker alg=ma_dreamer reward=tempest_fairness_ma cport=23001 agent=1 group=slot0_ep39 flow=1] started interval=20ms det=1 latent=8x8
[sao-listener] new flow 1 10.0.0.5:23304->10.0.0.12:5204 cc=astraea pid=1003095 child=1004085
[sao-listener] single-flow mode: attached worker; stopping ss scans
[sao-listener flow 1] cport=23304 cc=astraea worker active
[sao-listener] new flow 1 10.0.0.5:23204->10.0.0.12:5203 cc=astraea pid=999659 child=1004113
[sao-listener] single-flow mode: attached worker; stopping ss scans
[sao-listener flow 1] cport=23204 cc=astraea worker active
[worker cport=23502 agent=2] loaded checkpoint step=24571
[worker alg=ma_dreamer reward=tempest_fairness_ma cport=23502 agent=2 group=slot5_ep38 flow=1] started interval=20ms det=1 latent=8x8
[worker cport=23604 agent=4] loaded checkpoint step=24571
[worker alg=ma_dreamer reward=tempest_fairness_ma cport=23604 agent=4 group=slot6_ep31 flow=1] started interval=20ms det=1 latent=8x8
[sao-listener] new flow 1 10.0.0.4:23103->10.0.0.11:5202 cc=astraea pid=1001836 child=1004651
[sao-listener] single-flow mode: attached worker; stopping ss scans
[sao-listener flow 1] cport=23103 cc=astraea worker active
[worker cport=23304 agent=4] loaded checkpoint step=24571
[worker alg=ma_dreamer reward=tempest_fairness_ma cport=23304 agent=4 group=slot3_ep36 flow=1] started interval=20ms det=1 latent=8x8
[worker cport=23204 agent=4] loaded checkpoint step=24571
[worker alg=ma_dreamer reward=tempest_fairness_ma cport=23204 agent=4 group=slot2_ep34 flow=1] started interval=20ms det=1 latent=8x8
[worker cport=23103 agent=3] loaded checkpoint step=24571
[worker alg=ma_dreamer reward=tempest_fairness_ma cport=23103 agent=3 group=slot1_ep37 flow=1] started interval=20ms det=1 latent=8x8
[sao-listener] new flow 1 10.0.0.5:23904->10.0.0.12:5210 cc=astraea pid=1001037 child=1006364
[sao-listener] single-flow mode: attached worker; stopping ss scans
[sao-listener flow 1] cport=23904 cc=astraea worker active
[sao-listener] new flow 1 10.0.0.2:23701->10.0.0.9:5208 cc=astraea pid=1001429 child=1006658
[sao-listener] single-flow mode: attached worker; stopping ss scans
[sao-listener flow 1] cport=23701 cc=astraea worker active
[orch] link change t=15.0s bw=77 delay=14
[sao-listener] new flow 1 10.0.0.6:23405->10.0.0.13:5205 cc=astraea pid=1004330 child=1007049
[sao-listener] single-flow mode: attached worker; stopping ss scans
[sao-listener flow 1] cport=23405 cc=astraea worker active
[worker cport=23904 agent=4] loaded checkpoint step=24571
[worker alg=ma_dreamer reward=tempest_fairness_ma cport=23904 agent=4 group=slot9_ep35 flow=1] started interval=20ms det=1 latent=8x8
[orch] link change t=30.0s bw=95 delay=91
[worker cport=23701 agent=1] loaded checkpoint step=24571
[worker alg=ma_dreamer reward=tempest_fairness_ma cport=23701 agent=1 group=slot7_ep40 flow=1] started interval=20ms det=1 latent=8x8
[sao-listener] new flow 1 10.0.0.6:23805->10.0.0.13:5209 cc=astraea pid=1004787 child=1007599
[sao-listener] single-flow mode: attached worker; stopping ss scans
[sao-listener flow 1] cport=23805 cc=astraea worker active
[worker cport=23405 agent=5] loaded checkpoint step=24571
[worker alg=ma_dreamer reward=tempest_fairness_ma cport=23405 agent=5 group=slot4_ep32 flow=1] started interval=20ms det=1 latent=8x8
[sao-listener] new flow 1 10.0.0.3:23002->10.0.0.10:5201 cc=astraea pid=1004084 child=1008128
[sao-listener] single-flow mode: attached worker; stopping ss scans
[sao-listener flow 1] cport=23002 cc=astraea worker active
[worker cport=23805 agent=5] loaded checkpoint step=24571
[worker alg=ma_dreamer reward=tempest_fairness_ma cport=23805 agent=5 group=slot8_ep33 flow=1] started interval=20ms det=1 latent=8x8
[sao-listener] new flow 1 10.0.0.4:23503->10.0.0.11:5206 cc=astraea pid=1005790 child=1008650
[sao-listener] single-flow mode: attached worker; stopping ss scans
[sao-listener flow 1] cport=23503 cc=astraea worker active
[orch] link change t=45.0s bw=15 delay=27
[sao-listener] new flow 1 10.0.0.6:23605->10.0.0.13:5207 cc=astraea pid=1003413 child=1008880
[sao-listener] single-flow mode: attached worker; stopping ss scans
[sao-listener flow 1] cport=23605 cc=astraea worker active
[worker cport=23002 agent=2] loaded checkpoint step=24571
[worker alg=ma_dreamer reward=tempest_fairness_ma cport=23002 agent=2 group=slot0_ep39 flow=1] started interval=20ms det=1 latent=8x8
[sao-listener] new flow 1 10.0.0.6:23205->10.0.0.13:5203 cc=astraea pid=1006014 child=1009056
[sao-listener] single-flow mode: attached worker; stopping ss scans
[sao-listener flow 1] cport=23205 cc=astraea worker active
[sao-listener] new flow 1 10.0.0.6:23305->10.0.0.13:5204 cc=astraea pid=1008983 child=1009270
[sao-listener] single-flow mode: attached worker; stopping ss scans
[sao-listener flow 1] cport=23305 cc=astraea worker active
[worker cport=23503 agent=3] loaded checkpoint step=24571
[worker alg=ma_dreamer reward=tempest_fairness_ma cport=23503 agent=3 group=slot5_ep38 flow=1] started interval=20ms det=1 latent=8x8
[orch] link change t=45.0s bw=73 delay=13
[worker cport=23605 agent=5] loaded checkpoint step=24571
[worker alg=ma_dreamer reward=tempest_fairness_ma cport=23605 agent=5 group=slot6_ep31 flow=1] started interval=20ms det=1 latent=8x8
[sao-listener] new flow 1 10.0.0.5:23104->10.0.0.12:5202 cc=astraea pid=1007941 child=1009611
[sao-listener] single-flow mode: attached worker; stopping ss scans
[sao-listener flow 1] cport=23104 cc=astraea worker active
[worker cport=23205 agent=5] loaded checkpoint step=24571
[worker alg=ma_dreamer reward=tempest_fairness_ma cport=23205 agent=5 group=slot2_ep34 flow=1] started interval=20ms det=1 latent=8x8
[orch] link change t=45.0s bw=93 delay=78
[worker cport=23305 agent=5] loaded checkpoint step=24571
[worker alg=ma_dreamer reward=tempest_fairness_ma cport=23305 agent=5 group=slot3_ep36 flow=1] started interval=20ms det=1 latent=8x8
[worker cport=23104 agent=4] loaded checkpoint step=24571
[worker alg=ma_dreamer reward=tempest_fairness_ma cport=23104 agent=4 group=slot1_ep37 flow=1] started interval=20ms det=1 latent=8x8
[orch] link change t=30.0s bw=18 delay=56
[orch] link change t=45.0s bw=59 delay=56
[sao-listener] new flow 1 10.0.0.3:23702->10.0.0.10:5208 cc=astraea pid=1007592 child=1011036
[sao-listener] single-flow mode: attached worker; stopping ss scans
[sao-listener flow 1] cport=23702 cc=astraea worker active
[sao-listener] new flow 1 10.0.0.6:23905->10.0.0.13:5210 cc=astraea pid=1007260 child=1011114
[sao-listener] single-flow mode: attached worker; stopping ss scans
[sao-listener flow 1] cport=23905 cc=astraea worker active
[sao-listener] new flow 1 10.0.0.7:23406->10.0.0.14:5205 cc=astraea pid=1009936 child=1011560
[sao-listener] single-flow mode: attached worker; stopping ss scans
[sao-listener flow 1] cport=23406 cc=astraea worker active
[worker cport=23702 agent=2] loaded checkpoint step=24571
[worker alg=ma_dreamer reward=tempest_fairness_ma cport=23702 agent=2 group=slot7_ep40 flow=1] started interval=20ms det=1 latent=8x8
[orch] link change t=45.0s bw=65 delay=42
[worker cport=23905 agent=5] loaded checkpoint step=24571
[worker alg=ma_dreamer reward=tempest_fairness_ma cport=23905 agent=5 group=slot9_ep35 flow=1] started interval=20ms det=1 latent=8x8
[sao-listener] new flow 1 10.0.0.7:23806->10.0.0.14:5209 cc=astraea pid=1010300 child=1011907
[sao-listener] single-flow mode: attached worker; stopping ss scans
[sao-listener flow 1] cport=23806 cc=astraea worker active
[worker cport=23406 agent=6] loaded checkpoint step=24571
[worker alg=ma_dreamer reward=tempest_fairness_ma cport=23406 agent=6 group=slot4_ep32 flow=1] started interval=20ms det=1 latent=8x8
[sao-listener] new flow 1 10.0.0.4:23003->10.0.0.11:5201 cc=astraea pid=1009830 child=1012141
[sao-listener] single-flow mode: attached worker; stopping ss scans
[sao-listener flow 1] cport=23003 cc=astraea worker active
[worker cport=23806 agent=6] loaded checkpoint step=24571
[worker alg=ma_dreamer reward=tempest_fairness_ma cport=23806 agent=6 group=slot8_ep33 flow=1] started interval=20ms det=1 latent=8x8
[worker cport=23003 agent=3] loaded checkpoint step=24571
[worker alg=ma_dreamer reward=tempest_fairness_ma cport=23003 agent=3 group=slot0_ep39 flow=1] started interval=20ms det=1 latent=8x8
[sao-listener] new flow 1 10.0.0.5:23504->10.0.0.12:5206 cc=astraea pid=1010933 child=1012647
[sao-listener] single-flow mode: attached worker; stopping ss scans
[sao-listener flow 1] cport=23504 cc=astraea worker active
[sao-listener] new flow 1 10.0.0.7:23606->10.0.0.14:5207 cc=astraea pid=1009227 child=1012800
[sao-listener] single-flow mode: attached worker; stopping ss scans
[sao-listener flow 1] cport=23606 cc=astraea worker active
[sao-listener] new flow 1 10.0.0.7:23206->10.0.0.14:5203 cc=astraea pid=1011101 child=1012804
[sao-listener] single-flow mode: attached worker; stopping ss scans
[sao-listener flow 1] cport=23206 cc=astraea worker active
[orch] link change t=45.0s bw=74 delay=90
[worker cport=23504 agent=4] loaded checkpoint step=24571
[worker alg=ma_dreamer reward=tempest_fairness_ma cport=23504 agent=4 group=slot5_ep38 flow=1] started interval=20ms det=1 latent=8x8
[worker cport=23206 agent=6] loaded checkpoint step=24571
[worker alg=ma_dreamer reward=tempest_fairness_ma cport=23206 agent=6 group=slot2_ep34 flow=1] started interval=20ms det=1 latent=8x8
[worker cport=23606 agent=6] loaded checkpoint step=24571
[worker alg=ma_dreamer reward=tempest_fairness_ma cport=23606 agent=6 group=slot6_ep31 flow=1] started interval=20ms det=1 latent=8x8
[sao-listener] new flow 1 10.0.0.6:23105->10.0.0.13:5202 cc=astraea pid=1012489 child=1013343
[sao-listener] single-flow mode: attached worker; stopping ss scans
[sao-listener flow 1] cport=23105 cc=astraea worker active
[orch] link change t=30.0s bw=34 delay=38
[worker cport=23105 agent=5] loaded checkpoint step=24571
[worker alg=ma_dreamer reward=tempest_fairness_ma cport=23105 agent=5 group=slot1_ep37 flow=1] started interval=20ms det=1 latent=8x8
[sao-listener] new flow 1 10.0.0.4:23703->10.0.0.11:5208 cc=astraea pid=1012280 child=1014093
[sao-listener] single-flow mode: attached worker; stopping ss scans
[sao-listener flow 1] cport=23703 cc=astraea worker active
[sao-listener] new flow 1 10.0.0.7:23906->10.0.0.14:5210 cc=astraea pid=1012025 child=1014160
[sao-listener] single-flow mode: attached worker; stopping ss scans
[sao-listener flow 1] cport=23906 cc=astraea worker active
[worker cport=23703 agent=3] loaded checkpoint step=24571
[worker alg=ma_dreamer reward=tempest_fairness_ma cport=23703 agent=3 group=slot7_ep40 flow=1] started interval=20ms det=1 latent=8x8
[worker cport=23906 agent=6] loaded checkpoint step=24571
[worker alg=ma_dreamer reward=tempest_fairness_ma cport=23906 agent=6 group=slot9_ep35 flow=1] started interval=20ms det=1 latent=8x8
[sao-listener] new flow 1 10.0.0.5:23004->10.0.0.12:5201 cc=astraea pid=1013707 child=1014714
[sao-listener] single-flow mode: attached worker; stopping ss scans
[sao-listener flow 1] cport=23004 cc=astraea worker active
[orch] link change t=30.0s bw=41 delay=46
[sao-listener] new flow 1 10.0.0.6:23505->10.0.0.13:5206 cc=astraea pid=1014334 child=1014884
[sao-listener] single-flow mode: attached worker; stopping ss scans
[sao-listener flow 1] cport=23505 cc=astraea worker active
[orch] link change t=45.0s bw=75 delay=14
[worker cport=23004 agent=4] loaded checkpoint step=24571
[worker alg=ma_dreamer reward=tempest_fairness_ma cport=23004 agent=4 group=slot0_ep39 flow=1] started interval=20ms det=1 latent=8x8
[sao-listener] new flow 1 10.0.0.7:23306->10.0.0.14:5204 cc=astraea pid=1013187 child=1015073
[sao-listener] single-flow mode: attached worker; stopping ss scans
[sao-listener flow 1] cport=23306 cc=astraea worker active
[worker cport=23505 agent=5] loaded checkpoint step=24571
[worker alg=ma_dreamer reward=tempest_fairness_ma cport=23505 agent=5 group=slot5_ep38 flow=1] started interval=20ms det=1 latent=8x8
[worker cport=23306 agent=6] loaded checkpoint step=24571
[worker alg=ma_dreamer reward=tempest_fairness_ma cport=23306 agent=6 group=slot3_ep36 flow=1] started interval=20ms det=1 latent=8x8
[sao-listener] new flow 1 10.0.0.7:23106->10.0.0.14:5202 cc=astraea pid=1015254 child=1015377
[sao-listener] single-flow mode: attached worker; stopping ss scans
[sao-listener flow 1] cport=23106 cc=astraea worker active
[orch] link change t=60.0s bw=24 delay=78
[worker cport=23106 agent=6] loaded checkpoint step=24571
[worker alg=ma_dreamer reward=tempest_fairness_ma cport=23106 agent=6 group=slot1_ep37 flow=1] started interval=20ms det=1 latent=8x8
[orch] link change t=60.0s bw=14 delay=22
[orch] link change t=60.0s bw=77 delay=33
[sao-listener] new flow 1 10.0.0.5:23704->10.0.0.12:5208 cc=astraea pid=1015134 child=1015830
[sao-listener] single-flow mode: attached worker; stopping ss scans
[sao-listener flow 1] cport=23704 cc=astraea worker active
[orch] link change t=45.0s bw=99 delay=69
[worker cport=23704 agent=4] loaded checkpoint step=24571
[worker alg=ma_dreamer reward=tempest_fairness_ma cport=23704 agent=4 group=slot7_ep40 flow=1] started interval=20ms det=1 latent=8x8
[orch] link change t=60.0s bw=18 delay=64
[sao-listener] new flow 1 10.0.0.6:23005->10.0.0.13:5201 cc=astraea pid=1015768 child=1016140
[sao-listener] single-flow mode: attached worker; stopping ss scans
[sao-listener flow 1] cport=23005 cc=astraea worker active
[sao-listener] new flow 1 10.0.0.7:23506->10.0.0.14:5206 cc=astraea pid=1016124 child=1016238
[sao-listener] single-flow mode: attached worker; stopping ss scans
[sao-listener flow 1] cport=23506 cc=astraea worker active
[worker cport=23005 agent=5] loaded checkpoint step=24571
[worker alg=ma_dreamer reward=tempest_fairness_ma cport=23005 agent=5 group=slot0_ep39 flow=1] started interval=20ms det=1 latent=8x8
[orch] link change t=60.0s bw=82 delay=17
[worker cport=23506 agent=6] loaded checkpoint step=24571
[worker alg=ma_dreamer reward=tempest_fairness_ma cport=23506 agent=6 group=slot5_ep38 flow=1] started interval=20ms det=1 latent=8x8
[orch] link change t=60.0s bw=32 delay=41
[sao-listener] new flow 1 10.0.0.6:23705->10.0.0.13:5208 cc=astraea pid=1016507 child=1016669
[sao-listener] single-flow mode: attached worker; stopping ss scans
[sao-listener flow 1] cport=23705 cc=astraea worker active
[orch] link change t=45.0s bw=60 delay=82
[worker cport=23705 agent=5] loaded checkpoint step=24571
[worker alg=ma_dreamer reward=tempest_fairness_ma cport=23705 agent=5 group=slot7_ep40 flow=1] started interval=20ms det=1 latent=8x8
[sao-listener] new flow 1 10.0.0.7:23006->10.0.0.14:5201 cc=astraea pid=1016760 child=1016875
[sao-listener] single-flow mode: attached worker; stopping ss scans
[sao-listener flow 1] cport=23006 cc=astraea worker active
[worker cport=23006 agent=6] loaded checkpoint step=24571
[worker alg=ma_dreamer reward=tempest_fairness_ma cport=23006 agent=6 group=slot0_ep39 flow=1] started interval=20ms det=1 latent=8x8
[orch] link change t=45.0s bw=95 delay=91
[orch] link change t=60.0s bw=90 delay=57
[sao-listener] new flow 1 10.0.0.7:23706->10.0.0.14:5208 cc=astraea pid=1017069 child=1017086
[sao-listener] single-flow mode: attached worker; stopping ss scans
[sao-listener flow 1] cport=23706 cc=astraea worker active
[orch] link change t=75.0s bw=39 delay=27
[worker cport=23706 agent=6] loaded checkpoint step=24571
[worker alg=ma_dreamer reward=tempest_fairness_ma cport=23706 agent=6 group=slot7_ep40 flow=1] started interval=20ms det=1 latent=8x8
[orch] link change t=75.0s bw=51 delay=75
[orch] link change t=75.0s bw=93 delay=88
[orch] link change t=60.0s bw=57 delay=15
[orch] link change t=75.0s bw=49 delay=53
[orch] link change t=75.0s bw=77 delay=45
[orch] link change t=75.0s bw=44 delay=93
[orch] link change t=60.0s bw=10 delay=92
[orch] link change t=60.0s bw=95 delay=36
[orch] link change t=75.0s bw=66 delay=77
[orch] link change t=90.0s bw=28 delay=14
[orch] link change t=90.0s bw=52 delay=17
[orch] link change t=90.0s bw=74 delay=51
[orch] link change t=75.0s bw=87 delay=95
[orch] link change t=90.0s bw=22 delay=84
[orch] link change t=90.0s bw=93 delay=56
[orch] link change t=90.0s bw=65 delay=56
[orch] link change t=75.0s bw=42 delay=96
[orch] link change t=75.0s bw=26 delay=54
[orch] link change t=90.0s bw=23 delay=97
[orch] link change t=105.0s bw=94 delay=17
[orch] link change t=105.0s bw=76 delay=98
[orch] link change t=105.0s bw=97 delay=77
[orch] link change t=90.0s bw=31 delay=85
[orch] link change t=105.0s bw=75 delay=29
[orch] link change t=105.0s bw=84 delay=22
[orch] link change t=105.0s bw=81 delay=44
[orch] link change t=90.0s bw=55 delay=100
[orch] link change t=90.0s bw=45 delay=66
[orch] link change t=105.0s bw=68 delay=86
[orch] link change t=120.0s bw=27 delay=39
[orch] link change t=120.0s bw=70 delay=57
[orch] link change t=120.0s bw=71 delay=66
[orch] link change t=105.0s bw=54 delay=51
[orch] link change t=120.0s bw=22 delay=45
[orch] link change t=120.0s bw=56 delay=11
[orch] link change t=120.0s bw=79 delay=19
[orch] link change t=105.0s bw=32 delay=13
[orch] link change t=105.0s bw=13 delay=77
[orch] link change t=120.0s bw=46 delay=58
[orch] link change t=135.0s bw=78 delay=67
[orch] link change t=135.0s bw=86 delay=10
[orch] link change t=135.0s bw=46 delay=96
[orch] link change t=120.0s bw=44 delay=100
[orch] link change t=135.0s bw=54 delay=88
[orch] link change t=135.0s bw=75 delay=11
[orch] link change t=135.0s bw=83 delay=62
[orch] link change t=120.0s bw=47 delay=96
[orch] link change t=120.0s bw=26 delay=17
[orch] link change t=135.0s bw=64 delay=66
[orch] link change t=150.0s bw=77 delay=62
[orch] link change t=150.0s bw=79 delay=26
[orch] link change t=150.0s bw=91 delay=19
[orch] link change t=135.0s bw=52 delay=89
[orch] link change t=150.0s bw=10 delay=29
[orch] link change t=150.0s bw=22 delay=73
[orch] link change t=150.0s bw=72 delay=59
[orch] link change t=135.0s bw=19 delay=56
[orch] link change t=135.0s bw=92 delay=35
[orch] link change t=150.0s bw=28 delay=16
[orch] link change t=165.0s bw=36 delay=85
[orch] link change t=165.0s bw=77 delay=11
[orch] link change t=165.0s bw=48 delay=62
[orch] link change t=150.0s bw=49 delay=70
[orch] link change t=165.0s bw=77 delay=21
[orch] link change t=165.0s bw=57 delay=13
[orch] link change t=165.0s bw=54 delay=60
[orch] link change t=150.0s bw=11 delay=23
[orch] link change t=150.0s bw=89 delay=100
[orch] link change t=165.0s bw=21 delay=62
[orch] link change t=180.0s bw=21 delay=25
[orch] link change t=180.0s bw=72 delay=35
[orch] link change t=180.0s bw=49 delay=76
[orch] link change t=165.0s bw=84 delay=61
[orch] link change t=180.0s bw=17 delay=57
[orch] link change t=180.0s bw=53 delay=96
[orch] link change t=180.0s bw=41 delay=60
[orch] link change t=165.0s bw=64 delay=54
[orch] link change t=165.0s bw=68 delay=16
[orch] link change t=180.0s bw=19 delay=79
[orch] link change t=195.0s bw=12 delay=61
[orch] link change t=195.0s bw=46 delay=35
[orch] link change t=195.0s bw=73 delay=16
[orch] link change t=180.0s bw=38 delay=88
[orch] link change t=195.0s bw=42 delay=80
[orch] link change t=195.0s bw=73 delay=16
[orch] link change t=195.0s bw=31 delay=25
[orch] link change t=180.0s bw=64 delay=22
[orch] link change t=180.0s bw=32 delay=87
[orch] link change t=195.0s bw=46 delay=56
[orch] link change t=210.0s bw=53 delay=35
[orch] link change t=210.0s bw=67 delay=20
[orch] link change t=210.0s bw=87 delay=96
[orch] link change t=195.0s bw=20 delay=77
[orch] link change t=210.0s bw=100 delay=17
[orch] link change t=210.0s bw=12 delay=40
[orch] link change t=210.0s bw=75 delay=73
[orch] link change t=195.0s bw=60 delay=75
[orch] link change t=195.0s bw=50 delay=24
[orch] link change t=210.0s bw=92 delay=100
[orch] link change t=225.0s bw=36 delay=52
[orch] link change t=225.0s bw=52 delay=25
[orch] link change t=225.0s bw=64 delay=45
[orch] link change t=210.0s bw=72 delay=28
[orch] link change t=225.0s bw=59 delay=31
[orch] link change t=225.0s bw=51 delay=20
[orch] link change t=225.0s bw=99 delay=36
[orch] link change t=210.0s bw=84 delay=48
[orch] link change t=210.0s bw=42 delay=51
[orch] link change t=225.0s bw=65 delay=85
[orch] link change t=240.0s bw=60 delay=56
[orch] link change t=240.0s bw=14 delay=77
[orch] link change t=240.0s bw=50 delay=81
[orch] link change t=225.0s bw=65 delay=77
[orch] link change t=240.0s bw=85 delay=91
[orch] link change t=240.0s bw=30 delay=53
[orch] link change t=240.0s bw=77 delay=47
[orch] link change t=225.0s bw=44 delay=18
[orch] link change t=225.0s bw=28 delay=75
[orch] link change t=240.0s bw=82 delay=56
[orch] link change t=255.0s bw=86 delay=41
[orch] link change t=255.0s bw=24 delay=30
[orch] link change t=255.0s bw=97 delay=41
[orch] link change t=240.0s bw=41 delay=11
[orch] link change t=255.0s bw=49 delay=47
[orch] link change t=255.0s bw=31 delay=82
[orch] link change t=255.0s bw=33 delay=72
[orch] link change t=240.0s bw=68 delay=65
[orch] link change t=240.0s bw=97 delay=76
[orch] link change t=255.0s bw=91 delay=100
[orch] link change t=270.0s bw=36 delay=37
[orch] link change t=270.0s bw=66 delay=12
[orch] link change t=270.0s bw=25 delay=17
[orch] link change t=255.0s bw=58 delay=57
[orch] link change t=270.0s bw=58 delay=50
[orch] link change t=270.0s bw=19 delay=71
[orch] link change t=270.0s bw=100 delay=85
[orch] link change t=255.0s bw=42 delay=83
[orch] link change t=255.0s bw=22 delay=62
[orch] link change t=270.0s bw=83 delay=14
[orch] link change t=285.0s bw=63 delay=84
[orch] link change t=285.0s bw=65 delay=16
[orch] link change t=285.0s bw=50 delay=46
[orch] link change t=270.0s bw=78 delay=97
[orch] link change t=285.0s bw=37 delay=36
[orch] link change t=285.0s bw=56 delay=20
[orch] link change t=285.0s bw=51 delay=80
[orch] link change t=270.0s bw=51 delay=82
[orch] link change t=270.0s bw=16 delay=50
[orch] link change t=285.0s bw=77 delay=89
[orch] link change t=300.0s bw=94 delay=80
[orch] link change t=300.0s bw=14 delay=81
[orch] link change t=300.0s bw=37 delay=18
[orch] link change t=285.0s bw=88 delay=74
[orch] link change t=300.0s bw=67 delay=78
[orch] link change t=300.0s bw=47 delay=30
[orch] link change t=300.0s bw=31 delay=10
[orch] link change t=285.0s bw=10 delay=100
[orch] link change t=285.0s bw=52 delay=39
[orch] link change t=300.0s bw=37 delay=74
[orch] link change t=315.0s bw=17 delay=16
[orch] link change t=315.0s bw=55 delay=39
[orch] link change t=315.0s bw=56 delay=25
[orch] link change t=300.0s bw=13 delay=28
[orch] link change t=315.0s bw=32 delay=87
[orch] link change t=315.0s bw=83 delay=19
[orch] link change t=315.0s bw=86 delay=59
[orch] link change t=300.0s bw=15 delay=93
[orch] link change t=300.0s bw=29 delay=49
[orch] link change t=315.0s bw=63 delay=18
[orch] link change t=330.0s bw=33 delay=55
[orch] link change t=330.0s bw=30 delay=69
[orch] link change t=330.0s bw=93 delay=51
[orch] link change t=315.0s bw=70 delay=23
[orch] link change t=330.0s bw=26 delay=83
[orch] link change t=330.0s bw=96 delay=26
[orch] link change t=330.0s bw=73 delay=27
[orch] link change t=315.0s bw=34 delay=89
[orch] link change t=315.0s bw=30 delay=76
[orch] link change t=330.0s bw=11 delay=10
[orch] link change t=330.0s bw=42 delay=24
[orch] link change t=330.0s bw=89 delay=71
[multi_ep_plot] saved -> /its/home/mm2350/extra/Olympusv2/benchmarks/benchmark_responsive_fairness/data/ma_dreamer_credit/7_flows/run31/ep000031_bw11_d70_n7.pdf  return=1593729.0
[ep_plot] ep=31 -> /its/home/mm2350/extra/Olympusv2/benchmarks/benchmark_responsive_fairness/data/ma_dreamer_credit/7_flows/run31/ep000031_bw11_d70_n7.pdf  return=1593728.953125
[orch] ep=31 sum-of-agents return=1593729.0
[responsive_fairness] slot=6 ma_dreamer_credit flows=7 run=41
[responsive_fairness] ma_dreamer_credit flows=7 run=31 done (181/200)
[slot=6] ep=41  flows=7  bw=58Mbps  delay=52ms  duration=345s  delays=[0.0, 7.5, 15.0, 22.5, 30.0, 37.5, 45.0]  lifetimes=[345.0, 337.5, 330.0, 322.5, 315.0, 307.5, 300.0]
[orch] link change t=330.0s bw=49 delay=99
[sao-listener] cport=23600 worker=/its/home/mm2350/extra/Olympusv2/olympus/algorithms/ma_dreamer/worker.py scan=20ms target_cc=astraea single_flow=1 no_state_pipe=1
[sao-listener] cport=23601 worker=/its/home/mm2350/extra/Olympusv2/olympus/algorithms/ma_dreamer/worker.py scan=20ms target_cc=astraea single_flow=1 no_state_pipe=1
[sao-listener] cport=23602 worker=/its/home/mm2350/extra/Olympusv2/olympus/algorithms/ma_dreamer/worker.py scan=20ms target_cc=astraea single_flow=1 no_state_pipe=1
[sao-listener] cport=23603 worker=/its/home/mm2350/extra/Olympusv2/olympus/algorithms/ma_dreamer/worker.py scan=20ms target_cc=astraea single_flow=1 no_state_pipe=1
[multi_ep_plot] saved -> /its/home/mm2350/extra/Olympusv2/benchmarks/benchmark_responsive_fairness/data/ma_dreamer_credit/7_flows/run32/ep000032_bw19_d37_n7.pdf  return=1586393.6
[ep_plot] ep=32 -> /its/home/mm2350/extra/Olympusv2/benchmarks/benchmark_responsive_fairness/data/ma_dreamer_credit/7_flows/run32/ep000032_bw19_d37_n7.pdf  return=1586393.5625
[orch] ep=32 sum-of-agents return=1586393.6
[sao-listener] cport=23604 worker=/its/home/mm2350/extra/Olympusv2/olympus/algorithms/ma_dreamer/worker.py scan=20ms target_cc=astraea single_flow=1 no_state_pipe=1
[responsive_fairness] slot=4 ma_dreamer_credit flows=7 run=42
[responsive_fairness] ma_dreamer_credit flows=7 run=32 done (182/200)
[sao-listener] cport=23605 worker=/its/home/mm2350/extra/Olympusv2/olympus/algorithms/ma_dreamer/worker.py scan=20ms target_cc=astraea single_flow=1 no_state_pipe=1
[sao-listener] cport=23606 worker=/its/home/mm2350/extra/Olympusv2/olympus/algorithms/ma_dreamer/worker.py scan=20ms target_cc=astraea single_flow=1 no_state_pipe=1
[slot=4] ep=42  flows=7  bw=91Mbps  delay=24ms  duration=345s  delays=[0.0, 7.5, 15.0, 22.5, 30.0, 37.5, 45.0]  lifetimes=[345.0, 337.5, 330.0, 322.5, 315.0, 307.5, 300.0]
[multi_ep_plot] saved -> /its/home/mm2350/extra/Olympusv2/benchmarks/benchmark_responsive_fairness/data/ma_dreamer_credit/7_flows/run33/ep000033_bw83_d31_n7.pdf  return=1874043.6
[ep_plot] ep=33 -> /its/home/mm2350/extra/Olympusv2/benchmarks/benchmark_responsive_fairness/data/ma_dreamer_credit/7_flows/run33/ep000033_bw83_d31_n7.pdf  return=1874043.578125
[orch] ep=33 sum-of-agents return=1874043.6
[responsive_fairness] slot=8 ma_dreamer_credit flows=7 run=43
[responsive_fairness] ma_dreamer_credit flows=7 run=33 done (183/200)
[slot=8] ep=43  flows=7  bw=14Mbps  delay=46ms  duration=345s  delays=[0.0, 7.5, 15.0, 22.5, 30.0, 37.5, 45.0]  lifetimes=[345.0, 337.5, 330.0, 322.5, 315.0, 307.5, 300.0]
[sao-listener] cport=23400 worker=/its/home/mm2350/extra/Olympusv2/olympus/algorithms/ma_dreamer/worker.py scan=20ms target_cc=astraea single_flow=1 no_state_pipe=1
[sao-listener] cport=23401 worker=/its/home/mm2350/extra/Olympusv2/olympus/algorithms/ma_dreamer/worker.py scan=20ms target_cc=astraea single_flow=1 no_state_pipe=1
[sao-listener] cport=23402 worker=/its/home/mm2350/extra/Olympusv2/olympus/algorithms/ma_dreamer/worker.py scan=20ms target_cc=astraea single_flow=1 no_state_pipe=1
[sao-listener] cport=23403 worker=/its/home/mm2350/extra/Olympusv2/olympus/algorithms/ma_dreamer/worker.py scan=20ms target_cc=astraea single_flow=1 no_state_pipe=1
[sao-listener] cport=23404 worker=/its/home/mm2350/extra/Olympusv2/olympus/algorithms/ma_dreamer/worker.py scan=20ms target_cc=astraea single_flow=1 no_state_pipe=1
[sao-listener] cport=23405 worker=/its/home/mm2350/extra/Olympusv2/olympus/algorithms/ma_dreamer/worker.py scan=20ms target_cc=astraea single_flow=1 no_state_pipe=1
[sao-listener] cport=23406 worker=/its/home/mm2350/extra/Olympusv2/olympus/algorithms/ma_dreamer/worker.py scan=20ms target_cc=astraea single_flow=1 no_state_pipe=1
[sao-listener] cport=23800 worker=/its/home/mm2350/extra/Olympusv2/olympus/algorithms/ma_dreamer/worker.py scan=20ms target_cc=astraea single_flow=1 no_state_pipe=1
[sao-listener] cport=23801 worker=/its/home/mm2350/extra/Olympusv2/olympus/algorithms/ma_dreamer/worker.py scan=20ms target_cc=astraea single_flow=1 no_state_pipe=1
[sao-listener] cport=23802 worker=/its/home/mm2350/extra/Olympusv2/olympus/algorithms/ma_dreamer/worker.py scan=20ms target_cc=astraea single_flow=1 no_state_pipe=1
[sao-listener] cport=23803 worker=/its/home/mm2350/extra/Olympusv2/olympus/algorithms/ma_dreamer/worker.py scan=20ms target_cc=astraea single_flow=1 no_state_pipe=1
[sao-listener] cport=23804 worker=/its/home/mm2350/extra/Olympusv2/olympus/algorithms/ma_dreamer/worker.py scan=20ms target_cc=astraea single_flow=1 no_state_pipe=1
[sao-listener] cport=23805 worker=/its/home/mm2350/extra/Olympusv2/olympus/algorithms/ma_dreamer/worker.py scan=20ms target_cc=astraea single_flow=1 no_state_pipe=1
[sao-listener] cport=23806 worker=/its/home/mm2350/extra/Olympusv2/olympus/algorithms/ma_dreamer/worker.py scan=20ms target_cc=astraea single_flow=1 no_state_pipe=1
[multi_ep_plot] saved -> /its/home/mm2350/extra/Olympusv2/benchmarks/benchmark_responsive_fairness/data/ma_dreamer_credit/7_flows/run34/ep000034_bw77_d55_n7.pdf  return=560169.2
[ep_plot] ep=34 -> /its/home/mm2350/extra/Olympusv2/benchmarks/benchmark_responsive_fairness/data/ma_dreamer_credit/7_flows/run34/ep000034_bw77_d55_n7.pdf  return=560169.2421875
[orch] ep=34 sum-of-agents return=560169.2
[responsive_fairness] slot=2 ma_dreamer_credit flows=7 run=44
[responsive_fairness] ma_dreamer_credit flows=7 run=34 done (184/200)
[slot=2] ep=44  flows=7  bw=62Mbps  delay=76ms  duration=345s  delays=[0.0, 7.5, 15.0, 22.5, 30.0, 37.5, 45.0]  lifetimes=[345.0, 337.5, 330.0, 322.5, 315.0, 307.5, 300.0]
[sao-listener] new flow 1 10.0.0.1:23600->10.0.0.8:5207 cc=astraea pid=1020425 child=1022684
[sao-listener] single-flow mode: attached worker; stopping ss scans
[sao-listener flow 1] cport=23600 cc=astraea worker active
[sao-listener] cport=23200 worker=/its/home/mm2350/extra/Olympusv2/olympus/algorithms/ma_dreamer/worker.py scan=20ms target_cc=astraea single_flow=1 no_state_pipe=1
[sao-listener] cport=23201 worker=/its/home/mm2350/extra/Olympusv2/olympus/algorithms/ma_dreamer/worker.py scan=20ms target_cc=astraea single_flow=1 no_state_pipe=1
[sao-listener] cport=23202 worker=/its/home/mm2350/extra/Olympusv2/olympus/algorithms/ma_dreamer/worker.py scan=20ms target_cc=astraea single_flow=1 no_state_pipe=1
[sao-listener] cport=23203 worker=/its/home/mm2350/extra/Olympusv2/olympus/algorithms/ma_dreamer/worker.py scan=20ms target_cc=astraea single_flow=1 no_state_pipe=1
[sao-listener] cport=23204 worker=/its/home/mm2350/extra/Olympusv2/olympus/algorithms/ma_dreamer/worker.py scan=20ms target_cc=astraea single_flow=1 no_state_pipe=1
[sao-listener] cport=23205 worker=/its/home/mm2350/extra/Olympusv2/olympus/algorithms/ma_dreamer/worker.py scan=20ms target_cc=astraea single_flow=1 no_state_pipe=1
[multi_ep_plot] saved -> /its/home/mm2350/extra/Olympusv2/benchmarks/benchmark_responsive_fairness/data/ma_dreamer_credit/7_flows/run35/ep000035_bw80_d52_n7.pdf  return=1226859.3
[ep_plot] ep=35 -> /its/home/mm2350/extra/Olympusv2/benchmarks/benchmark_responsive_fairness/data/ma_dreamer_credit/7_flows/run35/ep000035_bw80_d52_n7.pdf  return=1226859.296875
[orch] ep=35 sum-of-agents return=1226859.3
[sao-listener] cport=23206 worker=/its/home/mm2350/extra/Olympusv2/olympus/algorithms/ma_dreamer/worker.py scan=20ms target_cc=astraea single_flow=1 no_state_pipe=1
[responsive_fairness] slot=9 ma_dreamer_credit flows=7 run=45
[responsive_fairness] ma_dreamer_credit flows=7 run=35 done (185/200)
[slot=9] ep=45  flows=7  bw=44Mbps  delay=63ms  duration=345s  delays=[0.0, 7.5, 15.0, 22.5, 30.0, 37.5, 45.0]  lifetimes=[345.0, 337.5, 330.0, 322.5, 315.0, 307.5, 300.0]
[worker cport=23600 agent=0] loaded checkpoint step=24571
[worker alg=ma_dreamer reward=tempest_fairness_ma cport=23600 agent=0 group=slot6_ep41 flow=1] started interval=20ms det=1 latent=8x8
[sao-listener] cport=23900 worker=/its/home/mm2350/extra/Olympusv2/olympus/algorithms/ma_dreamer/worker.py scan=20ms target_cc=astraea single_flow=1 no_state_pipe=1
[sao-listener] cport=23901 worker=/its/home/mm2350/extra/Olympusv2/olympus/algorithms/ma_dreamer/worker.py scan=20ms target_cc=astraea single_flow=1 no_state_pipe=1
[sao-listener] cport=23902 worker=/its/home/mm2350/extra/Olympusv2/olympus/algorithms/ma_dreamer/worker.py scan=20ms target_cc=astraea single_flow=1 no_state_pipe=1
[sao-listener] cport=23903 worker=/its/home/mm2350/extra/Olympusv2/olympus/algorithms/ma_dreamer/worker.py scan=20ms target_cc=astraea single_flow=1 no_state_pipe=1
[sao-listener] cport=23904 worker=/its/home/mm2350/extra/Olympusv2/olympus/algorithms/ma_dreamer/worker.py scan=20ms target_cc=astraea single_flow=1 no_state_pipe=1
[sao-listener] cport=23905 worker=/its/home/mm2350/extra/Olympusv2/olympus/algorithms/ma_dreamer/worker.py scan=20ms target_cc=astraea single_flow=1 no_state_pipe=1
[sao-listener] new flow 1 10.0.0.1:23400->10.0.0.8:5205 cc=astraea pid=1022131 child=1025291
[sao-listener] single-flow mode: attached worker; stopping ss scans
[sao-listener flow 1] cport=23400 cc=astraea worker active
[sao-listener] cport=23906 worker=/its/home/mm2350/extra/Olympusv2/olympus/algorithms/ma_dreamer/worker.py scan=20ms target_cc=astraea single_flow=1 no_state_pipe=1
[sao-listener] new flow 1 10.0.0.1:23800->10.0.0.8:5209 cc=astraea pid=1022279 child=1025881
[sao-listener] single-flow mode: attached worker; stopping ss scans
[sao-listener flow 1] cport=23800 cc=astraea worker active
[worker cport=23400 agent=0] loaded checkpoint step=24571
[worker alg=ma_dreamer reward=tempest_fairness_ma cport=23400 agent=0 group=slot4_ep42 flow=1] started interval=20ms det=1 latent=8x8
[multi_ep_plot] saved -> /its/home/mm2350/extra/Olympusv2/benchmarks/benchmark_responsive_fairness/data/ma_dreamer_credit/7_flows/run36/ep000036_bw52_d17_n7.pdf  return=528417.7
[ep_plot] ep=36 -> /its/home/mm2350/extra/Olympusv2/benchmarks/benchmark_responsive_fairness/data/ma_dreamer_credit/7_flows/run36/ep000036_bw52_d17_n7.pdf  return=528417.671875
[orch] ep=36 sum-of-agents return=528417.7
[responsive_fairness] slot=3 ma_dreamer_credit flows=7 run=46
[responsive_fairness] ma_dreamer_credit flows=7 run=36 done (186/200)
[slot=3] ep=46  flows=7  bw=19Mbps  delay=61ms  duration=345s  delays=[0.0, 7.5, 15.0, 22.5, 30.0, 37.5, 45.0]  lifetimes=[345.0, 337.5, 330.0, 322.5, 315.0, 307.5, 300.0]
[worker cport=23800 agent=0] loaded checkpoint step=24571
[worker alg=ma_dreamer reward=tempest_fairness_ma cport=23800 agent=0 group=slot8_ep43 flow=1] started interval=20ms det=1 latent=8x8
[sao-listener] cport=23300 worker=/its/home/mm2350/extra/Olympusv2/olympus/algorithms/ma_dreamer/worker.py scan=20ms target_cc=astraea single_flow=1 no_state_pipe=1
[sao-listener] cport=23301 worker=/its/home/mm2350/extra/Olympusv2/olympus/algorithms/ma_dreamer/worker.py scan=20ms target_cc=astraea single_flow=1 no_state_pipe=1
[sao-listener] cport=23302 worker=/its/home/mm2350/extra/Olympusv2/olympus/algorithms/ma_dreamer/worker.py scan=20ms target_cc=astraea single_flow=1 no_state_pipe=1
[sao-listener] cport=23303 worker=/its/home/mm2350/extra/Olympusv2/olympus/algorithms/ma_dreamer/worker.py scan=20ms target_cc=astraea single_flow=1 no_state_pipe=1
[sao-listener] cport=23304 worker=/its/home/mm2350/extra/Olympusv2/olympus/algorithms/ma_dreamer/worker.py scan=20ms target_cc=astraea single_flow=1 no_state_pipe=1
[sao-listener] cport=23305 worker=/its/home/mm2350/extra/Olympusv2/olympus/algorithms/ma_dreamer/worker.py scan=20ms target_cc=astraea single_flow=1 no_state_pipe=1
[sao-listener] cport=23306 worker=/its/home/mm2350/extra/Olympusv2/olympus/algorithms/ma_dreamer/worker.py scan=20ms target_cc=astraea single_flow=1 no_state_pipe=1
[sao-listener] new flow 1 10.0.0.1:23200->10.0.0.8:5203 cc=astraea pid=1023901 child=1028496
[sao-listener] single-flow mode: attached worker; stopping ss scans
[sao-listener flow 1] cport=23200 cc=astraea worker active
[sao-listener] new flow 1 10.0.0.2:23401->10.0.0.9:5205 cc=astraea pid=1029137 child=1029507
[sao-listener] single-flow mode: attached worker; stopping ss scans
[sao-listener flow 1] cport=23401 cc=astraea worker active
[worker cport=23200 agent=0] loaded checkpoint step=24571
[worker alg=ma_dreamer reward=tempest_fairness_ma cport=23200 agent=0 group=slot2_ep44 flow=1] started interval=20ms det=1 latent=8x8
[sao-listener] new flow 1 10.0.0.2:23801->10.0.0.9:5209 cc=astraea pid=1029329 child=1030300
[sao-listener] single-flow mode: attached worker; stopping ss scans
[sao-listener flow 1] cport=23801 cc=astraea worker active
[sao-listener] new flow 1 10.0.0.1:23900->10.0.0.8:5210 cc=astraea pid=1025788 child=1030502
[sao-listener] single-flow mode: attached worker; stopping ss scans
[sao-listener flow 1] cport=23900 cc=astraea worker active
[worker cport=23401 agent=1] loaded checkpoint step=24571
[worker alg=ma_dreamer reward=tempest_fairness_ma cport=23401 agent=1 group=slot4_ep42 flow=1] started interval=20ms det=1 latent=8x8
[sao-listener] new flow 1 10.0.0.2:23601->10.0.0.9:5207 cc=astraea pid=1028010 child=1031146
[sao-listener] single-flow mode: attached worker; stopping ss scans
[sao-listener flow 1] cport=23601 cc=astraea worker active
[worker cport=23801 agent=1] loaded checkpoint step=24571
[worker alg=ma_dreamer reward=tempest_fairness_ma cport=23801 agent=1 group=slot8_ep43 flow=1] started interval=20ms det=1 latent=8x8
[worker cport=23900 agent=0] loaded checkpoint step=24571
[worker alg=ma_dreamer reward=tempest_fairness_ma cport=23900 agent=0 group=slot9_ep45 flow=1] started interval=20ms det=1 latent=8x8
[worker cport=23601 agent=1] loaded checkpoint step=24571
[worker alg=ma_dreamer reward=tempest_fairness_ma cport=23601 agent=1 group=slot6_ep41 flow=1] started interval=20ms det=1 latent=8x8
[multi_ep_plot] saved -> /its/home/mm2350/extra/Olympusv2/benchmarks/benchmark_responsive_fairness/data/ma_dreamer_credit/7_flows/run37/ep000037_bw97_d87_n7.pdf  return=1130330.6
[ep_plot] ep=37 -> /its/home/mm2350/extra/Olympusv2/benchmarks/benchmark_responsive_fairness/data/ma_dreamer_credit/7_flows/run37/ep000037_bw97_d87_n7.pdf  return=1130330.625
[orch] ep=37 sum-of-agents return=1130330.6
[responsive_fairness] slot=1 ma_dreamer_credit flows=7 run=47
[responsive_fairness] ma_dreamer_credit flows=7 run=37 done (187/200)
[slot=1] ep=47  flows=7  bw=55Mbps  delay=18ms  duration=345s  delays=[0.0, 7.5, 15.0, 22.5, 30.0, 37.5, 45.0]  lifetimes=[345.0, 337.5, 330.0, 322.5, 315.0, 307.5, 300.0]
[sao-listener] new flow 1 10.0.0.2:23201->10.0.0.9:5203 cc=astraea pid=1030945 child=1032740
[sao-listener] single-flow mode: attached worker; stopping ss scans
[sao-listener flow 1] cport=23201 cc=astraea worker active
[sao-listener] new flow 1 10.0.0.1:23300->10.0.0.8:5204 cc=astraea pid=1028586 child=1033099
[sao-listener] single-flow mode: attached worker; stopping ss scans
[sao-listener flow 1] cport=23300 cc=astraea worker active
[worker cport=23201 agent=1] loaded checkpoint step=24571
[worker alg=ma_dreamer reward=tempest_fairness_ma cport=23201 agent=1 group=slot2_ep44 flow=1] started interval=20ms det=1 latent=8x8
[orch] link change t=15.0s bw=39 delay=31
[sao-listener] cport=23100 worker=/its/home/mm2350/extra/Olympusv2/olympus/algorithms/ma_dreamer/worker.py scan=20ms target_cc=astraea single_flow=1 no_state_pipe=1
[sao-listener] cport=23101 worker=/its/home/mm2350/extra/Olympusv2/olympus/algorithms/ma_dreamer/worker.py scan=20ms target_cc=astraea single_flow=1 no_state_pipe=1
[worker cport=23300 agent=0] loaded checkpoint step=24571
[worker alg=ma_dreamer reward=tempest_fairness_ma cport=23300 agent=0 group=slot3_ep46 flow=1] started interval=20ms det=1 latent=8x8
[sao-listener] cport=23102 worker=/its/home/mm2350/extra/Olympusv2/olympus/algorithms/ma_dreamer/worker.py scan=20ms target_cc=astraea single_flow=1 no_state_pipe=1
[sao-listener] cport=23103 worker=/its/home/mm2350/extra/Olympusv2/olympus/algorithms/ma_dreamer/worker.py scan=20ms target_cc=astraea single_flow=1 no_state_pipe=1
[sao-listener] cport=23104 worker=/its/home/mm2350/extra/Olympusv2/olympus/algorithms/ma_dreamer/worker.py scan=20ms target_cc=astraea single_flow=1 no_state_pipe=1
[sao-listener] cport=23105 worker=/its/home/mm2350/extra/Olympusv2/olympus/algorithms/ma_dreamer/worker.py scan=20ms target_cc=astraea single_flow=1 no_state_pipe=1
[sao-listener] cport=23106 worker=/its/home/mm2350/extra/Olympusv2/olympus/algorithms/ma_dreamer/worker.py scan=20ms target_cc=astraea single_flow=1 no_state_pipe=1
[sao-listener] new flow 1 10.0.0.2:23901->10.0.0.9:5210 cc=astraea pid=1032357 child=1035440
[sao-listener] single-flow mode: attached worker; stopping ss scans
[sao-listener flow 1] cport=23901 cc=astraea worker active
[orch] link change t=15.0s bw=13 delay=45
[orch] link change t=15.0s bw=99 delay=28
[worker cport=23901 agent=1] loaded checkpoint step=24571
[worker alg=ma_dreamer reward=tempest_fairness_ma cport=23901 agent=1 group=slot9_ep45 flow=1] started interval=20ms det=1 latent=8x8
[sao-listener] new flow 1 10.0.0.3:23602->10.0.0.10:5207 cc=astraea pid=1035076 child=1036378
[sao-listener] single-flow mode: attached worker; stopping ss scans
[sao-listener flow 1] cport=23602 cc=astraea worker active
[multi_ep_plot] saved -> /its/home/mm2350/extra/Olympusv2/benchmarks/benchmark_responsive_fairness/data/ma_dreamer_credit/7_flows/run38/ep000038_bw91_d63_n7.pdf  return=1832946.7
[ep_plot] ep=38 -> /its/home/mm2350/extra/Olympusv2/benchmarks/benchmark_responsive_fairness/data/ma_dreamer_credit/7_flows/run38/ep000038_bw91_d63_n7.pdf  return=1832946.671875
[orch] ep=38 sum-of-agents return=1832946.7
[worker cport=23602 agent=2] loaded checkpoint step=24571
[worker alg=ma_dreamer reward=tempest_fairness_ma cport=23602 agent=2 group=slot6_ep41 flow=1] started interval=20ms det=1 latent=8x8
[orch] link change t=15.0s bw=79 delay=99
[responsive_fairness] slot=5 ma_dreamer_credit flows=7 run=48
[responsive_fairness] ma_dreamer_credit flows=7 run=38 done (188/200)
[slot=5] ep=48  flows=7  bw=80Mbps  delay=50ms  duration=345s  delays=[0.0, 7.5, 15.0, 22.5, 30.0, 37.5, 45.0]  lifetimes=[345.0, 337.5, 330.0, 322.5, 315.0, 307.5, 300.0]
[orch] link change t=15.1s bw=72 delay=42
[sao-listener] new flow 1 10.0.0.2:23301->10.0.0.9:5204 cc=astraea pid=1035765 child=1039339
[sao-listener] single-flow mode: attached worker; stopping ss scans
[sao-listener flow 1] cport=23301 cc=astraea worker active
[sao-listener] cport=23500 worker=/its/home/mm2350/extra/Olympusv2/olympus/algorithms/ma_dreamer/worker.py scan=20ms target_cc=astraea single_flow=1 no_state_pipe=1
[sao-listener] cport=23501 worker=/its/home/mm2350/extra/Olympusv2/olympus/algorithms/ma_dreamer/worker.py scan=20ms target_cc=astraea single_flow=1 no_state_pipe=1
[sao-listener] cport=23502 worker=/its/home/mm2350/extra/Olympusv2/olympus/algorithms/ma_dreamer/worker.py scan=20ms target_cc=astraea single_flow=1 no_state_pipe=1
[sao-listener] cport=23503 worker=/its/home/mm2350/extra/Olympusv2/olympus/algorithms/ma_dreamer/worker.py scan=20ms target_cc=astraea single_flow=1 no_state_pipe=1
[sao-listener] cport=23504 worker=/its/home/mm2350/extra/Olympusv2/olympus/algorithms/ma_dreamer/worker.py scan=20ms target_cc=astraea single_flow=1 no_state_pipe=1
[sao-listener] cport=23505 worker=/its/home/mm2350/extra/Olympusv2/olympus/algorithms/ma_dreamer/worker.py scan=20ms target_cc=astraea single_flow=1 no_state_pipe=1
[sao-listener] new flow 1 10.0.0.3:23402->10.0.0.10:5205 cc=astraea pid=1036296 child=1039743
[sao-listener] single-flow mode: attached worker; stopping ss scans
[sao-listener flow 1] cport=23402 cc=astraea worker active
[sao-listener] cport=23506 worker=/its/home/mm2350/extra/Olympusv2/olympus/algorithms/ma_dreamer/worker.py scan=20ms target_cc=astraea single_flow=1 no_state_pipe=1
[sao-listener] new flow 1 10.0.0.1:23100->10.0.0.8:5202 cc=astraea pid=1035583 child=1040252
[sao-listener] single-flow mode: attached worker; stopping ss scans
[sao-listener flow 1] cport=23100 cc=astraea worker active
[worker cport=23301 agent=1] loaded checkpoint step=24571
[worker alg=ma_dreamer reward=tempest_fairness_ma cport=23301 agent=1 group=slot3_ep46 flow=1] started interval=20ms det=1 latent=8x8
[sao-listener] new flow 1 10.0.0.3:23902->10.0.0.10:5210 cc=astraea pid=1039943 child=1040628
[sao-listener] single-flow mode: attached worker; stopping ss scans
[sao-listener flow 1] cport=23902 cc=astraea worker active
[sao-listener] new flow 1 10.0.0.3:23802->10.0.0.10:5209 cc=astraea pid=1036510 child=1040922
[sao-listener] single-flow mode: attached worker; stopping ss scans
[sao-listener flow 1] cport=23802 cc=astraea worker active
[worker cport=23402 agent=2] loaded checkpoint step=24571
[worker alg=ma_dreamer reward=tempest_fairness_ma cport=23402 agent=2 group=slot4_ep42 flow=1] started interval=20ms det=1 latent=8x8
[worker cport=23100 agent=0] loaded checkpoint step=24571
[worker alg=ma_dreamer reward=tempest_fairness_ma cport=23100 agent=0 group=slot1_ep47 flow=1] started interval=20ms det=1 latent=8x8
[worker cport=23902 agent=2] loaded checkpoint step=24571
[worker alg=ma_dreamer reward=tempest_fairness_ma cport=23902 agent=2 group=slot9_ep45 flow=1] started interval=20ms det=1 latent=8x8
[worker cport=23802 agent=2] loaded checkpoint step=24571
[worker alg=ma_dreamer reward=tempest_fairness_ma cport=23802 agent=2 group=slot8_ep43 flow=1] started interval=20ms det=1 latent=8x8
[orch] link change t=15.0s bw=15 delay=85
[multi_ep_plot] saved -> /its/home/mm2350/extra/Olympusv2/benchmarks/benchmark_responsive_fairness/data/ma_dreamer_credit/7_flows/run39/ep000039_bw36_d43_n7.pdf  return=670155.5
[ep_plot] ep=39 -> /its/home/mm2350/extra/Olympusv2/benchmarks/benchmark_responsive_fairness/data/ma_dreamer_credit/7_flows/run39/ep000039_bw36_d43_n7.pdf  return=670155.5
[orch] ep=39 sum-of-agents return=670155.5
[responsive_fairness] slot=0 ma_dreamer_credit flows=7 run=49
[responsive_fairness] ma_dreamer_credit flows=7 run=39 done (189/200)
[slot=0] ep=49  flows=7  bw=18Mbps  delay=54ms  duration=345s  delays=[0.0, 7.5, 15.0, 22.5, 30.0, 37.5, 45.0]  lifetimes=[345.0, 337.5, 330.0, 322.5, 315.0, 307.5, 300.0]
[sao-listener] new flow 1 10.0.0.3:23202->10.0.0.10:5203 cc=astraea pid=1037812 child=1043332
[sao-listener] single-flow mode: attached worker; stopping ss scans
[sao-listener flow 1] cport=23202 cc=astraea worker active
[worker cport=23202 agent=2] loaded checkpoint step=24571
[worker alg=ma_dreamer reward=tempest_fairness_ma cport=23202 agent=2 group=slot2_ep44 flow=1] started interval=20ms det=1 latent=8x8
[sao-listener] new flow 1 10.0.0.1:23500->10.0.0.8:5206 cc=astraea pid=1040186 child=1044580
[sao-listener] single-flow mode: attached worker; stopping ss scans
[sao-listener flow 1] cport=23500 cc=astraea worker active
[sao-listener] new flow 1 10.0.0.3:23302->10.0.0.10:5204 cc=astraea pid=1042575 child=1044656
[sao-listener] single-flow mode: attached worker; stopping ss scans
[sao-listener flow 1] cport=23302 cc=astraea worker active
[sao-listener] cport=23000 worker=/its/home/mm2350/extra/Olympusv2/olympus/algorithms/ma_dreamer/worker.py scan=20ms target_cc=astraea single_flow=1 no_state_pipe=1
[sao-listener] cport=23001 worker=/its/home/mm2350/extra/Olympusv2/olympus/algorithms/ma_dreamer/worker.py scan=20ms target_cc=astraea single_flow=1 no_state_pipe=1
[sao-listener] cport=23002 worker=/its/home/mm2350/extra/Olympusv2/olympus/algorithms/ma_dreamer/worker.py scan=20ms target_cc=astraea single_flow=1 no_state_pipe=1
[sao-listener] cport=23003 worker=/its/home/mm2350/extra/Olympusv2/olympus/algorithms/ma_dreamer/worker.py scan=20ms target_cc=astraea single_flow=1 no_state_pipe=1
[sao-listener] cport=23004 worker=/its/home/mm2350/extra/Olympusv2/olympus/algorithms/ma_dreamer/worker.py scan=20ms target_cc=astraea single_flow=1 no_state_pipe=1
[sao-listener] cport=23005 worker=/its/home/mm2350/extra/Olympusv2/olympus/algorithms/ma_dreamer/worker.py scan=20ms target_cc=astraea single_flow=1 no_state_pipe=1
[sao-listener] cport=23006 worker=/its/home/mm2350/extra/Olympusv2/olympus/algorithms/ma_dreamer/worker.py scan=20ms target_cc=astraea single_flow=1 no_state_pipe=1
[sao-listener] new flow 1 10.0.0.4:23403->10.0.0.11:5205 cc=astraea pid=1043188 child=1045701
[sao-listener] single-flow mode: attached worker; stopping ss scans
[sao-listener flow 1] cport=23403 cc=astraea worker active
[sao-listener] new flow 1 10.0.0.2:23101->10.0.0.9:5202 cc=astraea pid=1042365 child=1045830
[sao-listener] single-flow mode: attached worker; stopping ss scans
[sao-listener flow 1] cport=23101 cc=astraea worker active
[worker cport=23500 agent=0] loaded checkpoint step=24571
[worker alg=ma_dreamer reward=tempest_fairness_ma cport=23500 agent=0 group=slot5_ep48 flow=1] started interval=20ms det=1 latent=8x8
[worker cport=23302 agent=2] loaded checkpoint step=24571
[worker alg=ma_dreamer reward=tempest_fairness_ma cport=23302 agent=2 group=slot3_ep46 flow=1] started interval=20ms det=1 latent=8x8
[worker cport=23403 agent=3] loaded checkpoint step=24571
[worker alg=ma_dreamer reward=tempest_fairness_ma cport=23403 agent=3 group=slot4_ep42 flow=1] started interval=20ms det=1 latent=8x8
[worker cport=23101 agent=1] loaded checkpoint step=24571
[worker alg=ma_dreamer reward=tempest_fairness_ma cport=23101 agent=1 group=slot1_ep47 flow=1] started interval=20ms det=1 latent=8x8
[sao-listener] new flow 1 10.0.0.4:23803->10.0.0.11:5209 cc=astraea pid=1043448 child=1047055
[sao-listener] single-flow mode: attached worker; stopping ss scans
[sao-listener flow 1] cport=23803 cc=astraea worker active
[sao-listener] new flow 1 10.0.0.4:23603->10.0.0.11:5207 cc=astraea pid=1042030 child=1047724
[sao-listener] single-flow mode: attached worker; stopping ss scans
[sao-listener flow 1] cport=23603 cc=astraea worker active
[multi_ep_plot] saved -> /its/home/mm2350/extra/Olympusv2/benchmarks/benchmark_responsive_fairness/data/ma_dreamer_credit/7_flows/run40/ep000040_bw68_d84_n7.pdf  return=840197.3
[ep_plot] ep=40 -> /its/home/mm2350/extra/Olympusv2/benchmarks/benchmark_responsive_fairness/data/ma_dreamer_credit/7_flows/run40/ep000040_bw68_d84_n7.pdf  return=840197.3203125
[orch] ep=40 sum-of-agents return=840197.3
[responsive_fairness] slot=7 ma_dreamer_credit flows=7 run=50
[responsive_fairness] ma_dreamer_credit flows=7 run=40 done (190/200)
[worker cport=23803 agent=3] loaded checkpoint step=24571
[worker alg=ma_dreamer reward=tempest_fairness_ma cport=23803 agent=3 group=slot8_ep43 flow=1] started interval=20ms det=1 latent=8x8
[slot=7] ep=50  flows=7  bw=73Mbps  delay=44ms  duration=345s  delays=[0.0, 7.5, 15.0, 22.5, 30.0, 37.5, 45.0]  lifetimes=[345.0, 337.5, 330.0, 322.5, 315.0, 307.5, 300.0]
[orch] link change t=30.0s bw=59 delay=83
[worker cport=23603 agent=3] loaded checkpoint step=24571
[worker alg=ma_dreamer reward=tempest_fairness_ma cport=23603 agent=3 group=slot6_ep41 flow=1] started interval=20ms det=1 latent=8x8
[orch] link change t=15.0s bw=65 delay=80
[sao-listener] cport=23700 worker=/its/home/mm2350/extra/Olympusv2/olympus/algorithms/ma_dreamer/worker.py scan=20ms target_cc=astraea single_flow=1 no_state_pipe=1
[sao-listener] cport=23701 worker=/its/home/mm2350/extra/Olympusv2/olympus/algorithms/ma_dreamer/worker.py scan=20ms target_cc=astraea single_flow=1 no_state_pipe=1
[sao-listener] cport=23702 worker=/its/home/mm2350/extra/Olympusv2/olympus/algorithms/ma_dreamer/worker.py scan=20ms target_cc=astraea single_flow=1 no_state_pipe=1
[sao-listener] cport=23703 worker=/its/home/mm2350/extra/Olympusv2/olympus/algorithms/ma_dreamer/worker.py scan=20ms target_cc=astraea single_flow=1 no_state_pipe=1
[sao-listener] cport=23704 worker=/its/home/mm2350/extra/Olympusv2/olympus/algorithms/ma_dreamer/worker.py scan=20ms target_cc=astraea single_flow=1 no_state_pipe=1
[sao-listener] cport=23705 worker=/its/home/mm2350/extra/Olympusv2/olympus/algorithms/ma_dreamer/worker.py scan=20ms target_cc=astraea single_flow=1 no_state_pipe=1
[sao-listener] cport=23706 worker=/its/home/mm2350/extra/Olympusv2/olympus/algorithms/ma_dreamer/worker.py scan=20ms target_cc=astraea single_flow=1 no_state_pipe=1
[sao-listener] new flow 1 10.0.0.4:23203->10.0.0.11:5203 cc=astraea pid=1045392 child=1050187
[sao-listener] single-flow mode: attached worker; stopping ss scans
[sao-listener flow 1] cport=23203 cc=astraea worker active
[orch] link change t=30.0s bw=41 delay=38
[orch] link change t=30.0s bw=69 delay=57
[worker cport=23203 agent=3] loaded checkpoint step=24571
[worker alg=ma_dreamer reward=tempest_fairness_ma cport=23203 agent=3 group=slot2_ep44 flow=1] started interval=20ms det=1 latent=8x8
[sao-listener] new flow 1 10.0.0.2:23501->10.0.0.9:5206 cc=astraea pid=1047414 child=1051509
[sao-listener flow 1] cport=23501 cc=astraea worker active
[sao-listener] single-flow mode: attached worker; stopping ss scans
[sao-listener] new flow 1 10.0.0.4:23303->10.0.0.11:5204 cc=astraea pid=1050202 child=1051581
[sao-listener] single-flow mode: attached worker; stopping ss scans
[sao-listener flow 1] cport=23303 cc=astraea worker active
[orch] link change t=30.0s bw=24 delay=32
[sao-listener] new flow 1 10.0.0.1:23000->10.0.0.8:5201 cc=astraea pid=1046234 child=1051861
[sao-listener] single-flow mode: attached worker; stopping ss scans
[sao-listener flow 1] cport=23000 cc=astraea worker active
[sao-listener] new flow 1 10.0.0.5:23404->10.0.0.12:5205 cc=astraea pid=1050721 child=1052017
[sao-listener] single-flow mode: attached worker; stopping ss scans
[sao-listener flow 1] cport=23404 cc=astraea worker active
[sao-listener] new flow 1 10.0.0.3:23102->10.0.0.10:5202 cc=astraea pid=1050011 child=1052168
[sao-listener] single-flow mode: attached worker; stopping ss scans
[sao-listener flow 1] cport=23102 cc=astraea worker active
[sao-listener] new flow 1 10.0.0.4:23903->10.0.0.11:5210 cc=astraea pid=1047140 child=1052452
[sao-listener] single-flow mode: attached worker; stopping ss scans
[sao-listener flow 1] cport=23903 cc=astraea worker active
[worker cport=23501 agent=1] loaded checkpoint step=24571
[worker alg=ma_dreamer reward=tempest_fairness_ma cport=23501 agent=1 group=slot5_ep48 flow=1] started interval=20ms det=1 latent=8x8
[worker cport=23303 agent=3] loaded checkpoint step=24571
[worker alg=ma_dreamer reward=tempest_fairness_ma cport=23303 agent=3 group=slot3_ep46 flow=1] started interval=20ms det=1 latent=8x8
[worker cport=23000 agent=0] loaded checkpoint step=24571
[worker alg=ma_dreamer reward=tempest_fairness_ma cport=23000 agent=0 group=slot0_ep49 flow=1] started interval=20ms det=1 latent=8x8
[worker cport=23404 agent=4] loaded checkpoint step=24571
[worker alg=ma_dreamer reward=tempest_fairness_ma cport=23404 agent=4 group=slot4_ep42 flow=1] started interval=20ms det=1 latent=8x8
[worker cport=23102 agent=2] loaded checkpoint step=24571
[worker alg=ma_dreamer reward=tempest_fairness_ma cport=23102 agent=2 group=slot1_ep47 flow=1] started interval=20ms det=1 latent=8x8
[orch] link change t=30.0s bw=20 delay=48
[worker cport=23903 agent=3] loaded checkpoint step=24571
[worker alg=ma_dreamer reward=tempest_fairness_ma cport=23903 agent=3 group=slot9_ep45 flow=1] started interval=20ms det=1 latent=8x8
[orch] link change t=15.0s bw=26 delay=81
[sao-listener] new flow 1 10.0.0.5:23804->10.0.0.12:5209 cc=astraea pid=1050861 child=1054327
[sao-listener] single-flow mode: attached worker; stopping ss scans
[sao-listener flow 1] cport=23804 cc=astraea worker active
[sao-listener] new flow 1 10.0.0.5:23604->10.0.0.12:5207 cc=astraea pid=1049386 child=1054859
[sao-listener] single-flow mode: attached worker; stopping ss scans
[sao-listener flow 1] cport=23604 cc=astraea worker active
[worker cport=23804 agent=4] loaded checkpoint step=24571
[worker alg=ma_dreamer reward=tempest_fairness_ma cport=23804 agent=4 group=slot8_ep43 flow=1] started interval=20ms det=1 latent=8x8
[worker cport=23604 agent=4] loaded checkpoint step=24571
[worker alg=ma_dreamer reward=tempest_fairness_ma cport=23604 agent=4 group=slot6_ep41 flow=1] started interval=20ms det=1 latent=8x8
[orch] link change t=30.0s bw=85 delay=39
[sao-listener] new flow 1 10.0.0.1:23700->10.0.0.8:5208 cc=astraea pid=1050538 child=1056090
[sao-listener] single-flow mode: attached worker; stopping ss scans
[sao-listener flow 1] cport=23700 cc=astraea worker active
[sao-listener] new flow 1 10.0.0.5:23204->10.0.0.12:5203 cc=astraea pid=1052337 child=1056467
[sao-listener] single-flow mode: attached worker; stopping ss scans
[sao-listener flow 1] cport=23204 cc=astraea worker active
[worker cport=23700 agent=0] loaded checkpoint step=24571
[worker alg=ma_dreamer reward=tempest_fairness_ma cport=23700 agent=0 group=slot7_ep50 flow=1] started interval=20ms det=1 latent=8x8
[sao-listener] new flow 1 10.0.0.5:23304->10.0.0.12:5204 cc=astraea pid=1056637 child=1057267
[sao-listener] single-flow mode: attached worker; stopping ss scans
[sao-listener flow 1] cport=23304 cc=astraea worker active
[sao-listener] new flow 1 10.0.0.3:23502->10.0.0.10:5206 cc=astraea pid=1054260 child=1057417
[sao-listener] single-flow mode: attached worker; stopping ss scans
[sao-listener flow 1] cport=23502 cc=astraea worker active
[worker cport=23204 agent=4] loaded checkpoint step=24571
[worker alg=ma_dreamer reward=tempest_fairness_ma cport=23204 agent=4 group=slot2_ep44 flow=1] started interval=20ms det=1 latent=8x8
[sao-listener] new flow 1 10.0.0.2:23001->10.0.0.9:5201 cc=astraea pid=1053017 child=1057741
[sao-listener] single-flow mode: attached worker; stopping ss scans
[sao-listener flow 1] cport=23001 cc=astraea worker active
[sao-listener] new flow 1 10.0.0.4:23103->10.0.0.11:5202 cc=astraea pid=1056415 child=1057904
[sao-listener] single-flow mode: attached worker; stopping ss scans
[sao-listener flow 1] cport=23103 cc=astraea worker active
[worker cport=23304 agent=4] loaded checkpoint step=24571
[worker alg=ma_dreamer reward=tempest_fairness_ma cport=23304 agent=4 group=slot3_ep46 flow=1] started interval=20ms det=1 latent=8x8
[worker cport=23502 agent=2] loaded checkpoint step=24571
[worker alg=ma_dreamer reward=tempest_fairness_ma cport=23502 agent=2 group=slot5_ep48 flow=1] started interval=20ms det=1 latent=8x8
[worker cport=23001 agent=1] loaded checkpoint step=24571
[worker alg=ma_dreamer reward=tempest_fairness_ma cport=23001 agent=1 group=slot0_ep49 flow=1] started interval=20ms det=1 latent=8x8
[worker cport=23103 agent=3] loaded checkpoint step=24571
[worker alg=ma_dreamer reward=tempest_fairness_ma cport=23103 agent=3 group=slot1_ep47 flow=1] started interval=20ms det=1 latent=8x8
[sao-listener] new flow 1 10.0.0.5:23904->10.0.0.12:5210 cc=astraea pid=1053957 child=1058932
[sao-listener] single-flow mode: attached worker; stopping ss scans
[sao-listener flow 1] cport=23904 cc=astraea worker active
[orch] link change t=15.0s bw=62 delay=24
[sao-listener] new flow 1 10.0.0.6:23405->10.0.0.13:5205 cc=astraea pid=1057189 child=1059194
[sao-listener] single-flow mode: attached worker; stopping ss scans
[sao-listener flow 1] cport=23405 cc=astraea worker active
[worker cport=23904 agent=4] loaded checkpoint step=24571
[worker alg=ma_dreamer reward=tempest_fairness_ma cport=23904 agent=4 group=slot9_ep45 flow=1] started interval=20ms det=1 latent=8x8
[worker cport=23405 agent=5] loaded checkpoint step=24571
[worker alg=ma_dreamer reward=tempest_fairness_ma cport=23405 agent=5 group=slot4_ep42 flow=1] started interval=20ms det=1 latent=8x8
[sao-listener] new flow 1 10.0.0.6:23805->10.0.0.13:5209 cc=astraea pid=1057398 child=1060118
[sao-listener] single-flow mode: attached worker; stopping ss scans
[sao-listener flow 1] cport=23805 cc=astraea worker active
[sao-listener] new flow 1 10.0.0.6:23605->10.0.0.13:5207 cc=astraea pid=1056014 child=1060450
[sao-listener] single-flow mode: attached worker; stopping ss scans
[sao-listener flow 1] cport=23605 cc=astraea worker active
[worker cport=23805 agent=5] loaded checkpoint step=24571
[worker alg=ma_dreamer reward=tempest_fairness_ma cport=23805 agent=5 group=slot8_ep43 flow=1] started interval=20ms det=1 latent=8x8
[worker cport=23605 agent=5] loaded checkpoint step=24571
[worker alg=ma_dreamer reward=tempest_fairness_ma cport=23605 agent=5 group=slot6_ep41 flow=1] started interval=20ms det=1 latent=8x8
[sao-listener] new flow 1 10.0.0.2:23701->10.0.0.9:5208 cc=astraea pid=1056949 child=1061464
[sao-listener] single-flow mode: attached worker; stopping ss scans
[sao-listener flow 1] cport=23701 cc=astraea worker active
[orch] link change t=45.0s bw=98 delay=46
[sao-listener] new flow 1 10.0.0.6:23205->10.0.0.13:5203 cc=astraea pid=1058929 child=1061756
[sao-listener] single-flow mode: attached worker; stopping ss scans
[sao-listener flow 1] cport=23205 cc=astraea worker active
[orch] link change t=30.0s bw=68 delay=83
[worker cport=23701 agent=1] loaded checkpoint step=24571
[worker alg=ma_dreamer reward=tempest_fairness_ma cport=23701 agent=1 group=slot7_ep50 flow=1] started interval=20ms det=1 latent=8x8
[orch] link change t=15.0s bw=56 delay=91
[sao-listener] new flow 1 10.0.0.4:23503->10.0.0.11:5206 cc=astraea pid=1060607 child=1062438
[sao-listener] single-flow mode: attached worker; stopping ss scans
[sao-listener flow 1] cport=23503 cc=astraea worker active
[worker cport=23205 agent=5] loaded checkpoint step=24571
[worker alg=ma_dreamer reward=tempest_fairness_ma cport=23205 agent=5 group=slot2_ep44 flow=1] started interval=20ms det=1 latent=8x8
[orch] link change t=45.0s bw=27 delay=23
[orch] link change t=45.0s bw=95 delay=99
[sao-listener] new flow 1 10.0.0.3:23002->10.0.0.10:5201 cc=astraea pid=1059515 child=1062718
[sao-listener] single-flow mode: attached worker; stopping ss scans
[sao-listener flow 1] cport=23002 cc=astraea worker active
[sao-listener] new flow 1 10.0.0.5:23104->10.0.0.12:5202 cc=astraea pid=1062308 child=1062926
[sao-listener] single-flow mode: attached worker; stopping ss scans
[sao-listener flow 1] cport=23104 cc=astraea worker active
[worker cport=23503 agent=3] loaded checkpoint step=24571
[worker alg=ma_dreamer reward=tempest_fairness_ma cport=23503 agent=3 group=slot5_ep48 flow=1] started interval=20ms det=1 latent=8x8
[sao-listener] new flow 1 10.0.0.6:23905->10.0.0.13:5210 cc=astraea pid=1060327 child=1063263
[sao-listener] single-flow mode: attached worker; stopping ss scans
[sao-listener flow 1] cport=23905 cc=astraea worker active
[worker cport=23002 agent=2] loaded checkpoint step=24571
[worker alg=ma_dreamer reward=tempest_fairness_ma cport=23002 agent=2 group=slot0_ep49 flow=1] started interval=20ms det=1 latent=8x8
[worker cport=23104 agent=4] loaded checkpoint step=24571
[worker alg=ma_dreamer reward=tempest_fairness_ma cport=23104 agent=4 group=slot1_ep47 flow=1] started interval=20ms det=1 latent=8x8
[orch] link change t=45.0s bw=58 delay=38
[sao-listener] new flow 1 10.0.0.7:23406->10.0.0.14:5205 cc=astraea pid=1062998 child=1063805
[sao-listener] single-flow mode: attached worker; stopping ss scans
[sao-listener flow 1] cport=23406 cc=astraea worker active
[worker cport=23905 agent=5] loaded checkpoint step=24571
[worker alg=ma_dreamer reward=tempest_fairness_ma cport=23905 agent=5 group=slot9_ep45 flow=1] started interval=20ms det=1 latent=8x8
[worker cport=23406 agent=6] loaded checkpoint step=24571
[worker alg=ma_dreamer reward=tempest_fairness_ma cport=23406 agent=6 group=slot4_ep42 flow=1] started interval=20ms det=1 latent=8x8
[sao-listener] new flow 1 10.0.0.7:23806->10.0.0.14:5209 cc=astraea pid=1063162 child=1064403
[sao-listener] single-flow mode: attached worker; stopping ss scans
[sao-listener flow 1] cport=23806 cc=astraea worker active
[sao-listener] new flow 1 10.0.0.7:23606->10.0.0.14:5207 cc=astraea pid=1062007 child=1064589
[sao-listener] single-flow mode: attached worker; stopping ss scans
[sao-listener flow 1] cport=23606 cc=astraea worker active
[orch] link change t=45.0s bw=53 delay=12
[worker cport=23806 agent=6] loaded checkpoint step=24571
[worker alg=ma_dreamer reward=tempest_fairness_ma cport=23806 agent=6 group=slot8_ep43 flow=1] started interval=20ms det=1 latent=8x8
[orch] link change t=30.0s bw=78 delay=48
[worker cport=23606 agent=6] loaded checkpoint step=24571
[worker alg=ma_dreamer reward=tempest_fairness_ma cport=23606 agent=6 group=slot6_ep41 flow=1] started interval=20ms det=1 latent=8x8
[sao-listener] new flow 1 10.0.0.3:23702->10.0.0.10:5208 cc=astraea pid=1062805 child=1065503
[sao-listener] single-flow mode: attached worker; stopping ss scans
[sao-listener flow 1] cport=23702 cc=astraea worker active
[sao-listener] new flow 1 10.0.0.7:23206->10.0.0.14:5203 cc=astraea pid=1064195 child=1065641
[sao-listener] single-flow mode: attached worker; stopping ss scans
[sao-listener flow 1] cport=23206 cc=astraea worker active
[worker cport=23702 agent=2] loaded checkpoint step=24571
[worker alg=ma_dreamer reward=tempest_fairness_ma cport=23702 agent=2 group=slot7_ep50 flow=1] started interval=20ms det=1 latent=8x8
[sao-listener] new flow 1 10.0.0.5:23504->10.0.0.12:5206 cc=astraea pid=1065380 child=1066041
[sao-listener] single-flow mode: attached worker; stopping ss scans
[sao-listener flow 1] cport=23504 cc=astraea worker active
[worker cport=23206 agent=6] loaded checkpoint step=24571
[worker alg=ma_dreamer reward=tempest_fairness_ma cport=23206 agent=6 group=slot2_ep44 flow=1] started interval=20ms det=1 latent=8x8
[sao-listener] new flow 1 10.0.0.6:23305->10.0.0.13:5204 cc=astraea pid=1062529 child=1066189
[sao-listener] single-flow mode: attached worker; stopping ss scans
[sao-listener flow 1] cport=23305 cc=astraea worker active
[sao-listener] new flow 1 10.0.0.4:23003->10.0.0.11:5201 cc=astraea pid=1064665 child=1066397
[sao-listener] single-flow mode: attached worker; stopping ss scans
[sao-listener flow 1] cport=23003 cc=astraea worker active
[orch] link change t=45.0s bw=91 delay=76
[worker cport=23504 agent=4] loaded checkpoint step=24571
[worker alg=ma_dreamer reward=tempest_fairness_ma cport=23504 agent=4 group=slot5_ep48 flow=1] started interval=20ms det=1 latent=8x8
[worker cport=23305 agent=5] loaded checkpoint step=24571
[worker alg=ma_dreamer reward=tempest_fairness_ma cport=23305 agent=5 group=slot3_ep46 flow=1] started interval=20ms det=1 latent=8x8
[sao-listener] new flow 1 10.0.0.7:23906->10.0.0.14:5210 cc=astraea pid=1065218 child=1066773
[sao-listener] single-flow mode: attached worker; stopping ss scans
[sao-listener flow 1] cport=23906 cc=astraea worker active
[worker cport=23003 agent=3] loaded checkpoint step=24571
[worker alg=ma_dreamer reward=tempest_fairness_ma cport=23003 agent=3 group=slot0_ep49 flow=1] started interval=20ms det=1 latent=8x8
[worker cport=23906 agent=6] loaded checkpoint step=24571
[worker alg=ma_dreamer reward=tempest_fairness_ma cport=23906 agent=6 group=slot9_ep45 flow=1] started interval=20ms det=1 latent=8x8
[orch] link change t=30.0s bw=51 delay=80
[sao-listener] new flow 1 10.0.0.4:23703->10.0.0.11:5208 cc=astraea pid=1066979 child=1067974
[sao-listener] single-flow mode: attached worker; stopping ss scans
[sao-listener flow 1] cport=23703 cc=astraea worker active
[worker cport=23703 agent=3] loaded checkpoint step=24571
[worker alg=ma_dreamer reward=tempest_fairness_ma cport=23703 agent=3 group=slot7_ep50 flow=1] started interval=20ms det=1 latent=8x8
[sao-listener] new flow 1 10.0.0.7:23306->10.0.0.14:5204 cc=astraea pid=1066769 child=1068326
[sao-listener] single-flow mode: attached worker; stopping ss scans
[sao-listener flow 1] cport=23306 cc=astraea worker active
[sao-listener] new flow 1 10.0.0.6:23105->10.0.0.13:5202 cc=astraea pid=1066690 child=1068502
[sao-listener] single-flow mode: attached worker; stopping ss scans
[sao-listener flow 1] cport=23105 cc=astraea worker active
[sao-listener] new flow 1 10.0.0.5:23004->10.0.0.12:5201 cc=astraea pid=1067870 child=1068561
[sao-listener] single-flow mode: attached worker; stopping ss scans
[sao-listener flow 1] cport=23004 cc=astraea worker active
[worker cport=23306 agent=6] loaded checkpoint step=24571
[worker alg=ma_dreamer reward=tempest_fairness_ma cport=23306 agent=6 group=slot3_ep46 flow=1] started interval=20ms det=1 latent=8x8
[orch] link change t=60.0s bw=80 delay=45
[worker cport=23004 agent=4] loaded checkpoint step=24571
[worker alg=ma_dreamer reward=tempest_fairness_ma cport=23004 agent=4 group=slot0_ep49 flow=1] started interval=20ms det=1 latent=8x8
[worker cport=23105 agent=5] loaded checkpoint step=24571
[worker alg=ma_dreamer reward=tempest_fairness_ma cport=23105 agent=5 group=slot1_ep47 flow=1] started interval=20ms det=1 latent=8x8
[orch] link change t=45.0s bw=53 delay=42
[orch] link change t=30.0s bw=41 delay=98
[orch] link change t=60.0s bw=96 delay=79
[orch] link change t=60.0s bw=22 delay=68
[orch] link change t=60.0s bw=47 delay=13
[sao-listener] new flow 1 10.0.0.5:23704->10.0.0.12:5208 cc=astraea pid=1069255 child=1069672
[sao-listener] single-flow mode: attached worker; stopping ss scans
[sao-listener flow 1] cport=23704 cc=astraea worker active
[sao-listener] new flow 1 10.0.0.6:23505->10.0.0.13:5206 cc=astraea pid=1068388 child=1069848
[sao-listener] single-flow mode: attached worker; stopping ss scans
[sao-listener flow 1] cport=23505 cc=astraea worker active
[worker cport=23704 agent=4] loaded checkpoint step=24571
[worker alg=ma_dreamer reward=tempest_fairness_ma cport=23704 agent=4 group=slot7_ep50 flow=1] started interval=20ms det=1 latent=8x8
[orch] link change t=60.0s bw=19 delay=71
[sao-listener] new flow 1 10.0.0.6:23005->10.0.0.13:5201 cc=astraea pid=1069847 child=1070032
[sao-listener] single-flow mode: attached worker; stopping ss scans
[sao-listener flow 1] cport=23005 cc=astraea worker active
[orch] link change t=45.0s bw=74 delay=34
[sao-listener] new flow 1 10.0.0.7:23106->10.0.0.14:5202 cc=astraea pid=1069128 child=1070096
[sao-listener] single-flow mode: attached worker; stopping ss scans
[sao-listener flow 1] cport=23106 cc=astraea worker active
[worker cport=23505 agent=5] loaded checkpoint step=24571
[worker alg=ma_dreamer reward=tempest_fairness_ma cport=23505 agent=5 group=slot5_ep48 flow=1] started interval=20ms det=1 latent=8x8
[worker cport=23005 agent=5] loaded checkpoint step=24571
[worker alg=ma_dreamer reward=tempest_fairness_ma cport=23005 agent=5 group=slot0_ep49 flow=1] started interval=20ms det=1 latent=8x8
[worker cport=23106 agent=6] loaded checkpoint step=24571
[worker alg=ma_dreamer reward=tempest_fairness_ma cport=23106 agent=6 group=slot1_ep47 flow=1] started interval=20ms det=1 latent=8x8
[orch] link change t=60.0s bw=29 delay=84
[sao-listener] new flow 1 10.0.0.7:23506->10.0.0.14:5206 cc=astraea pid=1070260 child=1070818
[sao-listener] single-flow mode: attached worker; stopping ss scans
[sao-listener flow 1] cport=23506 cc=astraea worker active
[orch] link change t=45.0s bw=75 delay=16
[worker cport=23506 agent=6] loaded checkpoint step=24571
[worker alg=ma_dreamer reward=tempest_fairness_ma cport=23506 agent=6 group=slot5_ep48 flow=1] started interval=20ms det=1 latent=8x8
[orch] link change t=75.0s bw=59 delay=83
[orch] link change t=60.0s bw=75 delay=59
[sao-listener] new flow 1 10.0.0.6:23705->10.0.0.13:5208 cc=astraea pid=1070651 child=1071265
[sao-listener] single-flow mode: attached worker; stopping ss scans
[sao-listener flow 1] cport=23705 cc=astraea worker active
[orch] link change t=45.0s bw=70 delay=52
[orch] link change t=75.0s bw=21 delay=85
[orch] link change t=75.0s bw=86 delay=73
[worker cport=23705 agent=5] loaded checkpoint step=24571
[worker alg=ma_dreamer reward=tempest_fairness_ma cport=23705 agent=5 group=slot7_ep50 flow=1] started interval=20ms det=1 latent=8x8
[sao-listener] new flow 1 10.0.0.7:23006->10.0.0.14:5201 cc=astraea pid=1071006 child=1071457
[sao-listener] single-flow mode: attached worker; stopping ss scans
[sao-listener flow 1] cport=23006 cc=astraea worker active
[orch] link change t=75.0s bw=38 delay=24
[worker cport=23006 agent=6] loaded checkpoint step=24571
[worker alg=ma_dreamer reward=tempest_fairness_ma cport=23006 agent=6 group=slot0_ep49 flow=1] started interval=20ms det=1 latent=8x8
[orch] link change t=75.0s bw=11 delay=24
[orch] link change t=60.0s bw=65 delay=31
[sao-listener] new flow 1 10.0.0.7:23706->10.0.0.14:5208 cc=astraea pid=1071417 child=1071674
[sao-listener] single-flow mode: attached worker; stopping ss scans
[sao-listener flow 1] cport=23706 cc=astraea worker active
[orch] link change t=75.0s bw=78 delay=14
[worker cport=23706 agent=6] loaded checkpoint step=24571
[worker alg=ma_dreamer reward=tempest_fairness_ma cport=23706 agent=6 group=slot7_ep50 flow=1] started interval=20ms det=1 latent=8x8
[orch] link change t=60.0s bw=97 delay=15
[orch] link change t=90.0s bw=11 delay=41
[orch] link change t=75.0s bw=60 delay=88
[orch] link change t=60.0s bw=20 delay=78
[orch] link change t=90.0s bw=64 delay=14
[orch] link change t=90.0s bw=87 delay=12
[orch] link change t=90.0s bw=82 delay=11
[orch] link change t=90.0s bw=46 delay=25
[orch] link change t=75.0s bw=29 delay=94
[orch] link change t=90.0s bw=13 delay=18
[orch] link change t=75.0s bw=45 delay=29
[orch] link change t=105.0s bw=94 delay=12
[orch] link change t=90.0s bw=15 delay=63
[orch] link change t=75.0s bw=50 delay=38
[orch] link change t=105.0s bw=13 delay=21
[orch] link change t=105.0s bw=75 delay=65
[orch] link change t=105.0s bw=22 delay=30
[orch] link change t=105.0s bw=49 delay=93
[orch] link change t=90.0s bw=23 delay=73
[orch] link change t=105.0s bw=50 delay=90
[orch] link change t=90.0s bw=68 delay=15
[orch] link change t=120.0s bw=66 delay=29
[orch] link change t=105.0s bw=94 delay=13
[orch] link change t=90.0s bw=96 delay=81
[orch] link change t=120.0s bw=37 delay=39
[orch] link change t=120.0s bw=83 delay=57
[orch] link change t=120.0s bw=75 delay=98
[orch] link change t=120.0s bw=14 delay=89
[orch] link change t=105.0s bw=93 delay=38
[orch] link change t=120.0s bw=16 delay=13
[orch] link change t=105.0s bw=90 delay=79
[orch] link change t=135.0s bw=29 delay=50
[orch] link change t=120.0s bw=23 delay=10
[orch] link change t=105.0s bw=20 delay=29
[orch] link change t=135.0s bw=74 delay=87
[orch] link change t=135.0s bw=89 delay=80
[orch] link change t=135.0s bw=48 delay=98
[orch] link change t=135.0s bw=18 delay=27
[orch] link change t=120.0s bw=37 delay=75
[orch] link change t=135.0s bw=27 delay=80
[orch] link change t=120.0s bw=74 delay=38
[orch] link change t=150.0s bw=31 delay=42
[orch] link change t=135.0s bw=43 delay=71
[orch] link change t=120.0s bw=54 delay=22
[orch] link change t=150.0s bw=13 delay=81
[orch] link change t=150.0s bw=65 delay=60
[orch] link change t=150.0s bw=91 delay=58
[orch] link change t=150.0s bw=44 delay=29
[orch] link change t=135.0s bw=81 delay=75
[orch] link change t=150.0s bw=47 delay=77
[orch] link change t=135.0s bw=87 delay=46
[orch] link change t=165.0s bw=93 delay=98
[orch] link change t=150.0s bw=79 delay=11
[orch] link change t=135.0s bw=54 delay=50
[orch] link change t=165.0s bw=35 delay=93
[orch] link change t=165.0s bw=32 delay=17
[orch] link change t=165.0s bw=85 delay=61
[orch] link change t=165.0s bw=37 delay=64
[orch] link change t=150.0s bw=29 delay=70
[orch] link change t=165.0s bw=52 delay=21
[orch] link change t=150.0s bw=83 delay=57
[orch] link change t=180.0s bw=89 delay=84
[orch] link change t=165.0s bw=50 delay=82
[orch] link change t=150.0s bw=38 delay=34
[orch] link change t=180.0s bw=99 delay=79
[orch] link change t=180.0s bw=23 delay=25
[orch] link change t=180.0s bw=98 delay=95
[orch] link change t=180.0s bw=19 delay=88
[orch] link change t=165.0s bw=37 delay=13
[orch] link change t=180.0s bw=60 delay=100
[orch] link change t=165.0s bw=61 delay=13
[orch] link change t=195.0s bw=17 delay=25
[orch] link change t=180.0s bw=64 delay=39
[orch] link change t=165.0s bw=18 delay=52
[orch] link change t=195.0s bw=63 delay=38
[orch] link change t=195.0s bw=58 delay=29
[orch] link change t=195.0s bw=51 delay=55
[orch] link change t=195.0s bw=62 delay=28
[orch] link change t=180.0s bw=19 delay=64
[orch] link change t=195.0s bw=71 delay=56
[orch] link change t=180.0s bw=41 delay=27
[orch] link change t=210.0s bw=85 delay=14
[orch] link change t=195.0s bw=40 delay=76
[orch] link change t=180.0s bw=87 delay=87
[orch] link change t=210.0s bw=67 delay=85
[orch] link change t=210.0s bw=22 delay=30
[orch] link change t=210.0s bw=19 delay=53
[orch] link change t=210.0s bw=99 delay=17
[orch] link change t=195.0s bw=18 delay=26
[orch] link change t=210.0s bw=29 delay=70
[orch] link change t=195.0s bw=22 delay=64
[orch] link change t=225.0s bw=65 delay=46
[orch] link change t=210.0s bw=75 delay=55
[orch] link change t=195.0s bw=64 delay=91
[orch] link change t=225.0s bw=45 delay=10
[orch] link change t=225.0s bw=75 delay=73
[orch] link change t=225.0s bw=46 delay=89
[orch] link change t=225.0s bw=14 delay=32
[orch] link change t=210.0s bw=73 delay=96
[orch] link change t=225.0s bw=69 delay=19
[orch] link change t=210.0s bw=58 delay=51
[orch] link change t=240.0s bw=37 delay=19
[orch] link change t=225.0s bw=66 delay=40
[orch] link change t=210.0s bw=21 delay=18
[orch] link change t=240.0s bw=30 delay=99
[orch] link change t=240.0s bw=26 delay=59
[orch] link change t=240.0s bw=30 delay=24
[orch] link change t=240.0s bw=51 delay=42
[orch] link change t=225.0s bw=30 delay=26
[orch] link change t=240.0s bw=68 delay=99
[orch] link change t=225.0s bw=55 delay=44
[orch] link change t=255.0s bw=56 delay=70
[orch] link change t=240.0s bw=14 delay=81
[orch] link change t=225.0s bw=98 delay=87
[orch] link change t=255.0s bw=64 delay=53
[orch] link change t=255.0s bw=86 delay=74
[orch] link change t=255.0s bw=75 delay=18
[orch] link change t=255.0s bw=55 delay=50
[orch] link change t=240.0s bw=17 delay=99
[orch] link change t=255.0s bw=79 delay=89
[orch] link change t=240.0s bw=93 delay=61
[orch] link change t=270.0s bw=26 delay=81
[orch] link change t=255.0s bw=57 delay=98
[orch] link change t=240.0s bw=52 delay=98
[orch] link change t=270.0s bw=45 delay=29
[orch] link change t=270.0s bw=44 delay=83
[orch] link change t=270.0s bw=85 delay=22
[orch] link change t=270.0s bw=22 delay=62
[orch] link change t=255.0s bw=80 delay=47
[orch] link change t=270.0s bw=24 delay=65
[orch] link change t=255.0s bw=88 delay=89
[orch] link change t=285.0s bw=95 delay=12
[orch] link change t=270.0s bw=55 delay=86
[orch] link change t=255.0s bw=92 delay=65
[orch] link change t=285.0s bw=37 delay=53
[orch] link change t=285.0s bw=33 delay=58
[orch] link change t=285.0s bw=44 delay=50
[orch] link change t=285.0s bw=21 delay=12
[orch] link change t=270.0s bw=53 delay=99
[orch] link change t=285.0s bw=38 delay=53
[orch] link change t=270.0s bw=16 delay=94
[orch] link change t=300.0s bw=25 delay=22
[orch] link change t=285.0s bw=53 delay=81
[orch] link change t=270.0s bw=10 delay=39
[orch] link change t=300.0s bw=23 delay=21
[orch] link change t=300.0s bw=18 delay=16
[orch] link change t=300.0s bw=23 delay=90
[orch] link change t=300.0s bw=52 delay=50
[orch] link change t=285.0s bw=53 delay=22
[orch] link change t=300.0s bw=74 delay=66
[orch] link change t=285.0s bw=62 delay=98
[orch] link change t=315.0s bw=28 delay=98
[orch] link change t=300.0s bw=83 delay=35
[orch] link change t=285.0s bw=53 delay=44
[orch] link change t=315.0s bw=58 delay=22
[orch] link change t=315.0s bw=84 delay=17
[orch] link change t=315.0s bw=47 delay=14
[orch] link change t=315.0s bw=59 delay=99
[orch] link change t=300.0s bw=40 delay=44
[orch] link change t=315.0s bw=45 delay=29
[orch] link change t=300.0s bw=79 delay=88
[orch] link change t=330.0s bw=32 delay=16
[orch] link change t=315.0s bw=40 delay=14
[orch] link change t=300.0s bw=65 delay=99
[orch] link change t=330.0s bw=55 delay=54
[orch] link change t=330.0s bw=33 delay=17
[orch] link change t=330.0s bw=54 delay=59
[orch] link change t=330.0s bw=77 delay=94
[orch] link change t=315.0s bw=43 delay=92
[orch] link change t=330.0s bw=23 delay=86
[orch] link change t=315.0s bw=36 delay=93
[orch] link change t=330.0s bw=26 delay=52
[orch] link change t=315.0s bw=23 delay=35
[orch] link change t=330.0s bw=11 delay=83
[orch] link change t=330.0s bw=18 delay=82
[multi_ep_plot] saved -> /its/home/mm2350/extra/Olympusv2/benchmarks/benchmark_responsive_fairness/data/ma_dreamer_credit/7_flows/run41/ep000041_bw58_d52_n7.pdf  return=1672197.1
[ep_plot] ep=41 -> /its/home/mm2350/extra/Olympusv2/benchmarks/benchmark_responsive_fairness/data/ma_dreamer_credit/7_flows/run41/ep000041_bw58_d52_n7.pdf  return=1672197.125
[orch] ep=41 sum-of-agents return=1672197.1
[responsive_fairness] ma_dreamer_credit flows=7 run=41 done (191/200)
[multi_ep_plot] saved -> /its/home/mm2350/extra/Olympusv2/benchmarks/benchmark_responsive_fairness/data/ma_dreamer_credit/7_flows/run42/ep000042_bw91_d24_n7.pdf  return=1053192.3
[ep_plot] ep=42 -> /its/home/mm2350/extra/Olympusv2/benchmarks/benchmark_responsive_fairness/data/ma_dreamer_credit/7_flows/run42/ep000042_bw91_d24_n7.pdf  return=1053192.3125
[orch] ep=42 sum-of-agents return=1053192.3
[responsive_fairness] ma_dreamer_credit flows=7 run=42 done (192/200)
[multi_ep_plot] saved -> /its/home/mm2350/extra/Olympusv2/benchmarks/benchmark_responsive_fairness/data/ma_dreamer_credit/7_flows/run43/ep000043_bw14_d46_n7.pdf  return=627538.0
[ep_plot] ep=43 -> /its/home/mm2350/extra/Olympusv2/benchmarks/benchmark_responsive_fairness/data/ma_dreamer_credit/7_flows/run43/ep000043_bw14_d46_n7.pdf  return=627537.98046875
[orch] ep=43 sum-of-agents return=627538.0
[responsive_fairness] ma_dreamer_credit flows=7 run=43 done (193/200)
[multi_ep_plot] saved -> /its/home/mm2350/extra/Olympusv2/benchmarks/benchmark_responsive_fairness/data/ma_dreamer_credit/7_flows/run44/ep000044_bw62_d76_n7.pdf  return=1602285.4
[ep_plot] ep=44 -> /its/home/mm2350/extra/Olympusv2/benchmarks/benchmark_responsive_fairness/data/ma_dreamer_credit/7_flows/run44/ep000044_bw62_d76_n7.pdf  return=1602285.359375
[orch] ep=44 sum-of-agents return=1602285.4
[responsive_fairness] ma_dreamer_credit flows=7 run=44 done (194/200)
[orch] link change t=330.0s bw=66 delay=44
[multi_ep_plot] saved -> /its/home/mm2350/extra/Olympusv2/benchmarks/benchmark_responsive_fairness/data/ma_dreamer_credit/7_flows/run45/ep000045_bw44_d63_n7.pdf  return=826788.8
[ep_plot] ep=45 -> /its/home/mm2350/extra/Olympusv2/benchmarks/benchmark_responsive_fairness/data/ma_dreamer_credit/7_flows/run45/ep000045_bw44_d63_n7.pdf  return=826788.8125
[orch] ep=45 sum-of-agents return=826788.8
[responsive_fairness] ma_dreamer_credit flows=7 run=45 done (195/200)
[multi_ep_plot] saved -> /its/home/mm2350/extra/Olympusv2/benchmarks/benchmark_responsive_fairness/data/ma_dreamer_credit/7_flows/run46/ep000046_bw19_d61_n7.pdf  return=929470.9
[ep_plot] ep=46 -> /its/home/mm2350/extra/Olympusv2/benchmarks/benchmark_responsive_fairness/data/ma_dreamer_credit/7_flows/run46/ep000046_bw19_d61_n7.pdf  return=929470.859375
[orch] ep=46 sum-of-agents return=929470.9
[responsive_fairness] ma_dreamer_credit flows=7 run=46 done (196/200)
[multi_ep_plot] saved -> /its/home/mm2350/extra/Olympusv2/benchmarks/benchmark_responsive_fairness/data/ma_dreamer_credit/7_flows/run47/ep000047_bw55_d18_n7.pdf  return=764263.1
[ep_plot] ep=47 -> /its/home/mm2350/extra/Olympusv2/benchmarks/benchmark_responsive_fairness/data/ma_dreamer_credit/7_flows/run47/ep000047_bw55_d18_n7.pdf  return=764263.0625
[orch] ep=47 sum-of-agents return=764263.1
[responsive_fairness] ma_dreamer_credit flows=7 run=47 done (197/200)
[multi_ep_plot] saved -> /its/home/mm2350/extra/Olympusv2/benchmarks/benchmark_responsive_fairness/data/ma_dreamer_credit/7_flows/run48/ep000048_bw80_d50_n7.pdf  return=1199548.0
[ep_plot] ep=48 -> /its/home/mm2350/extra/Olympusv2/benchmarks/benchmark_responsive_fairness/data/ma_dreamer_credit/7_flows/run48/ep000048_bw80_d50_n7.pdf  return=1199547.984375
[orch] ep=48 sum-of-agents return=1199548.0
[responsive_fairness] ma_dreamer_credit flows=7 run=48 done (198/200)
[multi_ep_plot] saved -> /its/home/mm2350/extra/Olympusv2/benchmarks/benchmark_responsive_fairness/data/ma_dreamer_credit/7_flows/run49/ep000049_bw18_d54_n7.pdf  return=1457789.6
[ep_plot] ep=49 -> /its/home/mm2350/extra/Olympusv2/benchmarks/benchmark_responsive_fairness/data/ma_dreamer_credit/7_flows/run49/ep000049_bw18_d54_n7.pdf  return=1457789.59375
[orch] ep=49 sum-of-agents return=1457789.6
[responsive_fairness] ma_dreamer_credit flows=7 run=49 done (199/200)
[multi_ep_plot] saved -> /its/home/mm2350/extra/Olympusv2/benchmarks/benchmark_responsive_fairness/data/ma_dreamer_credit/7_flows/run50/ep000050_bw73_d44_n7.pdf  return=926997.4
[ep_plot] ep=50 -> /its/home/mm2350/extra/Olympusv2/benchmarks/benchmark_responsive_fairness/data/ma_dreamer_credit/7_flows/run50/ep000050_bw73_d44_n7.pdf  return=926997.40625
[orch] ep=50 sum-of-agents return=926997.4
[responsive_fairness] ma_dreamer_credit flows=7 run=50 done (200/200)
[orch] runtime cleanup sweep
[responsive_fairness] done; data checked and missing trials attempted; metrics=/its/home/mm2350/extra/Olympusv2/benchmarks/benchmark_responsive_fairness/data/ma_dreamer_credit/metrics.csv
