[responsive_fairness] output_root=/its/home/mm2350/extra/Olympusv2/benchmarks/benchmark_responsive_fairness/data
[responsive_fairness] duration=345s score_window=(45,345] cadence=15s flow_counts=[2, 4, 5, 7] trials/approach=200
[responsive_fairness] 2_flow_starts=0,45
[responsive_fairness] 4_flow_starts=0,15,30,45
[responsive_fairness] 5_flow_starts=0,11.25,22.5,33.75,45
[responsive_fairness] 7_flow_starts=0,7.5,15,22.5,30,37.5,45
[responsive_fairness] approaches_to_run=ma_dreamer_20260611-175726
[responsive_fairness] ma_dreamer_20260611-175726 config=/its/home/mm2350/extra/Olympusv2/olympus/models/ma_dreamer_20260611-175726/telemetry/config.resolved.yaml
[responsive_fairness] ma_dreamer_20260611-175726 resuming missing=200/200 by_flow=2:50, 4:50, 5:50, 7:50
[responsive_fairness] slot=0 ma_dreamer_20260611-175726 flows=2 run=1
[responsive_fairness] slot=1 ma_dreamer_20260611-175726 flows=2 run=2
[responsive_fairness] slot=2 ma_dreamer_20260611-175726 flows=2 run=3
[responsive_fairness] slot=3 ma_dreamer_20260611-175726 flows=2 run=4
[responsive_fairness] slot=4 ma_dreamer_20260611-175726 flows=2 run=5
[responsive_fairness] slot=5 ma_dreamer_20260611-175726 flows=2 run=6
[responsive_fairness] slot=6 ma_dreamer_20260611-175726 flows=2 run=7
[responsive_fairness] slot=7 ma_dreamer_20260611-175726 flows=2 run=8
[responsive_fairness] slot=8 ma_dreamer_20260611-175726 flows=2 run=9
[responsive_fairness] slot=9 ma_dreamer_20260611-175726 flows=2 run=10
[slot=9] ep=10  flows=2  bw=83Mbps  delay=14ms  duration=345s  delays=[0.0, 45.0]  lifetimes=[345.0, 300.0]
[slot=1] ep=2  flows=2  bw=17Mbps  delay=21ms  duration=345s  delays=[0.0, 45.0]  lifetimes=[345.0, 300.0]
[slot=4] ep=5  flows=2  bw=89Mbps  delay=42ms  duration=345s  delays=[0.0, 45.0]  lifetimes=[345.0, 300.0]
[slot=8] ep=9  flows=2  bw=69Mbps  delay=88ms  duration=345s  delays=[0.0, 45.0]  lifetimes=[345.0, 300.0]
[slot=3] ep=4  flows=2  bw=40Mbps  delay=48ms  duration=345s  delays=[0.0, 45.0]  lifetimes=[345.0, 300.0]
[slot=7] ep=8  flows=2  bw=39Mbps  delay=57ms  duration=345s  delays=[0.0, 45.0]  lifetimes=[345.0, 300.0]
[slot=5] ep=6  flows=2  bw=83Mbps  delay=20ms  duration=345s  delays=[0.0, 45.0]  lifetimes=[345.0, 300.0]
[slot=2] ep=3  flows=2  bw=40Mbps  delay=85ms  duration=345s  delays=[0.0, 45.0]  lifetimes=[345.0, 300.0]
[slot=0] ep=1  flows=2  bw=27Mbps  delay=82ms  duration=345s  delays=[0.0, 45.0]  lifetimes=[345.0, 300.0]
[slot=6] ep=7  flows=2  bw=51Mbps  delay=29ms  duration=345s  delays=[0.0, 45.0]  lifetimes=[345.0, 300.0]
[sao-listener] cport=23400 worker=/its/home/mm2350/extra/Olympusv2/olympus/algorithms/ma_dreamer/worker.py scan=20ms target_cc=astraea single_flow=1 no_state_pipe=1
[sao-listener] cport=23800 worker=/its/home/mm2350/extra/Olympusv2/olympus/algorithms/ma_dreamer/worker.py scan=20ms target_cc=astraea single_flow=1 no_state_pipe=1
[sao-listener] cport=23900 worker=/its/home/mm2350/extra/Olympusv2/olympus/algorithms/ma_dreamer/worker.py scan=20ms target_cc=astraea single_flow=1 no_state_pipe=1
[sao-listener] cport=23401 worker=/its/home/mm2350/extra/Olympusv2/olympus/algorithms/ma_dreamer/worker.py scan=20ms target_cc=astraea single_flow=1 no_state_pipe=1
[sao-listener] cport=23100 worker=/its/home/mm2350/extra/Olympusv2/olympus/algorithms/ma_dreamer/worker.py scan=20ms target_cc=astraea single_flow=1 no_state_pipe=1
[sao-listener] cport=23801 worker=/its/home/mm2350/extra/Olympusv2/olympus/algorithms/ma_dreamer/worker.py scan=20ms target_cc=astraea single_flow=1 no_state_pipe=1
[sao-listener] cport=23901 worker=/its/home/mm2350/extra/Olympusv2/olympus/algorithms/ma_dreamer/worker.py scan=20ms target_cc=astraea single_flow=1 no_state_pipe=1
[sao-listener] cport=23700 worker=/its/home/mm2350/extra/Olympusv2/olympus/algorithms/ma_dreamer/worker.py scan=20ms target_cc=astraea single_flow=1 no_state_pipe=1
[sao-listener] cport=23101 worker=/its/home/mm2350/extra/Olympusv2/olympus/algorithms/ma_dreamer/worker.py scan=20ms target_cc=astraea single_flow=1 no_state_pipe=1
[sao-listener] cport=23600 worker=/its/home/mm2350/extra/Olympusv2/olympus/algorithms/ma_dreamer/worker.py scan=20ms target_cc=astraea single_flow=1 no_state_pipe=1
[sao-listener] cport=23000 worker=/its/home/mm2350/extra/Olympusv2/olympus/algorithms/ma_dreamer/worker.py scan=20ms target_cc=astraea single_flow=1 no_state_pipe=1
[sao-listener] cport=23300 worker=/its/home/mm2350/extra/Olympusv2/olympus/algorithms/ma_dreamer/worker.py scan=20ms target_cc=astraea single_flow=1 no_state_pipe=1
[sao-listener] cport=23500 worker=/its/home/mm2350/extra/Olympusv2/olympus/algorithms/ma_dreamer/worker.py scan=20ms target_cc=astraea single_flow=1 no_state_pipe=1
[sao-listener] cport=23200 worker=/its/home/mm2350/extra/Olympusv2/olympus/algorithms/ma_dreamer/worker.py scan=20ms target_cc=astraea single_flow=1 no_state_pipe=1
[sao-listener] cport=23701 worker=/its/home/mm2350/extra/Olympusv2/olympus/algorithms/ma_dreamer/worker.py scan=20ms target_cc=astraea single_flow=1 no_state_pipe=1
[sao-listener] cport=23601 worker=/its/home/mm2350/extra/Olympusv2/olympus/algorithms/ma_dreamer/worker.py scan=20ms target_cc=astraea single_flow=1 no_state_pipe=1
[sao-listener] cport=23001 worker=/its/home/mm2350/extra/Olympusv2/olympus/algorithms/ma_dreamer/worker.py scan=20ms target_cc=astraea single_flow=1 no_state_pipe=1
[sao-listener] cport=23501 worker=/its/home/mm2350/extra/Olympusv2/olympus/algorithms/ma_dreamer/worker.py scan=20ms target_cc=astraea single_flow=1 no_state_pipe=1
[sao-listener] cport=23301 worker=/its/home/mm2350/extra/Olympusv2/olympus/algorithms/ma_dreamer/worker.py scan=20ms target_cc=astraea single_flow=1 no_state_pipe=1
[sao-listener] cport=23201 worker=/its/home/mm2350/extra/Olympusv2/olympus/algorithms/ma_dreamer/worker.py scan=20ms target_cc=astraea single_flow=1 no_state_pipe=1
[sao-listener] new flow 1 10.0.0.1:23600->10.0.0.3:5207 cc=astraea pid=1762513 child=1762806
[sao-listener] single-flow mode: attached worker; stopping ss scans
[sao-listener flow 1] cport=23600 cc=astraea worker active
[worker cport=23600 agent=0] loaded checkpoint step=17958
[worker alg=ma_dreamer reward=tempest_fairness_ma cport=23600 agent=0 group=slot6_ep7 flow=1] started interval=20ms det=1 latent=8x8
[sao-listener] new flow 1 10.0.0.1:23400->10.0.0.3:5205 cc=astraea pid=1762456 child=1764919
[sao-listener] single-flow mode: attached worker; stopping ss scans
[sao-listener flow 1] cport=23400 cc=astraea worker active
[sao-listener] new flow 1 10.0.0.1:23900->10.0.0.3:5210 cc=astraea pid=1762465 child=1765001
[sao-listener] single-flow mode: attached worker; stopping ss scans
[sao-listener flow 1] cport=23900 cc=astraea worker active
[sao-listener] new flow 1 10.0.0.1:23100->10.0.0.3:5202 cc=astraea pid=1762491 child=1765062
[sao-listener] single-flow mode: attached worker; stopping ss scans
[sao-listener flow 1] cport=23100 cc=astraea worker active
[sao-listener] new flow 1 10.0.0.1:23800->10.0.0.3:5209 cc=astraea pid=1762463 child=1765101
[sao-listener] single-flow mode: attached worker; stopping ss scans
[sao-listener flow 1] cport=23800 cc=astraea worker active
[sao-listener] new flow 1 10.0.0.1:23000->10.0.0.3:5201 cc=astraea pid=1762521 child=1765196
[sao-listener] single-flow mode: attached worker; stopping ss scans
[sao-listener flow 1] cport=23000 cc=astraea worker active
[sao-listener] new flow 1 10.0.0.1:23500->10.0.0.3:5206 cc=astraea pid=1762527 child=1765266
[sao-listener] single-flow mode: attached worker; stopping ss scans
[sao-listener flow 1] cport=23500 cc=astraea worker active
[sao-listener] new flow 1 10.0.0.1:23700->10.0.0.3:5208 cc=astraea pid=1762495 child=1765340
[sao-listener] single-flow mode: attached worker; stopping ss scans
[sao-listener flow 1] cport=23700 cc=astraea worker active
[sao-listener] new flow 1 10.0.0.1:23300->10.0.0.3:5204 cc=astraea pid=1762518 child=1765426
[sao-listener] single-flow mode: attached worker; stopping ss scans
[sao-listener flow 1] cport=23300 cc=astraea worker active
[sao-listener] new flow 1 10.0.0.1:23200->10.0.0.3:5203 cc=astraea pid=1762536 child=1765434
[sao-listener] single-flow mode: attached worker; stopping ss scans
[sao-listener flow 1] cport=23200 cc=astraea worker active
[worker cport=23400 agent=0] loaded checkpoint step=17958
[worker alg=ma_dreamer reward=tempest_fairness_ma cport=23400 agent=0 group=slot4_ep5 flow=1] started interval=20ms det=1 latent=8x8
[worker cport=23900 agent=0] loaded checkpoint step=17958
[worker alg=ma_dreamer reward=tempest_fairness_ma cport=23900 agent=0 group=slot9_ep10 flow=1] started interval=20ms det=1 latent=8x8
[worker cport=23800 agent=0] loaded checkpoint step=17958
[worker alg=ma_dreamer reward=tempest_fairness_ma cport=23800 agent=0 group=slot8_ep9 flow=1] started interval=20ms det=1 latent=8x8
[worker cport=23100 agent=0] loaded checkpoint step=17958
[worker alg=ma_dreamer reward=tempest_fairness_ma cport=23100 agent=0 group=slot1_ep2 flow=1] started interval=20ms det=1 latent=8x8
[worker cport=23000 agent=0] loaded checkpoint step=17958
[worker alg=ma_dreamer reward=tempest_fairness_ma cport=23000 agent=0 group=slot0_ep1 flow=1] started interval=20ms det=1 latent=8x8
[worker cport=23500 agent=0] loaded checkpoint step=17958
[worker alg=ma_dreamer reward=tempest_fairness_ma cport=23500 agent=0 group=slot5_ep6 flow=1] started interval=20ms det=1 latent=8x8
[worker cport=23700 agent=0] loaded checkpoint step=17958
[worker alg=ma_dreamer reward=tempest_fairness_ma cport=23700 agent=0 group=slot7_ep8 flow=1] started interval=20ms det=1 latent=8x8
[worker cport=23200 agent=0] loaded checkpoint step=17958
[worker alg=ma_dreamer reward=tempest_fairness_ma cport=23200 agent=0 group=slot2_ep3 flow=1] started interval=20ms det=1 latent=8x8
[worker cport=23300 agent=0] loaded checkpoint step=17958
[worker alg=ma_dreamer reward=tempest_fairness_ma cport=23300 agent=0 group=slot3_ep4 flow=1] started interval=20ms det=1 latent=8x8
[orch] link change t=15.0s bw=55 delay=98
[orch] link change t=15.0s bw=57 delay=44
[orch] link change t=15.0s bw=64 delay=71
[orch] link change t=15.0s bw=20 delay=56
[orch] link change t=15.0s bw=58 delay=26
[orch] link change t=15.0s bw=18 delay=42
[orch] link change t=15.0s bw=60 delay=93
[orch] link change t=15.0s bw=23 delay=60
[orch] link change t=15.0s bw=72 delay=43
[orch] link change t=15.0s bw=79 delay=26
[orch] link change t=30.0s bw=93 delay=77
[orch] link change t=30.0s bw=27 delay=33
[orch] link change t=30.0s bw=83 delay=11
[orch] link change t=30.0s bw=31 delay=95
[orch] link change t=30.0s bw=34 delay=100
[orch] link change t=30.0s bw=25 delay=73
[orch] link change t=30.0s bw=16 delay=19
[orch] link change t=30.0s bw=71 delay=29
[orch] link change t=30.0s bw=14 delay=10
[orch] link change t=30.0s bw=57 delay=87
[orch] link change t=45.0s bw=13 delay=69
[orch] link change t=45.0s bw=96 delay=10
[orch] link change t=45.0s bw=36 delay=69
[orch] link change t=45.0s bw=49 delay=42
[orch] link change t=45.0s bw=15 delay=20
[orch] link change t=45.0s bw=67 delay=70
[orch] link change t=45.0s bw=78 delay=22
[orch] link change t=45.0s bw=21 delay=18
[orch] link change t=45.0s bw=70 delay=90
[orch] link change t=45.0s bw=28 delay=94
[sao-listener] new flow 1 10.0.0.2:23101->10.0.0.4:5202 cc=astraea pid=1779334 child=1779468
[sao-listener] single-flow mode: attached worker; stopping ss scans
[sao-listener flow 1] cport=23101 cc=astraea worker active
[sao-listener] new flow 1 10.0.0.2:23701->10.0.0.4:5208 cc=astraea pid=1779336 child=1779576
[sao-listener] single-flow mode: attached worker; stopping ss scans
[sao-listener flow 1] cport=23701 cc=astraea worker active
[sao-listener] new flow 1 10.0.0.2:23801->10.0.0.4:5209 cc=astraea pid=1779329 child=1779642
[sao-listener] single-flow mode: attached worker; stopping ss scans
[sao-listener flow 1] cport=23801 cc=astraea worker active
[sao-listener] new flow 1 10.0.0.2:23001->10.0.0.4:5201 cc=astraea pid=1779343 child=1779693
[sao-listener] single-flow mode: attached worker; stopping ss scans
[sao-listener flow 1] cport=23001 cc=astraea worker active
[sao-listener] new flow 1 10.0.0.2:23501->10.0.0.4:5206 cc=astraea pid=1779344 child=1779764
[sao-listener] single-flow mode: attached worker; stopping ss scans
[sao-listener flow 1] cport=23501 cc=astraea worker active
[sao-listener] new flow 1 10.0.0.2:23301->10.0.0.4:5204 cc=astraea pid=1779342 child=1779768
[sao-listener] single-flow mode: attached worker; stopping ss scans
[sao-listener flow 1] cport=23301 cc=astraea worker active
[sao-listener] new flow 1 10.0.0.2:23201->10.0.0.4:5203 cc=astraea pid=1779345 child=1779876
[sao-listener] single-flow mode: attached worker; stopping ss scans
[sao-listener flow 1] cport=23201 cc=astraea worker active
[sao-listener] new flow 1 10.0.0.2:23601->10.0.0.4:5207 cc=astraea pid=1779339 child=1779930
[sao-listener] single-flow mode: attached worker; stopping ss scans
[sao-listener flow 1] cport=23601 cc=astraea worker active
[worker cport=23101 agent=1] loaded checkpoint step=17958
[worker alg=ma_dreamer reward=tempest_fairness_ma cport=23101 agent=1 group=slot1_ep2 flow=1] started interval=20ms det=1 latent=8x8
[worker cport=23701 agent=1] loaded checkpoint step=17958
[worker alg=ma_dreamer reward=tempest_fairness_ma cport=23701 agent=1 group=slot7_ep8 flow=1] started interval=20ms det=1 latent=8x8
[worker cport=23801 agent=1] loaded checkpoint step=17958
[worker alg=ma_dreamer reward=tempest_fairness_ma cport=23801 agent=1 group=slot8_ep9 flow=1] started interval=20ms det=1 latent=8x8
[worker cport=23001 agent=1] loaded checkpoint step=17958
[worker alg=ma_dreamer reward=tempest_fairness_ma cport=23001 agent=1 group=slot0_ep1 flow=1] started interval=20ms det=1 latent=8x8
[worker cport=23501 agent=1] loaded checkpoint step=17958
[worker alg=ma_dreamer reward=tempest_fairness_ma cport=23501 agent=1 group=slot5_ep6 flow=1] started interval=20ms det=1 latent=8x8
[worker cport=23301 agent=1] loaded checkpoint step=17958
[worker alg=ma_dreamer reward=tempest_fairness_ma cport=23301 agent=1 group=slot3_ep4 flow=1] started interval=20ms det=1 latent=8x8
[worker cport=23201 agent=1] loaded checkpoint step=17958
[worker alg=ma_dreamer reward=tempest_fairness_ma cport=23201 agent=1 group=slot2_ep3 flow=1] started interval=20ms det=1 latent=8x8
[worker cport=23601 agent=1] loaded checkpoint step=17958
[worker alg=ma_dreamer reward=tempest_fairness_ma cport=23601 agent=1 group=slot6_ep7 flow=1] started interval=20ms det=1 latent=8x8
[sao-listener] new flow 1 10.0.0.2:23401->10.0.0.4:5205 cc=astraea pid=1779322 child=1780412
[sao-listener] single-flow mode: attached worker; stopping ss scans
[sao-listener flow 1] cport=23401 cc=astraea worker active
[sao-listener] new flow 1 10.0.0.2:23901->10.0.0.4:5210 cc=astraea pid=1779328 child=1780414
[sao-listener] single-flow mode: attached worker; stopping ss scans
[sao-listener flow 1] cport=23901 cc=astraea worker active
[worker cport=23401 agent=1] loaded checkpoint step=17958
[worker alg=ma_dreamer reward=tempest_fairness_ma cport=23401 agent=1 group=slot4_ep5 flow=1] started interval=20ms det=1 latent=8x8
[worker cport=23901 agent=1] loaded checkpoint step=17958
[worker alg=ma_dreamer reward=tempest_fairness_ma cport=23901 agent=1 group=slot9_ep10 flow=1] started interval=20ms det=1 latent=8x8
[orch] link change t=60.0s bw=41 delay=93
[orch] link change t=60.0s bw=53 delay=74
[orch] link change t=60.0s bw=72 delay=45
[orch] link change t=60.0s bw=87 delay=37
[orch] link change t=60.0s bw=27 delay=41
[orch] link change t=60.0s bw=93 delay=58
[orch] link change t=60.0s bw=56 delay=84
[orch] link change t=60.0s bw=12 delay=61
[orch] link change t=60.0s bw=84 delay=18
[orch] link change t=60.0s bw=85 delay=70
[orch] link change t=75.0s bw=16 delay=30
[orch] link change t=75.0s bw=69 delay=87
[orch] link change t=75.0s bw=93 delay=30
[orch] link change t=75.0s bw=87 delay=14
[orch] link change t=75.0s bw=74 delay=36
[orch] link change t=75.0s bw=36 delay=22
[orch] link change t=75.0s bw=17 delay=74
[orch] link change t=75.0s bw=80 delay=47
[orch] link change t=75.0s bw=57 delay=50
[orch] link change t=75.0s bw=87 delay=11
[orch] link change t=90.0s bw=24 delay=57
[orch] link change t=90.0s bw=20 delay=52
[orch] link change t=90.0s bw=14 delay=76
[orch] link change t=90.0s bw=84 delay=97
[orch] link change t=90.0s bw=61 delay=92
[orch] link change t=90.0s bw=72 delay=13
[orch] link change t=90.0s bw=37 delay=14
[orch] link change t=90.0s bw=17 delay=38
[orch] link change t=90.0s bw=70 delay=43
[orch] link change t=90.0s bw=12 delay=44
[orch] link change t=105.0s bw=70 delay=41
[orch] link change t=105.0s bw=80 delay=88
[orch] link change t=105.0s bw=72 delay=51
[orch] link change t=105.0s bw=30 delay=65
[orch] link change t=105.0s bw=13 delay=68
[orch] link change t=105.0s bw=21 delay=65
[orch] link change t=105.0s bw=59 delay=65
[orch] link change t=105.0s bw=76 delay=78
[orch] link change t=105.0s bw=80 delay=39
[orch] link change t=105.0s bw=72 delay=35
[orch] link change t=120.0s bw=58 delay=79
[orch] link change t=120.0s bw=99 delay=15
[orch] link change t=120.0s bw=19 delay=41
[orch] link change t=120.0s bw=91 delay=60
[orch] link change t=120.0s bw=72 delay=68
[orch] link change t=120.0s bw=87 delay=10
[orch] link change t=120.0s bw=63 delay=18
[orch] link change t=120.0s bw=56 delay=45
[orch] link change t=120.0s bw=34 delay=70
[orch] link change t=120.0s bw=62 delay=78
[orch] link change t=135.0s bw=23 delay=83
[orch] link change t=135.0s bw=58 delay=31
[orch] link change t=135.0s bw=56 delay=15
[orch] link change t=135.0s bw=75 delay=57
[orch] link change t=135.0s bw=59 delay=73
[orch] link change t=135.0s bw=99 delay=67
[orch] link change t=135.0s bw=40 delay=21
[orch] link change t=135.0s bw=32 delay=23
[orch] link change t=135.0s bw=79 delay=80
[orch] link change t=135.0s bw=79 delay=97
[orch] link change t=150.0s bw=41 delay=11
[orch] link change t=150.0s bw=100 delay=67
[orch] link change t=150.0s bw=63 delay=27
[orch] link change t=150.0s bw=79 delay=66
[orch] link change t=150.0s bw=83 delay=34
[orch] link change t=150.0s bw=80 delay=64
[orch] link change t=150.0s bw=44 delay=39
[orch] link change t=150.0s bw=43 delay=37
[orch] link change t=150.0s bw=70 delay=60
[orch] link change t=150.0s bw=22 delay=34
[orch] link change t=165.0s bw=37 delay=62
[orch] link change t=165.0s bw=64 delay=30
[orch] link change t=165.0s bw=87 delay=55
[orch] link change t=165.0s bw=74 delay=44
[orch] link change t=165.0s bw=61 delay=21
[orch] link change t=165.0s bw=85 delay=23
[orch] link change t=165.0s bw=17 delay=82
[orch] link change t=165.0s bw=13 delay=92
[orch] link change t=165.0s bw=82 delay=80
[orch] link change t=165.0s bw=91 delay=29
[orch] link change t=180.0s bw=45 delay=33
[orch] link change t=180.0s bw=31 delay=40
[orch] link change t=180.0s bw=58 delay=63
[orch] link change t=180.0s bw=14 delay=13
[orch] link change t=180.0s bw=72 delay=39
[orch] link change t=180.0s bw=25 delay=38
[orch] link change t=180.0s bw=50 delay=13
[orch] link change t=180.0s bw=43 delay=44
[orch] link change t=180.0s bw=39 delay=91
[orch] link change t=180.0s bw=99 delay=43
[orch] link change t=195.0s bw=59 delay=30
[orch] link change t=195.0s bw=16 delay=24
[orch] link change t=195.0s bw=46 delay=96
[orch] link change t=195.0s bw=56 delay=69
[orch] link change t=195.0s bw=12 delay=99
[orch] link change t=195.0s bw=12 delay=13
[orch] link change t=195.0s bw=90 delay=90
[orch] link change t=195.0s bw=34 delay=31
[orch] link change t=195.0s bw=94 delay=88
[orch] link change t=195.0s bw=29 delay=76
[orch] link change t=210.0s bw=19 delay=27
[orch] link change t=210.0s bw=26 delay=74
[orch] link change t=210.0s bw=43 delay=68
[orch] link change t=210.0s bw=50 delay=58
[orch] link change t=210.0s bw=44 delay=76
[orch] link change t=210.0s bw=93 delay=79
[orch] link change t=210.0s bw=84 delay=17
[orch] link change t=210.0s bw=49 delay=47
[orch] link change t=210.0s bw=59 delay=11
[orch] link change t=210.0s bw=97 delay=21
[orch] link change t=225.0s bw=89 delay=89
[orch] link change t=225.0s bw=85 delay=18
[orch] link change t=225.0s bw=32 delay=97
[orch] link change t=225.0s bw=64 delay=77
[orch] link change t=225.0s bw=62 delay=70
[orch] link change t=225.0s bw=83 delay=84
[orch] link change t=225.0s bw=11 delay=58
[orch] link change t=225.0s bw=90 delay=57
[orch] link change t=225.0s bw=64 delay=52
[orch] link change t=225.0s bw=95 delay=18
[orch] link change t=240.0s bw=66 delay=26
[orch] link change t=240.0s bw=98 delay=59
[orch] link change t=240.0s bw=48 delay=94
[orch] link change t=240.0s bw=31 delay=81
[orch] link change t=240.0s bw=58 delay=24
[orch] link change t=240.0s bw=60 delay=16
[orch] link change t=240.0s bw=97 delay=37
[orch] link change t=240.0s bw=21 delay=87
[orch] link change t=240.0s bw=21 delay=56
[orch] link change t=240.0s bw=30 delay=85
[orch] link change t=255.0s bw=26 delay=10
[orch] link change t=255.0s bw=23 delay=47
[orch] link change t=255.0s bw=56 delay=27
[orch] link change t=255.0s bw=32 delay=40
[orch] link change t=255.0s bw=94 delay=43
[orch] link change t=255.0s bw=64 delay=13
[orch] link change t=255.0s bw=38 delay=15
[orch] link change t=255.0s bw=53 delay=95
[orch] link change t=255.0s bw=62 delay=42
[orch] link change t=255.0s bw=15 delay=48
[orch] link change t=270.0s bw=10 delay=36
[orch] link change t=270.0s bw=36 delay=96
[orch] link change t=270.0s bw=68 delay=40
[orch] link change t=270.0s bw=39 delay=13
[orch] link change t=270.0s bw=22 delay=18
[orch] link change t=270.0s bw=81 delay=27
[orch] link change t=270.0s bw=77 delay=38
[orch] link change t=270.0s bw=59 delay=74
[orch] link change t=270.0s bw=13 delay=44
[orch] link change t=270.0s bw=66 delay=99
[orch] link change t=285.0s bw=37 delay=31
[orch] link change t=285.0s bw=38 delay=63
[orch] link change t=285.0s bw=66 delay=88
[orch] link change t=285.0s bw=32 delay=51
[orch] link change t=285.0s bw=59 delay=89
[orch] link change t=285.0s bw=66 delay=73
[orch] link change t=285.0s bw=47 delay=63
[orch] link change t=285.0s bw=41 delay=32
[orch] link change t=285.0s bw=22 delay=35
[orch] link change t=285.0s bw=70 delay=86
[orch] link change t=300.0s bw=31 delay=47
[orch] link change t=300.0s bw=21 delay=44
[orch] link change t=300.0s bw=58 delay=15
[orch] link change t=300.0s bw=32 delay=27
[orch] link change t=300.0s bw=58 delay=23
[orch] link change t=300.0s bw=80 delay=39
[orch] link change t=300.0s bw=28 delay=79
[orch] link change t=300.0s bw=59 delay=64
[orch] link change t=300.0s bw=41 delay=70
[orch] link change t=300.0s bw=99 delay=91
[orch] link change t=315.0s bw=50 delay=35
[orch] link change t=315.0s bw=36 delay=60
[orch] link change t=315.0s bw=84 delay=10
[orch] link change t=315.0s bw=75 delay=75
[orch] link change t=315.0s bw=94 delay=17
[orch] link change t=315.0s bw=54 delay=39
[orch] link change t=315.0s bw=45 delay=21
[orch] link change t=315.0s bw=25 delay=83
[orch] link change t=315.0s bw=60 delay=83
[orch] link change t=315.0s bw=47 delay=22
[orch] link change t=330.0s bw=79 delay=96
[orch] link change t=330.0s bw=45 delay=53
[orch] link change t=330.0s bw=40 delay=27
[orch] link change t=330.0s bw=56 delay=75
[orch] link change t=330.0s bw=53 delay=40
[orch] link change t=330.0s bw=49 delay=81
[orch] link change t=330.0s bw=96 delay=38
[orch] link change t=330.0s bw=80 delay=48
[orch] link change t=330.0s bw=66 delay=27
[orch] link change t=330.0s bw=15 delay=85
[multi_ep_plot] saved -> /its/home/mm2350/extra/Olympusv2/benchmarks/benchmark_responsive_fairness/data/ma_dreamer_20260611-175726/2_flows/run9/ep000009_bw69_d88_n2.pdf  return=601094.4
[ep_plot] ep=9 -> /its/home/mm2350/extra/Olympusv2/benchmarks/benchmark_responsive_fairness/data/ma_dreamer_20260611-175726/2_flows/run9/ep000009_bw69_d88_n2.pdf  return=601094.4375
[orch] ep=9 sum-of-agents return=601094.4
[responsive_fairness] slot=8 ma_dreamer_20260611-175726 flows=2 run=11
[responsive_fairness] ma_dreamer_20260611-175726 flows=2 run=9 done (1/200)
[slot=8] ep=11  flows=2  bw=67Mbps  delay=81ms  duration=345s  delays=[0.0, 45.0]  lifetimes=[345.0, 300.0]
[sao-listener] cport=23800 worker=/its/home/mm2350/extra/Olympusv2/olympus/algorithms/ma_dreamer/worker.py scan=20ms target_cc=astraea single_flow=1 no_state_pipe=1
[sao-listener] cport=23801 worker=/its/home/mm2350/extra/Olympusv2/olympus/algorithms/ma_dreamer/worker.py scan=20ms target_cc=astraea single_flow=1 no_state_pipe=1
[multi_ep_plot] saved -> /its/home/mm2350/extra/Olympusv2/benchmarks/benchmark_responsive_fairness/data/ma_dreamer_20260611-175726/2_flows/run5/ep000005_bw89_d42_n2.pdf  return=575470.3
[ep_plot] ep=5 -> /its/home/mm2350/extra/Olympusv2/benchmarks/benchmark_responsive_fairness/data/ma_dreamer_20260611-175726/2_flows/run5/ep000005_bw89_d42_n2.pdf  return=575470.34375
[orch] ep=5 sum-of-agents return=575470.3
[responsive_fairness] slot=4 ma_dreamer_20260611-175726 flows=2 run=12
[responsive_fairness] ma_dreamer_20260611-175726 flows=2 run=5 done (2/200)
[multi_ep_plot] saved -> /its/home/mm2350/extra/Olympusv2/benchmarks/benchmark_responsive_fairness/data/ma_dreamer_20260611-175726/2_flows/run6/ep000006_bw83_d20_n2.pdf  return=571856.6
[ep_plot] ep=6 -> /its/home/mm2350/extra/Olympusv2/benchmarks/benchmark_responsive_fairness/data/ma_dreamer_20260611-175726/2_flows/run6/ep000006_bw83_d20_n2.pdf  return=571856.5625
[orch] ep=6 sum-of-agents return=571856.6
[slot=4] ep=12  flows=2  bw=70Mbps  delay=44ms  duration=345s  delays=[0.0, 45.0]  lifetimes=[345.0, 300.0]
[multi_ep_plot] saved -> /its/home/mm2350/extra/Olympusv2/benchmarks/benchmark_responsive_fairness/data/ma_dreamer_20260611-175726/2_flows/run10/ep000010_bw83_d14_n2.pdf  return=609011.0
[ep_plot] ep=10 -> /its/home/mm2350/extra/Olympusv2/benchmarks/benchmark_responsive_fairness/data/ma_dreamer_20260611-175726/2_flows/run10/ep000010_bw83_d14_n2.pdf  return=609011.03125
[orch] ep=10 sum-of-agents return=609011.0
[responsive_fairness] slot=5 ma_dreamer_20260611-175726 flows=2 run=13
[responsive_fairness] ma_dreamer_20260611-175726 flows=2 run=6 done (3/200)
[responsive_fairness] slot=9 ma_dreamer_20260611-175726 flows=2 run=14
[responsive_fairness] ma_dreamer_20260611-175726 flows=2 run=10 done (4/200)
[slot=5] ep=13  flows=2  bw=43Mbps  delay=47ms  duration=345s  delays=[0.0, 45.0]  lifetimes=[345.0, 300.0]
[slot=9] ep=14  flows=2  bw=23Mbps  delay=88ms  duration=345s  delays=[0.0, 45.0]  lifetimes=[345.0, 300.0]
[multi_ep_plot] saved -> /its/home/mm2350/extra/Olympusv2/benchmarks/benchmark_responsive_fairness/data/ma_dreamer_20260611-175726/2_flows/run8/ep000008_bw39_d57_n2.pdf  return=580839.5
[ep_plot] ep=8 -> /its/home/mm2350/extra/Olympusv2/benchmarks/benchmark_responsive_fairness/data/ma_dreamer_20260611-175726/2_flows/run8/ep000008_bw39_d57_n2.pdf  return=580839.5
[orch] ep=8 sum-of-agents return=580839.5
[multi_ep_plot] saved -> /its/home/mm2350/extra/Olympusv2/benchmarks/benchmark_responsive_fairness/data/ma_dreamer_20260611-175726/2_flows/run2/ep000002_bw17_d21_n2.pdf  return=593042.8
[ep_plot] ep=2 -> /its/home/mm2350/extra/Olympusv2/benchmarks/benchmark_responsive_fairness/data/ma_dreamer_20260611-175726/2_flows/run2/ep000002_bw17_d21_n2.pdf  return=593042.84375
[orch] ep=2 sum-of-agents return=593042.8
[responsive_fairness] slot=7 ma_dreamer_20260611-175726 flows=2 run=15
[responsive_fairness] ma_dreamer_20260611-175726 flows=2 run=8 done (5/200)
[responsive_fairness] slot=1 ma_dreamer_20260611-175726 flows=2 run=16
[responsive_fairness] ma_dreamer_20260611-175726 flows=2 run=2 done (6/200)
[slot=7] ep=15  flows=2  bw=36Mbps  delay=11ms  duration=345s  delays=[0.0, 45.0]  lifetimes=[345.0, 300.0]
[multi_ep_plot] saved -> /its/home/mm2350/extra/Olympusv2/benchmarks/benchmark_responsive_fairness/data/ma_dreamer_20260611-175726/2_flows/run7/ep000007_bw51_d29_n2.pdf  return=584588.2
[ep_plot] ep=7 -> /its/home/mm2350/extra/Olympusv2/benchmarks/benchmark_responsive_fairness/data/ma_dreamer_20260611-175726/2_flows/run7/ep000007_bw51_d29_n2.pdf  return=584588.25
[orch] ep=7 sum-of-agents return=584588.2
[multi_ep_plot] saved -> /its/home/mm2350/extra/Olympusv2/benchmarks/benchmark_responsive_fairness/data/ma_dreamer_20260611-175726/2_flows/run3/ep000003_bw40_d85_n2.pdf  return=602376.2
[ep_plot] ep=3 -> /its/home/mm2350/extra/Olympusv2/benchmarks/benchmark_responsive_fairness/data/ma_dreamer_20260611-175726/2_flows/run3/ep000003_bw40_d85_n2.pdf  return=602376.25
[orch] ep=3 sum-of-agents return=602376.2
[slot=1] ep=16  flows=2  bw=56Mbps  delay=70ms  duration=345s  delays=[0.0, 45.0]  lifetimes=[345.0, 300.0]
[responsive_fairness] slot=6 ma_dreamer_20260611-175726 flows=2 run=17
[responsive_fairness] ma_dreamer_20260611-175726 flows=2 run=7 done (7/200)
[responsive_fairness] slot=2 ma_dreamer_20260611-175726 flows=2 run=18
[responsive_fairness] ma_dreamer_20260611-175726 flows=2 run=3 done (8/200)
[multi_ep_plot] saved -> /its/home/mm2350/extra/Olympusv2/benchmarks/benchmark_responsive_fairness/data/ma_dreamer_20260611-175726/2_flows/run4/ep000004_bw40_d48_n2.pdf  return=602220.2
[ep_plot] ep=4 -> /its/home/mm2350/extra/Olympusv2/benchmarks/benchmark_responsive_fairness/data/ma_dreamer_20260611-175726/2_flows/run4/ep000004_bw40_d48_n2.pdf  return=602220.21875
[orch] ep=4 sum-of-agents return=602220.2
[slot=6] ep=17  flows=2  bw=76Mbps  delay=63ms  duration=345s  delays=[0.0, 45.0]  lifetimes=[345.0, 300.0]
[responsive_fairness] slot=3 ma_dreamer_20260611-175726 flows=2 run=19
[responsive_fairness] ma_dreamer_20260611-175726 flows=2 run=4 done (9/200)
[slot=2] ep=18  flows=2  bw=33Mbps  delay=25ms  duration=345s  delays=[0.0, 45.0]  lifetimes=[345.0, 300.0]
[slot=3] ep=19  flows=2  bw=96Mbps  delay=15ms  duration=345s  delays=[0.0, 45.0]  lifetimes=[345.0, 300.0]
[multi_ep_plot] saved -> /its/home/mm2350/extra/Olympusv2/benchmarks/benchmark_responsive_fairness/data/ma_dreamer_20260611-175726/2_flows/run1/ep000001_bw27_d82_n2.pdf  return=589630.4
[ep_plot] ep=1 -> /its/home/mm2350/extra/Olympusv2/benchmarks/benchmark_responsive_fairness/data/ma_dreamer_20260611-175726/2_flows/run1/ep000001_bw27_d82_n2.pdf  return=589630.375
[orch] ep=1 sum-of-agents return=589630.4
[sao-listener] cport=23400 worker=/its/home/mm2350/extra/Olympusv2/olympus/algorithms/ma_dreamer/worker.py scan=20ms target_cc=astraea single_flow=1 no_state_pipe=1
[responsive_fairness] slot=0 ma_dreamer_20260611-175726 flows=2 run=20
[responsive_fairness] ma_dreamer_20260611-175726 flows=2 run=1 done (10/200)
[sao-listener] cport=23401 worker=/its/home/mm2350/extra/Olympusv2/olympus/algorithms/ma_dreamer/worker.py scan=20ms target_cc=astraea single_flow=1 no_state_pipe=1
[sao-listener] cport=23500 worker=/its/home/mm2350/extra/Olympusv2/olympus/algorithms/ma_dreamer/worker.py scan=20ms target_cc=astraea single_flow=1 no_state_pipe=1
[slot=0] ep=20  flows=2  bw=97Mbps  delay=29ms  duration=345s  delays=[0.0, 45.0]  lifetimes=[345.0, 300.0]
[sao-listener] cport=23501 worker=/its/home/mm2350/extra/Olympusv2/olympus/algorithms/ma_dreamer/worker.py scan=20ms target_cc=astraea single_flow=1 no_state_pipe=1
[sao-listener] cport=23900 worker=/its/home/mm2350/extra/Olympusv2/olympus/algorithms/ma_dreamer/worker.py scan=20ms target_cc=astraea single_flow=1 no_state_pipe=1
[sao-listener] cport=23901 worker=/its/home/mm2350/extra/Olympusv2/olympus/algorithms/ma_dreamer/worker.py scan=20ms target_cc=astraea single_flow=1 no_state_pipe=1
[sao-listener] cport=23700 worker=/its/home/mm2350/extra/Olympusv2/olympus/algorithms/ma_dreamer/worker.py scan=20ms target_cc=astraea single_flow=1 no_state_pipe=1
[sao-listener] cport=23701 worker=/its/home/mm2350/extra/Olympusv2/olympus/algorithms/ma_dreamer/worker.py scan=20ms target_cc=astraea single_flow=1 no_state_pipe=1
[sao-listener] cport=23100 worker=/its/home/mm2350/extra/Olympusv2/olympus/algorithms/ma_dreamer/worker.py scan=20ms target_cc=astraea single_flow=1 no_state_pipe=1
[sao-listener] cport=23101 worker=/its/home/mm2350/extra/Olympusv2/olympus/algorithms/ma_dreamer/worker.py scan=20ms target_cc=astraea single_flow=1 no_state_pipe=1
[sao-listener] cport=23200 worker=/its/home/mm2350/extra/Olympusv2/olympus/algorithms/ma_dreamer/worker.py scan=20ms target_cc=astraea single_flow=1 no_state_pipe=1
[sao-listener] cport=23600 worker=/its/home/mm2350/extra/Olympusv2/olympus/algorithms/ma_dreamer/worker.py scan=20ms target_cc=astraea single_flow=1 no_state_pipe=1
[sao-listener] cport=23300 worker=/its/home/mm2350/extra/Olympusv2/olympus/algorithms/ma_dreamer/worker.py scan=20ms target_cc=astraea single_flow=1 no_state_pipe=1
[sao-listener] cport=23201 worker=/its/home/mm2350/extra/Olympusv2/olympus/algorithms/ma_dreamer/worker.py scan=20ms target_cc=astraea single_flow=1 no_state_pipe=1
[sao-listener] cport=23601 worker=/its/home/mm2350/extra/Olympusv2/olympus/algorithms/ma_dreamer/worker.py scan=20ms target_cc=astraea single_flow=1 no_state_pipe=1
[sao-listener] cport=23301 worker=/its/home/mm2350/extra/Olympusv2/olympus/algorithms/ma_dreamer/worker.py scan=20ms target_cc=astraea single_flow=1 no_state_pipe=1
[sao-listener] cport=23000 worker=/its/home/mm2350/extra/Olympusv2/olympus/algorithms/ma_dreamer/worker.py scan=20ms target_cc=astraea single_flow=1 no_state_pipe=1
[sao-listener] cport=23001 worker=/its/home/mm2350/extra/Olympusv2/olympus/algorithms/ma_dreamer/worker.py scan=20ms target_cc=astraea single_flow=1 no_state_pipe=1
[sao-listener] new flow 1 10.0.0.1:23800->10.0.0.3:5209 cc=astraea pid=1784345 child=1786364
[sao-listener] single-flow mode: attached worker; stopping ss scans
[sao-listener flow 1] cport=23800 cc=astraea worker active
[sao-listener] new flow 1 10.0.0.1:23700->10.0.0.3:5208 cc=astraea pid=1786352 child=1787267
[sao-listener] single-flow mode: attached worker; stopping ss scans
[sao-listener flow 1] cport=23700 cc=astraea worker active
[sao-listener] new flow 1 10.0.0.1:23100->10.0.0.3:5202 cc=astraea pid=1786417 child=1787399
[sao-listener] single-flow mode: attached worker; stopping ss scans
[sao-listener flow 1] cport=23100 cc=astraea worker active
[sao-listener] new flow 1 10.0.0.1:23600->10.0.0.3:5207 cc=astraea pid=1786514 child=1787474
[sao-listener] single-flow mode: attached worker; stopping ss scans
[sao-listener flow 1] cport=23600 cc=astraea worker active
[sao-listener] new flow 1 10.0.0.1:23200->10.0.0.3:5203 cc=astraea pid=1786501 child=1787476
[sao-listener] single-flow mode: attached worker; stopping ss scans
[sao-listener flow 1] cport=23200 cc=astraea worker active
[sao-listener] new flow 1 10.0.0.1:23400->10.0.0.3:5205 cc=astraea pid=1785898 child=1787627
[sao-listener] single-flow mode: attached worker; stopping ss scans
[sao-listener flow 1] cport=23400 cc=astraea worker active
[sao-listener] new flow 1 10.0.0.1:23300->10.0.0.3:5204 cc=astraea pid=1786520 child=1787682
[sao-listener flow 1] cport=23300 cc=astraea worker active
[sao-listener] single-flow mode: attached worker; stopping ss scans
[worker cport=23800 agent=0] loaded checkpoint step=17958
[worker alg=ma_dreamer reward=tempest_fairness_ma cport=23800 agent=0 group=slot8_ep11 flow=1] started interval=20ms det=1 latent=8x8
[sao-listener] new flow 1 10.0.0.1:23500->10.0.0.3:5206 cc=astraea pid=1785929 child=1787874
[sao-listener] single-flow mode: attached worker; stopping ss scans
[sao-listener flow 1] cport=23500 cc=astraea worker active
[worker cport=23700 agent=0] loaded checkpoint step=17958
[worker alg=ma_dreamer reward=tempest_fairness_ma cport=23700 agent=0 group=slot7_ep15 flow=1] started interval=20ms det=1 latent=8x8
[sao-listener] new flow 1 10.0.0.1:23900->10.0.0.3:5210 cc=astraea pid=1785950 child=1788050
[sao-listener] single-flow mode: attached worker; stopping ss scans
[sao-listener flow 1] cport=23900 cc=astraea worker active
[sao-listener] new flow 1 10.0.0.1:23000->10.0.0.3:5201 cc=astraea pid=1786687 child=1788115
[sao-listener] single-flow mode: attached worker; stopping ss scans
[sao-listener flow 1] cport=23000 cc=astraea worker active
[worker cport=23100 agent=0] loaded checkpoint step=17958
[worker alg=ma_dreamer reward=tempest_fairness_ma cport=23100 agent=0 group=slot1_ep16 flow=1] started interval=20ms det=1 latent=8x8
[worker cport=23600 agent=0] loaded checkpoint step=17958
[worker alg=ma_dreamer reward=tempest_fairness_ma cport=23600 agent=0 group=slot6_ep17 flow=1] started interval=20ms det=1 latent=8x8
[worker cport=23200 agent=0] loaded checkpoint step=17958
[worker alg=ma_dreamer reward=tempest_fairness_ma cport=23200 agent=0 group=slot2_ep18 flow=1] started interval=20ms det=1 latent=8x8
[worker cport=23300 agent=0] loaded checkpoint step=17958
[worker alg=ma_dreamer reward=tempest_fairness_ma cport=23300 agent=0 group=slot3_ep19 flow=1] started interval=20ms det=1 latent=8x8
[worker cport=23400 agent=0] loaded checkpoint step=17958
[worker alg=ma_dreamer reward=tempest_fairness_ma cport=23400 agent=0 group=slot4_ep12 flow=1] started interval=20ms det=1 latent=8x8
[worker cport=23500 agent=0] loaded checkpoint step=17958
[worker alg=ma_dreamer reward=tempest_fairness_ma cport=23500 agent=0 group=slot5_ep13 flow=1] started interval=20ms det=1 latent=8x8
[worker cport=23000 agent=0] loaded checkpoint step=17958
[worker alg=ma_dreamer reward=tempest_fairness_ma cport=23000 agent=0 group=slot0_ep20 flow=1] started interval=20ms det=1 latent=8x8
[worker cport=23900 agent=0] loaded checkpoint step=17958
[worker alg=ma_dreamer reward=tempest_fairness_ma cport=23900 agent=0 group=slot9_ep14 flow=1] started interval=20ms det=1 latent=8x8
[orch] link change t=15.0s bw=69 delay=67
[orch] link change t=15.0s bw=94 delay=77
[orch] link change t=15.0s bw=97 delay=97
[orch] link change t=15.0s bw=99 delay=93
[orch] link change t=15.0s bw=76 delay=14
[orch] link change t=15.0s bw=71 delay=46
[orch] link change t=15.0s bw=94 delay=67
[orch] link change t=15.0s bw=48 delay=56
[orch] link change t=15.0s bw=76 delay=25
[orch] link change t=15.0s bw=43 delay=96
[orch] link change t=30.0s bw=75 delay=85
[orch] link change t=30.0s bw=95 delay=54
[orch] link change t=30.0s bw=33 delay=93
[orch] link change t=30.0s bw=77 delay=41
[orch] link change t=30.0s bw=30 delay=40
[orch] link change t=30.0s bw=63 delay=39
[orch] link change t=30.0s bw=52 delay=40
[orch] link change t=30.0s bw=47 delay=32
[orch] link change t=30.0s bw=75 delay=35
[orch] link change t=30.0s bw=91 delay=22
[orch] link change t=45.0s bw=34 delay=33
[orch] link change t=45.0s bw=28 delay=58
[orch] link change t=45.0s bw=39 delay=95
[orch] link change t=45.0s bw=44 delay=42
[orch] link change t=45.0s bw=12 delay=17
[orch] link change t=45.0s bw=67 delay=10
[orch] link change t=45.0s bw=35 delay=72
[orch] link change t=45.0s bw=100 delay=100
[orch] link change t=45.0s bw=60 delay=54
[orch] link change t=45.0s bw=51 delay=83
[sao-listener] new flow 1 10.0.0.2:23801->10.0.0.4:5209 cc=astraea pid=1801846 child=1802237
[sao-listener] single-flow mode: attached worker; stopping ss scans
[sao-listener flow 1] cport=23801 cc=astraea worker active
[sao-listener] new flow 1 10.0.0.2:23701->10.0.0.4:5208 cc=astraea pid=1802150 child=1802356
[sao-listener] single-flow mode: attached worker; stopping ss scans
[sao-listener flow 1] cport=23701 cc=astraea worker active
[sao-listener] new flow 1 10.0.0.2:23201->10.0.0.4:5203 cc=astraea pid=1802167 child=1802442
[sao-listener] single-flow mode: attached worker; stopping ss scans
[sao-listener flow 1] cport=23201 cc=astraea worker active
[sao-listener] new flow 1 10.0.0.2:23101->10.0.0.4:5202 cc=astraea pid=1802161 child=1802496
[sao-listener] single-flow mode: attached worker; stopping ss scans
[sao-listener flow 1] cport=23101 cc=astraea worker active
[sao-listener] new flow 1 10.0.0.2:23401->10.0.0.4:5205 cc=astraea pid=1802053 child=1802584
[sao-listener] single-flow mode: attached worker; stopping ss scans
[sao-listener flow 1] cport=23401 cc=astraea worker active
[sao-listener] new flow 1 10.0.0.2:23601->10.0.0.4:5207 cc=astraea pid=1802170 child=1802586
[sao-listener] single-flow mode: attached worker; stopping ss scans
[sao-listener flow 1] cport=23601 cc=astraea worker active
[sao-listener] new flow 1 10.0.0.2:23301->10.0.0.4:5204 cc=astraea pid=1802173 child=1802590
[sao-listener] single-flow mode: attached worker; stopping ss scans
[sao-listener flow 1] cport=23301 cc=astraea worker active
[sao-listener] new flow 1 10.0.0.2:23501->10.0.0.4:5206 cc=astraea pid=1802063 child=1802796
[sao-listener] single-flow mode: attached worker; stopping ss scans
[sao-listener flow 1] cport=23501 cc=astraea worker active
[worker cport=23801 agent=1] loaded checkpoint step=17958
[worker alg=ma_dreamer reward=tempest_fairness_ma cport=23801 agent=1 group=slot8_ep11 flow=1] started interval=20ms det=1 latent=8x8
[sao-listener] new flow 1 10.0.0.2:23001->10.0.0.4:5201 cc=astraea pid=1802199 child=1802854
[sao-listener] single-flow mode: attached worker; stopping ss scans
[sao-listener flow 1] cport=23001 cc=astraea worker active
[worker cport=23701 agent=1] loaded checkpoint step=17958
[worker alg=ma_dreamer reward=tempest_fairness_ma cport=23701 agent=1 group=slot7_ep15 flow=1] started interval=20ms det=1 latent=8x8
[sao-listener] new flow 1 10.0.0.2:23901->10.0.0.4:5210 cc=astraea pid=1802074 child=1803004
[sao-listener] single-flow mode: attached worker; stopping ss scans
[sao-listener flow 1] cport=23901 cc=astraea worker active
[worker cport=23201 agent=1] loaded checkpoint step=17958
[worker alg=ma_dreamer reward=tempest_fairness_ma cport=23201 agent=1 group=slot2_ep18 flow=1] started interval=20ms det=1 latent=8x8
[worker cport=23101 agent=1] loaded checkpoint step=17958
[worker alg=ma_dreamer reward=tempest_fairness_ma cport=23101 agent=1 group=slot1_ep16 flow=1] started interval=20ms det=1 latent=8x8
[worker cport=23401 agent=1] loaded checkpoint step=17958
[worker alg=ma_dreamer reward=tempest_fairness_ma cport=23401 agent=1 group=slot4_ep12 flow=1] started interval=20ms det=1 latent=8x8
[worker cport=23601 agent=1] loaded checkpoint step=17958
[worker alg=ma_dreamer reward=tempest_fairness_ma cport=23601 agent=1 group=slot6_ep17 flow=1] started interval=20ms det=1 latent=8x8
[worker cport=23301 agent=1] loaded checkpoint step=17958
[worker alg=ma_dreamer reward=tempest_fairness_ma cport=23301 agent=1 group=slot3_ep19 flow=1] started interval=20ms det=1 latent=8x8
[worker cport=23501 agent=1] loaded checkpoint step=17958
[worker alg=ma_dreamer reward=tempest_fairness_ma cport=23501 agent=1 group=slot5_ep13 flow=1] started interval=20ms det=1 latent=8x8
[worker cport=23001 agent=1] loaded checkpoint step=17958
[worker alg=ma_dreamer reward=tempest_fairness_ma cport=23001 agent=1 group=slot0_ep20 flow=1] started interval=20ms det=1 latent=8x8
[worker cport=23901 agent=1] loaded checkpoint step=17958
[worker alg=ma_dreamer reward=tempest_fairness_ma cport=23901 agent=1 group=slot9_ep14 flow=1] started interval=20ms det=1 latent=8x8
[orch] link change t=60.0s bw=75 delay=70
[orch] link change t=60.0s bw=11 delay=57
[orch] link change t=60.0s bw=28 delay=38
[orch] link change t=60.0s bw=47 delay=19
[orch] link change t=60.0s bw=97 delay=28
[orch] link change t=60.0s bw=62 delay=94
[orch] link change t=60.0s bw=90 delay=73
[orch] link change t=60.0s bw=79 delay=94
[orch] link change t=60.0s bw=77 delay=47
[orch] link change t=60.0s bw=31 delay=13
[orch] link change t=75.0s bw=90 delay=88
[orch] link change t=75.0s bw=71 delay=45
[orch] link change t=75.0s bw=92 delay=33
[orch] link change t=75.0s bw=94 delay=67
[orch] link change t=75.0s bw=98 delay=57
[orch] link change t=75.0s bw=43 delay=40
[orch] link change t=75.0s bw=33 delay=71
[orch] link change t=75.0s bw=45 delay=24
[orch] link change t=75.0s bw=84 delay=28
[orch] link change t=75.0s bw=62 delay=62
[orch] link change t=90.0s bw=33 delay=22
[orch] link change t=90.0s bw=92 delay=68
[orch] link change t=90.0s bw=26 delay=19
[orch] link change t=90.0s bw=48 delay=69
[orch] link change t=90.0s bw=40 delay=24
[orch] link change t=90.0s bw=91 delay=38
[orch] link change t=90.0s bw=47 delay=68
[orch] link change t=90.0s bw=13 delay=41
[orch] link change t=90.0s bw=86 delay=43
[orch] link change t=90.0s bw=19 delay=23
[orch] link change t=105.0s bw=67 delay=48
[orch] link change t=105.0s bw=98 delay=86
[orch] link change t=105.0s bw=78 delay=37
[orch] link change t=105.0s bw=97 delay=60
[orch] link change t=105.0s bw=53 delay=69
[orch] link change t=105.0s bw=11 delay=47
[orch] link change t=105.0s bw=43 delay=35
[orch] link change t=105.0s bw=59 delay=63
[orch] link change t=105.0s bw=23 delay=43
[orch] link change t=105.0s bw=26 delay=50
[orch] link change t=120.0s bw=28 delay=21
[orch] link change t=120.0s bw=39 delay=81
[orch] link change t=120.0s bw=47 delay=13
[orch] link change t=120.0s bw=60 delay=25
[orch] link change t=120.0s bw=100 delay=55
[orch] link change t=120.0s bw=48 delay=52
[orch] link change t=120.0s bw=42 delay=98
[orch] link change t=120.0s bw=42 delay=74
[orch] link change t=120.0s bw=62 delay=51
[orch] link change t=120.0s bw=70 delay=84
[orch] link change t=135.0s bw=78 delay=98
[orch] link change t=135.0s bw=10 delay=94
[orch] link change t=135.0s bw=65 delay=26
[orch] link change t=135.0s bw=43 delay=38
[orch] link change t=135.0s bw=45 delay=60
[orch] link change t=135.0s bw=95 delay=28
[orch] link change t=135.0s bw=25 delay=51
[orch] link change t=135.0s bw=50 delay=91
[orch] link change t=135.0s bw=44 delay=23
[orch] link change t=135.0s bw=67 delay=62
[orch] link change t=150.0s bw=91 delay=15
[orch] link change t=150.0s bw=89 delay=28
[orch] link change t=150.0s bw=97 delay=87
[orch] link change t=150.0s bw=50 delay=55
[orch] link change t=150.0s bw=43 delay=54
[orch] link change t=150.0s bw=87 delay=49
[orch] link change t=150.0s bw=76 delay=96
[orch] link change t=150.0s bw=97 delay=61
[orch] link change t=150.0s bw=51 delay=49
[orch] link change t=150.0s bw=36 delay=35
[orch] link change t=165.0s bw=86 delay=60
[orch] link change t=165.0s bw=66 delay=57
[orch] link change t=165.0s bw=11 delay=45
[orch] link change t=165.0s bw=43 delay=56
[orch] link change t=165.0s bw=39 delay=36
[orch] link change t=165.0s bw=12 delay=38
[orch] link change t=165.0s bw=32 delay=40
[orch] link change t=165.0s bw=27 delay=80
[orch] link change t=165.0s bw=12 delay=82
[orch] link change t=165.0s bw=50 delay=90
[orch] link change t=180.0s bw=67 delay=93
[orch] link change t=180.0s bw=30 delay=53
[orch] link change t=180.0s bw=28 delay=20
[orch] link change t=180.0s bw=90 delay=90
[orch] link change t=180.0s bw=55 delay=50
[orch] link change t=180.0s bw=87 delay=42
[orch] link change t=180.0s bw=31 delay=40
[orch] link change t=180.0s bw=17 delay=27
[orch] link change t=180.0s bw=89 delay=35
[orch] link change t=180.0s bw=97 delay=52
[orch] link change t=195.0s bw=88 delay=93
[orch] link change t=195.0s bw=36 delay=17
[orch] link change t=195.0s bw=43 delay=67
[orch] link change t=195.0s bw=76 delay=29
[orch] link change t=195.0s bw=38 delay=49
[orch] link change t=195.0s bw=12 delay=29
[orch] link change t=195.0s bw=35 delay=56
[orch] link change t=195.0s bw=35 delay=29
[orch] link change t=195.0s bw=19 delay=35
[orch] link change t=195.0s bw=52 delay=64
[orch] link change t=210.0s bw=30 delay=89
[orch] link change t=210.0s bw=83 delay=35
[orch] link change t=210.0s bw=65 delay=27
[orch] link change t=210.0s bw=30 delay=80
[orch] link change t=210.0s bw=75 delay=63
[orch] link change t=210.0s bw=87 delay=95
[orch] link change t=210.0s bw=83 delay=74
[orch] link change t=210.0s bw=100 delay=78
[orch] link change t=210.0s bw=24 delay=79
[orch] link change t=210.0s bw=21 delay=90
[orch] link change t=225.0s bw=11 delay=77
[orch] link change t=225.0s bw=19 delay=75
[orch] link change t=225.0s bw=42 delay=55
[orch] link change t=225.0s bw=95 delay=94
[orch] link change t=225.0s bw=39 delay=83
[orch] link change t=225.0s bw=90 delay=13
[orch] link change t=225.0s bw=35 delay=96
[orch] link change t=225.0s bw=81 delay=97
[orch] link change t=225.0s bw=68 delay=59
[orch] link change t=225.0s bw=76 delay=72
[orch] link change t=240.0s bw=18 delay=17
[orch] link change t=240.0s bw=97 delay=53
[orch] link change t=240.0s bw=39 delay=72
[orch] link change t=240.0s bw=45 delay=31
[orch] link change t=240.0s bw=68 delay=63
[orch] link change t=240.0s bw=69 delay=68
[orch] link change t=240.0s bw=73 delay=37
[orch] link change t=240.0s bw=36 delay=52
[orch] link change t=240.0s bw=19 delay=22
[orch] link change t=240.0s bw=61 delay=20
[orch] link change t=255.0s bw=14 delay=34
[orch] link change t=255.0s bw=97 delay=61
[orch] link change t=255.0s bw=80 delay=82
[orch] link change t=255.0s bw=11 delay=93
[orch] link change t=255.0s bw=72 delay=20
[orch] link change t=255.0s bw=86 delay=90
[orch] link change t=255.0s bw=48 delay=43
[orch] link change t=255.0s bw=79 delay=25
[orch] link change t=255.0s bw=63 delay=12
[orch] link change t=255.0s bw=36 delay=83
[orch] link change t=270.0s bw=40 delay=86
[orch] link change t=270.0s bw=21 delay=12
[orch] link change t=270.0s bw=64 delay=95
[orch] link change t=270.0s bw=18 delay=25
[orch] link change t=270.0s bw=69 delay=82
[orch] link change t=270.0s bw=100 delay=47
[orch] link change t=270.0s bw=10 delay=53
[orch] link change t=270.0s bw=91 delay=18
[orch] link change t=270.0s bw=22 delay=84
[orch] link change t=270.0s bw=41 delay=14
[orch] link change t=285.0s bw=13 delay=69
[orch] link change t=285.0s bw=17 delay=94
[orch] link change t=285.0s bw=56 delay=65
[orch] link change t=285.0s bw=86 delay=53
[orch] link change t=285.0s bw=56 delay=66
[orch] link change t=285.0s bw=38 delay=49
[orch] link change t=285.0s bw=61 delay=38
[orch] link change t=285.0s bw=49 delay=62
[orch] link change t=285.0s bw=64 delay=60
[orch] link change t=285.0s bw=35 delay=22
[orch] link change t=300.0s bw=51 delay=66
[orch] link change t=300.0s bw=75 delay=38
[orch] link change t=300.0s bw=91 delay=50
[orch] link change t=300.0s bw=13 delay=20
[orch] link change t=300.0s bw=82 delay=50
[orch] link change t=300.0s bw=56 delay=43
[orch] link change t=300.0s bw=61 delay=78
[orch] link change t=300.0s bw=20 delay=74
[orch] link change t=300.0s bw=66 delay=94
[orch] link change t=300.0s bw=20 delay=34
[orch] link change t=315.0s bw=85 delay=35
[orch] link change t=315.0s bw=21 delay=64
[orch] link change t=315.0s bw=93 delay=25
[orch] link change t=315.0s bw=45 delay=36
[orch] link change t=315.0s bw=98 delay=92
[orch] link change t=315.0s bw=63 delay=21
[orch] link change t=315.0s bw=54 delay=85
[orch] link change t=315.0s bw=70 delay=91
[orch] link change t=315.0s bw=48 delay=83
[orch] link change t=315.0s bw=42 delay=98
[orch] link change t=330.0s bw=76 delay=39
[orch] link change t=330.0s bw=66 delay=24
[orch] link change t=330.0s bw=54 delay=86
[orch] link change t=330.0s bw=58 delay=61
[orch] link change t=330.0s bw=67 delay=61
[orch] link change t=330.0s bw=54 delay=73
[orch] link change t=330.0s bw=86 delay=28
[orch] link change t=330.0s bw=83 delay=77
[orch] link change t=330.0s bw=74 delay=30
[orch] link change t=330.0s bw=46 delay=49
[multi_ep_plot] saved -> /its/home/mm2350/extra/Olympusv2/benchmarks/benchmark_responsive_fairness/data/ma_dreamer_20260611-175726/2_flows/run11/ep000011_bw67_d81_n2.pdf  return=564158.1
[ep_plot] ep=11 -> /its/home/mm2350/extra/Olympusv2/benchmarks/benchmark_responsive_fairness/data/ma_dreamer_20260611-175726/2_flows/run11/ep000011_bw67_d81_n2.pdf  return=564158.0625
[orch] ep=11 sum-of-agents return=564158.1
[responsive_fairness] slot=8 ma_dreamer_20260611-175726 flows=2 run=21
[responsive_fairness] ma_dreamer_20260611-175726 flows=2 run=11 done (11/200)
[slot=8] ep=21  flows=2  bw=31Mbps  delay=63ms  duration=345s  delays=[0.0, 45.0]  lifetimes=[345.0, 300.0]
[sao-listener] cport=23800 worker=/its/home/mm2350/extra/Olympusv2/olympus/algorithms/ma_dreamer/worker.py scan=20ms target_cc=astraea single_flow=1 no_state_pipe=1
[sao-listener] cport=23801 worker=/its/home/mm2350/extra/Olympusv2/olympus/algorithms/ma_dreamer/worker.py scan=20ms target_cc=astraea single_flow=1 no_state_pipe=1
[multi_ep_plot] saved -> /its/home/mm2350/extra/Olympusv2/benchmarks/benchmark_responsive_fairness/data/ma_dreamer_20260611-175726/2_flows/run12/ep000012_bw70_d44_n2.pdf  return=585073.6
[ep_plot] ep=12 -> /its/home/mm2350/extra/Olympusv2/benchmarks/benchmark_responsive_fairness/data/ma_dreamer_20260611-175726/2_flows/run12/ep000012_bw70_d44_n2.pdf  return=585073.5625
[orch] ep=12 sum-of-agents return=585073.6
[responsive_fairness] slot=4 ma_dreamer_20260611-175726 flows=2 run=22
[responsive_fairness] ma_dreamer_20260611-175726 flows=2 run=12 done (12/200)
[slot=4] ep=22  flows=2  bw=27Mbps  delay=41ms  duration=345s  delays=[0.0, 45.0]  lifetimes=[345.0, 300.0]
[multi_ep_plot] saved -> /its/home/mm2350/extra/Olympusv2/benchmarks/benchmark_responsive_fairness/data/ma_dreamer_20260611-175726/2_flows/run13/ep000013_bw43_d47_n2.pdf  return=581412.5
[ep_plot] ep=13 -> /its/home/mm2350/extra/Olympusv2/benchmarks/benchmark_responsive_fairness/data/ma_dreamer_20260611-175726/2_flows/run13/ep000013_bw43_d47_n2.pdf  return=581412.5
[orch] ep=13 sum-of-agents return=581412.5
[responsive_fairness] slot=5 ma_dreamer_20260611-175726 flows=2 run=23
[responsive_fairness] ma_dreamer_20260611-175726 flows=2 run=13 done (13/200)
[slot=5] ep=23  flows=2  bw=47Mbps  delay=20ms  duration=345s  delays=[0.0, 45.0]  lifetimes=[345.0, 300.0]
[multi_ep_plot] saved -> /its/home/mm2350/extra/Olympusv2/benchmarks/benchmark_responsive_fairness/data/ma_dreamer_20260611-175726/2_flows/run14/ep000014_bw23_d88_n2.pdf  return=583555.2
[ep_plot] ep=14 -> /its/home/mm2350/extra/Olympusv2/benchmarks/benchmark_responsive_fairness/data/ma_dreamer_20260611-175726/2_flows/run14/ep000014_bw23_d88_n2.pdf  return=583555.15625
[orch] ep=14 sum-of-agents return=583555.2
[responsive_fairness] slot=9 ma_dreamer_20260611-175726 flows=2 run=24
[responsive_fairness] ma_dreamer_20260611-175726 flows=2 run=14 done (14/200)
[sao-listener] cport=23400 worker=/its/home/mm2350/extra/Olympusv2/olympus/algorithms/ma_dreamer/worker.py scan=20ms target_cc=astraea single_flow=1 no_state_pipe=1
[sao-listener] cport=23401 worker=/its/home/mm2350/extra/Olympusv2/olympus/algorithms/ma_dreamer/worker.py scan=20ms target_cc=astraea single_flow=1 no_state_pipe=1
[slot=9] ep=24  flows=2  bw=59Mbps  delay=84ms  duration=345s  delays=[0.0, 45.0]  lifetimes=[345.0, 300.0]
[sao-listener] new flow 1 10.0.0.1:23800->10.0.0.3:5209 cc=astraea pid=1806718 child=1807111
[sao-listener] single-flow mode: attached worker; stopping ss scans
[sao-listener flow 1] cport=23800 cc=astraea worker active
[multi_ep_plot] saved -> /its/home/mm2350/extra/Olympusv2/benchmarks/benchmark_responsive_fairness/data/ma_dreamer_20260611-175726/2_flows/run17/ep000017_bw76_d63_n2.pdf  return=578971.9
[ep_plot] ep=17 -> /its/home/mm2350/extra/Olympusv2/benchmarks/benchmark_responsive_fairness/data/ma_dreamer_20260611-175726/2_flows/run17/ep000017_bw76_d63_n2.pdf  return=578971.90625
[orch] ep=17 sum-of-agents return=578971.9
[responsive_fairness] slot=6 ma_dreamer_20260611-175726 flows=2 run=25
[responsive_fairness] ma_dreamer_20260611-175726 flows=2 run=17 done (15/200)
[sao-listener] cport=23500 worker=/its/home/mm2350/extra/Olympusv2/olympus/algorithms/ma_dreamer/worker.py scan=20ms target_cc=astraea single_flow=1 no_state_pipe=1
[slot=6] ep=25  flows=2  bw=58Mbps  delay=11ms  duration=345s  delays=[0.0, 45.0]  lifetimes=[345.0, 300.0]
[multi_ep_plot] saved -> /its/home/mm2350/extra/Olympusv2/benchmarks/benchmark_responsive_fairness/data/ma_dreamer_20260611-175726/2_flows/run19/ep000019_bw96_d15_n2.pdf  return=604382.6
[ep_plot] ep=19 -> /its/home/mm2350/extra/Olympusv2/benchmarks/benchmark_responsive_fairness/data/ma_dreamer_20260611-175726/2_flows/run19/ep000019_bw96_d15_n2.pdf  return=604382.625
[orch] ep=19 sum-of-agents return=604382.6
[sao-listener] cport=23501 worker=/its/home/mm2350/extra/Olympusv2/olympus/algorithms/ma_dreamer/worker.py scan=20ms target_cc=astraea single_flow=1 no_state_pipe=1
[responsive_fairness] slot=3 ma_dreamer_20260611-175726 flows=2 run=26
[responsive_fairness] ma_dreamer_20260611-175726 flows=2 run=19 done (16/200)
[slot=3] ep=26  flows=2  bw=35Mbps  delay=94ms  duration=345s  delays=[0.0, 45.0]  lifetimes=[345.0, 300.0]
[sao-listener] cport=23900 worker=/its/home/mm2350/extra/Olympusv2/olympus/algorithms/ma_dreamer/worker.py scan=20ms target_cc=astraea single_flow=1 no_state_pipe=1
[sao-listener] cport=23901 worker=/its/home/mm2350/extra/Olympusv2/olympus/algorithms/ma_dreamer/worker.py scan=20ms target_cc=astraea single_flow=1 no_state_pipe=1
[multi_ep_plot] saved -> /its/home/mm2350/extra/Olympusv2/benchmarks/benchmark_responsive_fairness/data/ma_dreamer_20260611-175726/2_flows/run15/ep000015_bw36_d11_n2.pdf  return=633130.2
[ep_plot] ep=15 -> /its/home/mm2350/extra/Olympusv2/benchmarks/benchmark_responsive_fairness/data/ma_dreamer_20260611-175726/2_flows/run15/ep000015_bw36_d11_n2.pdf  return=633130.1875
[orch] ep=15 sum-of-agents return=633130.2
[responsive_fairness] slot=7 ma_dreamer_20260611-175726 flows=2 run=27
[responsive_fairness] ma_dreamer_20260611-175726 flows=2 run=15 done (17/200)
[slot=7] ep=27  flows=2  bw=93Mbps  delay=71ms  duration=345s  delays=[0.0, 45.0]  lifetimes=[345.0, 300.0]
[multi_ep_plot] saved -> /its/home/mm2350/extra/Olympusv2/benchmarks/benchmark_responsive_fairness/data/ma_dreamer_20260611-175726/2_flows/run16/ep000016_bw56_d70_n2.pdf  return=617876.4
[ep_plot] ep=16 -> /its/home/mm2350/extra/Olympusv2/benchmarks/benchmark_responsive_fairness/data/ma_dreamer_20260611-175726/2_flows/run16/ep000016_bw56_d70_n2.pdf  return=617876.375
[orch] ep=16 sum-of-agents return=617876.4
[responsive_fairness] slot=1 ma_dreamer_20260611-175726 flows=2 run=28
[responsive_fairness] ma_dreamer_20260611-175726 flows=2 run=16 done (18/200)
[slot=1] ep=28  flows=2  bw=24Mbps  delay=26ms  duration=345s  delays=[0.0, 45.0]  lifetimes=[345.0, 300.0]
[multi_ep_plot] saved -> /its/home/mm2350/extra/Olympusv2/benchmarks/benchmark_responsive_fairness/data/ma_dreamer_20260611-175726/2_flows/run18/ep000018_bw33_d25_n2.pdf  return=537505.8
[ep_plot] ep=18 -> /its/home/mm2350/extra/Olympusv2/benchmarks/benchmark_responsive_fairness/data/ma_dreamer_20260611-175726/2_flows/run18/ep000018_bw33_d25_n2.pdf  return=537505.828125
[orch] ep=18 sum-of-agents return=537505.8
[responsive_fairness] slot=2 ma_dreamer_20260611-175726 flows=2 run=29
[responsive_fairness] ma_dreamer_20260611-175726 flows=2 run=18 done (19/200)
[slot=2] ep=29  flows=2  bw=80Mbps  delay=19ms  duration=345s  delays=[0.0, 45.0]  lifetimes=[345.0, 300.0]
[sao-listener] cport=23600 worker=/its/home/mm2350/extra/Olympusv2/olympus/algorithms/ma_dreamer/worker.py scan=20ms target_cc=astraea single_flow=1 no_state_pipe=1
[sao-listener] cport=23601 worker=/its/home/mm2350/extra/Olympusv2/olympus/algorithms/ma_dreamer/worker.py scan=20ms target_cc=astraea single_flow=1 no_state_pipe=1
[sao-listener] cport=23300 worker=/its/home/mm2350/extra/Olympusv2/olympus/algorithms/ma_dreamer/worker.py scan=20ms target_cc=astraea single_flow=1 no_state_pipe=1
[sao-listener] cport=23301 worker=/its/home/mm2350/extra/Olympusv2/olympus/algorithms/ma_dreamer/worker.py scan=20ms target_cc=astraea single_flow=1 no_state_pipe=1
[sao-listener] new flow 1 10.0.0.1:23400->10.0.0.3:5205 cc=astraea pid=1807607 child=1808304
[sao-listener] single-flow mode: attached worker; stopping ss scans
[sao-listener flow 1] cport=23400 cc=astraea worker active
[multi_ep_plot] saved -> /its/home/mm2350/extra/Olympusv2/benchmarks/benchmark_responsive_fairness/data/ma_dreamer_20260611-175726/2_flows/run20/ep000020_bw97_d29_n2.pdf  return=573810.7
[ep_plot] ep=20 -> /its/home/mm2350/extra/Olympusv2/benchmarks/benchmark_responsive_fairness/data/ma_dreamer_20260611-175726/2_flows/run20/ep000020_bw97_d29_n2.pdf  return=573810.65625
[orch] ep=20 sum-of-agents return=573810.7
[responsive_fairness] slot=0 ma_dreamer_20260611-175726 flows=2 run=30
[responsive_fairness] ma_dreamer_20260611-175726 flows=2 run=20 done (20/200)
[slot=0] ep=30  flows=2  bw=79Mbps  delay=47ms  duration=345s  delays=[0.0, 45.0]  lifetimes=[345.0, 300.0]
[sao-listener] cport=23700 worker=/its/home/mm2350/extra/Olympusv2/olympus/algorithms/ma_dreamer/worker.py scan=20ms target_cc=astraea single_flow=1 no_state_pipe=1
[sao-listener] cport=23701 worker=/its/home/mm2350/extra/Olympusv2/olympus/algorithms/ma_dreamer/worker.py scan=20ms target_cc=astraea single_flow=1 no_state_pipe=1
[sao-listener] cport=23100 worker=/its/home/mm2350/extra/Olympusv2/olympus/algorithms/ma_dreamer/worker.py scan=20ms target_cc=astraea single_flow=1 no_state_pipe=1
[sao-listener] cport=23101 worker=/its/home/mm2350/extra/Olympusv2/olympus/algorithms/ma_dreamer/worker.py scan=20ms target_cc=astraea single_flow=1 no_state_pipe=1
[worker cport=23800 agent=0] loaded checkpoint step=17958
[worker alg=ma_dreamer reward=tempest_fairness_ma cport=23800 agent=0 group=slot8_ep21 flow=1] started interval=20ms det=1 latent=8x8
[sao-listener] cport=23200 worker=/its/home/mm2350/extra/Olympusv2/olympus/algorithms/ma_dreamer/worker.py scan=20ms target_cc=astraea single_flow=1 no_state_pipe=1
[sao-listener] cport=23201 worker=/its/home/mm2350/extra/Olympusv2/olympus/algorithms/ma_dreamer/worker.py scan=20ms target_cc=astraea single_flow=1 no_state_pipe=1
[sao-listener] cport=23000 worker=/its/home/mm2350/extra/Olympusv2/olympus/algorithms/ma_dreamer/worker.py scan=20ms target_cc=astraea single_flow=1 no_state_pipe=1
[sao-listener] cport=23001 worker=/its/home/mm2350/extra/Olympusv2/olympus/algorithms/ma_dreamer/worker.py scan=20ms target_cc=astraea single_flow=1 no_state_pipe=1
[worker cport=23400 agent=0] loaded checkpoint step=17958
[worker alg=ma_dreamer reward=tempest_fairness_ma cport=23400 agent=0 group=slot4_ep22 flow=1] started interval=20ms det=1 latent=8x8
[sao-listener] new flow 1 10.0.0.1:23600->10.0.0.3:5207 cc=astraea pid=1809449 child=1810131
[sao-listener] single-flow mode: attached worker; stopping ss scans
[sao-listener flow 1] cport=23600 cc=astraea worker active
[sao-listener] new flow 1 10.0.0.1:23500->10.0.0.3:5206 cc=astraea pid=1808207 child=1810149
[sao-listener] single-flow mode: attached worker; stopping ss scans
[sao-listener flow 1] cport=23500 cc=astraea worker active
[sao-listener] new flow 1 10.0.0.1:23300->10.0.0.3:5204 cc=astraea pid=1809604 child=1810362
[sao-listener] single-flow mode: attached worker; stopping ss scans
[sao-listener flow 1] cport=23300 cc=astraea worker active
[sao-listener] new flow 1 10.0.0.1:23900->10.0.0.3:5210 cc=astraea pid=1808460 child=1810478
[sao-listener] single-flow mode: attached worker; stopping ss scans
[sao-listener flow 1] cport=23900 cc=astraea worker active
[sao-listener] new flow 1 10.0.0.1:23700->10.0.0.3:5208 cc=astraea pid=1809895 child=1810574
[sao-listener] single-flow mode: attached worker; stopping ss scans
[sao-listener flow 1] cport=23700 cc=astraea worker active
[sao-listener] new flow 1 10.0.0.1:23100->10.0.0.3:5202 cc=astraea pid=1810018 child=1810830
[sao-listener] single-flow mode: attached worker; stopping ss scans
[sao-listener flow 1] cport=23100 cc=astraea worker active
[worker cport=23600 agent=0] loaded checkpoint step=17958
[worker alg=ma_dreamer reward=tempest_fairness_ma cport=23600 agent=0 group=slot6_ep25 flow=1] started interval=20ms det=1 latent=8x8
[worker cport=23500 agent=0] loaded checkpoint step=17958
[worker alg=ma_dreamer reward=tempest_fairness_ma cport=23500 agent=0 group=slot5_ep23 flow=1] started interval=20ms det=1 latent=8x8
[worker cport=23300 agent=0] loaded checkpoint step=17958
[worker alg=ma_dreamer reward=tempest_fairness_ma cport=23300 agent=0 group=slot3_ep26 flow=1] started interval=20ms det=1 latent=8x8
[sao-listener] new flow 1 10.0.0.1:23200->10.0.0.3:5203 cc=astraea pid=1810237 child=1811020
[sao-listener] single-flow mode: attached worker; stopping ss scans
[sao-listener flow 1] cport=23200 cc=astraea worker active
[worker cport=23900 agent=0] loaded checkpoint step=17958
[worker alg=ma_dreamer reward=tempest_fairness_ma cport=23900 agent=0 group=slot9_ep24 flow=1] started interval=20ms det=1 latent=8x8
[worker cport=23700 agent=0] loaded checkpoint step=17958
[worker alg=ma_dreamer reward=tempest_fairness_ma cport=23700 agent=0 group=slot7_ep27 flow=1] started interval=20ms det=1 latent=8x8
[sao-listener] new flow 1 10.0.0.1:23000->10.0.0.3:5201 cc=astraea pid=1810405 child=1811244
[sao-listener] single-flow mode: attached worker; stopping ss scans
[sao-listener flow 1] cport=23000 cc=astraea worker active
[worker cport=23100 agent=0] loaded checkpoint step=17958
[worker alg=ma_dreamer reward=tempest_fairness_ma cport=23100 agent=0 group=slot1_ep28 flow=1] started interval=20ms det=1 latent=8x8
[worker cport=23200 agent=0] loaded checkpoint step=17958
[worker alg=ma_dreamer reward=tempest_fairness_ma cport=23200 agent=0 group=slot2_ep29 flow=1] started interval=20ms det=1 latent=8x8
[worker cport=23000 agent=0] loaded checkpoint step=17958
[worker alg=ma_dreamer reward=tempest_fairness_ma cport=23000 agent=0 group=slot0_ep30 flow=1] started interval=20ms det=1 latent=8x8
[orch] link change t=15.0s bw=98 delay=63
[orch] link change t=15.0s bw=13 delay=88
[orch] link change t=15.0s bw=12 delay=85
[orch] link change t=15.0s bw=33 delay=37
[orch] link change t=15.0s bw=37 delay=49
[orch] link change t=15.0s bw=36 delay=65
[orch] link change t=15.0s bw=99 delay=45
[orch] link change t=15.0s bw=79 delay=86
[orch] link change t=15.0s bw=54 delay=86
[orch] link change t=15.0s bw=88 delay=13
[orch] link change t=30.0s bw=91 delay=46
[orch] link change t=30.0s bw=67 delay=33
[orch] link change t=30.0s bw=49 delay=64
[orch] link change t=30.0s bw=31 delay=34
[orch] link change t=30.0s bw=91 delay=70
[orch] link change t=30.0s bw=86 delay=79
[orch] link change t=30.0s bw=46 delay=35
[orch] link change t=30.0s bw=32 delay=38
[orch] link change t=30.0s bw=87 delay=46
[orch] link change t=30.0s bw=89 delay=93
[orch] link change t=45.0s bw=71 delay=37
[orch] link change t=45.0s bw=99 delay=25
[orch] link change t=45.0s bw=58 delay=77
[orch] link change t=45.0s bw=31 delay=95
[orch] link change t=45.0s bw=15 delay=42
[orch] link change t=45.0s bw=17 delay=26
[orch] link change t=45.0s bw=19 delay=18
[sao-listener] new flow 1 10.0.0.2:23801->10.0.0.4:5209 cc=astraea pid=1824334 child=1824718
[sao-listener] single-flow mode: attached worker; stopping ss scans
[sao-listener flow 1] cport=23801 cc=astraea worker active
[orch] link change t=45.0s bw=26 delay=91
[sao-listener] new flow 1 10.0.0.2:23401->10.0.0.4:5205 cc=astraea pid=1824531 child=1824799
[sao-listener] single-flow mode: attached worker; stopping ss scans
[sao-listener flow 1] cport=23401 cc=astraea worker active
[orch] link change t=45.0s bw=21 delay=75
[orch] link change t=45.0s bw=36 delay=42
[worker cport=23801 agent=1] loaded checkpoint step=17958
[worker alg=ma_dreamer reward=tempest_fairness_ma cport=23801 agent=1 group=slot8_ep21 flow=1] started interval=20ms det=1 latent=8x8
[worker cport=23401 agent=1] loaded checkpoint step=17958
[worker alg=ma_dreamer reward=tempest_fairness_ma cport=23401 agent=1 group=slot4_ep22 flow=1] started interval=20ms det=1 latent=8x8
[sao-listener] new flow 1 10.0.0.2:23601->10.0.0.4:5207 cc=astraea pid=1824874 child=1825177
[sao-listener] single-flow mode: attached worker; stopping ss scans
[sao-listener flow 1] cport=23601 cc=astraea worker active
[sao-listener] new flow 1 10.0.0.2:23301->10.0.0.4:5204 cc=astraea pid=1824892 child=1825253
[sao-listener] single-flow mode: attached worker; stopping ss scans
[sao-listener flow 1] cport=23301 cc=astraea worker active
[sao-listener] new flow 1 10.0.0.2:23501->10.0.0.4:5206 cc=astraea pid=1824650 child=1825368
[sao-listener] single-flow mode: attached worker; stopping ss scans
[sao-listener flow 1] cport=23501 cc=astraea worker active
[sao-listener] new flow 1 10.0.0.2:23701->10.0.0.4:5208 cc=astraea pid=1824926 child=1825426
[sao-listener] single-flow mode: attached worker; stopping ss scans
[sao-listener flow 1] cport=23701 cc=astraea worker active
[sao-listener] new flow 1 10.0.0.2:23901->10.0.0.4:5210 cc=astraea pid=1824673 child=1825477
[sao-listener] single-flow mode: attached worker; stopping ss scans
[sao-listener flow 1] cport=23901 cc=astraea worker active
[worker cport=23601 agent=1] loaded checkpoint step=17958
[worker alg=ma_dreamer reward=tempest_fairness_ma cport=23601 agent=1 group=slot6_ep25 flow=1] started interval=20ms det=1 latent=8x8
[sao-listener] new flow 1 10.0.0.2:23101->10.0.0.4:5202 cc=astraea pid=1824967 child=1825606
[sao-listener] single-flow mode: attached worker; stopping ss scans
[sao-listener flow 1] cport=23101 cc=astraea worker active
[worker cport=23301 agent=1] loaded checkpoint step=17958
[worker alg=ma_dreamer reward=tempest_fairness_ma cport=23301 agent=1 group=slot3_ep26 flow=1] started interval=20ms det=1 latent=8x8
[worker cport=23501 agent=1] loaded checkpoint step=17958
[worker alg=ma_dreamer reward=tempest_fairness_ma cport=23501 agent=1 group=slot5_ep23 flow=1] started interval=20ms det=1 latent=8x8
[sao-listener] new flow 1 10.0.0.2:23201->10.0.0.4:5203 cc=astraea pid=1824999 child=1825774
[sao-listener] single-flow mode: attached worker; stopping ss scans
[sao-listener flow 1] cport=23201 cc=astraea worker active
[worker cport=23701 agent=1] loaded checkpoint step=17958
[worker alg=ma_dreamer reward=tempest_fairness_ma cport=23701 agent=1 group=slot7_ep27 flow=1] started interval=20ms det=1 latent=8x8
[worker cport=23901 agent=1] loaded checkpoint step=17958
[worker alg=ma_dreamer reward=tempest_fairness_ma cport=23901 agent=1 group=slot9_ep24 flow=1] started interval=20ms det=1 latent=8x8
[sao-listener] new flow 1 10.0.0.2:23001->10.0.0.4:5201 cc=astraea pid=1825081 child=1825923
[sao-listener] single-flow mode: attached worker; stopping ss scans
[sao-listener flow 1] cport=23001 cc=astraea worker active
[worker cport=23101 agent=1] loaded checkpoint step=17958
[worker alg=ma_dreamer reward=tempest_fairness_ma cport=23101 agent=1 group=slot1_ep28 flow=1] started interval=20ms det=1 latent=8x8
[worker cport=23201 agent=1] loaded checkpoint step=17958
[worker alg=ma_dreamer reward=tempest_fairness_ma cport=23201 agent=1 group=slot2_ep29 flow=1] started interval=20ms det=1 latent=8x8
[worker cport=23001 agent=1] loaded checkpoint step=17958
[worker alg=ma_dreamer reward=tempest_fairness_ma cport=23001 agent=1 group=slot0_ep30 flow=1] started interval=20ms det=1 latent=8x8
[orch] link change t=60.0s bw=70 delay=75
[orch] link change t=60.0s bw=93 delay=54
[orch] link change t=60.0s bw=55 delay=26
[orch] link change t=60.0s bw=97 delay=21
[orch] link change t=60.0s bw=14 delay=49
[orch] link change t=60.0s bw=71 delay=15
[orch] link change t=60.0s bw=42 delay=79
[orch] link change t=60.0s bw=69 delay=63
[orch] link change t=60.0s bw=54 delay=60
[orch] link change t=60.0s bw=16 delay=60
[orch] link change t=75.0s bw=33 delay=74
[orch] link change t=75.0s bw=20 delay=39
[orch] link change t=75.0s bw=34 delay=44
[orch] link change t=75.0s bw=100 delay=29
[orch] link change t=75.0s bw=82 delay=64
[orch] link change t=75.0s bw=97 delay=89
[orch] link change t=75.0s bw=52 delay=42
[orch] link change t=75.0s bw=36 delay=37
[orch] link change t=75.0s bw=63 delay=12
[orch] link change t=75.0s bw=58 delay=92
[orch] link change t=90.0s bw=77 delay=40
[orch] link change t=90.0s bw=44 delay=16
[orch] link change t=90.0s bw=66 delay=11
[orch] link change t=90.0s bw=100 delay=46
[orch] link change t=90.0s bw=22 delay=85
[orch] link change t=90.0s bw=74 delay=31
[orch] link change t=90.0s bw=57 delay=61
[orch] link change t=90.0s bw=28 delay=60
[orch] link change t=90.0s bw=14 delay=23
[orch] link change t=90.0s bw=27 delay=20
[orch] link change t=105.0s bw=10 delay=11
[orch] link change t=105.0s bw=50 delay=86
[orch] link change t=105.0s bw=38 delay=89
[orch] link change t=105.0s bw=11 delay=66
[orch] link change t=105.0s bw=25 delay=83
[orch] link change t=105.0s bw=91 delay=64
[orch] link change t=105.0s bw=33 delay=41
[orch] link change t=105.0s bw=30 delay=26
[orch] link change t=105.0s bw=66 delay=93
[orch] link change t=105.0s bw=69 delay=10
[orch] link change t=120.0s bw=57 delay=84
[orch] link change t=120.0s bw=32 delay=80
[orch] link change t=120.0s bw=68 delay=13
[orch] link change t=120.0s bw=69 delay=91
[orch] link change t=120.0s bw=97 delay=35
[orch] link change t=120.0s bw=41 delay=62
[orch] link change t=120.0s bw=40 delay=72
[orch] link change t=120.0s bw=87 delay=34
[orch] link change t=120.0s bw=38 delay=54
[orch] link change t=120.0s bw=76 delay=41
[orch] link change t=135.0s bw=64 delay=18
[orch] link change t=135.0s bw=97 delay=65
[orch] link change t=135.0s bw=23 delay=20
[orch] link change t=135.0s bw=24 delay=13
[orch] link change t=135.0s bw=75 delay=89
[orch] link change t=135.0s bw=35 delay=98
[orch] link change t=135.0s bw=19 delay=91
[orch] link change t=135.0s bw=35 delay=13
[orch] link change t=135.0s bw=20 delay=73
[orch] link change t=135.0s bw=13 delay=19
[orch] link change t=150.0s bw=28 delay=39
[orch] link change t=150.0s bw=100 delay=16
[orch] link change t=150.0s bw=100 delay=73
[orch] link change t=150.0s bw=76 delay=31
[orch] link change t=150.0s bw=50 delay=33
[orch] link change t=150.0s bw=13 delay=95
[orch] link change t=150.0s bw=83 delay=93
[orch] link change t=150.0s bw=62 delay=40
[orch] link change t=150.0s bw=52 delay=87
[orch] link change t=150.0s bw=30 delay=86
[orch] link change t=165.0s bw=39 delay=98
[orch] link change t=165.0s bw=83 delay=12
[orch] link change t=165.0s bw=63 delay=12
[orch] link change t=165.0s bw=72 delay=66
[orch] link change t=165.0s bw=80 delay=55
[orch] link change t=165.0s bw=38 delay=28
[orch] link change t=165.0s bw=20 delay=88
[orch] link change t=165.0s bw=18 delay=22
[orch] link change t=165.0s bw=79 delay=63
[orch] link change t=165.0s bw=77 delay=61
[orch] link change t=180.0s bw=15 delay=65
[orch] link change t=180.0s bw=85 delay=43
[orch] link change t=180.0s bw=75 delay=90
[orch] link change t=180.0s bw=97 delay=48
[orch] link change t=180.0s bw=75 delay=70
[orch] link change t=180.0s bw=26 delay=37
[orch] link change t=180.0s bw=64 delay=63
[orch] link change t=180.0s bw=63 delay=50
[orch] link change t=180.0s bw=35 delay=67
[orch] link change t=180.0s bw=93 delay=54
[orch] link change t=195.0s bw=62 delay=88
[orch] link change t=195.0s bw=49 delay=63
[orch] link change t=195.0s bw=65 delay=55
[orch] link change t=195.0s bw=73 delay=20
[orch] link change t=195.0s bw=77 delay=23
[orch] link change t=195.0s bw=86 delay=71
[orch] link change t=195.0s bw=16 delay=94
[orch] link change t=195.0s bw=99 delay=26
[orch] link change t=195.0s bw=31 delay=38
[orch] link change t=195.0s bw=78 delay=18
[orch] link change t=210.0s bw=66 delay=14
[orch] link change t=210.0s bw=34 delay=33
[orch] link change t=210.0s bw=17 delay=36
[orch] link change t=210.0s bw=97 delay=42
[orch] link change t=210.0s bw=91 delay=96
[orch] link change t=210.0s bw=59 delay=56
[orch] link change t=210.0s bw=66 delay=54
[orch] link change t=210.0s bw=32 delay=74
[orch] link change t=210.0s bw=65 delay=62
[orch] link change t=210.0s bw=61 delay=13
[orch] link change t=225.0s bw=52 delay=79
[orch] link change t=225.0s bw=24 delay=84
[orch] link change t=225.0s bw=14 delay=85
[orch] link change t=225.0s bw=88 delay=30
[orch] link change t=225.0s bw=22 delay=86
[orch] link change t=225.0s bw=41 delay=84
[orch] link change t=225.0s bw=11 delay=92
[orch] link change t=225.0s bw=76 delay=98
[orch] link change t=225.0s bw=96 delay=97
[orch] link change t=225.0s bw=41 delay=82
[orch] link change t=240.0s bw=73 delay=98
[orch] link change t=240.0s bw=77 delay=82
[orch] link change t=240.0s bw=57 delay=94
[orch] link change t=240.0s bw=97 delay=51
[orch] link change t=240.0s bw=84 delay=55
[orch] link change t=240.0s bw=13 delay=13
[orch] link change t=240.0s bw=71 delay=42
[orch] link change t=240.0s bw=94 delay=44
[orch] link change t=240.0s bw=82 delay=77
[orch] link change t=240.0s bw=96 delay=45
[orch] link change t=255.0s bw=24 delay=93
[orch] link change t=255.0s bw=17 delay=99
[orch] link change t=255.0s bw=32 delay=89
[orch] link change t=255.0s bw=49 delay=19
[orch] link change t=255.0s bw=63 delay=55
[orch] link change t=255.0s bw=47 delay=79
[orch] link change t=255.0s bw=27 delay=88
[orch] link change t=255.0s bw=88 delay=39
[orch] link change t=255.0s bw=35 delay=79
[orch] link change t=255.0s bw=64 delay=82
[orch] link change t=270.0s bw=57 delay=12
[orch] link change t=270.0s bw=51 delay=88
[orch] link change t=270.0s bw=37 delay=56
[orch] link change t=270.0s bw=79 delay=93
[orch] link change t=270.0s bw=34 delay=96
[orch] link change t=270.0s bw=78 delay=25
[orch] link change t=270.0s bw=53 delay=88
[orch] link change t=270.0s bw=96 delay=67
[orch] link change t=270.0s bw=96 delay=64
[orch] link change t=270.0s bw=22 delay=96
[orch] link change t=285.0s bw=29 delay=21
[orch] link change t=285.0s bw=52 delay=43
[orch] link change t=285.0s bw=82 delay=57
[orch] link change t=285.0s bw=56 delay=94
[orch] link change t=285.0s bw=30 delay=89
[orch] link change t=285.0s bw=75 delay=15
[orch] link change t=285.0s bw=93 delay=39
[orch] link change t=285.0s bw=26 delay=35
[orch] link change t=285.0s bw=48 delay=45
[orch] link change t=285.0s bw=45 delay=91
[orch] link change t=300.0s bw=25 delay=12
[orch] link change t=300.0s bw=33 delay=60
[orch] link change t=300.0s bw=83 delay=46
[orch] link change t=300.0s bw=14 delay=37
[orch] link change t=300.0s bw=68 delay=19
[orch] link change t=300.0s bw=92 delay=10
[orch] link change t=300.0s bw=100 delay=77
[orch] link change t=300.0s bw=11 delay=46
[orch] link change t=300.0s bw=75 delay=38
[orch] link change t=300.0s bw=81 delay=24
[orch] link change t=315.0s bw=68 delay=30
[orch] link change t=315.0s bw=49 delay=93
[orch] link change t=315.0s bw=94 delay=50
[orch] link change t=315.0s bw=50 delay=53
[orch] link change t=315.0s bw=19 delay=61
[orch] link change t=315.0s bw=69 delay=86
[orch] link change t=315.0s bw=28 delay=22
[orch] link change t=315.0s bw=91 delay=96
[orch] link change t=315.0s bw=62 delay=70
[orch] link change t=315.0s bw=88 delay=73
[orch] link change t=330.0s bw=80 delay=53
[orch] link change t=330.0s bw=75 delay=28
[orch] link change t=330.0s bw=83 delay=20
[orch] link change t=330.0s bw=18 delay=49
[orch] link change t=330.0s bw=82 delay=18
[orch] link change t=330.0s bw=94 delay=81
[orch] link change t=330.0s bw=60 delay=48
[orch] link change t=330.0s bw=43 delay=20
[orch] link change t=330.0s bw=76 delay=28
[orch] link change t=330.0s bw=49 delay=26
[multi_ep_plot] saved -> /its/home/mm2350/extra/Olympusv2/benchmarks/benchmark_responsive_fairness/data/ma_dreamer_20260611-175726/2_flows/run21/ep000021_bw31_d63_n2.pdf  return=541166.7
[ep_plot] ep=21 -> /its/home/mm2350/extra/Olympusv2/benchmarks/benchmark_responsive_fairness/data/ma_dreamer_20260611-175726/2_flows/run21/ep000021_bw31_d63_n2.pdf  return=541166.65625
[orch] ep=21 sum-of-agents return=541166.7
[responsive_fairness] slot=8 ma_dreamer_20260611-175726 flows=2 run=31
[responsive_fairness] ma_dreamer_20260611-175726 flows=2 run=21 done (21/200)
[slot=8] ep=31  flows=2  bw=11Mbps  delay=70ms  duration=345s  delays=[0.0, 45.0]  lifetimes=[345.0, 300.0]
[sao-listener] cport=23800 worker=/its/home/mm2350/extra/Olympusv2/olympus/algorithms/ma_dreamer/worker.py scan=20ms target_cc=astraea single_flow=1 no_state_pipe=1
[sao-listener] cport=23801 worker=/its/home/mm2350/extra/Olympusv2/olympus/algorithms/ma_dreamer/worker.py scan=20ms target_cc=astraea single_flow=1 no_state_pipe=1
[multi_ep_plot] saved -> /its/home/mm2350/extra/Olympusv2/benchmarks/benchmark_responsive_fairness/data/ma_dreamer_20260611-175726/2_flows/run22/ep000022_bw27_d41_n2.pdf  return=600457.1
[ep_plot] ep=22 -> /its/home/mm2350/extra/Olympusv2/benchmarks/benchmark_responsive_fairness/data/ma_dreamer_20260611-175726/2_flows/run22/ep000022_bw27_d41_n2.pdf  return=600457.09375
[orch] ep=22 sum-of-agents return=600457.1
[responsive_fairness] slot=4 ma_dreamer_20260611-175726 flows=2 run=32
[responsive_fairness] ma_dreamer_20260611-175726 flows=2 run=22 done (22/200)
[slot=4] ep=32  flows=2  bw=19Mbps  delay=37ms  duration=345s  delays=[0.0, 45.0]  lifetimes=[345.0, 300.0]
[sao-listener] cport=23400 worker=/its/home/mm2350/extra/Olympusv2/olympus/algorithms/ma_dreamer/worker.py scan=20ms target_cc=astraea single_flow=1 no_state_pipe=1
[sao-listener] cport=23401 worker=/its/home/mm2350/extra/Olympusv2/olympus/algorithms/ma_dreamer/worker.py scan=20ms target_cc=astraea single_flow=1 no_state_pipe=1
[multi_ep_plot] saved -> /its/home/mm2350/extra/Olympusv2/benchmarks/benchmark_responsive_fairness/data/ma_dreamer_20260611-175726/2_flows/run23/ep000023_bw47_d20_n2.pdf  return=604200.1
[ep_plot] ep=23 -> /its/home/mm2350/extra/Olympusv2/benchmarks/benchmark_responsive_fairness/data/ma_dreamer_20260611-175726/2_flows/run23/ep000023_bw47_d20_n2.pdf  return=604200.0625
[orch] ep=23 sum-of-agents return=604200.1
[responsive_fairness] slot=5 ma_dreamer_20260611-175726 flows=2 run=33
[responsive_fairness] ma_dreamer_20260611-175726 flows=2 run=23 done (23/200)
[slot=5] ep=33  flows=2  bw=83Mbps  delay=31ms  duration=345s  delays=[0.0, 45.0]  lifetimes=[345.0, 300.0]
[multi_ep_plot] saved -> /its/home/mm2350/extra/Olympusv2/benchmarks/benchmark_responsive_fairness/data/ma_dreamer_20260611-175726/2_flows/run24/ep000024_bw59_d84_n2.pdf  return=601966.1
[ep_plot] ep=24 -> /its/home/mm2350/extra/Olympusv2/benchmarks/benchmark_responsive_fairness/data/ma_dreamer_20260611-175726/2_flows/run24/ep000024_bw59_d84_n2.pdf  return=601966.125
[orch] ep=24 sum-of-agents return=601966.1
[responsive_fairness] slot=9 ma_dreamer_20260611-175726 flows=2 run=34
[responsive_fairness] ma_dreamer_20260611-175726 flows=2 run=24 done (24/200)
[slot=9] ep=34  flows=2  bw=77Mbps  delay=55ms  duration=345s  delays=[0.0, 45.0]  lifetimes=[345.0, 300.0]
[sao-listener] new flow 1 10.0.0.1:23800->10.0.0.3:5209 cc=astraea pid=1829645 child=1830014
[sao-listener] single-flow mode: attached worker; stopping ss scans
[sao-listener flow 1] cport=23800 cc=astraea worker active
[sao-listener] cport=23500 worker=/its/home/mm2350/extra/Olympusv2/olympus/algorithms/ma_dreamer/worker.py scan=20ms target_cc=astraea single_flow=1 no_state_pipe=1
[sao-listener] cport=23501 worker=/its/home/mm2350/extra/Olympusv2/olympus/algorithms/ma_dreamer/worker.py scan=20ms target_cc=astraea single_flow=1 no_state_pipe=1
[multi_ep_plot] saved -> /its/home/mm2350/extra/Olympusv2/benchmarks/benchmark_responsive_fairness/data/ma_dreamer_20260611-175726/2_flows/run25/ep000025_bw58_d11_n2.pdf  return=599064.9
[ep_plot] ep=25 -> /its/home/mm2350/extra/Olympusv2/benchmarks/benchmark_responsive_fairness/data/ma_dreamer_20260611-175726/2_flows/run25/ep000025_bw58_d11_n2.pdf  return=599064.875
[orch] ep=25 sum-of-agents return=599064.9
[responsive_fairness] ma_dreamer_20260611-175726 flows=2 run=25 done (25/200)
[responsive_fairness] slot=6 ma_dreamer_20260611-175726 flows=2 run=35
[slot=6] ep=35  flows=2  bw=80Mbps  delay=52ms  duration=345s  delays=[0.0, 45.0]  lifetimes=[345.0, 300.0]
[sao-listener] cport=23900 worker=/its/home/mm2350/extra/Olympusv2/olympus/algorithms/ma_dreamer/worker.py scan=20ms target_cc=astraea single_flow=1 no_state_pipe=1
[multi_ep_plot] saved -> /its/home/mm2350/extra/Olympusv2/benchmarks/benchmark_responsive_fairness/data/ma_dreamer_20260611-175726/2_flows/run26/ep000026_bw35_d94_n2.pdf  return=590893.7
[ep_plot] ep=26 -> /its/home/mm2350/extra/Olympusv2/benchmarks/benchmark_responsive_fairness/data/ma_dreamer_20260611-175726/2_flows/run26/ep000026_bw35_d94_n2.pdf  return=590893.71875
[orch] ep=26 sum-of-agents return=590893.7
[sao-listener] cport=23901 worker=/its/home/mm2350/extra/Olympusv2/olympus/algorithms/ma_dreamer/worker.py scan=20ms target_cc=astraea single_flow=1 no_state_pipe=1
[responsive_fairness] slot=3 ma_dreamer_20260611-175726 flows=2 run=36
[responsive_fairness] ma_dreamer_20260611-175726 flows=2 run=26 done (26/200)
[slot=3] ep=36  flows=2  bw=52Mbps  delay=17ms  duration=345s  delays=[0.0, 45.0]  lifetimes=[345.0, 300.0]
[sao-listener] new flow 1 10.0.0.1:23400->10.0.0.3:5205 cc=astraea pid=1830148 child=1830481
[sao-listener] single-flow mode: attached worker; stopping ss scans
[sao-listener flow 1] cport=23400 cc=astraea worker active
[multi_ep_plot] saved -> /its/home/mm2350/extra/Olympusv2/benchmarks/benchmark_responsive_fairness/data/ma_dreamer_20260611-175726/2_flows/run27/ep000027_bw93_d71_n2.pdf  return=557798.8
[ep_plot] ep=27 -> /its/home/mm2350/extra/Olympusv2/benchmarks/benchmark_responsive_fairness/data/ma_dreamer_20260611-175726/2_flows/run27/ep000027_bw93_d71_n2.pdf  return=557798.78125
[orch] ep=27 sum-of-agents return=557798.8
[responsive_fairness] slot=7 ma_dreamer_20260611-175726 flows=2 run=37
[responsive_fairness] ma_dreamer_20260611-175726 flows=2 run=27 done (27/200)
[slot=7] ep=37  flows=2  bw=97Mbps  delay=87ms  duration=345s  delays=[0.0, 45.0]  lifetimes=[345.0, 300.0]
[sao-listener] cport=23600 worker=/its/home/mm2350/extra/Olympusv2/olympus/algorithms/ma_dreamer/worker.py scan=20ms target_cc=astraea single_flow=1 no_state_pipe=1
[sao-listener] cport=23601 worker=/its/home/mm2350/extra/Olympusv2/olympus/algorithms/ma_dreamer/worker.py scan=20ms target_cc=astraea single_flow=1 no_state_pipe=1
[sao-listener] cport=23300 worker=/its/home/mm2350/extra/Olympusv2/olympus/algorithms/ma_dreamer/worker.py scan=20ms target_cc=astraea single_flow=1 no_state_pipe=1
[sao-listener] cport=23301 worker=/its/home/mm2350/extra/Olympusv2/olympus/algorithms/ma_dreamer/worker.py scan=20ms target_cc=astraea single_flow=1 no_state_pipe=1
[multi_ep_plot] saved -> /its/home/mm2350/extra/Olympusv2/benchmarks/benchmark_responsive_fairness/data/ma_dreamer_20260611-175726/2_flows/run29/ep000029_bw80_d19_n2.pdf  return=595118.8
[ep_plot] ep=29 -> /its/home/mm2350/extra/Olympusv2/benchmarks/benchmark_responsive_fairness/data/ma_dreamer_20260611-175726/2_flows/run29/ep000029_bw80_d19_n2.pdf  return=595118.8125
[orch] ep=29 sum-of-agents return=595118.8
[responsive_fairness] slot=2 ma_dreamer_20260611-175726 flows=2 run=38
[responsive_fairness] ma_dreamer_20260611-175726 flows=2 run=29 done (28/200)
[worker cport=23800 agent=0] loaded checkpoint step=17958
[worker alg=ma_dreamer reward=tempest_fairness_ma cport=23800 agent=0 group=slot8_ep31 flow=1] started interval=20ms det=1 latent=8x8
[slot=2] ep=38  flows=2  bw=91Mbps  delay=63ms  duration=345s  delays=[0.0, 45.0]  lifetimes=[345.0, 300.0]
[multi_ep_plot] saved -> /its/home/mm2350/extra/Olympusv2/benchmarks/benchmark_responsive_fairness/data/ma_dreamer_20260611-175726/2_flows/run28/ep000028_bw24_d26_n2.pdf  return=598497.7
[ep_plot] ep=28 -> /its/home/mm2350/extra/Olympusv2/benchmarks/benchmark_responsive_fairness/data/ma_dreamer_20260611-175726/2_flows/run28/ep000028_bw24_d26_n2.pdf  return=598497.65625
[orch] ep=28 sum-of-agents return=598497.7
[responsive_fairness] slot=1 ma_dreamer_20260611-175726 flows=2 run=39
[responsive_fairness] ma_dreamer_20260611-175726 flows=2 run=28 done (29/200)
[slot=1] ep=39  flows=2  bw=36Mbps  delay=43ms  duration=345s  delays=[0.0, 45.0]  lifetimes=[345.0, 300.0]
[sao-listener] cport=23700 worker=/its/home/mm2350/extra/Olympusv2/olympus/algorithms/ma_dreamer/worker.py scan=20ms target_cc=astraea single_flow=1 no_state_pipe=1
[sao-listener] cport=23701 worker=/its/home/mm2350/extra/Olympusv2/olympus/algorithms/ma_dreamer/worker.py scan=20ms target_cc=astraea single_flow=1 no_state_pipe=1
[multi_ep_plot] saved -> /its/home/mm2350/extra/Olympusv2/benchmarks/benchmark_responsive_fairness/data/ma_dreamer_20260611-175726/2_flows/run30/ep000030_bw79_d47_n2.pdf  return=573780.5
[ep_plot] ep=30 -> /its/home/mm2350/extra/Olympusv2/benchmarks/benchmark_responsive_fairness/data/ma_dreamer_20260611-175726/2_flows/run30/ep000030_bw79_d47_n2.pdf  return=573780.5
[orch] ep=30 sum-of-agents return=573780.5
[responsive_fairness] slot=0 ma_dreamer_20260611-175726 flows=2 run=40
[responsive_fairness] ma_dreamer_20260611-175726 flows=2 run=30 done (30/200)
[slot=0] ep=40  flows=2  bw=68Mbps  delay=84ms  duration=345s  delays=[0.0, 45.0]  lifetimes=[345.0, 300.0]
[worker cport=23400 agent=0] loaded checkpoint step=17958
[worker alg=ma_dreamer reward=tempest_fairness_ma cport=23400 agent=0 group=slot4_ep32 flow=1] started interval=20ms det=1 latent=8x8
[sao-listener] new flow 1 10.0.0.1:23500->10.0.0.3:5206 cc=astraea pid=1830578 child=1832049
[sao-listener] single-flow mode: attached worker; stopping ss scans
[sao-listener flow 1] cport=23500 cc=astraea worker active
[sao-listener] cport=23200 worker=/its/home/mm2350/extra/Olympusv2/olympus/algorithms/ma_dreamer/worker.py scan=20ms target_cc=astraea single_flow=1 no_state_pipe=1
[sao-listener] cport=23201 worker=/its/home/mm2350/extra/Olympusv2/olympus/algorithms/ma_dreamer/worker.py scan=20ms target_cc=astraea single_flow=1 no_state_pipe=1
[sao-listener] cport=23100 worker=/its/home/mm2350/extra/Olympusv2/olympus/algorithms/ma_dreamer/worker.py scan=20ms target_cc=astraea single_flow=1 no_state_pipe=1
[sao-listener] cport=23101 worker=/its/home/mm2350/extra/Olympusv2/olympus/algorithms/ma_dreamer/worker.py scan=20ms target_cc=astraea single_flow=1 no_state_pipe=1
[sao-listener] cport=23000 worker=/its/home/mm2350/extra/Olympusv2/olympus/algorithms/ma_dreamer/worker.py scan=20ms target_cc=astraea single_flow=1 no_state_pipe=1
[sao-listener] cport=23001 worker=/its/home/mm2350/extra/Olympusv2/olympus/algorithms/ma_dreamer/worker.py scan=20ms target_cc=astraea single_flow=1 no_state_pipe=1
[sao-listener] new flow 1 10.0.0.1:23600->10.0.0.3:5207 cc=astraea pid=1831978 child=1832911
[sao-listener] single-flow mode: attached worker; stopping ss scans
[sao-listener flow 1] cport=23600 cc=astraea worker active
[sao-listener] new flow 1 10.0.0.1:23300->10.0.0.3:5204 cc=astraea pid=1832060 child=1833015
[sao-listener] single-flow mode: attached worker; stopping ss scans
[sao-listener flow 1] cport=23300 cc=astraea worker active
[sao-listener] new flow 1 10.0.0.1:23900->10.0.0.3:5210 cc=astraea pid=1831116 child=1833117
[sao-listener] single-flow mode: attached worker; stopping ss scans
[sao-listener flow 1] cport=23900 cc=astraea worker active
[worker cport=23500 agent=0] loaded checkpoint step=17958
[worker alg=ma_dreamer reward=tempest_fairness_ma cport=23500 agent=0 group=slot5_ep33 flow=1] started interval=20ms det=1 latent=8x8
[sao-listener] new flow 1 10.0.0.1:23700->10.0.0.3:5208 cc=astraea pid=1832383 child=1833344
[sao-listener] single-flow mode: attached worker; stopping ss scans
[sao-listener flow 1] cport=23700 cc=astraea worker active
[worker cport=23600 agent=0] loaded checkpoint step=17958
[worker alg=ma_dreamer reward=tempest_fairness_ma cport=23600 agent=0 group=slot6_ep35 flow=1] started interval=20ms det=1 latent=8x8
[worker cport=23300 agent=0] loaded checkpoint step=17958
[worker alg=ma_dreamer reward=tempest_fairness_ma cport=23300 agent=0 group=slot3_ep36 flow=1] started interval=20ms det=1 latent=8x8
[sao-listener] new flow 1 10.0.0.1:23200->10.0.0.3:5203 cc=astraea pid=1833009 child=1833749
[sao-listener] single-flow mode: attached worker; stopping ss scans
[sao-listener flow 1] cport=23200 cc=astraea worker active
[worker cport=23900 agent=0] loaded checkpoint step=17958
[worker alg=ma_dreamer reward=tempest_fairness_ma cport=23900 agent=0 group=slot9_ep34 flow=1] started interval=20ms det=1 latent=8x8
[sao-listener] new flow 1 10.0.0.1:23100->10.0.0.3:5202 cc=astraea pid=1833088 child=1833913
[sao-listener] single-flow mode: attached worker; stopping ss scans
[sao-listener flow 1] cport=23100 cc=astraea worker active
[worker cport=23700 agent=0] loaded checkpoint step=17958
[worker alg=ma_dreamer reward=tempest_fairness_ma cport=23700 agent=0 group=slot7_ep37 flow=1] started interval=20ms det=1 latent=8x8
[sao-listener] new flow 1 10.0.0.1:23000->10.0.0.3:5201 cc=astraea pid=1833230 child=1834057
[sao-listener] single-flow mode: attached worker; stopping ss scans
[sao-listener flow 1] cport=23000 cc=astraea worker active
[worker cport=23200 agent=0] loaded checkpoint step=17958
[worker alg=ma_dreamer reward=tempest_fairness_ma cport=23200 agent=0 group=slot2_ep38 flow=1] started interval=20ms det=1 latent=8x8
[worker cport=23100 agent=0] loaded checkpoint step=17958
[worker alg=ma_dreamer reward=tempest_fairness_ma cport=23100 agent=0 group=slot1_ep39 flow=1] started interval=20ms det=1 latent=8x8
[worker cport=23000 agent=0] loaded checkpoint step=17958
[worker alg=ma_dreamer reward=tempest_fairness_ma cport=23000 agent=0 group=slot0_ep40 flow=1] started interval=20ms det=1 latent=8x8
[orch] link change t=15.0s bw=24 delay=60
[orch] link change t=15.0s bw=28 delay=48
[orch] link change t=15.0s bw=90 delay=39
[orch] link change t=15.0s bw=84 delay=13
[orch] link change t=15.0s bw=26 delay=53
[orch] link change t=15.0s bw=12 delay=46
[orch] link change t=15.0s bw=21 delay=89
[orch] link change t=15.0s bw=64 delay=23
[orch] link change t=15.0s bw=59 delay=13
[orch] link change t=15.0s bw=77 delay=14
[orch] link change t=30.0s bw=28 delay=97
[orch] link change t=30.0s bw=99 delay=40
[orch] link change t=30.0s bw=45 delay=71
[orch] link change t=30.0s bw=39 delay=13
[orch] link change t=30.0s bw=29 delay=46
[orch] link change t=30.0s bw=20 delay=10
[orch] link change t=30.0s bw=95 delay=91
[orch] link change t=30.0s bw=18 delay=56
[orch] link change t=30.0s bw=34 delay=38
[orch] link change t=30.0s bw=41 delay=46
[orch] link change t=45.0s bw=15 delay=27
[orch] link change t=45.0s bw=73 delay=13
[sao-listener] new flow 1 10.0.0.2:23801->10.0.0.4:5209 cc=astraea pid=1846871 child=1846952
[sao-listener] single-flow mode: attached worker; stopping ss scans
[sao-listener flow 1] cport=23801 cc=astraea worker active
[orch] link change t=45.0s bw=93 delay=78
[orch] link change t=45.0s bw=59 delay=56
[worker cport=23801 agent=1] loaded checkpoint step=17958
[worker alg=ma_dreamer reward=tempest_fairness_ma cport=23801 agent=1 group=slot8_ep31 flow=1] started interval=20ms det=1 latent=8x8
[sao-listener] new flow 1 10.0.0.2:23401->10.0.0.4:5205 cc=astraea pid=1847082 child=1847276
[sao-listener] single-flow mode: attached worker; stopping ss scans
[sao-listener flow 1] cport=23401 cc=astraea worker active
[orch] link change t=45.0s bw=65 delay=42
[orch] link change t=45.0s bw=74 delay=90
[orch] link change t=45.0s bw=75 delay=14
[orch] link change t=45.0s bw=99 delay=69
[orch] link change t=45.0s bw=60 delay=82
[worker cport=23401 agent=1] loaded checkpoint step=17958
[worker alg=ma_dreamer reward=tempest_fairness_ma cport=23401 agent=1 group=slot4_ep32 flow=1] started interval=20ms det=1 latent=8x8
[orch] link change t=45.0s bw=95 delay=91
[sao-listener] new flow 1 10.0.0.2:23501->10.0.0.4:5206 cc=astraea pid=1847211 child=1847780
[sao-listener] single-flow mode: attached worker; stopping ss scans
[sao-listener flow 1] cport=23501 cc=astraea worker active
[sao-listener] new flow 1 10.0.0.2:23601->10.0.0.4:5207 cc=astraea pid=1847500 child=1847838
[sao-listener] single-flow mode: attached worker; stopping ss scans
[sao-listener flow 1] cport=23601 cc=astraea worker active
[sao-listener] new flow 1 10.0.0.2:23301->10.0.0.4:5204 cc=astraea pid=1847511 child=1847912
[sao-listener] single-flow mode: attached worker; stopping ss scans
[sao-listener flow 1] cport=23301 cc=astraea worker active
[sao-listener] new flow 1 10.0.0.2:23901->10.0.0.4:5210 cc=astraea pid=1847387 child=1848006
[sao-listener] single-flow mode: attached worker; stopping ss scans
[sao-listener flow 1] cport=23901 cc=astraea worker active
[sao-listener] new flow 1 10.0.0.2:23701->10.0.0.4:5208 cc=astraea pid=1847609 child=1848080
[sao-listener] single-flow mode: attached worker; stopping ss scans
[sao-listener flow 1] cport=23701 cc=astraea worker active
[worker cport=23501 agent=1] loaded checkpoint step=17958
[worker alg=ma_dreamer reward=tempest_fairness_ma cport=23501 agent=1 group=slot5_ep33 flow=1] started interval=20ms det=1 latent=8x8
[worker cport=23601 agent=1] loaded checkpoint step=17958
[worker alg=ma_dreamer reward=tempest_fairness_ma cport=23601 agent=1 group=slot6_ep35 flow=1] started interval=20ms det=1 latent=8x8
[worker cport=23301 agent=1] loaded checkpoint step=17958
[worker alg=ma_dreamer reward=tempest_fairness_ma cport=23301 agent=1 group=slot3_ep36 flow=1] started interval=20ms det=1 latent=8x8
[worker cport=23901 agent=1] loaded checkpoint step=17958
[worker alg=ma_dreamer reward=tempest_fairness_ma cport=23901 agent=1 group=slot9_ep34 flow=1] started interval=20ms det=1 latent=8x8
[sao-listener] new flow 1 10.0.0.2:23201->10.0.0.4:5203 cc=astraea pid=1847714 child=1848381
[sao-listener] single-flow mode: attached worker; stopping ss scans
[sao-listener flow 1] cport=23201 cc=astraea worker active
[worker cport=23701 agent=1] loaded checkpoint step=17958
[worker alg=ma_dreamer reward=tempest_fairness_ma cport=23701 agent=1 group=slot7_ep37 flow=1] started interval=20ms det=1 latent=8x8
[sao-listener] new flow 1 10.0.0.2:23101->10.0.0.4:5202 cc=astraea pid=1847731 child=1848495
[sao-listener] single-flow mode: attached worker; stopping ss scans
[sao-listener flow 1] cport=23101 cc=astraea worker active
[sao-listener] new flow 1 10.0.0.2:23001->10.0.0.4:5201 cc=astraea pid=1847768 child=1848547
[sao-listener] single-flow mode: attached worker; stopping ss scans
[sao-listener flow 1] cport=23001 cc=astraea worker active
[worker cport=23201 agent=1] loaded checkpoint step=17958
[worker alg=ma_dreamer reward=tempest_fairness_ma cport=23201 agent=1 group=slot2_ep38 flow=1] started interval=20ms det=1 latent=8x8
[worker cport=23101 agent=1] loaded checkpoint step=17958
[worker alg=ma_dreamer reward=tempest_fairness_ma cport=23101 agent=1 group=slot1_ep39 flow=1] started interval=20ms det=1 latent=8x8
[worker cport=23001 agent=1] loaded checkpoint step=17958
[worker alg=ma_dreamer reward=tempest_fairness_ma cport=23001 agent=1 group=slot0_ep40 flow=1] started interval=20ms det=1 latent=8x8
[orch] link change t=60.0s bw=24 delay=78
[orch] link change t=60.0s bw=14 delay=22
[orch] link change t=60.0s bw=77 delay=33
[orch] link change t=60.0s bw=18 delay=64
[orch] link change t=60.0s bw=82 delay=17
[orch] link change t=60.0s bw=32 delay=41
[orch] link change t=60.0s bw=90 delay=57
[orch] link change t=60.0s bw=57 delay=15
[orch] link change t=60.0s bw=10 delay=92
[orch] link change t=60.0s bw=95 delay=36
[orch] link change t=75.0s bw=39 delay=27
[orch] link change t=75.0s bw=51 delay=75
[orch] link change t=75.0s bw=93 delay=88
[orch] link change t=75.0s bw=49 delay=53
[orch] link change t=75.0s bw=77 delay=45
[orch] link change t=75.0s bw=44 delay=93
[orch] link change t=75.0s bw=66 delay=77
[orch] link change t=75.0s bw=87 delay=95
[orch] link change t=75.0s bw=42 delay=96
[orch] link change t=75.0s bw=26 delay=54
[orch] link change t=90.0s bw=28 delay=14
[orch] link change t=90.0s bw=52 delay=17
[orch] link change t=90.0s bw=74 delay=51
[orch] link change t=90.0s bw=22 delay=84
[orch] link change t=90.0s bw=93 delay=56
[orch] link change t=90.0s bw=65 delay=56
[orch] link change t=90.0s bw=23 delay=97
[orch] link change t=90.0s bw=31 delay=85
[orch] link change t=90.0s bw=55 delay=100
[orch] link change t=90.0s bw=45 delay=66
[orch] link change t=105.0s bw=94 delay=17
[orch] link change t=105.0s bw=76 delay=98
[orch] link change t=105.0s bw=97 delay=77
[orch] link change t=105.0s bw=75 delay=29
[orch] link change t=105.0s bw=84 delay=22
[orch] link change t=105.0s bw=81 delay=44
[orch] link change t=105.0s bw=68 delay=86
[orch] link change t=105.0s bw=54 delay=51
[orch] link change t=105.0s bw=32 delay=13
[orch] link change t=105.0s bw=13 delay=77
[orch] link change t=120.0s bw=27 delay=39
[orch] link change t=120.0s bw=70 delay=57
[orch] link change t=120.0s bw=71 delay=66
[orch] link change t=120.0s bw=22 delay=45
[orch] link change t=120.0s bw=56 delay=11
[orch] link change t=120.0s bw=79 delay=19
[orch] link change t=120.0s bw=46 delay=58
[orch] link change t=120.0s bw=44 delay=100
[orch] link change t=120.0s bw=47 delay=96
[orch] link change t=120.0s bw=26 delay=17
[orch] link change t=135.0s bw=78 delay=67
[orch] link change t=135.0s bw=86 delay=10
[orch] link change t=135.0s bw=46 delay=96
[orch] link change t=135.0s bw=54 delay=88
[orch] link change t=135.0s bw=75 delay=11
[orch] link change t=135.0s bw=83 delay=62
[orch] link change t=135.0s bw=64 delay=66
[orch] link change t=135.0s bw=52 delay=89
[orch] link change t=135.0s bw=19 delay=56
[orch] link change t=135.0s bw=92 delay=35
[orch] link change t=150.0s bw=77 delay=62
[orch] link change t=150.0s bw=79 delay=26
[orch] link change t=150.0s bw=91 delay=19
[orch] link change t=150.0s bw=10 delay=29
[orch] link change t=150.0s bw=22 delay=73
[orch] link change t=150.0s bw=72 delay=59
[orch] link change t=150.0s bw=28 delay=16
[orch] link change t=150.0s bw=49 delay=70
[orch] link change t=150.0s bw=11 delay=23
[orch] link change t=150.0s bw=89 delay=100
[orch] link change t=165.0s bw=36 delay=85
[orch] link change t=165.0s bw=77 delay=11
[orch] link change t=165.0s bw=48 delay=62
[orch] link change t=165.0s bw=77 delay=21
[orch] link change t=165.0s bw=57 delay=13
[orch] link change t=165.0s bw=54 delay=60
[orch] link change t=165.0s bw=21 delay=62
[orch] link change t=165.0s bw=84 delay=61
[orch] link change t=165.0s bw=64 delay=54
[orch] link change t=165.0s bw=68 delay=16
[orch] link change t=180.0s bw=21 delay=25
[orch] link change t=180.0s bw=72 delay=35
[orch] link change t=180.0s bw=49 delay=76
[orch] link change t=180.0s bw=17 delay=57
[orch] link change t=180.0s bw=53 delay=96
[orch] link change t=180.0s bw=41 delay=60
[orch] link change t=180.0s bw=19 delay=79
[orch] link change t=180.0s bw=38 delay=88
[orch] link change t=180.0s bw=64 delay=22
[orch] link change t=180.0s bw=32 delay=87
[orch] link change t=195.0s bw=12 delay=61
[orch] link change t=195.0s bw=46 delay=35
[orch] link change t=195.0s bw=73 delay=16
[orch] link change t=195.0s bw=42 delay=80
[orch] link change t=195.0s bw=73 delay=16
[orch] link change t=195.0s bw=31 delay=25
[orch] link change t=195.0s bw=46 delay=56
[orch] link change t=195.0s bw=20 delay=77
[orch] link change t=195.0s bw=60 delay=75
[orch] link change t=195.0s bw=50 delay=24
[orch] link change t=210.0s bw=53 delay=35
[orch] link change t=210.0s bw=67 delay=20
[orch] link change t=210.0s bw=87 delay=96
[orch] link change t=210.0s bw=100 delay=17
[orch] link change t=210.0s bw=12 delay=40
[orch] link change t=210.0s bw=75 delay=73
[orch] link change t=210.0s bw=92 delay=100
[orch] link change t=210.0s bw=72 delay=28
[orch] link change t=210.0s bw=84 delay=48
[orch] link change t=210.0s bw=42 delay=51
[orch] link change t=225.0s bw=36 delay=52
[orch] link change t=225.0s bw=52 delay=25
[orch] link change t=225.0s bw=64 delay=45
[orch] link change t=225.0s bw=59 delay=31
[orch] link change t=225.0s bw=51 delay=20
[orch] link change t=225.0s bw=99 delay=36
[orch] link change t=225.0s bw=65 delay=85
[orch] link change t=225.0s bw=65 delay=77
[orch] link change t=225.0s bw=44 delay=18
[orch] link change t=225.0s bw=28 delay=75
[orch] link change t=240.0s bw=60 delay=56
[orch] link change t=240.0s bw=14 delay=77
[orch] link change t=240.0s bw=50 delay=81
[orch] link change t=240.0s bw=85 delay=91
[orch] link change t=240.0s bw=30 delay=53
[orch] link change t=240.0s bw=77 delay=47
[orch] link change t=240.0s bw=82 delay=56
[orch] link change t=240.0s bw=41 delay=11
[orch] link change t=240.0s bw=68 delay=65
[orch] link change t=240.0s bw=97 delay=76
[orch] link change t=255.0s bw=86 delay=41
[orch] link change t=255.0s bw=24 delay=30
[orch] link change t=255.0s bw=97 delay=41
[orch] link change t=255.0s bw=49 delay=47
[orch] link change t=255.0s bw=31 delay=82
[orch] link change t=255.0s bw=33 delay=72
[orch] link change t=255.0s bw=91 delay=100
[orch] link change t=255.0s bw=58 delay=57
[orch] link change t=255.0s bw=42 delay=83
[orch] link change t=255.0s bw=22 delay=62
[orch] link change t=270.0s bw=36 delay=37
[orch] link change t=270.0s bw=66 delay=12
[orch] link change t=270.0s bw=25 delay=17
[orch] link change t=270.0s bw=58 delay=50
[orch] link change t=270.0s bw=19 delay=71
[orch] link change t=270.0s bw=100 delay=85
[orch] link change t=270.0s bw=83 delay=14
[orch] link change t=270.0s bw=78 delay=97
[orch] link change t=270.0s bw=51 delay=82
[orch] link change t=270.0s bw=16 delay=50
[orch] link change t=285.0s bw=63 delay=84
[orch] link change t=285.0s bw=65 delay=16
[orch] link change t=285.0s bw=50 delay=46
[orch] link change t=285.0s bw=37 delay=36
[orch] link change t=285.0s bw=56 delay=20
[orch] link change t=285.0s bw=51 delay=80
[orch] link change t=285.0s bw=77 delay=89
[orch] link change t=285.0s bw=88 delay=74
[orch] link change t=285.0s bw=10 delay=100
[orch] link change t=285.0s bw=52 delay=39
[orch] link change t=300.0s bw=94 delay=80
[orch] link change t=300.0s bw=14 delay=81
[orch] link change t=300.0s bw=37 delay=18
[orch] link change t=300.0s bw=67 delay=78
[orch] link change t=300.0s bw=47 delay=30
[orch] link change t=300.0s bw=31 delay=10
[orch] link change t=300.0s bw=37 delay=74
[orch] link change t=300.0s bw=13 delay=28
[orch] link change t=300.0s bw=15 delay=93
[orch] link change t=300.0s bw=29 delay=49
[orch] link change t=315.0s bw=17 delay=16
[orch] link change t=315.0s bw=55 delay=39
[orch] link change t=315.0s bw=56 delay=25
[orch] link change t=315.0s bw=32 delay=87
[orch] link change t=315.0s bw=83 delay=19
[orch] link change t=315.0s bw=86 delay=59
[orch] link change t=315.0s bw=63 delay=18
[orch] link change t=315.0s bw=70 delay=23
[orch] link change t=315.0s bw=34 delay=89
[orch] link change t=315.0s bw=30 delay=76
[orch] link change t=330.0s bw=33 delay=55
[orch] link change t=330.0s bw=30 delay=69
[orch] link change t=330.0s bw=93 delay=51
[orch] link change t=330.0s bw=26 delay=83
[orch] link change t=330.0s bw=96 delay=26
[orch] link change t=330.0s bw=73 delay=27
[orch] link change t=330.0s bw=11 delay=10
[orch] link change t=330.0s bw=42 delay=24
[orch] link change t=330.0s bw=89 delay=71
[orch] link change t=330.0s bw=49 delay=99
[multi_ep_plot] saved -> /its/home/mm2350/extra/Olympusv2/benchmarks/benchmark_responsive_fairness/data/ma_dreamer_20260611-175726/2_flows/run31/ep000031_bw11_d70_n2.pdf  return=608264.8
[ep_plot] ep=31 -> /its/home/mm2350/extra/Olympusv2/benchmarks/benchmark_responsive_fairness/data/ma_dreamer_20260611-175726/2_flows/run31/ep000031_bw11_d70_n2.pdf  return=608264.78125
[orch] ep=31 sum-of-agents return=608264.8
[responsive_fairness] slot=8 ma_dreamer_20260611-175726 flows=2 run=41
[responsive_fairness] ma_dreamer_20260611-175726 flows=2 run=31 done (31/200)
[slot=8] ep=41  flows=2  bw=58Mbps  delay=52ms  duration=345s  delays=[0.0, 45.0]  lifetimes=[345.0, 300.0]
[sao-listener] cport=23800 worker=/its/home/mm2350/extra/Olympusv2/olympus/algorithms/ma_dreamer/worker.py scan=20ms target_cc=astraea single_flow=1 no_state_pipe=1
[sao-listener] cport=23801 worker=/its/home/mm2350/extra/Olympusv2/olympus/algorithms/ma_dreamer/worker.py scan=20ms target_cc=astraea single_flow=1 no_state_pipe=1
[multi_ep_plot] saved -> /its/home/mm2350/extra/Olympusv2/benchmarks/benchmark_responsive_fairness/data/ma_dreamer_20260611-175726/2_flows/run32/ep000032_bw19_d37_n2.pdf  return=600145.6
[ep_plot] ep=32 -> /its/home/mm2350/extra/Olympusv2/benchmarks/benchmark_responsive_fairness/data/ma_dreamer_20260611-175726/2_flows/run32/ep000032_bw19_d37_n2.pdf  return=600145.625
[orch] ep=32 sum-of-agents return=600145.6
[responsive_fairness] slot=4 ma_dreamer_20260611-175726 flows=2 run=42
[responsive_fairness] ma_dreamer_20260611-175726 flows=2 run=32 done (32/200)
[slot=4] ep=42  flows=2  bw=91Mbps  delay=24ms  duration=345s  delays=[0.0, 45.0]  lifetimes=[345.0, 300.0]
[sao-listener] cport=23400 worker=/its/home/mm2350/extra/Olympusv2/olympus/algorithms/ma_dreamer/worker.py scan=20ms target_cc=astraea single_flow=1 no_state_pipe=1
[sao-listener] cport=23401 worker=/its/home/mm2350/extra/Olympusv2/olympus/algorithms/ma_dreamer/worker.py scan=20ms target_cc=astraea single_flow=1 no_state_pipe=1
[multi_ep_plot] saved -> /its/home/mm2350/extra/Olympusv2/benchmarks/benchmark_responsive_fairness/data/ma_dreamer_20260611-175726/2_flows/run33/ep000033_bw83_d31_n2.pdf  return=619322.4
[ep_plot] ep=33 -> /its/home/mm2350/extra/Olympusv2/benchmarks/benchmark_responsive_fairness/data/ma_dreamer_20260611-175726/2_flows/run33/ep000033_bw83_d31_n2.pdf  return=619322.40625
[orch] ep=33 sum-of-agents return=619322.4
[responsive_fairness] slot=5 ma_dreamer_20260611-175726 flows=2 run=43
[responsive_fairness] ma_dreamer_20260611-175726 flows=2 run=33 done (33/200)
[slot=5] ep=43  flows=2  bw=14Mbps  delay=46ms  duration=345s  delays=[0.0, 45.0]  lifetimes=[345.0, 300.0]
[sao-listener] new flow 1 10.0.0.1:23800->10.0.0.3:5209 cc=astraea pid=1851967 child=1852301
[sao-listener] single-flow mode: attached worker; stopping ss scans
[sao-listener flow 1] cport=23800 cc=astraea worker active
[multi_ep_plot] saved -> /its/home/mm2350/extra/Olympusv2/benchmarks/benchmark_responsive_fairness/data/ma_dreamer_20260611-175726/2_flows/run34/ep000034_bw77_d55_n2.pdf  return=588624.1
[ep_plot] ep=34 -> /its/home/mm2350/extra/Olympusv2/benchmarks/benchmark_responsive_fairness/data/ma_dreamer_20260611-175726/2_flows/run34/ep000034_bw77_d55_n2.pdf  return=588624.125
[orch] ep=34 sum-of-agents return=588624.1
[responsive_fairness] slot=9 ma_dreamer_20260611-175726 flows=2 run=44
[responsive_fairness] ma_dreamer_20260611-175726 flows=2 run=34 done (34/200)
[sao-listener] cport=23500 worker=/its/home/mm2350/extra/Olympusv2/olympus/algorithms/ma_dreamer/worker.py scan=20ms target_cc=astraea single_flow=1 no_state_pipe=1
[slot=9] ep=44  flows=2  bw=62Mbps  delay=76ms  duration=345s  delays=[0.0, 45.0]  lifetimes=[345.0, 300.0]
[sao-listener] cport=23501 worker=/its/home/mm2350/extra/Olympusv2/olympus/algorithms/ma_dreamer/worker.py scan=20ms target_cc=astraea single_flow=1 no_state_pipe=1
[sao-listener] new flow 1 10.0.0.1:23400->10.0.0.3:5205 cc=astraea pid=1852680 child=1853009
[sao-listener] single-flow mode: attached worker; stopping ss scans
[sao-listener flow 1] cport=23400 cc=astraea worker active
[sao-listener] cport=23900 worker=/its/home/mm2350/extra/Olympusv2/olympus/algorithms/ma_dreamer/worker.py scan=20ms target_cc=astraea single_flow=1 no_state_pipe=1
[sao-listener] cport=23901 worker=/its/home/mm2350/extra/Olympusv2/olympus/algorithms/ma_dreamer/worker.py scan=20ms target_cc=astraea single_flow=1 no_state_pipe=1
[multi_ep_plot] saved -> /its/home/mm2350/extra/Olympusv2/benchmarks/benchmark_responsive_fairness/data/ma_dreamer_20260611-175726/2_flows/run35/ep000035_bw80_d52_n2.pdf  return=623657.9
[ep_plot] ep=35 -> /its/home/mm2350/extra/Olympusv2/benchmarks/benchmark_responsive_fairness/data/ma_dreamer_20260611-175726/2_flows/run35/ep000035_bw80_d52_n2.pdf  return=623657.90625
[orch] ep=35 sum-of-agents return=623657.9
[responsive_fairness] slot=6 ma_dreamer_20260611-175726 flows=2 run=45
[responsive_fairness] ma_dreamer_20260611-175726 flows=2 run=35 done (35/200)
[slot=6] ep=45  flows=2  bw=44Mbps  delay=63ms  duration=345s  delays=[0.0, 45.0]  lifetimes=[345.0, 300.0]
[multi_ep_plot] saved -> /its/home/mm2350/extra/Olympusv2/benchmarks/benchmark_responsive_fairness/data/ma_dreamer_20260611-175726/2_flows/run36/ep000036_bw52_d17_n2.pdf  return=605060.2
[ep_plot] ep=36 -> /its/home/mm2350/extra/Olympusv2/benchmarks/benchmark_responsive_fairness/data/ma_dreamer_20260611-175726/2_flows/run36/ep000036_bw52_d17_n2.pdf  return=605060.25
[orch] ep=36 sum-of-agents return=605060.2
[responsive_fairness] slot=3 ma_dreamer_20260611-175726 flows=2 run=46
[responsive_fairness] ma_dreamer_20260611-175726 flows=2 run=36 done (36/200)
[worker cport=23800 agent=0] loaded checkpoint step=17958
[worker alg=ma_dreamer reward=tempest_fairness_ma cport=23800 agent=0 group=slot8_ep41 flow=1] started interval=20ms det=1 latent=8x8
[slot=3] ep=46  flows=2  bw=19Mbps  delay=61ms  duration=345s  delays=[0.0, 45.0]  lifetimes=[345.0, 300.0]
[multi_ep_plot] saved -> /its/home/mm2350/extra/Olympusv2/benchmarks/benchmark_responsive_fairness/data/ma_dreamer_20260611-175726/2_flows/run37/ep000037_bw97_d87_n2.pdf  return=554829.5
[ep_plot] ep=37 -> /its/home/mm2350/extra/Olympusv2/benchmarks/benchmark_responsive_fairness/data/ma_dreamer_20260611-175726/2_flows/run37/ep000037_bw97_d87_n2.pdf  return=554829.5
[orch] ep=37 sum-of-agents return=554829.5
[responsive_fairness] slot=7 ma_dreamer_20260611-175726 flows=2 run=47
[responsive_fairness] ma_dreamer_20260611-175726 flows=2 run=37 done (37/200)
[slot=7] ep=47  flows=2  bw=55Mbps  delay=18ms  duration=345s  delays=[0.0, 45.0]  lifetimes=[345.0, 300.0]
[sao-listener] cport=23600 worker=/its/home/mm2350/extra/Olympusv2/olympus/algorithms/ma_dreamer/worker.py scan=20ms target_cc=astraea single_flow=1 no_state_pipe=1
[sao-listener] cport=23601 worker=/its/home/mm2350/extra/Olympusv2/olympus/algorithms/ma_dreamer/worker.py scan=20ms target_cc=astraea single_flow=1 no_state_pipe=1
[sao-listener] cport=23300 worker=/its/home/mm2350/extra/Olympusv2/olympus/algorithms/ma_dreamer/worker.py scan=20ms target_cc=astraea single_flow=1 no_state_pipe=1
[sao-listener] cport=23301 worker=/its/home/mm2350/extra/Olympusv2/olympus/algorithms/ma_dreamer/worker.py scan=20ms target_cc=astraea single_flow=1 no_state_pipe=1
[worker cport=23400 agent=0] loaded checkpoint step=17958
[worker alg=ma_dreamer reward=tempest_fairness_ma cport=23400 agent=0 group=slot4_ep42 flow=1] started interval=20ms det=1 latent=8x8
[sao-listener] new flow 1 10.0.0.1:23500->10.0.0.3:5206 cc=astraea pid=1853152 child=1854157
[sao-listener] single-flow mode: attached worker; stopping ss scans
[sao-listener flow 1] cport=23500 cc=astraea worker active
[sao-listener] cport=23700 worker=/its/home/mm2350/extra/Olympusv2/olympus/algorithms/ma_dreamer/worker.py scan=20ms target_cc=astraea single_flow=1 no_state_pipe=1
[sao-listener] cport=23701 worker=/its/home/mm2350/extra/Olympusv2/olympus/algorithms/ma_dreamer/worker.py scan=20ms target_cc=astraea single_flow=1 no_state_pipe=1
[multi_ep_plot] saved -> /its/home/mm2350/extra/Olympusv2/benchmarks/benchmark_responsive_fairness/data/ma_dreamer_20260611-175726/2_flows/run38/ep000038_bw91_d63_n2.pdf  return=566262.3
[ep_plot] ep=38 -> /its/home/mm2350/extra/Olympusv2/benchmarks/benchmark_responsive_fairness/data/ma_dreamer_20260611-175726/2_flows/run38/ep000038_bw91_d63_n2.pdf  return=566262.296875
[orch] ep=38 sum-of-agents return=566262.3
[responsive_fairness] slot=2 ma_dreamer_20260611-175726 flows=2 run=48
[responsive_fairness] ma_dreamer_20260611-175726 flows=2 run=38 done (38/200)
[slot=2] ep=48  flows=2  bw=80Mbps  delay=50ms  duration=345s  delays=[0.0, 45.0]  lifetimes=[345.0, 300.0]
[multi_ep_plot] saved -> /its/home/mm2350/extra/Olympusv2/benchmarks/benchmark_responsive_fairness/data/ma_dreamer_20260611-175726/2_flows/run39/ep000039_bw36_d43_n2.pdf  return=493758.9
[ep_plot] ep=39 -> /its/home/mm2350/extra/Olympusv2/benchmarks/benchmark_responsive_fairness/data/ma_dreamer_20260611-175726/2_flows/run39/ep000039_bw36_d43_n2.pdf  return=493758.9375
[orch] ep=39 sum-of-agents return=493758.9
[responsive_fairness] slot=1 ma_dreamer_20260611-175726 flows=2 run=49
[responsive_fairness] ma_dreamer_20260611-175726 flows=2 run=39 done (39/200)
[slot=1] ep=49  flows=2  bw=18Mbps  delay=54ms  duration=345s  delays=[0.0, 45.0]  lifetimes=[345.0, 300.0]
[multi_ep_plot] saved -> /its/home/mm2350/extra/Olympusv2/benchmarks/benchmark_responsive_fairness/data/ma_dreamer_20260611-175726/2_flows/run40/ep000040_bw68_d84_n2.pdf  return=577513.3
[ep_plot] ep=40 -> /its/home/mm2350/extra/Olympusv2/benchmarks/benchmark_responsive_fairness/data/ma_dreamer_20260611-175726/2_flows/run40/ep000040_bw68_d84_n2.pdf  return=577513.28125
[orch] ep=40 sum-of-agents return=577513.3
[responsive_fairness] slot=0 ma_dreamer_20260611-175726 flows=2 run=50
[responsive_fairness] ma_dreamer_20260611-175726 flows=2 run=40 done (40/200)
[slot=0] ep=50  flows=2  bw=73Mbps  delay=44ms  duration=345s  delays=[0.0, 45.0]  lifetimes=[345.0, 300.0]
[sao-listener] cport=23200 worker=/its/home/mm2350/extra/Olympusv2/olympus/algorithms/ma_dreamer/worker.py scan=20ms target_cc=astraea single_flow=1 no_state_pipe=1
[sao-listener] cport=23201 worker=/its/home/mm2350/extra/Olympusv2/olympus/algorithms/ma_dreamer/worker.py scan=20ms target_cc=astraea single_flow=1 no_state_pipe=1
[sao-listener] cport=23100 worker=/its/home/mm2350/extra/Olympusv2/olympus/algorithms/ma_dreamer/worker.py scan=20ms target_cc=astraea single_flow=1 no_state_pipe=1
[sao-listener] cport=23101 worker=/its/home/mm2350/extra/Olympusv2/olympus/algorithms/ma_dreamer/worker.py scan=20ms target_cc=astraea single_flow=1 no_state_pipe=1
[sao-listener] new flow 1 10.0.0.1:23600->10.0.0.3:5207 cc=astraea pid=1854565 child=1855379
[sao-listener] single-flow mode: attached worker; stopping ss scans
[sao-listener flow 1] cport=23600 cc=astraea worker active
[sao-listener] new flow 1 10.0.0.1:23900->10.0.0.3:5210 cc=astraea pid=1853485 child=1855582
[sao-listener] single-flow mode: attached worker; stopping ss scans
[sao-listener flow 1] cport=23900 cc=astraea worker active
[sao-listener] cport=23000 worker=/its/home/mm2350/extra/Olympusv2/olympus/algorithms/ma_dreamer/worker.py scan=20ms target_cc=astraea single_flow=1 no_state_pipe=1
[sao-listener] cport=23001 worker=/its/home/mm2350/extra/Olympusv2/olympus/algorithms/ma_dreamer/worker.py scan=20ms target_cc=astraea single_flow=1 no_state_pipe=1
[worker cport=23500 agent=0] loaded checkpoint step=17958
[worker alg=ma_dreamer reward=tempest_fairness_ma cport=23500 agent=0 group=slot5_ep43 flow=1] started interval=20ms det=1 latent=8x8
[sao-listener] new flow 1 10.0.0.1:23300->10.0.0.3:5204 cc=astraea pid=1854586 child=1855823
[sao-listener] single-flow mode: attached worker; stopping ss scans
[sao-listener flow 1] cport=23300 cc=astraea worker active
[sao-listener] new flow 1 10.0.0.1:23700->10.0.0.3:5208 cc=astraea pid=1855108 child=1856003
[sao-listener] single-flow mode: attached worker; stopping ss scans
[sao-listener flow 1] cport=23700 cc=astraea worker active
[worker cport=23600 agent=0] loaded checkpoint step=17958
[worker alg=ma_dreamer reward=tempest_fairness_ma cport=23600 agent=0 group=slot6_ep45 flow=1] started interval=20ms det=1 latent=8x8
[worker cport=23900 agent=0] loaded checkpoint step=17958
[worker alg=ma_dreamer reward=tempest_fairness_ma cport=23900 agent=0 group=slot9_ep44 flow=1] started interval=20ms det=1 latent=8x8
[worker cport=23300 agent=0] loaded checkpoint step=17958
[worker alg=ma_dreamer reward=tempest_fairness_ma cport=23300 agent=0 group=slot3_ep46 flow=1] started interval=20ms det=1 latent=8x8
[sao-listener] new flow 1 10.0.0.1:23200->10.0.0.3:5203 cc=astraea pid=1855874 child=1856419
[sao-listener] single-flow mode: attached worker; stopping ss scans
[sao-listener flow 1] cport=23200 cc=astraea worker active
[worker cport=23700 agent=0] loaded checkpoint step=17958
[worker alg=ma_dreamer reward=tempest_fairness_ma cport=23700 agent=0 group=slot7_ep47 flow=1] started interval=20ms det=1 latent=8x8
[sao-listener] new flow 1 10.0.0.1:23100->10.0.0.3:5202 cc=astraea pid=1855921 child=1856602
[sao-listener] single-flow mode: attached worker; stopping ss scans
[sao-listener flow 1] cport=23100 cc=astraea worker active
[sao-listener] new flow 1 10.0.0.1:23000->10.0.0.3:5201 cc=astraea pid=1855977 child=1856743
[sao-listener] single-flow mode: attached worker; stopping ss scans
[sao-listener flow 1] cport=23000 cc=astraea worker active
[worker cport=23200 agent=0] loaded checkpoint step=17958
[worker alg=ma_dreamer reward=tempest_fairness_ma cport=23200 agent=0 group=slot2_ep48 flow=1] started interval=20ms det=1 latent=8x8
[worker cport=23100 agent=0] loaded checkpoint step=17958
[worker alg=ma_dreamer reward=tempest_fairness_ma cport=23100 agent=0 group=slot1_ep49 flow=1] started interval=20ms det=1 latent=8x8
[worker cport=23000 agent=0] loaded checkpoint step=17958
[worker alg=ma_dreamer reward=tempest_fairness_ma cport=23000 agent=0 group=slot0_ep50 flow=1] started interval=20ms det=1 latent=8x8
[orch] link change t=15.0s bw=39 delay=31
[orch] link change t=15.0s bw=13 delay=45
[orch] link change t=15.0s bw=99 delay=28
[orch] link change t=15.0s bw=79 delay=99
[orch] link change t=15.0s bw=72 delay=42
[orch] link change t=15.0s bw=15 delay=85
[orch] link change t=15.0s bw=65 delay=80
[orch] link change t=15.0s bw=26 delay=81
[orch] link change t=15.0s bw=62 delay=24
[orch] link change t=15.0s bw=56 delay=91
[orch] link change t=30.0s bw=59 delay=83
[orch] link change t=30.0s bw=41 delay=38
[orch] link change t=30.0s bw=69 delay=57
[orch] link change t=30.0s bw=24 delay=32
[orch] link change t=30.0s bw=20 delay=48
[orch] link change t=30.0s bw=85 delay=39
[orch] link change t=30.0s bw=68 delay=83
[orch] link change t=30.0s bw=78 delay=48
[orch] link change t=30.0s bw=51 delay=80
[orch] link change t=30.0s bw=41 delay=98
[orch] link change t=45.0s bw=98 delay=46
[orch] link change t=45.0s bw=27 delay=23
[orch] link change t=45.0s bw=95 delay=99
[orch] link change t=45.0s bw=58 delay=38
[sao-listener] new flow 1 10.0.0.2:23801->10.0.0.4:5209 cc=astraea pid=1869447 child=1869914
[sao-listener] single-flow mode: attached worker; stopping ss scans
[sao-listener flow 1] cport=23801 cc=astraea worker active
[orch] link change t=45.0s bw=53 delay=12
[sao-listener] new flow 1 10.0.0.2:23501->10.0.0.4:5206 cc=astraea pid=1869811 child=1870026
[sao-listener] single-flow mode: attached worker; stopping ss scans
[sao-listener flow 1] cport=23501 cc=astraea worker active
[orch] link change t=45.0s bw=91 delay=76
[sao-listener] new flow 1 10.0.0.2:23401->10.0.0.4:5205 cc=astraea pid=1869656 child=1870129
[sao-listener] single-flow mode: attached worker; stopping ss scans
[sao-listener flow 1] cport=23401 cc=astraea worker active
[orch] link change t=45.0s bw=53 delay=42
[worker cport=23801 agent=1] loaded checkpoint step=17958
[worker alg=ma_dreamer reward=tempest_fairness_ma cport=23801 agent=1 group=slot8_ep41 flow=1] started interval=20ms det=1 latent=8x8
[orch] link change t=45.0s bw=74 delay=34
[worker cport=23501 agent=1] loaded checkpoint step=17958
[worker alg=ma_dreamer reward=tempest_fairness_ma cport=23501 agent=1 group=slot5_ep43 flow=1] started interval=20ms det=1 latent=8x8
[orch] link change t=45.0s bw=75 delay=16
[orch] link change t=45.0s bw=70 delay=52
[worker cport=23401 agent=1] loaded checkpoint step=17958
[worker alg=ma_dreamer reward=tempest_fairness_ma cport=23401 agent=1 group=slot4_ep42 flow=1] started interval=20ms det=1 latent=8x8
[sao-listener] new flow 1 10.0.0.2:23601->10.0.0.4:5207 cc=astraea pid=1870234 child=1870506
[sao-listener] single-flow mode: attached worker; stopping ss scans
[sao-listener flow 1] cport=23601 cc=astraea worker active
[sao-listener] new flow 1 10.0.0.2:23301->10.0.0.4:5204 cc=astraea pid=1870242 child=1870615
[sao-listener] single-flow mode: attached worker; stopping ss scans
[sao-listener flow 1] cport=23301 cc=astraea worker active
[sao-listener] new flow 1 10.0.0.2:23901->10.0.0.4:5210 cc=astraea pid=1869980 child=1870617
[sao-listener] single-flow mode: attached worker; stopping ss scans
[sao-listener flow 1] cport=23901 cc=astraea worker active
[sao-listener] new flow 1 10.0.0.2:23701->10.0.0.4:5208 cc=astraea pid=1870396 child=1870753
[sao-listener] single-flow mode: attached worker; stopping ss scans
[sao-listener flow 1] cport=23701 cc=astraea worker active
[worker cport=23601 agent=1] loaded checkpoint step=17958
[worker alg=ma_dreamer reward=tempest_fairness_ma cport=23601 agent=1 group=slot6_ep45 flow=1] started interval=20ms det=1 latent=8x8
[worker cport=23901 agent=1] loaded checkpoint step=17958
[worker alg=ma_dreamer reward=tempest_fairness_ma cport=23901 agent=1 group=slot9_ep44 flow=1] started interval=20ms det=1 latent=8x8
[worker cport=23301 agent=1] loaded checkpoint step=17958
[worker alg=ma_dreamer reward=tempest_fairness_ma cport=23301 agent=1 group=slot3_ep46 flow=1] started interval=20ms det=1 latent=8x8
[worker cport=23701 agent=1] loaded checkpoint step=17958
[worker alg=ma_dreamer reward=tempest_fairness_ma cport=23701 agent=1 group=slot7_ep47 flow=1] started interval=20ms det=1 latent=8x8
[sao-listener] new flow 1 10.0.0.2:23201->10.0.0.4:5203 cc=astraea pid=1870586 child=1871092
[sao-listener] single-flow mode: attached worker; stopping ss scans
[sao-listener flow 1] cport=23201 cc=astraea worker active
[sao-listener] new flow 1 10.0.0.2:23101->10.0.0.4:5202 cc=astraea pid=1870605 child=1871148
[sao-listener] single-flow mode: attached worker; stopping ss scans
[sao-listener flow 1] cport=23101 cc=astraea worker active
[sao-listener] new flow 1 10.0.0.2:23001->10.0.0.4:5201 cc=astraea pid=1870724 child=1871207
[sao-listener] single-flow mode: attached worker; stopping ss scans
[sao-listener flow 1] cport=23001 cc=astraea worker active
[worker cport=23201 agent=1] loaded checkpoint step=17958
[worker alg=ma_dreamer reward=tempest_fairness_ma cport=23201 agent=1 group=slot2_ep48 flow=1] started interval=20ms det=1 latent=8x8
[worker cport=23101 agent=1] loaded checkpoint step=17958
[worker alg=ma_dreamer reward=tempest_fairness_ma cport=23101 agent=1 group=slot1_ep49 flow=1] started interval=20ms det=1 latent=8x8
[worker cport=23001 agent=1] loaded checkpoint step=17958
[worker alg=ma_dreamer reward=tempest_fairness_ma cport=23001 agent=1 group=slot0_ep50 flow=1] started interval=20ms det=1 latent=8x8
[orch] link change t=60.0s bw=80 delay=45
[orch] link change t=60.0s bw=96 delay=79
[orch] link change t=60.0s bw=22 delay=68
[orch] link change t=60.0s bw=47 delay=13
[orch] link change t=60.0s bw=19 delay=71
[orch] link change t=60.0s bw=29 delay=84
[orch] link change t=60.0s bw=75 delay=59
[orch] link change t=60.0s bw=65 delay=31
[orch] link change t=60.0s bw=97 delay=15
[orch] link change t=60.0s bw=20 delay=78
[orch] link change t=75.0s bw=59 delay=83
[orch] link change t=75.0s bw=21 delay=85
[orch] link change t=75.0s bw=86 delay=73
[orch] link change t=75.0s bw=38 delay=24
[orch] link change t=75.0s bw=11 delay=24
[orch] link change t=75.0s bw=78 delay=14
[orch] link change t=75.0s bw=60 delay=88
[orch] link change t=75.0s bw=29 delay=94
[orch] link change t=75.0s bw=45 delay=29
[orch] link change t=75.0s bw=50 delay=38
[orch] link change t=90.0s bw=11 delay=41
[orch] link change t=90.0s bw=64 delay=14
[orch] link change t=90.0s bw=87 delay=12
[orch] link change t=90.0s bw=82 delay=11
[orch] link change t=90.0s bw=46 delay=25
[orch] link change t=90.0s bw=13 delay=18
[orch] link change t=90.0s bw=15 delay=63
[orch] link change t=90.0s bw=23 delay=73
[orch] link change t=90.0s bw=68 delay=15
[orch] link change t=90.0s bw=96 delay=81
[orch] link change t=105.0s bw=94 delay=12
[orch] link change t=105.0s bw=13 delay=21
[orch] link change t=105.0s bw=75 delay=65
[orch] link change t=105.0s bw=22 delay=30
[orch] link change t=105.0s bw=49 delay=93
[orch] link change t=105.0s bw=50 delay=90
[orch] link change t=105.0s bw=94 delay=13
[orch] link change t=105.0s bw=93 delay=38
[orch] link change t=105.0s bw=90 delay=79
[orch] link change t=105.0s bw=20 delay=29
[orch] link change t=120.0s bw=66 delay=29
[orch] link change t=120.0s bw=37 delay=39
[orch] link change t=120.0s bw=83 delay=57
[orch] link change t=120.0s bw=75 delay=98
[orch] link change t=120.0s bw=14 delay=89
[orch] link change t=120.0s bw=16 delay=13
[orch] link change t=120.0s bw=23 delay=10
[orch] link change t=120.0s bw=37 delay=75
[orch] link change t=120.0s bw=74 delay=38
[orch] link change t=120.0s bw=54 delay=22
[orch] link change t=135.0s bw=29 delay=50
[orch] link change t=135.0s bw=74 delay=87
[orch] link change t=135.0s bw=89 delay=80
[orch] link change t=135.0s bw=48 delay=98
[orch] link change t=135.0s bw=18 delay=27
[orch] link change t=135.0s bw=27 delay=80
[orch] link change t=135.0s bw=43 delay=71
[orch] link change t=135.0s bw=81 delay=75
[orch] link change t=135.0s bw=87 delay=46
[orch] link change t=135.0s bw=54 delay=50
[orch] link change t=150.0s bw=31 delay=42
[orch] link change t=150.0s bw=13 delay=81
[orch] link change t=150.0s bw=65 delay=60
[orch] link change t=150.0s bw=91 delay=58
[orch] link change t=150.0s bw=44 delay=29
[orch] link change t=150.0s bw=47 delay=77
[orch] link change t=150.0s bw=79 delay=11
[orch] link change t=150.0s bw=29 delay=70
[orch] link change t=150.0s bw=83 delay=57
[orch] link change t=150.0s bw=38 delay=34
[orch] link change t=165.0s bw=93 delay=98
[orch] link change t=165.0s bw=35 delay=93
[orch] link change t=165.0s bw=32 delay=17
[orch] link change t=165.0s bw=85 delay=61
[orch] link change t=165.0s bw=37 delay=64
[orch] link change t=165.0s bw=52 delay=21
[orch] link change t=165.0s bw=50 delay=82
[orch] link change t=165.0s bw=37 delay=13
[orch] link change t=165.0s bw=61 delay=13
[orch] link change t=165.0s bw=18 delay=52
[orch] link change t=180.0s bw=89 delay=84
[orch] link change t=180.0s bw=99 delay=79
[orch] link change t=180.0s bw=23 delay=25
[orch] link change t=180.0s bw=98 delay=95
[orch] link change t=180.0s bw=19 delay=88
[orch] link change t=180.0s bw=60 delay=100
[orch] link change t=180.0s bw=64 delay=39
[orch] link change t=180.0s bw=19 delay=64
[orch] link change t=180.0s bw=41 delay=27
[orch] link change t=180.0s bw=87 delay=87
[orch] link change t=195.0s bw=17 delay=25
[orch] link change t=195.0s bw=63 delay=38
[orch] link change t=195.0s bw=58 delay=29
[orch] link change t=195.0s bw=51 delay=55
[orch] link change t=195.0s bw=62 delay=28
[orch] link change t=195.0s bw=71 delay=56
[orch] link change t=195.0s bw=40 delay=76
[orch] link change t=195.0s bw=18 delay=26
[orch] link change t=195.0s bw=22 delay=64
[orch] link change t=195.0s bw=64 delay=91
[orch] link change t=210.0s bw=85 delay=14
[orch] link change t=210.0s bw=67 delay=85
[orch] link change t=210.0s bw=22 delay=30
[orch] link change t=210.0s bw=19 delay=53
[orch] link change t=210.0s bw=99 delay=17
[orch] link change t=210.0s bw=29 delay=70
[orch] link change t=210.0s bw=75 delay=55
[orch] link change t=210.0s bw=73 delay=96
[orch] link change t=210.0s bw=58 delay=51
[orch] link change t=210.0s bw=21 delay=18
[orch] link change t=225.0s bw=65 delay=46
[orch] link change t=225.0s bw=45 delay=10
[orch] link change t=225.0s bw=75 delay=73
[orch] link change t=225.0s bw=46 delay=89
[orch] link change t=225.0s bw=14 delay=32
[orch] link change t=225.0s bw=69 delay=19
[orch] link change t=225.0s bw=66 delay=40
[orch] link change t=225.0s bw=30 delay=26
[orch] link change t=225.0s bw=55 delay=44
[orch] link change t=225.0s bw=98 delay=87
[orch] link change t=240.0s bw=37 delay=19
[orch] link change t=240.0s bw=30 delay=99
[orch] link change t=240.0s bw=26 delay=59
[orch] link change t=240.0s bw=30 delay=24
[orch] link change t=240.0s bw=51 delay=42
[orch] link change t=240.0s bw=68 delay=99
[orch] link change t=240.0s bw=14 delay=81
[orch] link change t=240.0s bw=17 delay=99
[orch] link change t=240.0s bw=93 delay=61
[orch] link change t=240.0s bw=52 delay=98
[orch] link change t=255.0s bw=56 delay=70
[orch] link change t=255.0s bw=64 delay=53
[orch] link change t=255.0s bw=86 delay=74
[orch] link change t=255.0s bw=75 delay=18
[orch] link change t=255.0s bw=55 delay=50
[orch] link change t=255.0s bw=79 delay=89
[orch] link change t=255.0s bw=57 delay=98
[orch] link change t=255.0s bw=80 delay=47
[orch] link change t=255.0s bw=88 delay=89
[orch] link change t=255.0s bw=92 delay=65
[orch] link change t=270.0s bw=26 delay=81
[orch] link change t=270.0s bw=45 delay=29
[orch] link change t=270.0s bw=44 delay=83
[orch] link change t=270.0s bw=85 delay=22
[orch] link change t=270.0s bw=22 delay=62
[orch] link change t=270.0s bw=24 delay=65
[orch] link change t=270.0s bw=55 delay=86
[orch] link change t=270.0s bw=53 delay=99
[orch] link change t=270.0s bw=16 delay=94
[orch] link change t=270.0s bw=10 delay=39
[orch] link change t=285.0s bw=95 delay=12
[orch] link change t=285.0s bw=37 delay=53
[orch] link change t=285.0s bw=33 delay=58
[orch] link change t=285.0s bw=44 delay=50
[orch] link change t=285.0s bw=21 delay=12
[orch] link change t=285.0s bw=38 delay=53
[orch] link change t=285.0s bw=53 delay=81
[orch] link change t=285.0s bw=53 delay=22
[orch] link change t=285.0s bw=62 delay=98
[orch] link change t=285.0s bw=53 delay=44
[orch] link change t=300.0s bw=25 delay=22
[orch] link change t=300.0s bw=23 delay=21
[orch] link change t=300.0s bw=18 delay=16
[orch] link change t=300.0s bw=23 delay=90
[orch] link change t=300.0s bw=52 delay=50
[orch] link change t=300.0s bw=74 delay=66
[orch] link change t=300.0s bw=83 delay=35
[orch] link change t=300.0s bw=40 delay=44
[orch] link change t=300.0s bw=79 delay=88
[orch] link change t=300.0s bw=65 delay=99
[orch] link change t=315.0s bw=28 delay=98
[orch] link change t=315.0s bw=58 delay=22
[orch] link change t=315.0s bw=84 delay=17
[orch] link change t=315.0s bw=47 delay=14
[orch] link change t=315.0s bw=59 delay=99
[orch] link change t=315.0s bw=45 delay=29
[orch] link change t=315.0s bw=40 delay=14
[orch] link change t=315.0s bw=43 delay=92
[orch] link change t=315.0s bw=36 delay=93
[orch] link change t=315.0s bw=23 delay=35
[orch] link change t=330.0s bw=32 delay=16
[orch] link change t=330.0s bw=55 delay=54
[orch] link change t=330.0s bw=33 delay=17
[orch] link change t=330.0s bw=54 delay=59
[orch] link change t=330.0s bw=77 delay=94
[orch] link change t=330.0s bw=23 delay=86
[orch] link change t=330.0s bw=26 delay=52
[orch] link change t=330.0s bw=11 delay=83
[orch] link change t=330.0s bw=18 delay=82
[orch] link change t=330.0s bw=66 delay=44
[multi_ep_plot] saved -> /its/home/mm2350/extra/Olympusv2/benchmarks/benchmark_responsive_fairness/data/ma_dreamer_20260611-175726/2_flows/run41/ep000041_bw58_d52_n2.pdf  return=585074.7
[ep_plot] ep=41 -> /its/home/mm2350/extra/Olympusv2/benchmarks/benchmark_responsive_fairness/data/ma_dreamer_20260611-175726/2_flows/run41/ep000041_bw58_d52_n2.pdf  return=585074.6875
[orch] ep=41 sum-of-agents return=585074.7
[responsive_fairness] slot=8 ma_dreamer_20260611-175726 flows=4 run=1
[responsive_fairness] ma_dreamer_20260611-175726 flows=2 run=41 done (41/200)
[slot=8] ep=1  flows=4  bw=27Mbps  delay=82ms  duration=345s  delays=[0.0, 15.0, 30.0, 45.0]  lifetimes=[345.0, 330.0, 315.0, 300.0]
[multi_ep_plot] saved -> /its/home/mm2350/extra/Olympusv2/benchmarks/benchmark_responsive_fairness/data/ma_dreamer_20260611-175726/2_flows/run42/ep000042_bw91_d24_n2.pdf  return=562867.7
[ep_plot] ep=42 -> /its/home/mm2350/extra/Olympusv2/benchmarks/benchmark_responsive_fairness/data/ma_dreamer_20260611-175726/2_flows/run42/ep000042_bw91_d24_n2.pdf  return=562867.734375
[orch] ep=42 sum-of-agents return=562867.7
[responsive_fairness] slot=4 ma_dreamer_20260611-175726 flows=4 run=2
[responsive_fairness] ma_dreamer_20260611-175726 flows=2 run=42 done (42/200)
[sao-listener] cport=23800 worker=/its/home/mm2350/extra/Olympusv2/olympus/algorithms/ma_dreamer/worker.py scan=20ms target_cc=astraea single_flow=1 no_state_pipe=1
[slot=4] ep=2  flows=4  bw=17Mbps  delay=21ms  duration=345s  delays=[0.0, 15.0, 30.0, 45.0]  lifetimes=[345.0, 330.0, 315.0, 300.0]
[sao-listener] cport=23801 worker=/its/home/mm2350/extra/Olympusv2/olympus/algorithms/ma_dreamer/worker.py scan=20ms target_cc=astraea single_flow=1 no_state_pipe=1
[sao-listener] cport=23802 worker=/its/home/mm2350/extra/Olympusv2/olympus/algorithms/ma_dreamer/worker.py scan=20ms target_cc=astraea single_flow=1 no_state_pipe=1
[sao-listener] cport=23803 worker=/its/home/mm2350/extra/Olympusv2/olympus/algorithms/ma_dreamer/worker.py scan=20ms target_cc=astraea single_flow=1 no_state_pipe=1
[multi_ep_plot] saved -> /its/home/mm2350/extra/Olympusv2/benchmarks/benchmark_responsive_fairness/data/ma_dreamer_20260611-175726/2_flows/run43/ep000043_bw14_d46_n2.pdf  return=542062.5
[ep_plot] ep=43 -> /its/home/mm2350/extra/Olympusv2/benchmarks/benchmark_responsive_fairness/data/ma_dreamer_20260611-175726/2_flows/run43/ep000043_bw14_d46_n2.pdf  return=542062.5
[orch] ep=43 sum-of-agents return=542062.5
[responsive_fairness] slot=5 ma_dreamer_20260611-175726 flows=4 run=3
[responsive_fairness] ma_dreamer_20260611-175726 flows=2 run=43 done (43/200)
[slot=5] ep=3  flows=4  bw=40Mbps  delay=85ms  duration=345s  delays=[0.0, 15.0, 30.0, 45.0]  lifetimes=[345.0, 330.0, 315.0, 300.0]
[sao-listener] cport=23400 worker=/its/home/mm2350/extra/Olympusv2/olympus/algorithms/ma_dreamer/worker.py scan=20ms target_cc=astraea single_flow=1 no_state_pipe=1
[sao-listener] cport=23401 worker=/its/home/mm2350/extra/Olympusv2/olympus/algorithms/ma_dreamer/worker.py scan=20ms target_cc=astraea single_flow=1 no_state_pipe=1
[sao-listener] cport=23402 worker=/its/home/mm2350/extra/Olympusv2/olympus/algorithms/ma_dreamer/worker.py scan=20ms target_cc=astraea single_flow=1 no_state_pipe=1
[sao-listener] cport=23403 worker=/its/home/mm2350/extra/Olympusv2/olympus/algorithms/ma_dreamer/worker.py scan=20ms target_cc=astraea single_flow=1 no_state_pipe=1
[multi_ep_plot] saved -> /its/home/mm2350/extra/Olympusv2/benchmarks/benchmark_responsive_fairness/data/ma_dreamer_20260611-175726/2_flows/run44/ep000044_bw62_d76_n2.pdf  return=592335.4
[ep_plot] ep=44 -> /its/home/mm2350/extra/Olympusv2/benchmarks/benchmark_responsive_fairness/data/ma_dreamer_20260611-175726/2_flows/run44/ep000044_bw62_d76_n2.pdf  return=592335.4375
[orch] ep=44 sum-of-agents return=592335.4
[responsive_fairness] slot=9 ma_dreamer_20260611-175726 flows=4 run=4
[responsive_fairness] ma_dreamer_20260611-175726 flows=2 run=44 done (44/200)
[slot=9] ep=4  flows=4  bw=40Mbps  delay=48ms  duration=345s  delays=[0.0, 15.0, 30.0, 45.0]  lifetimes=[345.0, 330.0, 315.0, 300.0]
[sao-listener] cport=23500 worker=/its/home/mm2350/extra/Olympusv2/olympus/algorithms/ma_dreamer/worker.py scan=20ms target_cc=astraea single_flow=1 no_state_pipe=1
[sao-listener] cport=23501 worker=/its/home/mm2350/extra/Olympusv2/olympus/algorithms/ma_dreamer/worker.py scan=20ms target_cc=astraea single_flow=1 no_state_pipe=1
[sao-listener] cport=23502 worker=/its/home/mm2350/extra/Olympusv2/olympus/algorithms/ma_dreamer/worker.py scan=20ms target_cc=astraea single_flow=1 no_state_pipe=1
[sao-listener] cport=23503 worker=/its/home/mm2350/extra/Olympusv2/olympus/algorithms/ma_dreamer/worker.py scan=20ms target_cc=astraea single_flow=1 no_state_pipe=1
[sao-listener] cport=23900 worker=/its/home/mm2350/extra/Olympusv2/olympus/algorithms/ma_dreamer/worker.py scan=20ms target_cc=astraea single_flow=1 no_state_pipe=1
[sao-listener] cport=23901 worker=/its/home/mm2350/extra/Olympusv2/olympus/algorithms/ma_dreamer/worker.py scan=20ms target_cc=astraea single_flow=1 no_state_pipe=1
[sao-listener] new flow 1 10.0.0.1:23800->10.0.0.5:5209 cc=astraea pid=1875094 child=1876520
[sao-listener] single-flow mode: attached worker; stopping ss scans
[sao-listener flow 1] cport=23800 cc=astraea worker active
[sao-listener] cport=23902 worker=/its/home/mm2350/extra/Olympusv2/olympus/algorithms/ma_dreamer/worker.py scan=20ms target_cc=astraea single_flow=1 no_state_pipe=1
[multi_ep_plot] saved -> /its/home/mm2350/extra/Olympusv2/benchmarks/benchmark_responsive_fairness/data/ma_dreamer_20260611-175726/2_flows/run45/ep000045_bw44_d63_n2.pdf  return=570922.2
[ep_plot] ep=45 -> /its/home/mm2350/extra/Olympusv2/benchmarks/benchmark_responsive_fairness/data/ma_dreamer_20260611-175726/2_flows/run45/ep000045_bw44_d63_n2.pdf  return=570922.171875
[orch] ep=45 sum-of-agents return=570922.2
[sao-listener] cport=23903 worker=/its/home/mm2350/extra/Olympusv2/olympus/algorithms/ma_dreamer/worker.py scan=20ms target_cc=astraea single_flow=1 no_state_pipe=1
[responsive_fairness] slot=6 ma_dreamer_20260611-175726 flows=4 run=5
[responsive_fairness] ma_dreamer_20260611-175726 flows=2 run=45 done (45/200)
[slot=6] ep=5  flows=4  bw=89Mbps  delay=42ms  duration=345s  delays=[0.0, 15.0, 30.0, 45.0]  lifetimes=[345.0, 330.0, 315.0, 300.0]
[multi_ep_plot] saved -> /its/home/mm2350/extra/Olympusv2/benchmarks/benchmark_responsive_fairness/data/ma_dreamer_20260611-175726/2_flows/run46/ep000046_bw19_d61_n2.pdf  return=564531.9
[ep_plot] ep=46 -> /its/home/mm2350/extra/Olympusv2/benchmarks/benchmark_responsive_fairness/data/ma_dreamer_20260611-175726/2_flows/run46/ep000046_bw19_d61_n2.pdf  return=564531.921875
[orch] ep=46 sum-of-agents return=564531.9
[responsive_fairness] slot=3 ma_dreamer_20260611-175726 flows=4 run=6
[responsive_fairness] ma_dreamer_20260611-175726 flows=2 run=46 done (46/200)
[slot=3] ep=6  flows=4  bw=83Mbps  delay=20ms  duration=345s  delays=[0.0, 15.0, 30.0, 45.0]  lifetimes=[345.0, 330.0, 315.0, 300.0]
[multi_ep_plot] saved -> /its/home/mm2350/extra/Olympusv2/benchmarks/benchmark_responsive_fairness/data/ma_dreamer_20260611-175726/2_flows/run47/ep000047_bw55_d18_n2.pdf  return=598621.3
[ep_plot] ep=47 -> /its/home/mm2350/extra/Olympusv2/benchmarks/benchmark_responsive_fairness/data/ma_dreamer_20260611-175726/2_flows/run47/ep000047_bw55_d18_n2.pdf  return=598621.34375
[orch] ep=47 sum-of-agents return=598621.3
[responsive_fairness] slot=7 ma_dreamer_20260611-175726 flows=4 run=7
[responsive_fairness] ma_dreamer_20260611-175726 flows=2 run=47 done (47/200)
[slot=7] ep=7  flows=4  bw=51Mbps  delay=29ms  duration=345s  delays=[0.0, 15.0, 30.0, 45.0]  lifetimes=[345.0, 330.0, 315.0, 300.0]
[sao-listener] new flow 1 10.0.0.1:23400->10.0.0.5:5205 cc=astraea pid=1875855 child=1877288
[sao-listener] single-flow mode: attached worker; stopping ss scans
[sao-listener flow 1] cport=23400 cc=astraea worker active
[sao-listener] cport=23600 worker=/its/home/mm2350/extra/Olympusv2/olympus/algorithms/ma_dreamer/worker.py scan=20ms target_cc=astraea single_flow=1 no_state_pipe=1
[sao-listener] cport=23601 worker=/its/home/mm2350/extra/Olympusv2/olympus/algorithms/ma_dreamer/worker.py scan=20ms target_cc=astraea single_flow=1 no_state_pipe=1
[sao-listener] cport=23602 worker=/its/home/mm2350/extra/Olympusv2/olympus/algorithms/ma_dreamer/worker.py scan=20ms target_cc=astraea single_flow=1 no_state_pipe=1
[sao-listener] cport=23603 worker=/its/home/mm2350/extra/Olympusv2/olympus/algorithms/ma_dreamer/worker.py scan=20ms target_cc=astraea single_flow=1 no_state_pipe=1
[worker cport=23800 agent=0] loaded checkpoint step=17958
[worker alg=ma_dreamer reward=tempest_fairness_ma cport=23800 agent=0 group=slot8_ep1 flow=1] started interval=20ms det=1 latent=8x8
[sao-listener] cport=23300 worker=/its/home/mm2350/extra/Olympusv2/olympus/algorithms/ma_dreamer/worker.py scan=20ms target_cc=astraea single_flow=1 no_state_pipe=1
[multi_ep_plot] saved -> /its/home/mm2350/extra/Olympusv2/benchmarks/benchmark_responsive_fairness/data/ma_dreamer_20260611-175726/2_flows/run48/ep000048_bw80_d50_n2.pdf  return=551614.0
[ep_plot] ep=48 -> /its/home/mm2350/extra/Olympusv2/benchmarks/benchmark_responsive_fairness/data/ma_dreamer_20260611-175726/2_flows/run48/ep000048_bw80_d50_n2.pdf  return=551614.015625
[orch] ep=48 sum-of-agents return=551614.0
[sao-listener] cport=23301 worker=/its/home/mm2350/extra/Olympusv2/olympus/algorithms/ma_dreamer/worker.py scan=20ms target_cc=astraea single_flow=1 no_state_pipe=1
[responsive_fairness] slot=2 ma_dreamer_20260611-175726 flows=4 run=8
[responsive_fairness] ma_dreamer_20260611-175726 flows=2 run=48 done (48/200)
[sao-listener] cport=23302 worker=/its/home/mm2350/extra/Olympusv2/olympus/algorithms/ma_dreamer/worker.py scan=20ms target_cc=astraea single_flow=1 no_state_pipe=1
[slot=2] ep=8  flows=4  bw=39Mbps  delay=57ms  duration=345s  delays=[0.0, 15.0, 30.0, 45.0]  lifetimes=[345.0, 330.0, 315.0, 300.0]
[sao-listener] cport=23303 worker=/its/home/mm2350/extra/Olympusv2/olympus/algorithms/ma_dreamer/worker.py scan=20ms target_cc=astraea single_flow=1 no_state_pipe=1
[sao-listener] cport=23700 worker=/its/home/mm2350/extra/Olympusv2/olympus/algorithms/ma_dreamer/worker.py scan=20ms target_cc=astraea single_flow=1 no_state_pipe=1
[multi_ep_plot] saved -> /its/home/mm2350/extra/Olympusv2/benchmarks/benchmark_responsive_fairness/data/ma_dreamer_20260611-175726/2_flows/run49/ep000049_bw18_d54_n2.pdf  return=604123.2
[ep_plot] ep=49 -> /its/home/mm2350/extra/Olympusv2/benchmarks/benchmark_responsive_fairness/data/ma_dreamer_20260611-175726/2_flows/run49/ep000049_bw18_d54_n2.pdf  return=604123.15625
[orch] ep=49 sum-of-agents return=604123.2
[sao-listener] cport=23701 worker=/its/home/mm2350/extra/Olympusv2/olympus/algorithms/ma_dreamer/worker.py scan=20ms target_cc=astraea single_flow=1 no_state_pipe=1
[responsive_fairness] slot=1 ma_dreamer_20260611-175726 flows=4 run=9
[responsive_fairness] ma_dreamer_20260611-175726 flows=2 run=49 done (49/200)
[sao-listener] cport=23702 worker=/its/home/mm2350/extra/Olympusv2/olympus/algorithms/ma_dreamer/worker.py scan=20ms target_cc=astraea single_flow=1 no_state_pipe=1
[slot=1] ep=9  flows=4  bw=69Mbps  delay=88ms  duration=345s  delays=[0.0, 15.0, 30.0, 45.0]  lifetimes=[345.0, 330.0, 315.0, 300.0]
[sao-listener] new flow 1 10.0.0.1:23900->10.0.0.5:5210 cc=astraea pid=1876974 child=1878563
[sao-listener] single-flow mode: attached worker; stopping ss scans
[sao-listener flow 1] cport=23900 cc=astraea worker active
[sao-listener] cport=23703 worker=/its/home/mm2350/extra/Olympusv2/olympus/algorithms/ma_dreamer/worker.py scan=20ms target_cc=astraea single_flow=1 no_state_pipe=1
[multi_ep_plot] saved -> /its/home/mm2350/extra/Olympusv2/benchmarks/benchmark_responsive_fairness/data/ma_dreamer_20260611-175726/2_flows/run50/ep000050_bw73_d44_n2.pdf  return=562904.7
[ep_plot] ep=50 -> /its/home/mm2350/extra/Olympusv2/benchmarks/benchmark_responsive_fairness/data/ma_dreamer_20260611-175726/2_flows/run50/ep000050_bw73_d44_n2.pdf  return=562904.71875
[orch] ep=50 sum-of-agents return=562904.7
[responsive_fairness] slot=0 ma_dreamer_20260611-175726 flows=4 run=10
[responsive_fairness] ma_dreamer_20260611-175726 flows=2 run=50 done (50/200)
[slot=0] ep=10  flows=4  bw=83Mbps  delay=14ms  duration=345s  delays=[0.0, 15.0, 30.0, 45.0]  lifetimes=[345.0, 330.0, 315.0, 300.0]
[worker cport=23400 agent=0] loaded checkpoint step=17958
[worker alg=ma_dreamer reward=tempest_fairness_ma cport=23400 agent=0 group=slot4_ep2 flow=1] started interval=20ms det=1 latent=8x8
[sao-listener] cport=23200 worker=/its/home/mm2350/extra/Olympusv2/olympus/algorithms/ma_dreamer/worker.py scan=20ms target_cc=astraea single_flow=1 no_state_pipe=1
[sao-listener] cport=23201 worker=/its/home/mm2350/extra/Olympusv2/olympus/algorithms/ma_dreamer/worker.py scan=20ms target_cc=astraea single_flow=1 no_state_pipe=1
[sao-listener] cport=23202 worker=/its/home/mm2350/extra/Olympusv2/olympus/algorithms/ma_dreamer/worker.py scan=20ms target_cc=astraea single_flow=1 no_state_pipe=1
[sao-listener] cport=23203 worker=/its/home/mm2350/extra/Olympusv2/olympus/algorithms/ma_dreamer/worker.py scan=20ms target_cc=astraea single_flow=1 no_state_pipe=1
[sao-listener] new flow 1 10.0.0.1:23500->10.0.0.5:5206 cc=astraea pid=1876595 child=1880013
[sao-listener] single-flow mode: attached worker; stopping ss scans
[sao-listener flow 1] cport=23500 cc=astraea worker active
[sao-listener] cport=23100 worker=/its/home/mm2350/extra/Olympusv2/olympus/algorithms/ma_dreamer/worker.py scan=20ms target_cc=astraea single_flow=1 no_state_pipe=1
[sao-listener] cport=23101 worker=/its/home/mm2350/extra/Olympusv2/olympus/algorithms/ma_dreamer/worker.py scan=20ms target_cc=astraea single_flow=1 no_state_pipe=1
[sao-listener] cport=23102 worker=/its/home/mm2350/extra/Olympusv2/olympus/algorithms/ma_dreamer/worker.py scan=20ms target_cc=astraea single_flow=1 no_state_pipe=1
[sao-listener] cport=23103 worker=/its/home/mm2350/extra/Olympusv2/olympus/algorithms/ma_dreamer/worker.py scan=20ms target_cc=astraea single_flow=1 no_state_pipe=1
[worker cport=23900 agent=0] loaded checkpoint step=17958
[worker alg=ma_dreamer reward=tempest_fairness_ma cport=23900 agent=0 group=slot9_ep4 flow=1] started interval=20ms det=1 latent=8x8
[sao-listener] cport=23000 worker=/its/home/mm2350/extra/Olympusv2/olympus/algorithms/ma_dreamer/worker.py scan=20ms target_cc=astraea single_flow=1 no_state_pipe=1
[sao-listener] cport=23001 worker=/its/home/mm2350/extra/Olympusv2/olympus/algorithms/ma_dreamer/worker.py scan=20ms target_cc=astraea single_flow=1 no_state_pipe=1
[sao-listener] cport=23002 worker=/its/home/mm2350/extra/Olympusv2/olympus/algorithms/ma_dreamer/worker.py scan=20ms target_cc=astraea single_flow=1 no_state_pipe=1
[sao-listener] cport=23003 worker=/its/home/mm2350/extra/Olympusv2/olympus/algorithms/ma_dreamer/worker.py scan=20ms target_cc=astraea single_flow=1 no_state_pipe=1
[sao-listener] new flow 1 10.0.0.1:23600->10.0.0.5:5207 cc=astraea pid=1878466 child=1880587
[sao-listener] single-flow mode: attached worker; stopping ss scans
[sao-listener flow 1] cport=23600 cc=astraea worker active
[worker cport=23500 agent=0] loaded checkpoint step=17958
[worker alg=ma_dreamer reward=tempest_fairness_ma cport=23500 agent=0 group=slot5_ep3 flow=1] started interval=20ms det=1 latent=8x8
[sao-listener] new flow 1 10.0.0.1:23300->10.0.0.5:5204 cc=astraea pid=1878833 child=1881568
[sao-listener] single-flow mode: attached worker; stopping ss scans
[sao-listener flow 1] cport=23300 cc=astraea worker active
[worker cport=23600 agent=0] loaded checkpoint step=17958
[worker alg=ma_dreamer reward=tempest_fairness_ma cport=23600 agent=0 group=slot6_ep5 flow=1] started interval=20ms det=1 latent=8x8
[sao-listener] new flow 1 10.0.0.1:23700->10.0.0.5:5208 cc=astraea pid=1879336 child=1882148
[sao-listener] single-flow mode: attached worker; stopping ss scans
[sao-listener flow 1] cport=23700 cc=astraea worker active
[worker cport=23300 agent=0] loaded checkpoint step=17958
[worker alg=ma_dreamer reward=tempest_fairness_ma cport=23300 agent=0 group=slot3_ep6 flow=1] started interval=20ms det=1 latent=8x8
[sao-listener] new flow 1 10.0.0.1:23200->10.0.0.5:5203 cc=astraea pid=1880417 child=1882921
[sao-listener] single-flow mode: attached worker; stopping ss scans
[sao-listener flow 1] cport=23200 cc=astraea worker active
[worker cport=23700 agent=0] loaded checkpoint step=17958
[worker alg=ma_dreamer reward=tempest_fairness_ma cport=23700 agent=0 group=slot7_ep7 flow=1] started interval=20ms det=1 latent=8x8
[sao-listener] new flow 1 10.0.0.1:23100->10.0.0.5:5202 cc=astraea pid=1880952 child=1883395
[sao-listener] single-flow mode: attached worker; stopping ss scans
[sao-listener flow 1] cport=23100 cc=astraea worker active
[worker cport=23200 agent=0] loaded checkpoint step=17958
[worker alg=ma_dreamer reward=tempest_fairness_ma cport=23200 agent=0 group=slot2_ep8 flow=1] started interval=20ms det=1 latent=8x8
[sao-listener] new flow 1 10.0.0.1:23000->10.0.0.5:5201 cc=astraea pid=1881187 child=1883739
[sao-listener] single-flow mode: attached worker; stopping ss scans
[sao-listener flow 1] cport=23000 cc=astraea worker active
[worker cport=23100 agent=0] loaded checkpoint step=17958
[worker alg=ma_dreamer reward=tempest_fairness_ma cport=23100 agent=0 group=slot1_ep9 flow=1] started interval=20ms det=1 latent=8x8
[worker cport=23000 agent=0] loaded checkpoint step=17958
[worker alg=ma_dreamer reward=tempest_fairness_ma cport=23000 agent=0 group=slot0_ep10 flow=1] started interval=20ms det=1 latent=8x8
[orch] link change t=15.0s bw=18 delay=42
[orch] link change t=15.0s bw=20 delay=56
[orch] link change t=15.0s bw=79 delay=26
[orch] link change t=15.0s bw=23 delay=60
[orch] link change t=15.0s bw=55 delay=98
[orch] link change t=15.0s bw=72 delay=43
[sao-listener] new flow 1 10.0.0.2:23501->10.0.0.6:5206 cc=astraea pid=1890345 child=1891055
[sao-listener] single-flow mode: attached worker; stopping ss scans
[sao-listener flow 1] cport=23501 cc=astraea worker active
[orch] link change t=15.0s bw=60 delay=93
[sao-listener] new flow 1 10.0.0.2:23801->10.0.0.6:5209 cc=astraea pid=1889477 child=1891321
[sao-listener] single-flow mode: attached worker; stopping ss scans
[sao-listener flow 1] cport=23801 cc=astraea worker active
[orch] link change t=15.0s bw=58 delay=26
[worker cport=23501 agent=1] loaded checkpoint step=17958
[worker alg=ma_dreamer reward=tempest_fairness_ma cport=23501 agent=1 group=slot5_ep3 flow=1] started interval=20ms det=1 latent=8x8
[sao-listener] new flow 1 10.0.0.2:23301->10.0.0.6:5204 cc=astraea pid=1891544 child=1891974
[sao-listener] single-flow mode: attached worker; stopping ss scans
[sao-listener flow 1] cport=23301 cc=astraea worker active
[orch] link change t=15.0s bw=57 delay=44
[sao-listener] new flow 1 10.0.0.2:23401->10.0.0.6:5205 cc=astraea pid=1889955 child=1892198
[sao-listener] single-flow mode: attached worker; stopping ss scans
[sao-listener flow 1] cport=23401 cc=astraea worker active
[worker cport=23801 agent=1] loaded checkpoint step=17958
[worker alg=ma_dreamer reward=tempest_fairness_ma cport=23801 agent=1 group=slot8_ep1 flow=1] started interval=20ms det=1 latent=8x8
[orch] link change t=15.0s bw=64 delay=71
[sao-listener] new flow 1 10.0.0.2:23701->10.0.0.6:5208 cc=astraea pid=1891736 child=1892567
[sao-listener] single-flow mode: attached worker; stopping ss scans
[sao-listener flow 1] cport=23701 cc=astraea worker active
[sao-listener] new flow 1 10.0.0.2:23901->10.0.0.6:5210 cc=astraea pid=1890697 child=1892574
[sao-listener] single-flow mode: attached worker; stopping ss scans
[sao-listener flow 1] cport=23901 cc=astraea worker active
[worker cport=23301 agent=1] loaded checkpoint step=17958
[worker alg=ma_dreamer reward=tempest_fairness_ma cport=23301 agent=1 group=slot3_ep6 flow=1] started interval=20ms det=1 latent=8x8
[worker cport=23401 agent=1] loaded checkpoint step=17958
[worker alg=ma_dreamer reward=tempest_fairness_ma cport=23401 agent=1 group=slot4_ep2 flow=1] started interval=20ms det=1 latent=8x8
[worker cport=23901 agent=1] loaded checkpoint step=17958
[worker alg=ma_dreamer reward=tempest_fairness_ma cport=23901 agent=1 group=slot9_ep4 flow=1] started interval=20ms det=1 latent=8x8
[worker cport=23701 agent=1] loaded checkpoint step=17958
[worker alg=ma_dreamer reward=tempest_fairness_ma cport=23701 agent=1 group=slot7_ep7 flow=1] started interval=20ms det=1 latent=8x8
[sao-listener] new flow 1 10.0.0.2:23201->10.0.0.6:5203 cc=astraea pid=1892334 child=1893757
[sao-listener] single-flow mode: attached worker; stopping ss scans
[sao-listener flow 1] cport=23201 cc=astraea worker active
[sao-listener] new flow 1 10.0.0.2:23601->10.0.0.6:5207 cc=astraea pid=1891287 child=1893948
[sao-listener] single-flow mode: attached worker; stopping ss scans
[sao-listener flow 1] cport=23601 cc=astraea worker active
[sao-listener] new flow 1 10.0.0.2:23101->10.0.0.6:5202 cc=astraea pid=1892546 child=1894209
[sao-listener] single-flow mode: attached worker; stopping ss scans
[sao-listener flow 1] cport=23101 cc=astraea worker active
[sao-listener] new flow 1 10.0.0.2:23001->10.0.0.6:5201 cc=astraea pid=1892725 child=1894394
[sao-listener] single-flow mode: attached worker; stopping ss scans
[sao-listener flow 1] cport=23001 cc=astraea worker active
[worker cport=23201 agent=1] loaded checkpoint step=17958
[worker alg=ma_dreamer reward=tempest_fairness_ma cport=23201 agent=1 group=slot2_ep8 flow=1] started interval=20ms det=1 latent=8x8
[worker cport=23601 agent=1] loaded checkpoint step=17958
[worker alg=ma_dreamer reward=tempest_fairness_ma cport=23601 agent=1 group=slot6_ep5 flow=1] started interval=20ms det=1 latent=8x8
[worker cport=23101 agent=1] loaded checkpoint step=17958
[worker alg=ma_dreamer reward=tempest_fairness_ma cport=23101 agent=1 group=slot1_ep9 flow=1] started interval=20ms det=1 latent=8x8
[worker cport=23001 agent=1] loaded checkpoint step=17958
[worker alg=ma_dreamer reward=tempest_fairness_ma cport=23001 agent=1 group=slot0_ep10 flow=1] started interval=20ms det=1 latent=8x8
[orch] link change t=30.0s bw=25 delay=73
[orch] link change t=30.0s bw=31 delay=95
[orch] link change t=30.0s bw=57 delay=87
[orch] link change t=30.0s bw=71 delay=29
[sao-listener] new flow 1 10.0.0.3:23802->10.0.0.7:5209 cc=astraea pid=1898894 child=1899455
[sao-listener] single-flow mode: attached worker; stopping ss scans
[sao-listener flow 1] cport=23802 cc=astraea worker active
[orch] link change t=30.0s bw=93 delay=77
[worker cport=23802 agent=2] loaded checkpoint step=17958
[worker alg=ma_dreamer reward=tempest_fairness_ma cport=23802 agent=2 group=slot8_ep1 flow=1] started interval=20ms det=1 latent=8x8
[orch] link change t=30.0s bw=14 delay=10
[sao-listener] new flow 1 10.0.0.3:23402->10.0.0.7:5205 cc=astraea pid=1899230 child=1900104
[sao-listener] single-flow mode: attached worker; stopping ss scans
[sao-listener flow 1] cport=23402 cc=astraea worker active
[orch] link change t=30.0s bw=16 delay=19
[sao-listener] new flow 1 10.0.0.3:23902->10.0.0.7:5210 cc=astraea pid=1899743 child=1900418
[sao-listener] single-flow mode: attached worker; stopping ss scans
[sao-listener flow 1] cport=23902 cc=astraea worker active
[orch] link change t=30.0s bw=34 delay=100
[worker cport=23402 agent=2] loaded checkpoint step=17958
[worker alg=ma_dreamer reward=tempest_fairness_ma cport=23402 agent=2 group=slot4_ep2 flow=1] started interval=20ms det=1 latent=8x8
[orch] link change t=30.0s bw=27 delay=33
[orch] link change t=30.0s bw=83 delay=11
[worker cport=23902 agent=2] loaded checkpoint step=17958
[worker alg=ma_dreamer reward=tempest_fairness_ma cport=23902 agent=2 group=slot9_ep4 flow=1] started interval=20ms det=1 latent=8x8
[sao-listener] new flow 1 10.0.0.3:23602->10.0.0.7:5207 cc=astraea pid=1900188 child=1901285
[sao-listener] single-flow mode: attached worker; stopping ss scans
[sao-listener flow 1] cport=23602 cc=astraea worker active
[sao-listener] new flow 1 10.0.0.3:23502->10.0.0.7:5206 cc=astraea pid=1899527 child=1901347
[sao-listener] single-flow mode: attached worker; stopping ss scans
[sao-listener flow 1] cport=23502 cc=astraea worker active
[sao-listener] new flow 1 10.0.0.3:23102->10.0.0.7:5202 cc=astraea pid=1901013 child=1901518
[sao-listener] single-flow mode: attached worker; stopping ss scans
[sao-listener flow 1] cport=23102 cc=astraea worker active
[sao-listener] new flow 1 10.0.0.3:23002->10.0.0.7:5201 cc=astraea pid=1901089 child=1901587
[sao-listener] single-flow mode: attached worker; stopping ss scans
[sao-listener flow 1] cport=23002 cc=astraea worker active
[sao-listener] new flow 1 10.0.0.3:23302->10.0.0.7:5204 cc=astraea pid=1900323 child=1901873
[sao-listener] single-flow mode: attached worker; stopping ss scans
[sao-listener flow 1] cport=23302 cc=astraea worker active
[worker cport=23502 agent=2] loaded checkpoint step=17958
[worker cport=23602 agent=2] loaded checkpoint step=17958
[worker alg=ma_dreamer reward=tempest_fairness_ma cport=23502 agent=2 group=slot5_ep3 flow=1] started interval=20ms det=1 latent=8x8
[worker alg=ma_dreamer reward=tempest_fairness_ma cport=23602 agent=2 group=slot6_ep5 flow=1] started interval=20ms det=1 latent=8x8
[worker cport=23102 agent=2] loaded checkpoint step=17958
[worker alg=ma_dreamer reward=tempest_fairness_ma cport=23102 agent=2 group=slot1_ep9 flow=1] started interval=20ms det=1 latent=8x8
[worker cport=23002 agent=2] loaded checkpoint step=17958
[worker alg=ma_dreamer reward=tempest_fairness_ma cport=23002 agent=2 group=slot0_ep10 flow=1] started interval=20ms det=1 latent=8x8
[sao-listener] new flow 1 10.0.0.3:23702->10.0.0.7:5208 cc=astraea pid=1900496 child=1902220
[sao-listener] single-flow mode: attached worker; stopping ss scans
[sao-listener flow 1] cport=23702 cc=astraea worker active
[worker cport=23302 agent=2] loaded checkpoint step=17958
[worker alg=ma_dreamer reward=tempest_fairness_ma cport=23302 agent=2 group=slot3_ep6 flow=1] started interval=20ms det=1 latent=8x8
[worker cport=23702 agent=2] loaded checkpoint step=17958
[worker alg=ma_dreamer reward=tempest_fairness_ma cport=23702 agent=2 group=slot7_ep7 flow=1] started interval=20ms det=1 latent=8x8
[sao-listener] new flow 1 10.0.0.3:23202->10.0.0.7:5203 cc=astraea pid=1900810 child=1902772
[sao-listener] single-flow mode: attached worker; stopping ss scans
[sao-listener flow 1] cport=23202 cc=astraea worker active
[worker cport=23202 agent=2] loaded checkpoint step=17958
[worker alg=ma_dreamer reward=tempest_fairness_ma cport=23202 agent=2 group=slot2_ep8 flow=1] started interval=20ms det=1 latent=8x8
[orch] link change t=45.0s bw=67 delay=70
[orch] link change t=45.0s bw=49 delay=42
[orch] link change t=45.0s bw=70 delay=90
[sao-listener] new flow 1 10.0.0.4:23403->10.0.0.8:5205 cc=astraea pid=1904903 child=1904976
[sao-listener] single-flow mode: attached worker; stopping ss scans
[sao-listener flow 1] cport=23403 cc=astraea worker active
[orch] link change t=45.0s bw=21 delay=18
[worker cport=23403 agent=3] loaded checkpoint step=17958
[worker alg=ma_dreamer reward=tempest_fairness_ma cport=23403 agent=3 group=slot4_ep2 flow=1] started interval=20ms det=1 latent=8x8
[orch] link change t=45.0s bw=13 delay=69
[orch] link change t=45.0s bw=28 delay=94
[orch] link change t=45.0s bw=78 delay=22
[orch] link change t=45.0s bw=15 delay=20
[sao-listener] new flow 1 10.0.0.4:23503->10.0.0.8:5206 cc=astraea pid=1905077 child=1905628
[sao-listener] single-flow mode: attached worker; stopping ss scans
[sao-listener flow 1] cport=23503 cc=astraea worker active
[orch] link change t=45.0s bw=96 delay=10
[orch] link change t=45.0s bw=36 delay=69
[sao-listener] new flow 1 10.0.0.4:23803->10.0.0.8:5209 cc=astraea pid=1904735 child=1905765
[sao-listener] single-flow mode: attached worker; stopping ss scans
[sao-listener flow 1] cport=23803 cc=astraea worker active
[worker cport=23503 agent=3] loaded checkpoint step=17958
[worker alg=ma_dreamer reward=tempest_fairness_ma cport=23503 agent=3 group=slot5_ep3 flow=1] started interval=20ms det=1 latent=8x8
[sao-listener] new flow 1 10.0.0.4:23303->10.0.0.8:5204 cc=astraea pid=1905492 child=1905970
[sao-listener] single-flow mode: attached worker; stopping ss scans
[sao-listener flow 1] cport=23303 cc=astraea worker active
[worker cport=23803 agent=3] loaded checkpoint step=17958
[worker alg=ma_dreamer reward=tempest_fairness_ma cport=23803 agent=3 group=slot8_ep1 flow=1] started interval=20ms det=1 latent=8x8
[sao-listener] new flow 1 10.0.0.4:23703->10.0.0.8:5208 cc=astraea pid=1905557 child=1906108
[sao-listener] single-flow mode: attached worker; stopping ss scans
[sao-listener flow 1] cport=23703 cc=astraea worker active
[sao-listener] new flow 1 10.0.0.4:23903->10.0.0.8:5210 cc=astraea pid=1905195 child=1906176
[sao-listener] single-flow mode: attached worker; stopping ss scans
[sao-listener flow 1] cport=23903 cc=astraea worker active
[worker cport=23303 agent=3] loaded checkpoint step=17958
[worker alg=ma_dreamer reward=tempest_fairness_ma cport=23303 agent=3 group=slot3_ep6 flow=1] started interval=20ms det=1 latent=8x8
[worker cport=23703 agent=3] loaded checkpoint step=17958
[worker alg=ma_dreamer reward=tempest_fairness_ma cport=23703 agent=3 group=slot7_ep7 flow=1] started interval=20ms det=1 latent=8x8
[worker cport=23903 agent=3] loaded checkpoint step=17958
[worker alg=ma_dreamer reward=tempest_fairness_ma cport=23903 agent=3 group=slot9_ep4 flow=1] started interval=20ms det=1 latent=8x8
[sao-listener] new flow 1 10.0.0.4:23203->10.0.0.8:5203 cc=astraea pid=1905746 child=1906538
[sao-listener] single-flow mode: attached worker; stopping ss scans
[sao-listener flow 1] cport=23203 cc=astraea worker active
[sao-listener] new flow 1 10.0.0.4:23603->10.0.0.8:5207 cc=astraea pid=1905425 child=1906600
[sao-listener] single-flow mode: attached worker; stopping ss scans
[sao-listener flow 1] cport=23603 cc=astraea worker active
[sao-listener] new flow 1 10.0.0.4:23103->10.0.0.8:5202 cc=astraea pid=1905855 child=1906667
[sao-listener] single-flow mode: attached worker; stopping ss scans
[sao-listener flow 1] cport=23103 cc=astraea worker active
[sao-listener] new flow 1 10.0.0.4:23003->10.0.0.8:5201 cc=astraea pid=1905929 child=1906772
[sao-listener] single-flow mode: attached worker; stopping ss scans
[sao-listener flow 1] cport=23003 cc=astraea worker active
[worker cport=23203 agent=3] loaded checkpoint step=17958
[worker alg=ma_dreamer reward=tempest_fairness_ma cport=23203 agent=3 group=slot2_ep8 flow=1] started interval=20ms det=1 latent=8x8
[worker cport=23603 agent=3] loaded checkpoint step=17958
[worker alg=ma_dreamer reward=tempest_fairness_ma cport=23603 agent=3 group=slot6_ep5 flow=1] started interval=20ms det=1 latent=8x8
[worker cport=23103 agent=3] loaded checkpoint step=17958
[worker alg=ma_dreamer reward=tempest_fairness_ma cport=23103 agent=3 group=slot1_ep9 flow=1] started interval=20ms det=1 latent=8x8
[worker cport=23003 agent=3] loaded checkpoint step=17958
[worker alg=ma_dreamer reward=tempest_fairness_ma cport=23003 agent=3 group=slot0_ep10 flow=1] started interval=20ms det=1 latent=8x8
[orch] link change t=60.0s bw=93 delay=58
[orch] link change t=60.0s bw=87 delay=37
[orch] link change t=60.0s bw=84 delay=18
[orch] link change t=60.0s bw=12 delay=61
[orch] link change t=60.0s bw=41 delay=93
[orch] link change t=60.0s bw=85 delay=70
[orch] link change t=60.0s bw=56 delay=84
[orch] link change t=60.0s bw=27 delay=41
[orch] link change t=60.0s bw=53 delay=74
[orch] link change t=60.0s bw=72 delay=45
[orch] link change t=75.0s bw=36 delay=22
[orch] link change t=75.0s bw=87 delay=14
[orch] link change t=75.0s bw=87 delay=11
[orch] link change t=75.0s bw=80 delay=47
[orch] link change t=75.0s bw=16 delay=30
[orch] link change t=75.0s bw=57 delay=50
[orch] link change t=75.0s bw=17 delay=74
[orch] link change t=75.0s bw=74 delay=36
[orch] link change t=75.0s bw=69 delay=87
[orch] link change t=75.0s bw=93 delay=30
[orch] link change t=90.0s bw=72 delay=13
[orch] link change t=90.0s bw=84 delay=97
[orch] link change t=90.0s bw=70 delay=43
[orch] link change t=90.0s bw=17 delay=38
[orch] link change t=90.0s bw=24 delay=57
[orch] link change t=90.0s bw=12 delay=44
[orch] link change t=90.0s bw=37 delay=14
[orch] link change t=90.0s bw=61 delay=92
[orch] link change t=90.0s bw=20 delay=52
[orch] link change t=90.0s bw=14 delay=76
[orch] link change t=105.0s bw=59 delay=65
[orch] link change t=105.0s bw=30 delay=65
[orch] link change t=105.0s bw=80 delay=39
[orch] link change t=105.0s bw=76 delay=78
[orch] link change t=105.0s bw=70 delay=41
[orch] link change t=105.0s bw=72 delay=35
[orch] link change t=105.0s bw=21 delay=65
[orch] link change t=105.0s bw=13 delay=68
[orch] link change t=105.0s bw=80 delay=88
[orch] link change t=105.0s bw=72 delay=51
[orch] link change t=120.0s bw=87 delay=10
[orch] link change t=120.0s bw=91 delay=60
[orch] link change t=120.0s bw=34 delay=70
[orch] link change t=120.0s bw=56 delay=45
[orch] link change t=120.0s bw=58 delay=79
[orch] link change t=120.0s bw=62 delay=78
[orch] link change t=120.0s bw=63 delay=18
[orch] link change t=120.0s bw=72 delay=68
[orch] link change t=120.0s bw=99 delay=15
[orch] link change t=120.0s bw=19 delay=41
[orch] link change t=135.0s bw=99 delay=67
[orch] link change t=135.0s bw=75 delay=57
[orch] link change t=135.0s bw=79 delay=80
[orch] link change t=135.0s bw=32 delay=23
[orch] link change t=135.0s bw=23 delay=83
[orch] link change t=135.0s bw=79 delay=97
[orch] link change t=135.0s bw=40 delay=21
[orch] link change t=135.0s bw=59 delay=73
[orch] link change t=135.0s bw=58 delay=31
[orch] link change t=135.0s bw=56 delay=15
[orch] link change t=150.0s bw=44 delay=39
[orch] link change t=150.0s bw=79 delay=66
[orch] link change t=150.0s bw=70 delay=60
[orch] link change t=150.0s bw=43 delay=37
[orch] link change t=150.0s bw=41 delay=11
[orch] link change t=150.0s bw=22 delay=34
[orch] link change t=150.0s bw=80 delay=64
[orch] link change t=150.0s bw=83 delay=34
[orch] link change t=150.0s bw=100 delay=67
[orch] link change t=150.0s bw=63 delay=27
[orch] link change t=165.0s bw=85 delay=23
[orch] link change t=165.0s bw=74 delay=44
[orch] link change t=165.0s bw=91 delay=29
[orch] link change t=165.0s bw=13 delay=92
[orch] link change t=165.0s bw=37 delay=62
[orch] link change t=165.0s bw=82 delay=80
[orch] link change t=165.0s bw=17 delay=82
[orch] link change t=165.0s bw=61 delay=21
[orch] link change t=165.0s bw=64 delay=30
[orch] link change t=165.0s bw=87 delay=55
[orch] link change t=180.0s bw=50 delay=13
[orch] link change t=180.0s bw=14 delay=13
[orch] link change t=180.0s bw=39 delay=91
[orch] link change t=180.0s bw=43 delay=44
[orch] link change t=180.0s bw=45 delay=33
[orch] link change t=180.0s bw=99 delay=43
[orch] link change t=180.0s bw=25 delay=38
[orch] link change t=180.0s bw=72 delay=39
[orch] link change t=180.0s bw=31 delay=40
[orch] link change t=180.0s bw=58 delay=63
[orch] link change t=195.0s bw=12 delay=13
[orch] link change t=195.0s bw=56 delay=69
[orch] link change t=195.0s bw=29 delay=76
[orch] link change t=195.0s bw=34 delay=31
[orch] link change t=195.0s bw=59 delay=30
[orch] link change t=195.0s bw=94 delay=88
[orch] link change t=195.0s bw=90 delay=90
[orch] link change t=195.0s bw=12 delay=99
[orch] link change t=195.0s bw=16 delay=24
[orch] link change t=195.0s bw=46 delay=96
[orch] link change t=210.0s bw=93 delay=79
[orch] link change t=210.0s bw=50 delay=58
[orch] link change t=210.0s bw=59 delay=11
[orch] link change t=210.0s bw=49 delay=47
[orch] link change t=210.0s bw=19 delay=27
[orch] link change t=210.0s bw=97 delay=21
[orch] link change t=210.0s bw=84 delay=17
[orch] link change t=210.0s bw=44 delay=76
[orch] link change t=210.0s bw=26 delay=74
[orch] link change t=210.0s bw=43 delay=68
[orch] link change t=225.0s bw=11 delay=58
[orch] link change t=225.0s bw=64 delay=77
[orch] link change t=225.0s bw=95 delay=18
[orch] link change t=225.0s bw=90 delay=57
[orch] link change t=225.0s bw=89 delay=89
[orch] link change t=225.0s bw=64 delay=52
[orch] link change t=225.0s bw=83 delay=84
[orch] link change t=225.0s bw=62 delay=70
[orch] link change t=225.0s bw=85 delay=18
[orch] link change t=225.0s bw=32 delay=97
[orch] link change t=240.0s bw=97 delay=37
[orch] link change t=240.0s bw=31 delay=81
[orch] link change t=240.0s bw=30 delay=85
[orch] link change t=240.0s bw=21 delay=87
[orch] link change t=240.0s bw=66 delay=26
[orch] link change t=240.0s bw=21 delay=56
[orch] link change t=240.0s bw=60 delay=16
[orch] link change t=240.0s bw=58 delay=24
[orch] link change t=240.0s bw=98 delay=59
[orch] link change t=240.0s bw=48 delay=94
[orch] link change t=255.0s bw=64 delay=13
[orch] link change t=255.0s bw=32 delay=40
[orch] link change t=255.0s bw=15 delay=48
[orch] link change t=255.0s bw=53 delay=95
[orch] link change t=255.0s bw=26 delay=10
[orch] link change t=255.0s bw=62 delay=42
[orch] link change t=255.0s bw=38 delay=15
[orch] link change t=255.0s bw=94 delay=43
[orch] link change t=255.0s bw=23 delay=47
[orch] link change t=255.0s bw=56 delay=27
[orch] link change t=270.0s bw=77 delay=38
[orch] link change t=270.0s bw=39 delay=13
[orch] link change t=270.0s bw=13 delay=44
[orch] link change t=270.0s bw=59 delay=74
[orch] link change t=270.0s bw=10 delay=36
[orch] link change t=270.0s bw=66 delay=99
[orch] link change t=270.0s bw=81 delay=27
[orch] link change t=270.0s bw=22 delay=18
[orch] link change t=270.0s bw=36 delay=96
[orch] link change t=270.0s bw=68 delay=40
[orch] link change t=285.0s bw=66 delay=73
[orch] link change t=285.0s bw=32 delay=51
[orch] link change t=285.0s bw=70 delay=86
[orch] link change t=285.0s bw=41 delay=32
[orch] link change t=285.0s bw=37 delay=31
[orch] link change t=285.0s bw=22 delay=35
[orch] link change t=285.0s bw=47 delay=63
[orch] link change t=285.0s bw=59 delay=89
[orch] link change t=285.0s bw=38 delay=63
[orch] link change t=285.0s bw=66 delay=88
[orch] link change t=300.0s bw=80 delay=39
[orch] link change t=300.0s bw=32 delay=27
[orch] link change t=300.0s bw=59 delay=64
[orch] link change t=300.0s bw=41 delay=70
[orch] link change t=300.0s bw=31 delay=47
[orch] link change t=300.0s bw=99 delay=91
[orch] link change t=300.0s bw=28 delay=79
[orch] link change t=300.0s bw=58 delay=23
[orch] link change t=300.0s bw=21 delay=44
[orch] link change t=300.0s bw=58 delay=15
[orch] link change t=315.0s bw=54 delay=39
[orch] link change t=315.0s bw=75 delay=75
[orch] link change t=315.0s bw=60 delay=83
[orch] link change t=315.0s bw=45 delay=21
[orch] link change t=315.0s bw=50 delay=35
[orch] link change t=315.0s bw=47 delay=22
[orch] link change t=315.0s bw=25 delay=83
[orch] link change t=315.0s bw=94 delay=17
[orch] link change t=315.0s bw=36 delay=60
[orch] link change t=315.0s bw=84 delay=10
[orch] link change t=330.0s bw=96 delay=38
[orch] link change t=330.0s bw=56 delay=75
[orch] link change t=330.0s bw=66 delay=27
[orch] link change t=330.0s bw=80 delay=48
[orch] link change t=330.0s bw=79 delay=96
[orch] link change t=330.0s bw=15 delay=85
[orch] link change t=330.0s bw=49 delay=81
[orch] link change t=330.0s bw=53 delay=40
[orch] link change t=330.0s bw=45 delay=53
[orch] link change t=330.0s bw=40 delay=27
[multi_ep_plot] saved -> /its/home/mm2350/extra/Olympusv2/benchmarks/benchmark_responsive_fairness/data/ma_dreamer_20260611-175726/4_flows/run1/ep000001_bw27_d82_n4.pdf  return=1118651.9
[ep_plot] ep=1 -> /its/home/mm2350/extra/Olympusv2/benchmarks/benchmark_responsive_fairness/data/ma_dreamer_20260611-175726/4_flows/run1/ep000001_bw27_d82_n4.pdf  return=1118651.90625
[orch] ep=1 sum-of-agents return=1118651.9
[responsive_fairness] slot=8 ma_dreamer_20260611-175726 flows=4 run=11
[responsive_fairness] ma_dreamer_20260611-175726 flows=4 run=1 done (51/200)
[slot=8] ep=11  flows=4  bw=67Mbps  delay=81ms  duration=345s  delays=[0.0, 15.0, 30.0, 45.0]  lifetimes=[345.0, 330.0, 315.0, 300.0]
[sao-listener] cport=23800 worker=/its/home/mm2350/extra/Olympusv2/olympus/algorithms/ma_dreamer/worker.py scan=20ms target_cc=astraea single_flow=1 no_state_pipe=1
[sao-listener] cport=23801 worker=/its/home/mm2350/extra/Olympusv2/olympus/algorithms/ma_dreamer/worker.py scan=20ms target_cc=astraea single_flow=1 no_state_pipe=1
[multi_ep_plot] saved -> /its/home/mm2350/extra/Olympusv2/benchmarks/benchmark_responsive_fairness/data/ma_dreamer_20260611-175726/4_flows/run2/ep000002_bw17_d21_n4.pdf  return=1052110.4
[ep_plot] ep=2 -> /its/home/mm2350/extra/Olympusv2/benchmarks/benchmark_responsive_fairness/data/ma_dreamer_20260611-175726/4_flows/run2/ep000002_bw17_d21_n4.pdf  return=1052110.4375
[orch] ep=2 sum-of-agents return=1052110.4
[sao-listener] cport=23802 worker=/its/home/mm2350/extra/Olympusv2/olympus/algorithms/ma_dreamer/worker.py scan=20ms target_cc=astraea single_flow=1 no_state_pipe=1
[responsive_fairness] slot=4 ma_dreamer_20260611-175726 flows=4 run=12
[responsive_fairness] ma_dreamer_20260611-175726 flows=4 run=2 done (52/200)
[sao-listener] cport=23803 worker=/its/home/mm2350/extra/Olympusv2/olympus/algorithms/ma_dreamer/worker.py scan=20ms target_cc=astraea single_flow=1 no_state_pipe=1
[slot=4] ep=12  flows=4  bw=70Mbps  delay=44ms  duration=345s  delays=[0.0, 15.0, 30.0, 45.0]  lifetimes=[345.0, 330.0, 315.0, 300.0]
[multi_ep_plot] saved -> /its/home/mm2350/extra/Olympusv2/benchmarks/benchmark_responsive_fairness/data/ma_dreamer_20260611-175726/4_flows/run3/ep000003_bw40_d85_n4.pdf  return=1073403.4
[ep_plot] ep=3 -> /its/home/mm2350/extra/Olympusv2/benchmarks/benchmark_responsive_fairness/data/ma_dreamer_20260611-175726/4_flows/run3/ep000003_bw40_d85_n4.pdf  return=1073403.359375
[orch] ep=3 sum-of-agents return=1073403.4
[responsive_fairness] slot=5 ma_dreamer_20260611-175726 flows=4 run=13
[responsive_fairness] ma_dreamer_20260611-175726 flows=4 run=3 done (53/200)
[slot=5] ep=13  flows=4  bw=43Mbps  delay=47ms  duration=345s  delays=[0.0, 15.0, 30.0, 45.0]  lifetimes=[345.0, 330.0, 315.0, 300.0]
[sao-listener] cport=23400 worker=/its/home/mm2350/extra/Olympusv2/olympus/algorithms/ma_dreamer/worker.py scan=20ms target_cc=astraea single_flow=1 no_state_pipe=1
[sao-listener] cport=23401 worker=/its/home/mm2350/extra/Olympusv2/olympus/algorithms/ma_dreamer/worker.py scan=20ms target_cc=astraea single_flow=1 no_state_pipe=1
[sao-listener] cport=23402 worker=/its/home/mm2350/extra/Olympusv2/olympus/algorithms/ma_dreamer/worker.py scan=20ms target_cc=astraea single_flow=1 no_state_pipe=1
[sao-listener] cport=23403 worker=/its/home/mm2350/extra/Olympusv2/olympus/algorithms/ma_dreamer/worker.py scan=20ms target_cc=astraea single_flow=1 no_state_pipe=1
[multi_ep_plot] saved -> /its/home/mm2350/extra/Olympusv2/benchmarks/benchmark_responsive_fairness/data/ma_dreamer_20260611-175726/4_flows/run4/ep000004_bw40_d48_n4.pdf  return=1082188.3
[ep_plot] ep=4 -> /its/home/mm2350/extra/Olympusv2/benchmarks/benchmark_responsive_fairness/data/ma_dreamer_20260611-175726/4_flows/run4/ep000004_bw40_d48_n4.pdf  return=1082188.296875
[orch] ep=4 sum-of-agents return=1082188.3
[responsive_fairness] slot=9 ma_dreamer_20260611-175726 flows=4 run=14
[responsive_fairness] ma_dreamer_20260611-175726 flows=4 run=4 done (54/200)
[slot=9] ep=14  flows=4  bw=23Mbps  delay=88ms  duration=345s  delays=[0.0, 15.0, 30.0, 45.0]  lifetimes=[345.0, 330.0, 315.0, 300.0]
[sao-listener] cport=23500 worker=/its/home/mm2350/extra/Olympusv2/olympus/algorithms/ma_dreamer/worker.py scan=20ms target_cc=astraea single_flow=1 no_state_pipe=1
[sao-listener] cport=23501 worker=/its/home/mm2350/extra/Olympusv2/olympus/algorithms/ma_dreamer/worker.py scan=20ms target_cc=astraea single_flow=1 no_state_pipe=1
[sao-listener] cport=23502 worker=/its/home/mm2350/extra/Olympusv2/olympus/algorithms/ma_dreamer/worker.py scan=20ms target_cc=astraea single_flow=1 no_state_pipe=1
[sao-listener] cport=23503 worker=/its/home/mm2350/extra/Olympusv2/olympus/algorithms/ma_dreamer/worker.py scan=20ms target_cc=astraea single_flow=1 no_state_pipe=1
[sao-listener] new flow 1 10.0.0.1:23800->10.0.0.5:5209 cc=astraea pid=1911196 child=1912219
[sao-listener] single-flow mode: attached worker; stopping ss scans
[sao-listener flow 1] cport=23800 cc=astraea worker active
[sao-listener] cport=23900 worker=/its/home/mm2350/extra/Olympusv2/olympus/algorithms/ma_dreamer/worker.py scan=20ms target_cc=astraea single_flow=1 no_state_pipe=1
[sao-listener] cport=23901 worker=/its/home/mm2350/extra/Olympusv2/olympus/algorithms/ma_dreamer/worker.py scan=20ms target_cc=astraea single_flow=1 no_state_pipe=1
[sao-listener] cport=23902 worker=/its/home/mm2350/extra/Olympusv2/olympus/algorithms/ma_dreamer/worker.py scan=20ms target_cc=astraea single_flow=1 no_state_pipe=1
[sao-listener] cport=23903 worker=/its/home/mm2350/extra/Olympusv2/olympus/algorithms/ma_dreamer/worker.py scan=20ms target_cc=astraea single_flow=1 no_state_pipe=1
[multi_ep_plot] saved -> /its/home/mm2350/extra/Olympusv2/benchmarks/benchmark_responsive_fairness/data/ma_dreamer_20260611-175726/4_flows/run5/ep000005_bw89_d42_n4.pdf  return=968410.9
[ep_plot] ep=5 -> /its/home/mm2350/extra/Olympusv2/benchmarks/benchmark_responsive_fairness/data/ma_dreamer_20260611-175726/4_flows/run5/ep000005_bw89_d42_n4.pdf  return=968410.859375
[orch] ep=5 sum-of-agents return=968410.9
[responsive_fairness] slot=6 ma_dreamer_20260611-175726 flows=4 run=15
[responsive_fairness] ma_dreamer_20260611-175726 flows=4 run=5 done (55/200)
[slot=6] ep=15  flows=4  bw=36Mbps  delay=11ms  duration=345s  delays=[0.0, 15.0, 30.0, 45.0]  lifetimes=[345.0, 330.0, 315.0, 300.0]
[sao-listener] new flow 1 10.0.0.1:23400->10.0.0.5:5205 cc=astraea pid=1911862 child=1912906
[sao-listener] single-flow mode: attached worker; stopping ss scans
[sao-listener flow 1] cport=23400 cc=astraea worker active
[sao-listener] new flow 1 10.0.0.1:23500->10.0.0.5:5206 cc=astraea pid=1912496 child=1912979
[sao-listener] single-flow mode: attached worker; stopping ss scans
[sao-listener flow 1] cport=23500 cc=astraea worker active
[multi_ep_plot] saved -> /its/home/mm2350/extra/Olympusv2/benchmarks/benchmark_responsive_fairness/data/ma_dreamer_20260611-175726/4_flows/run6/ep000006_bw83_d20_n4.pdf  return=1009214.1
[ep_plot] ep=6 -> /its/home/mm2350/extra/Olympusv2/benchmarks/benchmark_responsive_fairness/data/ma_dreamer_20260611-175726/4_flows/run6/ep000006_bw83_d20_n4.pdf  return=1009214.09375
[orch] ep=6 sum-of-agents return=1009214.1
[responsive_fairness] slot=3 ma_dreamer_20260611-175726 flows=4 run=16
[responsive_fairness] ma_dreamer_20260611-175726 flows=4 run=6 done (56/200)
[slot=3] ep=16  flows=4  bw=56Mbps  delay=70ms  duration=345s  delays=[0.0, 15.0, 30.0, 45.0]  lifetimes=[345.0, 330.0, 315.0, 300.0]
[worker cport=23800 agent=0] loaded checkpoint step=17958
[worker alg=ma_dreamer reward=tempest_fairness_ma cport=23800 agent=0 group=slot8_ep11 flow=1] started interval=20ms det=1 latent=8x8
[sao-listener] cport=23600 worker=/its/home/mm2350/extra/Olympusv2/olympus/algorithms/ma_dreamer/worker.py scan=20ms target_cc=astraea single_flow=1 no_state_pipe=1
[sao-listener] cport=23601 worker=/its/home/mm2350/extra/Olympusv2/olympus/algorithms/ma_dreamer/worker.py scan=20ms target_cc=astraea single_flow=1 no_state_pipe=1
[sao-listener] cport=23602 worker=/its/home/mm2350/extra/Olympusv2/olympus/algorithms/ma_dreamer/worker.py scan=20ms target_cc=astraea single_flow=1 no_state_pipe=1
[sao-listener] cport=23603 worker=/its/home/mm2350/extra/Olympusv2/olympus/algorithms/ma_dreamer/worker.py scan=20ms target_cc=astraea single_flow=1 no_state_pipe=1
[multi_ep_plot] saved -> /its/home/mm2350/extra/Olympusv2/benchmarks/benchmark_responsive_fairness/data/ma_dreamer_20260611-175726/4_flows/run7/ep000007_bw51_d29_n4.pdf  return=978997.3
[ep_plot] ep=7 -> /its/home/mm2350/extra/Olympusv2/benchmarks/benchmark_responsive_fairness/data/ma_dreamer_20260611-175726/4_flows/run7/ep000007_bw51_d29_n4.pdf  return=978997.265625
[orch] ep=7 sum-of-agents return=978997.3
[responsive_fairness] slot=7 ma_dreamer_20260611-175726 flows=4 run=17
[responsive_fairness] ma_dreamer_20260611-175726 flows=4 run=7 done (57/200)
[slot=7] ep=17  flows=4  bw=76Mbps  delay=63ms  duration=345s  delays=[0.0, 15.0, 30.0, 45.0]  lifetimes=[345.0, 330.0, 315.0, 300.0]
[worker cport=23400 agent=0] loaded checkpoint step=17958
[worker alg=ma_dreamer reward=tempest_fairness_ma cport=23400 agent=0 group=slot4_ep12 flow=1] started interval=20ms det=1 latent=8x8
[worker cport=23500 agent=0] loaded checkpoint step=17958
[sao-listener] new flow 1 10.0.0.1:23900->10.0.0.5:5210 cc=astraea pid=1913074 child=1914215
[sao-listener] single-flow mode: attached worker; stopping ss scans
[sao-listener flow 1] cport=23900 cc=astraea worker active
[worker alg=ma_dreamer reward=tempest_fairness_ma cport=23500 agent=0 group=slot5_ep13 flow=1] started interval=20ms det=1 latent=8x8
[sao-listener] cport=23300 worker=/its/home/mm2350/extra/Olympusv2/olympus/algorithms/ma_dreamer/worker.py scan=20ms target_cc=astraea single_flow=1 no_state_pipe=1
[sao-listener] cport=23301 worker=/its/home/mm2350/extra/Olympusv2/olympus/algorithms/ma_dreamer/worker.py scan=20ms target_cc=astraea single_flow=1 no_state_pipe=1
[sao-listener] cport=23302 worker=/its/home/mm2350/extra/Olympusv2/olympus/algorithms/ma_dreamer/worker.py scan=20ms target_cc=astraea single_flow=1 no_state_pipe=1
[sao-listener] cport=23303 worker=/its/home/mm2350/extra/Olympusv2/olympus/algorithms/ma_dreamer/worker.py scan=20ms target_cc=astraea single_flow=1 no_state_pipe=1
[multi_ep_plot] saved -> /its/home/mm2350/extra/Olympusv2/benchmarks/benchmark_responsive_fairness/data/ma_dreamer_20260611-175726/4_flows/run8/ep000008_bw39_d57_n4.pdf  return=1024715.7
[ep_plot] ep=8 -> /its/home/mm2350/extra/Olympusv2/benchmarks/benchmark_responsive_fairness/data/ma_dreamer_20260611-175726/4_flows/run8/ep000008_bw39_d57_n4.pdf  return=1024715.6875
[orch] ep=8 sum-of-agents return=1024715.7
[responsive_fairness] slot=2 ma_dreamer_20260611-175726 flows=4 run=18
[responsive_fairness] ma_dreamer_20260611-175726 flows=4 run=8 done (58/200)
[slot=2] ep=18  flows=4  bw=33Mbps  delay=25ms  duration=345s  delays=[0.0, 15.0, 30.0, 45.0]  lifetimes=[345.0, 330.0, 315.0, 300.0]
[sao-listener] cport=23700 worker=/its/home/mm2350/extra/Olympusv2/olympus/algorithms/ma_dreamer/worker.py scan=20ms target_cc=astraea single_flow=1 no_state_pipe=1
[sao-listener] cport=23701 worker=/its/home/mm2350/extra/Olympusv2/olympus/algorithms/ma_dreamer/worker.py scan=20ms target_cc=astraea single_flow=1 no_state_pipe=1
[sao-listener] cport=23702 worker=/its/home/mm2350/extra/Olympusv2/olympus/algorithms/ma_dreamer/worker.py scan=20ms target_cc=astraea single_flow=1 no_state_pipe=1
[sao-listener] cport=23703 worker=/its/home/mm2350/extra/Olympusv2/olympus/algorithms/ma_dreamer/worker.py scan=20ms target_cc=astraea single_flow=1 no_state_pipe=1
[multi_ep_plot] saved -> /its/home/mm2350/extra/Olympusv2/benchmarks/benchmark_responsive_fairness/data/ma_dreamer_20260611-175726/4_flows/run9/ep000009_bw69_d88_n4.pdf  return=1061578.8
[ep_plot] ep=9 -> /its/home/mm2350/extra/Olympusv2/benchmarks/benchmark_responsive_fairness/data/ma_dreamer_20260611-175726/4_flows/run9/ep000009_bw69_d88_n4.pdf  return=1061578.8125
[orch] ep=9 sum-of-agents return=1061578.8
[responsive_fairness] slot=1 ma_dreamer_20260611-175726 flows=4 run=19
[responsive_fairness] ma_dreamer_20260611-175726 flows=4 run=9 done (59/200)
[slot=1] ep=19  flows=4  bw=96Mbps  delay=15ms  duration=345s  delays=[0.0, 15.0, 30.0, 45.0]  lifetimes=[345.0, 330.0, 315.0, 300.0]
[multi_ep_plot] saved -> /its/home/mm2350/extra/Olympusv2/benchmarks/benchmark_responsive_fairness/data/ma_dreamer_20260611-175726/4_flows/run10/ep000010_bw83_d14_n4.pdf  return=1072218.7
[ep_plot] ep=10 -> /its/home/mm2350/extra/Olympusv2/benchmarks/benchmark_responsive_fairness/data/ma_dreamer_20260611-175726/4_flows/run10/ep000010_bw83_d14_n4.pdf  return=1072218.65625
[orch] ep=10 sum-of-agents return=1072218.7
[responsive_fairness] slot=0 ma_dreamer_20260611-175726 flows=4 run=20
[responsive_fairness] ma_dreamer_20260611-175726 flows=4 run=10 done (60/200)
[sao-listener] cport=23200 worker=/its/home/mm2350/extra/Olympusv2/olympus/algorithms/ma_dreamer/worker.py scan=20ms target_cc=astraea single_flow=1 no_state_pipe=1
[slot=0] ep=20  flows=4  bw=97Mbps  delay=29ms  duration=345s  delays=[0.0, 15.0, 30.0, 45.0]  lifetimes=[345.0, 330.0, 315.0, 300.0]
[worker cport=23900 agent=0] loaded checkpoint step=17958
[worker alg=ma_dreamer reward=tempest_fairness_ma cport=23900 agent=0 group=slot9_ep14 flow=1] started interval=20ms det=1 latent=8x8
[sao-listener] cport=23201 worker=/its/home/mm2350/extra/Olympusv2/olympus/algorithms/ma_dreamer/worker.py scan=20ms target_cc=astraea single_flow=1 no_state_pipe=1
[sao-listener] cport=23202 worker=/its/home/mm2350/extra/Olympusv2/olympus/algorithms/ma_dreamer/worker.py scan=20ms target_cc=astraea single_flow=1 no_state_pipe=1
[sao-listener] cport=23203 worker=/its/home/mm2350/extra/Olympusv2/olympus/algorithms/ma_dreamer/worker.py scan=20ms target_cc=astraea single_flow=1 no_state_pipe=1
[sao-listener] new flow 1 10.0.0.1:23600->10.0.0.5:5207 cc=astraea pid=1914343 child=1916111
[sao-listener] single-flow mode: attached worker; stopping ss scans
[sao-listener flow 1] cport=23600 cc=astraea worker active
[sao-listener] cport=23100 worker=/its/home/mm2350/extra/Olympusv2/olympus/algorithms/ma_dreamer/worker.py scan=20ms target_cc=astraea single_flow=1 no_state_pipe=1
[sao-listener] cport=23101 worker=/its/home/mm2350/extra/Olympusv2/olympus/algorithms/ma_dreamer/worker.py scan=20ms target_cc=astraea single_flow=1 no_state_pipe=1
[sao-listener] cport=23102 worker=/its/home/mm2350/extra/Olympusv2/olympus/algorithms/ma_dreamer/worker.py scan=20ms target_cc=astraea single_flow=1 no_state_pipe=1
[sao-listener] cport=23103 worker=/its/home/mm2350/extra/Olympusv2/olympus/algorithms/ma_dreamer/worker.py scan=20ms target_cc=astraea single_flow=1 no_state_pipe=1
[sao-listener] cport=23000 worker=/its/home/mm2350/extra/Olympusv2/olympus/algorithms/ma_dreamer/worker.py scan=20ms target_cc=astraea single_flow=1 no_state_pipe=1
[sao-listener] cport=23001 worker=/its/home/mm2350/extra/Olympusv2/olympus/algorithms/ma_dreamer/worker.py scan=20ms target_cc=astraea single_flow=1 no_state_pipe=1
[sao-listener] cport=23002 worker=/its/home/mm2350/extra/Olympusv2/olympus/algorithms/ma_dreamer/worker.py scan=20ms target_cc=astraea single_flow=1 no_state_pipe=1
[sao-listener] cport=23003 worker=/its/home/mm2350/extra/Olympusv2/olympus/algorithms/ma_dreamer/worker.py scan=20ms target_cc=astraea single_flow=1 no_state_pipe=1
[worker cport=23600 agent=0] loaded checkpoint step=17958
[worker alg=ma_dreamer reward=tempest_fairness_ma cport=23600 agent=0 group=slot6_ep15 flow=1] started interval=20ms det=1 latent=8x8
[sao-listener] new flow 1 10.0.0.1:23300->10.0.0.5:5204 cc=astraea pid=1915191 child=1917770
[sao-listener] single-flow mode: attached worker; stopping ss scans
[sao-listener flow 1] cport=23300 cc=astraea worker active
[sao-listener] new flow 1 10.0.0.1:23700->10.0.0.5:5208 cc=astraea pid=1915845 child=1918329
[sao-listener] single-flow mode: attached worker; stopping ss scans
[sao-listener flow 1] cport=23700 cc=astraea worker active
[worker cport=23300 agent=0] loaded checkpoint step=17958
[worker alg=ma_dreamer reward=tempest_fairness_ma cport=23300 agent=0 group=slot3_ep16 flow=1] started interval=20ms det=1 latent=8x8
[sao-listener] new flow 1 10.0.0.1:23200->10.0.0.5:5203 cc=astraea pid=1916477 child=1919125
[sao-listener] single-flow mode: attached worker; stopping ss scans
[sao-listener flow 1] cport=23200 cc=astraea worker active
[worker cport=23700 agent=0] loaded checkpoint step=17958
[worker alg=ma_dreamer reward=tempest_fairness_ma cport=23700 agent=0 group=slot7_ep17 flow=1] started interval=20ms det=1 latent=8x8
[worker cport=23200 agent=0] loaded checkpoint step=17958
[worker alg=ma_dreamer reward=tempest_fairness_ma cport=23200 agent=0 group=slot2_ep18 flow=1] started interval=20ms det=1 latent=8x8
[sao-listener] new flow 1 10.0.0.1:23100->10.0.0.5:5202 cc=astraea pid=1917548 child=1919900
[sao-listener] single-flow mode: attached worker; stopping ss scans
[sao-listener flow 1] cport=23100 cc=astraea worker active
[sao-listener] new flow 1 10.0.0.1:23000->10.0.0.5:5201 cc=astraea pid=1917690 child=1920191
[sao-listener] single-flow mode: attached worker; stopping ss scans
[sao-listener flow 1] cport=23000 cc=astraea worker active
[worker cport=23100 agent=0] loaded checkpoint step=17958
[worker alg=ma_dreamer reward=tempest_fairness_ma cport=23100 agent=0 group=slot1_ep19 flow=1] started interval=20ms det=1 latent=8x8
[worker cport=23000 agent=0] loaded checkpoint step=17958
[worker alg=ma_dreamer reward=tempest_fairness_ma cport=23000 agent=0 group=slot0_ep20 flow=1] started interval=20ms det=1 latent=8x8
[orch] link change t=15.0s bw=69 delay=67
[orch] link change t=15.0s bw=94 delay=77
[orch] link change t=15.0s bw=97 delay=97
[orch] link change t=15.0s bw=99 delay=93
[sao-listener] new flow 1 10.0.0.2:23801->10.0.0.6:5209 cc=astraea pid=1925300 child=1926516
[sao-listener] single-flow mode: attached worker; stopping ss scans
[sao-listener flow 1] cport=23801 cc=astraea worker active
[orch] link change t=15.0s bw=76 delay=14
[sao-listener] new flow 1 10.0.0.2:23401->10.0.0.6:5205 cc=astraea pid=1925794 child=1927118
[sao-listener] single-flow mode: attached worker; stopping ss scans
[sao-listener flow 1] cport=23401 cc=astraea worker active
[worker cport=23801 agent=1] loaded checkpoint step=17958
[worker alg=ma_dreamer reward=tempest_fairness_ma cport=23801 agent=1 group=slot8_ep11 flow=1] started interval=20ms det=1 latent=8x8
[orch] link change t=15.0s bw=71 delay=46
[orch] link change t=15.0s bw=48 delay=56
[sao-listener] new flow 1 10.0.0.2:23901->10.0.0.6:5210 cc=astraea pid=1926678 child=1927965
[sao-listener] single-flow mode: attached worker; stopping ss scans
[sao-listener flow 1] cport=23901 cc=astraea worker active
[worker cport=23401 agent=1] loaded checkpoint step=17958
[worker alg=ma_dreamer reward=tempest_fairness_ma cport=23401 agent=1 group=slot4_ep12 flow=1] started interval=20ms det=1 latent=8x8
[orch] link change t=15.0s bw=94 delay=67
[sao-listener] new flow 1 10.0.0.2:23301->10.0.0.6:5204 cc=astraea pid=1927945 child=1928286
[sao-listener] single-flow mode: attached worker; stopping ss scans
[sao-listener flow 1] cport=23301 cc=astraea worker active
[orch] link change t=15.0s bw=76 delay=25
[worker cport=23901 agent=1] loaded checkpoint step=17958
[worker alg=ma_dreamer reward=tempest_fairness_ma cport=23901 agent=1 group=slot9_ep14 flow=1] started interval=20ms det=1 latent=8x8
[orch] link change t=15.0s bw=43 delay=96
[sao-listener] new flow 1 10.0.0.2:23701->10.0.0.6:5208 cc=astraea pid=1928231 child=1928885
[sao-listener] single-flow mode: attached worker; stopping ss scans
[sao-listener flow 1] cport=23701 cc=astraea worker active
[worker cport=23301 agent=1] loaded checkpoint step=17958
[worker alg=ma_dreamer reward=tempest_fairness_ma cport=23301 agent=1 group=slot3_ep16 flow=1] started interval=20ms det=1 latent=8x8
[sao-listener] new flow 1 10.0.0.2:23501->10.0.0.6:5206 cc=astraea pid=1926208 child=1929180
[sao-listener] single-flow mode: attached worker; stopping ss scans
[sao-listener flow 1] cport=23501 cc=astraea worker active
[sao-listener] new flow 1 10.0.0.2:23201->10.0.0.6:5203 cc=astraea pid=1928591 child=1929525
[sao-listener] single-flow mode: attached worker; stopping ss scans
[sao-listener flow 1] cport=23201 cc=astraea worker active
[worker cport=23701 agent=1] loaded checkpoint step=17958
[worker alg=ma_dreamer reward=tempest_fairness_ma cport=23701 agent=1 group=slot7_ep17 flow=1] started interval=20ms det=1 latent=8x8
[sao-listener] new flow 1 10.0.0.2:23601->10.0.0.6:5207 cc=astraea pid=1927400 child=1929793
[sao-listener] single-flow mode: attached worker; stopping ss scans
[sao-listener flow 1] cport=23601 cc=astraea worker active
[worker cport=23501 agent=1] loaded checkpoint step=17958
[worker alg=ma_dreamer reward=tempest_fairness_ma cport=23501 agent=1 group=slot5_ep13 flow=1] started interval=20ms det=1 latent=8x8
[worker cport=23201 agent=1] loaded checkpoint step=17958
[worker alg=ma_dreamer reward=tempest_fairness_ma cport=23201 agent=1 group=slot2_ep18 flow=1] started interval=20ms det=1 latent=8x8
[worker cport=23601 agent=1] loaded checkpoint step=17958
[worker alg=ma_dreamer reward=tempest_fairness_ma cport=23601 agent=1 group=slot6_ep15 flow=1] started interval=20ms det=1 latent=8x8
[sao-listener] new flow 1 10.0.0.2:23101->10.0.0.6:5202 cc=astraea pid=1929244 child=1930674
[sao-listener] single-flow mode: attached worker; stopping ss scans
[sao-listener flow 1] cport=23101 cc=astraea worker active
[sao-listener] new flow 1 10.0.0.2:23001->10.0.0.6:5201 cc=astraea pid=1929316 child=1930915
[sao-listener] single-flow mode: attached worker; stopping ss scans
[sao-listener flow 1] cport=23001 cc=astraea worker active
[worker cport=23101 agent=1] loaded checkpoint step=17958
[worker alg=ma_dreamer reward=tempest_fairness_ma cport=23101 agent=1 group=slot1_ep19 flow=1] started interval=20ms det=1 latent=8x8
[worker cport=23001 agent=1] loaded checkpoint step=17958
[worker alg=ma_dreamer reward=tempest_fairness_ma cport=23001 agent=1 group=slot0_ep20 flow=1] started interval=20ms det=1 latent=8x8
[orch] link change t=30.0s bw=75 delay=85
[orch] link change t=30.0s bw=95 delay=54
[orch] link change t=30.0s bw=33 delay=93
[sao-listener] new flow 1 10.0.0.3:23802->10.0.0.7:5209 cc=astraea pid=1934802 child=1935195
[sao-listener] single-flow mode: attached worker; stopping ss scans
[sao-listener flow 1] cport=23802 cc=astraea worker active
[orch] link change t=30.0s bw=77 delay=41
[sao-listener] new flow 1 10.0.0.3:23402->10.0.0.7:5205 cc=astraea pid=1935127 child=1935508
[sao-listener] single-flow mode: attached worker; stopping ss scans
[sao-listener flow 1] cport=23402 cc=astraea worker active
[worker cport=23802 agent=2] loaded checkpoint step=17958
[worker alg=ma_dreamer reward=tempest_fairness_ma cport=23802 agent=2 group=slot8_ep11 flow=1] started interval=20ms det=1 latent=8x8
[orch] link change t=30.0s bw=30 delay=40
[worker cport=23402 agent=2] loaded checkpoint step=17958
[worker alg=ma_dreamer reward=tempest_fairness_ma cport=23402 agent=2 group=slot4_ep12 flow=1] started interval=20ms det=1 latent=8x8
[sao-listener] new flow 1 10.0.0.3:23902->10.0.0.7:5210 cc=astraea pid=1935795 child=1936107
[sao-listener] single-flow mode: attached worker; stopping ss scans
[sao-listener flow 1] cport=23902 cc=astraea worker active
[orch] link change t=30.0s bw=63 delay=39
[orch] link change t=30.0s bw=47 delay=32
[worker cport=23902 agent=2] loaded checkpoint step=17958
[worker alg=ma_dreamer reward=tempest_fairness_ma cport=23902 agent=2 group=slot9_ep14 flow=1] started interval=20ms det=1 latent=8x8
[orch] link change t=30.0s bw=52 delay=40
[sao-listener] new flow 1 10.0.0.3:23502->10.0.0.7:5206 cc=astraea pid=1935439 child=1936879
[sao-listener] single-flow mode: attached worker; stopping ss scans
[sao-listener flow 1] cport=23502 cc=astraea worker active
[orch] link change t=30.0s bw=75 delay=35
[sao-listener] new flow 1 10.0.0.3:23602->10.0.0.7:5207 cc=astraea pid=1936288 child=1937121
[sao-listener] single-flow mode: attached worker; stopping ss scans
[sao-listener flow 1] cport=23602 cc=astraea worker active
[orch] link change t=30.0s bw=91 delay=22
[worker cport=23502 agent=2] loaded checkpoint step=17958
[worker alg=ma_dreamer reward=tempest_fairness_ma cport=23502 agent=2 group=slot5_ep13 flow=1] started interval=20ms det=1 latent=8x8
[worker cport=23602 agent=2] loaded checkpoint step=17958
[worker alg=ma_dreamer reward=tempest_fairness_ma cport=23602 agent=2 group=slot6_ep15 flow=1] started interval=20ms det=1 latent=8x8
[sao-listener] new flow 1 10.0.0.3:23102->10.0.0.7:5202 cc=astraea pid=1937420 child=1937681
[sao-listener] single-flow mode: attached worker; stopping ss scans
[sao-listener flow 1] cport=23102 cc=astraea worker active
[sao-listener] new flow 1 10.0.0.3:23302->10.0.0.7:5204 cc=astraea pid=1936623 child=1937888
[sao-listener] single-flow mode: attached worker; stopping ss scans
[sao-listener flow 1] cport=23302 cc=astraea worker active
[sao-listener] new flow 1 10.0.0.3:23002->10.0.0.7:5201 cc=astraea pid=1937471 child=1938017
[sao-listener] single-flow mode: attached worker; stopping ss scans
[sao-listener flow 1] cport=23002 cc=astraea worker active
[worker cport=23102 agent=2] loaded checkpoint step=17958
[worker alg=ma_dreamer reward=tempest_fairness_ma cport=23102 agent=2 group=slot1_ep19 flow=1] started interval=20ms det=1 latent=8x8
[worker cport=23302 agent=2] loaded checkpoint step=17958
[worker alg=ma_dreamer reward=tempest_fairness_ma cport=23302 agent=2 group=slot3_ep16 flow=1] started interval=20ms det=1 latent=8x8
[sao-listener] new flow 1 10.0.0.3:23702->10.0.0.7:5208 cc=astraea pid=1936772 child=1938360
[sao-listener] single-flow mode: attached worker; stopping ss scans
[sao-listener flow 1] cport=23702 cc=astraea worker active
[worker cport=23002 agent=2] loaded checkpoint step=17958
[worker alg=ma_dreamer reward=tempest_fairness_ma cport=23002 agent=2 group=slot0_ep20 flow=1] started interval=20ms det=1 latent=8x8
[worker cport=23702 agent=2] loaded checkpoint step=17958
[worker alg=ma_dreamer reward=tempest_fairness_ma cport=23702 agent=2 group=slot7_ep17 flow=1] started interval=20ms det=1 latent=8x8
[sao-listener] new flow 1 10.0.0.3:23202->10.0.0.7:5203 cc=astraea pid=1937019 child=1938757
[sao-listener] single-flow mode: attached worker; stopping ss scans
[sao-listener flow 1] cport=23202 cc=astraea worker active
[worker cport=23202 agent=2] loaded checkpoint step=17958
[worker alg=ma_dreamer reward=tempest_fairness_ma cport=23202 agent=2 group=slot2_ep18 flow=1] started interval=20ms det=1 latent=8x8
[orch] link change t=45.0s bw=34 delay=33
[orch] link change t=45.0s bw=28 delay=58
[orch] link change t=45.0s bw=39 delay=95
[orch] link change t=45.0s bw=44 delay=42
[orch] link change t=45.0s bw=12 delay=17
[sao-listener] new flow 1 10.0.0.4:23503->10.0.0.8:5206 cc=astraea pid=1941052 child=1941367
[sao-listener] single-flow mode: attached worker; stopping ss scans
[sao-listener flow 1] cport=23503 cc=astraea worker active
[sao-listener] new flow 1 10.0.0.4:23803->10.0.0.8:5209 cc=astraea pid=1940734 child=1941459
[sao-listener] single-flow mode: attached worker; stopping ss scans
[sao-listener flow 1] cport=23803 cc=astraea worker active
[orch] link change t=45.0s bw=67 delay=10
[orch] link change t=45.0s bw=100 delay=100
[sao-listener] new flow 1 10.0.0.4:23403->10.0.0.8:5205 cc=astraea pid=1940904 child=1941631
[sao-listener] single-flow mode: attached worker; stopping ss scans
[sao-listener flow 1] cport=23403 cc=astraea worker active
[worker cport=23503 agent=3] loaded checkpoint step=17958
[worker alg=ma_dreamer reward=tempest_fairness_ma cport=23503 agent=3 group=slot5_ep13 flow=1] started interval=20ms det=1 latent=8x8
[worker cport=23803 agent=3] loaded checkpoint step=17958
[worker alg=ma_dreamer reward=tempest_fairness_ma cport=23803 agent=3 group=slot8_ep11 flow=1] started interval=20ms det=1 latent=8x8
[orch] link change t=45.0s bw=35 delay=72
[sao-listener] new flow 1 10.0.0.4:23903->10.0.0.8:5210 cc=astraea pid=1941199 child=1941909
[sao-listener] single-flow mode: attached worker; stopping ss scans
[sao-listener flow 1] cport=23903 cc=astraea worker active
[worker cport=23403 agent=3] loaded checkpoint step=17958
[worker alg=ma_dreamer reward=tempest_fairness_ma cport=23403 agent=3 group=slot4_ep12 flow=1] started interval=20ms det=1 latent=8x8
[orch] link change t=45.0s bw=60 delay=54
[sao-listener] new flow 1 10.0.0.4:23303->10.0.0.8:5204 cc=astraea pid=1941747 child=1942168
[sao-listener] single-flow mode: attached worker; stopping ss scans
[sao-listener flow 1] cport=23303 cc=astraea worker active
[orch] link change t=45.0s bw=51 delay=83
[worker cport=23903 agent=3] loaded checkpoint step=17958
[worker alg=ma_dreamer reward=tempest_fairness_ma cport=23903 agent=3 group=slot9_ep14 flow=1] started interval=20ms det=1 latent=8x8
[sao-listener] new flow 1 10.0.0.4:23703->10.0.0.8:5208 cc=astraea pid=1941856 child=1942355
[sao-listener] single-flow mode: attached worker; stopping ss scans
[sao-listener flow 1] cport=23703 cc=astraea worker active
[worker cport=23303 agent=3] loaded checkpoint step=17958
[worker alg=ma_dreamer reward=tempest_fairness_ma cport=23303 agent=3 group=slot3_ep16 flow=1] started interval=20ms det=1 latent=8x8
[worker cport=23703 agent=3] loaded checkpoint step=17958
[worker alg=ma_dreamer reward=tempest_fairness_ma cport=23703 agent=3 group=slot7_ep17 flow=1] started interval=20ms det=1 latent=8x8
[sao-listener] new flow 1 10.0.0.4:23203->10.0.0.8:5203 cc=astraea pid=1942118 child=1942615
[sao-listener] single-flow mode: attached worker; stopping ss scans
[sao-listener flow 1] cport=23203 cc=astraea worker active
[sao-listener] new flow 1 10.0.0.4:23603->10.0.0.8:5207 cc=astraea pid=1941519 child=1942686
[sao-listener] single-flow mode: attached worker; stopping ss scans
[sao-listener flow 1] cport=23603 cc=astraea worker active
[worker cport=23203 agent=3] loaded checkpoint step=17958
[worker alg=ma_dreamer reward=tempest_fairness_ma cport=23203 agent=3 group=slot2_ep18 flow=1] started interval=20ms det=1 latent=8x8
[worker cport=23603 agent=3] loaded checkpoint step=17958
[worker alg=ma_dreamer reward=tempest_fairness_ma cport=23603 agent=3 group=slot6_ep15 flow=1] started interval=20ms det=1 latent=8x8
[sao-listener] new flow 1 10.0.0.4:23103->10.0.0.8:5202 cc=astraea pid=1942326 child=1942904
[sao-listener] single-flow mode: attached worker; stopping ss scans
[sao-listener flow 1] cport=23103 cc=astraea worker active
[sao-listener] new flow 1 10.0.0.4:23003->10.0.0.8:5201 cc=astraea pid=1942341 child=1942963
[sao-listener] single-flow mode: attached worker; stopping ss scans
[sao-listener flow 1] cport=23003 cc=astraea worker active
[worker cport=23103 agent=3] loaded checkpoint step=17958
[worker alg=ma_dreamer reward=tempest_fairness_ma cport=23103 agent=3 group=slot1_ep19 flow=1] started interval=20ms det=1 latent=8x8
[worker cport=23003 agent=3] loaded checkpoint step=17958
[worker alg=ma_dreamer reward=tempest_fairness_ma cport=23003 agent=3 group=slot0_ep20 flow=1] started interval=20ms det=1 latent=8x8
[orch] link change t=60.0s bw=75 delay=70
[orch] link change t=60.0s bw=11 delay=57
[orch] link change t=60.0s bw=28 delay=38
[orch] link change t=60.0s bw=47 delay=19
[orch] link change t=60.0s bw=97 delay=28
[orch] link change t=60.0s bw=62 delay=94
[orch] link change t=60.0s bw=79 delay=94
[orch] link change t=60.0s bw=90 delay=73
[orch] link change t=60.0s bw=77 delay=47
[orch] link change t=60.0s bw=31 delay=13
[orch] link change t=75.0s bw=90 delay=88
[orch] link change t=75.0s bw=71 delay=45
[orch] link change t=75.0s bw=92 delay=33
[orch] link change t=75.0s bw=94 delay=67
[orch] link change t=75.0s bw=98 delay=57
[orch] link change t=75.0s bw=43 delay=40
[orch] link change t=75.0s bw=45 delay=24
[orch] link change t=75.0s bw=33 delay=71
[orch] link change t=75.0s bw=84 delay=28
[orch] link change t=75.0s bw=62 delay=62
[orch] link change t=90.0s bw=33 delay=22
[orch] link change t=90.0s bw=92 delay=68
[orch] link change t=90.0s bw=26 delay=19
[orch] link change t=90.0s bw=48 delay=69
[orch] link change t=90.0s bw=40 delay=24
[orch] link change t=90.0s bw=91 delay=38
[orch] link change t=90.0s bw=13 delay=41
[orch] link change t=90.0s bw=47 delay=68
[orch] link change t=90.0s bw=86 delay=43
[orch] link change t=90.0s bw=19 delay=23
[orch] link change t=105.0s bw=67 delay=48
[orch] link change t=105.0s bw=98 delay=86
[orch] link change t=105.0s bw=78 delay=37
[orch] link change t=105.0s bw=97 delay=60
[orch] link change t=105.0s bw=53 delay=69
[orch] link change t=105.0s bw=11 delay=47
[orch] link change t=105.0s bw=59 delay=63
[orch] link change t=105.0s bw=43 delay=35
[orch] link change t=105.0s bw=23 delay=43
[orch] link change t=105.0s bw=26 delay=50
[orch] link change t=120.0s bw=28 delay=21
[orch] link change t=120.0s bw=39 delay=81
[orch] link change t=120.0s bw=47 delay=13
[orch] link change t=120.0s bw=60 delay=25
[orch] link change t=120.0s bw=100 delay=55
[orch] link change t=120.0s bw=48 delay=52
[orch] link change t=120.0s bw=42 delay=74
[orch] link change t=120.0s bw=42 delay=98
[orch] link change t=120.0s bw=62 delay=51
[orch] link change t=120.0s bw=70 delay=84
[orch] link change t=135.0s bw=78 delay=98
[orch] link change t=135.0s bw=10 delay=94
[orch] link change t=135.0s bw=65 delay=26
[orch] link change t=135.0s bw=43 delay=38
[orch] link change t=135.0s bw=45 delay=60
[orch] link change t=135.0s bw=95 delay=28
[orch] link change t=135.0s bw=50 delay=91
[orch] link change t=135.0s bw=25 delay=51
[orch] link change t=135.0s bw=44 delay=23
[orch] link change t=135.0s bw=67 delay=62
[orch] link change t=150.0s bw=91 delay=15
[orch] link change t=150.0s bw=89 delay=28
[orch] link change t=150.0s bw=97 delay=87
[orch] link change t=150.0s bw=50 delay=55
[orch] link change t=150.0s bw=43 delay=54
[orch] link change t=150.0s bw=87 delay=49
[orch] link change t=150.0s bw=97 delay=61
[orch] link change t=150.0s bw=76 delay=96
[orch] link change t=150.0s bw=51 delay=49
[orch] link change t=150.0s bw=36 delay=35
[orch] link change t=165.0s bw=86 delay=60
[orch] link change t=165.0s bw=66 delay=57
[orch] link change t=165.0s bw=11 delay=45
[orch] link change t=165.0s bw=43 delay=56
[orch] link change t=165.0s bw=39 delay=36
[orch] link change t=165.0s bw=12 delay=38
[orch] link change t=165.0s bw=27 delay=80
[orch] link change t=165.0s bw=32 delay=40
[orch] link change t=165.0s bw=12 delay=82
[orch] link change t=165.0s bw=50 delay=90
[orch] link change t=180.0s bw=67 delay=93
[orch] link change t=180.0s bw=30 delay=53
[orch] link change t=180.0s bw=28 delay=20
[orch] link change t=180.0s bw=90 delay=90
[orch] link change t=180.0s bw=55 delay=50
[orch] link change t=180.0s bw=87 delay=42
[orch] link change t=180.0s bw=17 delay=27
[orch] link change t=180.0s bw=31 delay=40
[orch] link change t=180.0s bw=89 delay=35
[orch] link change t=180.0s bw=97 delay=52
[orch] link change t=195.0s bw=88 delay=93
[orch] link change t=195.0s bw=36 delay=17
[orch] link change t=195.0s bw=43 delay=67
[orch] link change t=195.0s bw=76 delay=29
[orch] link change t=195.0s bw=38 delay=49
[orch] link change t=195.0s bw=12 delay=29
[orch] link change t=195.0s bw=35 delay=29
[orch] link change t=195.0s bw=35 delay=56
[orch] link change t=195.0s bw=19 delay=35
[orch] link change t=195.0s bw=52 delay=64
[orch] link change t=210.0s bw=30 delay=89
[orch] link change t=210.0s bw=83 delay=35
[orch] link change t=210.0s bw=65 delay=27
[orch] link change t=210.0s bw=30 delay=80
[orch] link change t=210.0s bw=75 delay=63
[orch] link change t=210.0s bw=87 delay=95
[orch] link change t=210.0s bw=100 delay=78
[orch] link change t=210.0s bw=83 delay=74
[orch] link change t=210.0s bw=24 delay=79
[orch] link change t=210.0s bw=21 delay=90
[orch] link change t=225.0s bw=11 delay=77
[orch] link change t=225.0s bw=19 delay=75
[orch] link change t=225.0s bw=42 delay=55
[orch] link change t=225.0s bw=95 delay=94
[orch] link change t=225.0s bw=39 delay=83
[orch] link change t=225.0s bw=90 delay=13
[orch] link change t=225.0s bw=81 delay=97
[orch] link change t=225.0s bw=35 delay=96
[orch] link change t=225.0s bw=68 delay=59
[orch] link change t=225.0s bw=76 delay=72
[orch] link change t=240.0s bw=18 delay=17
[orch] link change t=240.0s bw=97 delay=53
[orch] link change t=240.0s bw=39 delay=72
[orch] link change t=240.0s bw=45 delay=31
[orch] link change t=240.0s bw=68 delay=63
[orch] link change t=240.0s bw=69 delay=68
[orch] link change t=240.0s bw=36 delay=52
[orch] link change t=240.0s bw=73 delay=37
[orch] link change t=240.0s bw=19 delay=22
[orch] link change t=240.0s bw=61 delay=20
[orch] link change t=255.0s bw=14 delay=34
[orch] link change t=255.0s bw=97 delay=61
[orch] link change t=255.0s bw=80 delay=82
[orch] link change t=255.0s bw=11 delay=93
[orch] link change t=255.0s bw=72 delay=20
[orch] link change t=255.0s bw=86 delay=90
[orch] link change t=255.0s bw=79 delay=25
[orch] link change t=255.0s bw=48 delay=43
[orch] link change t=255.0s bw=63 delay=12
[orch] link change t=255.0s bw=36 delay=83
[orch] link change t=270.0s bw=40 delay=86
[orch] link change t=270.0s bw=21 delay=12
[orch] link change t=270.0s bw=64 delay=95
[orch] link change t=270.0s bw=18 delay=25
[orch] link change t=270.0s bw=69 delay=82
[orch] link change t=270.0s bw=100 delay=47
[orch] link change t=270.0s bw=91 delay=18
[orch] link change t=270.0s bw=10 delay=53
[orch] link change t=270.0s bw=22 delay=84
[orch] link change t=270.0s bw=41 delay=14
[orch] link change t=285.0s bw=13 delay=69
[orch] link change t=285.0s bw=17 delay=94
[orch] link change t=285.0s bw=56 delay=65
[orch] link change t=285.0s bw=86 delay=53
[orch] link change t=285.0s bw=56 delay=66
[orch] link change t=285.0s bw=38 delay=49
[orch] link change t=285.0s bw=49 delay=62
[orch] link change t=285.0s bw=61 delay=38
[orch] link change t=285.0s bw=64 delay=60
[orch] link change t=285.0s bw=35 delay=22
[orch] link change t=300.0s bw=51 delay=66
[orch] link change t=300.0s bw=75 delay=38
[orch] link change t=300.0s bw=91 delay=50
[orch] link change t=300.0s bw=13 delay=20
[orch] link change t=300.0s bw=82 delay=50
[orch] link change t=300.0s bw=56 delay=43
[orch] link change t=300.0s bw=20 delay=74
[orch] link change t=300.0s bw=61 delay=78
[orch] link change t=300.0s bw=66 delay=94
[orch] link change t=300.0s bw=20 delay=34
[orch] link change t=315.0s bw=85 delay=35
[orch] link change t=315.0s bw=21 delay=64
[orch] link change t=315.0s bw=93 delay=25
[orch] link change t=315.0s bw=45 delay=36
[orch] link change t=315.0s bw=98 delay=92
[orch] link change t=315.0s bw=63 delay=21
[orch] link change t=315.0s bw=70 delay=91
[orch] link change t=315.0s bw=54 delay=85
[orch] link change t=315.0s bw=48 delay=83
[orch] link change t=315.0s bw=42 delay=98
[orch] link change t=330.0s bw=76 delay=39
[orch] link change t=330.0s bw=66 delay=24
[orch] link change t=330.0s bw=54 delay=86
[orch] link change t=330.0s bw=58 delay=61
[orch] link change t=330.0s bw=67 delay=61
[orch] link change t=330.0s bw=54 delay=73
[orch] link change t=330.0s bw=86 delay=28
[orch] link change t=330.0s bw=83 delay=77
[orch] link change t=330.0s bw=74 delay=30
[orch] link change t=330.0s bw=46 delay=49
[multi_ep_plot] saved -> /its/home/mm2350/extra/Olympusv2/benchmarks/benchmark_responsive_fairness/data/ma_dreamer_20260611-175726/4_flows/run11/ep000011_bw67_d81_n4.pdf  return=965945.4
[ep_plot] ep=11 -> /its/home/mm2350/extra/Olympusv2/benchmarks/benchmark_responsive_fairness/data/ma_dreamer_20260611-175726/4_flows/run11/ep000011_bw67_d81_n4.pdf  return=965945.359375
[orch] ep=11 sum-of-agents return=965945.4
[responsive_fairness] slot=8 ma_dreamer_20260611-175726 flows=4 run=21
[responsive_fairness] ma_dreamer_20260611-175726 flows=4 run=11 done (61/200)
[slot=8] ep=21  flows=4  bw=31Mbps  delay=63ms  duration=345s  delays=[0.0, 15.0, 30.0, 45.0]  lifetimes=[345.0, 330.0, 315.0, 300.0]
[multi_ep_plot] saved -> /its/home/mm2350/extra/Olympusv2/benchmarks/benchmark_responsive_fairness/data/ma_dreamer_20260611-175726/4_flows/run12/ep000012_bw70_d44_n4.pdf  return=1036216.0
[ep_plot] ep=12 -> /its/home/mm2350/extra/Olympusv2/benchmarks/benchmark_responsive_fairness/data/ma_dreamer_20260611-175726/4_flows/run12/ep000012_bw70_d44_n4.pdf  return=1036215.96875
[orch] ep=12 sum-of-agents return=1036216.0
[responsive_fairness] ma_dreamer_20260611-175726 flows=4 run=12 done (62/200)
[responsive_fairness] slot=4 ma_dreamer_20260611-175726 flows=4 run=22
[slot=4] ep=22  flows=4  bw=27Mbps  delay=41ms  duration=345s  delays=[0.0, 15.0, 30.0, 45.0]  lifetimes=[345.0, 330.0, 315.0, 300.0]
[sao-listener] cport=23800 worker=/its/home/mm2350/extra/Olympusv2/olympus/algorithms/ma_dreamer/worker.py scan=20ms target_cc=astraea single_flow=1 no_state_pipe=1
[sao-listener] cport=23801 worker=/its/home/mm2350/extra/Olympusv2/olympus/algorithms/ma_dreamer/worker.py scan=20ms target_cc=astraea single_flow=1 no_state_pipe=1
[sao-listener] cport=23802 worker=/its/home/mm2350/extra/Olympusv2/olympus/algorithms/ma_dreamer/worker.py scan=20ms target_cc=astraea single_flow=1 no_state_pipe=1
[sao-listener] cport=23803 worker=/its/home/mm2350/extra/Olympusv2/olympus/algorithms/ma_dreamer/worker.py scan=20ms target_cc=astraea single_flow=1 no_state_pipe=1
[multi_ep_plot] saved -> /its/home/mm2350/extra/Olympusv2/benchmarks/benchmark_responsive_fairness/data/ma_dreamer_20260611-175726/4_flows/run13/ep000013_bw43_d47_n4.pdf  return=1079276.6
[ep_plot] ep=13 -> /its/home/mm2350/extra/Olympusv2/benchmarks/benchmark_responsive_fairness/data/ma_dreamer_20260611-175726/4_flows/run13/ep000013_bw43_d47_n4.pdf  return=1079276.59375
[orch] ep=13 sum-of-agents return=1079276.6
[responsive_fairness] slot=5 ma_dreamer_20260611-175726 flows=4 run=23
[responsive_fairness] ma_dreamer_20260611-175726 flows=4 run=13 done (63/200)
[slot=5] ep=23  flows=4  bw=47Mbps  delay=20ms  duration=345s  delays=[0.0, 15.0, 30.0, 45.0]  lifetimes=[345.0, 330.0, 315.0, 300.0]
[sao-listener] cport=23400 worker=/its/home/mm2350/extra/Olympusv2/olympus/algorithms/ma_dreamer/worker.py scan=20ms target_cc=astraea single_flow=1 no_state_pipe=1
[sao-listener] cport=23401 worker=/its/home/mm2350/extra/Olympusv2/olympus/algorithms/ma_dreamer/worker.py scan=20ms target_cc=astraea single_flow=1 no_state_pipe=1
[sao-listener] cport=23402 worker=/its/home/mm2350/extra/Olympusv2/olympus/algorithms/ma_dreamer/worker.py scan=20ms target_cc=astraea single_flow=1 no_state_pipe=1
[sao-listener] cport=23403 worker=/its/home/mm2350/extra/Olympusv2/olympus/algorithms/ma_dreamer/worker.py scan=20ms target_cc=astraea single_flow=1 no_state_pipe=1
[multi_ep_plot] saved -> /its/home/mm2350/extra/Olympusv2/benchmarks/benchmark_responsive_fairness/data/ma_dreamer_20260611-175726/4_flows/run14/ep000014_bw23_d88_n4.pdf  return=1054373.5
[ep_plot] ep=14 -> /its/home/mm2350/extra/Olympusv2/benchmarks/benchmark_responsive_fairness/data/ma_dreamer_20260611-175726/4_flows/run14/ep000014_bw23_d88_n4.pdf  return=1054373.546875
[orch] ep=14 sum-of-agents return=1054373.5
[responsive_fairness] slot=9 ma_dreamer_20260611-175726 flows=4 run=24
[responsive_fairness] ma_dreamer_20260611-175726 flows=4 run=14 done (64/200)
[slot=9] ep=24  flows=4  bw=59Mbps  delay=84ms  duration=345s  delays=[0.0, 15.0, 30.0, 45.0]  lifetimes=[345.0, 330.0, 315.0, 300.0]
[sao-listener] cport=23500 worker=/its/home/mm2350/extra/Olympusv2/olympus/algorithms/ma_dreamer/worker.py scan=20ms target_cc=astraea single_flow=1 no_state_pipe=1
[sao-listener] cport=23501 worker=/its/home/mm2350/extra/Olympusv2/olympus/algorithms/ma_dreamer/worker.py scan=20ms target_cc=astraea single_flow=1 no_state_pipe=1
[sao-listener] cport=23502 worker=/its/home/mm2350/extra/Olympusv2/olympus/algorithms/ma_dreamer/worker.py scan=20ms target_cc=astraea single_flow=1 no_state_pipe=1
[sao-listener] cport=23503 worker=/its/home/mm2350/extra/Olympusv2/olympus/algorithms/ma_dreamer/worker.py scan=20ms target_cc=astraea single_flow=1 no_state_pipe=1
[sao-listener] new flow 1 10.0.0.1:23800->10.0.0.5:5209 cc=astraea pid=1947725 child=1948798
[sao-listener] single-flow mode: attached worker; stopping ss scans
[sao-listener flow 1] cport=23800 cc=astraea worker active
[sao-listener] cport=23900 worker=/its/home/mm2350/extra/Olympusv2/olympus/algorithms/ma_dreamer/worker.py scan=20ms target_cc=astraea single_flow=1 no_state_pipe=1
[sao-listener] cport=23901 worker=/its/home/mm2350/extra/Olympusv2/olympus/algorithms/ma_dreamer/worker.py scan=20ms target_cc=astraea single_flow=1 no_state_pipe=1
[sao-listener] cport=23902 worker=/its/home/mm2350/extra/Olympusv2/olympus/algorithms/ma_dreamer/worker.py scan=20ms target_cc=astraea single_flow=1 no_state_pipe=1
[sao-listener] cport=23903 worker=/its/home/mm2350/extra/Olympusv2/olympus/algorithms/ma_dreamer/worker.py scan=20ms target_cc=astraea single_flow=1 no_state_pipe=1
[multi_ep_plot] saved -> /its/home/mm2350/extra/Olympusv2/benchmarks/benchmark_responsive_fairness/data/ma_dreamer_20260611-175726/4_flows/run15/ep000015_bw36_d11_n4.pdf  return=1133126.3
[ep_plot] ep=15 -> /its/home/mm2350/extra/Olympusv2/benchmarks/benchmark_responsive_fairness/data/ma_dreamer_20260611-175726/4_flows/run15/ep000015_bw36_d11_n4.pdf  return=1133126.28125
[orch] ep=15 sum-of-agents return=1133126.3
[responsive_fairness] slot=6 ma_dreamer_20260611-175726 flows=4 run=25
[responsive_fairness] ma_dreamer_20260611-175726 flows=4 run=15 done (65/200)
[slot=6] ep=25  flows=4  bw=58Mbps  delay=11ms  duration=345s  delays=[0.0, 15.0, 30.0, 45.0]  lifetimes=[345.0, 330.0, 315.0, 300.0]
[sao-listener] new flow 1 10.0.0.1:23400->10.0.0.5:5205 cc=astraea pid=1948113 child=1949065
[sao-listener] single-flow mode: attached worker; stopping ss scans
[sao-listener flow 1] cport=23400 cc=astraea worker active
[sao-listener] new flow 1 10.0.0.1:23500->10.0.0.5:5206 cc=astraea pid=1948925 child=1949162
[sao-listener] single-flow mode: attached worker; stopping ss scans
[sao-listener flow 1] cport=23500 cc=astraea worker active
[worker cport=23800 agent=0] loaded checkpoint step=17958
[worker alg=ma_dreamer reward=tempest_fairness_ma cport=23800 agent=0 group=slot8_ep21 flow=1] started interval=20ms det=1 latent=8x8
[sao-listener] cport=23600 worker=/its/home/mm2350/extra/Olympusv2/olympus/algorithms/ma_dreamer/worker.py scan=20ms target_cc=astraea single_flow=1 no_state_pipe=1
[sao-listener] cport=23601 worker=/its/home/mm2350/extra/Olympusv2/olympus/algorithms/ma_dreamer/worker.py scan=20ms target_cc=astraea single_flow=1 no_state_pipe=1
[sao-listener] cport=23602 worker=/its/home/mm2350/extra/Olympusv2/olympus/algorithms/ma_dreamer/worker.py scan=20ms target_cc=astraea single_flow=1 no_state_pipe=1
[sao-listener] cport=23603 worker=/its/home/mm2350/extra/Olympusv2/olympus/algorithms/ma_dreamer/worker.py scan=20ms target_cc=astraea single_flow=1 no_state_pipe=1
[multi_ep_plot] saved -> /its/home/mm2350/extra/Olympusv2/benchmarks/benchmark_responsive_fairness/data/ma_dreamer_20260611-175726/4_flows/run16/ep000016_bw56_d70_n4.pdf  return=1098189.2
[ep_plot] ep=16 -> /its/home/mm2350/extra/Olympusv2/benchmarks/benchmark_responsive_fairness/data/ma_dreamer_20260611-175726/4_flows/run16/ep000016_bw56_d70_n4.pdf  return=1098189.21875
[orch] ep=16 sum-of-agents return=1098189.2
[responsive_fairness] slot=3 ma_dreamer_20260611-175726 flows=4 run=26
[responsive_fairness] ma_dreamer_20260611-175726 flows=4 run=16 done (66/200)
[slot=3] ep=26  flows=4  bw=35Mbps  delay=94ms  duration=345s  delays=[0.0, 15.0, 30.0, 45.0]  lifetimes=[345.0, 330.0, 315.0, 300.0]
[worker cport=23400 agent=0] loaded checkpoint step=17958
[worker alg=ma_dreamer reward=tempest_fairness_ma cport=23400 agent=0 group=slot4_ep22 flow=1] started interval=20ms det=1 latent=8x8
[worker cport=23500 agent=0] loaded checkpoint step=17958
[worker alg=ma_dreamer reward=tempest_fairness_ma cport=23500 agent=0 group=slot5_ep23 flow=1] started interval=20ms det=1 latent=8x8
[sao-listener] new flow 1 10.0.0.1:23900->10.0.0.5:5210 cc=astraea pid=1949275 child=1950302
[sao-listener] single-flow mode: attached worker; stopping ss scans
[sao-listener flow 1] cport=23900 cc=astraea worker active
[multi_ep_plot] saved -> /its/home/mm2350/extra/Olympusv2/benchmarks/benchmark_responsive_fairness/data/ma_dreamer_20260611-175726/4_flows/run17/ep000017_bw76_d63_n4.pdf  return=1071646.9
[ep_plot] ep=17 -> /its/home/mm2350/extra/Olympusv2/benchmarks/benchmark_responsive_fairness/data/ma_dreamer_20260611-175726/4_flows/run17/ep000017_bw76_d63_n4.pdf  return=1071646.9375
[orch] ep=17 sum-of-agents return=1071646.9
[responsive_fairness] slot=7 ma_dreamer_20260611-175726 flows=4 run=27
[responsive_fairness] ma_dreamer_20260611-175726 flows=4 run=17 done (67/200)
[slot=7] ep=27  flows=4  bw=93Mbps  delay=71ms  duration=345s  delays=[0.0, 15.0, 30.0, 45.0]  lifetimes=[345.0, 330.0, 315.0, 300.0]
[sao-listener] cport=23300 worker=/its/home/mm2350/extra/Olympusv2/olympus/algorithms/ma_dreamer/worker.py scan=20ms target_cc=astraea single_flow=1 no_state_pipe=1
[sao-listener] cport=23301 worker=/its/home/mm2350/extra/Olympusv2/olympus/algorithms/ma_dreamer/worker.py scan=20ms target_cc=astraea single_flow=1 no_state_pipe=1
[sao-listener] cport=23302 worker=/its/home/mm2350/extra/Olympusv2/olympus/algorithms/ma_dreamer/worker.py scan=20ms target_cc=astraea single_flow=1 no_state_pipe=1
[sao-listener] cport=23303 worker=/its/home/mm2350/extra/Olympusv2/olympus/algorithms/ma_dreamer/worker.py scan=20ms target_cc=astraea single_flow=1 no_state_pipe=1
[multi_ep_plot] saved -> /its/home/mm2350/extra/Olympusv2/benchmarks/benchmark_responsive_fairness/data/ma_dreamer_20260611-175726/4_flows/run18/ep000018_bw33_d25_n4.pdf  return=1087410.9
[ep_plot] ep=18 -> /its/home/mm2350/extra/Olympusv2/benchmarks/benchmark_responsive_fairness/data/ma_dreamer_20260611-175726/4_flows/run18/ep000018_bw33_d25_n4.pdf  return=1087410.859375
[orch] ep=18 sum-of-agents return=1087410.9
[responsive_fairness] slot=2 ma_dreamer_20260611-175726 flows=4 run=28
[responsive_fairness] ma_dreamer_20260611-175726 flows=4 run=18 done (68/200)
[slot=2] ep=28  flows=4  bw=24Mbps  delay=26ms  duration=345s  delays=[0.0, 15.0, 30.0, 45.0]  lifetimes=[345.0, 330.0, 315.0, 300.0]
[sao-listener] cport=23700 worker=/its/home/mm2350/extra/Olympusv2/olympus/algorithms/ma_dreamer/worker.py scan=20ms target_cc=astraea single_flow=1 no_state_pipe=1
[sao-listener] cport=23701 worker=/its/home/mm2350/extra/Olympusv2/olympus/algorithms/ma_dreamer/worker.py scan=20ms target_cc=astraea single_flow=1 no_state_pipe=1
[sao-listener] cport=23702 worker=/its/home/mm2350/extra/Olympusv2/olympus/algorithms/ma_dreamer/worker.py scan=20ms target_cc=astraea single_flow=1 no_state_pipe=1
[sao-listener] cport=23703 worker=/its/home/mm2350/extra/Olympusv2/olympus/algorithms/ma_dreamer/worker.py scan=20ms target_cc=astraea single_flow=1 no_state_pipe=1
[worker cport=23900 agent=0] loaded checkpoint step=17958
[worker alg=ma_dreamer reward=tempest_fairness_ma cport=23900 agent=0 group=slot9_ep24 flow=1] started interval=20ms det=1 latent=8x8
[sao-listener] cport=23200 worker=/its/home/mm2350/extra/Olympusv2/olympus/algorithms/ma_dreamer/worker.py scan=20ms target_cc=astraea single_flow=1 no_state_pipe=1
[sao-listener] cport=23201 worker=/its/home/mm2350/extra/Olympusv2/olympus/algorithms/ma_dreamer/worker.py scan=20ms target_cc=astraea single_flow=1 no_state_pipe=1
[sao-listener] new flow 1 10.0.0.1:23600->10.0.0.5:5207 cc=astraea pid=1950413 child=1952344
[sao-listener] single-flow mode: attached worker; stopping ss scans
[sao-listener flow 1] cport=23600 cc=astraea worker active
[sao-listener] cport=23202 worker=/its/home/mm2350/extra/Olympusv2/olympus/algorithms/ma_dreamer/worker.py scan=20ms target_cc=astraea single_flow=1 no_state_pipe=1
[sao-listener] cport=23203 worker=/its/home/mm2350/extra/Olympusv2/olympus/algorithms/ma_dreamer/worker.py scan=20ms target_cc=astraea single_flow=1 no_state_pipe=1
[multi_ep_plot] saved -> /its/home/mm2350/extra/Olympusv2/benchmarks/benchmark_responsive_fairness/data/ma_dreamer_20260611-175726/4_flows/run19/ep000019_bw96_d15_n4.pdf  return=1100929.7
[ep_plot] ep=19 -> /its/home/mm2350/extra/Olympusv2/benchmarks/benchmark_responsive_fairness/data/ma_dreamer_20260611-175726/4_flows/run19/ep000019_bw96_d15_n4.pdf  return=1100929.65625
[orch] ep=19 sum-of-agents return=1100929.7
[responsive_fairness] slot=1 ma_dreamer_20260611-175726 flows=4 run=29
[responsive_fairness] ma_dreamer_20260611-175726 flows=4 run=19 done (69/200)
[slot=1] ep=29  flows=4  bw=80Mbps  delay=19ms  duration=345s  delays=[0.0, 15.0, 30.0, 45.0]  lifetimes=[345.0, 330.0, 315.0, 300.0]
[multi_ep_plot] saved -> /its/home/mm2350/extra/Olympusv2/benchmarks/benchmark_responsive_fairness/data/ma_dreamer_20260611-175726/4_flows/run20/ep000020_bw97_d29_n4.pdf  return=970573.6
[ep_plot] ep=20 -> /its/home/mm2350/extra/Olympusv2/benchmarks/benchmark_responsive_fairness/data/ma_dreamer_20260611-175726/4_flows/run20/ep000020_bw97_d29_n4.pdf  return=970573.5625
[orch] ep=20 sum-of-agents return=970573.6
[responsive_fairness] slot=0 ma_dreamer_20260611-175726 flows=4 run=30
[responsive_fairness] ma_dreamer_20260611-175726 flows=4 run=20 done (70/200)
[slot=0] ep=30  flows=4  bw=79Mbps  delay=47ms  duration=345s  delays=[0.0, 15.0, 30.0, 45.0]  lifetimes=[345.0, 330.0, 315.0, 300.0]
[worker cport=23600 agent=0] loaded checkpoint step=17958
[worker alg=ma_dreamer reward=tempest_fairness_ma cport=23600 agent=0 group=slot6_ep25 flow=1] started interval=20ms det=1 latent=8x8
[sao-listener] cport=23100 worker=/its/home/mm2350/extra/Olympusv2/olympus/algorithms/ma_dreamer/worker.py scan=20ms target_cc=astraea single_flow=1 no_state_pipe=1
[sao-listener] cport=23101 worker=/its/home/mm2350/extra/Olympusv2/olympus/algorithms/ma_dreamer/worker.py scan=20ms target_cc=astraea single_flow=1 no_state_pipe=1
[sao-listener] cport=23102 worker=/its/home/mm2350/extra/Olympusv2/olympus/algorithms/ma_dreamer/worker.py scan=20ms target_cc=astraea single_flow=1 no_state_pipe=1
[sao-listener] cport=23103 worker=/its/home/mm2350/extra/Olympusv2/olympus/algorithms/ma_dreamer/worker.py scan=20ms target_cc=astraea single_flow=1 no_state_pipe=1
[sao-listener] new flow 1 10.0.0.1:23300->10.0.0.5:5204 cc=astraea pid=1951705 child=1953913
[sao-listener] single-flow mode: attached worker; stopping ss scans
[sao-listener flow 1] cport=23300 cc=astraea worker active
[sao-listener] cport=23000 worker=/its/home/mm2350/extra/Olympusv2/olympus/algorithms/ma_dreamer/worker.py scan=20ms target_cc=astraea single_flow=1 no_state_pipe=1
[sao-listener] cport=23001 worker=/its/home/mm2350/extra/Olympusv2/olympus/algorithms/ma_dreamer/worker.py scan=20ms target_cc=astraea single_flow=1 no_state_pipe=1
[sao-listener] cport=23002 worker=/its/home/mm2350/extra/Olympusv2/olympus/algorithms/ma_dreamer/worker.py scan=20ms target_cc=astraea single_flow=1 no_state_pipe=1
[sao-listener] cport=23003 worker=/its/home/mm2350/extra/Olympusv2/olympus/algorithms/ma_dreamer/worker.py scan=20ms target_cc=astraea single_flow=1 no_state_pipe=1
[sao-listener] new flow 1 10.0.0.1:23700->10.0.0.5:5208 cc=astraea pid=1952404 child=1954782
[sao-listener] single-flow mode: attached worker; stopping ss scans
[sao-listener flow 1] cport=23700 cc=astraea worker active
[worker cport=23300 agent=0] loaded checkpoint step=17958
[worker alg=ma_dreamer reward=tempest_fairness_ma cport=23300 agent=0 group=slot3_ep26 flow=1] started interval=20ms det=1 latent=8x8
[sao-listener] new flow 1 10.0.0.1:23200->10.0.0.5:5203 cc=astraea pid=1952735 child=1955556
[sao-listener] single-flow mode: attached worker; stopping ss scans
[sao-listener flow 1] cport=23200 cc=astraea worker active
[worker cport=23700 agent=0] loaded checkpoint step=17958
[worker alg=ma_dreamer reward=tempest_fairness_ma cport=23700 agent=0 group=slot7_ep27 flow=1] started interval=20ms det=1 latent=8x8
[worker cport=23200 agent=0] loaded checkpoint step=17958
[worker alg=ma_dreamer reward=tempest_fairness_ma cport=23200 agent=0 group=slot2_ep28 flow=1] started interval=20ms det=1 latent=8x8
[sao-listener] new flow 1 10.0.0.1:23100->10.0.0.5:5202 cc=astraea pid=1954319 child=1956590
[sao-listener] single-flow mode: attached worker; stopping ss scans
[sao-listener flow 1] cport=23100 cc=astraea worker active
[sao-listener] new flow 1 10.0.0.1:23000->10.0.0.5:5201 cc=astraea pid=1954559 child=1957097
[sao-listener] single-flow mode: attached worker; stopping ss scans
[sao-listener flow 1] cport=23000 cc=astraea worker active
[worker cport=23100 agent=0] loaded checkpoint step=17958
[worker alg=ma_dreamer reward=tempest_fairness_ma cport=23100 agent=0 group=slot1_ep29 flow=1] started interval=20ms det=1 latent=8x8
[worker cport=23000 agent=0] loaded checkpoint step=17958
[worker alg=ma_dreamer reward=tempest_fairness_ma cport=23000 agent=0 group=slot0_ep30 flow=1] started interval=20ms det=1 latent=8x8
[orch] link change t=15.0s bw=98 delay=63
[orch] link change t=15.0s bw=13 delay=88
[orch] link change t=15.0s bw=12 delay=85
[orch] link change t=15.0s bw=33 delay=37
[sao-listener] new flow 1 10.0.0.2:23801->10.0.0.6:5209 cc=astraea pid=1961324 child=1962711
[sao-listener] single-flow mode: attached worker; stopping ss scans
[sao-listener flow 1] cport=23801 cc=astraea worker active
[orch] link change t=15.0s bw=37 delay=49
[sao-listener] new flow 1 10.0.0.2:23401->10.0.0.6:5205 cc=astraea pid=1961694 child=1963009
[sao-listener] single-flow mode: attached worker; stopping ss scans
[sao-listener flow 1] cport=23401 cc=astraea worker active
[worker cport=23801 agent=1] loaded checkpoint step=17958
[worker alg=ma_dreamer reward=tempest_fairness_ma cport=23801 agent=1 group=slot8_ep21 flow=1] started interval=20ms det=1 latent=8x8
[orch] link change t=15.0s bw=36 delay=65
[worker cport=23401 agent=1] loaded checkpoint step=17958
[worker alg=ma_dreamer reward=tempest_fairness_ma cport=23401 agent=1 group=slot4_ep22 flow=1] started interval=20ms det=1 latent=8x8
[orch] link change t=15.0s bw=99 delay=45
[sao-listener] new flow 1 10.0.0.2:23901->10.0.0.6:5210 cc=astraea pid=1962586 child=1964051
[sao-listener] single-flow mode: attached worker; stopping ss scans
[sao-listener flow 1] cport=23901 cc=astraea worker active
[orch] link change t=15.0s bw=79 delay=86
[sao-listener] new flow 1 10.0.0.2:23301->10.0.0.6:5204 cc=astraea pid=1964019 child=1964513
[sao-listener] single-flow mode: attached worker; stopping ss scans
[sao-listener flow 1] cport=23301 cc=astraea worker active
[sao-listener] new flow 1 10.0.0.2:23501->10.0.0.6:5206 cc=astraea pid=1962224 child=1964703
[sao-listener] single-flow mode: attached worker; stopping ss scans
[sao-listener flow 1] cport=23501 cc=astraea worker active
[worker cport=23901 agent=1] loaded checkpoint step=17958
[worker alg=ma_dreamer reward=tempest_fairness_ma cport=23901 agent=1 group=slot9_ep24 flow=1] started interval=20ms det=1 latent=8x8
[orch] link change t=15.0s bw=54 delay=86
[worker cport=23301 agent=1] loaded checkpoint step=17958
[worker alg=ma_dreamer reward=tempest_fairness_ma cport=23301 agent=1 group=slot3_ep26 flow=1] started interval=20ms det=1 latent=8x8
[sao-listener] new flow 1 10.0.0.2:23701->10.0.0.6:5208 cc=astraea pid=1964352 child=1965284
[sao-listener] single-flow mode: attached worker; stopping ss scans
[sao-listener flow 1] cport=23701 cc=astraea worker active
[sao-listener] new flow 1 10.0.0.2:23601->10.0.0.6:5207 cc=astraea pid=1963336 child=1965482
[sao-listener] single-flow mode: attached worker; stopping ss scans
[sao-listener flow 1] cport=23601 cc=astraea worker active
[orch] link change t=15.0s bw=88 delay=13
[worker cport=23501 agent=1] loaded checkpoint step=17958
[worker alg=ma_dreamer reward=tempest_fairness_ma cport=23501 agent=1 group=slot5_ep23 flow=1] started interval=20ms det=1 latent=8x8
[sao-listener] new flow 1 10.0.0.2:23201->10.0.0.6:5203 cc=astraea pid=1964788 child=1965995
[sao-listener] single-flow mode: attached worker; stopping ss scans
[sao-listener flow 1] cport=23201 cc=astraea worker active
[worker cport=23701 agent=1] loaded checkpoint step=17958
[worker alg=ma_dreamer reward=tempest_fairness_ma cport=23701 agent=1 group=slot7_ep27 flow=1] started interval=20ms det=1 latent=8x8
[worker cport=23601 agent=1] loaded checkpoint step=17958
[worker alg=ma_dreamer reward=tempest_fairness_ma cport=23601 agent=1 group=slot6_ep25 flow=1] started interval=20ms det=1 latent=8x8
[worker cport=23201 agent=1] loaded checkpoint step=17958
[worker alg=ma_dreamer reward=tempest_fairness_ma cport=23201 agent=1 group=slot2_ep28 flow=1] started interval=20ms det=1 latent=8x8
[sao-listener] new flow 1 10.0.0.2:23101->10.0.0.6:5202 cc=astraea pid=1965647 child=1967153
[sao-listener] single-flow mode: attached worker; stopping ss scans
[sao-listener flow 1] cport=23101 cc=astraea worker active
[sao-listener] new flow 1 10.0.0.2:23001->10.0.0.6:5201 cc=astraea pid=1965851 child=1967425
[sao-listener] single-flow mode: attached worker; stopping ss scans
[sao-listener flow 1] cport=23001 cc=astraea worker active
[worker cport=23101 agent=1] loaded checkpoint step=17958
[worker alg=ma_dreamer reward=tempest_fairness_ma cport=23101 agent=1 group=slot1_ep29 flow=1] started interval=20ms det=1 latent=8x8
[worker cport=23001 agent=1] loaded checkpoint step=17958
[worker alg=ma_dreamer reward=tempest_fairness_ma cport=23001 agent=1 group=slot0_ep30 flow=1] started interval=20ms det=1 latent=8x8
[orch] link change t=30.0s bw=91 delay=46
[orch] link change t=30.0s bw=67 delay=33
[orch] link change t=30.0s bw=49 delay=64
[orch] link change t=30.0s bw=31 delay=34
[sao-listener] new flow 1 10.0.0.3:23802->10.0.0.7:5209 cc=astraea pid=1970738 child=1971354
[sao-listener] single-flow mode: attached worker; stopping ss scans
[sao-listener flow 1] cport=23802 cc=astraea worker active
[sao-listener] new flow 1 10.0.0.3:23402->10.0.0.7:5205 cc=astraea pid=1970992 child=1971480
[sao-listener] single-flow mode: attached worker; stopping ss scans
[sao-listener flow 1] cport=23402 cc=astraea worker active
[worker cport=23802 agent=2] loaded checkpoint step=17958
[orch] link change t=30.0s bw=91 delay=70
[worker alg=ma_dreamer reward=tempest_fairness_ma cport=23802 agent=2 group=slot8_ep21 flow=1] started interval=20ms det=1 latent=8x8
[worker cport=23402 agent=2] loaded checkpoint step=17958
[worker alg=ma_dreamer reward=tempest_fairness_ma cport=23402 agent=2 group=slot4_ep22 flow=1] started interval=20ms det=1 latent=8x8
[sao-listener] new flow 1 10.0.0.3:23902->10.0.0.7:5210 cc=astraea pid=1971676 child=1972040
[sao-listener] single-flow mode: attached worker; stopping ss scans
[sao-listener flow 1] cport=23902 cc=astraea worker active
[orch] link change t=30.0s bw=86 delay=79
[worker cport=23902 agent=2] loaded checkpoint step=17958
[worker alg=ma_dreamer reward=tempest_fairness_ma cport=23902 agent=2 group=slot9_ep24 flow=1] started interval=20ms det=1 latent=8x8
[orch] link change t=30.0s bw=46 delay=35
[sao-listener] new flow 1 10.0.0.3:23502->10.0.0.7:5206 cc=astraea pid=1971408 child=1972625
[sao-listener] single-flow mode: attached worker; stopping ss scans
[sao-listener flow 1] cport=23502 cc=astraea worker active
[orch] link change t=30.0s bw=32 delay=38
[worker cport=23502 agent=2] loaded checkpoint step=17958
[worker alg=ma_dreamer reward=tempest_fairness_ma cport=23502 agent=2 group=slot5_ep23 flow=1] started interval=20ms det=1 latent=8x8
[sao-listener] new flow 1 10.0.0.3:23702->10.0.0.7:5208 cc=astraea pid=1972885 child=1973079
[sao-listener] single-flow mode: attached worker; stopping ss scans
[sao-listener flow 1] cport=23702 cc=astraea worker active
[sao-listener] new flow 1 10.0.0.3:23602->10.0.0.7:5207 cc=astraea pid=1972221 child=1973202
[sao-listener] single-flow mode: attached worker; stopping ss scans
[sao-listener flow 1] cport=23602 cc=astraea worker active
[orch] link change t=30.0s bw=87 delay=46
[worker cport=23702 agent=2] loaded checkpoint step=17958
[worker alg=ma_dreamer reward=tempest_fairness_ma cport=23702 agent=2 group=slot7_ep27 flow=1] started interval=20ms det=1 latent=8x8
[orch] link change t=30.0s bw=89 delay=93
[worker cport=23602 agent=2] loaded checkpoint step=17958
[worker alg=ma_dreamer reward=tempest_fairness_ma cport=23602 agent=2 group=slot6_ep25 flow=1] started interval=20ms det=1 latent=8x8
[sao-listener] new flow 1 10.0.0.3:23102->10.0.0.7:5202 cc=astraea pid=1973701 child=1974072
[sao-listener] single-flow mode: attached worker; stopping ss scans
[sao-listener flow 1] cport=23102 cc=astraea worker active
[sao-listener] new flow 1 10.0.0.3:23302->10.0.0.7:5204 cc=astraea pid=1972693 child=1974186
[sao-listener] single-flow mode: attached worker; stopping ss scans
[sao-listener flow 1] cport=23302 cc=astraea worker active
[sao-listener] new flow 1 10.0.0.3:23002->10.0.0.7:5201 cc=astraea pid=1973823 child=1974373
[sao-listener] single-flow mode: attached worker; stopping ss scans
[sao-listener flow 1] cport=23002 cc=astraea worker active
[worker cport=23102 agent=2] loaded checkpoint step=17958
[worker alg=ma_dreamer reward=tempest_fairness_ma cport=23102 agent=2 group=slot1_ep29 flow=1] started interval=20ms det=1 latent=8x8
[worker cport=23302 agent=2] loaded checkpoint step=17958
[worker alg=ma_dreamer reward=tempest_fairness_ma cport=23302 agent=2 group=slot3_ep26 flow=1] started interval=20ms det=1 latent=8x8
[worker cport=23002 agent=2] loaded checkpoint step=17958
[worker alg=ma_dreamer reward=tempest_fairness_ma cport=23002 agent=2 group=slot0_ep30 flow=1] started interval=20ms det=1 latent=8x8
[sao-listener] new flow 1 10.0.0.3:23202->10.0.0.7:5203 cc=astraea pid=1973177 child=1974907
[sao-listener] single-flow mode: attached worker; stopping ss scans
[sao-listener flow 1] cport=23202 cc=astraea worker active
[worker cport=23202 agent=2] loaded checkpoint step=17958
[worker alg=ma_dreamer reward=tempest_fairness_ma cport=23202 agent=2 group=slot2_ep28 flow=1] started interval=20ms det=1 latent=8x8
[orch] link change t=45.0s bw=71 delay=37
[orch] link change t=45.0s bw=99 delay=25
[orch] link change t=45.0s bw=58 delay=77
[orch] link change t=45.0s bw=31 delay=95
[orch] link change t=45.0s bw=15 delay=42
[sao-listener] new flow 1 10.0.0.4:23503->10.0.0.8:5206 cc=astraea pid=1976929 child=1977338
[sao-listener] single-flow mode: attached worker; stopping ss scans
[sao-listener flow 1] cport=23503 cc=astraea worker active
[orch] link change t=45.0s bw=17 delay=26
[sao-listener] new flow 1 10.0.0.4:23803->10.0.0.8:5209 cc=astraea pid=1976621 child=1977475
[sao-listener] single-flow mode: attached worker; stopping ss scans
[sao-listener flow 1] cport=23803 cc=astraea worker active
[orch] link change t=45.0s bw=19 delay=18
[sao-listener] new flow 1 10.0.0.4:23403->10.0.0.8:5205 cc=astraea pid=1976753 child=1977603
[sao-listener] single-flow mode: attached worker; stopping ss scans
[sao-listener flow 1] cport=23403 cc=astraea worker active
[worker cport=23503 agent=3] loaded checkpoint step=17958
[worker alg=ma_dreamer reward=tempest_fairness_ma cport=23503 agent=3 group=slot5_ep23 flow=1] started interval=20ms det=1 latent=8x8
[orch] link change t=45.0s bw=26 delay=91
[worker cport=23803 agent=3] loaded checkpoint step=17958
[worker alg=ma_dreamer reward=tempest_fairness_ma cport=23803 agent=3 group=slot8_ep21 flow=1] started interval=20ms det=1 latent=8x8
[worker cport=23403 agent=3] loaded checkpoint step=17958
[worker alg=ma_dreamer reward=tempest_fairness_ma cport=23403 agent=3 group=slot4_ep22 flow=1] started interval=20ms det=1 latent=8x8
[sao-listener] new flow 1 10.0.0.4:23903->10.0.0.8:5210 cc=astraea pid=1977060 child=1978011
[sao-listener] single-flow mode: attached worker; stopping ss scans
[sao-listener flow 1] cport=23903 cc=astraea worker active
[orch] link change t=45.0s bw=21 delay=75
[orch] link change t=45.0s bw=36 delay=42
[sao-listener] new flow 1 10.0.0.4:23303->10.0.0.8:5204 cc=astraea pid=1977584 child=1978148
[sao-listener] single-flow mode: attached worker; stopping ss scans
[sao-listener flow 1] cport=23303 cc=astraea worker active
[worker cport=23903 agent=3] loaded checkpoint step=17958
[worker alg=ma_dreamer reward=tempest_fairness_ma cport=23903 agent=3 group=slot9_ep24 flow=1] started interval=20ms det=1 latent=8x8
[worker cport=23303 agent=3] loaded checkpoint step=17958
[worker alg=ma_dreamer reward=tempest_fairness_ma cport=23303 agent=3 group=slot3_ep26 flow=1] started interval=20ms det=1 latent=8x8
[sao-listener] new flow 1 10.0.0.4:23003->10.0.0.8:5201 cc=astraea pid=1978308 child=1978414
[sao-listener] single-flow mode: attached worker; stopping ss scans
[sao-listener flow 1] cport=23003 cc=astraea worker active
[sao-listener] new flow 1 10.0.0.4:23703->10.0.0.8:5208 cc=astraea pid=1977764 child=1978464
[sao-listener flow 1] cport=23703 cc=astraea worker active
[sao-listener] single-flow mode: attached worker; stopping ss scans
[sao-listener] new flow 1 10.0.0.4:23603->10.0.0.8:5207 cc=astraea pid=1977295 child=1978543
[sao-listener] single-flow mode: attached worker; stopping ss scans
[sao-listener flow 1] cport=23603 cc=astraea worker active
[worker cport=23003 agent=3] loaded checkpoint step=17958
[worker alg=ma_dreamer reward=tempest_fairness_ma cport=23003 agent=3 group=slot0_ep30 flow=1] started interval=20ms det=1 latent=8x8
[worker cport=23703 agent=3] loaded checkpoint step=17958
[worker alg=ma_dreamer reward=tempest_fairness_ma cport=23703 agent=3 group=slot7_ep27 flow=1] started interval=20ms det=1 latent=8x8
[sao-listener] new flow 1 10.0.0.4:23203->10.0.0.8:5203 cc=astraea pid=1977945 child=1978722
[sao-listener] single-flow mode: attached worker; stopping ss scans
[sao-listener flow 1] cport=23203 cc=astraea worker active
[worker cport=23603 agent=3] loaded checkpoint step=17958
[worker alg=ma_dreamer reward=tempest_fairness_ma cport=23603 agent=3 group=slot6_ep25 flow=1] started interval=20ms det=1 latent=8x8
[worker cport=23203 agent=3] loaded checkpoint step=17958
[worker alg=ma_dreamer reward=tempest_fairness_ma cport=23203 agent=3 group=slot2_ep28 flow=1] started interval=20ms det=1 latent=8x8
[sao-listener] new flow 1 10.0.0.4:23103->10.0.0.8:5202 cc=astraea pid=1978212 child=1978921
[sao-listener] single-flow mode: attached worker; stopping ss scans
[sao-listener flow 1] cport=23103 cc=astraea worker active
[worker cport=23103 agent=3] loaded checkpoint step=17958
[worker alg=ma_dreamer reward=tempest_fairness_ma cport=23103 agent=3 group=slot1_ep29 flow=1] started interval=20ms det=1 latent=8x8
[orch] link change t=60.0s bw=70 delay=75
[orch] link change t=60.0s bw=93 delay=54
[orch] link change t=60.0s bw=55 delay=26
[orch] link change t=60.0s bw=97 delay=21
[orch] link change t=60.0s bw=14 delay=49
[orch] link change t=60.0s bw=71 delay=15
[orch] link change t=60.0s bw=42 delay=79
[orch] link change t=60.0s bw=69 delay=63
[orch] link change t=60.0s bw=54 delay=60
[orch] link change t=60.0s bw=16 delay=60
[orch] link change t=75.0s bw=33 delay=74
[orch] link change t=75.0s bw=20 delay=39
[orch] link change t=75.0s bw=34 delay=44
[orch] link change t=75.0s bw=100 delay=29
[orch] link change t=75.0s bw=82 delay=64
[orch] link change t=75.0s bw=97 delay=89
[orch] link change t=75.0s bw=52 delay=42
[orch] link change t=75.0s bw=36 delay=37
[orch] link change t=75.0s bw=63 delay=12
[orch] link change t=75.0s bw=58 delay=92
[orch] link change t=90.0s bw=77 delay=40
[orch] link change t=90.0s bw=44 delay=16
[orch] link change t=90.0s bw=66 delay=11
[orch] link change t=90.0s bw=100 delay=46
[orch] link change t=90.0s bw=22 delay=85
[orch] link change t=90.0s bw=74 delay=31
[orch] link change t=90.0s bw=57 delay=61
[orch] link change t=90.0s bw=28 delay=60
[orch] link change t=90.0s bw=14 delay=23
[orch] link change t=90.0s bw=27 delay=20
[orch] link change t=105.0s bw=10 delay=11
[orch] link change t=105.0s bw=50 delay=86
[orch] link change t=105.0s bw=38 delay=89
[orch] link change t=105.0s bw=11 delay=66
[orch] link change t=105.0s bw=25 delay=83
[orch] link change t=105.0s bw=91 delay=64
[orch] link change t=105.0s bw=33 delay=41
[orch] link change t=105.0s bw=30 delay=26
[orch] link change t=105.0s bw=66 delay=93
[orch] link change t=105.0s bw=69 delay=10
[orch] link change t=120.0s bw=57 delay=84
[orch] link change t=120.0s bw=32 delay=80
[orch] link change t=120.0s bw=68 delay=13
[orch] link change t=120.0s bw=69 delay=91
[orch] link change t=120.0s bw=97 delay=35
[orch] link change t=120.0s bw=41 delay=62
[orch] link change t=120.0s bw=40 delay=72
[orch] link change t=120.0s bw=87 delay=34
[orch] link change t=120.0s bw=38 delay=54
[orch] link change t=120.0s bw=76 delay=41
[orch] link change t=135.0s bw=64 delay=18
[orch] link change t=135.0s bw=97 delay=65
[orch] link change t=135.0s bw=23 delay=20
[orch] link change t=135.0s bw=24 delay=13
[orch] link change t=135.0s bw=75 delay=89
[orch] link change t=135.0s bw=35 delay=98
[orch] link change t=135.0s bw=19 delay=91
[orch] link change t=135.0s bw=35 delay=13
[orch] link change t=135.0s bw=20 delay=73
[orch] link change t=135.0s bw=13 delay=19
[orch] link change t=150.0s bw=28 delay=39
[orch] link change t=150.0s bw=100 delay=16
[orch] link change t=150.0s bw=100 delay=73
[orch] link change t=150.0s bw=76 delay=31
[orch] link change t=150.0s bw=50 delay=33
[orch] link change t=150.0s bw=13 delay=95
[orch] link change t=150.0s bw=83 delay=93
[orch] link change t=150.0s bw=62 delay=40
[orch] link change t=150.0s bw=52 delay=87
[orch] link change t=150.0s bw=30 delay=86
[orch] link change t=165.0s bw=39 delay=98
[orch] link change t=165.0s bw=83 delay=12
[orch] link change t=165.0s bw=63 delay=12
[orch] link change t=165.0s bw=72 delay=66
[orch] link change t=165.0s bw=80 delay=55
[orch] link change t=165.0s bw=38 delay=28
[orch] link change t=165.0s bw=20 delay=88
[orch] link change t=165.0s bw=18 delay=22
[orch] link change t=165.0s bw=79 delay=63
[orch] link change t=165.0s bw=77 delay=61
[orch] link change t=180.0s bw=15 delay=65
[orch] link change t=180.0s bw=85 delay=43
[orch] link change t=180.0s bw=75 delay=90
[orch] link change t=180.0s bw=97 delay=48
[orch] link change t=180.0s bw=75 delay=70
[orch] link change t=180.0s bw=26 delay=37
[orch] link change t=180.0s bw=64 delay=63
[orch] link change t=180.0s bw=63 delay=50
[orch] link change t=180.0s bw=35 delay=67
[orch] link change t=180.0s bw=93 delay=54
[orch] link change t=195.0s bw=62 delay=88
[orch] link change t=195.0s bw=49 delay=63
[orch] link change t=195.0s bw=65 delay=55
[orch] link change t=195.0s bw=73 delay=20
[orch] link change t=195.0s bw=77 delay=23
[orch] link change t=195.0s bw=86 delay=71
[orch] link change t=195.0s bw=16 delay=94
[orch] link change t=195.0s bw=99 delay=26
[orch] link change t=195.0s bw=31 delay=38
[orch] link change t=195.0s bw=78 delay=18
[orch] link change t=210.0s bw=66 delay=14
[orch] link change t=210.0s bw=34 delay=33
[orch] link change t=210.0s bw=17 delay=36
[orch] link change t=210.0s bw=97 delay=42
[orch] link change t=210.0s bw=91 delay=96
[orch] link change t=210.0s bw=59 delay=56
[orch] link change t=210.0s bw=66 delay=54
[orch] link change t=210.0s bw=32 delay=74
[orch] link change t=210.0s bw=65 delay=62
[orch] link change t=210.0s bw=61 delay=13
[orch] link change t=225.0s bw=52 delay=79
[orch] link change t=225.0s bw=24 delay=84
[orch] link change t=225.0s bw=14 delay=85
[orch] link change t=225.0s bw=88 delay=30
[orch] link change t=225.0s bw=22 delay=86
[orch] link change t=225.0s bw=41 delay=84
[orch] link change t=225.0s bw=11 delay=92
[orch] link change t=225.0s bw=76 delay=98
[orch] link change t=225.0s bw=96 delay=97
[orch] link change t=225.0s bw=41 delay=82
[orch] link change t=240.0s bw=73 delay=98
[orch] link change t=240.0s bw=77 delay=82
[orch] link change t=240.0s bw=57 delay=94
[orch] link change t=240.0s bw=97 delay=51
[orch] link change t=240.0s bw=84 delay=55
[orch] link change t=240.0s bw=13 delay=13
[orch] link change t=240.0s bw=71 delay=42
[orch] link change t=240.0s bw=94 delay=44
[orch] link change t=240.0s bw=82 delay=77
[orch] link change t=240.0s bw=96 delay=45
[orch] link change t=255.0s bw=24 delay=93
[orch] link change t=255.0s bw=17 delay=99
[orch] link change t=255.0s bw=32 delay=89
[orch] link change t=255.0s bw=49 delay=19
[orch] link change t=255.0s bw=63 delay=55
[orch] link change t=255.0s bw=47 delay=79
[orch] link change t=255.0s bw=27 delay=88
[orch] link change t=255.0s bw=88 delay=39
[orch] link change t=255.0s bw=35 delay=79
[orch] link change t=255.0s bw=64 delay=82
[orch] link change t=270.0s bw=57 delay=12
[orch] link change t=270.0s bw=51 delay=88
[orch] link change t=270.0s bw=37 delay=56
[orch] link change t=270.0s bw=79 delay=93
[orch] link change t=270.0s bw=34 delay=96
[orch] link change t=270.0s bw=78 delay=25
[orch] link change t=270.0s bw=53 delay=88
[orch] link change t=270.0s bw=96 delay=67
[orch] link change t=270.0s bw=96 delay=64
[orch] link change t=270.0s bw=22 delay=96
[orch] link change t=285.0s bw=29 delay=21
[orch] link change t=285.0s bw=52 delay=43
[orch] link change t=285.0s bw=82 delay=57
[orch] link change t=285.0s bw=56 delay=94
[orch] link change t=285.0s bw=30 delay=89
[orch] link change t=285.0s bw=75 delay=15
[orch] link change t=285.0s bw=93 delay=39
[orch] link change t=285.0s bw=26 delay=35
[orch] link change t=285.0s bw=48 delay=45
[orch] link change t=285.0s bw=45 delay=91
[orch] link change t=300.0s bw=25 delay=12
[orch] link change t=300.0s bw=33 delay=60
[orch] link change t=300.0s bw=83 delay=46
[orch] link change t=300.0s bw=14 delay=37
[orch] link change t=300.0s bw=68 delay=19
[orch] link change t=300.0s bw=92 delay=10
[orch] link change t=300.0s bw=100 delay=77
[orch] link change t=300.0s bw=11 delay=46
[orch] link change t=300.0s bw=75 delay=38
[orch] link change t=300.0s bw=81 delay=24
[orch] link change t=315.0s bw=68 delay=30
[orch] link change t=315.0s bw=49 delay=93
[orch] link change t=315.0s bw=94 delay=50
[orch] link change t=315.0s bw=50 delay=53
[orch] link change t=315.0s bw=19 delay=61
[orch] link change t=315.0s bw=69 delay=86
[orch] link change t=315.0s bw=28 delay=22
[orch] link change t=315.0s bw=91 delay=96
[orch] link change t=315.0s bw=62 delay=70
[orch] link change t=315.0s bw=88 delay=73
[orch] link change t=330.0s bw=80 delay=53
[orch] link change t=330.0s bw=75 delay=28
[orch] link change t=330.0s bw=83 delay=20
[orch] link change t=330.0s bw=18 delay=49
[orch] link change t=330.0s bw=82 delay=18
[orch] link change t=330.0s bw=94 delay=81
[orch] link change t=330.0s bw=60 delay=48
[orch] link change t=330.0s bw=43 delay=20
[orch] link change t=330.0s bw=76 delay=28
[orch] link change t=330.0s bw=49 delay=26
[multi_ep_plot] saved -> /its/home/mm2350/extra/Olympusv2/benchmarks/benchmark_responsive_fairness/data/ma_dreamer_20260611-175726/4_flows/run21/ep000021_bw31_d63_n4.pdf  return=939924.7
[ep_plot] ep=21 -> /its/home/mm2350/extra/Olympusv2/benchmarks/benchmark_responsive_fairness/data/ma_dreamer_20260611-175726/4_flows/run21/ep000021_bw31_d63_n4.pdf  return=939924.6875
[orch] ep=21 sum-of-agents return=939924.7
[responsive_fairness] slot=8 ma_dreamer_20260611-175726 flows=4 run=31
[responsive_fairness] ma_dreamer_20260611-175726 flows=4 run=21 done (71/200)
[slot=8] ep=31  flows=4  bw=11Mbps  delay=70ms  duration=345s  delays=[0.0, 15.0, 30.0, 45.0]  lifetimes=[345.0, 330.0, 315.0, 300.0]
[multi_ep_plot] saved -> /its/home/mm2350/extra/Olympusv2/benchmarks/benchmark_responsive_fairness/data/ma_dreamer_20260611-175726/4_flows/run22/ep000022_bw27_d41_n4.pdf  return=1074560.7
[ep_plot] ep=22 -> /its/home/mm2350/extra/Olympusv2/benchmarks/benchmark_responsive_fairness/data/ma_dreamer_20260611-175726/4_flows/run22/ep000022_bw27_d41_n4.pdf  return=1074560.71875
[orch] ep=22 sum-of-agents return=1074560.7
[responsive_fairness] slot=4 ma_dreamer_20260611-175726 flows=4 run=32
[responsive_fairness] ma_dreamer_20260611-175726 flows=4 run=22 done (72/200)
[slot=4] ep=32  flows=4  bw=19Mbps  delay=37ms  duration=345s  delays=[0.0, 15.0, 30.0, 45.0]  lifetimes=[345.0, 330.0, 315.0, 300.0]
[sao-listener] cport=23800 worker=/its/home/mm2350/extra/Olympusv2/olympus/algorithms/ma_dreamer/worker.py scan=20ms target_cc=astraea single_flow=1 no_state_pipe=1
[sao-listener] cport=23801 worker=/its/home/mm2350/extra/Olympusv2/olympus/algorithms/ma_dreamer/worker.py scan=20ms target_cc=astraea single_flow=1 no_state_pipe=1
[sao-listener] cport=23802 worker=/its/home/mm2350/extra/Olympusv2/olympus/algorithms/ma_dreamer/worker.py scan=20ms target_cc=astraea single_flow=1 no_state_pipe=1
[sao-listener] cport=23803 worker=/its/home/mm2350/extra/Olympusv2/olympus/algorithms/ma_dreamer/worker.py scan=20ms target_cc=astraea single_flow=1 no_state_pipe=1
[sao-listener] cport=23400 worker=/its/home/mm2350/extra/Olympusv2/olympus/algorithms/ma_dreamer/worker.py scan=20ms target_cc=astraea single_flow=1 no_state_pipe=1
[multi_ep_plot] saved -> /its/home/mm2350/extra/Olympusv2/benchmarks/benchmark_responsive_fairness/data/ma_dreamer_20260611-175726/4_flows/run23/ep000023_bw47_d20_n4.pdf  return=1075961.7
[ep_plot] ep=23 -> /its/home/mm2350/extra/Olympusv2/benchmarks/benchmark_responsive_fairness/data/ma_dreamer_20260611-175726/4_flows/run23/ep000023_bw47_d20_n4.pdf  return=1075961.703125
[orch] ep=23 sum-of-agents return=1075961.7
[sao-listener] cport=23401 worker=/its/home/mm2350/extra/Olympusv2/olympus/algorithms/ma_dreamer/worker.py scan=20ms target_cc=astraea single_flow=1 no_state_pipe=1
[responsive_fairness] slot=5 ma_dreamer_20260611-175726 flows=4 run=33
[responsive_fairness] ma_dreamer_20260611-175726 flows=4 run=23 done (73/200)
[sao-listener] cport=23402 worker=/its/home/mm2350/extra/Olympusv2/olympus/algorithms/ma_dreamer/worker.py scan=20ms target_cc=astraea single_flow=1 no_state_pipe=1
[slot=5] ep=33  flows=4  bw=83Mbps  delay=31ms  duration=345s  delays=[0.0, 15.0, 30.0, 45.0]  lifetimes=[345.0, 330.0, 315.0, 300.0]
[sao-listener] cport=23403 worker=/its/home/mm2350/extra/Olympusv2/olympus/algorithms/ma_dreamer/worker.py scan=20ms target_cc=astraea single_flow=1 no_state_pipe=1
[multi_ep_plot] saved -> /its/home/mm2350/extra/Olympusv2/benchmarks/benchmark_responsive_fairness/data/ma_dreamer_20260611-175726/4_flows/run24/ep000024_bw59_d84_n4.pdf  return=1032610.9
[ep_plot] ep=24 -> /its/home/mm2350/extra/Olympusv2/benchmarks/benchmark_responsive_fairness/data/ma_dreamer_20260611-175726/4_flows/run24/ep000024_bw59_d84_n4.pdf  return=1032610.90625
[orch] ep=24 sum-of-agents return=1032610.9
[responsive_fairness] slot=9 ma_dreamer_20260611-175726 flows=4 run=34
[responsive_fairness] ma_dreamer_20260611-175726 flows=4 run=24 done (74/200)
[slot=9] ep=34  flows=4  bw=77Mbps  delay=55ms  duration=345s  delays=[0.0, 15.0, 30.0, 45.0]  lifetimes=[345.0, 330.0, 315.0, 300.0]
[sao-listener] cport=23500 worker=/its/home/mm2350/extra/Olympusv2/olympus/algorithms/ma_dreamer/worker.py scan=20ms target_cc=astraea single_flow=1 no_state_pipe=1
[sao-listener] cport=23501 worker=/its/home/mm2350/extra/Olympusv2/olympus/algorithms/ma_dreamer/worker.py scan=20ms target_cc=astraea single_flow=1 no_state_pipe=1
[sao-listener] cport=23502 worker=/its/home/mm2350/extra/Olympusv2/olympus/algorithms/ma_dreamer/worker.py scan=20ms target_cc=astraea single_flow=1 no_state_pipe=1
[sao-listener] cport=23503 worker=/its/home/mm2350/extra/Olympusv2/olympus/algorithms/ma_dreamer/worker.py scan=20ms target_cc=astraea single_flow=1 no_state_pipe=1
[sao-listener] new flow 1 10.0.0.1:23800->10.0.0.5:5209 cc=astraea pid=1982831 child=1983736
[sao-listener] single-flow mode: attached worker; stopping ss scans
[sao-listener flow 1] cport=23800 cc=astraea worker active
[sao-listener] cport=23900 worker=/its/home/mm2350/extra/Olympusv2/olympus/algorithms/ma_dreamer/worker.py scan=20ms target_cc=astraea single_flow=1 no_state_pipe=1
[sao-listener] cport=23901 worker=/its/home/mm2350/extra/Olympusv2/olympus/algorithms/ma_dreamer/worker.py scan=20ms target_cc=astraea single_flow=1 no_state_pipe=1
[sao-listener] cport=23902 worker=/its/home/mm2350/extra/Olympusv2/olympus/algorithms/ma_dreamer/worker.py scan=20ms target_cc=astraea single_flow=1 no_state_pipe=1
[sao-listener] cport=23903 worker=/its/home/mm2350/extra/Olympusv2/olympus/algorithms/ma_dreamer/worker.py scan=20ms target_cc=astraea single_flow=1 no_state_pipe=1
[sao-listener] new flow 1 10.0.0.1:23400->10.0.0.5:5205 cc=astraea pid=1983303 child=1984407
[sao-listener] single-flow mode: attached worker; stopping ss scans
[sao-listener flow 1] cport=23400 cc=astraea worker active
[multi_ep_plot] saved -> /its/home/mm2350/extra/Olympusv2/benchmarks/benchmark_responsive_fairness/data/ma_dreamer_20260611-175726/4_flows/run25/ep000025_bw58_d11_n4.pdf  return=962925.5
[ep_plot] ep=25 -> /its/home/mm2350/extra/Olympusv2/benchmarks/benchmark_responsive_fairness/data/ma_dreamer_20260611-175726/4_flows/run25/ep000025_bw58_d11_n4.pdf  return=962925.453125
[orch] ep=25 sum-of-agents return=962925.5
[responsive_fairness] slot=6 ma_dreamer_20260611-175726 flows=4 run=35
[responsive_fairness] ma_dreamer_20260611-175726 flows=4 run=25 done (75/200)
[slot=6] ep=35  flows=4  bw=80Mbps  delay=52ms  duration=345s  delays=[0.0, 15.0, 30.0, 45.0]  lifetimes=[345.0, 330.0, 315.0, 300.0]
[sao-listener] new flow 1 10.0.0.1:23500->10.0.0.5:5206 cc=astraea pid=1984266 child=1984508
[sao-listener] single-flow mode: attached worker; stopping ss scans
[sao-listener flow 1] cport=23500 cc=astraea worker active
[worker cport=23800 agent=0] loaded checkpoint step=17958
[worker alg=ma_dreamer reward=tempest_fairness_ma cport=23800 agent=0 group=slot8_ep31 flow=1] started interval=20ms det=1 latent=8x8
[sao-listener] cport=23600 worker=/its/home/mm2350/extra/Olympusv2/olympus/algorithms/ma_dreamer/worker.py scan=20ms target_cc=astraea single_flow=1 no_state_pipe=1
[sao-listener] cport=23601 worker=/its/home/mm2350/extra/Olympusv2/olympus/algorithms/ma_dreamer/worker.py scan=20ms target_cc=astraea single_flow=1 no_state_pipe=1
[sao-listener] cport=23602 worker=/its/home/mm2350/extra/Olympusv2/olympus/algorithms/ma_dreamer/worker.py scan=20ms target_cc=astraea single_flow=1 no_state_pipe=1
[sao-listener] cport=23603 worker=/its/home/mm2350/extra/Olympusv2/olympus/algorithms/ma_dreamer/worker.py scan=20ms target_cc=astraea single_flow=1 no_state_pipe=1
[worker cport=23400 agent=0] loaded checkpoint step=17958
[worker alg=ma_dreamer reward=tempest_fairness_ma cport=23400 agent=0 group=slot4_ep32 flow=1] started interval=20ms det=1 latent=8x8
[multi_ep_plot] saved -> /its/home/mm2350/extra/Olympusv2/benchmarks/benchmark_responsive_fairness/data/ma_dreamer_20260611-175726/4_flows/run26/ep000026_bw35_d94_n4.pdf  return=1022797.0
[ep_plot] ep=26 -> /its/home/mm2350/extra/Olympusv2/benchmarks/benchmark_responsive_fairness/data/ma_dreamer_20260611-175726/4_flows/run26/ep000026_bw35_d94_n4.pdf  return=1022797.03125
[orch] ep=26 sum-of-agents return=1022797.0
[responsive_fairness] slot=3 ma_dreamer_20260611-175726 flows=4 run=36
[responsive_fairness] ma_dreamer_20260611-175726 flows=4 run=26 done (76/200)
[sao-listener] new flow 1 10.0.0.1:23900->10.0.0.5:5210 cc=astraea pid=1984649 child=1985342
[sao-listener] single-flow mode: attached worker; stopping ss scans
[sao-listener flow 1] cport=23900 cc=astraea worker active
[slot=3] ep=36  flows=4  bw=52Mbps  delay=17ms  duration=345s  delays=[0.0, 15.0, 30.0, 45.0]  lifetimes=[345.0, 330.0, 315.0, 300.0]
[worker cport=23500 agent=0] loaded checkpoint step=17958
[worker alg=ma_dreamer reward=tempest_fairness_ma cport=23500 agent=0 group=slot5_ep33 flow=1] started interval=20ms det=1 latent=8x8
[multi_ep_plot] saved -> /its/home/mm2350/extra/Olympusv2/benchmarks/benchmark_responsive_fairness/data/ma_dreamer_20260611-175726/4_flows/run27/ep000027_bw93_d71_n4.pdf  return=926238.3
[ep_plot] ep=27 -> /its/home/mm2350/extra/Olympusv2/benchmarks/benchmark_responsive_fairness/data/ma_dreamer_20260611-175726/4_flows/run27/ep000027_bw93_d71_n4.pdf  return=926238.328125
[orch] ep=27 sum-of-agents return=926238.3
[responsive_fairness] slot=7 ma_dreamer_20260611-175726 flows=4 run=37
[responsive_fairness] ma_dreamer_20260611-175726 flows=4 run=27 done (77/200)
[slot=7] ep=37  flows=4  bw=97Mbps  delay=87ms  duration=345s  delays=[0.0, 15.0, 30.0, 45.0]  lifetimes=[345.0, 330.0, 315.0, 300.0]
[sao-listener] cport=23300 worker=/its/home/mm2350/extra/Olympusv2/olympus/algorithms/ma_dreamer/worker.py scan=20ms target_cc=astraea single_flow=1 no_state_pipe=1
[sao-listener] cport=23301 worker=/its/home/mm2350/extra/Olympusv2/olympus/algorithms/ma_dreamer/worker.py scan=20ms target_cc=astraea single_flow=1 no_state_pipe=1
[sao-listener] cport=23302 worker=/its/home/mm2350/extra/Olympusv2/olympus/algorithms/ma_dreamer/worker.py scan=20ms target_cc=astraea single_flow=1 no_state_pipe=1
[sao-listener] cport=23303 worker=/its/home/mm2350/extra/Olympusv2/olympus/algorithms/ma_dreamer/worker.py scan=20ms target_cc=astraea single_flow=1 no_state_pipe=1
[worker cport=23900 agent=0] loaded checkpoint step=17958
[worker alg=ma_dreamer reward=tempest_fairness_ma cport=23900 agent=0 group=slot9_ep34 flow=1] started interval=20ms det=1 latent=8x8
[multi_ep_plot] saved -> /its/home/mm2350/extra/Olympusv2/benchmarks/benchmark_responsive_fairness/data/ma_dreamer_20260611-175726/4_flows/run28/ep000028_bw24_d26_n4.pdf  return=1063993.5
[ep_plot] ep=28 -> /its/home/mm2350/extra/Olympusv2/benchmarks/benchmark_responsive_fairness/data/ma_dreamer_20260611-175726/4_flows/run28/ep000028_bw24_d26_n4.pdf  return=1063993.46875
[orch] ep=28 sum-of-agents return=1063993.5
[responsive_fairness] slot=2 ma_dreamer_20260611-175726 flows=4 run=38
[responsive_fairness] ma_dreamer_20260611-175726 flows=4 run=28 done (78/200)
[slot=2] ep=38  flows=4  bw=91Mbps  delay=63ms  duration=345s  delays=[0.0, 15.0, 30.0, 45.0]  lifetimes=[345.0, 330.0, 315.0, 300.0]
[sao-listener] cport=23700 worker=/its/home/mm2350/extra/Olympusv2/olympus/algorithms/ma_dreamer/worker.py scan=20ms target_cc=astraea single_flow=1 no_state_pipe=1
[sao-listener] cport=23701 worker=/its/home/mm2350/extra/Olympusv2/olympus/algorithms/ma_dreamer/worker.py scan=20ms target_cc=astraea single_flow=1 no_state_pipe=1
[sao-listener] cport=23702 worker=/its/home/mm2350/extra/Olympusv2/olympus/algorithms/ma_dreamer/worker.py scan=20ms target_cc=astraea single_flow=1 no_state_pipe=1
[sao-listener] cport=23703 worker=/its/home/mm2350/extra/Olympusv2/olympus/algorithms/ma_dreamer/worker.py scan=20ms target_cc=astraea single_flow=1 no_state_pipe=1
[sao-listener] new flow 1 10.0.0.1:23600->10.0.0.5:5207 cc=astraea pid=1985645 child=1987104
[sao-listener] single-flow mode: attached worker; stopping ss scans
[sao-listener flow 1] cport=23600 cc=astraea worker active
[sao-listener] cport=23200 worker=/its/home/mm2350/extra/Olympusv2/olympus/algorithms/ma_dreamer/worker.py scan=20ms target_cc=astraea single_flow=1 no_state_pipe=1
[sao-listener] cport=23201 worker=/its/home/mm2350/extra/Olympusv2/olympus/algorithms/ma_dreamer/worker.py scan=20ms target_cc=astraea single_flow=1 no_state_pipe=1
[sao-listener] cport=23202 worker=/its/home/mm2350/extra/Olympusv2/olympus/algorithms/ma_dreamer/worker.py scan=20ms target_cc=astraea single_flow=1 no_state_pipe=1
[sao-listener] cport=23203 worker=/its/home/mm2350/extra/Olympusv2/olympus/algorithms/ma_dreamer/worker.py scan=20ms target_cc=astraea single_flow=1 no_state_pipe=1
[multi_ep_plot] saved -> /its/home/mm2350/extra/Olympusv2/benchmarks/benchmark_responsive_fairness/data/ma_dreamer_20260611-175726/4_flows/run29/ep000029_bw80_d19_n4.pdf  return=1080167.9
[ep_plot] ep=29 -> /its/home/mm2350/extra/Olympusv2/benchmarks/benchmark_responsive_fairness/data/ma_dreamer_20260611-175726/4_flows/run29/ep000029_bw80_d19_n4.pdf  return=1080167.875
[orch] ep=29 sum-of-agents return=1080167.9
[responsive_fairness] slot=1 ma_dreamer_20260611-175726 flows=4 run=39
[responsive_fairness] ma_dreamer_20260611-175726 flows=4 run=29 done (79/200)
[slot=1] ep=39  flows=4  bw=36Mbps  delay=43ms  duration=345s  delays=[0.0, 15.0, 30.0, 45.0]  lifetimes=[345.0, 330.0, 315.0, 300.0]
[worker cport=23600 agent=0] loaded checkpoint step=17958
[worker alg=ma_dreamer reward=tempest_fairness_ma cport=23600 agent=0 group=slot6_ep35 flow=1] started interval=20ms det=1 latent=8x8
[multi_ep_plot] saved -> /its/home/mm2350/extra/Olympusv2/benchmarks/benchmark_responsive_fairness/data/ma_dreamer_20260611-175726/4_flows/run30/ep000030_bw79_d47_n4.pdf  return=943899.5
[ep_plot] ep=30 -> /its/home/mm2350/extra/Olympusv2/benchmarks/benchmark_responsive_fairness/data/ma_dreamer_20260611-175726/4_flows/run30/ep000030_bw79_d47_n4.pdf  return=943899.5
[orch] ep=30 sum-of-agents return=943899.5
[responsive_fairness] slot=0 ma_dreamer_20260611-175726 flows=4 run=40
[responsive_fairness] ma_dreamer_20260611-175726 flows=4 run=30 done (80/200)
[slot=0] ep=40  flows=4  bw=68Mbps  delay=84ms  duration=345s  delays=[0.0, 15.0, 30.0, 45.0]  lifetimes=[345.0, 330.0, 315.0, 300.0]
[sao-listener] new flow 1 10.0.0.1:23300->10.0.0.5:5204 cc=astraea pid=1986752 child=1988772
[sao-listener] single-flow mode: attached worker; stopping ss scans
[sao-listener flow 1] cport=23300 cc=astraea worker active
[sao-listener] cport=23100 worker=/its/home/mm2350/extra/Olympusv2/olympus/algorithms/ma_dreamer/worker.py scan=20ms target_cc=astraea single_flow=1 no_state_pipe=1
[sao-listener] cport=23101 worker=/its/home/mm2350/extra/Olympusv2/olympus/algorithms/ma_dreamer/worker.py scan=20ms target_cc=astraea single_flow=1 no_state_pipe=1
[sao-listener] cport=23102 worker=/its/home/mm2350/extra/Olympusv2/olympus/algorithms/ma_dreamer/worker.py scan=20ms target_cc=astraea single_flow=1 no_state_pipe=1
[sao-listener] cport=23103 worker=/its/home/mm2350/extra/Olympusv2/olympus/algorithms/ma_dreamer/worker.py scan=20ms target_cc=astraea single_flow=1 no_state_pipe=1
[sao-listener] cport=23000 worker=/its/home/mm2350/extra/Olympusv2/olympus/algorithms/ma_dreamer/worker.py scan=20ms target_cc=astraea single_flow=1 no_state_pipe=1
[sao-listener] cport=23001 worker=/its/home/mm2350/extra/Olympusv2/olympus/algorithms/ma_dreamer/worker.py scan=20ms target_cc=astraea single_flow=1 no_state_pipe=1
[sao-listener] cport=23002 worker=/its/home/mm2350/extra/Olympusv2/olympus/algorithms/ma_dreamer/worker.py scan=20ms target_cc=astraea single_flow=1 no_state_pipe=1
[sao-listener] cport=23003 worker=/its/home/mm2350/extra/Olympusv2/olympus/algorithms/ma_dreamer/worker.py scan=20ms target_cc=astraea single_flow=1 no_state_pipe=1
[worker cport=23300 agent=0] loaded checkpoint step=17958
[worker alg=ma_dreamer reward=tempest_fairness_ma cport=23300 agent=0 group=slot3_ep36 flow=1] started interval=20ms det=1 latent=8x8
[sao-listener] new flow 1 10.0.0.1:23700->10.0.0.5:5208 cc=astraea pid=1987767 child=1990172
[sao-listener] single-flow mode: attached worker; stopping ss scans
[sao-listener flow 1] cport=23700 cc=astraea worker active
[sao-listener] new flow 1 10.0.0.1:23200->10.0.0.5:5203 cc=astraea pid=1988049 child=1990864
[sao-listener] single-flow mode: attached worker; stopping ss scans
[sao-listener flow 1] cport=23200 cc=astraea worker active
[worker cport=23700 agent=0] loaded checkpoint step=17958
[worker alg=ma_dreamer reward=tempest_fairness_ma cport=23700 agent=0 group=slot7_ep37 flow=1] started interval=20ms det=1 latent=8x8
[worker cport=23200 agent=0] loaded checkpoint step=17958
[worker alg=ma_dreamer reward=tempest_fairness_ma cport=23200 agent=0 group=slot2_ep38 flow=1] started interval=20ms det=1 latent=8x8
[sao-listener] new flow 1 10.0.0.1:23100->10.0.0.5:5202 cc=astraea pid=1989787 child=1991991
[sao-listener] single-flow mode: attached worker; stopping ss scans
[sao-listener flow 1] cport=23100 cc=astraea worker active
[sao-listener] new flow 1 10.0.0.1:23000->10.0.0.5:5201 cc=astraea pid=1990148 child=1992561
[sao-listener] single-flow mode: attached worker; stopping ss scans
[sao-listener flow 1] cport=23000 cc=astraea worker active
[worker cport=23100 agent=0] loaded checkpoint step=17958
[worker alg=ma_dreamer reward=tempest_fairness_ma cport=23100 agent=0 group=slot1_ep39 flow=1] started interval=20ms det=1 latent=8x8
[worker cport=23000 agent=0] loaded checkpoint step=17958
[worker alg=ma_dreamer reward=tempest_fairness_ma cport=23000 agent=0 group=slot0_ep40 flow=1] started interval=20ms det=1 latent=8x8
[orch] link change t=15.0s bw=24 delay=60
[orch] link change t=15.0s bw=28 delay=48
[orch] link change t=15.0s bw=90 delay=39
[sao-listener] new flow 1 10.0.0.2:23401->10.0.0.6:5205 cc=astraea pid=1996834 child=1997240
[sao-listener] single-flow mode: attached worker; stopping ss scans
[sao-listener flow 1] cport=23401 cc=astraea worker active
[orch] link change t=15.0s bw=84 delay=13
[worker cport=23401 agent=1] loaded checkpoint step=17958
[worker alg=ma_dreamer reward=tempest_fairness_ma cport=23401 agent=1 group=slot4_ep32 flow=1] started interval=20ms det=1 latent=8x8
[orch] link change t=15.0s bw=26 delay=53
[sao-listener] new flow 1 10.0.0.2:23901->10.0.0.6:5210 cc=astraea pid=1997751 child=1998642
[sao-listener] single-flow mode: attached worker; stopping ss scans
[sao-listener flow 1] cport=23901 cc=astraea worker active
[orch] link change t=15.0s bw=12 delay=46
[sao-listener] new flow 1 10.0.0.2:23801->10.0.0.6:5209 cc=astraea pid=1996425 child=1999345
[sao-listener] single-flow mode: attached worker; stopping ss scans
[sao-listener flow 1] cport=23801 cc=astraea worker active
[orch] link change t=15.0s bw=21 delay=89
[worker cport=23901 agent=1] loaded checkpoint step=17958
[worker alg=ma_dreamer reward=tempest_fairness_ma cport=23901 agent=1 group=slot9_ep34 flow=1] started interval=20ms det=1 latent=8x8
[orch] link change t=15.0s bw=64 delay=23
[sao-listener] new flow 1 10.0.0.2:23501->10.0.0.6:5206 cc=astraea pid=1997396 child=1999912
[sao-listener] single-flow mode: attached worker; stopping ss scans
[sao-listener flow 1] cport=23501 cc=astraea worker active
[worker cport=23801 agent=1] loaded checkpoint step=17958
[worker alg=ma_dreamer reward=tempest_fairness_ma cport=23801 agent=1 group=slot8_ep31 flow=1] started interval=20ms det=1 latent=8x8
[sao-listener] new flow 1 10.0.0.2:23601->10.0.0.6:5207 cc=astraea pid=1998510 child=2000476
[sao-listener] single-flow mode: attached worker; stopping ss scans
[sao-listener flow 1] cport=23601 cc=astraea worker active
[orch] link change t=15.0s bw=59 delay=13
[worker cport=23501 agent=1] loaded checkpoint step=17958
[worker alg=ma_dreamer reward=tempest_fairness_ma cport=23501 agent=1 group=slot5_ep33 flow=1] started interval=20ms det=1 latent=8x8
[sao-listener] new flow 1 10.0.0.2:23701->10.0.0.6:5208 cc=astraea pid=1999765 child=2000745
[sao-listener] single-flow mode: attached worker; stopping ss scans
[sao-listener flow 1] cport=23701 cc=astraea worker active
[orch] link change t=15.0s bw=77 delay=14
[sao-listener] new flow 1 10.0.0.2:23201->10.0.0.6:5203 cc=astraea pid=2000167 child=2001212
[sao-listener] single-flow mode: attached worker; stopping ss scans
[sao-listener flow 1] cport=23201 cc=astraea worker active
[worker cport=23601 agent=1] loaded checkpoint step=17958
[worker alg=ma_dreamer reward=tempest_fairness_ma cport=23601 agent=1 group=slot6_ep35 flow=1] started interval=20ms det=1 latent=8x8
[worker cport=23701 agent=1] loaded checkpoint step=17958
[worker alg=ma_dreamer reward=tempest_fairness_ma cport=23701 agent=1 group=slot7_ep37 flow=1] started interval=20ms det=1 latent=8x8
[worker cport=23201 agent=1] loaded checkpoint step=17958
[worker alg=ma_dreamer reward=tempest_fairness_ma cport=23201 agent=1 group=slot2_ep38 flow=1] started interval=20ms det=1 latent=8x8
[sao-listener] new flow 1 10.0.0.2:23301->10.0.0.6:5204 cc=astraea pid=1999230 child=2002023
[sao-listener] single-flow mode: attached worker; stopping ss scans
[sao-listener flow 1] cport=23301 cc=astraea worker active
[sao-listener] new flow 1 10.0.0.2:23101->10.0.0.6:5202 cc=astraea pid=2001052 child=2002567
[sao-listener] single-flow mode: attached worker; stopping ss scans
[sao-listener flow 1] cport=23101 cc=astraea worker active
[worker cport=23301 agent=1] loaded checkpoint step=17958
[worker alg=ma_dreamer reward=tempest_fairness_ma cport=23301 agent=1 group=slot3_ep36 flow=1] started interval=20ms det=1 latent=8x8
[sao-listener] new flow 1 10.0.0.2:23001->10.0.0.6:5201 cc=astraea pid=2001447 child=2002874
[sao-listener] single-flow mode: attached worker; stopping ss scans
[sao-listener flow 1] cport=23001 cc=astraea worker active
[worker cport=23101 agent=1] loaded checkpoint step=17958
[worker alg=ma_dreamer reward=tempest_fairness_ma cport=23101 agent=1 group=slot1_ep39 flow=1] started interval=20ms det=1 latent=8x8
[worker cport=23001 agent=1] loaded checkpoint step=17958
[worker alg=ma_dreamer reward=tempest_fairness_ma cport=23001 agent=1 group=slot0_ep40 flow=1] started interval=20ms det=1 latent=8x8
[orch] link change t=30.0s bw=28 delay=97
[orch] link change t=30.0s bw=99 delay=40
[orch] link change t=30.0s bw=45 delay=71
[orch] link change t=30.0s bw=39 delay=13
[orch] link change t=30.0s bw=29 delay=46
[sao-listener] new flow 1 10.0.0.3:23902->10.0.0.7:5210 cc=astraea pid=2006868 child=2007103
[sao-listener] single-flow mode: attached worker; stopping ss scans
[sao-listener flow 1] cport=23902 cc=astraea worker active
[sao-listener] new flow 1 10.0.0.3:23802->10.0.0.7:5209 cc=astraea pid=2006012 child=2007446
[sao-listener] single-flow mode: attached worker; stopping ss scans
[sao-listener flow 1] cport=23802 cc=astraea worker active
[worker cport=23902 agent=2] loaded checkpoint step=17958
[worker alg=ma_dreamer reward=tempest_fairness_ma cport=23902 agent=2 group=slot9_ep34 flow=1] started interval=20ms det=1 latent=8x8
[orch] link change t=30.0s bw=20 delay=10
[worker cport=23802 agent=2] loaded checkpoint step=17958
[worker alg=ma_dreamer reward=tempest_fairness_ma cport=23802 agent=2 group=slot8_ep31 flow=1] started interval=20ms det=1 latent=8x8
[sao-listener] new flow 1 10.0.0.3:23502->10.0.0.7:5206 cc=astraea pid=2006644 child=2007969
[sao-listener] single-flow mode: attached worker; stopping ss scans
[sao-listener flow 1] cport=23502 cc=astraea worker active
[orch] link change t=30.0s bw=95 delay=91
[sao-listener] new flow 1 10.0.0.3:23402->10.0.0.7:5205 cc=astraea pid=2006288 child=2008053
[sao-listener] single-flow mode: attached worker; stopping ss scans
[sao-listener flow 1] cport=23402 cc=astraea worker active
[orch] link change t=30.0s bw=18 delay=56
[sao-listener] new flow 1 10.0.0.3:23602->10.0.0.7:5207 cc=astraea pid=2007383 child=2008306
[sao-listener] single-flow mode: attached worker; stopping ss scans
[sao-listener flow 1] cport=23602 cc=astraea worker active
[worker cport=23502 agent=2] loaded checkpoint step=17958
[worker alg=ma_dreamer reward=tempest_fairness_ma cport=23502 agent=2 group=slot5_ep33 flow=1] started interval=20ms det=1 latent=8x8
[worker cport=23402 agent=2] loaded checkpoint step=17958
[worker alg=ma_dreamer reward=tempest_fairness_ma cport=23402 agent=2 group=slot4_ep32 flow=1] started interval=20ms det=1 latent=8x8
[worker cport=23602 agent=2] loaded checkpoint step=17958
[worker alg=ma_dreamer reward=tempest_fairness_ma cport=23602 agent=2 group=slot6_ep35 flow=1] started interval=20ms det=1 latent=8x8
[orch] link change t=30.0s bw=34 delay=38
[orch] link change t=30.0s bw=41 delay=46
[sao-listener] new flow 1 10.0.0.3:23302->10.0.0.7:5204 cc=astraea pid=2007935 child=2009364
[sao-listener] single-flow mode: attached worker; stopping ss scans
[sao-listener flow 1] cport=23302 cc=astraea worker active
[sao-listener] new flow 1 10.0.0.3:23102->10.0.0.7:5202 cc=astraea pid=2009121 child=2009680
[sao-listener] single-flow mode: attached worker; stopping ss scans
[sao-listener flow 1] cport=23102 cc=astraea worker active
[worker cport=23302 agent=2] loaded checkpoint step=17958
[worker alg=ma_dreamer reward=tempest_fairness_ma cport=23302 agent=2 group=slot3_ep36 flow=1] started interval=20ms det=1 latent=8x8
[sao-listener] new flow 1 10.0.0.3:23702->10.0.0.7:5208 cc=astraea pid=2008298 child=2009968
[sao-listener] single-flow mode: attached worker; stopping ss scans
[sao-listener flow 1] cport=23702 cc=astraea worker active
[sao-listener] new flow 1 10.0.0.3:23002->10.0.0.7:5201 cc=astraea pid=2009302 child=2010043
[sao-listener] single-flow mode: attached worker; stopping ss scans
[sao-listener flow 1] cport=23002 cc=astraea worker active
[worker cport=23102 agent=2] loaded checkpoint step=17958
[worker alg=ma_dreamer reward=tempest_fairness_ma cport=23102 agent=2 group=slot1_ep39 flow=1] started interval=20ms det=1 latent=8x8
[sao-listener] new flow 1 10.0.0.3:23202->10.0.0.7:5203 cc=astraea pid=2008608 child=2010316
[sao-listener] single-flow mode: attached worker; stopping ss scans
[sao-listener flow 1] cport=23202 cc=astraea worker active
[worker cport=23702 agent=2] loaded checkpoint step=17958
[worker alg=ma_dreamer reward=tempest_fairness_ma cport=23702 agent=2 group=slot7_ep37 flow=1] started interval=20ms det=1 latent=8x8
[worker cport=23002 agent=2] loaded checkpoint step=17958
[worker alg=ma_dreamer reward=tempest_fairness_ma cport=23002 agent=2 group=slot0_ep40 flow=1] started interval=20ms det=1 latent=8x8
[worker cport=23202 agent=2] loaded checkpoint step=17958
[worker alg=ma_dreamer reward=tempest_fairness_ma cport=23202 agent=2 group=slot2_ep38 flow=1] started interval=20ms det=1 latent=8x8
[orch] link change t=45.0s bw=15 delay=27
[orch] link change t=45.0s bw=73 delay=13
[orch] link change t=45.0s bw=93 delay=78
[orch] link change t=45.0s bw=59 delay=56
[sao-listener] new flow 1 10.0.0.4:23803->10.0.0.8:5209 cc=astraea pid=2012065 child=2012538
[sao-listener] single-flow mode: attached worker; stopping ss scans
[sao-listener flow 1] cport=23803 cc=astraea worker active
[orch] link change t=45.0s bw=65 delay=42
[sao-listener] new flow 1 10.0.0.4:23403->10.0.0.8:5205 cc=astraea pid=2012211 child=2012758
[sao-listener] single-flow mode: attached worker; stopping ss scans
[sao-listener flow 1] cport=23403 cc=astraea worker active
[sao-listener] new flow 1 10.0.0.4:23503->10.0.0.8:5206 cc=astraea pid=2012400 child=2012825
[sao-listener] single-flow mode: attached worker; stopping ss scans
[sao-listener flow 1] cport=23503 cc=astraea worker active
[worker cport=23803 agent=3] loaded checkpoint step=17958
[worker alg=ma_dreamer reward=tempest_fairness_ma cport=23803 agent=3 group=slot8_ep31 flow=1] started interval=20ms det=1 latent=8x8
[orch] link change t=45.0s bw=74 delay=90
[sao-listener] new flow 1 10.0.0.4:23603->10.0.0.8:5207 cc=astraea pid=2012942 child=2013041
[sao-listener] single-flow mode: attached worker; stopping ss scans
[sao-listener flow 1] cport=23603 cc=astraea worker active
[worker cport=23403 agent=3] loaded checkpoint step=17958
[worker alg=ma_dreamer reward=tempest_fairness_ma cport=23403 agent=3 group=slot4_ep32 flow=1] started interval=20ms det=1 latent=8x8
[worker cport=23503 agent=3] loaded checkpoint step=17958
[worker alg=ma_dreamer reward=tempest_fairness_ma cport=23503 agent=3 group=slot5_ep33 flow=1] started interval=20ms det=1 latent=8x8
[orch] link change t=45.0s bw=75 delay=14
[worker cport=23603 agent=3] loaded checkpoint step=17958
[worker alg=ma_dreamer reward=tempest_fairness_ma cport=23603 agent=3 group=slot6_ep35 flow=1] started interval=20ms det=1 latent=8x8
[orch] link change t=45.0s bw=99 delay=69
[sao-listener] new flow 1 10.0.0.4:23903->10.0.0.8:5210 cc=astraea pid=2012527 child=2013397
[sao-listener] single-flow mode: attached worker; stopping ss scans
[sao-listener flow 1] cport=23903 cc=astraea worker active
[sao-listener] new flow 1 10.0.0.4:23303->10.0.0.8:5204 cc=astraea pid=2013251 child=2013552
[sao-listener] single-flow mode: attached worker; stopping ss scans
[sao-listener flow 1] cport=23303 cc=astraea worker active
[worker cport=23903 agent=3] loaded checkpoint step=17958
[worker alg=ma_dreamer reward=tempest_fairness_ma cport=23903 agent=3 group=slot9_ep34 flow=1] started interval=20ms det=1 latent=8x8
[orch] link change t=45.0s bw=60 delay=82
[orch] link change t=45.0s bw=95 delay=91
[worker cport=23303 agent=3] loaded checkpoint step=17958
[worker alg=ma_dreamer reward=tempest_fairness_ma cport=23303 agent=3 group=slot3_ep36 flow=1] started interval=20ms det=1 latent=8x8
[sao-listener] new flow 1 10.0.0.4:23703->10.0.0.8:5208 cc=astraea pid=2013402 child=2013858
[sao-listener] single-flow mode: attached worker; stopping ss scans
[sao-listener flow 1] cport=23703 cc=astraea worker active
[worker cport=23703 agent=3] loaded checkpoint step=17958
[worker alg=ma_dreamer reward=tempest_fairness_ma cport=23703 agent=3 group=slot7_ep37 flow=1] started interval=20ms det=1 latent=8x8
[sao-listener] new flow 1 10.0.0.4:23203->10.0.0.8:5203 cc=astraea pid=2013508 child=2014032
[sao-listener] single-flow mode: attached worker; stopping ss scans
[sao-listener flow 1] cport=23203 cc=astraea worker active
[worker cport=23203 agent=3] loaded checkpoint step=17958
[worker alg=ma_dreamer reward=tempest_fairness_ma cport=23203 agent=3 group=slot2_ep38 flow=1] started interval=20ms det=1 latent=8x8
[sao-listener] new flow 1 10.0.0.4:23103->10.0.0.8:5202 cc=astraea pid=2013787 child=2014220
[sao-listener] single-flow mode: attached worker; stopping ss scans
[sao-listener flow 1] cport=23103 cc=astraea worker active
[sao-listener] new flow 1 10.0.0.4:23003->10.0.0.8:5201 cc=astraea pid=2013832 child=2014281
[sao-listener] single-flow mode: attached worker; stopping ss scans
[sao-listener flow 1] cport=23003 cc=astraea worker active
[worker cport=23103 agent=3] loaded checkpoint step=17958
[worker alg=ma_dreamer reward=tempest_fairness_ma cport=23103 agent=3 group=slot1_ep39 flow=1] started interval=20ms det=1 latent=8x8
[worker cport=23003 agent=3] loaded checkpoint step=17958
[worker alg=ma_dreamer reward=tempest_fairness_ma cport=23003 agent=3 group=slot0_ep40 flow=1] started interval=20ms det=1 latent=8x8
[orch] link change t=60.0s bw=24 delay=78
[orch] link change t=60.0s bw=14 delay=22
[orch] link change t=60.0s bw=77 delay=33
[orch] link change t=60.0s bw=18 delay=64
[orch] link change t=60.0s bw=82 delay=17
[orch] link change t=60.0s bw=32 delay=41
[orch] link change t=60.0s bw=90 delay=57
[orch] link change t=60.0s bw=57 delay=15
[orch] link change t=60.0s bw=10 delay=92
[orch] link change t=60.0s bw=95 delay=36
[orch] link change t=75.0s bw=39 delay=27
[orch] link change t=75.0s bw=51 delay=75
[orch] link change t=75.0s bw=93 delay=88
[orch] link change t=75.0s bw=49 delay=53
[orch] link change t=75.0s bw=77 delay=45
[orch] link change t=75.0s bw=44 delay=93
[orch] link change t=75.0s bw=66 delay=77
[orch] link change t=75.0s bw=87 delay=95
[orch] link change t=75.0s bw=42 delay=96
[orch] link change t=75.0s bw=26 delay=54
[orch] link change t=90.0s bw=28 delay=14
[orch] link change t=90.0s bw=52 delay=17
[orch] link change t=90.0s bw=74 delay=51
[orch] link change t=90.0s bw=22 delay=84
[orch] link change t=90.0s bw=93 delay=56
[orch] link change t=90.0s bw=65 delay=56
[orch] link change t=90.0s bw=23 delay=97
[orch] link change t=90.0s bw=31 delay=85
[orch] link change t=90.0s bw=55 delay=100
[orch] link change t=90.0s bw=45 delay=66
[orch] link change t=105.0s bw=94 delay=17
[orch] link change t=105.0s bw=76 delay=98
[orch] link change t=105.0s bw=97 delay=77
[orch] link change t=105.0s bw=75 delay=29
[orch] link change t=105.0s bw=84 delay=22
[orch] link change t=105.0s bw=81 delay=44
[orch] link change t=105.0s bw=68 delay=86
[orch] link change t=105.0s bw=54 delay=51
[orch] link change t=105.0s bw=32 delay=13
[orch] link change t=105.0s bw=13 delay=77
[orch] link change t=120.0s bw=27 delay=39
[orch] link change t=120.0s bw=70 delay=57
[orch] link change t=120.0s bw=71 delay=66
[orch] link change t=120.0s bw=22 delay=45
[orch] link change t=120.0s bw=56 delay=11
[orch] link change t=120.0s bw=79 delay=19
[orch] link change t=120.0s bw=46 delay=58
[orch] link change t=120.0s bw=44 delay=100
[orch] link change t=120.0s bw=47 delay=96
[orch] link change t=120.0s bw=26 delay=17
[orch] link change t=135.0s bw=78 delay=67
[orch] link change t=135.0s bw=86 delay=10
[orch] link change t=135.0s bw=46 delay=96
[orch] link change t=135.0s bw=54 delay=88
[orch] link change t=135.0s bw=75 delay=11
[orch] link change t=135.0s bw=83 delay=62
[orch] link change t=135.0s bw=64 delay=66
[orch] link change t=135.0s bw=52 delay=89
[orch] link change t=135.0s bw=19 delay=56
[orch] link change t=135.0s bw=92 delay=35
[orch] link change t=150.0s bw=77 delay=62
[orch] link change t=150.0s bw=79 delay=26
[orch] link change t=150.0s bw=91 delay=19
[orch] link change t=150.0s bw=10 delay=29
[orch] link change t=150.0s bw=22 delay=73
[orch] link change t=150.0s bw=72 delay=59
[orch] link change t=150.0s bw=28 delay=16
[orch] link change t=150.0s bw=49 delay=70
[orch] link change t=150.0s bw=11 delay=23
[orch] link change t=150.0s bw=89 delay=100
[orch] link change t=165.0s bw=36 delay=85
[orch] link change t=165.0s bw=77 delay=11
[orch] link change t=165.0s bw=48 delay=62
[orch] link change t=165.0s bw=77 delay=21
[orch] link change t=165.0s bw=57 delay=13
[orch] link change t=165.0s bw=54 delay=60
[orch] link change t=165.0s bw=21 delay=62
[orch] link change t=165.0s bw=84 delay=61
[orch] link change t=165.0s bw=64 delay=54
[orch] link change t=165.0s bw=68 delay=16
[orch] link change t=180.0s bw=21 delay=25
[orch] link change t=180.0s bw=72 delay=35
[orch] link change t=180.0s bw=49 delay=76
[orch] link change t=180.0s bw=17 delay=57
[orch] link change t=180.0s bw=53 delay=96
[orch] link change t=180.0s bw=41 delay=60
[orch] link change t=180.0s bw=19 delay=79
[orch] link change t=180.0s bw=38 delay=88
[orch] link change t=180.0s bw=64 delay=22
[orch] link change t=180.0s bw=32 delay=87
[orch] link change t=195.0s bw=12 delay=61
[orch] link change t=195.0s bw=46 delay=35
[orch] link change t=195.0s bw=73 delay=16
[orch] link change t=195.0s bw=42 delay=80
[orch] link change t=195.0s bw=73 delay=16
[orch] link change t=195.0s bw=31 delay=25
[orch] link change t=195.0s bw=46 delay=56
[orch] link change t=195.0s bw=20 delay=77
[orch] link change t=195.0s bw=60 delay=75
[orch] link change t=195.0s bw=50 delay=24
[orch] link change t=210.0s bw=53 delay=35
[orch] link change t=210.0s bw=67 delay=20
[orch] link change t=210.0s bw=87 delay=96
[orch] link change t=210.0s bw=100 delay=17
[orch] link change t=210.0s bw=12 delay=40
[orch] link change t=210.0s bw=75 delay=73
[orch] link change t=210.0s bw=92 delay=100
[orch] link change t=210.0s bw=72 delay=28
[orch] link change t=210.0s bw=84 delay=48
[orch] link change t=210.0s bw=42 delay=51
[orch] link change t=225.0s bw=36 delay=52
[orch] link change t=225.0s bw=52 delay=25
[orch] link change t=225.0s bw=64 delay=45
[orch] link change t=225.0s bw=59 delay=31
[orch] link change t=225.0s bw=51 delay=20
[orch] link change t=225.0s bw=99 delay=36
[orch] link change t=225.0s bw=65 delay=85
[orch] link change t=225.0s bw=65 delay=77
[orch] link change t=225.0s bw=44 delay=18
[orch] link change t=225.0s bw=28 delay=75
[orch] link change t=240.0s bw=60 delay=56
[orch] link change t=240.0s bw=14 delay=77
[orch] link change t=240.0s bw=50 delay=81
[orch] link change t=240.0s bw=85 delay=91
[orch] link change t=240.0s bw=30 delay=53
[orch] link change t=240.0s bw=77 delay=47
[orch] link change t=240.0s bw=82 delay=56
[orch] link change t=240.0s bw=41 delay=11
[orch] link change t=240.0s bw=68 delay=65
[orch] link change t=240.0s bw=97 delay=76
[orch] link change t=255.0s bw=86 delay=41
[orch] link change t=255.0s bw=24 delay=30
[orch] link change t=255.0s bw=97 delay=41
[orch] link change t=255.0s bw=49 delay=47
[orch] link change t=255.0s bw=31 delay=82
[orch] link change t=255.0s bw=33 delay=72
[orch] link change t=255.0s bw=91 delay=100
[orch] link change t=255.0s bw=58 delay=57
[orch] link change t=255.0s bw=42 delay=83
[orch] link change t=255.0s bw=22 delay=62
[orch] link change t=270.0s bw=36 delay=37
[orch] link change t=270.0s bw=66 delay=12
[orch] link change t=270.0s bw=25 delay=17
[orch] link change t=270.0s bw=58 delay=50
[orch] link change t=270.0s bw=19 delay=71
[orch] link change t=270.0s bw=100 delay=85
[orch] link change t=270.0s bw=83 delay=14
[orch] link change t=270.0s bw=78 delay=97
[orch] link change t=270.0s bw=51 delay=82
[orch] link change t=270.0s bw=16 delay=50
[orch] link change t=285.0s bw=63 delay=84
[orch] link change t=285.0s bw=65 delay=16
[orch] link change t=285.0s bw=50 delay=46
[orch] link change t=285.0s bw=37 delay=36
[orch] link change t=285.0s bw=56 delay=20
[orch] link change t=285.0s bw=51 delay=80
[orch] link change t=285.0s bw=77 delay=89
[orch] link change t=285.0s bw=88 delay=74
[orch] link change t=285.0s bw=10 delay=100
[orch] link change t=285.0s bw=52 delay=39
[orch] link change t=300.0s bw=94 delay=80
[orch] link change t=300.0s bw=14 delay=81
[orch] link change t=300.0s bw=37 delay=18
[orch] link change t=300.0s bw=67 delay=78
[orch] link change t=300.0s bw=47 delay=30
[orch] link change t=300.0s bw=31 delay=10
[orch] link change t=300.0s bw=37 delay=74
[orch] link change t=300.0s bw=13 delay=28
[orch] link change t=300.0s bw=15 delay=93
[orch] link change t=300.0s bw=29 delay=49
[orch] link change t=315.0s bw=17 delay=16
[orch] link change t=315.0s bw=55 delay=39
[orch] link change t=315.0s bw=56 delay=25
[orch] link change t=315.0s bw=32 delay=87
[orch] link change t=315.0s bw=83 delay=19
[orch] link change t=315.0s bw=86 delay=59
[orch] link change t=315.0s bw=63 delay=18
[orch] link change t=315.0s bw=70 delay=23
[orch] link change t=315.0s bw=34 delay=89
[orch] link change t=315.0s bw=30 delay=76
[orch] link change t=330.0s bw=33 delay=55
[orch] link change t=330.0s bw=30 delay=69
[orch] link change t=330.0s bw=93 delay=51
[orch] link change t=330.0s bw=26 delay=83
[orch] link change t=330.0s bw=96 delay=26
[orch] link change t=330.0s bw=73 delay=27
[orch] link change t=330.0s bw=11 delay=10
[orch] link change t=330.0s bw=42 delay=24
[orch] link change t=330.0s bw=89 delay=71
[orch] link change t=330.0s bw=49 delay=99
[multi_ep_plot] saved -> /its/home/mm2350/extra/Olympusv2/benchmarks/benchmark_responsive_fairness/data/ma_dreamer_20260611-175726/4_flows/run31/ep000031_bw11_d70_n4.pdf  return=1024702.2
[ep_plot] ep=31 -> /its/home/mm2350/extra/Olympusv2/benchmarks/benchmark_responsive_fairness/data/ma_dreamer_20260611-175726/4_flows/run31/ep000031_bw11_d70_n4.pdf  return=1024702.21875
[orch] ep=31 sum-of-agents return=1024702.2
[responsive_fairness] slot=8 ma_dreamer_20260611-175726 flows=4 run=41
[responsive_fairness] ma_dreamer_20260611-175726 flows=4 run=31 done (81/200)
[slot=8] ep=41  flows=4  bw=58Mbps  delay=52ms  duration=345s  delays=[0.0, 15.0, 30.0, 45.0]  lifetimes=[345.0, 330.0, 315.0, 300.0]
[multi_ep_plot] saved -> /its/home/mm2350/extra/Olympusv2/benchmarks/benchmark_responsive_fairness/data/ma_dreamer_20260611-175726/4_flows/run32/ep000032_bw19_d37_n4.pdf  return=1088702.1
[ep_plot] ep=32 -> /its/home/mm2350/extra/Olympusv2/benchmarks/benchmark_responsive_fairness/data/ma_dreamer_20260611-175726/4_flows/run32/ep000032_bw19_d37_n4.pdf  return=1088702.0625
[orch] ep=32 sum-of-agents return=1088702.1
[responsive_fairness] slot=4 ma_dreamer_20260611-175726 flows=4 run=42
[responsive_fairness] ma_dreamer_20260611-175726 flows=4 run=32 done (82/200)
[slot=4] ep=42  flows=4  bw=91Mbps  delay=24ms  duration=345s  delays=[0.0, 15.0, 30.0, 45.0]  lifetimes=[345.0, 330.0, 315.0, 300.0]
[sao-listener] cport=23800 worker=/its/home/mm2350/extra/Olympusv2/olympus/algorithms/ma_dreamer/worker.py scan=20ms target_cc=astraea single_flow=1 no_state_pipe=1
[sao-listener] cport=23801 worker=/its/home/mm2350/extra/Olympusv2/olympus/algorithms/ma_dreamer/worker.py scan=20ms target_cc=astraea single_flow=1 no_state_pipe=1
[sao-listener] cport=23802 worker=/its/home/mm2350/extra/Olympusv2/olympus/algorithms/ma_dreamer/worker.py scan=20ms target_cc=astraea single_flow=1 no_state_pipe=1
[sao-listener] cport=23803 worker=/its/home/mm2350/extra/Olympusv2/olympus/algorithms/ma_dreamer/worker.py scan=20ms target_cc=astraea single_flow=1 no_state_pipe=1
[sao-listener] cport=23400 worker=/its/home/mm2350/extra/Olympusv2/olympus/algorithms/ma_dreamer/worker.py scan=20ms target_cc=astraea single_flow=1 no_state_pipe=1
[sao-listener] cport=23401 worker=/its/home/mm2350/extra/Olympusv2/olympus/algorithms/ma_dreamer/worker.py scan=20ms target_cc=astraea single_flow=1 no_state_pipe=1
[sao-listener] cport=23402 worker=/its/home/mm2350/extra/Olympusv2/olympus/algorithms/ma_dreamer/worker.py scan=20ms target_cc=astraea single_flow=1 no_state_pipe=1
[sao-listener] cport=23403 worker=/its/home/mm2350/extra/Olympusv2/olympus/algorithms/ma_dreamer/worker.py scan=20ms target_cc=astraea single_flow=1 no_state_pipe=1
[multi_ep_plot] saved -> /its/home/mm2350/extra/Olympusv2/benchmarks/benchmark_responsive_fairness/data/ma_dreamer_20260611-175726/4_flows/run33/ep000033_bw83_d31_n4.pdf  return=1126749.5
[ep_plot] ep=33 -> /its/home/mm2350/extra/Olympusv2/benchmarks/benchmark_responsive_fairness/data/ma_dreamer_20260611-175726/4_flows/run33/ep000033_bw83_d31_n4.pdf  return=1126749.546875
[orch] ep=33 sum-of-agents return=1126749.5
[responsive_fairness] slot=5 ma_dreamer_20260611-175726 flows=4 run=43
[responsive_fairness] ma_dreamer_20260611-175726 flows=4 run=33 done (83/200)
[slot=5] ep=43  flows=4  bw=14Mbps  delay=46ms  duration=345s  delays=[0.0, 15.0, 30.0, 45.0]  lifetimes=[345.0, 330.0, 315.0, 300.0]
[multi_ep_plot] saved -> /its/home/mm2350/extra/Olympusv2/benchmarks/benchmark_responsive_fairness/data/ma_dreamer_20260611-175726/4_flows/run34/ep000034_bw77_d55_n4.pdf  return=1037160.4
[ep_plot] ep=34 -> /its/home/mm2350/extra/Olympusv2/benchmarks/benchmark_responsive_fairness/data/ma_dreamer_20260611-175726/4_flows/run34/ep000034_bw77_d55_n4.pdf  return=1037160.40625
[orch] ep=34 sum-of-agents return=1037160.4
[responsive_fairness] slot=9 ma_dreamer_20260611-175726 flows=4 run=44
[responsive_fairness] ma_dreamer_20260611-175726 flows=4 run=34 done (84/200)
[slot=9] ep=44  flows=4  bw=62Mbps  delay=76ms  duration=345s  delays=[0.0, 15.0, 30.0, 45.0]  lifetimes=[345.0, 330.0, 315.0, 300.0]
[sao-listener] cport=23500 worker=/its/home/mm2350/extra/Olympusv2/olympus/algorithms/ma_dreamer/worker.py scan=20ms target_cc=astraea single_flow=1 no_state_pipe=1
[sao-listener] cport=23501 worker=/its/home/mm2350/extra/Olympusv2/olympus/algorithms/ma_dreamer/worker.py scan=20ms target_cc=astraea single_flow=1 no_state_pipe=1
[sao-listener] cport=23502 worker=/its/home/mm2350/extra/Olympusv2/olympus/algorithms/ma_dreamer/worker.py scan=20ms target_cc=astraea single_flow=1 no_state_pipe=1
[sao-listener] cport=23503 worker=/its/home/mm2350/extra/Olympusv2/olympus/algorithms/ma_dreamer/worker.py scan=20ms target_cc=astraea single_flow=1 no_state_pipe=1
[sao-listener] new flow 1 10.0.0.1:23400->10.0.0.5:5205 cc=astraea pid=2018430 child=2019115
[sao-listener flow 1] cport=23400 cc=astraea worker active
[sao-listener] single-flow mode: attached worker; stopping ss scans
[sao-listener] new flow 1 10.0.0.1:23800->10.0.0.5:5209 cc=astraea pid=2018230 child=2019255
[sao-listener] single-flow mode: attached worker; stopping ss scans
[sao-listener flow 1] cport=23800 cc=astraea worker active
[sao-listener] cport=23900 worker=/its/home/mm2350/extra/Olympusv2/olympus/algorithms/ma_dreamer/worker.py scan=20ms target_cc=astraea single_flow=1 no_state_pipe=1
[sao-listener] cport=23901 worker=/its/home/mm2350/extra/Olympusv2/olympus/algorithms/ma_dreamer/worker.py scan=20ms target_cc=astraea single_flow=1 no_state_pipe=1
[sao-listener] cport=23902 worker=/its/home/mm2350/extra/Olympusv2/olympus/algorithms/ma_dreamer/worker.py scan=20ms target_cc=astraea single_flow=1 no_state_pipe=1
[sao-listener] cport=23903 worker=/its/home/mm2350/extra/Olympusv2/olympus/algorithms/ma_dreamer/worker.py scan=20ms target_cc=astraea single_flow=1 no_state_pipe=1
[multi_ep_plot] saved -> /its/home/mm2350/extra/Olympusv2/benchmarks/benchmark_responsive_fairness/data/ma_dreamer_20260611-175726/4_flows/run35/ep000035_bw80_d52_n4.pdf  return=1116048.5
[ep_plot] ep=35 -> /its/home/mm2350/extra/Olympusv2/benchmarks/benchmark_responsive_fairness/data/ma_dreamer_20260611-175726/4_flows/run35/ep000035_bw80_d52_n4.pdf  return=1116048.453125
[orch] ep=35 sum-of-agents return=1116048.5
[responsive_fairness] slot=6 ma_dreamer_20260611-175726 flows=4 run=45
[responsive_fairness] ma_dreamer_20260611-175726 flows=4 run=35 done (85/200)
[slot=6] ep=45  flows=4  bw=44Mbps  delay=63ms  duration=345s  delays=[0.0, 15.0, 30.0, 45.0]  lifetimes=[345.0, 330.0, 315.0, 300.0]
[sao-listener] new flow 1 10.0.0.1:23500->10.0.0.5:5206 cc=astraea pid=2019611 child=2019887
[sao-listener] single-flow mode: attached worker; stopping ss scans
[sao-listener flow 1] cport=23500 cc=astraea worker active
[worker cport=23400 agent=0] loaded checkpoint step=17958
[worker alg=ma_dreamer reward=tempest_fairness_ma cport=23400 agent=0 group=slot4_ep42 flow=1] started interval=20ms det=1 latent=8x8
[worker cport=23800 agent=0] loaded checkpoint step=17958
[worker alg=ma_dreamer reward=tempest_fairness_ma cport=23800 agent=0 group=slot8_ep41 flow=1] started interval=20ms det=1 latent=8x8
[sao-listener] cport=23600 worker=/its/home/mm2350/extra/Olympusv2/olympus/algorithms/ma_dreamer/worker.py scan=20ms target_cc=astraea single_flow=1 no_state_pipe=1
[sao-listener] cport=23601 worker=/its/home/mm2350/extra/Olympusv2/olympus/algorithms/ma_dreamer/worker.py scan=20ms target_cc=astraea single_flow=1 no_state_pipe=1
[sao-listener] cport=23602 worker=/its/home/mm2350/extra/Olympusv2/olympus/algorithms/ma_dreamer/worker.py scan=20ms target_cc=astraea single_flow=1 no_state_pipe=1
[sao-listener] cport=23603 worker=/its/home/mm2350/extra/Olympusv2/olympus/algorithms/ma_dreamer/worker.py scan=20ms target_cc=astraea single_flow=1 no_state_pipe=1
[multi_ep_plot] saved -> /its/home/mm2350/extra/Olympusv2/benchmarks/benchmark_responsive_fairness/data/ma_dreamer_20260611-175726/4_flows/run36/ep000036_bw52_d17_n4.pdf  return=1048603.4
[ep_plot] ep=36 -> /its/home/mm2350/extra/Olympusv2/benchmarks/benchmark_responsive_fairness/data/ma_dreamer_20260611-175726/4_flows/run36/ep000036_bw52_d17_n4.pdf  return=1048603.421875
[orch] ep=36 sum-of-agents return=1048603.4
[worker cport=23500 agent=0] loaded checkpoint step=17958
[worker alg=ma_dreamer reward=tempest_fairness_ma cport=23500 agent=0 group=slot5_ep43 flow=1] started interval=20ms det=1 latent=8x8
[responsive_fairness] slot=3 ma_dreamer_20260611-175726 flows=4 run=46
[responsive_fairness] ma_dreamer_20260611-175726 flows=4 run=36 done (86/200)
[slot=3] ep=46  flows=4  bw=19Mbps  delay=61ms  duration=345s  delays=[0.0, 15.0, 30.0, 45.0]  lifetimes=[345.0, 330.0, 315.0, 300.0]
[sao-listener] new flow 1 10.0.0.1:23900->10.0.0.5:5210 cc=astraea pid=2020125 child=2020849
[sao-listener] single-flow mode: attached worker; stopping ss scans
[sao-listener flow 1] cport=23900 cc=astraea worker active
[sao-listener] cport=23300 worker=/its/home/mm2350/extra/Olympusv2/olympus/algorithms/ma_dreamer/worker.py scan=20ms target_cc=astraea single_flow=1 no_state_pipe=1
[sao-listener] cport=23301 worker=/its/home/mm2350/extra/Olympusv2/olympus/algorithms/ma_dreamer/worker.py scan=20ms target_cc=astraea single_flow=1 no_state_pipe=1
[sao-listener] cport=23302 worker=/its/home/mm2350/extra/Olympusv2/olympus/algorithms/ma_dreamer/worker.py scan=20ms target_cc=astraea single_flow=1 no_state_pipe=1
[sao-listener] cport=23303 worker=/its/home/mm2350/extra/Olympusv2/olympus/algorithms/ma_dreamer/worker.py scan=20ms target_cc=astraea single_flow=1 no_state_pipe=1
[multi_ep_plot] saved -> /its/home/mm2350/extra/Olympusv2/benchmarks/benchmark_responsive_fairness/data/ma_dreamer_20260611-175726/4_flows/run37/ep000037_bw97_d87_n4.pdf  return=908147.9
[ep_plot] ep=37 -> /its/home/mm2350/extra/Olympusv2/benchmarks/benchmark_responsive_fairness/data/ma_dreamer_20260611-175726/4_flows/run37/ep000037_bw97_d87_n4.pdf  return=908147.859375
[orch] ep=37 sum-of-agents return=908147.9
[responsive_fairness] slot=7 ma_dreamer_20260611-175726 flows=4 run=47
[responsive_fairness] ma_dreamer_20260611-175726 flows=4 run=37 done (87/200)
[slot=7] ep=47  flows=4  bw=55Mbps  delay=18ms  duration=345s  delays=[0.0, 15.0, 30.0, 45.0]  lifetimes=[345.0, 330.0, 315.0, 300.0]
[worker cport=23900 agent=0] loaded checkpoint step=17958
[worker alg=ma_dreamer reward=tempest_fairness_ma cport=23900 agent=0 group=slot9_ep44 flow=1] started interval=20ms det=1 latent=8x8
[multi_ep_plot] saved -> /its/home/mm2350/extra/Olympusv2/benchmarks/benchmark_responsive_fairness/data/ma_dreamer_20260611-175726/4_flows/run38/ep000038_bw91_d63_n4.pdf  return=792598.1
[ep_plot] ep=38 -> /its/home/mm2350/extra/Olympusv2/benchmarks/benchmark_responsive_fairness/data/ma_dreamer_20260611-175726/4_flows/run38/ep000038_bw91_d63_n4.pdf  return=792598.0625
[orch] ep=38 sum-of-agents return=792598.1
[responsive_fairness] slot=2 ma_dreamer_20260611-175726 flows=4 run=48
[responsive_fairness] ma_dreamer_20260611-175726 flows=4 run=38 done (88/200)
[slot=2] ep=48  flows=4  bw=80Mbps  delay=50ms  duration=345s  delays=[0.0, 15.0, 30.0, 45.0]  lifetimes=[345.0, 330.0, 315.0, 300.0]
[sao-listener] new flow 1 10.0.0.1:23600->10.0.0.5:5207 cc=astraea pid=2020937 child=2022037
[sao-listener] single-flow mode: attached worker; stopping ss scans
[sao-listener flow 1] cport=23600 cc=astraea worker active
[sao-listener] cport=23700 worker=/its/home/mm2350/extra/Olympusv2/olympus/algorithms/ma_dreamer/worker.py scan=20ms target_cc=astraea single_flow=1 no_state_pipe=1
[sao-listener] cport=23701 worker=/its/home/mm2350/extra/Olympusv2/olympus/algorithms/ma_dreamer/worker.py scan=20ms target_cc=astraea single_flow=1 no_state_pipe=1
[sao-listener] cport=23702 worker=/its/home/mm2350/extra/Olympusv2/olympus/algorithms/ma_dreamer/worker.py scan=20ms target_cc=astraea single_flow=1 no_state_pipe=1
[sao-listener] cport=23703 worker=/its/home/mm2350/extra/Olympusv2/olympus/algorithms/ma_dreamer/worker.py scan=20ms target_cc=astraea single_flow=1 no_state_pipe=1
[sao-listener] cport=23200 worker=/its/home/mm2350/extra/Olympusv2/olympus/algorithms/ma_dreamer/worker.py scan=20ms target_cc=astraea single_flow=1 no_state_pipe=1
[sao-listener] cport=23201 worker=/its/home/mm2350/extra/Olympusv2/olympus/algorithms/ma_dreamer/worker.py scan=20ms target_cc=astraea single_flow=1 no_state_pipe=1
[sao-listener] cport=23202 worker=/its/home/mm2350/extra/Olympusv2/olympus/algorithms/ma_dreamer/worker.py scan=20ms target_cc=astraea single_flow=1 no_state_pipe=1
[sao-listener] cport=23203 worker=/its/home/mm2350/extra/Olympusv2/olympus/algorithms/ma_dreamer/worker.py scan=20ms target_cc=astraea single_flow=1 no_state_pipe=1
[worker cport=23600 agent=0] loaded checkpoint step=17958
[worker alg=ma_dreamer reward=tempest_fairness_ma cport=23600 agent=0 group=slot6_ep45 flow=1] started interval=20ms det=1 latent=8x8
[multi_ep_plot] saved -> /its/home/mm2350/extra/Olympusv2/benchmarks/benchmark_responsive_fairness/data/ma_dreamer_20260611-175726/4_flows/run39/ep000039_bw36_d43_n4.pdf  return=865684.9
[ep_plot] ep=39 -> /its/home/mm2350/extra/Olympusv2/benchmarks/benchmark_responsive_fairness/data/ma_dreamer_20260611-175726/4_flows/run39/ep000039_bw36_d43_n4.pdf  return=865684.921875
[orch] ep=39 sum-of-agents return=865684.9
[responsive_fairness] slot=1 ma_dreamer_20260611-175726 flows=4 run=49
[responsive_fairness] ma_dreamer_20260611-175726 flows=4 run=39 done (89/200)
[slot=1] ep=49  flows=4  bw=18Mbps  delay=54ms  duration=345s  delays=[0.0, 15.0, 30.0, 45.0]  lifetimes=[345.0, 330.0, 315.0, 300.0]
[sao-listener] new flow 1 10.0.0.1:23300->10.0.0.5:5204 cc=astraea pid=2021933 child=2023831
[sao-listener] single-flow mode: attached worker; stopping ss scans
[sao-listener flow 1] cport=23300 cc=astraea worker active
[multi_ep_plot] saved -> /its/home/mm2350/extra/Olympusv2/benchmarks/benchmark_responsive_fairness/data/ma_dreamer_20260611-175726/4_flows/run40/ep000040_bw68_d84_n4.pdf  return=1020625.3
[ep_plot] ep=40 -> /its/home/mm2350/extra/Olympusv2/benchmarks/benchmark_responsive_fairness/data/ma_dreamer_20260611-175726/4_flows/run40/ep000040_bw68_d84_n4.pdf  return=1020625.265625
[orch] ep=40 sum-of-agents return=1020625.3
[responsive_fairness] slot=0 ma_dreamer_20260611-175726 flows=4 run=50
[responsive_fairness] ma_dreamer_20260611-175726 flows=4 run=40 done (90/200)
[slot=0] ep=50  flows=4  bw=73Mbps  delay=44ms  duration=345s  delays=[0.0, 15.0, 30.0, 45.0]  lifetimes=[345.0, 330.0, 315.0, 300.0]
[sao-listener] cport=23100 worker=/its/home/mm2350/extra/Olympusv2/olympus/algorithms/ma_dreamer/worker.py scan=20ms target_cc=astraea single_flow=1 no_state_pipe=1
[sao-listener] cport=23101 worker=/its/home/mm2350/extra/Olympusv2/olympus/algorithms/ma_dreamer/worker.py scan=20ms target_cc=astraea single_flow=1 no_state_pipe=1
[sao-listener] cport=23102 worker=/its/home/mm2350/extra/Olympusv2/olympus/algorithms/ma_dreamer/worker.py scan=20ms target_cc=astraea single_flow=1 no_state_pipe=1
[sao-listener] cport=23103 worker=/its/home/mm2350/extra/Olympusv2/olympus/algorithms/ma_dreamer/worker.py scan=20ms target_cc=astraea single_flow=1 no_state_pipe=1
[worker cport=23300 agent=0] loaded checkpoint step=17958
[worker alg=ma_dreamer reward=tempest_fairness_ma cport=23300 agent=0 group=slot3_ep46 flow=1] started interval=20ms det=1 latent=8x8
[sao-listener] cport=23000 worker=/its/home/mm2350/extra/Olympusv2/olympus/algorithms/ma_dreamer/worker.py scan=20ms target_cc=astraea single_flow=1 no_state_pipe=1
[sao-listener] cport=23001 worker=/its/home/mm2350/extra/Olympusv2/olympus/algorithms/ma_dreamer/worker.py scan=20ms target_cc=astraea single_flow=1 no_state_pipe=1
[sao-listener] cport=23002 worker=/its/home/mm2350/extra/Olympusv2/olympus/algorithms/ma_dreamer/worker.py scan=20ms target_cc=astraea single_flow=1 no_state_pipe=1
[sao-listener] cport=23003 worker=/its/home/mm2350/extra/Olympusv2/olympus/algorithms/ma_dreamer/worker.py scan=20ms target_cc=astraea single_flow=1 no_state_pipe=1
[sao-listener] new flow 1 10.0.0.1:23700->10.0.0.5:5208 cc=astraea pid=2023315 child=2025572
[sao-listener] single-flow mode: attached worker; stopping ss scans
[sao-listener flow 1] cport=23700 cc=astraea worker active
[sao-listener] new flow 1 10.0.0.1:23200->10.0.0.5:5203 cc=astraea pid=2023675 child=2026191
[sao-listener] single-flow mode: attached worker; stopping ss scans
[sao-listener flow 1] cport=23200 cc=astraea worker active
[worker cport=23700 agent=0] loaded checkpoint step=17958
[worker alg=ma_dreamer reward=tempest_fairness_ma cport=23700 agent=0 group=slot7_ep47 flow=1] started interval=20ms det=1 latent=8x8
[worker cport=23200 agent=0] loaded checkpoint step=17958
[worker alg=ma_dreamer reward=tempest_fairness_ma cport=23200 agent=0 group=slot2_ep48 flow=1] started interval=20ms det=1 latent=8x8
[sao-listener] new flow 1 10.0.0.1:23100->10.0.0.5:5202 cc=astraea pid=2025007 child=2027448
[sao-listener] single-flow mode: attached worker; stopping ss scans
[sao-listener flow 1] cport=23100 cc=astraea worker active
[worker cport=23100 agent=0] loaded checkpoint step=17958
[worker alg=ma_dreamer reward=tempest_fairness_ma cport=23100 agent=0 group=slot1_ep49 flow=1] started interval=20ms det=1 latent=8x8
[sao-listener] new flow 1 10.0.0.1:23000->10.0.0.5:5201 cc=astraea pid=2025900 child=2028257
[sao-listener] single-flow mode: attached worker; stopping ss scans
[sao-listener flow 1] cport=23000 cc=astraea worker active
[worker cport=23000 agent=0] loaded checkpoint step=17958
[worker alg=ma_dreamer reward=tempest_fairness_ma cport=23000 agent=0 group=slot0_ep50 flow=1] started interval=20ms det=1 latent=8x8
[orch] link change t=15.0s bw=39 delay=31
[orch] link change t=15.0s bw=13 delay=45
[orch] link change t=15.0s bw=99 delay=28
[sao-listener] new flow 1 10.0.0.2:23801->10.0.0.6:5209 cc=astraea pid=2031547 child=2032138
[sao-listener] single-flow mode: attached worker; stopping ss scans
[sao-listener flow 1] cport=23801 cc=astraea worker active
[orch] link change t=15.0s bw=79 delay=99
[worker cport=23801 agent=1] loaded checkpoint step=17958
[worker alg=ma_dreamer reward=tempest_fairness_ma cport=23801 agent=1 group=slot8_ep41 flow=1] started interval=20ms det=1 latent=8x8
[orch] link change t=15.0s bw=72 delay=42
[sao-listener] new flow 1 10.0.0.2:23401->10.0.0.6:5205 cc=astraea pid=2031820 child=2033225
[sao-listener] single-flow mode: attached worker; stopping ss scans
[sao-listener flow 1] cport=23401 cc=astraea worker active
[sao-listener] new flow 1 10.0.0.2:23901->10.0.0.6:5210 cc=astraea pid=2032966 child=2033811
[sao-listener] single-flow mode: attached worker; stopping ss scans
[sao-listener flow 1] cport=23901 cc=astraea worker active
[worker cport=23401 agent=1] loaded checkpoint step=17958
[worker alg=ma_dreamer reward=tempest_fairness_ma cport=23401 agent=1 group=slot4_ep42 flow=1] started interval=20ms det=1 latent=8x8
[orch] link change t=15.0s bw=15 delay=85
[worker cport=23901 agent=1] loaded checkpoint step=17958
[worker alg=ma_dreamer reward=tempest_fairness_ma cport=23901 agent=1 group=slot9_ep44 flow=1] started interval=20ms det=1 latent=8x8
[orch] link change t=15.0s bw=65 delay=80
[sao-listener] new flow 1 10.0.0.2:23501->10.0.0.6:5206 cc=astraea pid=2032483 child=2034916
[sao-listener] single-flow mode: attached worker; stopping ss scans
[sao-listener flow 1] cport=23501 cc=astraea worker active
[orch] link change t=15.0s bw=26 delay=81
[sao-listener] new flow 1 10.0.0.2:23601->10.0.0.6:5207 cc=astraea pid=2033622 child=2035465
[sao-listener] single-flow mode: attached worker; stopping ss scans
[sao-listener flow 1] cport=23601 cc=astraea worker active
[worker cport=23501 agent=1] loaded checkpoint step=17958
[worker alg=ma_dreamer reward=tempest_fairness_ma cport=23501 agent=1 group=slot5_ep43 flow=1] started interval=20ms det=1 latent=8x8
[orch] link change t=15.0s bw=62 delay=24
[sao-listener] new flow 1 10.0.0.2:23701->10.0.0.6:5208 cc=astraea pid=2035127 child=2035952
[sao-listener] single-flow mode: attached worker; stopping ss scans
[sao-listener flow 1] cport=23701 cc=astraea worker active
[worker cport=23601 agent=1] loaded checkpoint step=17958
[worker alg=ma_dreamer reward=tempest_fairness_ma cport=23601 agent=1 group=slot6_ep45 flow=1] started interval=20ms det=1 latent=8x8
[orch] link change t=15.0s bw=56 delay=91
[sao-listener] new flow 1 10.0.0.2:23201->10.0.0.6:5203 cc=astraea pid=2035427 child=2036575
[sao-listener] single-flow mode: attached worker; stopping ss scans
[sao-listener flow 1] cport=23201 cc=astraea worker active
[worker cport=23701 agent=1] loaded checkpoint step=17958
[worker alg=ma_dreamer reward=tempest_fairness_ma cport=23701 agent=1 group=slot7_ep47 flow=1] started interval=20ms det=1 latent=8x8
[sao-listener] new flow 1 10.0.0.2:23301->10.0.0.6:5204 cc=astraea pid=2034424 child=2037023
[sao-listener] single-flow mode: attached worker; stopping ss scans
[sao-listener flow 1] cport=23301 cc=astraea worker active
[worker cport=23201 agent=1] loaded checkpoint step=17958
[worker alg=ma_dreamer reward=tempest_fairness_ma cport=23201 agent=1 group=slot2_ep48 flow=1] started interval=20ms det=1 latent=8x8
[worker cport=23301 agent=1] loaded checkpoint step=17958
[worker alg=ma_dreamer reward=tempest_fairness_ma cport=23301 agent=1 group=slot3_ep46 flow=1] started interval=20ms det=1 latent=8x8
[sao-listener] new flow 1 10.0.0.2:23101->10.0.0.6:5202 cc=astraea pid=2036385 child=2037711
[sao-listener] single-flow mode: attached worker; stopping ss scans
[sao-listener flow 1] cport=23101 cc=astraea worker active
[worker cport=23101 agent=1] loaded checkpoint step=17958
[worker alg=ma_dreamer reward=tempest_fairness_ma cport=23101 agent=1 group=slot1_ep49 flow=1] started interval=20ms det=1 latent=8x8
[sao-listener] new flow 1 10.0.0.2:23001->10.0.0.6:5201 cc=astraea pid=2036938 child=2038517
[sao-listener] single-flow mode: attached worker; stopping ss scans
[sao-listener flow 1] cport=23001 cc=astraea worker active
[worker cport=23001 agent=1] loaded checkpoint step=17958
[worker alg=ma_dreamer reward=tempest_fairness_ma cport=23001 agent=1 group=slot0_ep50 flow=1] started interval=20ms det=1 latent=8x8
[orch] link change t=30.0s bw=59 delay=83
[orch] link change t=30.0s bw=41 delay=38
[orch] link change t=30.0s bw=69 delay=57
[orch] link change t=30.0s bw=24 delay=32
[sao-listener] new flow 1 10.0.0.3:23402->10.0.0.7:5205 cc=astraea pid=2041196 child=2041797
[sao-listener] single-flow mode: attached worker; stopping ss scans
[sao-listener flow 1] cport=23402 cc=astraea worker active
[orch] link change t=30.0s bw=20 delay=48
[worker cport=23402 agent=2] loaded checkpoint step=17958
[worker alg=ma_dreamer reward=tempest_fairness_ma cport=23402 agent=2 group=slot4_ep42 flow=1] started interval=20ms det=1 latent=8x8
[orch] link change t=30.0s bw=85 delay=39
[sao-listener] new flow 1 10.0.0.3:23802->10.0.0.7:5209 cc=astraea pid=2041017 child=2042900
[sao-listener] single-flow mode: attached worker; stopping ss scans
[sao-listener flow 1] cport=23802 cc=astraea worker active
[sao-listener] new flow 1 10.0.0.3:23502->10.0.0.7:5206 cc=astraea pid=2041627 child=2043084
[sao-listener] single-flow mode: attached worker; stopping ss scans
[sao-listener flow 1] cport=23502 cc=astraea worker active
[orch] link change t=30.0s bw=68 delay=83
[worker cport=23802 agent=2] loaded checkpoint step=17958
[worker alg=ma_dreamer reward=tempest_fairness_ma cport=23802 agent=2 group=slot8_ep41 flow=1] started interval=20ms det=1 latent=8x8
[orch] link change t=30.0s bw=78 delay=48
[sao-listener] new flow 1 10.0.0.3:23602->10.0.0.7:5207 cc=astraea pid=2042443 child=2043425
[sao-listener] single-flow mode: attached worker; stopping ss scans
[sao-listener flow 1] cport=23602 cc=astraea worker active
[worker cport=23502 agent=2] loaded checkpoint step=17958
[worker alg=ma_dreamer reward=tempest_fairness_ma cport=23502 agent=2 group=slot5_ep43 flow=1] started interval=20ms det=1 latent=8x8
[worker cport=23602 agent=2] loaded checkpoint step=17958
[worker alg=ma_dreamer reward=tempest_fairness_ma cport=23602 agent=2 group=slot6_ep45 flow=1] started interval=20ms det=1 latent=8x8
[sao-listener] new flow 1 10.0.0.3:23902->10.0.0.7:5210 cc=astraea pid=2041978 child=2044028
[sao-listener] single-flow mode: attached worker; stopping ss scans
[sao-listener flow 1] cport=23902 cc=astraea worker active
[orch] link change t=30.0s bw=51 delay=80
[sao-listener] new flow 1 10.0.0.3:23202->10.0.0.7:5203 cc=astraea pid=2043742 child=2044224
[sao-listener] single-flow mode: attached worker; stopping ss scans
[sao-listener flow 1] cport=23202 cc=astraea worker active
[worker cport=23902 agent=2] loaded checkpoint step=17958
[worker alg=ma_dreamer reward=tempest_fairness_ma cport=23902 agent=2 group=slot9_ep44 flow=1] started interval=20ms det=1 latent=8x8
[sao-listener] new flow 1 10.0.0.3:23302->10.0.0.7:5204 cc=astraea pid=2042985 child=2044481
[sao-listener] single-flow mode: attached worker; stopping ss scans
[sao-listener flow 1] cport=23302 cc=astraea worker active
[orch] link change t=30.0s bw=41 delay=98
[worker cport=23202 agent=2] loaded checkpoint step=17958
[worker alg=ma_dreamer reward=tempest_fairness_ma cport=23202 agent=2 group=slot2_ep48 flow=1] started interval=20ms det=1 latent=8x8
[worker cport=23302 agent=2] loaded checkpoint step=17958
[worker alg=ma_dreamer reward=tempest_fairness_ma cport=23302 agent=2 group=slot3_ep46 flow=1] started interval=20ms det=1 latent=8x8
[sao-listener] new flow 1 10.0.0.3:23102->10.0.0.7:5202 cc=astraea pid=2044377 child=2044977
[sao-listener] single-flow mode: attached worker; stopping ss scans
[sao-listener flow 1] cport=23102 cc=astraea worker active
[sao-listener] new flow 1 10.0.0.3:23702->10.0.0.7:5208 cc=astraea pid=2043509 child=2045332
[sao-listener] single-flow mode: attached worker; stopping ss scans
[sao-listener flow 1] cport=23702 cc=astraea worker active
[worker cport=23102 agent=2] loaded checkpoint step=17958
[worker alg=ma_dreamer reward=tempest_fairness_ma cport=23102 agent=2 group=slot1_ep49 flow=1] started interval=20ms det=1 latent=8x8
[sao-listener] new flow 1 10.0.0.3:23002->10.0.0.7:5201 cc=astraea pid=2044792 child=2045484
[sao-listener] single-flow mode: attached worker; stopping ss scans
[sao-listener flow 1] cport=23002 cc=astraea worker active
[worker cport=23702 agent=2] loaded checkpoint step=17958
[worker alg=ma_dreamer reward=tempest_fairness_ma cport=23702 agent=2 group=slot7_ep47 flow=1] started interval=20ms det=1 latent=8x8
[worker cport=23002 agent=2] loaded checkpoint step=17958
[worker alg=ma_dreamer reward=tempest_fairness_ma cport=23002 agent=2 group=slot0_ep50 flow=1] started interval=20ms det=1 latent=8x8
[orch] link change t=45.0s bw=98 delay=46
[orch] link change t=45.0s bw=27 delay=23
[orch] link change t=45.0s bw=95 delay=99
[orch] link change t=45.0s bw=58 delay=38
[orch] link change t=45.0s bw=53 delay=12
[sao-listener] new flow 1 10.0.0.4:23503->10.0.0.8:5206 cc=astraea pid=2047474 child=2047809
[sao-listener] single-flow mode: attached worker; stopping ss scans
[sao-listener flow 1] cport=23503 cc=astraea worker active
[sao-listener] new flow 1 10.0.0.4:23803->10.0.0.8:5209 cc=astraea pid=2047161 child=2047811
[sao-listener] single-flow mode: attached worker; stopping ss scans
[sao-listener flow 1] cport=23803 cc=astraea worker active
[orch] link change t=45.0s bw=91 delay=76
[worker cport=23503 agent=3] loaded checkpoint step=17958
[worker alg=ma_dreamer reward=tempest_fairness_ma cport=23503 agent=3 group=slot5_ep43 flow=1] started interval=20ms det=1 latent=8x8
[worker cport=23803 agent=3] loaded checkpoint step=17958
[worker alg=ma_dreamer reward=tempest_fairness_ma cport=23803 agent=3 group=slot8_ep41 flow=1] started interval=20ms det=1 latent=8x8
[sao-listener] new flow 1 10.0.0.4:23603->10.0.0.8:5207 cc=astraea pid=2047947 child=2048194
[sao-listener] single-flow mode: attached worker; stopping ss scans
[sao-listener flow 1] cport=23603 cc=astraea worker active
[sao-listener] new flow 1 10.0.0.4:23403->10.0.0.8:5205 cc=astraea pid=2047261 child=2048268
[sao-listener] single-flow mode: attached worker; stopping ss scans
[sao-listener flow 1] cport=23403 cc=astraea worker active
[orch] link change t=45.0s bw=53 delay=42
[worker cport=23603 agent=3] loaded checkpoint step=17958
[worker alg=ma_dreamer reward=tempest_fairness_ma cport=23603 agent=3 group=slot6_ep45 flow=1] started interval=20ms det=1 latent=8x8
[sao-listener] new flow 1 10.0.0.4:23903->10.0.0.8:5210 cc=astraea pid=2047636 child=2048484
[sao-listener] single-flow mode: attached worker; stopping ss scans
[sao-listener flow 1] cport=23903 cc=astraea worker active
[worker cport=23403 agent=3] loaded checkpoint step=17958
[worker alg=ma_dreamer reward=tempest_fairness_ma cport=23403 agent=3 group=slot4_ep42 flow=1] started interval=20ms det=1 latent=8x8
[orch] link change t=45.0s bw=74 delay=34
[worker cport=23903 agent=3] loaded checkpoint step=17958
[worker alg=ma_dreamer reward=tempest_fairness_ma cport=23903 agent=3 group=slot9_ep44 flow=1] started interval=20ms det=1 latent=8x8
[sao-listener] new flow 1 10.0.0.4:23303->10.0.0.8:5204 cc=astraea pid=2048337 child=2048734
[sao-listener] single-flow mode: attached worker; stopping ss scans
[sao-listener flow 1] cport=23303 cc=astraea worker active
[orch] link change t=45.0s bw=75 delay=16
[worker cport=23303 agent=3] loaded checkpoint step=17958
[worker alg=ma_dreamer reward=tempest_fairness_ma cport=23303 agent=3 group=slot3_ep46 flow=1] started interval=20ms det=1 latent=8x8
[orch] link change t=45.0s bw=70 delay=52
[sao-listener] new flow 1 10.0.0.4:23703->10.0.0.8:5208 cc=astraea pid=2048614 child=2049063
[sao-listener] single-flow mode: attached worker; stopping ss scans
[sao-listener flow 1] cport=23703 cc=astraea worker active
[sao-listener] new flow 1 10.0.0.4:23003->10.0.0.8:5201 cc=astraea pid=2049031 child=2049115
[sao-listener flow 1] cport=23003 cc=astraea worker active
[sao-listener] single-flow mode: attached worker; stopping ss scans
[sao-listener] new flow 1 10.0.0.4:23203->10.0.0.8:5203 cc=astraea pid=2048671 child=2049192
[sao-listener] single-flow mode: attached worker; stopping ss scans
[sao-listener flow 1] cport=23203 cc=astraea worker active
[worker cport=23703 agent=3] loaded checkpoint step=17958
[worker alg=ma_dreamer reward=tempest_fairness_ma cport=23703 agent=3 group=slot7_ep47 flow=1] started interval=20ms det=1 latent=8x8
[worker cport=23003 agent=3] loaded checkpoint step=17958
[worker alg=ma_dreamer reward=tempest_fairness_ma cport=23003 agent=3 group=slot0_ep50 flow=1] started interval=20ms det=1 latent=8x8
[worker cport=23203 agent=3] loaded checkpoint step=17958
[worker alg=ma_dreamer reward=tempest_fairness_ma cport=23203 agent=3 group=slot2_ep48 flow=1] started interval=20ms det=1 latent=8x8
[sao-listener] new flow 1 10.0.0.4:23103->10.0.0.8:5202 cc=astraea pid=2048944 child=2049431
[sao-listener] single-flow mode: attached worker; stopping ss scans
[sao-listener flow 1] cport=23103 cc=astraea worker active
[worker cport=23103 agent=3] loaded checkpoint step=17958
[worker alg=ma_dreamer reward=tempest_fairness_ma cport=23103 agent=3 group=slot1_ep49 flow=1] started interval=20ms det=1 latent=8x8
[orch] link change t=60.0s bw=80 delay=45
[orch] link change t=60.0s bw=96 delay=79
[orch] link change t=60.0s bw=22 delay=68
[orch] link change t=60.0s bw=47 delay=13
[orch] link change t=60.0s bw=19 delay=71
[orch] link change t=60.0s bw=29 delay=84
[orch] link change t=60.0s bw=75 delay=59
[orch] link change t=60.0s bw=65 delay=31
[orch] link change t=60.0s bw=97 delay=15
[orch] link change t=60.0s bw=20 delay=78
[orch] link change t=75.0s bw=59 delay=83
[orch] link change t=75.0s bw=21 delay=85
[orch] link change t=75.0s bw=86 delay=73
[orch] link change t=75.0s bw=38 delay=24
[orch] link change t=75.0s bw=11 delay=24
[orch] link change t=75.0s bw=78 delay=14
[orch] link change t=75.0s bw=60 delay=88
[orch] link change t=75.0s bw=29 delay=94
[orch] link change t=75.0s bw=45 delay=29
[orch] link change t=75.0s bw=50 delay=38
[orch] link change t=90.0s bw=11 delay=41
[orch] link change t=90.0s bw=64 delay=14
[orch] link change t=90.0s bw=87 delay=12
[orch] link change t=90.0s bw=82 delay=11
[orch] link change t=90.0s bw=46 delay=25
[orch] link change t=90.0s bw=13 delay=18
[orch] link change t=90.0s bw=15 delay=63
[orch] link change t=90.0s bw=23 delay=73
[orch] link change t=90.0s bw=68 delay=15
[orch] link change t=90.0s bw=96 delay=81
[orch] link change t=105.0s bw=94 delay=12
[orch] link change t=105.0s bw=13 delay=21
[orch] link change t=105.0s bw=75 delay=65
[orch] link change t=105.0s bw=22 delay=30
[orch] link change t=105.0s bw=49 delay=93
[orch] link change t=105.0s bw=50 delay=90
[orch] link change t=105.0s bw=94 delay=13
[orch] link change t=105.0s bw=93 delay=38
[orch] link change t=105.0s bw=90 delay=79
[orch] link change t=105.0s bw=20 delay=29
[orch] link change t=120.0s bw=66 delay=29
[orch] link change t=120.0s bw=37 delay=39
[orch] link change t=120.0s bw=83 delay=57
[orch] link change t=120.0s bw=75 delay=98
[orch] link change t=120.0s bw=14 delay=89
[orch] link change t=120.0s bw=16 delay=13
[orch] link change t=120.0s bw=23 delay=10
[orch] link change t=120.0s bw=37 delay=75
[orch] link change t=120.0s bw=74 delay=38
[orch] link change t=120.0s bw=54 delay=22
[orch] link change t=135.0s bw=29 delay=50
[orch] link change t=135.0s bw=74 delay=87
[orch] link change t=135.0s bw=89 delay=80
[orch] link change t=135.0s bw=48 delay=98
[orch] link change t=135.0s bw=18 delay=27
[orch] link change t=135.0s bw=27 delay=80
[orch] link change t=135.0s bw=43 delay=71
[orch] link change t=135.0s bw=81 delay=75
[orch] link change t=135.0s bw=87 delay=46
[orch] link change t=135.0s bw=54 delay=50
[orch] link change t=150.0s bw=31 delay=42
[orch] link change t=150.0s bw=13 delay=81
[orch] link change t=150.0s bw=65 delay=60
[orch] link change t=150.0s bw=91 delay=58
[orch] link change t=150.0s bw=44 delay=29
[orch] link change t=150.0s bw=47 delay=77
[orch] link change t=150.0s bw=79 delay=11
[orch] link change t=150.0s bw=29 delay=70
[orch] link change t=150.0s bw=83 delay=57
[orch] link change t=150.0s bw=38 delay=34
[orch] link change t=165.0s bw=93 delay=98
[orch] link change t=165.0s bw=35 delay=93
[orch] link change t=165.0s bw=32 delay=17
[orch] link change t=165.0s bw=85 delay=61
[orch] link change t=165.0s bw=37 delay=64
[orch] link change t=165.0s bw=52 delay=21
[orch] link change t=165.0s bw=50 delay=82
[orch] link change t=165.0s bw=37 delay=13
[orch] link change t=165.0s bw=61 delay=13
[orch] link change t=165.0s bw=18 delay=52
[orch] link change t=180.0s bw=89 delay=84
[orch] link change t=180.0s bw=99 delay=79
[orch] link change t=180.0s bw=23 delay=25
[orch] link change t=180.0s bw=98 delay=95
[orch] link change t=180.0s bw=19 delay=88
[orch] link change t=180.0s bw=60 delay=100
[orch] link change t=180.0s bw=64 delay=39
[orch] link change t=180.0s bw=19 delay=64
[orch] link change t=180.0s bw=41 delay=27
[orch] link change t=180.0s bw=87 delay=87
[orch] link change t=195.0s bw=17 delay=25
[orch] link change t=195.0s bw=63 delay=38
[orch] link change t=195.0s bw=58 delay=29
[orch] link change t=195.0s bw=51 delay=55
[orch] link change t=195.0s bw=62 delay=28
[orch] link change t=195.0s bw=71 delay=56
[orch] link change t=195.0s bw=40 delay=76
[orch] link change t=195.0s bw=18 delay=26
[orch] link change t=195.0s bw=22 delay=64
[orch] link change t=195.0s bw=64 delay=91
[orch] link change t=210.0s bw=85 delay=14
[orch] link change t=210.0s bw=67 delay=85
[orch] link change t=210.0s bw=22 delay=30
[orch] link change t=210.0s bw=19 delay=53
[orch] link change t=210.0s bw=99 delay=17
[orch] link change t=210.0s bw=29 delay=70
[orch] link change t=210.0s bw=75 delay=55
[orch] link change t=210.0s bw=73 delay=96
[orch] link change t=210.0s bw=58 delay=51
[orch] link change t=210.0s bw=21 delay=18
[orch] link change t=225.0s bw=65 delay=46
[orch] link change t=225.0s bw=45 delay=10
[orch] link change t=225.0s bw=75 delay=73
[orch] link change t=225.0s bw=46 delay=89
[orch] link change t=225.0s bw=14 delay=32
[orch] link change t=225.0s bw=69 delay=19
[orch] link change t=225.0s bw=66 delay=40
[orch] link change t=225.0s bw=30 delay=26
[orch] link change t=225.0s bw=55 delay=44
[orch] link change t=225.0s bw=98 delay=87
[orch] link change t=240.0s bw=37 delay=19
[orch] link change t=240.0s bw=30 delay=99
[orch] link change t=240.0s bw=26 delay=59
[orch] link change t=240.0s bw=30 delay=24
[orch] link change t=240.0s bw=51 delay=42
[orch] link change t=240.0s bw=68 delay=99
[orch] link change t=240.0s bw=14 delay=81
[orch] link change t=240.0s bw=17 delay=99
[orch] link change t=240.0s bw=93 delay=61
[orch] link change t=240.0s bw=52 delay=98
[orch] link change t=255.0s bw=56 delay=70
[orch] link change t=255.0s bw=64 delay=53
[orch] link change t=255.0s bw=86 delay=74
[orch] link change t=255.0s bw=75 delay=18
[orch] link change t=255.0s bw=55 delay=50
[orch] link change t=255.0s bw=79 delay=89
[orch] link change t=255.0s bw=57 delay=98
[orch] link change t=255.0s bw=80 delay=47
[orch] link change t=255.0s bw=88 delay=89
[orch] link change t=255.0s bw=92 delay=65
[orch] link change t=270.0s bw=26 delay=81
[orch] link change t=270.0s bw=45 delay=29
[orch] link change t=270.0s bw=44 delay=83
[orch] link change t=270.0s bw=85 delay=22
[orch] link change t=270.0s bw=22 delay=62
[orch] link change t=270.0s bw=24 delay=65
[orch] link change t=270.0s bw=55 delay=86
[orch] link change t=270.0s bw=53 delay=99
[orch] link change t=270.0s bw=16 delay=94
[orch] link change t=270.0s bw=10 delay=39
[orch] link change t=285.0s bw=95 delay=12
[orch] link change t=285.0s bw=37 delay=53
[orch] link change t=285.0s bw=33 delay=58
[orch] link change t=285.0s bw=44 delay=50
[orch] link change t=285.0s bw=21 delay=12
[orch] link change t=285.0s bw=38 delay=53
[orch] link change t=285.0s bw=53 delay=81
[orch] link change t=285.0s bw=53 delay=22
[orch] link change t=285.0s bw=62 delay=98
[orch] link change t=285.0s bw=53 delay=44
[orch] link change t=300.0s bw=25 delay=22
[orch] link change t=300.0s bw=23 delay=21
[orch] link change t=300.0s bw=18 delay=16
[orch] link change t=300.0s bw=23 delay=90
[orch] link change t=300.0s bw=52 delay=50
[orch] link change t=300.0s bw=74 delay=66
[orch] link change t=300.0s bw=83 delay=35
[orch] link change t=300.0s bw=40 delay=44
[orch] link change t=300.0s bw=79 delay=88
[orch] link change t=300.0s bw=65 delay=99
[orch] link change t=315.0s bw=28 delay=98
[orch] link change t=315.0s bw=58 delay=22
[orch] link change t=315.0s bw=84 delay=17
[orch] link change t=315.0s bw=47 delay=14
[orch] link change t=315.0s bw=59 delay=99
[orch] link change t=315.0s bw=45 delay=29
[orch] link change t=315.0s bw=40 delay=14
[orch] link change t=315.0s bw=43 delay=92
[orch] link change t=315.0s bw=36 delay=93
[orch] link change t=315.0s bw=23 delay=35
[orch] link change t=330.0s bw=32 delay=16
[orch] link change t=330.0s bw=55 delay=54
[orch] link change t=330.0s bw=33 delay=17
[orch] link change t=330.0s bw=54 delay=59
[orch] link change t=330.0s bw=77 delay=94
[orch] link change t=330.0s bw=23 delay=86
[orch] link change t=330.0s bw=26 delay=52
[orch] link change t=330.0s bw=11 delay=83
[orch] link change t=330.0s bw=18 delay=82
[orch] link change t=330.0s bw=66 delay=44
[multi_ep_plot] saved -> /its/home/mm2350/extra/Olympusv2/benchmarks/benchmark_responsive_fairness/data/ma_dreamer_20260611-175726/4_flows/run41/ep000041_bw58_d52_n4.pdf  return=1062069.4
[ep_plot] ep=41 -> /its/home/mm2350/extra/Olympusv2/benchmarks/benchmark_responsive_fairness/data/ma_dreamer_20260611-175726/4_flows/run41/ep000041_bw58_d52_n4.pdf  return=1062069.421875
[orch] ep=41 sum-of-agents return=1062069.4
[responsive_fairness] slot=8 ma_dreamer_20260611-175726 flows=5 run=1
[responsive_fairness] ma_dreamer_20260611-175726 flows=4 run=41 done (91/200)
[slot=8] ep=1  flows=5  bw=27Mbps  delay=82ms  duration=345s  delays=[0.0, 11.2, 22.5, 33.8, 45.0]  lifetimes=[345.0, 333.8, 322.5, 311.2, 300.0]
[multi_ep_plot] saved -> /its/home/mm2350/extra/Olympusv2/benchmarks/benchmark_responsive_fairness/data/ma_dreamer_20260611-175726/4_flows/run42/ep000042_bw91_d24_n4.pdf  return=962814.0
[ep_plot] ep=42 -> /its/home/mm2350/extra/Olympusv2/benchmarks/benchmark_responsive_fairness/data/ma_dreamer_20260611-175726/4_flows/run42/ep000042_bw91_d24_n4.pdf  return=962814.0
[orch] ep=42 sum-of-agents return=962814.0
[responsive_fairness] slot=4 ma_dreamer_20260611-175726 flows=5 run=2
[responsive_fairness] ma_dreamer_20260611-175726 flows=4 run=42 done (92/200)
[slot=4] ep=2  flows=5  bw=17Mbps  delay=21ms  duration=345s  delays=[0.0, 11.2, 22.5, 33.8, 45.0]  lifetimes=[345.0, 333.8, 322.5, 311.2, 300.0]
[sao-listener] cport=23800 worker=/its/home/mm2350/extra/Olympusv2/olympus/algorithms/ma_dreamer/worker.py scan=20ms target_cc=astraea single_flow=1 no_state_pipe=1
[sao-listener] cport=23801 worker=/its/home/mm2350/extra/Olympusv2/olympus/algorithms/ma_dreamer/worker.py scan=20ms target_cc=astraea single_flow=1 no_state_pipe=1
[sao-listener] cport=23802 worker=/its/home/mm2350/extra/Olympusv2/olympus/algorithms/ma_dreamer/worker.py scan=20ms target_cc=astraea single_flow=1 no_state_pipe=1
[sao-listener] cport=23803 worker=/its/home/mm2350/extra/Olympusv2/olympus/algorithms/ma_dreamer/worker.py scan=20ms target_cc=astraea single_flow=1 no_state_pipe=1
[sao-listener] cport=23804 worker=/its/home/mm2350/extra/Olympusv2/olympus/algorithms/ma_dreamer/worker.py scan=20ms target_cc=astraea single_flow=1 no_state_pipe=1
[multi_ep_plot] saved -> /its/home/mm2350/extra/Olympusv2/benchmarks/benchmark_responsive_fairness/data/ma_dreamer_20260611-175726/4_flows/run43/ep000043_bw14_d46_n4.pdf  return=1026517.7
[ep_plot] ep=43 -> /its/home/mm2350/extra/Olympusv2/benchmarks/benchmark_responsive_fairness/data/ma_dreamer_20260611-175726/4_flows/run43/ep000043_bw14_d46_n4.pdf  return=1026517.65625
[orch] ep=43 sum-of-agents return=1026517.7
[responsive_fairness] slot=5 ma_dreamer_20260611-175726 flows=5 run=3
[responsive_fairness] ma_dreamer_20260611-175726 flows=4 run=43 done (93/200)
[slot=5] ep=3  flows=5  bw=40Mbps  delay=85ms  duration=345s  delays=[0.0, 11.2, 22.5, 33.8, 45.0]  lifetimes=[345.0, 333.8, 322.5, 311.2, 300.0]
[sao-listener] cport=23400 worker=/its/home/mm2350/extra/Olympusv2/olympus/algorithms/ma_dreamer/worker.py scan=20ms target_cc=astraea single_flow=1 no_state_pipe=1
[sao-listener] cport=23401 worker=/its/home/mm2350/extra/Olympusv2/olympus/algorithms/ma_dreamer/worker.py scan=20ms target_cc=astraea single_flow=1 no_state_pipe=1
[sao-listener] cport=23402 worker=/its/home/mm2350/extra/Olympusv2/olympus/algorithms/ma_dreamer/worker.py scan=20ms target_cc=astraea single_flow=1 no_state_pipe=1
[sao-listener] cport=23403 worker=/its/home/mm2350/extra/Olympusv2/olympus/algorithms/ma_dreamer/worker.py scan=20ms target_cc=astraea single_flow=1 no_state_pipe=1
[sao-listener] cport=23404 worker=/its/home/mm2350/extra/Olympusv2/olympus/algorithms/ma_dreamer/worker.py scan=20ms target_cc=astraea single_flow=1 no_state_pipe=1
[multi_ep_plot] saved -> /its/home/mm2350/extra/Olympusv2/benchmarks/benchmark_responsive_fairness/data/ma_dreamer_20260611-175726/4_flows/run44/ep000044_bw62_d76_n4.pdf  return=1067714.1
[ep_plot] ep=44 -> /its/home/mm2350/extra/Olympusv2/benchmarks/benchmark_responsive_fairness/data/ma_dreamer_20260611-175726/4_flows/run44/ep000044_bw62_d76_n4.pdf  return=1067714.125
[orch] ep=44 sum-of-agents return=1067714.1
[responsive_fairness] slot=9 ma_dreamer_20260611-175726 flows=5 run=4
[responsive_fairness] ma_dreamer_20260611-175726 flows=4 run=44 done (94/200)
[slot=9] ep=4  flows=5  bw=40Mbps  delay=48ms  duration=345s  delays=[0.0, 11.2, 22.5, 33.8, 45.0]  lifetimes=[345.0, 333.8, 322.5, 311.2, 300.0]
[sao-listener] cport=23500 worker=/its/home/mm2350/extra/Olympusv2/olympus/algorithms/ma_dreamer/worker.py scan=20ms target_cc=astraea single_flow=1 no_state_pipe=1
[sao-listener] cport=23501 worker=/its/home/mm2350/extra/Olympusv2/olympus/algorithms/ma_dreamer/worker.py scan=20ms target_cc=astraea single_flow=1 no_state_pipe=1
[sao-listener] cport=23502 worker=/its/home/mm2350/extra/Olympusv2/olympus/algorithms/ma_dreamer/worker.py scan=20ms target_cc=astraea single_flow=1 no_state_pipe=1
[sao-listener] cport=23503 worker=/its/home/mm2350/extra/Olympusv2/olympus/algorithms/ma_dreamer/worker.py scan=20ms target_cc=astraea single_flow=1 no_state_pipe=1
[sao-listener] cport=23504 worker=/its/home/mm2350/extra/Olympusv2/olympus/algorithms/ma_dreamer/worker.py scan=20ms target_cc=astraea single_flow=1 no_state_pipe=1
[sao-listener] new flow 1 10.0.0.1:23400->10.0.0.6:5205 cc=astraea pid=2054200 child=2055045
[sao-listener] single-flow mode: attached worker; stopping ss scans
[sao-listener flow 1] cport=23400 cc=astraea worker active
[multi_ep_plot] saved -> /its/home/mm2350/extra/Olympusv2/benchmarks/benchmark_responsive_fairness/data/ma_dreamer_20260611-175726/4_flows/run45/ep000045_bw44_d63_n4.pdf  return=971666.5
[ep_plot] ep=45 -> /its/home/mm2350/extra/Olympusv2/benchmarks/benchmark_responsive_fairness/data/ma_dreamer_20260611-175726/4_flows/run45/ep000045_bw44_d63_n4.pdf  return=971666.453125
[orch] ep=45 sum-of-agents return=971666.5
[sao-listener] new flow 1 10.0.0.1:23800->10.0.0.6:5209 cc=astraea pid=2053507 child=2055212
[sao-listener] single-flow mode: attached worker; stopping ss scans
[sao-listener flow 1] cport=23800 cc=astraea worker active
[responsive_fairness] slot=6 ma_dreamer_20260611-175726 flows=5 run=5
[responsive_fairness] ma_dreamer_20260611-175726 flows=4 run=45 done (95/200)
[sao-listener] cport=23900 worker=/its/home/mm2350/extra/Olympusv2/olympus/algorithms/ma_dreamer/worker.py scan=20ms target_cc=astraea single_flow=1 no_state_pipe=1
[slot=6] ep=5  flows=5  bw=89Mbps  delay=42ms  duration=345s  delays=[0.0, 11.2, 22.5, 33.8, 45.0]  lifetimes=[345.0, 333.8, 322.5, 311.2, 300.0]
[sao-listener] cport=23901 worker=/its/home/mm2350/extra/Olympusv2/olympus/algorithms/ma_dreamer/worker.py scan=20ms target_cc=astraea single_flow=1 no_state_pipe=1
[sao-listener] cport=23902 worker=/its/home/mm2350/extra/Olympusv2/olympus/algorithms/ma_dreamer/worker.py scan=20ms target_cc=astraea single_flow=1 no_state_pipe=1
[sao-listener] cport=23903 worker=/its/home/mm2350/extra/Olympusv2/olympus/algorithms/ma_dreamer/worker.py scan=20ms target_cc=astraea single_flow=1 no_state_pipe=1
[sao-listener] cport=23904 worker=/its/home/mm2350/extra/Olympusv2/olympus/algorithms/ma_dreamer/worker.py scan=20ms target_cc=astraea single_flow=1 no_state_pipe=1
[sao-listener] new flow 1 10.0.0.1:23500->10.0.0.6:5206 cc=astraea pid=2054871 child=2055919
[sao-listener] single-flow mode: attached worker; stopping ss scans
[sao-listener flow 1] cport=23500 cc=astraea worker active
[worker cport=23400 agent=0] loaded checkpoint step=17958
[worker alg=ma_dreamer reward=tempest_fairness_ma cport=23400 agent=0 group=slot4_ep2 flow=1] started interval=20ms det=1 latent=8x8
[sao-listener] cport=23600 worker=/its/home/mm2350/extra/Olympusv2/olympus/algorithms/ma_dreamer/worker.py scan=20ms target_cc=astraea single_flow=1 no_state_pipe=1
[worker cport=23800 agent=0] loaded checkpoint step=17958
[worker alg=ma_dreamer reward=tempest_fairness_ma cport=23800 agent=0 group=slot8_ep1 flow=1] started interval=20ms det=1 latent=8x8
[sao-listener] cport=23601 worker=/its/home/mm2350/extra/Olympusv2/olympus/algorithms/ma_dreamer/worker.py scan=20ms target_cc=astraea single_flow=1 no_state_pipe=1
[sao-listener] cport=23602 worker=/its/home/mm2350/extra/Olympusv2/olympus/algorithms/ma_dreamer/worker.py scan=20ms target_cc=astraea single_flow=1 no_state_pipe=1
[sao-listener] cport=23603 worker=/its/home/mm2350/extra/Olympusv2/olympus/algorithms/ma_dreamer/worker.py scan=20ms target_cc=astraea single_flow=1 no_state_pipe=1
[sao-listener] cport=23604 worker=/its/home/mm2350/extra/Olympusv2/olympus/algorithms/ma_dreamer/worker.py scan=20ms target_cc=astraea single_flow=1 no_state_pipe=1
[multi_ep_plot] saved -> /its/home/mm2350/extra/Olympusv2/benchmarks/benchmark_responsive_fairness/data/ma_dreamer_20260611-175726/4_flows/run46/ep000046_bw19_d61_n4.pdf  return=887571.6
[ep_plot] ep=46 -> /its/home/mm2350/extra/Olympusv2/benchmarks/benchmark_responsive_fairness/data/ma_dreamer_20260611-175726/4_flows/run46/ep000046_bw19_d61_n4.pdf  return=887571.625
[orch] ep=46 sum-of-agents return=887571.6
[responsive_fairness] slot=3 ma_dreamer_20260611-175726 flows=5 run=6
[responsive_fairness] ma_dreamer_20260611-175726 flows=4 run=46 done (96/200)
[slot=3] ep=6  flows=5  bw=83Mbps  delay=20ms  duration=345s  delays=[0.0, 11.2, 22.5, 33.8, 45.0]  lifetimes=[345.0, 333.8, 322.5, 311.2, 300.0]
[worker cport=23500 agent=0] loaded checkpoint step=17958
[worker alg=ma_dreamer reward=tempest_fairness_ma cport=23500 agent=0 group=slot5_ep3 flow=1] started interval=20ms det=1 latent=8x8
[sao-listener] new flow 1 10.0.0.1:23900->10.0.0.6:5210 cc=astraea pid=2055796 child=2056863
[sao-listener] single-flow mode: attached worker; stopping ss scans
[sao-listener flow 1] cport=23900 cc=astraea worker active
[sao-listener] cport=23300 worker=/its/home/mm2350/extra/Olympusv2/olympus/algorithms/ma_dreamer/worker.py scan=20ms target_cc=astraea single_flow=1 no_state_pipe=1
[sao-listener] cport=23301 worker=/its/home/mm2350/extra/Olympusv2/olympus/algorithms/ma_dreamer/worker.py scan=20ms target_cc=astraea single_flow=1 no_state_pipe=1
[sao-listener] cport=23302 worker=/its/home/mm2350/extra/Olympusv2/olympus/algorithms/ma_dreamer/worker.py scan=20ms target_cc=astraea single_flow=1 no_state_pipe=1
[sao-listener] cport=23303 worker=/its/home/mm2350/extra/Olympusv2/olympus/algorithms/ma_dreamer/worker.py scan=20ms target_cc=astraea single_flow=1 no_state_pipe=1
[sao-listener] cport=23304 worker=/its/home/mm2350/extra/Olympusv2/olympus/algorithms/ma_dreamer/worker.py scan=20ms target_cc=astraea single_flow=1 no_state_pipe=1
[multi_ep_plot] saved -> /its/home/mm2350/extra/Olympusv2/benchmarks/benchmark_responsive_fairness/data/ma_dreamer_20260611-175726/4_flows/run47/ep000047_bw55_d18_n4.pdf  return=1040695.3
[ep_plot] ep=47 -> /its/home/mm2350/extra/Olympusv2/benchmarks/benchmark_responsive_fairness/data/ma_dreamer_20260611-175726/4_flows/run47/ep000047_bw55_d18_n4.pdf  return=1040695.296875
[orch] ep=47 sum-of-agents return=1040695.3
[responsive_fairness] slot=7 ma_dreamer_20260611-175726 flows=5 run=7
[responsive_fairness] ma_dreamer_20260611-175726 flows=4 run=47 done (97/200)
[slot=7] ep=7  flows=5  bw=51Mbps  delay=29ms  duration=345s  delays=[0.0, 11.2, 22.5, 33.8, 45.0]  lifetimes=[345.0, 333.8, 322.5, 311.2, 300.0]
[multi_ep_plot] saved -> /its/home/mm2350/extra/Olympusv2/benchmarks/benchmark_responsive_fairness/data/ma_dreamer_20260611-175726/4_flows/run48/ep000048_bw80_d50_n4.pdf  return=988283.5
[ep_plot] ep=48 -> /its/home/mm2350/extra/Olympusv2/benchmarks/benchmark_responsive_fairness/data/ma_dreamer_20260611-175726/4_flows/run48/ep000048_bw80_d50_n4.pdf  return=988283.515625
[orch] ep=48 sum-of-agents return=988283.5
[worker cport=23900 agent=0] loaded checkpoint step=17958
[worker alg=ma_dreamer reward=tempest_fairness_ma cport=23900 agent=0 group=slot9_ep4 flow=1] started interval=20ms det=1 latent=8x8
[responsive_fairness] slot=2 ma_dreamer_20260611-175726 flows=5 run=8
[responsive_fairness] ma_dreamer_20260611-175726 flows=4 run=48 done (98/200)
[slot=2] ep=8  flows=5  bw=39Mbps  delay=57ms  duration=345s  delays=[0.0, 11.2, 22.5, 33.8, 45.0]  lifetimes=[345.0, 333.8, 322.5, 311.2, 300.0]
[sao-listener] new flow 1 10.0.0.1:23600->10.0.0.6:5207 cc=astraea pid=2056730 child=2058710
[sao-listener] single-flow mode: attached worker; stopping ss scans
[sao-listener flow 1] cport=23600 cc=astraea worker active
[sao-listener] cport=23700 worker=/its/home/mm2350/extra/Olympusv2/olympus/algorithms/ma_dreamer/worker.py scan=20ms target_cc=astraea single_flow=1 no_state_pipe=1
[sao-listener] cport=23701 worker=/its/home/mm2350/extra/Olympusv2/olympus/algorithms/ma_dreamer/worker.py scan=20ms target_cc=astraea single_flow=1 no_state_pipe=1
[sao-listener] cport=23702 worker=/its/home/mm2350/extra/Olympusv2/olympus/algorithms/ma_dreamer/worker.py scan=20ms target_cc=astraea single_flow=1 no_state_pipe=1
[sao-listener] cport=23703 worker=/its/home/mm2350/extra/Olympusv2/olympus/algorithms/ma_dreamer/worker.py scan=20ms target_cc=astraea single_flow=1 no_state_pipe=1
[sao-listener] cport=23704 worker=/its/home/mm2350/extra/Olympusv2/olympus/algorithms/ma_dreamer/worker.py scan=20ms target_cc=astraea single_flow=1 no_state_pipe=1
[sao-listener] cport=23200 worker=/its/home/mm2350/extra/Olympusv2/olympus/algorithms/ma_dreamer/worker.py scan=20ms target_cc=astraea single_flow=1 no_state_pipe=1
[sao-listener] cport=23201 worker=/its/home/mm2350/extra/Olympusv2/olympus/algorithms/ma_dreamer/worker.py scan=20ms target_cc=astraea single_flow=1 no_state_pipe=1
[sao-listener] cport=23202 worker=/its/home/mm2350/extra/Olympusv2/olympus/algorithms/ma_dreamer/worker.py scan=20ms target_cc=astraea single_flow=1 no_state_pipe=1
[sao-listener] cport=23203 worker=/its/home/mm2350/extra/Olympusv2/olympus/algorithms/ma_dreamer/worker.py scan=20ms target_cc=astraea single_flow=1 no_state_pipe=1
[sao-listener] cport=23204 worker=/its/home/mm2350/extra/Olympusv2/olympus/algorithms/ma_dreamer/worker.py scan=20ms target_cc=astraea single_flow=1 no_state_pipe=1
[worker cport=23600 agent=0] loaded checkpoint step=17958
[worker alg=ma_dreamer reward=tempest_fairness_ma cport=23600 agent=0 group=slot6_ep5 flow=1] started interval=20ms det=1 latent=8x8
[multi_ep_plot] saved -> /its/home/mm2350/extra/Olympusv2/benchmarks/benchmark_responsive_fairness/data/ma_dreamer_20260611-175726/4_flows/run49/ep000049_bw18_d54_n4.pdf  return=1075834.2
[ep_plot] ep=49 -> /its/home/mm2350/extra/Olympusv2/benchmarks/benchmark_responsive_fairness/data/ma_dreamer_20260611-175726/4_flows/run49/ep000049_bw18_d54_n4.pdf  return=1075834.25
[orch] ep=49 sum-of-agents return=1075834.2
[responsive_fairness] slot=1 ma_dreamer_20260611-175726 flows=5 run=9
[responsive_fairness] ma_dreamer_20260611-175726 flows=4 run=49 done (99/200)
[slot=1] ep=9  flows=5  bw=69Mbps  delay=88ms  duration=345s  delays=[0.0, 11.2, 22.5, 33.8, 45.0]  lifetimes=[345.0, 333.8, 322.5, 311.2, 300.0]
[sao-listener] new flow 1 10.0.0.1:23300->10.0.0.6:5204 cc=astraea pid=2058042 child=2060823
[sao-listener] single-flow mode: attached worker; stopping ss scans
[sao-listener flow 1] cport=23300 cc=astraea worker active
[multi_ep_plot] saved -> /its/home/mm2350/extra/Olympusv2/benchmarks/benchmark_responsive_fairness/data/ma_dreamer_20260611-175726/4_flows/run50/ep000050_bw73_d44_n4.pdf  return=1002087.3
[ep_plot] ep=50 -> /its/home/mm2350/extra/Olympusv2/benchmarks/benchmark_responsive_fairness/data/ma_dreamer_20260611-175726/4_flows/run50/ep000050_bw73_d44_n4.pdf  return=1002087.328125
[orch] ep=50 sum-of-agents return=1002087.3
[responsive_fairness] slot=0 ma_dreamer_20260611-175726 flows=5 run=10
[responsive_fairness] ma_dreamer_20260611-175726 flows=4 run=50 done (100/200)
[slot=0] ep=10  flows=5  bw=83Mbps  delay=14ms  duration=345s  delays=[0.0, 11.2, 22.5, 33.8, 45.0]  lifetimes=[345.0, 333.8, 322.5, 311.2, 300.0]
[sao-listener] cport=23100 worker=/its/home/mm2350/extra/Olympusv2/olympus/algorithms/ma_dreamer/worker.py scan=20ms target_cc=astraea single_flow=1 no_state_pipe=1
[sao-listener] cport=23101 worker=/its/home/mm2350/extra/Olympusv2/olympus/algorithms/ma_dreamer/worker.py scan=20ms target_cc=astraea single_flow=1 no_state_pipe=1
[sao-listener] cport=23102 worker=/its/home/mm2350/extra/Olympusv2/olympus/algorithms/ma_dreamer/worker.py scan=20ms target_cc=astraea single_flow=1 no_state_pipe=1
[sao-listener] cport=23103 worker=/its/home/mm2350/extra/Olympusv2/olympus/algorithms/ma_dreamer/worker.py scan=20ms target_cc=astraea single_flow=1 no_state_pipe=1
[sao-listener] cport=23104 worker=/its/home/mm2350/extra/Olympusv2/olympus/algorithms/ma_dreamer/worker.py scan=20ms target_cc=astraea single_flow=1 no_state_pipe=1
[worker cport=23300 agent=0] loaded checkpoint step=17958
[worker alg=ma_dreamer reward=tempest_fairness_ma cport=23300 agent=0 group=slot3_ep6 flow=1] started interval=20ms det=1 latent=8x8
[sao-listener] cport=23000 worker=/its/home/mm2350/extra/Olympusv2/olympus/algorithms/ma_dreamer/worker.py scan=20ms target_cc=astraea single_flow=1 no_state_pipe=1
[sao-listener] cport=23001 worker=/its/home/mm2350/extra/Olympusv2/olympus/algorithms/ma_dreamer/worker.py scan=20ms target_cc=astraea single_flow=1 no_state_pipe=1
[sao-listener] cport=23002 worker=/its/home/mm2350/extra/Olympusv2/olympus/algorithms/ma_dreamer/worker.py scan=20ms target_cc=astraea single_flow=1 no_state_pipe=1
[sao-listener] cport=23003 worker=/its/home/mm2350/extra/Olympusv2/olympus/algorithms/ma_dreamer/worker.py scan=20ms target_cc=astraea single_flow=1 no_state_pipe=1
[sao-listener] cport=23004 worker=/its/home/mm2350/extra/Olympusv2/olympus/algorithms/ma_dreamer/worker.py scan=20ms target_cc=astraea single_flow=1 no_state_pipe=1
[sao-listener] new flow 1 10.0.0.1:23700->10.0.0.6:5208 cc=astraea pid=2059713 child=2063012
[sao-listener] single-flow mode: attached worker; stopping ss scans
[sao-listener flow 1] cport=23700 cc=astraea worker active
[worker cport=23700 agent=0] loaded checkpoint step=17958
[worker alg=ma_dreamer reward=tempest_fairness_ma cport=23700 agent=0 group=slot7_ep7 flow=1] started interval=20ms det=1 latent=8x8
[sao-listener] new flow 1 10.0.0.1:23200->10.0.0.6:5203 cc=astraea pid=2060135 child=2063968
[sao-listener] single-flow mode: attached worker; stopping ss scans
[sao-listener flow 1] cport=23200 cc=astraea worker active
[worker cport=23200 agent=0] loaded checkpoint step=17958
[worker alg=ma_dreamer reward=tempest_fairness_ma cport=23200 agent=0 group=slot2_ep8 flow=1] started interval=20ms det=1 latent=8x8
[sao-listener] new flow 1 10.0.0.1:23100->10.0.0.6:5202 cc=astraea pid=2062042 child=2065843
[sao-listener] single-flow mode: attached worker; stopping ss scans
[sao-listener flow 1] cport=23100 cc=astraea worker active
[sao-listener] new flow 1 10.0.0.2:23801->10.0.0.7:5209 cc=astraea pid=2065116 child=2066407
[sao-listener] single-flow mode: attached worker; stopping ss scans
[sao-listener flow 1] cport=23801 cc=astraea worker active
[worker cport=23100 agent=0] loaded checkpoint step=17958
[worker alg=ma_dreamer reward=tempest_fairness_ma cport=23100 agent=0 group=slot1_ep9 flow=1] started interval=20ms det=1 latent=8x8
[sao-listener] new flow 1 10.0.0.1:23000->10.0.0.6:5201 cc=astraea pid=2063020 child=2066996
[sao-listener] single-flow mode: attached worker; stopping ss scans
[sao-listener flow 1] cport=23000 cc=astraea worker active
[worker cport=23801 agent=1] loaded checkpoint step=17958
[worker alg=ma_dreamer reward=tempest_fairness_ma cport=23801 agent=1 group=slot8_ep1 flow=1] started interval=20ms det=1 latent=8x8
[orch] link change t=15.0s bw=18 delay=42
[worker cport=23000 agent=0] loaded checkpoint step=17958
[worker alg=ma_dreamer reward=tempest_fairness_ma cport=23000 agent=0 group=slot0_ep10 flow=1] started interval=20ms det=1 latent=8x8
[orch] link change t=15.0s bw=20 delay=56
[sao-listener] new flow 1 10.0.0.2:23901->10.0.0.7:5210 cc=astraea pid=2066760 child=2068438
[sao-listener] single-flow mode: attached worker; stopping ss scans
[sao-listener flow 1] cport=23901 cc=astraea worker active
[orch] link change t=15.0s bw=79 delay=26
[sao-listener] new flow 1 10.0.0.2:23301->10.0.0.7:5204 cc=astraea pid=2068644 child=2069288
[sao-listener] single-flow mode: attached worker; stopping ss scans
[sao-listener flow 1] cport=23301 cc=astraea worker active
[worker cport=23901 agent=1] loaded checkpoint step=17958
[worker alg=ma_dreamer reward=tempest_fairness_ma cport=23901 agent=1 group=slot9_ep4 flow=1] started interval=20ms det=1 latent=8x8
[orch] link change t=15.0s bw=23 delay=60
[sao-listener] new flow 1 10.0.0.2:23401->10.0.0.7:5205 cc=astraea pid=2065519 child=2069514
[sao-listener] single-flow mode: attached worker; stopping ss scans
[sao-listener flow 1] cport=23401 cc=astraea worker active
[orch] link change t=15.0s bw=55 delay=98
[worker cport=23301 agent=1] loaded checkpoint step=17958
[worker alg=ma_dreamer reward=tempest_fairness_ma cport=23301 agent=1 group=slot3_ep6 flow=1] started interval=20ms det=1 latent=8x8
[sao-listener] new flow 1 10.0.0.2:23501->10.0.0.7:5206 cc=astraea pid=2066074 child=2070345
[sao-listener] single-flow mode: attached worker; stopping ss scans
[sao-listener flow 1] cport=23501 cc=astraea worker active
[worker cport=23401 agent=1] loaded checkpoint step=17958
[worker alg=ma_dreamer reward=tempest_fairness_ma cport=23401 agent=1 group=slot4_ep2 flow=1] started interval=20ms det=1 latent=8x8
[sao-listener] new flow 1 10.0.0.2:23601->10.0.0.7:5207 cc=astraea pid=2067601 child=2070954
[sao-listener] single-flow mode: attached worker; stopping ss scans
[sao-listener flow 1] cport=23601 cc=astraea worker active
[worker cport=23501 agent=1] loaded checkpoint step=17958
[worker alg=ma_dreamer reward=tempest_fairness_ma cport=23501 agent=1 group=slot5_ep3 flow=1] started interval=20ms det=1 latent=8x8
[orch] link change t=15.0s bw=72 delay=43
[sao-listener] new flow 1 10.0.0.2:23701->10.0.0.7:5208 cc=astraea pid=2069622 child=2071451
[sao-listener] single-flow mode: attached worker; stopping ss scans
[sao-listener flow 1] cport=23701 cc=astraea worker active
[worker cport=23601 agent=1] loaded checkpoint step=17958
[worker alg=ma_dreamer reward=tempest_fairness_ma cport=23601 agent=1 group=slot6_ep5 flow=1] started interval=20ms det=1 latent=8x8
[orch] link change t=15.0s bw=60 delay=93
[worker cport=23701 agent=1] loaded checkpoint step=17958
[worker alg=ma_dreamer reward=tempest_fairness_ma cport=23701 agent=1 group=slot7_ep7 flow=1] started interval=20ms det=1 latent=8x8
[sao-listener] new flow 1 10.0.0.2:23201->10.0.0.7:5203 cc=astraea pid=2070007 child=2072388
[sao-listener] single-flow mode: attached worker; stopping ss scans
[sao-listener flow 1] cport=23201 cc=astraea worker active
[orch] link change t=15.0s bw=58 delay=26
[worker cport=23201 agent=1] loaded checkpoint step=17958
[worker alg=ma_dreamer reward=tempest_fairness_ma cport=23201 agent=1 group=slot2_ep8 flow=1] started interval=20ms det=1 latent=8x8
[orch] link change t=15.0s bw=57 delay=44
[sao-listener] new flow 1 10.0.0.2:23101->10.0.0.7:5202 cc=astraea pid=2071575 child=2074033
[sao-listener] single-flow mode: attached worker; stopping ss scans
[sao-listener flow 1] cport=23101 cc=astraea worker active
[orch] link change t=15.0s bw=64 delay=71
[worker cport=23101 agent=1] loaded checkpoint step=17958
[worker alg=ma_dreamer reward=tempest_fairness_ma cport=23101 agent=1 group=slot1_ep9 flow=1] started interval=20ms det=1 latent=8x8
[sao-listener] new flow 1 10.0.0.3:23802->10.0.0.8:5209 cc=astraea pid=2074470 child=2075050
[sao-listener] single-flow mode: attached worker; stopping ss scans
[sao-listener flow 1] cport=23802 cc=astraea worker active
[sao-listener] new flow 1 10.0.0.2:23001->10.0.0.7:5201 cc=astraea pid=2072380 child=2075229
[sao-listener] single-flow mode: attached worker; stopping ss scans
[sao-listener flow 1] cport=23001 cc=astraea worker active
[worker cport=23802 agent=2] loaded checkpoint step=17958
[worker alg=ma_dreamer reward=tempest_fairness_ma cport=23802 agent=2 group=slot8_ep1 flow=1] started interval=20ms det=1 latent=8x8
[worker cport=23001 agent=1] loaded checkpoint step=17958
[worker alg=ma_dreamer reward=tempest_fairness_ma cport=23001 agent=1 group=slot0_ep10 flow=1] started interval=20ms det=1 latent=8x8
[sao-listener] new flow 1 10.0.0.3:23902->10.0.0.8:5210 cc=astraea pid=2075916 child=2076459
[sao-listener] single-flow mode: attached worker; stopping ss scans
[sao-listener flow 1] cport=23902 cc=astraea worker active
[worker cport=23902 agent=2] loaded checkpoint step=17958
[worker alg=ma_dreamer reward=tempest_fairness_ma cport=23902 agent=2 group=slot9_ep4 flow=1] started interval=20ms det=1 latent=8x8
[sao-listener] new flow 1 10.0.0.3:23402->10.0.0.8:5205 cc=astraea pid=2074838 child=2077145
[sao-listener] single-flow mode: attached worker; stopping ss scans
[sao-listener flow 1] cport=23402 cc=astraea worker active
[worker cport=23402 agent=2] loaded checkpoint step=17958
[worker alg=ma_dreamer reward=tempest_fairness_ma cport=23402 agent=2 group=slot4_ep2 flow=1] started interval=20ms det=1 latent=8x8
[sao-listener] new flow 1 10.0.0.3:23502->10.0.0.8:5206 cc=astraea pid=2075339 child=2077923
[sao-listener] single-flow mode: attached worker; stopping ss scans
[sao-listener flow 1] cport=23502 cc=astraea worker active
[sao-listener] new flow 1 10.0.0.3:23602->10.0.0.8:5207 cc=astraea pid=2076585 child=2078269
[sao-listener] single-flow mode: attached worker; stopping ss scans
[sao-listener flow 1] cport=23602 cc=astraea worker active
[worker cport=23502 agent=2] loaded checkpoint step=17958
[worker alg=ma_dreamer reward=tempest_fairness_ma cport=23502 agent=2 group=slot5_ep3 flow=1] started interval=20ms det=1 latent=8x8
[worker cport=23602 agent=2] loaded checkpoint step=17958
[worker alg=ma_dreamer reward=tempest_fairness_ma cport=23602 agent=2 group=slot6_ep5 flow=1] started interval=20ms det=1 latent=8x8
[sao-listener] new flow 1 10.0.0.3:23202->10.0.0.8:5203 cc=astraea pid=2078523 child=2079144
[sao-listener] single-flow mode: attached worker; stopping ss scans
[sao-listener flow 1] cport=23202 cc=astraea worker active
[orch] link change t=30.0s bw=25 delay=73
[orch] link change t=30.0s bw=31 delay=95
[worker cport=23202 agent=2] loaded checkpoint step=17958
[worker alg=ma_dreamer reward=tempest_fairness_ma cport=23202 agent=2 group=slot2_ep8 flow=1] started interval=20ms det=1 latent=8x8
[orch] link change t=30.0s bw=57 delay=87
[sao-listener] new flow 1 10.0.0.3:23302->10.0.0.8:5204 cc=astraea pid=2077434 child=2080065
[sao-listener] single-flow mode: attached worker; stopping ss scans
[sao-listener flow 1] cport=23302 cc=astraea worker active
[orch] link change t=30.0s bw=71 delay=29
[worker cport=23302 agent=2] loaded checkpoint step=17958
[worker alg=ma_dreamer reward=tempest_fairness_ma cport=23302 agent=2 group=slot3_ep6 flow=1] started interval=20ms det=1 latent=8x8
[sao-listener] new flow 1 10.0.0.3:23102->10.0.0.8:5202 cc=astraea pid=2079630 child=2080671
[sao-listener] single-flow mode: attached worker; stopping ss scans
[sao-listener flow 1] cport=23102 cc=astraea worker active
[orch] link change t=30.0s bw=93 delay=77
[worker cport=23102 agent=2] loaded checkpoint step=17958
[worker alg=ma_dreamer reward=tempest_fairness_ma cport=23102 agent=2 group=slot1_ep9 flow=1] started interval=20ms det=1 latent=8x8
[sao-listener] new flow 1 10.0.0.3:23702->10.0.0.8:5208 cc=astraea pid=2078180 child=2081401
[sao-listener] single-flow mode: attached worker; stopping ss scans
[sao-listener flow 1] cport=23702 cc=astraea worker active
[sao-listener] new flow 1 10.0.0.3:23002->10.0.0.8:5201 cc=astraea pid=2080251 child=2081508
[sao-listener] single-flow mode: attached worker; stopping ss scans
[sao-listener flow 1] cport=23002 cc=astraea worker active
[orch] link change t=30.0s bw=14 delay=10
[worker cport=23702 agent=2] loaded checkpoint step=17958
[worker alg=ma_dreamer reward=tempest_fairness_ma cport=23702 agent=2 group=slot7_ep7 flow=1] started interval=20ms det=1 latent=8x8
[worker cport=23002 agent=2] loaded checkpoint step=17958
[worker alg=ma_dreamer reward=tempest_fairness_ma cport=23002 agent=2 group=slot0_ep10 flow=1] started interval=20ms det=1 latent=8x8
[orch] link change t=30.0s bw=16 delay=19
[orch] link change t=30.0s bw=34 delay=100
[sao-listener] new flow 1 10.0.0.4:23403->10.0.0.9:5205 cc=astraea pid=2082165 child=2082927
[sao-listener] single-flow mode: attached worker; stopping ss scans
[sao-listener flow 1] cport=23403 cc=astraea worker active
[sao-listener] new flow 1 10.0.0.4:23503->10.0.0.9:5206 cc=astraea pid=2082461 child=2083402
[sao-listener] single-flow mode: attached worker; stopping ss scans
[sao-listener flow 1] cport=23503 cc=astraea worker active
[worker cport=23403 agent=3] loaded checkpoint step=17958
[worker alg=ma_dreamer reward=tempest_fairness_ma cport=23403 agent=3 group=slot4_ep2 flow=1] started interval=20ms det=1 latent=8x8
[orch] link change t=30.0s bw=27 delay=33
[sao-listener] new flow 1 10.0.0.4:23803->10.0.0.9:5209 cc=astraea pid=2081847 child=2083606
[sao-listener] single-flow mode: attached worker; stopping ss scans
[sao-listener flow 1] cport=23803 cc=astraea worker active
[sao-listener] new flow 1 10.0.0.4:23603->10.0.0.9:5207 cc=astraea pid=2083271 child=2083750
[sao-listener] single-flow mode: attached worker; stopping ss scans
[sao-listener flow 1] cport=23603 cc=astraea worker active
[worker cport=23503 agent=3] loaded checkpoint step=17958
[worker alg=ma_dreamer reward=tempest_fairness_ma cport=23503 agent=3 group=slot5_ep3 flow=1] started interval=20ms det=1 latent=8x8
[orch] link change t=30.0s bw=83 delay=11
[worker cport=23803 agent=3] loaded checkpoint step=17958
[worker alg=ma_dreamer reward=tempest_fairness_ma cport=23803 agent=3 group=slot8_ep1 flow=1] started interval=20ms det=1 latent=8x8
[worker cport=23603 agent=3] loaded checkpoint step=17958
[worker alg=ma_dreamer reward=tempest_fairness_ma cport=23603 agent=3 group=slot6_ep5 flow=1] started interval=20ms det=1 latent=8x8
[sao-listener] new flow 1 10.0.0.4:23903->10.0.0.9:5210 cc=astraea pid=2082851 child=2084544
[sao-listener] single-flow mode: attached worker; stopping ss scans
[sao-listener flow 1] cport=23903 cc=astraea worker active
[worker cport=23903 agent=3] loaded checkpoint step=17958
[worker alg=ma_dreamer reward=tempest_fairness_ma cport=23903 agent=3 group=slot9_ep4 flow=1] started interval=20ms det=1 latent=8x8
[sao-listener] new flow 1 10.0.0.4:23303->10.0.0.9:5204 cc=astraea pid=2084008 child=2085029
[sao-listener] single-flow mode: attached worker; stopping ss scans
[sao-listener flow 1] cport=23303 cc=astraea worker active
[worker cport=23303 agent=3] loaded checkpoint step=17958
[worker alg=ma_dreamer reward=tempest_fairness_ma cport=23303 agent=3 group=slot3_ep6 flow=1] started interval=20ms det=1 latent=8x8
[sao-listener] new flow 1 10.0.0.4:23003->10.0.0.9:5201 cc=astraea pid=2085767 child=2085844
[sao-listener] new flow 1 10.0.0.4:23703->10.0.0.9:5208 cc=astraea pid=2084503 child=2085845
[sao-listener] single-flow mode: attached worker; stopping ss scans
[sao-listener] single-flow mode: attached worker; stopping ss scans
[sao-listener flow 1] cport=23003 cc=astraea worker active
[sao-listener flow 1] cport=23703 cc=astraea worker active
[sao-listener] new flow 1 10.0.0.4:23203->10.0.0.9:5203 cc=astraea pid=2084727 child=2086155
[sao-listener] single-flow mode: attached worker; stopping ss scans
[sao-listener flow 1] cport=23203 cc=astraea worker active
[worker cport=23703 agent=3] loaded checkpoint step=17958
[worker alg=ma_dreamer reward=tempest_fairness_ma cport=23703 agent=3 group=slot7_ep7 flow=1] started interval=20ms det=1 latent=8x8
[worker cport=23003 agent=3] loaded checkpoint step=17958
[worker alg=ma_dreamer reward=tempest_fairness_ma cport=23003 agent=3 group=slot0_ep10 flow=1] started interval=20ms det=1 latent=8x8
[worker cport=23203 agent=3] loaded checkpoint step=17958
[worker alg=ma_dreamer reward=tempest_fairness_ma cport=23203 agent=3 group=slot2_ep8 flow=1] started interval=20ms det=1 latent=8x8
[orch] link change t=45.0s bw=67 delay=70
[orch] link change t=45.0s bw=49 delay=42
[orch] link change t=45.0s bw=70 delay=90
[sao-listener] new flow 1 10.0.0.4:23103->10.0.0.9:5202 cc=astraea pid=2085446 child=2086970
[sao-listener] single-flow mode: attached worker; stopping ss scans
[sao-listener flow 1] cport=23103 cc=astraea worker active
[orch] link change t=45.0s bw=21 delay=18
[worker cport=23103 agent=3] loaded checkpoint step=17958
[worker alg=ma_dreamer reward=tempest_fairness_ma cport=23103 agent=3 group=slot1_ep9 flow=1] started interval=20ms det=1 latent=8x8
[sao-listener] new flow 1 10.0.0.5:23804->10.0.0.10:5209 cc=astraea pid=2086814 child=2087295
[sao-listener] single-flow mode: attached worker; stopping ss scans
[sao-listener flow 1] cport=23804 cc=astraea worker active
[orch] link change t=45.0s bw=13 delay=69
[worker cport=23804 agent=4] loaded checkpoint step=17958
[worker alg=ma_dreamer reward=tempest_fairness_ma cport=23804 agent=4 group=slot8_ep1 flow=1] started interval=20ms det=1 latent=8x8
[orch] link change t=45.0s bw=28 delay=94
[sao-listener] new flow 1 10.0.0.5:23904->10.0.0.10:5210 cc=astraea pid=2087411 child=2087814
[sao-listener] single-flow mode: attached worker; stopping ss scans
[sao-listener flow 1] cport=23904 cc=astraea worker active
[worker cport=23904 agent=4] loaded checkpoint step=17958
[worker alg=ma_dreamer reward=tempest_fairness_ma cport=23904 agent=4 group=slot9_ep4 flow=1] started interval=20ms det=1 latent=8x8
[orch] link change t=45.0s bw=78 delay=22
[sao-listener] new flow 1 10.0.0.5:23404->10.0.0.10:5205 cc=astraea pid=2086947 child=2088133
[sao-listener] single-flow mode: attached worker; stopping ss scans
[sao-listener flow 1] cport=23404 cc=astraea worker active
[orch] link change t=45.0s bw=15 delay=20
[sao-listener] new flow 1 10.0.0.5:23504->10.0.0.10:5206 cc=astraea pid=2087138 child=2088296
[sao-listener] single-flow mode: attached worker; stopping ss scans
[sao-listener flow 1] cport=23504 cc=astraea worker active
[worker cport=23404 agent=4] loaded checkpoint step=17958
[worker alg=ma_dreamer reward=tempest_fairness_ma cport=23404 agent=4 group=slot4_ep2 flow=1] started interval=20ms det=1 latent=8x8
[sao-listener] new flow 1 10.0.0.5:23604->10.0.0.10:5207 cc=astraea pid=2087652 child=2088492
[sao-listener] single-flow mode: attached worker; stopping ss scans
[sao-listener flow 1] cport=23604 cc=astraea worker active
[worker cport=23504 agent=4] loaded checkpoint step=17958
[worker alg=ma_dreamer reward=tempest_fairness_ma cport=23504 agent=4 group=slot5_ep3 flow=1] started interval=20ms det=1 latent=8x8
[sao-listener] new flow 1 10.0.0.5:23704->10.0.0.10:5208 cc=astraea pid=2088239 child=2088638
[sao-listener] single-flow mode: attached worker; stopping ss scans
[sao-listener flow 1] cport=23704 cc=astraea worker active
[orch] link change t=45.0s bw=96 delay=10
[worker cport=23604 agent=4] loaded checkpoint step=17958
[worker alg=ma_dreamer reward=tempest_fairness_ma cport=23604 agent=4 group=slot6_ep5 flow=1] started interval=20ms det=1 latent=8x8
[worker cport=23704 agent=4] loaded checkpoint step=17958
[worker alg=ma_dreamer reward=tempest_fairness_ma cport=23704 agent=4 group=slot7_ep7 flow=1] started interval=20ms det=1 latent=8x8
[sao-listener] new flow 1 10.0.0.5:23204->10.0.0.10:5203 cc=astraea pid=2088414 child=2088889
[sao-listener] single-flow mode: attached worker; stopping ss scans
[sao-listener flow 1] cport=23204 cc=astraea worker active
[orch] link change t=45.0s bw=36 delay=69
[worker cport=23204 agent=4] loaded checkpoint step=17958
[worker alg=ma_dreamer reward=tempest_fairness_ma cport=23204 agent=4 group=slot2_ep8 flow=1] started interval=20ms det=1 latent=8x8
[sao-listener] new flow 1 10.0.0.5:23304->10.0.0.10:5204 cc=astraea pid=2087944 child=2089074
[sao-listener] single-flow mode: attached worker; stopping ss scans
[sao-listener flow 1] cport=23304 cc=astraea worker active
[worker cport=23304 agent=4] loaded checkpoint step=17958
[worker alg=ma_dreamer reward=tempest_fairness_ma cport=23304 agent=4 group=slot3_ep6 flow=1] started interval=20ms det=1 latent=8x8
[sao-listener] new flow 1 10.0.0.5:23104->10.0.0.10:5202 cc=astraea pid=2088819 child=2089221
[sao-listener] single-flow mode: attached worker; stopping ss scans
[sao-listener flow 1] cport=23104 cc=astraea worker active
[worker cport=23104 agent=4] loaded checkpoint step=17958
[worker alg=ma_dreamer reward=tempest_fairness_ma cport=23104 agent=4 group=slot1_ep9 flow=1] started interval=20ms det=1 latent=8x8
[sao-listener] new flow 1 10.0.0.5:23004->10.0.0.10:5201 cc=astraea pid=2088994 child=2089352
[sao-listener] single-flow mode: attached worker; stopping ss scans
[sao-listener flow 1] cport=23004 cc=astraea worker active
[worker cport=23004 agent=4] loaded checkpoint step=17958
[worker alg=ma_dreamer reward=tempest_fairness_ma cport=23004 agent=4 group=slot0_ep10 flow=1] started interval=20ms det=1 latent=8x8
[orch] link change t=60.0s bw=93 delay=58
[orch] link change t=60.0s bw=87 delay=37
[orch] link change t=60.0s bw=84 delay=18
[orch] link change t=60.0s bw=12 delay=61
[orch] link change t=60.0s bw=41 delay=93
[orch] link change t=60.0s bw=85 delay=70
[orch] link change t=60.0s bw=56 delay=84
[orch] link change t=60.0s bw=27 delay=41
[orch] link change t=60.0s bw=53 delay=74
[orch] link change t=60.0s bw=72 delay=45
[orch] link change t=75.0s bw=36 delay=22
[orch] link change t=75.0s bw=87 delay=14
[orch] link change t=75.0s bw=87 delay=11
[orch] link change t=75.0s bw=80 delay=47
[orch] link change t=75.0s bw=16 delay=30
[orch] link change t=75.0s bw=57 delay=50
[orch] link change t=75.0s bw=17 delay=74
[orch] link change t=75.0s bw=74 delay=36
[orch] link change t=75.0s bw=69 delay=87
[orch] link change t=75.0s bw=93 delay=30
[orch] link change t=90.0s bw=72 delay=13
[orch] link change t=90.0s bw=84 delay=97
[orch] link change t=90.0s bw=70 delay=43
[orch] link change t=90.0s bw=17 delay=38
[orch] link change t=90.0s bw=24 delay=57
[orch] link change t=90.0s bw=12 delay=44
[orch] link change t=90.0s bw=37 delay=14
[orch] link change t=90.0s bw=61 delay=92
[orch] link change t=90.0s bw=20 delay=52
[orch] link change t=90.0s bw=14 delay=76
[orch] link change t=105.0s bw=59 delay=65
[orch] link change t=105.0s bw=30 delay=65
[orch] link change t=105.0s bw=80 delay=39
[orch] link change t=105.0s bw=76 delay=78
[orch] link change t=105.0s bw=70 delay=41
[orch] link change t=105.0s bw=72 delay=35
[orch] link change t=105.0s bw=21 delay=65
[orch] link change t=105.0s bw=13 delay=68
[orch] link change t=105.0s bw=80 delay=88
[orch] link change t=105.0s bw=72 delay=51
[orch] link change t=120.0s bw=87 delay=10
[orch] link change t=120.0s bw=91 delay=60
[orch] link change t=120.0s bw=34 delay=70
[orch] link change t=120.0s bw=56 delay=45
[orch] link change t=120.0s bw=58 delay=79
[orch] link change t=120.0s bw=62 delay=78
[orch] link change t=120.0s bw=63 delay=18
[orch] link change t=120.0s bw=72 delay=68
[orch] link change t=120.0s bw=99 delay=15
[orch] link change t=120.0s bw=19 delay=41
[orch] link change t=135.0s bw=99 delay=67
[orch] link change t=135.0s bw=75 delay=57
[orch] link change t=135.0s bw=79 delay=80
[orch] link change t=135.0s bw=32 delay=23
[orch] link change t=135.0s bw=23 delay=83
[orch] link change t=135.0s bw=79 delay=97
[orch] link change t=135.0s bw=40 delay=21
[orch] link change t=135.0s bw=59 delay=73
[orch] link change t=135.0s bw=58 delay=31
[orch] link change t=135.0s bw=56 delay=15
[orch] link change t=150.0s bw=44 delay=39
[orch] link change t=150.0s bw=79 delay=66
[orch] link change t=150.0s bw=70 delay=60
[orch] link change t=150.0s bw=43 delay=37
[orch] link change t=150.0s bw=41 delay=11
[orch] link change t=150.0s bw=22 delay=34
[orch] link change t=150.0s bw=80 delay=64
[orch] link change t=150.0s bw=83 delay=34
[orch] link change t=150.0s bw=100 delay=67
[orch] link change t=150.0s bw=63 delay=27
[orch] link change t=165.0s bw=85 delay=23
[orch] link change t=165.0s bw=74 delay=44
[orch] link change t=165.0s bw=91 delay=29
[orch] link change t=165.0s bw=13 delay=92
[orch] link change t=165.0s bw=37 delay=62
[orch] link change t=165.0s bw=82 delay=80
[orch] link change t=165.0s bw=17 delay=82
[orch] link change t=165.0s bw=61 delay=21
[orch] link change t=165.0s bw=64 delay=30
[orch] link change t=165.0s bw=87 delay=55
[orch] link change t=180.0s bw=50 delay=13
[orch] link change t=180.0s bw=14 delay=13
[orch] link change t=180.0s bw=39 delay=91
[orch] link change t=180.0s bw=43 delay=44
[orch] link change t=180.0s bw=45 delay=33
[orch] link change t=180.0s bw=99 delay=43
[orch] link change t=180.0s bw=25 delay=38
[orch] link change t=180.0s bw=72 delay=39
[orch] link change t=180.0s bw=31 delay=40
[orch] link change t=180.0s bw=58 delay=63
[orch] link change t=195.0s bw=12 delay=13
[orch] link change t=195.0s bw=56 delay=69
[orch] link change t=195.0s bw=29 delay=76
[orch] link change t=195.0s bw=34 delay=31
[orch] link change t=195.0s bw=59 delay=30
[orch] link change t=195.0s bw=94 delay=88
[orch] link change t=195.0s bw=90 delay=90
[orch] link change t=195.0s bw=12 delay=99
[orch] link change t=195.0s bw=16 delay=24
[orch] link change t=195.0s bw=46 delay=96
[orch] link change t=210.0s bw=93 delay=79
[orch] link change t=210.0s bw=50 delay=58
[orch] link change t=210.0s bw=59 delay=11
[orch] link change t=210.0s bw=49 delay=47
[orch] link change t=210.0s bw=19 delay=27
[orch] link change t=210.0s bw=97 delay=21
[orch] link change t=210.0s bw=84 delay=17
[orch] link change t=210.0s bw=44 delay=76
[orch] link change t=210.0s bw=26 delay=74
[orch] link change t=210.0s bw=43 delay=68
[orch] link change t=225.0s bw=11 delay=58
[orch] link change t=225.0s bw=64 delay=77
[orch] link change t=225.0s bw=95 delay=18
[orch] link change t=225.0s bw=90 delay=57
[orch] link change t=225.0s bw=89 delay=89
[orch] link change t=225.0s bw=64 delay=52
[orch] link change t=225.0s bw=83 delay=84
[orch] link change t=225.0s bw=62 delay=70
[orch] link change t=225.0s bw=85 delay=18
[orch] link change t=225.0s bw=32 delay=97
[orch] link change t=240.0s bw=97 delay=37
[orch] link change t=240.0s bw=31 delay=81
[orch] link change t=240.0s bw=30 delay=85
[orch] link change t=240.0s bw=21 delay=87
[orch] link change t=240.0s bw=66 delay=26
[orch] link change t=240.0s bw=21 delay=56
[orch] link change t=240.0s bw=60 delay=16
[orch] link change t=240.0s bw=58 delay=24
[orch] link change t=240.0s bw=98 delay=59
[orch] link change t=240.0s bw=48 delay=94
[orch] link change t=255.0s bw=64 delay=13
[orch] link change t=255.0s bw=32 delay=40
[orch] link change t=255.0s bw=15 delay=48
[orch] link change t=255.0s bw=53 delay=95
[orch] link change t=255.0s bw=26 delay=10
[orch] link change t=255.0s bw=62 delay=42
[orch] link change t=255.0s bw=38 delay=15
[orch] link change t=255.0s bw=94 delay=43
[orch] link change t=255.0s bw=23 delay=47
[orch] link change t=255.0s bw=56 delay=27
[orch] link change t=270.0s bw=77 delay=38
[orch] link change t=270.0s bw=39 delay=13
[orch] link change t=270.0s bw=13 delay=44
[orch] link change t=270.0s bw=59 delay=74
[orch] link change t=270.0s bw=10 delay=36
[orch] link change t=270.0s bw=66 delay=99
[orch] link change t=270.0s bw=81 delay=27
[orch] link change t=270.0s bw=22 delay=18
[orch] link change t=270.0s bw=36 delay=96
[orch] link change t=270.0s bw=68 delay=40
[orch] link change t=285.0s bw=66 delay=73
[orch] link change t=285.0s bw=32 delay=51
[orch] link change t=285.0s bw=70 delay=86
[orch] link change t=285.0s bw=41 delay=32
[orch] link change t=285.0s bw=37 delay=31
[orch] link change t=285.0s bw=22 delay=35
[orch] link change t=285.0s bw=47 delay=63
[orch] link change t=285.0s bw=59 delay=89
[orch] link change t=285.0s bw=38 delay=63
[orch] link change t=285.0s bw=66 delay=88
[orch] link change t=300.0s bw=80 delay=39
[orch] link change t=300.0s bw=32 delay=27
[orch] link change t=300.0s bw=59 delay=64
[orch] link change t=300.0s bw=41 delay=70
[orch] link change t=300.0s bw=31 delay=47
[orch] link change t=300.0s bw=99 delay=91
[orch] link change t=300.0s bw=28 delay=79
[orch] link change t=300.0s bw=58 delay=23
[orch] link change t=300.0s bw=21 delay=44
[orch] link change t=300.0s bw=58 delay=15
[orch] link change t=315.0s bw=54 delay=39
[orch] link change t=315.0s bw=75 delay=75
[orch] link change t=315.0s bw=60 delay=83
[orch] link change t=315.0s bw=45 delay=21
[orch] link change t=315.0s bw=50 delay=35
[orch] link change t=315.0s bw=47 delay=22
[orch] link change t=315.0s bw=25 delay=83
[orch] link change t=315.0s bw=94 delay=17
[orch] link change t=315.0s bw=36 delay=60
[orch] link change t=315.0s bw=84 delay=10
[orch] link change t=330.0s bw=96 delay=38
[orch] link change t=330.0s bw=56 delay=75
[orch] link change t=330.0s bw=66 delay=27
[orch] link change t=330.0s bw=80 delay=48
[orch] link change t=330.0s bw=79 delay=96
[orch] link change t=330.0s bw=15 delay=85
[orch] link change t=330.0s bw=49 delay=81
[orch] link change t=330.0s bw=53 delay=40
[orch] link change t=330.0s bw=45 delay=53
[orch] link change t=330.0s bw=40 delay=27
[multi_ep_plot] saved -> /its/home/mm2350/extra/Olympusv2/benchmarks/benchmark_responsive_fairness/data/ma_dreamer_20260611-175726/5_flows/run1/ep000001_bw27_d82_n5.pdf  return=1306289.5
[ep_plot] ep=1 -> /its/home/mm2350/extra/Olympusv2/benchmarks/benchmark_responsive_fairness/data/ma_dreamer_20260611-175726/5_flows/run1/ep000001_bw27_d82_n5.pdf  return=1306289.515625
[orch] ep=1 sum-of-agents return=1306289.5
[responsive_fairness] slot=8 ma_dreamer_20260611-175726 flows=5 run=11
[responsive_fairness] ma_dreamer_20260611-175726 flows=5 run=1 done (101/200)
[slot=8] ep=11  flows=5  bw=67Mbps  delay=81ms  duration=345s  delays=[0.0, 11.2, 22.5, 33.8, 45.0]  lifetimes=[345.0, 333.8, 322.5, 311.2, 300.0]
[multi_ep_plot] saved -> /its/home/mm2350/extra/Olympusv2/benchmarks/benchmark_responsive_fairness/data/ma_dreamer_20260611-175726/5_flows/run2/ep000002_bw17_d21_n5.pdf  return=1279998.2
[ep_plot] ep=2 -> /its/home/mm2350/extra/Olympusv2/benchmarks/benchmark_responsive_fairness/data/ma_dreamer_20260611-175726/5_flows/run2/ep000002_bw17_d21_n5.pdf  return=1279998.203125
[orch] ep=2 sum-of-agents return=1279998.2
[responsive_fairness] slot=4 ma_dreamer_20260611-175726 flows=5 run=12
[responsive_fairness] ma_dreamer_20260611-175726 flows=5 run=2 done (102/200)
[slot=4] ep=12  flows=5  bw=70Mbps  delay=44ms  duration=345s  delays=[0.0, 11.2, 22.5, 33.8, 45.0]  lifetimes=[345.0, 333.8, 322.5, 311.2, 300.0]
[sao-listener] cport=23800 worker=/its/home/mm2350/extra/Olympusv2/olympus/algorithms/ma_dreamer/worker.py scan=20ms target_cc=astraea single_flow=1 no_state_pipe=1
[sao-listener] cport=23801 worker=/its/home/mm2350/extra/Olympusv2/olympus/algorithms/ma_dreamer/worker.py scan=20ms target_cc=astraea single_flow=1 no_state_pipe=1
[multi_ep_plot] saved -> /its/home/mm2350/extra/Olympusv2/benchmarks/benchmark_responsive_fairness/data/ma_dreamer_20260611-175726/5_flows/run3/ep000003_bw40_d85_n5.pdf  return=1273189.9
[ep_plot] ep=3 -> /its/home/mm2350/extra/Olympusv2/benchmarks/benchmark_responsive_fairness/data/ma_dreamer_20260611-175726/5_flows/run3/ep000003_bw40_d85_n5.pdf  return=1273189.890625
[orch] ep=3 sum-of-agents return=1273189.9
[sao-listener] cport=23802 worker=/its/home/mm2350/extra/Olympusv2/olympus/algorithms/ma_dreamer/worker.py scan=20ms target_cc=astraea single_flow=1 no_state_pipe=1
[sao-listener] cport=23803 worker=/its/home/mm2350/extra/Olympusv2/olympus/algorithms/ma_dreamer/worker.py scan=20ms target_cc=astraea single_flow=1 no_state_pipe=1
[responsive_fairness] slot=5 ma_dreamer_20260611-175726 flows=5 run=13
[responsive_fairness] ma_dreamer_20260611-175726 flows=5 run=3 done (103/200)
[sao-listener] cport=23804 worker=/its/home/mm2350/extra/Olympusv2/olympus/algorithms/ma_dreamer/worker.py scan=20ms target_cc=astraea single_flow=1 no_state_pipe=1
[slot=5] ep=13  flows=5  bw=43Mbps  delay=47ms  duration=345s  delays=[0.0, 11.2, 22.5, 33.8, 45.0]  lifetimes=[345.0, 333.8, 322.5, 311.2, 300.0]
[sao-listener] cport=23400 worker=/its/home/mm2350/extra/Olympusv2/olympus/algorithms/ma_dreamer/worker.py scan=20ms target_cc=astraea single_flow=1 no_state_pipe=1
[sao-listener] cport=23401 worker=/its/home/mm2350/extra/Olympusv2/olympus/algorithms/ma_dreamer/worker.py scan=20ms target_cc=astraea single_flow=1 no_state_pipe=1
[sao-listener] cport=23402 worker=/its/home/mm2350/extra/Olympusv2/olympus/algorithms/ma_dreamer/worker.py scan=20ms target_cc=astraea single_flow=1 no_state_pipe=1
[sao-listener] cport=23403 worker=/its/home/mm2350/extra/Olympusv2/olympus/algorithms/ma_dreamer/worker.py scan=20ms target_cc=astraea single_flow=1 no_state_pipe=1
[sao-listener] cport=23404 worker=/its/home/mm2350/extra/Olympusv2/olympus/algorithms/ma_dreamer/worker.py scan=20ms target_cc=astraea single_flow=1 no_state_pipe=1
[multi_ep_plot] saved -> /its/home/mm2350/extra/Olympusv2/benchmarks/benchmark_responsive_fairness/data/ma_dreamer_20260611-175726/5_flows/run4/ep000004_bw40_d48_n5.pdf  return=1242022.5
[ep_plot] ep=4 -> /its/home/mm2350/extra/Olympusv2/benchmarks/benchmark_responsive_fairness/data/ma_dreamer_20260611-175726/5_flows/run4/ep000004_bw40_d48_n5.pdf  return=1242022.453125
[orch] ep=4 sum-of-agents return=1242022.5
[responsive_fairness] slot=9 ma_dreamer_20260611-175726 flows=5 run=14
[responsive_fairness] ma_dreamer_20260611-175726 flows=5 run=4 done (104/200)
[sao-listener] cport=23500 worker=/its/home/mm2350/extra/Olympusv2/olympus/algorithms/ma_dreamer/worker.py scan=20ms target_cc=astraea single_flow=1 no_state_pipe=1
[sao-listener] cport=23501 worker=/its/home/mm2350/extra/Olympusv2/olympus/algorithms/ma_dreamer/worker.py scan=20ms target_cc=astraea single_flow=1 no_state_pipe=1
[sao-listener] cport=23502 worker=/its/home/mm2350/extra/Olympusv2/olympus/algorithms/ma_dreamer/worker.py scan=20ms target_cc=astraea single_flow=1 no_state_pipe=1
[sao-listener] cport=23503 worker=/its/home/mm2350/extra/Olympusv2/olympus/algorithms/ma_dreamer/worker.py scan=20ms target_cc=astraea single_flow=1 no_state_pipe=1
[sao-listener] cport=23504 worker=/its/home/mm2350/extra/Olympusv2/olympus/algorithms/ma_dreamer/worker.py scan=20ms target_cc=astraea single_flow=1 no_state_pipe=1
[slot=9] ep=14  flows=5  bw=23Mbps  delay=88ms  duration=345s  delays=[0.0, 11.2, 22.5, 33.8, 45.0]  lifetimes=[345.0, 333.8, 322.5, 311.2, 300.0]
[sao-listener] new flow 1 10.0.0.1:23800->10.0.0.6:5209 cc=astraea pid=2093323 child=2094140
[sao-listener] single-flow mode: attached worker; stopping ss scans
[sao-listener flow 1] cport=23800 cc=astraea worker active
[sao-listener] new flow 1 10.0.0.1:23400->10.0.0.6:5205 cc=astraea pid=2093810 child=2094903
[sao-listener] single-flow mode: attached worker; stopping ss scans
[sao-listener flow 1] cport=23400 cc=astraea worker active
[sao-listener] cport=23900 worker=/its/home/mm2350/extra/Olympusv2/olympus/algorithms/ma_dreamer/worker.py scan=20ms target_cc=astraea single_flow=1 no_state_pipe=1
[sao-listener] cport=23901 worker=/its/home/mm2350/extra/Olympusv2/olympus/algorithms/ma_dreamer/worker.py scan=20ms target_cc=astraea single_flow=1 no_state_pipe=1
[multi_ep_plot] saved -> /its/home/mm2350/extra/Olympusv2/benchmarks/benchmark_responsive_fairness/data/ma_dreamer_20260611-175726/5_flows/run5/ep000005_bw89_d42_n5.pdf  return=1098388.4
[ep_plot] ep=5 -> /its/home/mm2350/extra/Olympusv2/benchmarks/benchmark_responsive_fairness/data/ma_dreamer_20260611-175726/5_flows/run5/ep000005_bw89_d42_n5.pdf  return=1098388.40625
[orch] ep=5 sum-of-agents return=1098388.4
[sao-listener] cport=23902 worker=/its/home/mm2350/extra/Olympusv2/olympus/algorithms/ma_dreamer/worker.py scan=20ms target_cc=astraea single_flow=1 no_state_pipe=1
[responsive_fairness] slot=6 ma_dreamer_20260611-175726 flows=5 run=15
[responsive_fairness] ma_dreamer_20260611-175726 flows=5 run=5 done (105/200)
[sao-listener] cport=23903 worker=/its/home/mm2350/extra/Olympusv2/olympus/algorithms/ma_dreamer/worker.py scan=20ms target_cc=astraea single_flow=1 no_state_pipe=1
[sao-listener] cport=23904 worker=/its/home/mm2350/extra/Olympusv2/olympus/algorithms/ma_dreamer/worker.py scan=20ms target_cc=astraea single_flow=1 no_state_pipe=1
[worker cport=23800 agent=0] loaded checkpoint step=17958
[worker alg=ma_dreamer reward=tempest_fairness_ma cport=23800 agent=0 group=slot8_ep11 flow=1] started interval=20ms det=1 latent=8x8
[slot=6] ep=15  flows=5  bw=36Mbps  delay=11ms  duration=345s  delays=[0.0, 11.2, 22.5, 33.8, 45.0]  lifetimes=[345.0, 333.8, 322.5, 311.2, 300.0]
[worker cport=23400 agent=0] loaded checkpoint step=17958
[worker alg=ma_dreamer reward=tempest_fairness_ma cport=23400 agent=0 group=slot4_ep12 flow=1] started interval=20ms det=1 latent=8x8
[sao-listener] new flow 1 10.0.0.1:23500->10.0.0.6:5206 cc=astraea pid=2094463 child=2096161
[sao-listener] single-flow mode: attached worker; stopping ss scans
[sao-listener flow 1] cport=23500 cc=astraea worker active
[sao-listener] cport=23600 worker=/its/home/mm2350/extra/Olympusv2/olympus/algorithms/ma_dreamer/worker.py scan=20ms target_cc=astraea single_flow=1 no_state_pipe=1
[sao-listener] cport=23601 worker=/its/home/mm2350/extra/Olympusv2/olympus/algorithms/ma_dreamer/worker.py scan=20ms target_cc=astraea single_flow=1 no_state_pipe=1
[sao-listener] cport=23602 worker=/its/home/mm2350/extra/Olympusv2/olympus/algorithms/ma_dreamer/worker.py scan=20ms target_cc=astraea single_flow=1 no_state_pipe=1
[sao-listener] cport=23603 worker=/its/home/mm2350/extra/Olympusv2/olympus/algorithms/ma_dreamer/worker.py scan=20ms target_cc=astraea single_flow=1 no_state_pipe=1
[sao-listener] cport=23604 worker=/its/home/mm2350/extra/Olympusv2/olympus/algorithms/ma_dreamer/worker.py scan=20ms target_cc=astraea single_flow=1 no_state_pipe=1
[multi_ep_plot] saved -> /its/home/mm2350/extra/Olympusv2/benchmarks/benchmark_responsive_fairness/data/ma_dreamer_20260611-175726/5_flows/run6/ep000006_bw83_d20_n5.pdf  return=1135143.0
[ep_plot] ep=6 -> /its/home/mm2350/extra/Olympusv2/benchmarks/benchmark_responsive_fairness/data/ma_dreamer_20260611-175726/5_flows/run6/ep000006_bw83_d20_n5.pdf  return=1135143.0
[orch] ep=6 sum-of-agents return=1135143.0
[responsive_fairness] slot=3 ma_dreamer_20260611-175726 flows=5 run=16
[responsive_fairness] ma_dreamer_20260611-175726 flows=5 run=6 done (106/200)
[slot=3] ep=16  flows=5  bw=56Mbps  delay=70ms  duration=345s  delays=[0.0, 11.2, 22.5, 33.8, 45.0]  lifetimes=[345.0, 333.8, 322.5, 311.2, 300.0]
[worker cport=23500 agent=0] loaded checkpoint step=17958
[worker alg=ma_dreamer reward=tempest_fairness_ma cport=23500 agent=0 group=slot5_ep13 flow=1] started interval=20ms det=1 latent=8x8
[sao-listener] new flow 1 10.0.0.1:23900->10.0.0.6:5210 cc=astraea pid=2095529 child=2096999
[sao-listener] single-flow mode: attached worker; stopping ss scans
[sao-listener flow 1] cport=23900 cc=astraea worker active
[sao-listener] cport=23300 worker=/its/home/mm2350/extra/Olympusv2/olympus/algorithms/ma_dreamer/worker.py scan=20ms target_cc=astraea single_flow=1 no_state_pipe=1
[sao-listener] cport=23301 worker=/its/home/mm2350/extra/Olympusv2/olympus/algorithms/ma_dreamer/worker.py scan=20ms target_cc=astraea single_flow=1 no_state_pipe=1
[sao-listener] cport=23302 worker=/its/home/mm2350/extra/Olympusv2/olympus/algorithms/ma_dreamer/worker.py scan=20ms target_cc=astraea single_flow=1 no_state_pipe=1
[sao-listener] cport=23303 worker=/its/home/mm2350/extra/Olympusv2/olympus/algorithms/ma_dreamer/worker.py scan=20ms target_cc=astraea single_flow=1 no_state_pipe=1
[sao-listener] cport=23304 worker=/its/home/mm2350/extra/Olympusv2/olympus/algorithms/ma_dreamer/worker.py scan=20ms target_cc=astraea single_flow=1 no_state_pipe=1
[multi_ep_plot] saved -> /its/home/mm2350/extra/Olympusv2/benchmarks/benchmark_responsive_fairness/data/ma_dreamer_20260611-175726/5_flows/run7/ep000007_bw51_d29_n5.pdf  return=1203255.3
[ep_plot] ep=7 -> /its/home/mm2350/extra/Olympusv2/benchmarks/benchmark_responsive_fairness/data/ma_dreamer_20260611-175726/5_flows/run7/ep000007_bw51_d29_n5.pdf  return=1203255.28125
[orch] ep=7 sum-of-agents return=1203255.3
[responsive_fairness] slot=7 ma_dreamer_20260611-175726 flows=5 run=17
[responsive_fairness] ma_dreamer_20260611-175726 flows=5 run=7 done (107/200)
[slot=7] ep=17  flows=5  bw=76Mbps  delay=63ms  duration=345s  delays=[0.0, 11.2, 22.5, 33.8, 45.0]  lifetimes=[345.0, 333.8, 322.5, 311.2, 300.0]
[worker cport=23900 agent=0] loaded checkpoint step=17958
[worker alg=ma_dreamer reward=tempest_fairness_ma cport=23900 agent=0 group=slot9_ep14 flow=1] started interval=20ms det=1 latent=8x8
[multi_ep_plot] saved -> /its/home/mm2350/extra/Olympusv2/benchmarks/benchmark_responsive_fairness/data/ma_dreamer_20260611-175726/5_flows/run8/ep000008_bw39_d57_n5.pdf  return=1213705.3
[ep_plot] ep=8 -> /its/home/mm2350/extra/Olympusv2/benchmarks/benchmark_responsive_fairness/data/ma_dreamer_20260611-175726/5_flows/run8/ep000008_bw39_d57_n5.pdf  return=1213705.28125
[orch] ep=8 sum-of-agents return=1213705.3
[responsive_fairness] slot=2 ma_dreamer_20260611-175726 flows=5 run=18
[responsive_fairness] ma_dreamer_20260611-175726 flows=5 run=8 done (108/200)
[slot=2] ep=18  flows=5  bw=33Mbps  delay=25ms  duration=345s  delays=[0.0, 11.2, 22.5, 33.8, 45.0]  lifetimes=[345.0, 333.8, 322.5, 311.2, 300.0]
[sao-listener] new flow 1 10.0.0.1:23600->10.0.0.6:5207 cc=astraea pid=2096695 child=2098215
[sao-listener] single-flow mode: attached worker; stopping ss scans
[sao-listener flow 1] cport=23600 cc=astraea worker active
[sao-listener] cport=23700 worker=/its/home/mm2350/extra/Olympusv2/olympus/algorithms/ma_dreamer/worker.py scan=20ms target_cc=astraea single_flow=1 no_state_pipe=1
[sao-listener] cport=23701 worker=/its/home/mm2350/extra/Olympusv2/olympus/algorithms/ma_dreamer/worker.py scan=20ms target_cc=astraea single_flow=1 no_state_pipe=1
[sao-listener] cport=23702 worker=/its/home/mm2350/extra/Olympusv2/olympus/algorithms/ma_dreamer/worker.py scan=20ms target_cc=astraea single_flow=1 no_state_pipe=1
[sao-listener] cport=23703 worker=/its/home/mm2350/extra/Olympusv2/olympus/algorithms/ma_dreamer/worker.py scan=20ms target_cc=astraea single_flow=1 no_state_pipe=1
[sao-listener] cport=23704 worker=/its/home/mm2350/extra/Olympusv2/olympus/algorithms/ma_dreamer/worker.py scan=20ms target_cc=astraea single_flow=1 no_state_pipe=1
[sao-listener] cport=23200 worker=/its/home/mm2350/extra/Olympusv2/olympus/algorithms/ma_dreamer/worker.py scan=20ms target_cc=astraea single_flow=1 no_state_pipe=1
[sao-listener] cport=23201 worker=/its/home/mm2350/extra/Olympusv2/olympus/algorithms/ma_dreamer/worker.py scan=20ms target_cc=astraea single_flow=1 no_state_pipe=1
[sao-listener] cport=23202 worker=/its/home/mm2350/extra/Olympusv2/olympus/algorithms/ma_dreamer/worker.py scan=20ms target_cc=astraea single_flow=1 no_state_pipe=1
[sao-listener] cport=23203 worker=/its/home/mm2350/extra/Olympusv2/olympus/algorithms/ma_dreamer/worker.py scan=20ms target_cc=astraea single_flow=1 no_state_pipe=1
[sao-listener] cport=23204 worker=/its/home/mm2350/extra/Olympusv2/olympus/algorithms/ma_dreamer/worker.py scan=20ms target_cc=astraea single_flow=1 no_state_pipe=1
[worker cport=23600 agent=0] loaded checkpoint step=17958
[worker alg=ma_dreamer reward=tempest_fairness_ma cport=23600 agent=0 group=slot6_ep15 flow=1] started interval=20ms det=1 latent=8x8
[sao-listener] new flow 1 10.0.0.1:23300->10.0.0.6:5204 cc=astraea pid=2098005 child=2100585
[sao-listener] single-flow mode: attached worker; stopping ss scans
[sao-listener flow 1] cport=23300 cc=astraea worker active
[multi_ep_plot] saved -> /its/home/mm2350/extra/Olympusv2/benchmarks/benchmark_responsive_fairness/data/ma_dreamer_20260611-175726/5_flows/run9/ep000009_bw69_d88_n5.pdf  return=1239657.6
[ep_plot] ep=9 -> /its/home/mm2350/extra/Olympusv2/benchmarks/benchmark_responsive_fairness/data/ma_dreamer_20260611-175726/5_flows/run9/ep000009_bw69_d88_n5.pdf  return=1239657.578125
[orch] ep=9 sum-of-agents return=1239657.6
[responsive_fairness] ma_dreamer_20260611-175726 flows=5 run=9 done (109/200)
[responsive_fairness] slot=1 ma_dreamer_20260611-175726 flows=5 run=19
[slot=1] ep=19  flows=5  bw=96Mbps  delay=15ms  duration=345s  delays=[0.0, 11.2, 22.5, 33.8, 45.0]  lifetimes=[345.0, 333.8, 322.5, 311.2, 300.0]
[worker cport=23300 agent=0] loaded checkpoint step=17958
[worker alg=ma_dreamer reward=tempest_fairness_ma cport=23300 agent=0 group=slot3_ep16 flow=1] started interval=20ms det=1 latent=8x8
[sao-listener] cport=23100 worker=/its/home/mm2350/extra/Olympusv2/olympus/algorithms/ma_dreamer/worker.py scan=20ms target_cc=astraea single_flow=1 no_state_pipe=1
[sao-listener] cport=23101 worker=/its/home/mm2350/extra/Olympusv2/olympus/algorithms/ma_dreamer/worker.py scan=20ms target_cc=astraea single_flow=1 no_state_pipe=1
[sao-listener] cport=23102 worker=/its/home/mm2350/extra/Olympusv2/olympus/algorithms/ma_dreamer/worker.py scan=20ms target_cc=astraea single_flow=1 no_state_pipe=1
[sao-listener] cport=23103 worker=/its/home/mm2350/extra/Olympusv2/olympus/algorithms/ma_dreamer/worker.py scan=20ms target_cc=astraea single_flow=1 no_state_pipe=1
[sao-listener] cport=23104 worker=/its/home/mm2350/extra/Olympusv2/olympus/algorithms/ma_dreamer/worker.py scan=20ms target_cc=astraea single_flow=1 no_state_pipe=1
[multi_ep_plot] saved -> /its/home/mm2350/extra/Olympusv2/benchmarks/benchmark_responsive_fairness/data/ma_dreamer_20260611-175726/5_flows/run10/ep000010_bw83_d14_n5.pdf  return=1300955.2
[ep_plot] ep=10 -> /its/home/mm2350/extra/Olympusv2/benchmarks/benchmark_responsive_fairness/data/ma_dreamer_20260611-175726/5_flows/run10/ep000010_bw83_d14_n5.pdf  return=1300955.171875
[orch] ep=10 sum-of-agents return=1300955.2
[responsive_fairness] slot=0 ma_dreamer_20260611-175726 flows=5 run=20
[responsive_fairness] ma_dreamer_20260611-175726 flows=5 run=10 done (110/200)
[slot=0] ep=20  flows=5  bw=97Mbps  delay=29ms  duration=345s  delays=[0.0, 11.2, 22.5, 33.8, 45.0]  lifetimes=[345.0, 333.8, 322.5, 311.2, 300.0]
[sao-listener] new flow 1 10.0.0.1:23700->10.0.0.6:5208 cc=astraea pid=2099906 child=2102700
[sao-listener] single-flow mode: attached worker; stopping ss scans
[sao-listener flow 1] cport=23700 cc=astraea worker active
[sao-listener] cport=23000 worker=/its/home/mm2350/extra/Olympusv2/olympus/algorithms/ma_dreamer/worker.py scan=20ms target_cc=astraea single_flow=1 no_state_pipe=1
[sao-listener] cport=23001 worker=/its/home/mm2350/extra/Olympusv2/olympus/algorithms/ma_dreamer/worker.py scan=20ms target_cc=astraea single_flow=1 no_state_pipe=1
[sao-listener] cport=23002 worker=/its/home/mm2350/extra/Olympusv2/olympus/algorithms/ma_dreamer/worker.py scan=20ms target_cc=astraea single_flow=1 no_state_pipe=1
[sao-listener] cport=23003 worker=/its/home/mm2350/extra/Olympusv2/olympus/algorithms/ma_dreamer/worker.py scan=20ms target_cc=astraea single_flow=1 no_state_pipe=1
[sao-listener] cport=23004 worker=/its/home/mm2350/extra/Olympusv2/olympus/algorithms/ma_dreamer/worker.py scan=20ms target_cc=astraea single_flow=1 no_state_pipe=1
[worker cport=23700 agent=0] loaded checkpoint step=17958
[worker alg=ma_dreamer reward=tempest_fairness_ma cport=23700 agent=0 group=slot7_ep17 flow=1] started interval=20ms det=1 latent=8x8
[sao-listener] new flow 1 10.0.0.1:23200->10.0.0.6:5203 cc=astraea pid=2100284 child=2104012
[sao-listener] single-flow mode: attached worker; stopping ss scans
[sao-listener flow 1] cport=23200 cc=astraea worker active
[worker cport=23200 agent=0] loaded checkpoint step=17958
[worker alg=ma_dreamer reward=tempest_fairness_ma cport=23200 agent=0 group=slot2_ep18 flow=1] started interval=20ms det=1 latent=8x8
[sao-listener] new flow 1 10.0.0.1:23100->10.0.0.6:5202 cc=astraea pid=2102424 child=2106317
[sao-listener] single-flow mode: attached worker; stopping ss scans
[sao-listener flow 1] cport=23100 cc=astraea worker active
[sao-listener] new flow 1 10.0.0.2:23801->10.0.0.7:5209 cc=astraea pid=2104875 child=2106388
[sao-listener] single-flow mode: attached worker; stopping ss scans
[sao-listener flow 1] cport=23801 cc=astraea worker active
[orch] link change t=15.0s bw=69 delay=67
[worker cport=23801 agent=1] loaded checkpoint step=17958
[worker cport=23100 agent=0] loaded checkpoint step=17958
[worker alg=ma_dreamer reward=tempest_fairness_ma cport=23801 agent=1 group=slot8_ep11 flow=1] started interval=20ms det=1 latent=8x8
[worker alg=ma_dreamer reward=tempest_fairness_ma cport=23100 agent=0 group=slot1_ep19 flow=1] started interval=20ms det=1 latent=8x8
[orch] link change t=15.0s bw=94 delay=77
[sao-listener] new flow 1 10.0.0.1:23000->10.0.0.6:5201 cc=astraea pid=2103816 child=2107713
[sao-listener] single-flow mode: attached worker; stopping ss scans
[sao-listener flow 1] cport=23000 cc=astraea worker active
[sao-listener] new flow 1 10.0.0.2:23901->10.0.0.7:5210 cc=astraea pid=2106223 child=2107847
[sao-listener] single-flow mode: attached worker; stopping ss scans
[sao-listener flow 1] cport=23901 cc=astraea worker active
[orch] link change t=15.0s bw=97 delay=97
[sao-listener] new flow 1 10.0.0.2:23401->10.0.0.7:5205 cc=astraea pid=2105099 child=2108578
[sao-listener] single-flow mode: attached worker; stopping ss scans
[sao-listener flow 1] cport=23401 cc=astraea worker active
[worker cport=23000 agent=0] loaded checkpoint step=17958
[worker alg=ma_dreamer reward=tempest_fairness_ma cport=23000 agent=0 group=slot0_ep20 flow=1] started interval=20ms det=1 latent=8x8
[worker cport=23901 agent=1] loaded checkpoint step=17958
[worker alg=ma_dreamer reward=tempest_fairness_ma cport=23901 agent=1 group=slot9_ep14 flow=1] started interval=20ms det=1 latent=8x8
[orch] link change t=15.0s bw=99 delay=93
[worker cport=23401 agent=1] loaded checkpoint step=17958
[worker alg=ma_dreamer reward=tempest_fairness_ma cport=23401 agent=1 group=slot4_ep12 flow=1] started interval=20ms det=1 latent=8x8
[orch] link change t=15.0s bw=76 delay=14
[sao-listener] new flow 1 10.0.0.2:23501->10.0.0.7:5206 cc=astraea pid=2105540 child=2110112
[sao-listener] single-flow mode: attached worker; stopping ss scans
[sao-listener flow 1] cport=23501 cc=astraea worker active
[sao-listener] new flow 1 10.0.0.2:23601->10.0.0.7:5207 cc=astraea pid=2107164 child=2110620
[sao-listener] single-flow mode: attached worker; stopping ss scans
[sao-listener flow 1] cport=23601 cc=astraea worker active
[worker cport=23501 agent=1] loaded checkpoint step=17958
[worker alg=ma_dreamer reward=tempest_fairness_ma cport=23501 agent=1 group=slot5_ep13 flow=1] started interval=20ms det=1 latent=8x8
[orch] link change t=15.0s bw=71 delay=46
[sao-listener] new flow 1 10.0.0.2:23701->10.0.0.7:5208 cc=astraea pid=2109638 child=2111498
[sao-listener] single-flow mode: attached worker; stopping ss scans
[sao-listener flow 1] cport=23701 cc=astraea worker active
[worker cport=23601 agent=1] loaded checkpoint step=17958
[worker alg=ma_dreamer reward=tempest_fairness_ma cport=23601 agent=1 group=slot6_ep15 flow=1] started interval=20ms det=1 latent=8x8
[sao-listener] new flow 1 10.0.0.2:23201->10.0.0.7:5203 cc=astraea pid=2110037 child=2112195
[sao-listener] single-flow mode: attached worker; stopping ss scans
[sao-listener flow 1] cport=23201 cc=astraea worker active
[orch] link change t=15.0s bw=48 delay=56
[worker cport=23701 agent=1] loaded checkpoint step=17958
[worker alg=ma_dreamer reward=tempest_fairness_ma cport=23701 agent=1 group=slot7_ep17 flow=1] started interval=20ms det=1 latent=8x8
[sao-listener] new flow 1 10.0.0.2:23301->10.0.0.7:5204 cc=astraea pid=2108387 child=2112644
[sao-listener] single-flow mode: attached worker; stopping ss scans
[sao-listener flow 1] cport=23301 cc=astraea worker active
[orch] link change t=15.0s bw=94 delay=67
[worker cport=23201 agent=1] loaded checkpoint step=17958
[worker alg=ma_dreamer reward=tempest_fairness_ma cport=23201 agent=1 group=slot2_ep18 flow=1] started interval=20ms det=1 latent=8x8
[worker cport=23301 agent=1] loaded checkpoint step=17958
[worker alg=ma_dreamer reward=tempest_fairness_ma cport=23301 agent=1 group=slot3_ep16 flow=1] started interval=20ms det=1 latent=8x8
[orch] link change t=15.0s bw=76 delay=25
[sao-listener] new flow 1 10.0.0.2:23101->10.0.0.7:5202 cc=astraea pid=2111981 child=2114468
[sao-listener] single-flow mode: attached worker; stopping ss scans
[sao-listener flow 1] cport=23101 cc=astraea worker active
[sao-listener] new flow 1 10.0.0.3:23802->10.0.0.8:5209 cc=astraea pid=2114142 child=2114816
[sao-listener] single-flow mode: attached worker; stopping ss scans
[sao-listener flow 1] cport=23802 cc=astraea worker active
[worker cport=23101 agent=1] loaded checkpoint step=17958
[worker alg=ma_dreamer reward=tempest_fairness_ma cport=23101 agent=1 group=slot1_ep19 flow=1] started interval=20ms det=1 latent=8x8
[orch] link change t=15.0s bw=43 delay=96
[worker cport=23802 agent=2] loaded checkpoint step=17958
[worker alg=ma_dreamer reward=tempest_fairness_ma cport=23802 agent=2 group=slot8_ep11 flow=1] started interval=20ms det=1 latent=8x8
[sao-listener] new flow 1 10.0.0.2:23001->10.0.0.7:5201 cc=astraea pid=2113133 child=2115901
[sao-listener] single-flow mode: attached worker; stopping ss scans
[sao-listener flow 1] cport=23001 cc=astraea worker active
[sao-listener] new flow 1 10.0.0.3:23402->10.0.0.8:5205 cc=astraea pid=2114353 child=2116398
[sao-listener] single-flow mode: attached worker; stopping ss scans
[sao-listener flow 1] cport=23402 cc=astraea worker active
[worker cport=23001 agent=1] loaded checkpoint step=17958
[worker alg=ma_dreamer reward=tempest_fairness_ma cport=23001 agent=1 group=slot0_ep20 flow=1] started interval=20ms det=1 latent=8x8
[worker cport=23402 agent=2] loaded checkpoint step=17958
[worker alg=ma_dreamer reward=tempest_fairness_ma cport=23402 agent=2 group=slot4_ep12 flow=1] started interval=20ms det=1 latent=8x8
[sao-listener] new flow 1 10.0.0.3:23502->10.0.0.8:5206 cc=astraea pid=2114892 child=2117582
[sao-listener] single-flow mode: attached worker; stopping ss scans
[sao-listener flow 1] cport=23502 cc=astraea worker active
[sao-listener] new flow 1 10.0.0.3:23602->10.0.0.8:5207 cc=astraea pid=2116345 child=2117931
[sao-listener] single-flow mode: attached worker; stopping ss scans
[sao-listener flow 1] cport=23602 cc=astraea worker active
[worker cport=23502 agent=2] loaded checkpoint step=17958
[worker alg=ma_dreamer reward=tempest_fairness_ma cport=23502 agent=2 group=slot5_ep13 flow=1] started interval=20ms det=1 latent=8x8
[worker cport=23602 agent=2] loaded checkpoint step=17958
[worker alg=ma_dreamer reward=tempest_fairness_ma cport=23602 agent=2 group=slot6_ep15 flow=1] started interval=20ms det=1 latent=8x8
[sao-listener] new flow 1 10.0.0.3:23702->10.0.0.8:5208 cc=astraea pid=2118232 child=2118752
[sao-listener] single-flow mode: attached worker; stopping ss scans
[sao-listener flow 1] cport=23702 cc=astraea worker active
[orch] link change t=30.0s bw=75 delay=85
[sao-listener] new flow 1 10.0.0.3:23902->10.0.0.8:5210 cc=astraea pid=2115531 child=2119185
[sao-listener] single-flow mode: attached worker; stopping ss scans
[sao-listener flow 1] cport=23902 cc=astraea worker active
[sao-listener] new flow 1 10.0.0.3:23202->10.0.0.8:5203 cc=astraea pid=2118572 child=2119278
[sao-listener] single-flow mode: attached worker; stopping ss scans
[sao-listener flow 1] cport=23202 cc=astraea worker active
[orch] link change t=30.0s bw=95 delay=54
[worker cport=23702 agent=2] loaded checkpoint step=17958
[worker alg=ma_dreamer reward=tempest_fairness_ma cport=23702 agent=2 group=slot7_ep17 flow=1] started interval=20ms det=1 latent=8x8
[sao-listener] new flow 1 10.0.0.3:23302->10.0.0.8:5204 cc=astraea pid=2117311 child=2119722
[sao-listener] single-flow mode: attached worker; stopping ss scans
[sao-listener flow 1] cport=23302 cc=astraea worker active
[orch] link change t=30.0s bw=33 delay=93
[worker cport=23902 agent=2] loaded checkpoint step=17958
[worker alg=ma_dreamer reward=tempest_fairness_ma cport=23902 agent=2 group=slot9_ep14 flow=1] started interval=20ms det=1 latent=8x8
[worker cport=23202 agent=2] loaded checkpoint step=17958
[worker alg=ma_dreamer reward=tempest_fairness_ma cport=23202 agent=2 group=slot2_ep18 flow=1] started interval=20ms det=1 latent=8x8
[worker cport=23302 agent=2] loaded checkpoint step=17958
[worker alg=ma_dreamer reward=tempest_fairness_ma cport=23302 agent=2 group=slot3_ep16 flow=1] started interval=20ms det=1 latent=8x8
[orch] link change t=30.0s bw=77 delay=41
[orch] link change t=30.0s bw=30 delay=40
[sao-listener] new flow 1 10.0.0.3:23102->10.0.0.8:5202 cc=astraea pid=2120186 child=2121009
[sao-listener] single-flow mode: attached worker; stopping ss scans
[sao-listener flow 1] cport=23102 cc=astraea worker active
[worker cport=23102 agent=2] loaded checkpoint step=17958
[worker alg=ma_dreamer reward=tempest_fairness_ma cport=23102 agent=2 group=slot1_ep19 flow=1] started interval=20ms det=1 latent=8x8
[orch] link change t=30.0s bw=63 delay=39
[sao-listener] new flow 1 10.0.0.3:23002->10.0.0.8:5201 cc=astraea pid=2120925 child=2121924
[sao-listener] single-flow mode: attached worker; stopping ss scans
[sao-listener flow 1] cport=23002 cc=astraea worker active
[orch] link change t=30.0s bw=47 delay=32
[worker cport=23002 agent=2] loaded checkpoint step=17958
[worker alg=ma_dreamer reward=tempest_fairness_ma cport=23002 agent=2 group=slot0_ep20 flow=1] started interval=20ms det=1 latent=8x8
[sao-listener] new flow 1 10.0.0.4:23403->10.0.0.9:5205 cc=astraea pid=2121821 child=2122450
[sao-listener] single-flow mode: attached worker; stopping ss scans
[sao-listener flow 1] cport=23403 cc=astraea worker active
[orch] link change t=30.0s bw=52 delay=40
[worker cport=23403 agent=3] loaded checkpoint step=17958
[worker alg=ma_dreamer reward=tempest_fairness_ma cport=23403 agent=3 group=slot4_ep12 flow=1] started interval=20ms det=1 latent=8x8
[sao-listener] new flow 1 10.0.0.4:23503->10.0.0.9:5206 cc=astraea pid=2122171 child=2123161
[sao-listener] single-flow mode: attached worker; stopping ss scans
[sao-listener flow 1] cport=23503 cc=astraea worker active
[sao-listener] new flow 1 10.0.0.4:23603->10.0.0.9:5207 cc=astraea pid=2123229 child=2123508
[sao-listener] single-flow mode: attached worker; stopping ss scans
[sao-listener flow 1] cport=23603 cc=astraea worker active
[sao-listener] new flow 1 10.0.0.4:23803->10.0.0.9:5209 cc=astraea pid=2121671 child=2123656
[sao-listener] single-flow mode: attached worker; stopping ss scans
[sao-listener flow 1] cport=23803 cc=astraea worker active
[worker cport=23503 agent=3] loaded checkpoint step=17958
[worker alg=ma_dreamer reward=tempest_fairness_ma cport=23503 agent=3 group=slot5_ep13 flow=1] started interval=20ms det=1 latent=8x8
[orch] link change t=30.0s bw=75 delay=35
[worker cport=23603 agent=3] loaded checkpoint step=17958
[worker alg=ma_dreamer reward=tempest_fairness_ma cport=23603 agent=3 group=slot6_ep15 flow=1] started interval=20ms det=1 latent=8x8
[worker cport=23803 agent=3] loaded checkpoint step=17958
[worker alg=ma_dreamer reward=tempest_fairness_ma cport=23803 agent=3 group=slot8_ep11 flow=1] started interval=20ms det=1 latent=8x8
[sao-listener] new flow 1 10.0.0.4:23903->10.0.0.9:5210 cc=astraea pid=2122659 child=2124294
[sao-listener] single-flow mode: attached worker; stopping ss scans
[sao-listener flow 1] cport=23903 cc=astraea worker active
[orch] link change t=30.0s bw=91 delay=22
[sao-listener] new flow 1 10.0.0.4:23303->10.0.0.9:5204 cc=astraea pid=2123878 child=2124535
[sao-listener] single-flow mode: attached worker; stopping ss scans
[sao-listener flow 1] cport=23303 cc=astraea worker active
[worker cport=23903 agent=3] loaded checkpoint step=17958
[worker alg=ma_dreamer reward=tempest_fairness_ma cport=23903 agent=3 group=slot9_ep14 flow=1] started interval=20ms det=1 latent=8x8
[worker cport=23303 agent=3] loaded checkpoint step=17958
[worker alg=ma_dreamer reward=tempest_fairness_ma cport=23303 agent=3 group=slot3_ep16 flow=1] started interval=20ms det=1 latent=8x8
[sao-listener] new flow 1 10.0.0.4:23703->10.0.0.9:5208 cc=astraea pid=2124501 child=2125743
[sao-listener] single-flow mode: attached worker; stopping ss scans
[sao-listener flow 1] cport=23703 cc=astraea worker active
[worker cport=23703 agent=3] loaded checkpoint step=17958
[worker alg=ma_dreamer reward=tempest_fairness_ma cport=23703 agent=3 group=slot7_ep17 flow=1] started interval=20ms det=1 latent=8x8
[sao-listener] new flow 1 10.0.0.4:23203->10.0.0.9:5203 cc=astraea pid=2124765 child=2126093
[sao-listener] single-flow mode: attached worker; stopping ss scans
[sao-listener flow 1] cport=23203 cc=astraea worker active
[orch] link change t=45.0s bw=34 delay=33
[worker cport=23203 agent=3] loaded checkpoint step=17958
[worker alg=ma_dreamer reward=tempest_fairness_ma cport=23203 agent=3 group=slot2_ep18 flow=1] started interval=20ms det=1 latent=8x8
[orch] link change t=45.0s bw=28 delay=58
[orch] link change t=45.0s bw=39 delay=95
[orch] link change t=45.0s bw=44 delay=42
[sao-listener] new flow 1 10.0.0.4:23103->10.0.0.9:5202 cc=astraea pid=2125548 child=2126976
[sao-listener] single-flow mode: attached worker; stopping ss scans
[sao-listener flow 1] cport=23103 cc=astraea worker active
[sao-listener] new flow 1 10.0.0.5:23804->10.0.0.10:5209 cc=astraea pid=2126536 child=2127111
[sao-listener] single-flow mode: attached worker; stopping ss scans
[sao-listener flow 1] cport=23804 cc=astraea worker active
[orch] link change t=45.0s bw=12 delay=17
[worker cport=23103 agent=3] loaded checkpoint step=17958
[worker alg=ma_dreamer reward=tempest_fairness_ma cport=23103 agent=3 group=slot1_ep19 flow=1] started interval=20ms det=1 latent=8x8
[worker cport=23804 agent=4] loaded checkpoint step=17958
[worker alg=ma_dreamer reward=tempest_fairness_ma cport=23804 agent=4 group=slot8_ep11 flow=1] started interval=20ms det=1 latent=8x8
[sao-listener] new flow 1 10.0.0.4:23003->10.0.0.9:5201 cc=astraea pid=2126016 child=2127573
[sao-listener] single-flow mode: attached worker; stopping ss scans
[sao-listener flow 1] cport=23003 cc=astraea worker active
[sao-listener] new flow 1 10.0.0.5:23904->10.0.0.10:5210 cc=astraea pid=2127098 child=2127680
[sao-listener] single-flow mode: attached worker; stopping ss scans
[sao-listener flow 1] cport=23904 cc=astraea worker active
[orch] link change t=45.0s bw=67 delay=10
[worker cport=23003 agent=3] loaded checkpoint step=17958
[worker alg=ma_dreamer reward=tempest_fairness_ma cport=23003 agent=3 group=slot0_ep20 flow=1] started interval=20ms det=1 latent=8x8
[sao-listener] new flow 1 10.0.0.5:23404->10.0.0.10:5205 cc=astraea pid=2126625 child=2127923
[sao-listener] single-flow mode: attached worker; stopping ss scans
[sao-listener flow 1] cport=23404 cc=astraea worker active
[worker cport=23904 agent=4] loaded checkpoint step=17958
[worker alg=ma_dreamer reward=tempest_fairness_ma cport=23904 agent=4 group=slot9_ep14 flow=1] started interval=20ms det=1 latent=8x8
[orch] link change t=45.0s bw=100 delay=100
[worker cport=23404 agent=4] loaded checkpoint step=17958
[worker alg=ma_dreamer reward=tempest_fairness_ma cport=23404 agent=4 group=slot4_ep12 flow=1] started interval=20ms det=1 latent=8x8
[orch] link change t=45.0s bw=35 delay=72
[sao-listener] new flow 1 10.0.0.5:23504->10.0.0.10:5206 cc=astraea pid=2126804 child=2128293
[sao-listener] single-flow mode: attached worker; stopping ss scans
[sao-listener flow 1] cport=23504 cc=astraea worker active
[worker cport=23504 agent=4] loaded checkpoint step=17958
[worker alg=ma_dreamer reward=tempest_fairness_ma cport=23504 agent=4 group=slot5_ep13 flow=1] started interval=20ms det=1 latent=8x8
[sao-listener] new flow 1 10.0.0.5:23604->10.0.0.10:5207 cc=astraea pid=2127502 child=2128554
[sao-listener] single-flow mode: attached worker; stopping ss scans
[sao-listener flow 1] cport=23604 cc=astraea worker active
[sao-listener] new flow 1 10.0.0.5:23704->10.0.0.10:5208 cc=astraea pid=2128264 child=2128671
[sao-listener] single-flow mode: attached worker; stopping ss scans
[sao-listener flow 1] cport=23704 cc=astraea worker active
[worker cport=23604 agent=4] loaded checkpoint step=17958
[worker alg=ma_dreamer reward=tempest_fairness_ma cport=23604 agent=4 group=slot6_ep15 flow=1] started interval=20ms det=1 latent=8x8
[orch] link change t=45.0s bw=60 delay=54
[sao-listener] new flow 1 10.0.0.5:23204->10.0.0.10:5203 cc=astraea pid=2128390 child=2128844
[sao-listener] single-flow mode: attached worker; stopping ss scans
[sao-listener flow 1] cport=23204 cc=astraea worker active
[worker cport=23704 agent=4] loaded checkpoint step=17958
[worker alg=ma_dreamer reward=tempest_fairness_ma cport=23704 agent=4 group=slot7_ep17 flow=1] started interval=20ms det=1 latent=8x8
[sao-listener] new flow 1 10.0.0.5:23304->10.0.0.10:5204 cc=astraea pid=2127905 child=2128972
[sao-listener] single-flow mode: attached worker; stopping ss scans
[sao-listener flow 1] cport=23304 cc=astraea worker active
[orch] link change t=45.0s bw=51 delay=83
[worker cport=23204 agent=4] loaded checkpoint step=17958
[worker alg=ma_dreamer reward=tempest_fairness_ma cport=23204 agent=4 group=slot2_ep18 flow=1] started interval=20ms det=1 latent=8x8
[worker cport=23304 agent=4] loaded checkpoint step=17958
[worker alg=ma_dreamer reward=tempest_fairness_ma cport=23304 agent=4 group=slot3_ep16 flow=1] started interval=20ms det=1 latent=8x8
[sao-listener] new flow 1 10.0.0.5:23104->10.0.0.10:5202 cc=astraea pid=2128949 child=2129204
[sao-listener] single-flow mode: attached worker; stopping ss scans
[sao-listener flow 1] cport=23104 cc=astraea worker active
[worker cport=23104 agent=4] loaded checkpoint step=17958
[worker alg=ma_dreamer reward=tempest_fairness_ma cport=23104 agent=4 group=slot1_ep19 flow=1] started interval=20ms det=1 latent=8x8
[sao-listener] new flow 1 10.0.0.5:23004->10.0.0.10:5201 cc=astraea pid=2129167 child=2129367
[sao-listener] single-flow mode: attached worker; stopping ss scans
[sao-listener flow 1] cport=23004 cc=astraea worker active
[worker cport=23004 agent=4] loaded checkpoint step=17958
[worker alg=ma_dreamer reward=tempest_fairness_ma cport=23004 agent=4 group=slot0_ep20 flow=1] started interval=20ms det=1 latent=8x8
[orch] link change t=60.0s bw=75 delay=70
[orch] link change t=60.0s bw=11 delay=57
[orch] link change t=60.0s bw=28 delay=38
[orch] link change t=60.0s bw=47 delay=19
[orch] link change t=60.0s bw=97 delay=28
[orch] link change t=60.0s bw=62 delay=94
[orch] link change t=60.0s bw=79 delay=94
[orch] link change t=60.0s bw=90 delay=73
[orch] link change t=60.0s bw=77 delay=47
[orch] link change t=60.0s bw=31 delay=13
[orch] link change t=75.0s bw=90 delay=88
[orch] link change t=75.0s bw=71 delay=45
[orch] link change t=75.0s bw=92 delay=33
[orch] link change t=75.0s bw=94 delay=67
[orch] link change t=75.0s bw=98 delay=57
[orch] link change t=75.0s bw=43 delay=40
[orch] link change t=75.0s bw=45 delay=24
[orch] link change t=75.0s bw=33 delay=71
[orch] link change t=75.0s bw=84 delay=28
[orch] link change t=75.0s bw=62 delay=62
[orch] link change t=90.0s bw=33 delay=22
[orch] link change t=90.0s bw=92 delay=68
[orch] link change t=90.0s bw=26 delay=19
[orch] link change t=90.0s bw=48 delay=69
[orch] link change t=90.0s bw=40 delay=24
[orch] link change t=90.0s bw=91 delay=38
[orch] link change t=90.0s bw=13 delay=41
[orch] link change t=90.0s bw=47 delay=68
[orch] link change t=90.0s bw=86 delay=43
[orch] link change t=90.0s bw=19 delay=23
[orch] link change t=105.0s bw=67 delay=48
[orch] link change t=105.0s bw=98 delay=86
[orch] link change t=105.0s bw=78 delay=37
[orch] link change t=105.0s bw=97 delay=60
[orch] link change t=105.0s bw=53 delay=69
[orch] link change t=105.0s bw=11 delay=47
[orch] link change t=105.0s bw=59 delay=63
[orch] link change t=105.0s bw=43 delay=35
[orch] link change t=105.0s bw=23 delay=43
[orch] link change t=105.0s bw=26 delay=50
[orch] link change t=120.0s bw=28 delay=21
[orch] link change t=120.0s bw=39 delay=81
[orch] link change t=120.0s bw=47 delay=13
[orch] link change t=120.0s bw=60 delay=25
[orch] link change t=120.0s bw=100 delay=55
[orch] link change t=120.0s bw=48 delay=52
[orch] link change t=120.0s bw=42 delay=74
[orch] link change t=120.0s bw=42 delay=98
[orch] link change t=120.0s bw=62 delay=51
[orch] link change t=120.0s bw=70 delay=84
[orch] link change t=135.0s bw=78 delay=98
[orch] link change t=135.0s bw=10 delay=94
[orch] link change t=135.0s bw=65 delay=26
[orch] link change t=135.0s bw=43 delay=38
[orch] link change t=135.0s bw=45 delay=60
[orch] link change t=135.0s bw=95 delay=28
[orch] link change t=135.0s bw=50 delay=91
[orch] link change t=135.0s bw=25 delay=51
[orch] link change t=135.0s bw=44 delay=23
[orch] link change t=135.0s bw=67 delay=62
[orch] link change t=150.0s bw=91 delay=15
[orch] link change t=150.0s bw=89 delay=28
[orch] link change t=150.0s bw=97 delay=87
[orch] link change t=150.0s bw=50 delay=55
[orch] link change t=150.0s bw=43 delay=54
[orch] link change t=150.0s bw=87 delay=49
[orch] link change t=150.0s bw=97 delay=61
[orch] link change t=150.0s bw=76 delay=96
[orch] link change t=150.0s bw=51 delay=49
[orch] link change t=150.0s bw=36 delay=35
[orch] link change t=165.0s bw=86 delay=60
[orch] link change t=165.0s bw=66 delay=57
[orch] link change t=165.0s bw=11 delay=45
[orch] link change t=165.0s bw=43 delay=56
[orch] link change t=165.0s bw=39 delay=36
[orch] link change t=165.0s bw=12 delay=38
[orch] link change t=165.0s bw=27 delay=80
[orch] link change t=165.0s bw=32 delay=40
[orch] link change t=165.0s bw=12 delay=82
[orch] link change t=165.0s bw=50 delay=90
[orch] link change t=180.0s bw=67 delay=93
[orch] link change t=180.0s bw=30 delay=53
[orch] link change t=180.0s bw=28 delay=20
[orch] link change t=180.0s bw=90 delay=90
[orch] link change t=180.0s bw=55 delay=50
[orch] link change t=180.0s bw=87 delay=42
[orch] link change t=180.0s bw=17 delay=27
[orch] link change t=180.0s bw=31 delay=40
[orch] link change t=180.0s bw=89 delay=35
[orch] link change t=180.0s bw=97 delay=52
[orch] link change t=195.0s bw=88 delay=93
[orch] link change t=195.0s bw=36 delay=17
[orch] link change t=195.0s bw=43 delay=67
[orch] link change t=195.0s bw=76 delay=29
[orch] link change t=195.0s bw=38 delay=49
[orch] link change t=195.0s bw=12 delay=29
[orch] link change t=195.0s bw=35 delay=29
[orch] link change t=195.0s bw=35 delay=56
[orch] link change t=195.0s bw=19 delay=35
[orch] link change t=195.0s bw=52 delay=64
[orch] link change t=210.0s bw=30 delay=89
[orch] link change t=210.0s bw=83 delay=35
[orch] link change t=210.0s bw=65 delay=27
[orch] link change t=210.0s bw=30 delay=80
[orch] link change t=210.0s bw=75 delay=63
[orch] link change t=210.0s bw=87 delay=95
[orch] link change t=210.0s bw=100 delay=78
[orch] link change t=210.0s bw=83 delay=74
[orch] link change t=210.0s bw=24 delay=79
[orch] link change t=210.0s bw=21 delay=90
[orch] link change t=225.0s bw=11 delay=77
[orch] link change t=225.0s bw=19 delay=75
[orch] link change t=225.0s bw=42 delay=55
[orch] link change t=225.0s bw=95 delay=94
[orch] link change t=225.0s bw=39 delay=83
[orch] link change t=225.0s bw=90 delay=13
[orch] link change t=225.0s bw=81 delay=97
[orch] link change t=225.0s bw=35 delay=96
[orch] link change t=225.0s bw=68 delay=59
[orch] link change t=225.0s bw=76 delay=72
[orch] link change t=240.0s bw=18 delay=17
[orch] link change t=240.0s bw=97 delay=53
[orch] link change t=240.0s bw=39 delay=72
[orch] link change t=240.0s bw=45 delay=31
[orch] link change t=240.0s bw=68 delay=63
[orch] link change t=240.0s bw=69 delay=68
[orch] link change t=240.0s bw=36 delay=52
[orch] link change t=240.0s bw=73 delay=37
[orch] link change t=240.0s bw=19 delay=22
[orch] link change t=240.0s bw=61 delay=20
[orch] link change t=255.0s bw=14 delay=34
[orch] link change t=255.0s bw=97 delay=61
[orch] link change t=255.0s bw=80 delay=82
[orch] link change t=255.0s bw=11 delay=93
[orch] link change t=255.0s bw=72 delay=20
[orch] link change t=255.0s bw=86 delay=90
[orch] link change t=255.0s bw=79 delay=25
[orch] link change t=255.0s bw=48 delay=43
[orch] link change t=255.0s bw=63 delay=12
[orch] link change t=255.0s bw=36 delay=83
[orch] link change t=270.0s bw=40 delay=86
[orch] link change t=270.0s bw=21 delay=12
[orch] link change t=270.0s bw=64 delay=95
[orch] link change t=270.0s bw=18 delay=25
[orch] link change t=270.0s bw=69 delay=82
[orch] link change t=270.0s bw=100 delay=47
[orch] link change t=270.0s bw=91 delay=18
[orch] link change t=270.0s bw=10 delay=53
[orch] link change t=270.0s bw=22 delay=84
[orch] link change t=270.0s bw=41 delay=14
[orch] link change t=285.0s bw=13 delay=69
[orch] link change t=285.0s bw=17 delay=94
[orch] link change t=285.0s bw=56 delay=65
[orch] link change t=285.0s bw=86 delay=53
[orch] link change t=285.0s bw=56 delay=66
[orch] link change t=285.0s bw=38 delay=49
[orch] link change t=285.0s bw=49 delay=62
[orch] link change t=285.0s bw=61 delay=38
[orch] link change t=285.0s bw=64 delay=60
[orch] link change t=285.0s bw=35 delay=22
[orch] link change t=300.0s bw=51 delay=66
[orch] link change t=300.0s bw=75 delay=38
[orch] link change t=300.0s bw=91 delay=50
[orch] link change t=300.0s bw=13 delay=20
[orch] link change t=300.0s bw=82 delay=50
[orch] link change t=300.0s bw=56 delay=43
[orch] link change t=300.0s bw=20 delay=74
[orch] link change t=300.0s bw=61 delay=78
[orch] link change t=300.0s bw=66 delay=94
[orch] link change t=300.0s bw=20 delay=34
[orch] link change t=315.0s bw=85 delay=35
[orch] link change t=315.0s bw=21 delay=64
[orch] link change t=315.0s bw=93 delay=25
[orch] link change t=315.0s bw=45 delay=36
[orch] link change t=315.0s bw=98 delay=92
[orch] link change t=315.0s bw=63 delay=21
[orch] link change t=315.0s bw=70 delay=91
[orch] link change t=315.0s bw=54 delay=85
[orch] link change t=315.0s bw=48 delay=83
[orch] link change t=315.0s bw=42 delay=98
[orch] link change t=330.0s bw=76 delay=39
[orch] link change t=330.0s bw=66 delay=24
[orch] link change t=330.0s bw=54 delay=86
[orch] link change t=330.0s bw=58 delay=61
[orch] link change t=330.0s bw=67 delay=61
[orch] link change t=330.0s bw=54 delay=73
[orch] link change t=330.0s bw=86 delay=28
[orch] link change t=330.0s bw=83 delay=77
[orch] link change t=330.0s bw=74 delay=30
[orch] link change t=330.0s bw=46 delay=49
[multi_ep_plot] saved -> /its/home/mm2350/extra/Olympusv2/benchmarks/benchmark_responsive_fairness/data/ma_dreamer_20260611-175726/5_flows/run11/ep000011_bw67_d81_n5.pdf  return=1105117.0
[ep_plot] ep=11 -> /its/home/mm2350/extra/Olympusv2/benchmarks/benchmark_responsive_fairness/data/ma_dreamer_20260611-175726/5_flows/run11/ep000011_bw67_d81_n5.pdf  return=1105117.03125
[orch] ep=11 sum-of-agents return=1105117.0
[responsive_fairness] slot=8 ma_dreamer_20260611-175726 flows=5 run=21
[responsive_fairness] ma_dreamer_20260611-175726 flows=5 run=11 done (111/200)
[slot=8] ep=21  flows=5  bw=31Mbps  delay=63ms  duration=345s  delays=[0.0, 11.2, 22.5, 33.8, 45.0]  lifetimes=[345.0, 333.8, 322.5, 311.2, 300.0]
[multi_ep_plot] saved -> /its/home/mm2350/extra/Olympusv2/benchmarks/benchmark_responsive_fairness/data/ma_dreamer_20260611-175726/5_flows/run12/ep000012_bw70_d44_n5.pdf  return=1210352.2
[ep_plot] ep=12 -> /its/home/mm2350/extra/Olympusv2/benchmarks/benchmark_responsive_fairness/data/ma_dreamer_20260611-175726/5_flows/run12/ep000012_bw70_d44_n5.pdf  return=1210352.21875
[orch] ep=12 sum-of-agents return=1210352.2
[responsive_fairness] slot=4 ma_dreamer_20260611-175726 flows=5 run=22
[responsive_fairness] ma_dreamer_20260611-175726 flows=5 run=12 done (112/200)
[slot=4] ep=22  flows=5  bw=27Mbps  delay=41ms  duration=345s  delays=[0.0, 11.2, 22.5, 33.8, 45.0]  lifetimes=[345.0, 333.8, 322.5, 311.2, 300.0]
[multi_ep_plot] saved -> /its/home/mm2350/extra/Olympusv2/benchmarks/benchmark_responsive_fairness/data/ma_dreamer_20260611-175726/5_flows/run13/ep000013_bw43_d47_n5.pdf  return=1278017.5
[ep_plot] ep=13 -> /its/home/mm2350/extra/Olympusv2/benchmarks/benchmark_responsive_fairness/data/ma_dreamer_20260611-175726/5_flows/run13/ep000013_bw43_d47_n5.pdf  return=1278017.46875
[orch] ep=13 sum-of-agents return=1278017.5
[responsive_fairness] slot=5 ma_dreamer_20260611-175726 flows=5 run=23
[responsive_fairness] ma_dreamer_20260611-175726 flows=5 run=13 done (113/200)
[slot=5] ep=23  flows=5  bw=47Mbps  delay=20ms  duration=345s  delays=[0.0, 11.2, 22.5, 33.8, 45.0]  lifetimes=[345.0, 333.8, 322.5, 311.2, 300.0]
[sao-listener] cport=23800 worker=/its/home/mm2350/extra/Olympusv2/olympus/algorithms/ma_dreamer/worker.py scan=20ms target_cc=astraea single_flow=1 no_state_pipe=1
[sao-listener] cport=23801 worker=/its/home/mm2350/extra/Olympusv2/olympus/algorithms/ma_dreamer/worker.py scan=20ms target_cc=astraea single_flow=1 no_state_pipe=1
[sao-listener] cport=23802 worker=/its/home/mm2350/extra/Olympusv2/olympus/algorithms/ma_dreamer/worker.py scan=20ms target_cc=astraea single_flow=1 no_state_pipe=1
[sao-listener] cport=23803 worker=/its/home/mm2350/extra/Olympusv2/olympus/algorithms/ma_dreamer/worker.py scan=20ms target_cc=astraea single_flow=1 no_state_pipe=1
[sao-listener] cport=23804 worker=/its/home/mm2350/extra/Olympusv2/olympus/algorithms/ma_dreamer/worker.py scan=20ms target_cc=astraea single_flow=1 no_state_pipe=1
[sao-listener] cport=23400 worker=/its/home/mm2350/extra/Olympusv2/olympus/algorithms/ma_dreamer/worker.py scan=20ms target_cc=astraea single_flow=1 no_state_pipe=1
[sao-listener] cport=23401 worker=/its/home/mm2350/extra/Olympusv2/olympus/algorithms/ma_dreamer/worker.py scan=20ms target_cc=astraea single_flow=1 no_state_pipe=1
[sao-listener] cport=23402 worker=/its/home/mm2350/extra/Olympusv2/olympus/algorithms/ma_dreamer/worker.py scan=20ms target_cc=astraea single_flow=1 no_state_pipe=1
[sao-listener] cport=23403 worker=/its/home/mm2350/extra/Olympusv2/olympus/algorithms/ma_dreamer/worker.py scan=20ms target_cc=astraea single_flow=1 no_state_pipe=1
[sao-listener] cport=23404 worker=/its/home/mm2350/extra/Olympusv2/olympus/algorithms/ma_dreamer/worker.py scan=20ms target_cc=astraea single_flow=1 no_state_pipe=1
[multi_ep_plot] saved -> /its/home/mm2350/extra/Olympusv2/benchmarks/benchmark_responsive_fairness/data/ma_dreamer_20260611-175726/5_flows/run14/ep000014_bw23_d88_n5.pdf  return=1224483.9
[ep_plot] ep=14 -> /its/home/mm2350/extra/Olympusv2/benchmarks/benchmark_responsive_fairness/data/ma_dreamer_20260611-175726/5_flows/run14/ep000014_bw23_d88_n5.pdf  return=1224483.90625
[orch] ep=14 sum-of-agents return=1224483.9
[responsive_fairness] slot=9 ma_dreamer_20260611-175726 flows=5 run=24
[responsive_fairness] ma_dreamer_20260611-175726 flows=5 run=14 done (114/200)
[slot=9] ep=24  flows=5  bw=59Mbps  delay=84ms  duration=345s  delays=[0.0, 11.2, 22.5, 33.8, 45.0]  lifetimes=[345.0, 333.8, 322.5, 311.2, 300.0]
[sao-listener] cport=23500 worker=/its/home/mm2350/extra/Olympusv2/olympus/algorithms/ma_dreamer/worker.py scan=20ms target_cc=astraea single_flow=1 no_state_pipe=1
[sao-listener] cport=23501 worker=/its/home/mm2350/extra/Olympusv2/olympus/algorithms/ma_dreamer/worker.py scan=20ms target_cc=astraea single_flow=1 no_state_pipe=1
[sao-listener] cport=23502 worker=/its/home/mm2350/extra/Olympusv2/olympus/algorithms/ma_dreamer/worker.py scan=20ms target_cc=astraea single_flow=1 no_state_pipe=1
[sao-listener] cport=23503 worker=/its/home/mm2350/extra/Olympusv2/olympus/algorithms/ma_dreamer/worker.py scan=20ms target_cc=astraea single_flow=1 no_state_pipe=1
[sao-listener] cport=23504 worker=/its/home/mm2350/extra/Olympusv2/olympus/algorithms/ma_dreamer/worker.py scan=20ms target_cc=astraea single_flow=1 no_state_pipe=1
[sao-listener] new flow 1 10.0.0.1:23800->10.0.0.6:5209 cc=astraea pid=2133636 child=2134162
[sao-listener] single-flow mode: attached worker; stopping ss scans
[sao-listener flow 1] cport=23800 cc=astraea worker active
[sao-listener] cport=23900 worker=/its/home/mm2350/extra/Olympusv2/olympus/algorithms/ma_dreamer/worker.py scan=20ms target_cc=astraea single_flow=1 no_state_pipe=1
[sao-listener] cport=23901 worker=/its/home/mm2350/extra/Olympusv2/olympus/algorithms/ma_dreamer/worker.py scan=20ms target_cc=astraea single_flow=1 no_state_pipe=1
[sao-listener] cport=23902 worker=/its/home/mm2350/extra/Olympusv2/olympus/algorithms/ma_dreamer/worker.py scan=20ms target_cc=astraea single_flow=1 no_state_pipe=1
[sao-listener] cport=23903 worker=/its/home/mm2350/extra/Olympusv2/olympus/algorithms/ma_dreamer/worker.py scan=20ms target_cc=astraea single_flow=1 no_state_pipe=1
[sao-listener] cport=23904 worker=/its/home/mm2350/extra/Olympusv2/olympus/algorithms/ma_dreamer/worker.py scan=20ms target_cc=astraea single_flow=1 no_state_pipe=1
[sao-listener] new flow 1 10.0.0.1:23400->10.0.0.6:5205 cc=astraea pid=2134022 child=2134909
[sao-listener] single-flow mode: attached worker; stopping ss scans
[sao-listener flow 1] cport=23400 cc=astraea worker active
[multi_ep_plot] saved -> /its/home/mm2350/extra/Olympusv2/benchmarks/benchmark_responsive_fairness/data/ma_dreamer_20260611-175726/5_flows/run15/ep000015_bw36_d11_n5.pdf  return=1360684.5
[ep_plot] ep=15 -> /its/home/mm2350/extra/Olympusv2/benchmarks/benchmark_responsive_fairness/data/ma_dreamer_20260611-175726/5_flows/run15/ep000015_bw36_d11_n5.pdf  return=1360684.453125
[orch] ep=15 sum-of-agents return=1360684.5
[responsive_fairness] slot=6 ma_dreamer_20260611-175726 flows=5 run=25
[responsive_fairness] ma_dreamer_20260611-175726 flows=5 run=15 done (115/200)
[slot=6] ep=25  flows=5  bw=58Mbps  delay=11ms  duration=345s  delays=[0.0, 11.2, 22.5, 33.8, 45.0]  lifetimes=[345.0, 333.8, 322.5, 311.2, 300.0]
[worker cport=23800 agent=0] loaded checkpoint step=17958
[worker alg=ma_dreamer reward=tempest_fairness_ma cport=23800 agent=0 group=slot8_ep21 flow=1] started interval=20ms det=1 latent=8x8
[worker cport=23400 agent=0] loaded checkpoint step=17958
[worker alg=ma_dreamer reward=tempest_fairness_ma cport=23400 agent=0 group=slot4_ep22 flow=1] started interval=20ms det=1 latent=8x8
[sao-listener] new flow 1 10.0.0.1:23500->10.0.0.6:5206 cc=astraea pid=2134441 child=2136135
[sao-listener] single-flow mode: attached worker; stopping ss scans
[sao-listener flow 1] cport=23500 cc=astraea worker active
[sao-listener] cport=23600 worker=/its/home/mm2350/extra/Olympusv2/olympus/algorithms/ma_dreamer/worker.py scan=20ms target_cc=astraea single_flow=1 no_state_pipe=1
[sao-listener] cport=23601 worker=/its/home/mm2350/extra/Olympusv2/olympus/algorithms/ma_dreamer/worker.py scan=20ms target_cc=astraea single_flow=1 no_state_pipe=1
[sao-listener] cport=23602 worker=/its/home/mm2350/extra/Olympusv2/olympus/algorithms/ma_dreamer/worker.py scan=20ms target_cc=astraea single_flow=1 no_state_pipe=1
[sao-listener] cport=23603 worker=/its/home/mm2350/extra/Olympusv2/olympus/algorithms/ma_dreamer/worker.py scan=20ms target_cc=astraea single_flow=1 no_state_pipe=1
[sao-listener] cport=23604 worker=/its/home/mm2350/extra/Olympusv2/olympus/algorithms/ma_dreamer/worker.py scan=20ms target_cc=astraea single_flow=1 no_state_pipe=1
[multi_ep_plot] saved -> /its/home/mm2350/extra/Olympusv2/benchmarks/benchmark_responsive_fairness/data/ma_dreamer_20260611-175726/5_flows/run16/ep000016_bw56_d70_n5.pdf  return=1306475.0
[ep_plot] ep=16 -> /its/home/mm2350/extra/Olympusv2/benchmarks/benchmark_responsive_fairness/data/ma_dreamer_20260611-175726/5_flows/run16/ep000016_bw56_d70_n5.pdf  return=1306474.96875
[orch] ep=16 sum-of-agents return=1306475.0
[responsive_fairness] slot=3 ma_dreamer_20260611-175726 flows=5 run=26
[responsive_fairness] ma_dreamer_20260611-175726 flows=5 run=16 done (116/200)
[slot=3] ep=26  flows=5  bw=35Mbps  delay=94ms  duration=345s  delays=[0.0, 11.2, 22.5, 33.8, 45.0]  lifetimes=[345.0, 333.8, 322.5, 311.2, 300.0]
[worker cport=23500 agent=0] loaded checkpoint step=17958
[worker alg=ma_dreamer reward=tempest_fairness_ma cport=23500 agent=0 group=slot5_ep23 flow=1] started interval=20ms det=1 latent=8x8
[sao-listener] new flow 1 10.0.0.1:23900->10.0.0.6:5210 cc=astraea pid=2135322 child=2137309
[sao-listener] single-flow mode: attached worker; stopping ss scans
[sao-listener flow 1] cport=23900 cc=astraea worker active
[sao-listener] cport=23300 worker=/its/home/mm2350/extra/Olympusv2/olympus/algorithms/ma_dreamer/worker.py scan=20ms target_cc=astraea single_flow=1 no_state_pipe=1
[sao-listener] cport=23301 worker=/its/home/mm2350/extra/Olympusv2/olympus/algorithms/ma_dreamer/worker.py scan=20ms target_cc=astraea single_flow=1 no_state_pipe=1
[sao-listener] cport=23302 worker=/its/home/mm2350/extra/Olympusv2/olympus/algorithms/ma_dreamer/worker.py scan=20ms target_cc=astraea single_flow=1 no_state_pipe=1
[sao-listener] cport=23303 worker=/its/home/mm2350/extra/Olympusv2/olympus/algorithms/ma_dreamer/worker.py scan=20ms target_cc=astraea single_flow=1 no_state_pipe=1
[sao-listener] cport=23304 worker=/its/home/mm2350/extra/Olympusv2/olympus/algorithms/ma_dreamer/worker.py scan=20ms target_cc=astraea single_flow=1 no_state_pipe=1
[multi_ep_plot] saved -> /its/home/mm2350/extra/Olympusv2/benchmarks/benchmark_responsive_fairness/data/ma_dreamer_20260611-175726/5_flows/run17/ep000017_bw76_d63_n5.pdf  return=1300000.6
[ep_plot] ep=17 -> /its/home/mm2350/extra/Olympusv2/benchmarks/benchmark_responsive_fairness/data/ma_dreamer_20260611-175726/5_flows/run17/ep000017_bw76_d63_n5.pdf  return=1300000.625
[orch] ep=17 sum-of-agents return=1300000.6
[responsive_fairness] slot=7 ma_dreamer_20260611-175726 flows=5 run=27
[responsive_fairness] ma_dreamer_20260611-175726 flows=5 run=17 done (117/200)
[slot=7] ep=27  flows=5  bw=93Mbps  delay=71ms  duration=345s  delays=[0.0, 11.2, 22.5, 33.8, 45.0]  lifetimes=[345.0, 333.8, 322.5, 311.2, 300.0]
[worker cport=23900 agent=0] loaded checkpoint step=17958
[worker alg=ma_dreamer reward=tempest_fairness_ma cport=23900 agent=0 group=slot9_ep24 flow=1] started interval=20ms det=1 latent=8x8
[sao-listener] new flow 1 10.0.0.1:23600->10.0.0.6:5207 cc=astraea pid=2136719 child=2138622
[sao-listener] single-flow mode: attached worker; stopping ss scans
[sao-listener flow 1] cport=23600 cc=astraea worker active
[multi_ep_plot] saved -> /its/home/mm2350/extra/Olympusv2/benchmarks/benchmark_responsive_fairness/data/ma_dreamer_20260611-175726/5_flows/run18/ep000018_bw33_d25_n5.pdf  return=1265501.4
[ep_plot] ep=18 -> /its/home/mm2350/extra/Olympusv2/benchmarks/benchmark_responsive_fairness/data/ma_dreamer_20260611-175726/5_flows/run18/ep000018_bw33_d25_n5.pdf  return=1265501.390625
[orch] ep=18 sum-of-agents return=1265501.4
[responsive_fairness] slot=2 ma_dreamer_20260611-175726 flows=5 run=28
[responsive_fairness] ma_dreamer_20260611-175726 flows=5 run=18 done (118/200)
[slot=2] ep=28  flows=5  bw=24Mbps  delay=26ms  duration=345s  delays=[0.0, 11.2, 22.5, 33.8, 45.0]  lifetimes=[345.0, 333.8, 322.5, 311.2, 300.0]
[sao-listener] cport=23700 worker=/its/home/mm2350/extra/Olympusv2/olympus/algorithms/ma_dreamer/worker.py scan=20ms target_cc=astraea single_flow=1 no_state_pipe=1
[sao-listener] cport=23701 worker=/its/home/mm2350/extra/Olympusv2/olympus/algorithms/ma_dreamer/worker.py scan=20ms target_cc=astraea single_flow=1 no_state_pipe=1
[sao-listener] cport=23702 worker=/its/home/mm2350/extra/Olympusv2/olympus/algorithms/ma_dreamer/worker.py scan=20ms target_cc=astraea single_flow=1 no_state_pipe=1
[sao-listener] cport=23703 worker=/its/home/mm2350/extra/Olympusv2/olympus/algorithms/ma_dreamer/worker.py scan=20ms target_cc=astraea single_flow=1 no_state_pipe=1
[sao-listener] cport=23704 worker=/its/home/mm2350/extra/Olympusv2/olympus/algorithms/ma_dreamer/worker.py scan=20ms target_cc=astraea single_flow=1 no_state_pipe=1
[worker cport=23600 agent=0] loaded checkpoint step=17958
[worker alg=ma_dreamer reward=tempest_fairness_ma cport=23600 agent=0 group=slot6_ep25 flow=1] started interval=20ms det=1 latent=8x8
[sao-listener] cport=23200 worker=/its/home/mm2350/extra/Olympusv2/olympus/algorithms/ma_dreamer/worker.py scan=20ms target_cc=astraea single_flow=1 no_state_pipe=1
[sao-listener] cport=23201 worker=/its/home/mm2350/extra/Olympusv2/olympus/algorithms/ma_dreamer/worker.py scan=20ms target_cc=astraea single_flow=1 no_state_pipe=1
[sao-listener] cport=23202 worker=/its/home/mm2350/extra/Olympusv2/olympus/algorithms/ma_dreamer/worker.py scan=20ms target_cc=astraea single_flow=1 no_state_pipe=1
[sao-listener] cport=23203 worker=/its/home/mm2350/extra/Olympusv2/olympus/algorithms/ma_dreamer/worker.py scan=20ms target_cc=astraea single_flow=1 no_state_pipe=1
[sao-listener] cport=23204 worker=/its/home/mm2350/extra/Olympusv2/olympus/algorithms/ma_dreamer/worker.py scan=20ms target_cc=astraea single_flow=1 no_state_pipe=1
[sao-listener] new flow 1 10.0.0.1:23300->10.0.0.6:5204 cc=astraea pid=2138173 child=2140678
[sao-listener] single-flow mode: attached worker; stopping ss scans
[sao-listener flow 1] cport=23300 cc=astraea worker active
[multi_ep_plot] saved -> /its/home/mm2350/extra/Olympusv2/benchmarks/benchmark_responsive_fairness/data/ma_dreamer_20260611-175726/5_flows/run19/ep000019_bw96_d15_n5.pdf  return=1294219.8
[ep_plot] ep=19 -> /its/home/mm2350/extra/Olympusv2/benchmarks/benchmark_responsive_fairness/data/ma_dreamer_20260611-175726/5_flows/run19/ep000019_bw96_d15_n5.pdf  return=1294219.75
[orch] ep=19 sum-of-agents return=1294219.8
[responsive_fairness] slot=1 ma_dreamer_20260611-175726 flows=5 run=29
[responsive_fairness] ma_dreamer_20260611-175726 flows=5 run=19 done (119/200)
[slot=1] ep=29  flows=5  bw=80Mbps  delay=19ms  duration=345s  delays=[0.0, 11.2, 22.5, 33.8, 45.0]  lifetimes=[345.0, 333.8, 322.5, 311.2, 300.0]
[worker cport=23300 agent=0] loaded checkpoint step=17958
[worker alg=ma_dreamer reward=tempest_fairness_ma cport=23300 agent=0 group=slot3_ep26 flow=1] started interval=20ms det=1 latent=8x8
[sao-listener] cport=23100 worker=/its/home/mm2350/extra/Olympusv2/olympus/algorithms/ma_dreamer/worker.py scan=20ms target_cc=astraea single_flow=1 no_state_pipe=1
[sao-listener] cport=23101 worker=/its/home/mm2350/extra/Olympusv2/olympus/algorithms/ma_dreamer/worker.py scan=20ms target_cc=astraea single_flow=1 no_state_pipe=1
[sao-listener] cport=23102 worker=/its/home/mm2350/extra/Olympusv2/olympus/algorithms/ma_dreamer/worker.py scan=20ms target_cc=astraea single_flow=1 no_state_pipe=1
[sao-listener] cport=23103 worker=/its/home/mm2350/extra/Olympusv2/olympus/algorithms/ma_dreamer/worker.py scan=20ms target_cc=astraea single_flow=1 no_state_pipe=1
[sao-listener] cport=23104 worker=/its/home/mm2350/extra/Olympusv2/olympus/algorithms/ma_dreamer/worker.py scan=20ms target_cc=astraea single_flow=1 no_state_pipe=1
[sao-listener] new flow 1 10.0.0.1:23700->10.0.0.6:5208 cc=astraea pid=2139821 child=2142704
[sao-listener] single-flow mode: attached worker; stopping ss scans
[sao-listener flow 1] cport=23700 cc=astraea worker active
[multi_ep_plot] saved -> /its/home/mm2350/extra/Olympusv2/benchmarks/benchmark_responsive_fairness/data/ma_dreamer_20260611-175726/5_flows/run20/ep000020_bw97_d29_n5.pdf  return=1213516.8
[ep_plot] ep=20 -> /its/home/mm2350/extra/Olympusv2/benchmarks/benchmark_responsive_fairness/data/ma_dreamer_20260611-175726/5_flows/run20/ep000020_bw97_d29_n5.pdf  return=1213516.84375
[orch] ep=20 sum-of-agents return=1213516.8
[responsive_fairness] slot=0 ma_dreamer_20260611-175726 flows=5 run=30
[responsive_fairness] ma_dreamer_20260611-175726 flows=5 run=20 done (120/200)
[slot=0] ep=30  flows=5  bw=79Mbps  delay=47ms  duration=345s  delays=[0.0, 11.2, 22.5, 33.8, 45.0]  lifetimes=[345.0, 333.8, 322.5, 311.2, 300.0]
[worker cport=23700 agent=0] loaded checkpoint step=17958
[worker alg=ma_dreamer reward=tempest_fairness_ma cport=23700 agent=0 group=slot7_ep27 flow=1] started interval=20ms det=1 latent=8x8
[sao-listener] new flow 1 10.0.0.1:23200->10.0.0.6:5203 cc=astraea pid=2140691 child=2144026
[sao-listener] single-flow mode: attached worker; stopping ss scans
[sao-listener flow 1] cport=23200 cc=astraea worker active
[sao-listener] cport=23000 worker=/its/home/mm2350/extra/Olympusv2/olympus/algorithms/ma_dreamer/worker.py scan=20ms target_cc=astraea single_flow=1 no_state_pipe=1
[sao-listener] cport=23001 worker=/its/home/mm2350/extra/Olympusv2/olympus/algorithms/ma_dreamer/worker.py scan=20ms target_cc=astraea single_flow=1 no_state_pipe=1
[sao-listener] cport=23002 worker=/its/home/mm2350/extra/Olympusv2/olympus/algorithms/ma_dreamer/worker.py scan=20ms target_cc=astraea single_flow=1 no_state_pipe=1
[sao-listener] cport=23003 worker=/its/home/mm2350/extra/Olympusv2/olympus/algorithms/ma_dreamer/worker.py scan=20ms target_cc=astraea single_flow=1 no_state_pipe=1
[sao-listener] cport=23004 worker=/its/home/mm2350/extra/Olympusv2/olympus/algorithms/ma_dreamer/worker.py scan=20ms target_cc=astraea single_flow=1 no_state_pipe=1
[worker cport=23200 agent=0] loaded checkpoint step=17958
[worker alg=ma_dreamer reward=tempest_fairness_ma cport=23200 agent=0 group=slot2_ep28 flow=1] started interval=20ms det=1 latent=8x8
[sao-listener] new flow 1 10.0.0.2:23501->10.0.0.7:5206 cc=astraea pid=2145335 child=2145565
[sao-listener] single-flow mode: attached worker; stopping ss scans
[sao-listener flow 1] cport=23501 cc=astraea worker active
[sao-listener] new flow 1 10.0.0.2:23801->10.0.0.7:5209 cc=astraea pid=2144792 child=2146341
[sao-listener] single-flow mode: attached worker; stopping ss scans
[sao-listener flow 1] cport=23801 cc=astraea worker active
[worker cport=23501 agent=1] loaded checkpoint step=17958
[worker alg=ma_dreamer reward=tempest_fairness_ma cport=23501 agent=1 group=slot5_ep23 flow=1] started interval=20ms det=1 latent=8x8
[sao-listener] new flow 1 10.0.0.1:23100->10.0.0.6:5202 cc=astraea pid=2143027 child=2146922
[sao-listener] single-flow mode: attached worker; stopping ss scans
[sao-listener flow 1] cport=23100 cc=astraea worker active
[orch] link change t=15.0s bw=98 delay=63
[worker cport=23801 agent=1] loaded checkpoint step=17958
[worker alg=ma_dreamer reward=tempest_fairness_ma cport=23801 agent=1 group=slot8_ep21 flow=1] started interval=20ms det=1 latent=8x8
[orch] link change t=15.0s bw=13 delay=88
[sao-listener] new flow 1 10.0.0.2:23901->10.0.0.7:5210 cc=astraea pid=2145885 child=2147542
[sao-listener] single-flow mode: attached worker; stopping ss scans
[sao-listener flow 1] cport=23901 cc=astraea worker active
[orch] link change t=15.0s bw=12 delay=85
[worker cport=23100 agent=0] loaded checkpoint step=17958
[worker alg=ma_dreamer reward=tempest_fairness_ma cport=23100 agent=0 group=slot1_ep29 flow=1] started interval=20ms det=1 latent=8x8
[orch] link change t=15.0s bw=33 delay=37
[worker cport=23901 agent=1] loaded checkpoint step=17958
[worker alg=ma_dreamer reward=tempest_fairness_ma cport=23901 agent=1 group=slot9_ep24 flow=1] started interval=20ms det=1 latent=8x8
[sao-listener] new flow 1 10.0.0.2:23401->10.0.0.7:5205 cc=astraea pid=2144980 child=2148554
[sao-listener] single-flow mode: attached worker; stopping ss scans
[sao-listener flow 1] cport=23401 cc=astraea worker active
[sao-listener] new flow 1 10.0.0.1:23000->10.0.0.6:5201 cc=astraea pid=2144879 child=2148819
[sao-listener] single-flow mode: attached worker; stopping ss scans
[sao-listener flow 1] cport=23000 cc=astraea worker active
[worker cport=23401 agent=1] loaded checkpoint step=17958
[worker alg=ma_dreamer reward=tempest_fairness_ma cport=23401 agent=1 group=slot4_ep22 flow=1] started interval=20ms det=1 latent=8x8
[orch] link change t=15.0s bw=37 delay=49
[worker cport=23000 agent=0] loaded checkpoint step=17958
[worker alg=ma_dreamer reward=tempest_fairness_ma cport=23000 agent=0 group=slot0_ep30 flow=1] started interval=20ms det=1 latent=8x8
[sao-listener] new flow 1 10.0.0.2:23601->10.0.0.7:5207 cc=astraea pid=2146897 child=2150512
[sao-listener] single-flow mode: attached worker; stopping ss scans
[sao-listener flow 1] cport=23601 cc=astraea worker active
[sao-listener] new flow 1 10.0.0.2:23701->10.0.0.7:5208 cc=astraea pid=2149527 child=2150736
[sao-listener] single-flow mode: attached worker; stopping ss scans
[sao-listener flow 1] cport=23701 cc=astraea worker active
[orch] link change t=15.0s bw=36 delay=65
[worker cport=23601 agent=1] loaded checkpoint step=17958
[worker alg=ma_dreamer reward=tempest_fairness_ma cport=23601 agent=1 group=slot6_ep25 flow=1] started interval=20ms det=1 latent=8x8
[worker cport=23701 agent=1] loaded checkpoint step=17958
[worker alg=ma_dreamer reward=tempest_fairness_ma cport=23701 agent=1 group=slot7_ep27 flow=1] started interval=20ms det=1 latent=8x8
[orch] link change t=15.0s bw=99 delay=45
[sao-listener] new flow 1 10.0.0.2:23201->10.0.0.7:5203 cc=astraea pid=2150217 child=2152401
[sao-listener] single-flow mode: attached worker; stopping ss scans
[sao-listener flow 1] cport=23201 cc=astraea worker active
[sao-listener] new flow 1 10.0.0.2:23301->10.0.0.7:5204 cc=astraea pid=2148252 child=2152483
[sao-listener] single-flow mode: attached worker; stopping ss scans
[sao-listener flow 1] cport=23301 cc=astraea worker active
[orch] link change t=15.0s bw=79 delay=86
[worker cport=23301 agent=1] loaded checkpoint step=17958
[worker alg=ma_dreamer reward=tempest_fairness_ma cport=23301 agent=1 group=slot3_ep26 flow=1] started interval=20ms det=1 latent=8x8
[worker cport=23201 agent=1] loaded checkpoint step=17958
[worker alg=ma_dreamer reward=tempest_fairness_ma cport=23201 agent=1 group=slot2_ep28 flow=1] started interval=20ms det=1 latent=8x8
[sao-listener] new flow 1 10.0.0.3:23802->10.0.0.8:5209 cc=astraea pid=2153783 child=2154602
[sao-listener] single-flow mode: attached worker; stopping ss scans
[sao-listener flow 1] cport=23802 cc=astraea worker active
[sao-listener] new flow 1 10.0.0.2:23101->10.0.0.7:5202 cc=astraea pid=2152329 child=2154740
[sao-listener] single-flow mode: attached worker; stopping ss scans
[sao-listener flow 1] cport=23101 cc=astraea worker active
[orch] link change t=15.0s bw=54 delay=86
[worker cport=23802 agent=2] loaded checkpoint step=17958
[worker alg=ma_dreamer reward=tempest_fairness_ma cport=23802 agent=2 group=slot8_ep21 flow=1] started interval=20ms det=1 latent=8x8
[worker cport=23101 agent=1] loaded checkpoint step=17958
[worker alg=ma_dreamer reward=tempest_fairness_ma cport=23101 agent=1 group=slot1_ep29 flow=1] started interval=20ms det=1 latent=8x8
[sao-listener] new flow 1 10.0.0.3:23902->10.0.0.8:5210 cc=astraea pid=2154922 child=2155698
[sao-listener] single-flow mode: attached worker; stopping ss scans
[sao-listener flow 1] cport=23902 cc=astraea worker active
[orch] link change t=15.0s bw=88 delay=13
[worker cport=23902 agent=2] loaded checkpoint step=17958
[worker alg=ma_dreamer reward=tempest_fairness_ma cport=23902 agent=2 group=slot9_ep24 flow=1] started interval=20ms det=1 latent=8x8
[sao-listener] new flow 1 10.0.0.3:23402->10.0.0.8:5205 cc=astraea pid=2153958 child=2156504
[sao-listener] single-flow mode: attached worker; stopping ss scans
[sao-listener flow 1] cport=23402 cc=astraea worker active
[sao-listener] new flow 1 10.0.0.2:23001->10.0.0.7:5201 cc=astraea pid=2153862 child=2156608
[sao-listener] single-flow mode: attached worker; stopping ss scans
[sao-listener flow 1] cport=23001 cc=astraea worker active
[worker cport=23402 agent=2] loaded checkpoint step=17958
[worker alg=ma_dreamer reward=tempest_fairness_ma cport=23402 agent=2 group=slot4_ep22 flow=1] started interval=20ms det=1 latent=8x8
[worker cport=23001 agent=1] loaded checkpoint step=17958
[worker alg=ma_dreamer reward=tempest_fairness_ma cport=23001 agent=1 group=slot0_ep30 flow=1] started interval=20ms det=1 latent=8x8
[sao-listener] new flow 1 10.0.0.3:23502->10.0.0.8:5206 cc=astraea pid=2154298 child=2157605
[sao-listener] single-flow mode: attached worker; stopping ss scans
[sao-listener flow 1] cport=23502 cc=astraea worker active
[sao-listener] new flow 1 10.0.0.3:23602->10.0.0.8:5207 cc=astraea pid=2155984 child=2158056
[sao-listener] single-flow mode: attached worker; stopping ss scans
[sao-listener flow 1] cport=23602 cc=astraea worker active
[worker cport=23502 agent=2] loaded checkpoint step=17958
[worker alg=ma_dreamer reward=tempest_fairness_ma cport=23502 agent=2 group=slot5_ep23 flow=1] started interval=20ms det=1 latent=8x8
[orch] link change t=30.0s bw=91 delay=46
[worker cport=23602 agent=2] loaded checkpoint step=17958
[worker alg=ma_dreamer reward=tempest_fairness_ma cport=23602 agent=2 group=slot6_ep25 flow=1] started interval=20ms det=1 latent=8x8
[orch] link change t=30.0s bw=67 delay=33
[orch] link change t=30.0s bw=49 delay=64
[sao-listener] new flow 1 10.0.0.3:23202->10.0.0.8:5203 cc=astraea pid=2158604 child=2159307
[sao-listener] single-flow mode: attached worker; stopping ss scans
[sao-listener flow 1] cport=23202 cc=astraea worker active
[sao-listener] new flow 1 10.0.0.3:23302->10.0.0.8:5204 cc=astraea pid=2157025 child=2159470
[sao-listener] single-flow mode: attached worker; stopping ss scans
[sao-listener flow 1] cport=23302 cc=astraea worker active
[orch] link change t=30.0s bw=31 delay=34
[worker cport=23202 agent=2] loaded checkpoint step=17958
[worker alg=ma_dreamer reward=tempest_fairness_ma cport=23202 agent=2 group=slot2_ep28 flow=1] started interval=20ms det=1 latent=8x8
[worker cport=23302 agent=2] loaded checkpoint step=17958
[worker alg=ma_dreamer reward=tempest_fairness_ma cport=23302 agent=2 group=slot3_ep26 flow=1] started interval=20ms det=1 latent=8x8
[orch] link change t=30.0s bw=91 delay=70
[sao-listener] new flow 1 10.0.0.3:23702->10.0.0.8:5208 cc=astraea pid=2158036 child=2160976
[sao-listener] single-flow mode: attached worker; stopping ss scans
[sao-listener flow 1] cport=23702 cc=astraea worker active
[sao-listener] new flow 1 10.0.0.3:23102->10.0.0.8:5202 cc=astraea pid=2160271 child=2161155
[sao-listener] single-flow mode: attached worker; stopping ss scans
[sao-listener flow 1] cport=23102 cc=astraea worker active
[orch] link change t=30.0s bw=86 delay=79
[worker cport=23702 agent=2] loaded checkpoint step=17958
[worker alg=ma_dreamer reward=tempest_fairness_ma cport=23702 agent=2 group=slot7_ep27 flow=1] started interval=20ms det=1 latent=8x8
[worker cport=23102 agent=2] loaded checkpoint step=17958
[worker alg=ma_dreamer reward=tempest_fairness_ma cport=23102 agent=2 group=slot1_ep29 flow=1] started interval=20ms det=1 latent=8x8
[orch] link change t=30.0s bw=46 delay=35
[sao-listener] new flow 1 10.0.0.3:23002->10.0.0.8:5201 cc=astraea pid=2161374 child=2162363
[sao-listener] single-flow mode: attached worker; stopping ss scans
[sao-listener flow 1] cport=23002 cc=astraea worker active
[sao-listener] new flow 1 10.0.0.4:23403->10.0.0.9:5205 cc=astraea pid=2161451 child=2162468
[sao-listener] single-flow mode: attached worker; stopping ss scans
[sao-listener flow 1] cport=23403 cc=astraea worker active
[orch] link change t=30.0s bw=32 delay=38
[worker cport=23002 agent=2] loaded checkpoint step=17958
[worker alg=ma_dreamer reward=tempest_fairness_ma cport=23002 agent=2 group=slot0_ep30 flow=1] started interval=20ms det=1 latent=8x8
[worker cport=23403 agent=3] loaded checkpoint step=17958
[worker alg=ma_dreamer reward=tempest_fairness_ma cport=23403 agent=3 group=slot4_ep22 flow=1] started interval=20ms det=1 latent=8x8
[sao-listener] new flow 1 10.0.0.4:23503->10.0.0.9:5206 cc=astraea pid=2161757 child=2163200
[sao-listener] single-flow mode: attached worker; stopping ss scans
[sao-listener flow 1] cport=23503 cc=astraea worker active
[sao-listener] new flow 1 10.0.0.4:23603->10.0.0.9:5207 cc=astraea pid=2162906 child=2163536
[sao-listener] single-flow mode: attached worker; stopping ss scans
[sao-listener flow 1] cport=23603 cc=astraea worker active
[sao-listener] new flow 1 10.0.0.4:23803->10.0.0.9:5209 cc=astraea pid=2161322 child=2163605
[sao-listener] single-flow mode: attached worker; stopping ss scans
[sao-listener flow 1] cport=23803 cc=astraea worker active
[worker cport=23503 agent=3] loaded checkpoint step=17958
[worker alg=ma_dreamer reward=tempest_fairness_ma cport=23503 agent=3 group=slot5_ep23 flow=1] started interval=20ms det=1 latent=8x8
[orch] link change t=30.0s bw=87 delay=46
[worker cport=23603 agent=3] loaded checkpoint step=17958
[worker alg=ma_dreamer reward=tempest_fairness_ma cport=23603 agent=3 group=slot6_ep25 flow=1] started interval=20ms det=1 latent=8x8
[worker cport=23803 agent=3] loaded checkpoint step=17958
[worker alg=ma_dreamer reward=tempest_fairness_ma cport=23803 agent=3 group=slot8_ep21 flow=1] started interval=20ms det=1 latent=8x8
[sao-listener] new flow 1 10.0.0.4:23903->10.0.0.9:5210 cc=astraea pid=2162118 child=2164228
[sao-listener] single-flow mode: attached worker; stopping ss scans
[sao-listener flow 1] cport=23903 cc=astraea worker active
[sao-listener] new flow 1 10.0.0.4:23303->10.0.0.9:5204 cc=astraea pid=2163773 child=2164530
[sao-listener] single-flow mode: attached worker; stopping ss scans
[sao-listener flow 1] cport=23303 cc=astraea worker active
[worker cport=23903 agent=3] loaded checkpoint step=17958
[worker alg=ma_dreamer reward=tempest_fairness_ma cport=23903 agent=3 group=slot9_ep24 flow=1] started interval=20ms det=1 latent=8x8
[orch] link change t=30.0s bw=89 delay=93
[worker cport=23303 agent=3] loaded checkpoint step=17958
[worker alg=ma_dreamer reward=tempest_fairness_ma cport=23303 agent=3 group=slot3_ep26 flow=1] started interval=20ms det=1 latent=8x8
[sao-listener] new flow 1 10.0.0.4:23703->10.0.0.9:5208 cc=astraea pid=2164425 child=2165516
[sao-listener] single-flow mode: attached worker; stopping ss scans
[sao-listener flow 1] cport=23703 cc=astraea worker active
[worker cport=23703 agent=3] loaded checkpoint step=17958
[worker alg=ma_dreamer reward=tempest_fairness_ma cport=23703 agent=3 group=slot7_ep27 flow=1] started interval=20ms det=1 latent=8x8
[orch] link change t=45.0s bw=71 delay=37
[sao-listener] new flow 1 10.0.0.4:23203->10.0.0.9:5203 cc=astraea pid=2164803 child=2166214
[sao-listener] single-flow mode: attached worker; stopping ss scans
[sao-listener flow 1] cport=23203 cc=astraea worker active
[orch] link change t=45.0s bw=99 delay=25
[orch] link change t=45.0s bw=58 delay=77
[worker cport=23203 agent=3] loaded checkpoint step=17958
[worker alg=ma_dreamer reward=tempest_fairness_ma cport=23203 agent=3 group=slot2_ep28 flow=1] started interval=20ms det=1 latent=8x8
[orch] link change t=45.0s bw=31 delay=95
[sao-listener] new flow 1 10.0.0.5:23504->10.0.0.10:5206 cc=astraea pid=2166646 child=2166877
[sao-listener] single-flow mode: attached worker; stopping ss scans
[sao-listener flow 1] cport=23504 cc=astraea worker active
[orch] link change t=45.0s bw=15 delay=42
[worker cport=23504 agent=4] loaded checkpoint step=17958
[worker alg=ma_dreamer reward=tempest_fairness_ma cport=23504 agent=4 group=slot5_ep23 flow=1] started interval=20ms det=1 latent=8x8
[sao-listener] new flow 1 10.0.0.4:23103->10.0.0.9:5202 cc=astraea pid=2165729 child=2167207
[sao-listener] single-flow mode: attached worker; stopping ss scans
[sao-listener flow 1] cport=23103 cc=astraea worker active
[sao-listener] new flow 1 10.0.0.5:23804->10.0.0.10:5209 cc=astraea pid=2166384 child=2167295
[sao-listener] single-flow mode: attached worker; stopping ss scans
[sao-listener flow 1] cport=23804 cc=astraea worker active
[worker cport=23103 agent=3] loaded checkpoint step=17958
[worker alg=ma_dreamer reward=tempest_fairness_ma cport=23103 agent=3 group=slot1_ep29 flow=1] started interval=20ms det=1 latent=8x8
[sao-listener] new flow 1 10.0.0.5:23904->10.0.0.10:5210 cc=astraea pid=2166876 child=2167551
[sao-listener] single-flow mode: attached worker; stopping ss scans
[sao-listener flow 1] cport=23904 cc=astraea worker active
[worker cport=23804 agent=4] loaded checkpoint step=17958
[worker alg=ma_dreamer reward=tempest_fairness_ma cport=23804 agent=4 group=slot8_ep21 flow=1] started interval=20ms det=1 latent=8x8
[orch] link change t=45.0s bw=17 delay=26
[worker cport=23904 agent=4] loaded checkpoint step=17958
[worker alg=ma_dreamer reward=tempest_fairness_ma cport=23904 agent=4 group=slot9_ep24 flow=1] started interval=20ms det=1 latent=8x8
[sao-listener] new flow 1 10.0.0.4:23003->10.0.0.9:5201 cc=astraea pid=2166409 child=2167920
[sao-listener] single-flow mode: attached worker; stopping ss scans
[sao-listener flow 1] cport=23003 cc=astraea worker active
[sao-listener] new flow 1 10.0.0.5:23404->10.0.0.10:5205 cc=astraea pid=2166450 child=2168014
[sao-listener] single-flow mode: attached worker; stopping ss scans
[sao-listener flow 1] cport=23404 cc=astraea worker active
[orch] link change t=45.0s bw=19 delay=18
[worker cport=23003 agent=3] loaded checkpoint step=17958
[worker alg=ma_dreamer reward=tempest_fairness_ma cport=23003 agent=3 group=slot0_ep30 flow=1] started interval=20ms det=1 latent=8x8
[worker cport=23404 agent=4] loaded checkpoint step=17958
[worker alg=ma_dreamer reward=tempest_fairness_ma cport=23404 agent=4 group=slot4_ep22 flow=1] started interval=20ms det=1 latent=8x8
[orch] link change t=45.0s bw=26 delay=91
[sao-listener] new flow 1 10.0.0.5:23704->10.0.0.10:5208 cc=astraea pid=2168309 child=2168430
[sao-listener] single-flow mode: attached worker; stopping ss scans
[sao-listener flow 1] cport=23704 cc=astraea worker active
[sao-listener] new flow 1 10.0.0.5:23604->10.0.0.10:5207 cc=astraea pid=2167410 child=2168513
[sao-listener] single-flow mode: attached worker; stopping ss scans
[sao-listener flow 1] cport=23604 cc=astraea worker active
[worker cport=23704 agent=4] loaded checkpoint step=17958
[worker alg=ma_dreamer reward=tempest_fairness_ma cport=23704 agent=4 group=slot7_ep27 flow=1] started interval=20ms det=1 latent=8x8
[worker cport=23604 agent=4] loaded checkpoint step=17958
[worker alg=ma_dreamer reward=tempest_fairness_ma cport=23604 agent=4 group=slot6_ep25 flow=1] started interval=20ms det=1 latent=8x8
[sao-listener] new flow 1 10.0.0.5:23204->10.0.0.10:5203 cc=astraea pid=2168427 child=2168797
[sao-listener] single-flow mode: attached worker; stopping ss scans
[sao-listener flow 1] cport=23204 cc=astraea worker active
[orch] link change t=45.0s bw=21 delay=75
[sao-listener] new flow 1 10.0.0.5:23304->10.0.0.10:5204 cc=astraea pid=2167894 child=2168863
[sao-listener] single-flow mode: attached worker; stopping ss scans
[sao-listener flow 1] cport=23304 cc=astraea worker active
[worker cport=23204 agent=4] loaded checkpoint step=17958
[worker alg=ma_dreamer reward=tempest_fairness_ma cport=23204 agent=4 group=slot2_ep28 flow=1] started interval=20ms det=1 latent=8x8
[worker cport=23304 agent=4] loaded checkpoint step=17958
[worker alg=ma_dreamer reward=tempest_fairness_ma cport=23304 agent=4 group=slot3_ep26 flow=1] started interval=20ms det=1 latent=8x8
[orch] link change t=45.0s bw=36 delay=42
[sao-listener] new flow 1 10.0.0.5:23104->10.0.0.10:5202 cc=astraea pid=2168934 child=2169159
[sao-listener] single-flow mode: attached worker; stopping ss scans
[sao-listener flow 1] cport=23104 cc=astraea worker active
[worker cport=23104 agent=4] loaded checkpoint step=17958
[worker alg=ma_dreamer reward=tempest_fairness_ma cport=23104 agent=4 group=slot1_ep29 flow=1] started interval=20ms det=1 latent=8x8
[sao-listener] new flow 1 10.0.0.5:23004->10.0.0.10:5201 cc=astraea pid=2169131 child=2169307
[sao-listener] single-flow mode: attached worker; stopping ss scans
[sao-listener flow 1] cport=23004 cc=astraea worker active
[orch] link change t=60.0s bw=70 delay=75
[orch] link change t=60.0s bw=93 delay=54
[worker cport=23004 agent=4] loaded checkpoint step=17958
[worker alg=ma_dreamer reward=tempest_fairness_ma cport=23004 agent=4 group=slot0_ep30 flow=1] started interval=20ms det=1 latent=8x8
[orch] link change t=60.0s bw=55 delay=26
[orch] link change t=60.0s bw=97 delay=21
[orch] link change t=60.0s bw=14 delay=49
[orch] link change t=60.0s bw=71 delay=15
[orch] link change t=60.0s bw=42 delay=79
[orch] link change t=60.0s bw=69 delay=63
[orch] link change t=60.0s bw=54 delay=60
[orch] link change t=60.0s bw=16 delay=60
[orch] link change t=75.0s bw=33 delay=74
[orch] link change t=75.0s bw=20 delay=39
[orch] link change t=75.0s bw=34 delay=44
[orch] link change t=75.0s bw=100 delay=29
[orch] link change t=75.0s bw=82 delay=64
[orch] link change t=75.0s bw=97 delay=89
[orch] link change t=75.0s bw=52 delay=42
[orch] link change t=75.0s bw=36 delay=37
[orch] link change t=75.0s bw=63 delay=12
[orch] link change t=75.0s bw=58 delay=92
[orch] link change t=90.0s bw=77 delay=40
[orch] link change t=90.0s bw=44 delay=16
[orch] link change t=90.0s bw=66 delay=11
[orch] link change t=90.0s bw=100 delay=46
[orch] link change t=90.0s bw=22 delay=85
[orch] link change t=90.0s bw=74 delay=31
[orch] link change t=90.0s bw=57 delay=61
[orch] link change t=90.0s bw=28 delay=60
[orch] link change t=90.0s bw=14 delay=23
[orch] link change t=90.0s bw=27 delay=20
[orch] link change t=105.0s bw=10 delay=11
[orch] link change t=105.0s bw=50 delay=86
[orch] link change t=105.0s bw=38 delay=89
[orch] link change t=105.0s bw=11 delay=66
[orch] link change t=105.0s bw=25 delay=83
[orch] link change t=105.0s bw=91 delay=64
[orch] link change t=105.0s bw=33 delay=41
[orch] link change t=105.0s bw=30 delay=26
[orch] link change t=105.0s bw=66 delay=93
[orch] link change t=105.0s bw=69 delay=10
[orch] link change t=120.0s bw=57 delay=84
[orch] link change t=120.0s bw=32 delay=80
[orch] link change t=120.0s bw=68 delay=13
[orch] link change t=120.0s bw=69 delay=91
[orch] link change t=120.0s bw=97 delay=35
[orch] link change t=120.0s bw=41 delay=62
[orch] link change t=120.0s bw=40 delay=72
[orch] link change t=120.0s bw=87 delay=34
[orch] link change t=120.0s bw=38 delay=54
[orch] link change t=120.0s bw=76 delay=41
[orch] link change t=135.0s bw=64 delay=18
[orch] link change t=135.0s bw=97 delay=65
[orch] link change t=135.0s bw=23 delay=20
[orch] link change t=135.0s bw=24 delay=13
[orch] link change t=135.0s bw=75 delay=89
[orch] link change t=135.0s bw=35 delay=98
[orch] link change t=135.0s bw=19 delay=91
[orch] link change t=135.0s bw=35 delay=13
[orch] link change t=135.0s bw=20 delay=73
[orch] link change t=135.0s bw=13 delay=19
[orch] link change t=150.0s bw=28 delay=39
[orch] link change t=150.0s bw=100 delay=16
[orch] link change t=150.0s bw=100 delay=73
[orch] link change t=150.0s bw=76 delay=31
[orch] link change t=150.0s bw=50 delay=33
[orch] link change t=150.0s bw=13 delay=95
[orch] link change t=150.0s bw=83 delay=93
[orch] link change t=150.0s bw=62 delay=40
[orch] link change t=150.0s bw=52 delay=87
[orch] link change t=150.0s bw=30 delay=86
[orch] link change t=165.0s bw=39 delay=98
[orch] link change t=165.0s bw=83 delay=12
[orch] link change t=165.0s bw=63 delay=12
[orch] link change t=165.0s bw=72 delay=66
[orch] link change t=165.0s bw=80 delay=55
[orch] link change t=165.0s bw=38 delay=28
[orch] link change t=165.0s bw=20 delay=88
[orch] link change t=165.0s bw=18 delay=22
[orch] link change t=165.0s bw=79 delay=63
[orch] link change t=165.0s bw=77 delay=61
[orch] link change t=180.0s bw=15 delay=65
[orch] link change t=180.0s bw=85 delay=43
[orch] link change t=180.0s bw=75 delay=90
[orch] link change t=180.0s bw=97 delay=48
[orch] link change t=180.0s bw=75 delay=70
[orch] link change t=180.0s bw=26 delay=37
[orch] link change t=180.0s bw=64 delay=63
[orch] link change t=180.0s bw=63 delay=50
[orch] link change t=180.0s bw=35 delay=67
[orch] link change t=180.0s bw=93 delay=54
[orch] link change t=195.0s bw=62 delay=88
[orch] link change t=195.0s bw=49 delay=63
[orch] link change t=195.0s bw=65 delay=55
[orch] link change t=195.0s bw=73 delay=20
[orch] link change t=195.0s bw=77 delay=23
[orch] link change t=195.0s bw=86 delay=71
[orch] link change t=195.0s bw=16 delay=94
[orch] link change t=195.0s bw=99 delay=26
[orch] link change t=195.0s bw=31 delay=38
[orch] link change t=195.0s bw=78 delay=18
[orch] link change t=210.0s bw=66 delay=14
[orch] link change t=210.0s bw=34 delay=33
[orch] link change t=210.0s bw=17 delay=36
[orch] link change t=210.0s bw=97 delay=42
[orch] link change t=210.0s bw=91 delay=96
[orch] link change t=210.0s bw=59 delay=56
[orch] link change t=210.0s bw=66 delay=54
[orch] link change t=210.0s bw=32 delay=74
[orch] link change t=210.0s bw=65 delay=62
[orch] link change t=210.0s bw=61 delay=13
[orch] link change t=225.0s bw=52 delay=79
[orch] link change t=225.0s bw=24 delay=84
[orch] link change t=225.0s bw=14 delay=85
[orch] link change t=225.0s bw=88 delay=30
[orch] link change t=225.0s bw=22 delay=86
[orch] link change t=225.0s bw=41 delay=84
[orch] link change t=225.0s bw=11 delay=92
[orch] link change t=225.0s bw=76 delay=98
[orch] link change t=225.0s bw=96 delay=97
[orch] link change t=225.0s bw=41 delay=82
[orch] link change t=240.0s bw=73 delay=98
[orch] link change t=240.0s bw=77 delay=82
[orch] link change t=240.0s bw=57 delay=94
[orch] link change t=240.0s bw=97 delay=51
[orch] link change t=240.0s bw=84 delay=55
[orch] link change t=240.0s bw=13 delay=13
[orch] link change t=240.0s bw=71 delay=42
[orch] link change t=240.0s bw=94 delay=44
[orch] link change t=240.0s bw=82 delay=77
[orch] link change t=240.0s bw=96 delay=45
[orch] link change t=255.0s bw=24 delay=93
[orch] link change t=255.0s bw=17 delay=99
[orch] link change t=255.0s bw=32 delay=89
[orch] link change t=255.0s bw=49 delay=19
[orch] link change t=255.0s bw=63 delay=55
[orch] link change t=255.0s bw=47 delay=79
[orch] link change t=255.0s bw=27 delay=88
[orch] link change t=255.0s bw=88 delay=39
[orch] link change t=255.0s bw=35 delay=79
[orch] link change t=255.0s bw=64 delay=82
[orch] link change t=270.0s bw=57 delay=12
[orch] link change t=270.0s bw=51 delay=88
[orch] link change t=270.0s bw=37 delay=56
[orch] link change t=270.0s bw=79 delay=93
[orch] link change t=270.0s bw=34 delay=96
[orch] link change t=270.0s bw=78 delay=25
[orch] link change t=270.0s bw=53 delay=88
[orch] link change t=270.0s bw=96 delay=67
[orch] link change t=270.0s bw=96 delay=64
[orch] link change t=270.0s bw=22 delay=96
[orch] link change t=285.0s bw=29 delay=21
[orch] link change t=285.0s bw=52 delay=43
[orch] link change t=285.0s bw=82 delay=57
[orch] link change t=285.0s bw=56 delay=94
[orch] link change t=285.0s bw=30 delay=89
[orch] link change t=285.0s bw=75 delay=15
[orch] link change t=285.0s bw=93 delay=39
[orch] link change t=285.0s bw=26 delay=35
[orch] link change t=285.0s bw=48 delay=45
[orch] link change t=285.0s bw=45 delay=91
[orch] link change t=300.0s bw=25 delay=12
[orch] link change t=300.0s bw=33 delay=60
[orch] link change t=300.0s bw=83 delay=46
[orch] link change t=300.0s bw=14 delay=37
[orch] link change t=300.0s bw=68 delay=19
[orch] link change t=300.0s bw=92 delay=10
[orch] link change t=300.0s bw=100 delay=77
[orch] link change t=300.0s bw=11 delay=46
[orch] link change t=300.0s bw=75 delay=38
[orch] link change t=300.0s bw=81 delay=24
[orch] link change t=315.0s bw=68 delay=30
[orch] link change t=315.0s bw=49 delay=93
[orch] link change t=315.0s bw=94 delay=50
[orch] link change t=315.0s bw=50 delay=53
[orch] link change t=315.0s bw=19 delay=61
[orch] link change t=315.0s bw=69 delay=86
[orch] link change t=315.0s bw=28 delay=22
[orch] link change t=315.0s bw=91 delay=96
[orch] link change t=315.0s bw=62 delay=70
[orch] link change t=315.0s bw=88 delay=73
[orch] link change t=330.0s bw=80 delay=53
[orch] link change t=330.0s bw=75 delay=28
[orch] link change t=330.0s bw=83 delay=20
[orch] link change t=330.0s bw=18 delay=49
[orch] link change t=330.0s bw=82 delay=18
[orch] link change t=330.0s bw=94 delay=81
[orch] link change t=330.0s bw=60 delay=48
[orch] link change t=330.0s bw=43 delay=20
[orch] link change t=330.0s bw=76 delay=28
[orch] link change t=330.0s bw=49 delay=26
[multi_ep_plot] saved -> /its/home/mm2350/extra/Olympusv2/benchmarks/benchmark_responsive_fairness/data/ma_dreamer_20260611-175726/5_flows/run21/ep000021_bw31_d63_n5.pdf  return=1100248.6
[ep_plot] ep=21 -> /its/home/mm2350/extra/Olympusv2/benchmarks/benchmark_responsive_fairness/data/ma_dreamer_20260611-175726/5_flows/run21/ep000021_bw31_d63_n5.pdf  return=1100248.625
[orch] ep=21 sum-of-agents return=1100248.6
[responsive_fairness] slot=8 ma_dreamer_20260611-175726 flows=5 run=31
[responsive_fairness] ma_dreamer_20260611-175726 flows=5 run=21 done (121/200)
[slot=8] ep=31  flows=5  bw=11Mbps  delay=70ms  duration=345s  delays=[0.0, 11.2, 22.5, 33.8, 45.0]  lifetimes=[345.0, 333.8, 322.5, 311.2, 300.0]
[multi_ep_plot] saved -> /its/home/mm2350/extra/Olympusv2/benchmarks/benchmark_responsive_fairness/data/ma_dreamer_20260611-175726/5_flows/run22/ep000022_bw27_d41_n5.pdf  return=1252212.7
[ep_plot] ep=22 -> /its/home/mm2350/extra/Olympusv2/benchmarks/benchmark_responsive_fairness/data/ma_dreamer_20260611-175726/5_flows/run22/ep000022_bw27_d41_n5.pdf  return=1252212.6875
[orch] ep=22 sum-of-agents return=1252212.7
[responsive_fairness] slot=4 ma_dreamer_20260611-175726 flows=5 run=32
[responsive_fairness] ma_dreamer_20260611-175726 flows=5 run=22 done (122/200)
[slot=4] ep=32  flows=5  bw=19Mbps  delay=37ms  duration=345s  delays=[0.0, 11.2, 22.5, 33.8, 45.0]  lifetimes=[345.0, 333.8, 322.5, 311.2, 300.0]
[multi_ep_plot] saved -> /its/home/mm2350/extra/Olympusv2/benchmarks/benchmark_responsive_fairness/data/ma_dreamer_20260611-175726/5_flows/run23/ep000023_bw47_d20_n5.pdf  return=1154808.4
[ep_plot] ep=23 -> /its/home/mm2350/extra/Olympusv2/benchmarks/benchmark_responsive_fairness/data/ma_dreamer_20260611-175726/5_flows/run23/ep000023_bw47_d20_n5.pdf  return=1154808.4375
[orch] ep=23 sum-of-agents return=1154808.4
[responsive_fairness] slot=5 ma_dreamer_20260611-175726 flows=5 run=33
[responsive_fairness] ma_dreamer_20260611-175726 flows=5 run=23 done (123/200)
[slot=5] ep=33  flows=5  bw=83Mbps  delay=31ms  duration=345s  delays=[0.0, 11.2, 22.5, 33.8, 45.0]  lifetimes=[345.0, 333.8, 322.5, 311.2, 300.0]
[sao-listener] cport=23800 worker=/its/home/mm2350/extra/Olympusv2/olympus/algorithms/ma_dreamer/worker.py scan=20ms target_cc=astraea single_flow=1 no_state_pipe=1
[sao-listener] cport=23801 worker=/its/home/mm2350/extra/Olympusv2/olympus/algorithms/ma_dreamer/worker.py scan=20ms target_cc=astraea single_flow=1 no_state_pipe=1
[sao-listener] cport=23802 worker=/its/home/mm2350/extra/Olympusv2/olympus/algorithms/ma_dreamer/worker.py scan=20ms target_cc=astraea single_flow=1 no_state_pipe=1
[sao-listener] cport=23803 worker=/its/home/mm2350/extra/Olympusv2/olympus/algorithms/ma_dreamer/worker.py scan=20ms target_cc=astraea single_flow=1 no_state_pipe=1
[sao-listener] cport=23804 worker=/its/home/mm2350/extra/Olympusv2/olympus/algorithms/ma_dreamer/worker.py scan=20ms target_cc=astraea single_flow=1 no_state_pipe=1
[sao-listener] cport=23400 worker=/its/home/mm2350/extra/Olympusv2/olympus/algorithms/ma_dreamer/worker.py scan=20ms target_cc=astraea single_flow=1 no_state_pipe=1
[sao-listener] cport=23401 worker=/its/home/mm2350/extra/Olympusv2/olympus/algorithms/ma_dreamer/worker.py scan=20ms target_cc=astraea single_flow=1 no_state_pipe=1
[sao-listener] cport=23402 worker=/its/home/mm2350/extra/Olympusv2/olympus/algorithms/ma_dreamer/worker.py scan=20ms target_cc=astraea single_flow=1 no_state_pipe=1
[sao-listener] cport=23403 worker=/its/home/mm2350/extra/Olympusv2/olympus/algorithms/ma_dreamer/worker.py scan=20ms target_cc=astraea single_flow=1 no_state_pipe=1
[sao-listener] cport=23404 worker=/its/home/mm2350/extra/Olympusv2/olympus/algorithms/ma_dreamer/worker.py scan=20ms target_cc=astraea single_flow=1 no_state_pipe=1
[multi_ep_plot] saved -> /its/home/mm2350/extra/Olympusv2/benchmarks/benchmark_responsive_fairness/data/ma_dreamer_20260611-175726/5_flows/run24/ep000024_bw59_d84_n5.pdf  return=1268339.5
[ep_plot] ep=24 -> /its/home/mm2350/extra/Olympusv2/benchmarks/benchmark_responsive_fairness/data/ma_dreamer_20260611-175726/5_flows/run24/ep000024_bw59_d84_n5.pdf  return=1268339.53125
[orch] ep=24 sum-of-agents return=1268339.5
[responsive_fairness] slot=9 ma_dreamer_20260611-175726 flows=5 run=34
[responsive_fairness] ma_dreamer_20260611-175726 flows=5 run=24 done (124/200)
[slot=9] ep=34  flows=5  bw=77Mbps  delay=55ms  duration=345s  delays=[0.0, 11.2, 22.5, 33.8, 45.0]  lifetimes=[345.0, 333.8, 322.5, 311.2, 300.0]
[sao-listener] cport=23500 worker=/its/home/mm2350/extra/Olympusv2/olympus/algorithms/ma_dreamer/worker.py scan=20ms target_cc=astraea single_flow=1 no_state_pipe=1
[sao-listener] cport=23501 worker=/its/home/mm2350/extra/Olympusv2/olympus/algorithms/ma_dreamer/worker.py scan=20ms target_cc=astraea single_flow=1 no_state_pipe=1
[sao-listener] cport=23502 worker=/its/home/mm2350/extra/Olympusv2/olympus/algorithms/ma_dreamer/worker.py scan=20ms target_cc=astraea single_flow=1 no_state_pipe=1
[sao-listener] cport=23503 worker=/its/home/mm2350/extra/Olympusv2/olympus/algorithms/ma_dreamer/worker.py scan=20ms target_cc=astraea single_flow=1 no_state_pipe=1
[sao-listener] cport=23504 worker=/its/home/mm2350/extra/Olympusv2/olympus/algorithms/ma_dreamer/worker.py scan=20ms target_cc=astraea single_flow=1 no_state_pipe=1
[sao-listener] cport=23900 worker=/its/home/mm2350/extra/Olympusv2/olympus/algorithms/ma_dreamer/worker.py scan=20ms target_cc=astraea single_flow=1 no_state_pipe=1
[sao-listener] cport=23901 worker=/its/home/mm2350/extra/Olympusv2/olympus/algorithms/ma_dreamer/worker.py scan=20ms target_cc=astraea single_flow=1 no_state_pipe=1
[sao-listener] cport=23902 worker=/its/home/mm2350/extra/Olympusv2/olympus/algorithms/ma_dreamer/worker.py scan=20ms target_cc=astraea single_flow=1 no_state_pipe=1
[sao-listener] cport=23903 worker=/its/home/mm2350/extra/Olympusv2/olympus/algorithms/ma_dreamer/worker.py scan=20ms target_cc=astraea single_flow=1 no_state_pipe=1
[sao-listener] cport=23904 worker=/its/home/mm2350/extra/Olympusv2/olympus/algorithms/ma_dreamer/worker.py scan=20ms target_cc=astraea single_flow=1 no_state_pipe=1
[sao-listener] new flow 1 10.0.0.1:23800->10.0.0.6:5209 cc=astraea pid=2173550 child=2174714
[sao-listener] single-flow mode: attached worker; stopping ss scans
[sao-listener flow 1] cport=23800 cc=astraea worker active
[multi_ep_plot] saved -> /its/home/mm2350/extra/Olympusv2/benchmarks/benchmark_responsive_fairness/data/ma_dreamer_20260611-175726/5_flows/run25/ep000025_bw58_d11_n5.pdf  return=1266220.0
[ep_plot] ep=25 -> /its/home/mm2350/extra/Olympusv2/benchmarks/benchmark_responsive_fairness/data/ma_dreamer_20260611-175726/5_flows/run25/ep000025_bw58_d11_n5.pdf  return=1266220.015625
[orch] ep=25 sum-of-agents return=1266220.0
[responsive_fairness] slot=6 ma_dreamer_20260611-175726 flows=5 run=35
[responsive_fairness] ma_dreamer_20260611-175726 flows=5 run=25 done (125/200)
[slot=6] ep=35  flows=5  bw=80Mbps  delay=52ms  duration=345s  delays=[0.0, 11.2, 22.5, 33.8, 45.0]  lifetimes=[345.0, 333.8, 322.5, 311.2, 300.0]
[sao-listener] new flow 1 10.0.0.1:23400->10.0.0.6:5205 cc=astraea pid=2174072 child=2174975
[sao-listener] single-flow mode: attached worker; stopping ss scans
[sao-listener flow 1] cport=23400 cc=astraea worker active
[worker cport=23800 agent=0] loaded checkpoint step=17958
[worker alg=ma_dreamer reward=tempest_fairness_ma cport=23800 agent=0 group=slot8_ep31 flow=1] started interval=20ms det=1 latent=8x8
[sao-listener] new flow 1 10.0.0.1:23500->10.0.0.6:5206 cc=astraea pid=2174451 child=2175852
[sao-listener] single-flow mode: attached worker; stopping ss scans
[sao-listener flow 1] cport=23500 cc=astraea worker active
[sao-listener] cport=23600 worker=/its/home/mm2350/extra/Olympusv2/olympus/algorithms/ma_dreamer/worker.py scan=20ms target_cc=astraea single_flow=1 no_state_pipe=1
[sao-listener] cport=23601 worker=/its/home/mm2350/extra/Olympusv2/olympus/algorithms/ma_dreamer/worker.py scan=20ms target_cc=astraea single_flow=1 no_state_pipe=1
[sao-listener] cport=23602 worker=/its/home/mm2350/extra/Olympusv2/olympus/algorithms/ma_dreamer/worker.py scan=20ms target_cc=astraea single_flow=1 no_state_pipe=1
[sao-listener] cport=23603 worker=/its/home/mm2350/extra/Olympusv2/olympus/algorithms/ma_dreamer/worker.py scan=20ms target_cc=astraea single_flow=1 no_state_pipe=1
[sao-listener] cport=23604 worker=/its/home/mm2350/extra/Olympusv2/olympus/algorithms/ma_dreamer/worker.py scan=20ms target_cc=astraea single_flow=1 no_state_pipe=1
[worker cport=23400 agent=0] loaded checkpoint step=17958
[worker alg=ma_dreamer reward=tempest_fairness_ma cport=23400 agent=0 group=slot4_ep32 flow=1] started interval=20ms det=1 latent=8x8
[worker cport=23500 agent=0] loaded checkpoint step=17958
[worker alg=ma_dreamer reward=tempest_fairness_ma cport=23500 agent=0 group=slot5_ep33 flow=1] started interval=20ms det=1 latent=8x8
[multi_ep_plot] saved -> /its/home/mm2350/extra/Olympusv2/benchmarks/benchmark_responsive_fairness/data/ma_dreamer_20260611-175726/5_flows/run26/ep000026_bw35_d94_n5.pdf  return=1177716.6
[ep_plot] ep=26 -> /its/home/mm2350/extra/Olympusv2/benchmarks/benchmark_responsive_fairness/data/ma_dreamer_20260611-175726/5_flows/run26/ep000026_bw35_d94_n5.pdf  return=1177716.640625
[orch] ep=26 sum-of-agents return=1177716.6
[responsive_fairness] slot=3 ma_dreamer_20260611-175726 flows=5 run=36
[responsive_fairness] ma_dreamer_20260611-175726 flows=5 run=26 done (126/200)
[slot=3] ep=36  flows=5  bw=52Mbps  delay=17ms  duration=345s  delays=[0.0, 11.2, 22.5, 33.8, 45.0]  lifetimes=[345.0, 333.8, 322.5, 311.2, 300.0]
[sao-listener] new flow 1 10.0.0.1:23900->10.0.0.6:5210 cc=astraea pid=2174893 child=2176965
[sao-listener flow 1] cport=23900 cc=astraea worker active
[sao-listener] single-flow mode: attached worker; stopping ss scans
[sao-listener] cport=23300 worker=/its/home/mm2350/extra/Olympusv2/olympus/algorithms/ma_dreamer/worker.py scan=20ms target_cc=astraea single_flow=1 no_state_pipe=1
[sao-listener] cport=23301 worker=/its/home/mm2350/extra/Olympusv2/olympus/algorithms/ma_dreamer/worker.py scan=20ms target_cc=astraea single_flow=1 no_state_pipe=1
[sao-listener] cport=23302 worker=/its/home/mm2350/extra/Olympusv2/olympus/algorithms/ma_dreamer/worker.py scan=20ms target_cc=astraea single_flow=1 no_state_pipe=1
[sao-listener] cport=23303 worker=/its/home/mm2350/extra/Olympusv2/olympus/algorithms/ma_dreamer/worker.py scan=20ms target_cc=astraea single_flow=1 no_state_pipe=1
[sao-listener] cport=23304 worker=/its/home/mm2350/extra/Olympusv2/olympus/algorithms/ma_dreamer/worker.py scan=20ms target_cc=astraea single_flow=1 no_state_pipe=1
[worker cport=23900 agent=0] loaded checkpoint step=17958
[worker alg=ma_dreamer reward=tempest_fairness_ma cport=23900 agent=0 group=slot9_ep34 flow=1] started interval=20ms det=1 latent=8x8
[multi_ep_plot] saved -> /its/home/mm2350/extra/Olympusv2/benchmarks/benchmark_responsive_fairness/data/ma_dreamer_20260611-175726/5_flows/run27/ep000027_bw93_d71_n5.pdf  return=1131115.3
[ep_plot] ep=27 -> /its/home/mm2350/extra/Olympusv2/benchmarks/benchmark_responsive_fairness/data/ma_dreamer_20260611-175726/5_flows/run27/ep000027_bw93_d71_n5.pdf  return=1131115.3125
[orch] ep=27 sum-of-agents return=1131115.3
[responsive_fairness] slot=7 ma_dreamer_20260611-175726 flows=5 run=37
[responsive_fairness] ma_dreamer_20260611-175726 flows=5 run=27 done (127/200)
[slot=7] ep=37  flows=5  bw=97Mbps  delay=87ms  duration=345s  delays=[0.0, 11.2, 22.5, 33.8, 45.0]  lifetimes=[345.0, 333.8, 322.5, 311.2, 300.0]
[sao-listener] new flow 1 10.0.0.1:23600->10.0.0.6:5207 cc=astraea pid=2176617 child=2178615
[sao-listener] single-flow mode: attached worker; stopping ss scans
[sao-listener flow 1] cport=23600 cc=astraea worker active
[sao-listener] cport=23700 worker=/its/home/mm2350/extra/Olympusv2/olympus/algorithms/ma_dreamer/worker.py scan=20ms target_cc=astraea single_flow=1 no_state_pipe=1
[sao-listener] cport=23701 worker=/its/home/mm2350/extra/Olympusv2/olympus/algorithms/ma_dreamer/worker.py scan=20ms target_cc=astraea single_flow=1 no_state_pipe=1
[sao-listener] cport=23702 worker=/its/home/mm2350/extra/Olympusv2/olympus/algorithms/ma_dreamer/worker.py scan=20ms target_cc=astraea single_flow=1 no_state_pipe=1
[sao-listener] cport=23703 worker=/its/home/mm2350/extra/Olympusv2/olympus/algorithms/ma_dreamer/worker.py scan=20ms target_cc=astraea single_flow=1 no_state_pipe=1
[sao-listener] cport=23704 worker=/its/home/mm2350/extra/Olympusv2/olympus/algorithms/ma_dreamer/worker.py scan=20ms target_cc=astraea single_flow=1 no_state_pipe=1
[multi_ep_plot] saved -> /its/home/mm2350/extra/Olympusv2/benchmarks/benchmark_responsive_fairness/data/ma_dreamer_20260611-175726/5_flows/run28/ep000028_bw24_d26_n5.pdf  return=1282252.3
[ep_plot] ep=28 -> /its/home/mm2350/extra/Olympusv2/benchmarks/benchmark_responsive_fairness/data/ma_dreamer_20260611-175726/5_flows/run28/ep000028_bw24_d26_n5.pdf  return=1282252.328125
[orch] ep=28 sum-of-agents return=1282252.3
[responsive_fairness] slot=2 ma_dreamer_20260611-175726 flows=5 run=38
[responsive_fairness] ma_dreamer_20260611-175726 flows=5 run=28 done (128/200)
[slot=2] ep=38  flows=5  bw=91Mbps  delay=63ms  duration=345s  delays=[0.0, 11.2, 22.5, 33.8, 45.0]  lifetimes=[345.0, 333.8, 322.5, 311.2, 300.0]
[worker cport=23600 agent=0] loaded checkpoint step=17958
[worker alg=ma_dreamer reward=tempest_fairness_ma cport=23600 agent=0 group=slot6_ep35 flow=1] started interval=20ms det=1 latent=8x8
[sao-listener] cport=23200 worker=/its/home/mm2350/extra/Olympusv2/olympus/algorithms/ma_dreamer/worker.py scan=20ms target_cc=astraea single_flow=1 no_state_pipe=1
[sao-listener] cport=23201 worker=/its/home/mm2350/extra/Olympusv2/olympus/algorithms/ma_dreamer/worker.py scan=20ms target_cc=astraea single_flow=1 no_state_pipe=1
[sao-listener] cport=23202 worker=/its/home/mm2350/extra/Olympusv2/olympus/algorithms/ma_dreamer/worker.py scan=20ms target_cc=astraea single_flow=1 no_state_pipe=1
[sao-listener] cport=23203 worker=/its/home/mm2350/extra/Olympusv2/olympus/algorithms/ma_dreamer/worker.py scan=20ms target_cc=astraea single_flow=1 no_state_pipe=1
[sao-listener] cport=23204 worker=/its/home/mm2350/extra/Olympusv2/olympus/algorithms/ma_dreamer/worker.py scan=20ms target_cc=astraea single_flow=1 no_state_pipe=1
[sao-listener] new flow 1 10.0.0.1:23300->10.0.0.6:5204 cc=astraea pid=2178294 child=2180983
[sao-listener] single-flow mode: attached worker; stopping ss scans
[sao-listener flow 1] cport=23300 cc=astraea worker active
[worker cport=23300 agent=0] loaded checkpoint step=17958
[worker alg=ma_dreamer reward=tempest_fairness_ma cport=23300 agent=0 group=slot3_ep36 flow=1] started interval=20ms det=1 latent=8x8
[multi_ep_plot] saved -> /its/home/mm2350/extra/Olympusv2/benchmarks/benchmark_responsive_fairness/data/ma_dreamer_20260611-175726/5_flows/run29/ep000029_bw80_d19_n5.pdf  return=1287093.3
[ep_plot] ep=29 -> /its/home/mm2350/extra/Olympusv2/benchmarks/benchmark_responsive_fairness/data/ma_dreamer_20260611-175726/5_flows/run29/ep000029_bw80_d19_n5.pdf  return=1287093.328125
[orch] ep=29 sum-of-agents return=1287093.3
[responsive_fairness] slot=1 ma_dreamer_20260611-175726 flows=5 run=39
[responsive_fairness] ma_dreamer_20260611-175726 flows=5 run=29 done (129/200)
[slot=1] ep=39  flows=5  bw=36Mbps  delay=43ms  duration=345s  delays=[0.0, 11.2, 22.5, 33.8, 45.0]  lifetimes=[345.0, 333.8, 322.5, 311.2, 300.0]
[sao-listener] new flow 1 10.0.0.1:23700->10.0.0.6:5208 cc=astraea pid=2179838 child=2182387
[sao-listener] single-flow mode: attached worker; stopping ss scans
[sao-listener flow 1] cport=23700 cc=astraea worker active
[sao-listener] cport=23100 worker=/its/home/mm2350/extra/Olympusv2/olympus/algorithms/ma_dreamer/worker.py scan=20ms target_cc=astraea single_flow=1 no_state_pipe=1
[sao-listener] cport=23101 worker=/its/home/mm2350/extra/Olympusv2/olympus/algorithms/ma_dreamer/worker.py scan=20ms target_cc=astraea single_flow=1 no_state_pipe=1
[sao-listener] cport=23102 worker=/its/home/mm2350/extra/Olympusv2/olympus/algorithms/ma_dreamer/worker.py scan=20ms target_cc=astraea single_flow=1 no_state_pipe=1
[sao-listener] cport=23103 worker=/its/home/mm2350/extra/Olympusv2/olympus/algorithms/ma_dreamer/worker.py scan=20ms target_cc=astraea single_flow=1 no_state_pipe=1
[sao-listener] cport=23104 worker=/its/home/mm2350/extra/Olympusv2/olympus/algorithms/ma_dreamer/worker.py scan=20ms target_cc=astraea single_flow=1 no_state_pipe=1
[worker cport=23700 agent=0] loaded checkpoint step=17958
[worker alg=ma_dreamer reward=tempest_fairness_ma cport=23700 agent=0 group=slot7_ep37 flow=1] started interval=20ms det=1 latent=8x8
[multi_ep_plot] saved -> /its/home/mm2350/extra/Olympusv2/benchmarks/benchmark_responsive_fairness/data/ma_dreamer_20260611-175726/5_flows/run30/ep000030_bw79_d47_n5.pdf  return=1181381.7
[ep_plot] ep=30 -> /its/home/mm2350/extra/Olympusv2/benchmarks/benchmark_responsive_fairness/data/ma_dreamer_20260611-175726/5_flows/run30/ep000030_bw79_d47_n5.pdf  return=1181381.65625
[orch] ep=30 sum-of-agents return=1181381.7
[sao-listener] new flow 1 10.0.0.1:23200->10.0.0.6:5203 cc=astraea pid=2180989 child=2184074
[sao-listener] single-flow mode: attached worker; stopping ss scans
[sao-listener flow 1] cport=23200 cc=astraea worker active
[responsive_fairness] slot=0 ma_dreamer_20260611-175726 flows=5 run=40
[responsive_fairness] ma_dreamer_20260611-175726 flows=5 run=30 done (130/200)
[slot=0] ep=40  flows=5  bw=68Mbps  delay=84ms  duration=345s  delays=[0.0, 11.2, 22.5, 33.8, 45.0]  lifetimes=[345.0, 333.8, 322.5, 311.2, 300.0]
[sao-listener] cport=23000 worker=/its/home/mm2350/extra/Olympusv2/olympus/algorithms/ma_dreamer/worker.py scan=20ms target_cc=astraea single_flow=1 no_state_pipe=1
[sao-listener] cport=23001 worker=/its/home/mm2350/extra/Olympusv2/olympus/algorithms/ma_dreamer/worker.py scan=20ms target_cc=astraea single_flow=1 no_state_pipe=1
[worker cport=23200 agent=0] loaded checkpoint step=17958
[worker alg=ma_dreamer reward=tempest_fairness_ma cport=23200 agent=0 group=slot2_ep38 flow=1] started interval=20ms det=1 latent=8x8
[sao-listener] cport=23002 worker=/its/home/mm2350/extra/Olympusv2/olympus/algorithms/ma_dreamer/worker.py scan=20ms target_cc=astraea single_flow=1 no_state_pipe=1
[sao-listener] cport=23003 worker=/its/home/mm2350/extra/Olympusv2/olympus/algorithms/ma_dreamer/worker.py scan=20ms target_cc=astraea single_flow=1 no_state_pipe=1
[sao-listener] cport=23004 worker=/its/home/mm2350/extra/Olympusv2/olympus/algorithms/ma_dreamer/worker.py scan=20ms target_cc=astraea single_flow=1 no_state_pipe=1
[orch] link change t=15.0s bw=24 delay=60
[orch] link change t=15.0s bw=28 delay=48
[sao-listener] new flow 1 10.0.0.2:23901->10.0.0.7:5210 cc=astraea pid=2185652 child=2187357
[sao-listener] single-flow mode: attached worker; stopping ss scans
[sao-listener flow 1] cport=23901 cc=astraea worker active
[sao-listener] new flow 1 10.0.0.1:23100->10.0.0.6:5202 cc=astraea pid=2183705 child=2187431
[sao-listener] single-flow mode: attached worker; stopping ss scans
[sao-listener flow 1] cport=23100 cc=astraea worker active
[orch] link change t=15.0s bw=90 delay=39
[orch] link change t=15.0s bw=84 delay=13
[sao-listener] new flow 1 10.0.0.2:23801->10.0.0.7:5209 cc=astraea pid=2184277 child=2187942
[sao-listener] single-flow mode: attached worker; stopping ss scans
[sao-listener flow 1] cport=23801 cc=astraea worker active
[sao-listener] new flow 1 10.0.0.2:23301->10.0.0.7:5204 cc=astraea pid=2188174 child=2188278
[sao-listener] single-flow mode: attached worker; stopping ss scans
[sao-listener flow 1] cport=23301 cc=astraea worker active
[worker cport=23901 agent=1] loaded checkpoint step=17958
[worker alg=ma_dreamer reward=tempest_fairness_ma cport=23901 agent=1 group=slot9_ep34 flow=1] started interval=20ms det=1 latent=8x8
[worker cport=23100 agent=0] loaded checkpoint step=17958
[worker alg=ma_dreamer reward=tempest_fairness_ma cport=23100 agent=0 group=slot1_ep39 flow=1] started interval=20ms det=1 latent=8x8
[sao-listener] new flow 1 10.0.0.2:23401->10.0.0.7:5205 cc=astraea pid=2184637 child=2188667
[sao-listener] single-flow mode: attached worker; stopping ss scans
[sao-listener flow 1] cport=23401 cc=astraea worker active
[worker cport=23801 agent=1] loaded checkpoint step=17958
[worker alg=ma_dreamer reward=tempest_fairness_ma cport=23801 agent=1 group=slot8_ep31 flow=1] started interval=20ms det=1 latent=8x8
[sao-listener] new flow 1 10.0.0.2:23501->10.0.0.7:5206 cc=astraea pid=2185016 child=2189194
[sao-listener] single-flow mode: attached worker; stopping ss scans
[sao-listener flow 1] cport=23501 cc=astraea worker active
[worker cport=23301 agent=1] loaded checkpoint step=17958
[worker alg=ma_dreamer reward=tempest_fairness_ma cport=23301 agent=1 group=slot3_ep36 flow=1] started interval=20ms det=1 latent=8x8
[orch] link change t=15.0s bw=26 delay=53
[sao-listener] new flow 1 10.0.0.1:23000->10.0.0.6:5201 cc=astraea pid=2185817 child=2189699
[sao-listener] single-flow mode: attached worker; stopping ss scans
[sao-listener flow 1] cport=23000 cc=astraea worker active
[worker cport=23401 agent=1] loaded checkpoint step=17958
[worker alg=ma_dreamer reward=tempest_fairness_ma cport=23401 agent=1 group=slot4_ep32 flow=1] started interval=20ms det=1 latent=8x8
[sao-listener] new flow 1 10.0.0.2:23601->10.0.0.7:5207 cc=astraea pid=2186749 child=2189967
[sao-listener] single-flow mode: attached worker; stopping ss scans
[sao-listener flow 1] cport=23601 cc=astraea worker active
[worker cport=23501 agent=1] loaded checkpoint step=17958
[worker alg=ma_dreamer reward=tempest_fairness_ma cport=23501 agent=1 group=slot5_ep33 flow=1] started interval=20ms det=1 latent=8x8
[worker cport=23000 agent=0] loaded checkpoint step=17958
[worker alg=ma_dreamer reward=tempest_fairness_ma cport=23000 agent=0 group=slot0_ep40 flow=1] started interval=20ms det=1 latent=8x8
[sao-listener] new flow 1 10.0.0.2:23701->10.0.0.7:5208 cc=astraea pid=2189676 child=2190767
[sao-listener] single-flow mode: attached worker; stopping ss scans
[sao-listener flow 1] cport=23701 cc=astraea worker active
[worker cport=23601 agent=1] loaded checkpoint step=17958
[worker alg=ma_dreamer reward=tempest_fairness_ma cport=23601 agent=1 group=slot6_ep35 flow=1] started interval=20ms det=1 latent=8x8
[orch] link change t=15.0s bw=12 delay=46
[worker cport=23701 agent=1] loaded checkpoint step=17958
[worker alg=ma_dreamer reward=tempest_fairness_ma cport=23701 agent=1 group=slot7_ep37 flow=1] started interval=20ms det=1 latent=8x8
[orch] link change t=15.0s bw=21 delay=89
[sao-listener] new flow 1 10.0.0.2:23201->10.0.0.7:5203 cc=astraea pid=2190670 child=2192784
[sao-listener] single-flow mode: attached worker; stopping ss scans
[sao-listener flow 1] cport=23201 cc=astraea worker active
[orch] link change t=15.0s bw=64 delay=23
[worker cport=23201 agent=1] loaded checkpoint step=17958
[worker alg=ma_dreamer reward=tempest_fairness_ma cport=23201 agent=1 group=slot2_ep38 flow=1] started interval=20ms det=1 latent=8x8
[sao-listener] new flow 1 10.0.0.2:23101->10.0.0.7:5202 cc=astraea pid=2193053 child=2195226
[sao-listener] single-flow mode: attached worker; stopping ss scans
[sao-listener flow 1] cport=23101 cc=astraea worker active
[orch] link change t=15.0s bw=59 delay=13
[sao-listener] new flow 1 10.0.0.3:23902->10.0.0.8:5210 cc=astraea pid=2194547 child=2195373
[sao-listener] single-flow mode: attached worker; stopping ss scans
[sao-listener flow 1] cport=23902 cc=astraea worker active
[worker cport=23101 agent=1] loaded checkpoint step=17958
[worker alg=ma_dreamer reward=tempest_fairness_ma cport=23101 agent=1 group=slot1_ep39 flow=1] started interval=20ms det=1 latent=8x8
[sao-listener] new flow 1 10.0.0.3:23802->10.0.0.8:5209 cc=astraea pid=2193615 child=2196090
[sao-listener] single-flow mode: attached worker; stopping ss scans
[sao-listener flow 1] cport=23802 cc=astraea worker active
[worker cport=23902 agent=2] loaded checkpoint step=17958
[worker alg=ma_dreamer reward=tempest_fairness_ma cport=23902 agent=2 group=slot9_ep34 flow=1] started interval=20ms det=1 latent=8x8
[sao-listener] new flow 1 10.0.0.3:23402->10.0.0.8:5205 cc=astraea pid=2193934 child=2196452
[sao-listener] single-flow mode: attached worker; stopping ss scans
[sao-listener flow 1] cport=23402 cc=astraea worker active
[sao-listener] new flow 1 10.0.0.3:23502->10.0.0.8:5206 cc=astraea pid=2194123 child=2196887
[sao-listener] single-flow mode: attached worker; stopping ss scans
[sao-listener flow 1] cport=23502 cc=astraea worker active
[worker cport=23802 agent=2] loaded checkpoint step=17958
[worker alg=ma_dreamer reward=tempest_fairness_ma cport=23802 agent=2 group=slot8_ep31 flow=1] started interval=20ms det=1 latent=8x8
[orch] link change t=15.0s bw=77 delay=14
[worker cport=23402 agent=2] loaded checkpoint step=17958
[worker alg=ma_dreamer reward=tempest_fairness_ma cport=23402 agent=2 group=slot4_ep32 flow=1] started interval=20ms det=1 latent=8x8
[sao-listener] new flow 1 10.0.0.2:23001->10.0.0.7:5201 cc=astraea pid=2194715 child=2197322
[sao-listener] single-flow mode: attached worker; stopping ss scans
[sao-listener flow 1] cport=23001 cc=astraea worker active
[sao-listener] new flow 1 10.0.0.3:23602->10.0.0.8:5207 cc=astraea pid=2195748 child=2197493
[sao-listener] single-flow mode: attached worker; stopping ss scans
[sao-listener flow 1] cport=23602 cc=astraea worker active
[worker cport=23502 agent=2] loaded checkpoint step=17958
[worker alg=ma_dreamer reward=tempest_fairness_ma cport=23502 agent=2 group=slot5_ep33 flow=1] started interval=20ms det=1 latent=8x8
[worker cport=23001 agent=1] loaded checkpoint step=17958
[worker alg=ma_dreamer reward=tempest_fairness_ma cport=23001 agent=1 group=slot0_ep40 flow=1] started interval=20ms det=1 latent=8x8
[worker cport=23602 agent=2] loaded checkpoint step=17958
[worker alg=ma_dreamer reward=tempest_fairness_ma cport=23602 agent=2 group=slot6_ep35 flow=1] started interval=20ms det=1 latent=8x8
[orch] link change t=30.0s bw=28 delay=97
[orch] link change t=30.0s bw=99 delay=40
[orch] link change t=30.0s bw=45 delay=71
[orch] link change t=30.0s bw=39 delay=13
[sao-listener] new flow 1 10.0.0.3:23202->10.0.0.8:5203 cc=astraea pid=2198975 child=2199472
[sao-listener] single-flow mode: attached worker; stopping ss scans
[sao-listener flow 1] cport=23202 cc=astraea worker active
[sao-listener] new flow 1 10.0.0.3:23302->10.0.0.8:5204 cc=astraea pid=2197158 child=2199612
[sao-listener] single-flow mode: attached worker; stopping ss scans
[sao-listener flow 1] cport=23302 cc=astraea worker active
[worker cport=23202 agent=2] loaded checkpoint step=17958
[worker alg=ma_dreamer reward=tempest_fairness_ma cport=23202 agent=2 group=slot2_ep38 flow=1] started interval=20ms det=1 latent=8x8
[worker cport=23302 agent=2] loaded checkpoint step=17958
[worker alg=ma_dreamer reward=tempest_fairness_ma cport=23302 agent=2 group=slot3_ep36 flow=1] started interval=20ms det=1 latent=8x8
[orch] link change t=30.0s bw=29 delay=46
[sao-listener] new flow 1 10.0.0.3:23702->10.0.0.8:5208 cc=astraea pid=2198326 child=2200940
[sao-listener] single-flow mode: attached worker; stopping ss scans
[sao-listener flow 1] cport=23702 cc=astraea worker active
[orch] link change t=30.0s bw=20 delay=10
[worker cport=23702 agent=2] loaded checkpoint step=17958
[worker alg=ma_dreamer reward=tempest_fairness_ma cport=23702 agent=2 group=slot7_ep37 flow=1] started interval=20ms det=1 latent=8x8
[sao-listener] new flow 1 10.0.0.3:23102->10.0.0.8:5202 cc=astraea pid=2200790 child=2201615
[sao-listener] single-flow mode: attached worker; stopping ss scans
[sao-listener flow 1] cport=23102 cc=astraea worker active
[worker cport=23102 agent=2] loaded checkpoint step=17958
[worker alg=ma_dreamer reward=tempest_fairness_ma cport=23102 agent=2 group=slot1_ep39 flow=1] started interval=20ms det=1 latent=8x8
[sao-listener] new flow 1 10.0.0.4:23803->10.0.0.9:5209 cc=astraea pid=2201227 child=2202236
[sao-listener] single-flow mode: attached worker; stopping ss scans
[sao-listener flow 1] cport=23803 cc=astraea worker active
[orch] link change t=30.0s bw=95 delay=91
[sao-listener] new flow 1 10.0.0.4:23403->10.0.0.9:5205 cc=astraea pid=2201489 child=2202442
[sao-listener] single-flow mode: attached worker; stopping ss scans
[sao-listener flow 1] cport=23403 cc=astraea worker active
[worker cport=23803 agent=3] loaded checkpoint step=17958
[worker alg=ma_dreamer reward=tempest_fairness_ma cport=23803 agent=3 group=slot8_ep31 flow=1] started interval=20ms det=1 latent=8x8
[sao-listener] new flow 1 10.0.0.4:23503->10.0.0.9:5206 cc=astraea pid=2201681 child=2202866
[sao-listener] single-flow mode: attached worker; stopping ss scans
[sao-listener flow 1] cport=23503 cc=astraea worker active
[sao-listener] new flow 1 10.0.0.3:23002->10.0.0.8:5201 cc=astraea pid=2202123 child=2202937
[sao-listener] single-flow mode: attached worker; stopping ss scans
[sao-listener flow 1] cport=23002 cc=astraea worker active
[worker cport=23403 agent=3] loaded checkpoint step=17958
[worker alg=ma_dreamer reward=tempest_fairness_ma cport=23403 agent=3 group=slot4_ep32 flow=1] started interval=20ms det=1 latent=8x8
[orch] link change t=30.0s bw=18 delay=56
[sao-listener] new flow 1 10.0.0.4:23603->10.0.0.9:5207 cc=astraea pid=2202928 child=2203188
[sao-listener] single-flow mode: attached worker; stopping ss scans
[sao-listener flow 1] cport=23603 cc=astraea worker active
[worker cport=23002 agent=2] loaded checkpoint step=17958
[worker alg=ma_dreamer reward=tempest_fairness_ma cport=23002 agent=2 group=slot0_ep40 flow=1] started interval=20ms det=1 latent=8x8
[worker cport=23503 agent=3] loaded checkpoint step=17958
[worker alg=ma_dreamer reward=tempest_fairness_ma cport=23503 agent=3 group=slot5_ep33 flow=1] started interval=20ms det=1 latent=8x8
[worker cport=23603 agent=3] loaded checkpoint step=17958
[worker alg=ma_dreamer reward=tempest_fairness_ma cport=23603 agent=3 group=slot6_ep35 flow=1] started interval=20ms det=1 latent=8x8
[sao-listener] new flow 1 10.0.0.4:23903->10.0.0.9:5210 cc=astraea pid=2201959 child=2204061
[sao-listener flow 1] cport=23903 cc=astraea worker active
[sao-listener] single-flow mode: attached worker; stopping ss scans
[worker cport=23903 agent=3] loaded checkpoint step=17958
[worker alg=ma_dreamer reward=tempest_fairness_ma cport=23903 agent=3 group=slot9_ep34 flow=1] started interval=20ms det=1 latent=8x8
[orch] link change t=30.0s bw=34 delay=38
[sao-listener] new flow 1 10.0.0.4:23303->10.0.0.9:5204 cc=astraea pid=2203889 child=2204600
[sao-listener] single-flow mode: attached worker; stopping ss scans
[sao-listener flow 1] cport=23303 cc=astraea worker active
[worker cport=23303 agent=3] loaded checkpoint step=17958
[worker alg=ma_dreamer reward=tempest_fairness_ma cport=23303 agent=3 group=slot3_ep36 flow=1] started interval=20ms det=1 latent=8x8
[orch] link change t=30.0s bw=41 delay=46
[sao-listener] new flow 1 10.0.0.4:23703->10.0.0.9:5208 cc=astraea pid=2204548 child=2205457
[sao-listener] single-flow mode: attached worker; stopping ss scans
[sao-listener flow 1] cport=23703 cc=astraea worker active
[worker cport=23703 agent=3] loaded checkpoint step=17958
[worker alg=ma_dreamer reward=tempest_fairness_ma cport=23703 agent=3 group=slot7_ep37 flow=1] started interval=20ms det=1 latent=8x8
[orch] link change t=45.0s bw=15 delay=27
[sao-listener] new flow 1 10.0.0.4:23203->10.0.0.9:5203 cc=astraea pid=2205004 child=2206233
[sao-listener] single-flow mode: attached worker; stopping ss scans
[sao-listener flow 1] cport=23203 cc=astraea worker active
[orch] link change t=45.0s bw=73 delay=13
[orch] link change t=45.0s bw=93 delay=78
[worker cport=23203 agent=3] loaded checkpoint step=17958
[worker alg=ma_dreamer reward=tempest_fairness_ma cport=23203 agent=3 group=slot2_ep38 flow=1] started interval=20ms det=1 latent=8x8
[orch] link change t=45.0s bw=59 delay=56
[orch] link change t=45.0s bw=65 delay=42
[sao-listener] new flow 1 10.0.0.5:23904->10.0.0.10:5210 cc=astraea pid=2206755 child=2207238
[sao-listener] single-flow mode: attached worker; stopping ss scans
[sao-listener flow 1] cport=23904 cc=astraea worker active
[sao-listener] new flow 1 10.0.0.4:23103->10.0.0.9:5202 cc=astraea pid=2206054 child=2207298
[sao-listener] single-flow mode: attached worker; stopping ss scans
[sao-listener flow 1] cport=23103 cc=astraea worker active
[worker cport=23103 agent=3] loaded checkpoint step=17958
[worker alg=ma_dreamer reward=tempest_fairness_ma cport=23103 agent=3 group=slot1_ep39 flow=1] started interval=20ms det=1 latent=8x8
[worker cport=23904 agent=4] loaded checkpoint step=17958
[worker alg=ma_dreamer reward=tempest_fairness_ma cport=23904 agent=4 group=slot9_ep34 flow=1] started interval=20ms det=1 latent=8x8
[sao-listener] new flow 1 10.0.0.5:23804->10.0.0.10:5209 cc=astraea pid=2206331 child=2207684
[sao-listener] single-flow mode: attached worker; stopping ss scans
[sao-listener flow 1] cport=23804 cc=astraea worker active
[orch] link change t=45.0s bw=74 delay=90
[sao-listener] new flow 1 10.0.0.5:23404->10.0.0.10:5205 cc=astraea pid=2206456 child=2207808
[sao-listener] single-flow mode: attached worker; stopping ss scans
[sao-listener flow 1] cport=23404 cc=astraea worker active
[worker cport=23804 agent=4] loaded checkpoint step=17958
[worker alg=ma_dreamer reward=tempest_fairness_ma cport=23804 agent=4 group=slot8_ep31 flow=1] started interval=20ms det=1 latent=8x8
[worker cport=23404 agent=4] loaded checkpoint step=17958
[worker alg=ma_dreamer reward=tempest_fairness_ma cport=23404 agent=4 group=slot4_ep32 flow=1] started interval=20ms det=1 latent=8x8
[sao-listener] new flow 1 10.0.0.4:23003->10.0.0.9:5201 cc=astraea pid=2206822 child=2208175
[sao-listener] single-flow mode: attached worker; stopping ss scans
[sao-listener flow 1] cport=23003 cc=astraea worker active
[sao-listener] new flow 1 10.0.0.5:23504->10.0.0.10:5206 cc=astraea pid=2206581 child=2208231
[sao-listener] single-flow mode: attached worker; stopping ss scans
[sao-listener flow 1] cport=23504 cc=astraea worker active
[orch] link change t=45.0s bw=75 delay=14
[sao-listener] new flow 1 10.0.0.5:23604->10.0.0.10:5207 cc=astraea pid=2207206 child=2208303
[sao-listener] single-flow mode: attached worker; stopping ss scans
[sao-listener flow 1] cport=23604 cc=astraea worker active
[worker cport=23003 agent=3] loaded checkpoint step=17958
[worker alg=ma_dreamer reward=tempest_fairness_ma cport=23003 agent=3 group=slot0_ep40 flow=1] started interval=20ms det=1 latent=8x8
[worker cport=23504 agent=4] loaded checkpoint step=17958
[worker alg=ma_dreamer reward=tempest_fairness_ma cport=23504 agent=4 group=slot5_ep33 flow=1] started interval=20ms det=1 latent=8x8
[worker cport=23604 agent=4] loaded checkpoint step=17958
[worker alg=ma_dreamer reward=tempest_fairness_ma cport=23604 agent=4 group=slot6_ep35 flow=1] started interval=20ms det=1 latent=8x8
[orch] link change t=45.0s bw=99 delay=69
[sao-listener] new flow 1 10.0.0.5:23304->10.0.0.10:5204 cc=astraea pid=2207912 child=2208845
[sao-listener] single-flow mode: attached worker; stopping ss scans
[sao-listener flow 1] cport=23304 cc=astraea worker active
[sao-listener] new flow 1 10.0.0.5:23204->10.0.0.10:5203 cc=astraea pid=2208681 child=2208898
[sao-listener flow 1] cport=23204 cc=astraea worker active
[sao-listener] single-flow mode: attached worker; stopping ss scans
[worker cport=23304 agent=4] loaded checkpoint step=17958
[worker alg=ma_dreamer reward=tempest_fairness_ma cport=23304 agent=4 group=slot3_ep36 flow=1] started interval=20ms det=1 latent=8x8
[orch] link change t=45.0s bw=60 delay=82
[worker cport=23204 agent=4] loaded checkpoint step=17958
[worker alg=ma_dreamer reward=tempest_fairness_ma cport=23204 agent=4 group=slot2_ep38 flow=1] started interval=20ms det=1 latent=8x8
[sao-listener] new flow 1 10.0.0.5:23704->10.0.0.10:5208 cc=astraea pid=2208405 child=2209215
[sao-listener] single-flow mode: attached worker; stopping ss scans
[sao-listener flow 1] cport=23704 cc=astraea worker active
[worker cport=23704 agent=4] loaded checkpoint step=17958
[worker alg=ma_dreamer reward=tempest_fairness_ma cport=23704 agent=4 group=slot7_ep37 flow=1] started interval=20ms det=1 latent=8x8
[orch] link change t=45.0s bw=95 delay=91
[sao-listener] new flow 1 10.0.0.5:23104->10.0.0.10:5202 cc=astraea pid=2209163 child=2209368
[sao-listener] single-flow mode: attached worker; stopping ss scans
[sao-listener flow 1] cport=23104 cc=astraea worker active
[worker cport=23104 agent=4] loaded checkpoint step=17958
[worker alg=ma_dreamer reward=tempest_fairness_ma cport=23104 agent=4 group=slot1_ep39 flow=1] started interval=20ms det=1 latent=8x8
[orch] link change t=60.0s bw=24 delay=78
[orch] link change t=60.0s bw=14 delay=22
[sao-listener] new flow 1 10.0.0.5:23004->10.0.0.10:5201 cc=astraea pid=2209426 child=2209541
[sao-listener] single-flow mode: attached worker; stopping ss scans
[sao-listener flow 1] cport=23004 cc=astraea worker active
[orch] link change t=60.0s bw=77 delay=33
[orch] link change t=60.0s bw=18 delay=64
[worker cport=23004 agent=4] loaded checkpoint step=17958
[worker alg=ma_dreamer reward=tempest_fairness_ma cport=23004 agent=4 group=slot0_ep40 flow=1] started interval=20ms det=1 latent=8x8
[orch] link change t=60.0s bw=82 delay=17
[orch] link change t=60.0s bw=32 delay=41
[orch] link change t=60.0s bw=90 delay=57
[orch] link change t=60.0s bw=57 delay=15
[orch] link change t=60.0s bw=10 delay=92
[orch] link change t=60.0s bw=95 delay=36
[orch] link change t=75.0s bw=39 delay=27
[orch] link change t=75.0s bw=51 delay=75
[orch] link change t=75.0s bw=93 delay=88
[orch] link change t=75.0s bw=49 delay=53
[orch] link change t=75.0s bw=77 delay=45
[orch] link change t=75.0s bw=44 delay=93
[orch] link change t=75.0s bw=66 delay=77
[orch] link change t=75.0s bw=87 delay=95
[orch] link change t=75.0s bw=42 delay=96
[orch] link change t=75.0s bw=26 delay=54
[orch] link change t=90.0s bw=28 delay=14
[orch] link change t=90.0s bw=52 delay=17
[orch] link change t=90.0s bw=74 delay=51
[orch] link change t=90.0s bw=22 delay=84
[orch] link change t=90.0s bw=93 delay=56
[orch] link change t=90.0s bw=65 delay=56
[orch] link change t=90.0s bw=23 delay=97
[orch] link change t=90.0s bw=31 delay=85
[orch] link change t=90.0s bw=55 delay=100
[orch] link change t=90.0s bw=45 delay=66
[orch] link change t=105.0s bw=94 delay=17
[orch] link change t=105.0s bw=76 delay=98
[orch] link change t=105.0s bw=97 delay=77
[orch] link change t=105.0s bw=75 delay=29
[orch] link change t=105.0s bw=84 delay=22
[orch] link change t=105.0s bw=81 delay=44
[orch] link change t=105.0s bw=68 delay=86
[orch] link change t=105.0s bw=54 delay=51
[orch] link change t=105.0s bw=32 delay=13
[orch] link change t=105.0s bw=13 delay=77
[orch] link change t=120.0s bw=27 delay=39
[orch] link change t=120.0s bw=70 delay=57
[orch] link change t=120.0s bw=71 delay=66
[orch] link change t=120.0s bw=22 delay=45
[orch] link change t=120.0s bw=56 delay=11
[orch] link change t=120.0s bw=79 delay=19
[orch] link change t=120.0s bw=46 delay=58
[orch] link change t=120.0s bw=44 delay=100
[orch] link change t=120.0s bw=47 delay=96
[orch] link change t=120.0s bw=26 delay=17
[orch] link change t=135.0s bw=78 delay=67
[orch] link change t=135.0s bw=86 delay=10
[orch] link change t=135.0s bw=46 delay=96
[orch] link change t=135.0s bw=54 delay=88
[orch] link change t=135.0s bw=75 delay=11
[orch] link change t=135.0s bw=83 delay=62
[orch] link change t=135.0s bw=64 delay=66
[orch] link change t=135.0s bw=52 delay=89
[orch] link change t=135.0s bw=19 delay=56
[orch] link change t=135.0s bw=92 delay=35
[orch] link change t=150.0s bw=77 delay=62
[orch] link change t=150.0s bw=79 delay=26
[orch] link change t=150.0s bw=91 delay=19
[orch] link change t=150.0s bw=10 delay=29
[orch] link change t=150.0s bw=22 delay=73
[orch] link change t=150.0s bw=72 delay=59
[orch] link change t=150.0s bw=28 delay=16
[orch] link change t=150.0s bw=49 delay=70
[orch] link change t=150.0s bw=11 delay=23
[orch] link change t=150.0s bw=89 delay=100
[orch] link change t=165.0s bw=36 delay=85
[orch] link change t=165.0s bw=77 delay=11
[orch] link change t=165.0s bw=48 delay=62
[orch] link change t=165.0s bw=77 delay=21
[orch] link change t=165.0s bw=57 delay=13
[orch] link change t=165.0s bw=54 delay=60
[orch] link change t=165.0s bw=21 delay=62
[orch] link change t=165.0s bw=84 delay=61
[orch] link change t=165.0s bw=64 delay=54
[orch] link change t=165.0s bw=68 delay=16
[orch] link change t=180.0s bw=21 delay=25
[orch] link change t=180.0s bw=72 delay=35
[orch] link change t=180.0s bw=49 delay=76
[orch] link change t=180.0s bw=17 delay=57
[orch] link change t=180.0s bw=53 delay=96
[orch] link change t=180.0s bw=41 delay=60
[orch] link change t=180.0s bw=19 delay=79
[orch] link change t=180.0s bw=38 delay=88
[orch] link change t=180.0s bw=64 delay=22
[orch] link change t=180.0s bw=32 delay=87
[orch] link change t=195.0s bw=12 delay=61
[orch] link change t=195.0s bw=46 delay=35
[orch] link change t=195.0s bw=73 delay=16
[orch] link change t=195.0s bw=42 delay=80
[orch] link change t=195.0s bw=73 delay=16
[orch] link change t=195.0s bw=31 delay=25
[orch] link change t=195.0s bw=46 delay=56
[orch] link change t=195.0s bw=20 delay=77
[orch] link change t=195.0s bw=60 delay=75
[orch] link change t=195.0s bw=50 delay=24
[orch] link change t=210.0s bw=53 delay=35
[orch] link change t=210.0s bw=67 delay=20
[orch] link change t=210.0s bw=87 delay=96
[orch] link change t=210.0s bw=100 delay=17
[orch] link change t=210.0s bw=12 delay=40
[orch] link change t=210.0s bw=75 delay=73
[orch] link change t=210.0s bw=92 delay=100
[orch] link change t=210.0s bw=72 delay=28
[orch] link change t=210.0s bw=84 delay=48
[orch] link change t=210.0s bw=42 delay=51
[orch] link change t=225.0s bw=36 delay=52
[orch] link change t=225.0s bw=52 delay=25
[orch] link change t=225.0s bw=64 delay=45
[orch] link change t=225.0s bw=59 delay=31
[orch] link change t=225.0s bw=51 delay=20
[orch] link change t=225.0s bw=99 delay=36
[orch] link change t=225.0s bw=65 delay=85
[orch] link change t=225.0s bw=65 delay=77
[orch] link change t=225.0s bw=44 delay=18
[orch] link change t=225.0s bw=28 delay=75
[orch] link change t=240.0s bw=60 delay=56
[orch] link change t=240.0s bw=14 delay=77
[orch] link change t=240.0s bw=50 delay=81
[orch] link change t=240.0s bw=85 delay=91
[orch] link change t=240.0s bw=30 delay=53
[orch] link change t=240.0s bw=77 delay=47
[orch] link change t=240.0s bw=82 delay=56
[orch] link change t=240.0s bw=41 delay=11
[orch] link change t=240.0s bw=68 delay=65
[orch] link change t=240.0s bw=97 delay=76
[orch] link change t=255.0s bw=86 delay=41
[orch] link change t=255.0s bw=24 delay=30
[orch] link change t=255.0s bw=97 delay=41
[orch] link change t=255.0s bw=49 delay=47
[orch] link change t=255.0s bw=31 delay=82
[orch] link change t=255.0s bw=33 delay=72
[orch] link change t=255.0s bw=91 delay=100
[orch] link change t=255.0s bw=58 delay=57
[orch] link change t=255.0s bw=42 delay=83
[orch] link change t=255.0s bw=22 delay=62
[orch] link change t=270.0s bw=36 delay=37
[orch] link change t=270.0s bw=66 delay=12
[orch] link change t=270.0s bw=25 delay=17
[orch] link change t=270.0s bw=58 delay=50
[orch] link change t=270.0s bw=19 delay=71
[orch] link change t=270.0s bw=100 delay=85
[orch] link change t=270.0s bw=83 delay=14
[orch] link change t=270.0s bw=78 delay=97
[orch] link change t=270.0s bw=51 delay=82
[orch] link change t=270.0s bw=16 delay=50
[orch] link change t=285.0s bw=63 delay=84
[orch] link change t=285.0s bw=65 delay=16
[orch] link change t=285.0s bw=50 delay=46
[orch] link change t=285.0s bw=37 delay=36
[orch] link change t=285.0s bw=56 delay=20
[orch] link change t=285.0s bw=51 delay=80
[orch] link change t=285.0s bw=77 delay=89
[orch] link change t=285.0s bw=88 delay=74
[orch] link change t=285.0s bw=10 delay=100
[orch] link change t=285.0s bw=52 delay=39
[orch] link change t=300.0s bw=94 delay=80
[orch] link change t=300.0s bw=14 delay=81
[orch] link change t=300.0s bw=37 delay=18
[orch] link change t=300.0s bw=67 delay=78
[orch] link change t=300.0s bw=47 delay=30
[orch] link change t=300.0s bw=31 delay=10
[orch] link change t=300.0s bw=37 delay=74
[orch] link change t=300.0s bw=13 delay=28
[orch] link change t=300.0s bw=15 delay=93
[orch] link change t=300.0s bw=29 delay=49
[orch] link change t=315.0s bw=17 delay=16
[orch] link change t=315.0s bw=55 delay=39
[orch] link change t=315.0s bw=56 delay=25
[orch] link change t=315.0s bw=32 delay=87
[orch] link change t=315.0s bw=83 delay=19
[orch] link change t=315.0s bw=86 delay=59
[orch] link change t=315.0s bw=63 delay=18
[orch] link change t=315.0s bw=70 delay=23
[orch] link change t=315.0s bw=34 delay=89
[orch] link change t=315.0s bw=30 delay=76
[orch] link change t=330.0s bw=33 delay=55
[orch] link change t=330.0s bw=30 delay=69
[orch] link change t=330.0s bw=93 delay=51
[orch] link change t=330.0s bw=26 delay=83
[orch] link change t=330.0s bw=96 delay=26
[orch] link change t=330.0s bw=73 delay=27
[orch] link change t=330.0s bw=11 delay=10
[orch] link change t=330.0s bw=42 delay=24
[orch] link change t=330.0s bw=89 delay=71
[orch] link change t=330.0s bw=49 delay=99
[multi_ep_plot] saved -> /its/home/mm2350/extra/Olympusv2/benchmarks/benchmark_responsive_fairness/data/ma_dreamer_20260611-175726/5_flows/run31/ep000031_bw11_d70_n5.pdf  return=1221887.2
[ep_plot] ep=31 -> /its/home/mm2350/extra/Olympusv2/benchmarks/benchmark_responsive_fairness/data/ma_dreamer_20260611-175726/5_flows/run31/ep000031_bw11_d70_n5.pdf  return=1221887.15625
[orch] ep=31 sum-of-agents return=1221887.2
[responsive_fairness] slot=8 ma_dreamer_20260611-175726 flows=5 run=41
[responsive_fairness] ma_dreamer_20260611-175726 flows=5 run=31 done (131/200)
[slot=8] ep=41  flows=5  bw=58Mbps  delay=52ms  duration=345s  delays=[0.0, 11.2, 22.5, 33.8, 45.0]  lifetimes=[345.0, 333.8, 322.5, 311.2, 300.0]
[multi_ep_plot] saved -> /its/home/mm2350/extra/Olympusv2/benchmarks/benchmark_responsive_fairness/data/ma_dreamer_20260611-175726/5_flows/run32/ep000032_bw19_d37_n5.pdf  return=1273025.3
[ep_plot] ep=32 -> /its/home/mm2350/extra/Olympusv2/benchmarks/benchmark_responsive_fairness/data/ma_dreamer_20260611-175726/5_flows/run32/ep000032_bw19_d37_n5.pdf  return=1273025.34375
[orch] ep=32 sum-of-agents return=1273025.3
[responsive_fairness] slot=4 ma_dreamer_20260611-175726 flows=5 run=42
[responsive_fairness] ma_dreamer_20260611-175726 flows=5 run=32 done (132/200)
[slot=4] ep=42  flows=5  bw=91Mbps  delay=24ms  duration=345s  delays=[0.0, 11.2, 22.5, 33.8, 45.0]  lifetimes=[345.0, 333.8, 322.5, 311.2, 300.0]
[sao-listener] cport=23800 worker=/its/home/mm2350/extra/Olympusv2/olympus/algorithms/ma_dreamer/worker.py scan=20ms target_cc=astraea single_flow=1 no_state_pipe=1
[sao-listener] cport=23801 worker=/its/home/mm2350/extra/Olympusv2/olympus/algorithms/ma_dreamer/worker.py scan=20ms target_cc=astraea single_flow=1 no_state_pipe=1
[sao-listener] cport=23802 worker=/its/home/mm2350/extra/Olympusv2/olympus/algorithms/ma_dreamer/worker.py scan=20ms target_cc=astraea single_flow=1 no_state_pipe=1
[sao-listener] cport=23803 worker=/its/home/mm2350/extra/Olympusv2/olympus/algorithms/ma_dreamer/worker.py scan=20ms target_cc=astraea single_flow=1 no_state_pipe=1
[multi_ep_plot] saved -> /its/home/mm2350/extra/Olympusv2/benchmarks/benchmark_responsive_fairness/data/ma_dreamer_20260611-175726/5_flows/run33/ep000033_bw83_d31_n5.pdf  return=1354880.8
[ep_plot] ep=33 -> /its/home/mm2350/extra/Olympusv2/benchmarks/benchmark_responsive_fairness/data/ma_dreamer_20260611-175726/5_flows/run33/ep000033_bw83_d31_n5.pdf  return=1354880.78125
[orch] ep=33 sum-of-agents return=1354880.8
[sao-listener] cport=23804 worker=/its/home/mm2350/extra/Olympusv2/olympus/algorithms/ma_dreamer/worker.py scan=20ms target_cc=astraea single_flow=1 no_state_pipe=1
[responsive_fairness] slot=5 ma_dreamer_20260611-175726 flows=5 run=43
[responsive_fairness] ma_dreamer_20260611-175726 flows=5 run=33 done (133/200)
[slot=5] ep=43  flows=5  bw=14Mbps  delay=46ms  duration=345s  delays=[0.0, 11.2, 22.5, 33.8, 45.0]  lifetimes=[345.0, 333.8, 322.5, 311.2, 300.0]
[sao-listener] cport=23400 worker=/its/home/mm2350/extra/Olympusv2/olympus/algorithms/ma_dreamer/worker.py scan=20ms target_cc=astraea single_flow=1 no_state_pipe=1
[sao-listener] cport=23401 worker=/its/home/mm2350/extra/Olympusv2/olympus/algorithms/ma_dreamer/worker.py scan=20ms target_cc=astraea single_flow=1 no_state_pipe=1
[sao-listener] cport=23402 worker=/its/home/mm2350/extra/Olympusv2/olympus/algorithms/ma_dreamer/worker.py scan=20ms target_cc=astraea single_flow=1 no_state_pipe=1
[sao-listener] cport=23403 worker=/its/home/mm2350/extra/Olympusv2/olympus/algorithms/ma_dreamer/worker.py scan=20ms target_cc=astraea single_flow=1 no_state_pipe=1
[sao-listener] cport=23404 worker=/its/home/mm2350/extra/Olympusv2/olympus/algorithms/ma_dreamer/worker.py scan=20ms target_cc=astraea single_flow=1 no_state_pipe=1
[multi_ep_plot] saved -> /its/home/mm2350/extra/Olympusv2/benchmarks/benchmark_responsive_fairness/data/ma_dreamer_20260611-175726/5_flows/run34/ep000034_bw77_d55_n5.pdf  return=1231659.8
[ep_plot] ep=34 -> /its/home/mm2350/extra/Olympusv2/benchmarks/benchmark_responsive_fairness/data/ma_dreamer_20260611-175726/5_flows/run34/ep000034_bw77_d55_n5.pdf  return=1231659.765625
[orch] ep=34 sum-of-agents return=1231659.8
[responsive_fairness] slot=9 ma_dreamer_20260611-175726 flows=5 run=44
[responsive_fairness] ma_dreamer_20260611-175726 flows=5 run=34 done (134/200)
[slot=9] ep=44  flows=5  bw=62Mbps  delay=76ms  duration=345s  delays=[0.0, 11.2, 22.5, 33.8, 45.0]  lifetimes=[345.0, 333.8, 322.5, 311.2, 300.0]
[sao-listener] cport=23500 worker=/its/home/mm2350/extra/Olympusv2/olympus/algorithms/ma_dreamer/worker.py scan=20ms target_cc=astraea single_flow=1 no_state_pipe=1
[sao-listener] cport=23501 worker=/its/home/mm2350/extra/Olympusv2/olympus/algorithms/ma_dreamer/worker.py scan=20ms target_cc=astraea single_flow=1 no_state_pipe=1
[sao-listener] cport=23502 worker=/its/home/mm2350/extra/Olympusv2/olympus/algorithms/ma_dreamer/worker.py scan=20ms target_cc=astraea single_flow=1 no_state_pipe=1
[sao-listener] cport=23503 worker=/its/home/mm2350/extra/Olympusv2/olympus/algorithms/ma_dreamer/worker.py scan=20ms target_cc=astraea single_flow=1 no_state_pipe=1
[sao-listener] cport=23504 worker=/its/home/mm2350/extra/Olympusv2/olympus/algorithms/ma_dreamer/worker.py scan=20ms target_cc=astraea single_flow=1 no_state_pipe=1
[sao-listener] cport=23900 worker=/its/home/mm2350/extra/Olympusv2/olympus/algorithms/ma_dreamer/worker.py scan=20ms target_cc=astraea single_flow=1 no_state_pipe=1
[sao-listener] cport=23901 worker=/its/home/mm2350/extra/Olympusv2/olympus/algorithms/ma_dreamer/worker.py scan=20ms target_cc=astraea single_flow=1 no_state_pipe=1
[sao-listener] cport=23902 worker=/its/home/mm2350/extra/Olympusv2/olympus/algorithms/ma_dreamer/worker.py scan=20ms target_cc=astraea single_flow=1 no_state_pipe=1
[sao-listener] cport=23903 worker=/its/home/mm2350/extra/Olympusv2/olympus/algorithms/ma_dreamer/worker.py scan=20ms target_cc=astraea single_flow=1 no_state_pipe=1
[sao-listener] cport=23904 worker=/its/home/mm2350/extra/Olympusv2/olympus/algorithms/ma_dreamer/worker.py scan=20ms target_cc=astraea single_flow=1 no_state_pipe=1
[sao-listener] new flow 1 10.0.0.1:23800->10.0.0.6:5209 cc=astraea pid=2213379 child=2214964
[sao-listener] single-flow mode: attached worker; stopping ss scans
[sao-listener flow 1] cport=23800 cc=astraea worker active
[multi_ep_plot] saved -> /its/home/mm2350/extra/Olympusv2/benchmarks/benchmark_responsive_fairness/data/ma_dreamer_20260611-175726/5_flows/run35/ep000035_bw80_d52_n5.pdf  return=1257727.9
[ep_plot] ep=35 -> /its/home/mm2350/extra/Olympusv2/benchmarks/benchmark_responsive_fairness/data/ma_dreamer_20260611-175726/5_flows/run35/ep000035_bw80_d52_n5.pdf  return=1257727.90625
[orch] ep=35 sum-of-agents return=1257727.9
[responsive_fairness] slot=6 ma_dreamer_20260611-175726 flows=5 run=45
[responsive_fairness] ma_dreamer_20260611-175726 flows=5 run=35 done (135/200)
[slot=6] ep=45  flows=5  bw=44Mbps  delay=63ms  duration=345s  delays=[0.0, 11.2, 22.5, 33.8, 45.0]  lifetimes=[345.0, 333.8, 322.5, 311.2, 300.0]
[worker cport=23800 agent=0] loaded checkpoint step=17958
[worker alg=ma_dreamer reward=tempest_fairness_ma cport=23800 agent=0 group=slot8_ep41 flow=1] started interval=20ms det=1 latent=8x8
[sao-listener] new flow 1 10.0.0.1:23400->10.0.0.6:5205 cc=astraea pid=2214225 child=2215574
[sao-listener] single-flow mode: attached worker; stopping ss scans
[sao-listener flow 1] cport=23400 cc=astraea worker active
[sao-listener] cport=23600 worker=/its/home/mm2350/extra/Olympusv2/olympus/algorithms/ma_dreamer/worker.py scan=20ms target_cc=astraea single_flow=1 no_state_pipe=1
[sao-listener] cport=23601 worker=/its/home/mm2350/extra/Olympusv2/olympus/algorithms/ma_dreamer/worker.py scan=20ms target_cc=astraea single_flow=1 no_state_pipe=1
[sao-listener] cport=23602 worker=/its/home/mm2350/extra/Olympusv2/olympus/algorithms/ma_dreamer/worker.py scan=20ms target_cc=astraea single_flow=1 no_state_pipe=1
[sao-listener] cport=23603 worker=/its/home/mm2350/extra/Olympusv2/olympus/algorithms/ma_dreamer/worker.py scan=20ms target_cc=astraea single_flow=1 no_state_pipe=1
[sao-listener] cport=23604 worker=/its/home/mm2350/extra/Olympusv2/olympus/algorithms/ma_dreamer/worker.py scan=20ms target_cc=astraea single_flow=1 no_state_pipe=1
[sao-listener] new flow 1 10.0.0.1:23500->10.0.0.6:5206 cc=astraea pid=2214807 child=2216409
[sao-listener] single-flow mode: attached worker; stopping ss scans
[sao-listener flow 1] cport=23500 cc=astraea worker active
[worker cport=23400 agent=0] loaded checkpoint step=17958
[worker alg=ma_dreamer reward=tempest_fairness_ma cport=23400 agent=0 group=slot4_ep42 flow=1] started interval=20ms det=1 latent=8x8
[multi_ep_plot] saved -> /its/home/mm2350/extra/Olympusv2/benchmarks/benchmark_responsive_fairness/data/ma_dreamer_20260611-175726/5_flows/run36/ep000036_bw52_d17_n5.pdf  return=1267443.4
[ep_plot] ep=36 -> /its/home/mm2350/extra/Olympusv2/benchmarks/benchmark_responsive_fairness/data/ma_dreamer_20260611-175726/5_flows/run36/ep000036_bw52_d17_n5.pdf  return=1267443.390625
[orch] ep=36 sum-of-agents return=1267443.4
[responsive_fairness] slot=3 ma_dreamer_20260611-175726 flows=5 run=46
[responsive_fairness] ma_dreamer_20260611-175726 flows=5 run=36 done (136/200)
[slot=3] ep=46  flows=5  bw=19Mbps  delay=61ms  duration=345s  delays=[0.0, 11.2, 22.5, 33.8, 45.0]  lifetimes=[345.0, 333.8, 322.5, 311.2, 300.0]
[sao-listener] new flow 1 10.0.0.1:23900->10.0.0.6:5210 cc=astraea pid=2215210 child=2217027
[sao-listener] single-flow mode: attached worker; stopping ss scans
[sao-listener flow 1] cport=23900 cc=astraea worker active
[worker cport=23500 agent=0] loaded checkpoint step=17958
[worker alg=ma_dreamer reward=tempest_fairness_ma cport=23500 agent=0 group=slot5_ep43 flow=1] started interval=20ms det=1 latent=8x8
[sao-listener] cport=23300 worker=/its/home/mm2350/extra/Olympusv2/olympus/algorithms/ma_dreamer/worker.py scan=20ms target_cc=astraea single_flow=1 no_state_pipe=1
[sao-listener] cport=23301 worker=/its/home/mm2350/extra/Olympusv2/olympus/algorithms/ma_dreamer/worker.py scan=20ms target_cc=astraea single_flow=1 no_state_pipe=1
[worker cport=23900 agent=0] loaded checkpoint step=17958
[worker alg=ma_dreamer reward=tempest_fairness_ma cport=23900 agent=0 group=slot9_ep44 flow=1] started interval=20ms det=1 latent=8x8
[sao-listener] cport=23302 worker=/its/home/mm2350/extra/Olympusv2/olympus/algorithms/ma_dreamer/worker.py scan=20ms target_cc=astraea single_flow=1 no_state_pipe=1
[sao-listener] cport=23303 worker=/its/home/mm2350/extra/Olympusv2/olympus/algorithms/ma_dreamer/worker.py scan=20ms target_cc=astraea single_flow=1 no_state_pipe=1
[sao-listener] cport=23304 worker=/its/home/mm2350/extra/Olympusv2/olympus/algorithms/ma_dreamer/worker.py scan=20ms target_cc=astraea single_flow=1 no_state_pipe=1
[multi_ep_plot] saved -> /its/home/mm2350/extra/Olympusv2/benchmarks/benchmark_responsive_fairness/data/ma_dreamer_20260611-175726/5_flows/run37/ep000037_bw97_d87_n5.pdf  return=1135599.2
[ep_plot] ep=37 -> /its/home/mm2350/extra/Olympusv2/benchmarks/benchmark_responsive_fairness/data/ma_dreamer_20260611-175726/5_flows/run37/ep000037_bw97_d87_n5.pdf  return=1135599.171875
[orch] ep=37 sum-of-agents return=1135599.2
[responsive_fairness] slot=7 ma_dreamer_20260611-175726 flows=5 run=47
[responsive_fairness] ma_dreamer_20260611-175726 flows=5 run=37 done (137/200)
[slot=7] ep=47  flows=5  bw=55Mbps  delay=18ms  duration=345s  delays=[0.0, 11.2, 22.5, 33.8, 45.0]  lifetimes=[345.0, 333.8, 322.5, 311.2, 300.0]
[sao-listener] new flow 1 10.0.0.1:23600->10.0.0.6:5207 cc=astraea pid=2216614 child=2218802
[sao-listener] single-flow mode: attached worker; stopping ss scans
[sao-listener flow 1] cport=23600 cc=astraea worker active
[multi_ep_plot] saved -> /its/home/mm2350/extra/Olympusv2/benchmarks/benchmark_responsive_fairness/data/ma_dreamer_20260611-175726/5_flows/run38/ep000038_bw91_d63_n5.pdf  return=1194294.3
[ep_plot] ep=38 -> /its/home/mm2350/extra/Olympusv2/benchmarks/benchmark_responsive_fairness/data/ma_dreamer_20260611-175726/5_flows/run38/ep000038_bw91_d63_n5.pdf  return=1194294.28125
[orch] ep=38 sum-of-agents return=1194294.3
[responsive_fairness] slot=2 ma_dreamer_20260611-175726 flows=5 run=48
[responsive_fairness] ma_dreamer_20260611-175726 flows=5 run=38 done (138/200)
[slot=2] ep=48  flows=5  bw=80Mbps  delay=50ms  duration=345s  delays=[0.0, 11.2, 22.5, 33.8, 45.0]  lifetimes=[345.0, 333.8, 322.5, 311.2, 300.0]
[sao-listener] cport=23700 worker=/its/home/mm2350/extra/Olympusv2/olympus/algorithms/ma_dreamer/worker.py scan=20ms target_cc=astraea single_flow=1 no_state_pipe=1
[sao-listener] cport=23701 worker=/its/home/mm2350/extra/Olympusv2/olympus/algorithms/ma_dreamer/worker.py scan=20ms target_cc=astraea single_flow=1 no_state_pipe=1
[sao-listener] cport=23702 worker=/its/home/mm2350/extra/Olympusv2/olympus/algorithms/ma_dreamer/worker.py scan=20ms target_cc=astraea single_flow=1 no_state_pipe=1
[sao-listener] cport=23703 worker=/its/home/mm2350/extra/Olympusv2/olympus/algorithms/ma_dreamer/worker.py scan=20ms target_cc=astraea single_flow=1 no_state_pipe=1
[sao-listener] cport=23704 worker=/its/home/mm2350/extra/Olympusv2/olympus/algorithms/ma_dreamer/worker.py scan=20ms target_cc=astraea single_flow=1 no_state_pipe=1
[worker cport=23600 agent=0] loaded checkpoint step=17958
[worker alg=ma_dreamer reward=tempest_fairness_ma cport=23600 agent=0 group=slot6_ep45 flow=1] started interval=20ms det=1 latent=8x8
[sao-listener] cport=23200 worker=/its/home/mm2350/extra/Olympusv2/olympus/algorithms/ma_dreamer/worker.py scan=20ms target_cc=astraea single_flow=1 no_state_pipe=1
[sao-listener] cport=23201 worker=/its/home/mm2350/extra/Olympusv2/olympus/algorithms/ma_dreamer/worker.py scan=20ms target_cc=astraea single_flow=1 no_state_pipe=1
[sao-listener] cport=23202 worker=/its/home/mm2350/extra/Olympusv2/olympus/algorithms/ma_dreamer/worker.py scan=20ms target_cc=astraea single_flow=1 no_state_pipe=1
[sao-listener] cport=23203 worker=/its/home/mm2350/extra/Olympusv2/olympus/algorithms/ma_dreamer/worker.py scan=20ms target_cc=astraea single_flow=1 no_state_pipe=1
[sao-listener] cport=23204 worker=/its/home/mm2350/extra/Olympusv2/olympus/algorithms/ma_dreamer/worker.py scan=20ms target_cc=astraea single_flow=1 no_state_pipe=1
[sao-listener] new flow 1 10.0.0.1:23300->10.0.0.6:5204 cc=astraea pid=2218474 child=2221367
[sao-listener] single-flow mode: attached worker; stopping ss scans
[sao-listener flow 1] cport=23300 cc=astraea worker active
[worker cport=23300 agent=0] loaded checkpoint step=17958
[worker alg=ma_dreamer reward=tempest_fairness_ma cport=23300 agent=0 group=slot3_ep46 flow=1] started interval=20ms det=1 latent=8x8
[sao-listener] new flow 1 10.0.0.1:23700->10.0.0.6:5208 cc=astraea pid=2220437 child=2222845
[sao-listener] single-flow mode: attached worker; stopping ss scans
[sao-listener flow 1] cport=23700 cc=astraea worker active
[multi_ep_plot] saved -> /its/home/mm2350/extra/Olympusv2/benchmarks/benchmark_responsive_fairness/data/ma_dreamer_20260611-175726/5_flows/run39/ep000039_bw36_d43_n5.pdf  return=981704.0
[ep_plot] ep=39 -> /its/home/mm2350/extra/Olympusv2/benchmarks/benchmark_responsive_fairness/data/ma_dreamer_20260611-175726/5_flows/run39/ep000039_bw36_d43_n5.pdf  return=981704.046875
[orch] ep=39 sum-of-agents return=981704.0
[responsive_fairness] slot=1 ma_dreamer_20260611-175726 flows=5 run=49
[responsive_fairness] ma_dreamer_20260611-175726 flows=5 run=39 done (139/200)
[slot=1] ep=49  flows=5  bw=18Mbps  delay=54ms  duration=345s  delays=[0.0, 11.2, 22.5, 33.8, 45.0]  lifetimes=[345.0, 333.8, 322.5, 311.2, 300.0]
[worker cport=23700 agent=0] loaded checkpoint step=17958
[worker alg=ma_dreamer reward=tempest_fairness_ma cport=23700 agent=0 group=slot7_ep47 flow=1] started interval=20ms det=1 latent=8x8
[sao-listener] cport=23100 worker=/its/home/mm2350/extra/Olympusv2/olympus/algorithms/ma_dreamer/worker.py scan=20ms target_cc=astraea single_flow=1 no_state_pipe=1
[sao-listener] cport=23101 worker=/its/home/mm2350/extra/Olympusv2/olympus/algorithms/ma_dreamer/worker.py scan=20ms target_cc=astraea single_flow=1 no_state_pipe=1
[sao-listener] cport=23102 worker=/its/home/mm2350/extra/Olympusv2/olympus/algorithms/ma_dreamer/worker.py scan=20ms target_cc=astraea single_flow=1 no_state_pipe=1
[sao-listener] cport=23103 worker=/its/home/mm2350/extra/Olympusv2/olympus/algorithms/ma_dreamer/worker.py scan=20ms target_cc=astraea single_flow=1 no_state_pipe=1
[sao-listener] cport=23104 worker=/its/home/mm2350/extra/Olympusv2/olympus/algorithms/ma_dreamer/worker.py scan=20ms target_cc=astraea single_flow=1 no_state_pipe=1
[sao-listener] new flow 1 10.0.0.1:23200->10.0.0.6:5203 cc=astraea pid=2221495 child=2224545
[sao-listener] single-flow mode: attached worker; stopping ss scans
[sao-listener flow 1] cport=23200 cc=astraea worker active
[sao-listener] new flow 1 10.0.0.2:23401->10.0.0.7:5205 cc=astraea pid=2224685 child=2224944
[sao-listener] single-flow mode: attached worker; stopping ss scans
[sao-listener flow 1] cport=23401 cc=astraea worker active
[worker cport=23200 agent=0] loaded checkpoint step=17958
[worker alg=ma_dreamer reward=tempest_fairness_ma cport=23200 agent=0 group=slot2_ep48 flow=1] started interval=20ms det=1 latent=8x8
[multi_ep_plot] saved -> /its/home/mm2350/extra/Olympusv2/benchmarks/benchmark_responsive_fairness/data/ma_dreamer_20260611-175726/5_flows/run40/ep000040_bw68_d84_n5.pdf  return=1199373.6
[ep_plot] ep=40 -> /its/home/mm2350/extra/Olympusv2/benchmarks/benchmark_responsive_fairness/data/ma_dreamer_20260611-175726/5_flows/run40/ep000040_bw68_d84_n5.pdf  return=1199373.625
[orch] ep=40 sum-of-agents return=1199373.6
[responsive_fairness] slot=0 ma_dreamer_20260611-175726 flows=5 run=50
[responsive_fairness] ma_dreamer_20260611-175726 flows=5 run=40 done (140/200)
[slot=0] ep=50  flows=5  bw=73Mbps  delay=44ms  duration=345s  delays=[0.0, 11.2, 22.5, 33.8, 45.0]  lifetimes=[345.0, 333.8, 322.5, 311.2, 300.0]
[sao-listener] new flow 1 10.0.0.2:23501->10.0.0.7:5206 cc=astraea pid=2224939 child=2225683
[sao-listener] single-flow mode: attached worker; stopping ss scans
[sao-listener flow 1] cport=23501 cc=astraea worker active
[worker cport=23401 agent=1] loaded checkpoint step=17958
[worker alg=ma_dreamer reward=tempest_fairness_ma cport=23401 agent=1 group=slot4_ep42 flow=1] started interval=20ms det=1 latent=8x8
[sao-listener] cport=23000 worker=/its/home/mm2350/extra/Olympusv2/olympus/algorithms/ma_dreamer/worker.py scan=20ms target_cc=astraea single_flow=1 no_state_pipe=1
[sao-listener] cport=23001 worker=/its/home/mm2350/extra/Olympusv2/olympus/algorithms/ma_dreamer/worker.py scan=20ms target_cc=astraea single_flow=1 no_state_pipe=1
[sao-listener] cport=23002 worker=/its/home/mm2350/extra/Olympusv2/olympus/algorithms/ma_dreamer/worker.py scan=20ms target_cc=astraea single_flow=1 no_state_pipe=1
[sao-listener] cport=23003 worker=/its/home/mm2350/extra/Olympusv2/olympus/algorithms/ma_dreamer/worker.py scan=20ms target_cc=astraea single_flow=1 no_state_pipe=1
[sao-listener] cport=23004 worker=/its/home/mm2350/extra/Olympusv2/olympus/algorithms/ma_dreamer/worker.py scan=20ms target_cc=astraea single_flow=1 no_state_pipe=1
[worker cport=23501 agent=1] loaded checkpoint step=17958
[worker alg=ma_dreamer reward=tempest_fairness_ma cport=23501 agent=1 group=slot5_ep43 flow=1] started interval=20ms det=1 latent=8x8
[orch] link change t=15.0s bw=39 delay=31
[sao-listener] new flow 1 10.0.0.2:23801->10.0.0.7:5209 cc=astraea pid=2224113 child=2227204
[sao-listener] single-flow mode: attached worker; stopping ss scans
[sao-listener flow 1] cport=23801 cc=astraea worker active
[sao-listener] new flow 1 10.0.0.2:23901->10.0.0.7:5210 cc=astraea pid=2225410 child=2227321
[sao-listener] single-flow mode: attached worker; stopping ss scans
[sao-listener flow 1] cport=23901 cc=astraea worker active
[orch] link change t=15.0s bw=13 delay=45
[orch] link change t=15.0s bw=99 delay=28
[worker cport=23801 agent=1] loaded checkpoint step=17958
[worker alg=ma_dreamer reward=tempest_fairness_ma cport=23801 agent=1 group=slot8_ep41 flow=1] started interval=20ms det=1 latent=8x8
[worker cport=23901 agent=1] loaded checkpoint step=17958
[worker alg=ma_dreamer reward=tempest_fairness_ma cport=23901 agent=1 group=slot9_ep44 flow=1] started interval=20ms det=1 latent=8x8
[orch] link change t=15.0s bw=79 delay=99
[sao-listener] new flow 1 10.0.0.1:23100->10.0.0.6:5202 cc=astraea pid=2224724 child=2228464
[sao-listener] single-flow mode: attached worker; stopping ss scans
[sao-listener flow 1] cport=23100 cc=astraea worker active
[worker cport=23100 agent=0] loaded checkpoint step=17958
[worker alg=ma_dreamer reward=tempest_fairness_ma cport=23100 agent=0 group=slot1_ep49 flow=1] started interval=20ms det=1 latent=8x8
[orch] link change t=15.0s bw=72 delay=42
[sao-listener] new flow 1 10.0.0.2:23601->10.0.0.7:5207 cc=astraea pid=2227009 child=2229478
[sao-listener] single-flow mode: attached worker; stopping ss scans
[sao-listener flow 1] cport=23601 cc=astraea worker active
[worker cport=23601 agent=1] loaded checkpoint step=17958
[worker alg=ma_dreamer reward=tempest_fairness_ma cport=23601 agent=1 group=slot6_ep45 flow=1] started interval=20ms det=1 latent=8x8
[sao-listener] new flow 1 10.0.0.1:23000->10.0.0.6:5201 cc=astraea pid=2227189 child=2230789
[sao-listener] single-flow mode: attached worker; stopping ss scans
[sao-listener flow 1] cport=23000 cc=astraea worker active
[sao-listener] new flow 1 10.0.0.2:23701->10.0.0.7:5208 cc=astraea pid=2230084 child=2230975
[sao-listener] single-flow mode: attached worker; stopping ss scans
[sao-listener flow 1] cport=23701 cc=astraea worker active
[orch] link change t=15.0s bw=15 delay=85
[worker cport=23000 agent=0] loaded checkpoint step=17958
[worker alg=ma_dreamer reward=tempest_fairness_ma cport=23000 agent=0 group=slot0_ep50 flow=1] started interval=20ms det=1 latent=8x8
[worker cport=23701 agent=1] loaded checkpoint step=17958
[worker alg=ma_dreamer reward=tempest_fairness_ma cport=23701 agent=1 group=slot7_ep47 flow=1] started interval=20ms det=1 latent=8x8
[sao-listener] new flow 1 10.0.0.2:23201->10.0.0.7:5203 cc=astraea pid=2230889 child=2232509
[sao-listener] single-flow mode: attached worker; stopping ss scans
[sao-listener flow 1] cport=23201 cc=astraea worker active
[orch] link change t=15.0s bw=65 delay=80
[sao-listener] new flow 1 10.0.0.2:23301->10.0.0.7:5204 cc=astraea pid=2228603 child=2232860
[sao-listener] single-flow mode: attached worker; stopping ss scans
[sao-listener flow 1] cport=23301 cc=astraea worker active
[orch] link change t=15.0s bw=26 delay=81
[worker cport=23201 agent=1] loaded checkpoint step=17958
[worker alg=ma_dreamer reward=tempest_fairness_ma cport=23201 agent=1 group=slot2_ep48 flow=1] started interval=20ms det=1 latent=8x8
[worker cport=23301 agent=1] loaded checkpoint step=17958
[worker alg=ma_dreamer reward=tempest_fairness_ma cport=23301 agent=1 group=slot3_ep46 flow=1] started interval=20ms det=1 latent=8x8
[sao-listener] new flow 1 10.0.0.3:23902->10.0.0.8:5210 cc=astraea pid=2234501 child=2235123
[sao-listener] single-flow mode: attached worker; stopping ss scans
[sao-listener flow 1] cport=23902 cc=astraea worker active
[sao-listener] new flow 1 10.0.0.3:23802->10.0.0.8:5209 cc=astraea pid=2233355 child=2235134
[sao-listener] single-flow mode: attached worker; stopping ss scans
[sao-listener flow 1] cport=23802 cc=astraea worker active
[worker cport=23802 agent=2] loaded checkpoint step=17958
[worker alg=ma_dreamer reward=tempest_fairness_ma cport=23802 agent=2 group=slot8_ep41 flow=1] started interval=20ms det=1 latent=8x8
[worker cport=23902 agent=2] loaded checkpoint step=17958
[worker alg=ma_dreamer reward=tempest_fairness_ma cport=23902 agent=2 group=slot9_ep44 flow=1] started interval=20ms det=1 latent=8x8
[sao-listener] new flow 1 10.0.0.2:23101->10.0.0.7:5202 cc=astraea pid=2233850 child=2236043
[sao-listener] single-flow mode: attached worker; stopping ss scans
[sao-listener flow 1] cport=23101 cc=astraea worker active
[orch] link change t=15.0s bw=62 delay=24
[worker cport=23101 agent=1] loaded checkpoint step=17958
[worker alg=ma_dreamer reward=tempest_fairness_ma cport=23101 agent=1 group=slot1_ep49 flow=1] started interval=20ms det=1 latent=8x8
[sao-listener] new flow 1 10.0.0.3:23402->10.0.0.8:5205 cc=astraea pid=2233811 child=2237210
[sao-listener] single-flow mode: attached worker; stopping ss scans
[sao-listener flow 1] cport=23402 cc=astraea worker active
[sao-listener] new flow 1 10.0.0.3:23602->10.0.0.8:5207 cc=astraea pid=2235662 child=2237219
[sao-listener] single-flow mode: attached worker; stopping ss scans
[sao-listener flow 1] cport=23602 cc=astraea worker active
[sao-listener] new flow 1 10.0.0.3:23502->10.0.0.8:5206 cc=astraea pid=2234085 child=2237698
[sao-listener] single-flow mode: attached worker; stopping ss scans
[sao-listener flow 1] cport=23502 cc=astraea worker active
[worker cport=23402 agent=2] loaded checkpoint step=17958
[worker alg=ma_dreamer reward=tempest_fairness_ma cport=23402 agent=2 group=slot4_ep42 flow=1] started interval=20ms det=1 latent=8x8
[worker cport=23602 agent=2] loaded checkpoint step=17958
[worker alg=ma_dreamer reward=tempest_fairness_ma cport=23602 agent=2 group=slot6_ep45 flow=1] started interval=20ms det=1 latent=8x8
[orch] link change t=15.0s bw=56 delay=91
[sao-listener] new flow 1 10.0.0.2:23001->10.0.0.7:5201 cc=astraea pid=2235827 child=2238274
[sao-listener] single-flow mode: attached worker; stopping ss scans
[sao-listener flow 1] cport=23001 cc=astraea worker active
[worker cport=23502 agent=2] loaded checkpoint step=17958
[worker alg=ma_dreamer reward=tempest_fairness_ma cport=23502 agent=2 group=slot5_ep43 flow=1] started interval=20ms det=1 latent=8x8
[orch] link change t=30.0s bw=59 delay=83
[orch] link change t=30.0s bw=41 delay=38
[worker cport=23001 agent=1] loaded checkpoint step=17958
[worker alg=ma_dreamer reward=tempest_fairness_ma cport=23001 agent=1 group=slot0_ep50 flow=1] started interval=20ms det=1 latent=8x8
[orch] link change t=30.0s bw=69 delay=57
[orch] link change t=30.0s bw=24 delay=32
[sao-listener] new flow 1 10.0.0.3:23202->10.0.0.8:5203 cc=astraea pid=2239292 child=2239593
[sao-listener] single-flow mode: attached worker; stopping ss scans
[sao-listener flow 1] cport=23202 cc=astraea worker active
[sao-listener] new flow 1 10.0.0.3:23302->10.0.0.8:5204 cc=astraea pid=2237205 child=2239770
[sao-listener] single-flow mode: attached worker; stopping ss scans
[sao-listener flow 1] cport=23302 cc=astraea worker active
[worker cport=23202 agent=2] loaded checkpoint step=17958
[worker alg=ma_dreamer reward=tempest_fairness_ma cport=23202 agent=2 group=slot2_ep48 flow=1] started interval=20ms det=1 latent=8x8
[worker cport=23302 agent=2] loaded checkpoint step=17958
[worker alg=ma_dreamer reward=tempest_fairness_ma cport=23302 agent=2 group=slot3_ep46 flow=1] started interval=20ms det=1 latent=8x8
[orch] link change t=30.0s bw=20 delay=48
[sao-listener] new flow 1 10.0.0.3:23702->10.0.0.8:5208 cc=astraea pid=2238707 child=2241221
[sao-listener] single-flow mode: attached worker; stopping ss scans
[sao-listener flow 1] cport=23702 cc=astraea worker active
[orch] link change t=30.0s bw=85 delay=39
[worker cport=23702 agent=2] loaded checkpoint step=17958
[worker alg=ma_dreamer reward=tempest_fairness_ma cport=23702 agent=2 group=slot7_ep47 flow=1] started interval=20ms det=1 latent=8x8
[sao-listener] new flow 1 10.0.0.4:23803->10.0.0.9:5209 cc=astraea pid=2241112 child=2241849
[sao-listener] single-flow mode: attached worker; stopping ss scans
[sao-listener flow 1] cport=23803 cc=astraea worker active
[sao-listener] new flow 1 10.0.0.3:23102->10.0.0.8:5202 cc=astraea pid=2241484 child=2242132
[sao-listener] single-flow mode: attached worker; stopping ss scans
[sao-listener flow 1] cport=23102 cc=astraea worker active
[worker cport=23803 agent=3] loaded checkpoint step=17958
[worker alg=ma_dreamer reward=tempest_fairness_ma cport=23803 agent=3 group=slot8_ep41 flow=1] started interval=20ms det=1 latent=8x8
[worker cport=23102 agent=2] loaded checkpoint step=17958
[worker alg=ma_dreamer reward=tempest_fairness_ma cport=23102 agent=2 group=slot1_ep49 flow=1] started interval=20ms det=1 latent=8x8
[orch] link change t=30.0s bw=68 delay=83
[sao-listener] new flow 1 10.0.0.4:23403->10.0.0.9:5205 cc=astraea pid=2241451 child=2242943
[sao-listener] single-flow mode: attached worker; stopping ss scans
[sao-listener flow 1] cport=23403 cc=astraea worker active
[sao-listener] new flow 1 10.0.0.4:23603->10.0.0.9:5207 cc=astraea pid=2242898 child=2243099
[sao-listener] single-flow mode: attached worker; stopping ss scans
[sao-listener flow 1] cport=23603 cc=astraea worker active
[orch] link change t=30.0s bw=78 delay=48
[sao-listener] new flow 1 10.0.0.4:23503->10.0.0.9:5206 cc=astraea pid=2241657 child=2243322
[sao-listener] single-flow mode: attached worker; stopping ss scans
[sao-listener flow 1] cport=23503 cc=astraea worker active
[worker cport=23403 agent=3] loaded checkpoint step=17958
[worker alg=ma_dreamer reward=tempest_fairness_ma cport=23403 agent=3 group=slot4_ep42 flow=1] started interval=20ms det=1 latent=8x8
[worker cport=23603 agent=3] loaded checkpoint step=17958
[worker alg=ma_dreamer reward=tempest_fairness_ma cport=23603 agent=3 group=slot6_ep45 flow=1] started interval=20ms det=1 latent=8x8
[worker cport=23503 agent=3] loaded checkpoint step=17958
[worker alg=ma_dreamer reward=tempest_fairness_ma cport=23503 agent=3 group=slot5_ep43 flow=1] started interval=20ms det=1 latent=8x8
[sao-listener] new flow 1 10.0.0.3:23002->10.0.0.8:5201 cc=astraea pid=2243056 child=2243851
[sao-listener] single-flow mode: attached worker; stopping ss scans
[sao-listener flow 1] cport=23002 cc=astraea worker active
[sao-listener] new flow 1 10.0.0.4:23903->10.0.0.9:5210 cc=astraea pid=2242046 child=2244089
[sao-listener] single-flow mode: attached worker; stopping ss scans
[sao-listener flow 1] cport=23903 cc=astraea worker active
[worker cport=23002 agent=2] loaded checkpoint step=17958
[worker alg=ma_dreamer reward=tempest_fairness_ma cport=23002 agent=2 group=slot0_ep50 flow=1] started interval=20ms det=1 latent=8x8
[worker cport=23903 agent=3] loaded checkpoint step=17958
[worker alg=ma_dreamer reward=tempest_fairness_ma cport=23903 agent=3 group=slot9_ep44 flow=1] started interval=20ms det=1 latent=8x8
[sao-listener] new flow 1 10.0.0.4:23303->10.0.0.9:5204 cc=astraea pid=2244037 child=2244753
[sao-listener] single-flow mode: attached worker; stopping ss scans
[sao-listener flow 1] cport=23303 cc=astraea worker active
[orch] link change t=30.0s bw=51 delay=80
[worker cport=23303 agent=3] loaded checkpoint step=17958
[worker alg=ma_dreamer reward=tempest_fairness_ma cport=23303 agent=3 group=slot3_ep46 flow=1] started interval=20ms det=1 latent=8x8
[sao-listener] new flow 1 10.0.0.4:23703->10.0.0.9:5208 cc=astraea pid=2244898 child=2245861
[sao-listener] single-flow mode: attached worker; stopping ss scans
[sao-listener flow 1] cport=23703 cc=astraea worker active
[orch] link change t=30.0s bw=41 delay=98
[orch] link change t=45.0s bw=98 delay=46
[worker cport=23703 agent=3] loaded checkpoint step=17958
[worker alg=ma_dreamer reward=tempest_fairness_ma cport=23703 agent=3 group=slot7_ep47 flow=1] started interval=20ms det=1 latent=8x8
[orch] link change t=45.0s bw=27 delay=23
[sao-listener] new flow 1 10.0.0.4:23203->10.0.0.9:5203 cc=astraea pid=2245246 child=2246345
[sao-listener] single-flow mode: attached worker; stopping ss scans
[sao-listener flow 1] cport=23203 cc=astraea worker active
[orch] link change t=45.0s bw=95 delay=99
[worker cport=23203 agent=3] loaded checkpoint step=17958
[worker alg=ma_dreamer reward=tempest_fairness_ma cport=23203 agent=3 group=slot2_ep48 flow=1] started interval=20ms det=1 latent=8x8
[orch] link change t=45.0s bw=58 delay=38
[sao-listener] new flow 1 10.0.0.5:23404->10.0.0.10:5205 cc=astraea pid=2246530 child=2246828
[sao-listener] single-flow mode: attached worker; stopping ss scans
[sao-listener flow 1] cport=23404 cc=astraea worker active
[sao-listener] new flow 1 10.0.0.5:23504->10.0.0.10:5206 cc=astraea pid=2246687 child=2247052
[sao-listener] single-flow mode: attached worker; stopping ss scans
[sao-listener flow 1] cport=23504 cc=astraea worker active
[worker cport=23404 agent=4] loaded checkpoint step=17958
[worker alg=ma_dreamer reward=tempest_fairness_ma cport=23404 agent=4 group=slot4_ep42 flow=1] started interval=20ms det=1 latent=8x8
[orch] link change t=45.0s bw=53 delay=12
[worker cport=23504 agent=4] loaded checkpoint step=17958
[worker alg=ma_dreamer reward=tempest_fairness_ma cport=23504 agent=4 group=slot5_ep43 flow=1] started interval=20ms det=1 latent=8x8
[sao-listener] new flow 1 10.0.0.5:23904->10.0.0.10:5210 cc=astraea pid=2246897 child=2247466
[sao-listener] single-flow mode: attached worker; stopping ss scans
[sao-listener flow 1] cport=23904 cc=astraea worker active
[sao-listener] new flow 1 10.0.0.5:23804->10.0.0.10:5209 cc=astraea pid=2246317 child=2247653
[sao-listener] single-flow mode: attached worker; stopping ss scans
[sao-listener flow 1] cport=23804 cc=astraea worker active
[worker cport=23904 agent=4] loaded checkpoint step=17958
[worker alg=ma_dreamer reward=tempest_fairness_ma cport=23904 agent=4 group=slot9_ep44 flow=1] started interval=20ms det=1 latent=8x8
[sao-listener] new flow 1 10.0.0.4:23103->10.0.0.9:5202 cc=astraea pid=2246549 child=2247849
[sao-listener] single-flow mode: attached worker; stopping ss scans
[sao-listener flow 1] cport=23103 cc=astraea worker active
[orch] link change t=45.0s bw=91 delay=76
[worker cport=23804 agent=4] loaded checkpoint step=17958
[worker alg=ma_dreamer reward=tempest_fairness_ma cport=23804 agent=4 group=slot8_ep41 flow=1] started interval=20ms det=1 latent=8x8
[worker cport=23103 agent=3] loaded checkpoint step=17958
[worker alg=ma_dreamer reward=tempest_fairness_ma cport=23103 agent=3 group=slot1_ep49 flow=1] started interval=20ms det=1 latent=8x8
[sao-listener] new flow 1 10.0.0.5:23604->10.0.0.10:5207 cc=astraea pid=2247407 child=2248268
[sao-listener] single-flow mode: attached worker; stopping ss scans
[sao-listener flow 1] cport=23604 cc=astraea worker active
[orch] link change t=45.0s bw=53 delay=42
[worker cport=23604 agent=4] loaded checkpoint step=17958
[worker alg=ma_dreamer reward=tempest_fairness_ma cport=23604 agent=4 group=slot6_ep45 flow=1] started interval=20ms det=1 latent=8x8
[sao-listener] new flow 1 10.0.0.4:23003->10.0.0.9:5201 cc=astraea pid=2247471 child=2248534
[sao-listener] single-flow mode: attached worker; stopping ss scans
[sao-listener flow 1] cport=23003 cc=astraea worker active
[orch] link change t=45.0s bw=74 delay=34
[sao-listener] new flow 1 10.0.0.5:23704->10.0.0.10:5208 cc=astraea pid=2248502 child=2248656
[sao-listener] single-flow mode: attached worker; stopping ss scans
[sao-listener flow 1] cport=23704 cc=astraea worker active
[worker cport=23003 agent=3] loaded checkpoint step=17958
[worker alg=ma_dreamer reward=tempest_fairness_ma cport=23003 agent=3 group=slot0_ep50 flow=1] started interval=20ms det=1 latent=8x8
[worker cport=23704 agent=4] loaded checkpoint step=17958
[worker alg=ma_dreamer reward=tempest_fairness_ma cport=23704 agent=4 group=slot7_ep47 flow=1] started interval=20ms det=1 latent=8x8
[sao-listener] new flow 1 10.0.0.5:23204->10.0.0.10:5203 cc=astraea pid=2248712 child=2248934
[sao-listener] single-flow mode: attached worker; stopping ss scans
[sao-listener flow 1] cport=23204 cc=astraea worker active
[sao-listener] new flow 1 10.0.0.5:23304->10.0.0.10:5204 cc=astraea pid=2248061 child=2249013
[sao-listener] single-flow mode: attached worker; stopping ss scans
[sao-listener flow 1] cport=23304 cc=astraea worker active
[worker cport=23204 agent=4] loaded checkpoint step=17958
[worker alg=ma_dreamer reward=tempest_fairness_ma cport=23204 agent=4 group=slot2_ep48 flow=1] started interval=20ms det=1 latent=8x8
[worker cport=23304 agent=4] loaded checkpoint step=17958
[worker alg=ma_dreamer reward=tempest_fairness_ma cport=23304 agent=4 group=slot3_ep46 flow=1] started interval=20ms det=1 latent=8x8
[orch] link change t=45.0s bw=75 delay=16
[sao-listener] new flow 1 10.0.0.5:23104->10.0.0.10:5202 cc=astraea pid=2249255 child=2249353
[sao-listener] single-flow mode: attached worker; stopping ss scans
[sao-listener flow 1] cport=23104 cc=astraea worker active
[orch] link change t=45.0s bw=70 delay=52
[orch] link change t=60.0s bw=80 delay=45
[worker cport=23104 agent=4] loaded checkpoint step=17958
[worker alg=ma_dreamer reward=tempest_fairness_ma cport=23104 agent=4 group=slot1_ep49 flow=1] started interval=20ms det=1 latent=8x8
[orch] link change t=60.0s bw=96 delay=79
[orch] link change t=60.0s bw=22 delay=68
[orch] link change t=60.0s bw=47 delay=13
[sao-listener] new flow 1 10.0.0.5:23004->10.0.0.10:5201 cc=astraea pid=2249427 child=2249538
[sao-listener] single-flow mode: attached worker; stopping ss scans
[sao-listener flow 1] cport=23004 cc=astraea worker active
[orch] link change t=60.0s bw=19 delay=71
[worker cport=23004 agent=4] loaded checkpoint step=17958
[worker alg=ma_dreamer reward=tempest_fairness_ma cport=23004 agent=4 group=slot0_ep50 flow=1] started interval=20ms det=1 latent=8x8
[orch] link change t=60.0s bw=29 delay=84
[orch] link change t=60.0s bw=75 delay=59
[orch] link change t=60.0s bw=65 delay=31
[orch] link change t=60.0s bw=97 delay=15
[orch] link change t=60.0s bw=20 delay=78
[orch] link change t=75.0s bw=59 delay=83
[orch] link change t=75.0s bw=21 delay=85
[orch] link change t=75.0s bw=86 delay=73
[orch] link change t=75.0s bw=38 delay=24
[orch] link change t=75.0s bw=11 delay=24
[orch] link change t=75.0s bw=78 delay=14
[orch] link change t=75.0s bw=60 delay=88
[orch] link change t=75.0s bw=29 delay=94
[orch] link change t=75.0s bw=45 delay=29
[orch] link change t=75.0s bw=50 delay=38
[orch] link change t=90.0s bw=11 delay=41
[orch] link change t=90.0s bw=64 delay=14
[orch] link change t=90.0s bw=87 delay=12
[orch] link change t=90.0s bw=82 delay=11
[orch] link change t=90.0s bw=46 delay=25
[orch] link change t=90.0s bw=13 delay=18
[orch] link change t=90.0s bw=15 delay=63
[orch] link change t=90.0s bw=23 delay=73
[orch] link change t=90.0s bw=68 delay=15
[orch] link change t=90.0s bw=96 delay=81
[orch] link change t=105.0s bw=94 delay=12
[orch] link change t=105.0s bw=13 delay=21
[orch] link change t=105.0s bw=75 delay=65
[orch] link change t=105.0s bw=22 delay=30
[orch] link change t=105.0s bw=49 delay=93
[orch] link change t=105.0s bw=50 delay=90
[orch] link change t=105.0s bw=94 delay=13
[orch] link change t=105.0s bw=93 delay=38
[orch] link change t=105.0s bw=90 delay=79
[orch] link change t=105.0s bw=20 delay=29
[orch] link change t=120.0s bw=66 delay=29
[orch] link change t=120.0s bw=37 delay=39
[orch] link change t=120.0s bw=83 delay=57
[orch] link change t=120.0s bw=75 delay=98
[orch] link change t=120.0s bw=14 delay=89
[orch] link change t=120.0s bw=16 delay=13
[orch] link change t=120.0s bw=23 delay=10
[orch] link change t=120.0s bw=37 delay=75
[orch] link change t=120.0s bw=74 delay=38
[orch] link change t=120.0s bw=54 delay=22
[orch] link change t=135.0s bw=29 delay=50
[orch] link change t=135.0s bw=74 delay=87
[orch] link change t=135.0s bw=89 delay=80
[orch] link change t=135.0s bw=48 delay=98
[orch] link change t=135.0s bw=18 delay=27
[orch] link change t=135.0s bw=27 delay=80
[orch] link change t=135.0s bw=43 delay=71
[orch] link change t=135.0s bw=81 delay=75
[orch] link change t=135.0s bw=87 delay=46
[orch] link change t=135.0s bw=54 delay=50
[orch] link change t=150.0s bw=31 delay=42
[orch] link change t=150.0s bw=13 delay=81
[orch] link change t=150.0s bw=65 delay=60
[orch] link change t=150.0s bw=91 delay=58
[orch] link change t=150.0s bw=44 delay=29
[orch] link change t=150.0s bw=47 delay=77
[orch] link change t=150.0s bw=79 delay=11
[orch] link change t=150.0s bw=29 delay=70
[orch] link change t=150.0s bw=83 delay=57
[orch] link change t=150.0s bw=38 delay=34
[orch] link change t=165.0s bw=93 delay=98
[orch] link change t=165.0s bw=35 delay=93
[orch] link change t=165.0s bw=32 delay=17
[orch] link change t=165.0s bw=85 delay=61
[orch] link change t=165.0s bw=37 delay=64
[orch] link change t=165.0s bw=52 delay=21
[orch] link change t=165.0s bw=50 delay=82
[orch] link change t=165.0s bw=37 delay=13
[orch] link change t=165.0s bw=61 delay=13
[orch] link change t=165.0s bw=18 delay=52
[orch] link change t=180.0s bw=89 delay=84
[orch] link change t=180.0s bw=99 delay=79
[orch] link change t=180.0s bw=23 delay=25
[orch] link change t=180.0s bw=98 delay=95
[orch] link change t=180.0s bw=19 delay=88
[orch] link change t=180.0s bw=60 delay=100
[orch] link change t=180.0s bw=64 delay=39
[orch] link change t=180.0s bw=19 delay=64
[orch] link change t=180.0s bw=41 delay=27
[orch] link change t=180.0s bw=87 delay=87
[orch] link change t=195.0s bw=17 delay=25
[orch] link change t=195.0s bw=63 delay=38
[orch] link change t=195.0s bw=58 delay=29
[orch] link change t=195.0s bw=51 delay=55
[orch] link change t=195.0s bw=62 delay=28
[orch] link change t=195.0s bw=71 delay=56
[orch] link change t=195.0s bw=40 delay=76
[orch] link change t=195.0s bw=18 delay=26
[orch] link change t=195.0s bw=22 delay=64
[orch] link change t=195.0s bw=64 delay=91
[orch] link change t=210.0s bw=85 delay=14
[orch] link change t=210.0s bw=67 delay=85
[orch] link change t=210.0s bw=22 delay=30
[orch] link change t=210.0s bw=19 delay=53
[orch] link change t=210.0s bw=99 delay=17
[orch] link change t=210.0s bw=29 delay=70
[orch] link change t=210.0s bw=75 delay=55
[orch] link change t=210.0s bw=73 delay=96
[orch] link change t=210.0s bw=58 delay=51
[orch] link change t=210.0s bw=21 delay=18
[orch] link change t=225.0s bw=65 delay=46
[orch] link change t=225.0s bw=45 delay=10
[orch] link change t=225.0s bw=75 delay=73
[orch] link change t=225.0s bw=46 delay=89
[orch] link change t=225.0s bw=14 delay=32
[orch] link change t=225.0s bw=69 delay=19
[orch] link change t=225.0s bw=66 delay=40
[orch] link change t=225.0s bw=30 delay=26
[orch] link change t=225.0s bw=55 delay=44
[orch] link change t=225.0s bw=98 delay=87
[orch] link change t=240.0s bw=37 delay=19
[orch] link change t=240.0s bw=30 delay=99
[orch] link change t=240.0s bw=26 delay=59
[orch] link change t=240.0s bw=30 delay=24
[orch] link change t=240.0s bw=51 delay=42
[orch] link change t=240.0s bw=68 delay=99
[orch] link change t=240.0s bw=14 delay=81
[orch] link change t=240.0s bw=17 delay=99
[orch] link change t=240.0s bw=93 delay=61
[orch] link change t=240.0s bw=52 delay=98
[orch] link change t=255.0s bw=56 delay=70
[orch] link change t=255.0s bw=64 delay=53
[orch] link change t=255.0s bw=86 delay=74
[orch] link change t=255.0s bw=75 delay=18
[orch] link change t=255.0s bw=55 delay=50
[orch] link change t=255.0s bw=79 delay=89
[orch] link change t=255.0s bw=57 delay=98
[orch] link change t=255.0s bw=80 delay=47
[orch] link change t=255.0s bw=88 delay=89
[orch] link change t=255.0s bw=92 delay=65
[orch] link change t=270.0s bw=26 delay=81
[orch] link change t=270.0s bw=45 delay=29
[orch] link change t=270.0s bw=44 delay=83
[orch] link change t=270.0s bw=85 delay=22
[orch] link change t=270.0s bw=22 delay=62
[orch] link change t=270.0s bw=24 delay=65
[orch] link change t=270.0s bw=55 delay=86
[orch] link change t=270.0s bw=53 delay=99
[orch] link change t=270.0s bw=16 delay=94
[orch] link change t=270.0s bw=10 delay=39
[orch] link change t=285.0s bw=95 delay=12
[orch] link change t=285.0s bw=37 delay=53
[orch] link change t=285.0s bw=33 delay=58
[orch] link change t=285.0s bw=44 delay=50
[orch] link change t=285.0s bw=21 delay=12
[orch] link change t=285.0s bw=38 delay=53
[orch] link change t=285.0s bw=53 delay=81
[orch] link change t=285.0s bw=53 delay=22
[orch] link change t=285.0s bw=62 delay=98
[orch] link change t=285.0s bw=53 delay=44
[orch] link change t=300.0s bw=25 delay=22
[orch] link change t=300.0s bw=23 delay=21
[orch] link change t=300.0s bw=18 delay=16
[orch] link change t=300.0s bw=23 delay=90
[orch] link change t=300.0s bw=52 delay=50
[orch] link change t=300.0s bw=74 delay=66
[orch] link change t=300.0s bw=83 delay=35
[orch] link change t=300.0s bw=40 delay=44
[orch] link change t=300.0s bw=79 delay=88
[orch] link change t=300.0s bw=65 delay=99
[orch] link change t=315.0s bw=28 delay=98
[orch] link change t=315.0s bw=58 delay=22
[orch] link change t=315.0s bw=84 delay=17
[orch] link change t=315.0s bw=47 delay=14
[orch] link change t=315.0s bw=59 delay=99
[orch] link change t=315.0s bw=45 delay=29
[orch] link change t=315.0s bw=40 delay=14
[orch] link change t=315.0s bw=43 delay=92
[orch] link change t=315.0s bw=36 delay=93
[orch] link change t=315.0s bw=23 delay=35
[orch] link change t=330.0s bw=32 delay=16
[orch] link change t=330.0s bw=55 delay=54
[orch] link change t=330.0s bw=33 delay=17
[orch] link change t=330.0s bw=54 delay=59
[orch] link change t=330.0s bw=77 delay=94
[orch] link change t=330.0s bw=23 delay=86
[orch] link change t=330.0s bw=26 delay=52
[orch] link change t=330.0s bw=11 delay=83
[orch] link change t=330.0s bw=18 delay=82
[orch] link change t=330.0s bw=66 delay=44
[multi_ep_plot] saved -> /its/home/mm2350/extra/Olympusv2/benchmarks/benchmark_responsive_fairness/data/ma_dreamer_20260611-175726/5_flows/run41/ep000041_bw58_d52_n5.pdf  return=1232566.5
[ep_plot] ep=41 -> /its/home/mm2350/extra/Olympusv2/benchmarks/benchmark_responsive_fairness/data/ma_dreamer_20260611-175726/5_flows/run41/ep000041_bw58_d52_n5.pdf  return=1232566.453125
[orch] ep=41 sum-of-agents return=1232566.5
[responsive_fairness] slot=8 ma_dreamer_20260611-175726 flows=7 run=1
[responsive_fairness] ma_dreamer_20260611-175726 flows=5 run=41 done (141/200)
[slot=8] ep=1  flows=7  bw=27Mbps  delay=82ms  duration=345s  delays=[0.0, 7.5, 15.0, 22.5, 30.0, 37.5, 45.0]  lifetimes=[345.0, 337.5, 330.0, 322.5, 315.0, 307.5, 300.0]
[multi_ep_plot] saved -> /its/home/mm2350/extra/Olympusv2/benchmarks/benchmark_responsive_fairness/data/ma_dreamer_20260611-175726/5_flows/run42/ep000042_bw91_d24_n5.pdf  return=1080629.4
[ep_plot] ep=42 -> /its/home/mm2350/extra/Olympusv2/benchmarks/benchmark_responsive_fairness/data/ma_dreamer_20260611-175726/5_flows/run42/ep000042_bw91_d24_n5.pdf  return=1080629.421875
[orch] ep=42 sum-of-agents return=1080629.4
[responsive_fairness] slot=4 ma_dreamer_20260611-175726 flows=7 run=2
[responsive_fairness] ma_dreamer_20260611-175726 flows=5 run=42 done (142/200)
[slot=4] ep=2  flows=7  bw=17Mbps  delay=21ms  duration=345s  delays=[0.0, 7.5, 15.0, 22.5, 30.0, 37.5, 45.0]  lifetimes=[345.0, 337.5, 330.0, 322.5, 315.0, 307.5, 300.0]
[sao-listener] cport=23800 worker=/its/home/mm2350/extra/Olympusv2/olympus/algorithms/ma_dreamer/worker.py scan=20ms target_cc=astraea single_flow=1 no_state_pipe=1
[sao-listener] cport=23801 worker=/its/home/mm2350/extra/Olympusv2/olympus/algorithms/ma_dreamer/worker.py scan=20ms target_cc=astraea single_flow=1 no_state_pipe=1
[sao-listener] cport=23802 worker=/its/home/mm2350/extra/Olympusv2/olympus/algorithms/ma_dreamer/worker.py scan=20ms target_cc=astraea single_flow=1 no_state_pipe=1
[sao-listener] cport=23803 worker=/its/home/mm2350/extra/Olympusv2/olympus/algorithms/ma_dreamer/worker.py scan=20ms target_cc=astraea single_flow=1 no_state_pipe=1
[sao-listener] cport=23804 worker=/its/home/mm2350/extra/Olympusv2/olympus/algorithms/ma_dreamer/worker.py scan=20ms target_cc=astraea single_flow=1 no_state_pipe=1
[sao-listener] cport=23805 worker=/its/home/mm2350/extra/Olympusv2/olympus/algorithms/ma_dreamer/worker.py scan=20ms target_cc=astraea single_flow=1 no_state_pipe=1
[multi_ep_plot] saved -> /its/home/mm2350/extra/Olympusv2/benchmarks/benchmark_responsive_fairness/data/ma_dreamer_20260611-175726/5_flows/run43/ep000043_bw14_d46_n5.pdf  return=1264223.1
[ep_plot] ep=43 -> /its/home/mm2350/extra/Olympusv2/benchmarks/benchmark_responsive_fairness/data/ma_dreamer_20260611-175726/5_flows/run43/ep000043_bw14_d46_n5.pdf  return=1264223.125
[orch] ep=43 sum-of-agents return=1264223.1
[sao-listener] cport=23806 worker=/its/home/mm2350/extra/Olympusv2/olympus/algorithms/ma_dreamer/worker.py scan=20ms target_cc=astraea single_flow=1 no_state_pipe=1
[responsive_fairness] slot=5 ma_dreamer_20260611-175726 flows=7 run=3
[responsive_fairness] ma_dreamer_20260611-175726 flows=5 run=43 done (143/200)
[slot=5] ep=3  flows=7  bw=40Mbps  delay=85ms  duration=345s  delays=[0.0, 7.5, 15.0, 22.5, 30.0, 37.5, 45.0]  lifetimes=[345.0, 337.5, 330.0, 322.5, 315.0, 307.5, 300.0]
[multi_ep_plot] saved -> /its/home/mm2350/extra/Olympusv2/benchmarks/benchmark_responsive_fairness/data/ma_dreamer_20260611-175726/5_flows/run44/ep000044_bw62_d76_n5.pdf  return=1286405.7
[ep_plot] ep=44 -> /its/home/mm2350/extra/Olympusv2/benchmarks/benchmark_responsive_fairness/data/ma_dreamer_20260611-175726/5_flows/run44/ep000044_bw62_d76_n5.pdf  return=1286405.6875
[orch] ep=44 sum-of-agents return=1286405.7
[responsive_fairness] slot=9 ma_dreamer_20260611-175726 flows=7 run=4
[responsive_fairness] ma_dreamer_20260611-175726 flows=5 run=44 done (144/200)
[slot=9] ep=4  flows=7  bw=40Mbps  delay=48ms  duration=345s  delays=[0.0, 7.5, 15.0, 22.5, 30.0, 37.5, 45.0]  lifetimes=[345.0, 337.5, 330.0, 322.5, 315.0, 307.5, 300.0]
[sao-listener] cport=23400 worker=/its/home/mm2350/extra/Olympusv2/olympus/algorithms/ma_dreamer/worker.py scan=20ms target_cc=astraea single_flow=1 no_state_pipe=1
[sao-listener] cport=23401 worker=/its/home/mm2350/extra/Olympusv2/olympus/algorithms/ma_dreamer/worker.py scan=20ms target_cc=astraea single_flow=1 no_state_pipe=1
[sao-listener] cport=23402 worker=/its/home/mm2350/extra/Olympusv2/olympus/algorithms/ma_dreamer/worker.py scan=20ms target_cc=astraea single_flow=1 no_state_pipe=1
[sao-listener] cport=23403 worker=/its/home/mm2350/extra/Olympusv2/olympus/algorithms/ma_dreamer/worker.py scan=20ms target_cc=astraea single_flow=1 no_state_pipe=1
[sao-listener] cport=23404 worker=/its/home/mm2350/extra/Olympusv2/olympus/algorithms/ma_dreamer/worker.py scan=20ms target_cc=astraea single_flow=1 no_state_pipe=1
[sao-listener] cport=23405 worker=/its/home/mm2350/extra/Olympusv2/olympus/algorithms/ma_dreamer/worker.py scan=20ms target_cc=astraea single_flow=1 no_state_pipe=1
[sao-listener] cport=23406 worker=/its/home/mm2350/extra/Olympusv2/olympus/algorithms/ma_dreamer/worker.py scan=20ms target_cc=astraea single_flow=1 no_state_pipe=1
[sao-listener] cport=23500 worker=/its/home/mm2350/extra/Olympusv2/olympus/algorithms/ma_dreamer/worker.py scan=20ms target_cc=astraea single_flow=1 no_state_pipe=1
[sao-listener] cport=23501 worker=/its/home/mm2350/extra/Olympusv2/olympus/algorithms/ma_dreamer/worker.py scan=20ms target_cc=astraea single_flow=1 no_state_pipe=1
[sao-listener] cport=23502 worker=/its/home/mm2350/extra/Olympusv2/olympus/algorithms/ma_dreamer/worker.py scan=20ms target_cc=astraea single_flow=1 no_state_pipe=1
[sao-listener] cport=23503 worker=/its/home/mm2350/extra/Olympusv2/olympus/algorithms/ma_dreamer/worker.py scan=20ms target_cc=astraea single_flow=1 no_state_pipe=1
[sao-listener] cport=23504 worker=/its/home/mm2350/extra/Olympusv2/olympus/algorithms/ma_dreamer/worker.py scan=20ms target_cc=astraea single_flow=1 no_state_pipe=1
[sao-listener] cport=23505 worker=/its/home/mm2350/extra/Olympusv2/olympus/algorithms/ma_dreamer/worker.py scan=20ms target_cc=astraea single_flow=1 no_state_pipe=1
[sao-listener] cport=23506 worker=/its/home/mm2350/extra/Olympusv2/olympus/algorithms/ma_dreamer/worker.py scan=20ms target_cc=astraea single_flow=1 no_state_pipe=1
[sao-listener] cport=23900 worker=/its/home/mm2350/extra/Olympusv2/olympus/algorithms/ma_dreamer/worker.py scan=20ms target_cc=astraea single_flow=1 no_state_pipe=1
[sao-listener] cport=23901 worker=/its/home/mm2350/extra/Olympusv2/olympus/algorithms/ma_dreamer/worker.py scan=20ms target_cc=astraea single_flow=1 no_state_pipe=1
[sao-listener] cport=23902 worker=/its/home/mm2350/extra/Olympusv2/olympus/algorithms/ma_dreamer/worker.py scan=20ms target_cc=astraea single_flow=1 no_state_pipe=1
[sao-listener] cport=23903 worker=/its/home/mm2350/extra/Olympusv2/olympus/algorithms/ma_dreamer/worker.py scan=20ms target_cc=astraea single_flow=1 no_state_pipe=1
[sao-listener] cport=23904 worker=/its/home/mm2350/extra/Olympusv2/olympus/algorithms/ma_dreamer/worker.py scan=20ms target_cc=astraea single_flow=1 no_state_pipe=1
[sao-listener] cport=23905 worker=/its/home/mm2350/extra/Olympusv2/olympus/algorithms/ma_dreamer/worker.py scan=20ms target_cc=astraea single_flow=1 no_state_pipe=1
[sao-listener] cport=23906 worker=/its/home/mm2350/extra/Olympusv2/olympus/algorithms/ma_dreamer/worker.py scan=20ms target_cc=astraea single_flow=1 no_state_pipe=1
[sao-listener] new flow 1 10.0.0.1:23800->10.0.0.8:5209 cc=astraea pid=2253596 child=2256028
[sao-listener] single-flow mode: attached worker; stopping ss scans
[sao-listener flow 1] cport=23800 cc=astraea worker active
[multi_ep_plot] saved -> /its/home/mm2350/extra/Olympusv2/benchmarks/benchmark_responsive_fairness/data/ma_dreamer_20260611-175726/5_flows/run45/ep000045_bw44_d63_n5.pdf  return=1091344.8
[ep_plot] ep=45 -> /its/home/mm2350/extra/Olympusv2/benchmarks/benchmark_responsive_fairness/data/ma_dreamer_20260611-175726/5_flows/run45/ep000045_bw44_d63_n5.pdf  return=1091344.796875
[orch] ep=45 sum-of-agents return=1091344.8
[responsive_fairness] slot=6 ma_dreamer_20260611-175726 flows=7 run=5
[responsive_fairness] ma_dreamer_20260611-175726 flows=5 run=45 done (145/200)
[slot=6] ep=5  flows=7  bw=89Mbps  delay=42ms  duration=345s  delays=[0.0, 7.5, 15.0, 22.5, 30.0, 37.5, 45.0]  lifetimes=[345.0, 337.5, 330.0, 322.5, 315.0, 307.5, 300.0]
[worker cport=23800 agent=0] loaded checkpoint step=17958
[worker alg=ma_dreamer reward=tempest_fairness_ma cport=23800 agent=0 group=slot8_ep1 flow=1] started interval=20ms det=1 latent=8x8
[sao-listener] new flow 1 10.0.0.1:23400->10.0.0.8:5205 cc=astraea pid=2254707 child=2256940
[sao-listener] single-flow mode: attached worker; stopping ss scans
[sao-listener flow 1] cport=23400 cc=astraea worker active
[sao-listener] cport=23600 worker=/its/home/mm2350/extra/Olympusv2/olympus/algorithms/ma_dreamer/worker.py scan=20ms target_cc=astraea single_flow=1 no_state_pipe=1
[sao-listener] cport=23601 worker=/its/home/mm2350/extra/Olympusv2/olympus/algorithms/ma_dreamer/worker.py scan=20ms target_cc=astraea single_flow=1 no_state_pipe=1
[sao-listener] cport=23602 worker=/its/home/mm2350/extra/Olympusv2/olympus/algorithms/ma_dreamer/worker.py scan=20ms target_cc=astraea single_flow=1 no_state_pipe=1
[sao-listener] cport=23603 worker=/its/home/mm2350/extra/Olympusv2/olympus/algorithms/ma_dreamer/worker.py scan=20ms target_cc=astraea single_flow=1 no_state_pipe=1
[sao-listener] cport=23604 worker=/its/home/mm2350/extra/Olympusv2/olympus/algorithms/ma_dreamer/worker.py scan=20ms target_cc=astraea single_flow=1 no_state_pipe=1
[sao-listener] cport=23605 worker=/its/home/mm2350/extra/Olympusv2/olympus/algorithms/ma_dreamer/worker.py scan=20ms target_cc=astraea single_flow=1 no_state_pipe=1
[sao-listener] cport=23606 worker=/its/home/mm2350/extra/Olympusv2/olympus/algorithms/ma_dreamer/worker.py scan=20ms target_cc=astraea single_flow=1 no_state_pipe=1
[worker cport=23400 agent=0] loaded checkpoint step=17958
[worker alg=ma_dreamer reward=tempest_fairness_ma cport=23400 agent=0 group=slot4_ep2 flow=1] started interval=20ms det=1 latent=8x8
[sao-listener] new flow 1 10.0.0.1:23500->10.0.0.8:5206 cc=astraea pid=2255778 child=2258429
[sao-listener] single-flow mode: attached worker; stopping ss scans
[sao-listener flow 1] cport=23500 cc=astraea worker active
[multi_ep_plot] saved -> /its/home/mm2350/extra/Olympusv2/benchmarks/benchmark_responsive_fairness/data/ma_dreamer_20260611-175726/5_flows/run46/ep000046_bw19_d61_n5.pdf  return=1157203.6
[ep_plot] ep=46 -> /its/home/mm2350/extra/Olympusv2/benchmarks/benchmark_responsive_fairness/data/ma_dreamer_20260611-175726/5_flows/run46/ep000046_bw19_d61_n5.pdf  return=1157203.625
[orch] ep=46 sum-of-agents return=1157203.6
[responsive_fairness] slot=3 ma_dreamer_20260611-175726 flows=7 run=6
[responsive_fairness] ma_dreamer_20260611-175726 flows=5 run=46 done (146/200)
[slot=3] ep=6  flows=7  bw=83Mbps  delay=20ms  duration=345s  delays=[0.0, 7.5, 15.0, 22.5, 30.0, 37.5, 45.0]  lifetimes=[345.0, 337.5, 330.0, 322.5, 315.0, 307.5, 300.0]
[sao-listener] new flow 1 10.0.0.1:23900->10.0.0.8:5210 cc=astraea pid=2256351 child=2259054
[sao-listener flow 1] cport=23900 cc=astraea worker active
[sao-listener] single-flow mode: attached worker; stopping ss scans
[worker cport=23500 agent=0] loaded checkpoint step=17958
[worker alg=ma_dreamer reward=tempest_fairness_ma cport=23500 agent=0 group=slot5_ep3 flow=1] started interval=20ms det=1 latent=8x8
[sao-listener] cport=23300 worker=/its/home/mm2350/extra/Olympusv2/olympus/algorithms/ma_dreamer/worker.py scan=20ms target_cc=astraea single_flow=1 no_state_pipe=1
[sao-listener] cport=23301 worker=/its/home/mm2350/extra/Olympusv2/olympus/algorithms/ma_dreamer/worker.py scan=20ms target_cc=astraea single_flow=1 no_state_pipe=1
[sao-listener] cport=23302 worker=/its/home/mm2350/extra/Olympusv2/olympus/algorithms/ma_dreamer/worker.py scan=20ms target_cc=astraea single_flow=1 no_state_pipe=1
[sao-listener] cport=23303 worker=/its/home/mm2350/extra/Olympusv2/olympus/algorithms/ma_dreamer/worker.py scan=20ms target_cc=astraea single_flow=1 no_state_pipe=1
[sao-listener] cport=23304 worker=/its/home/mm2350/extra/Olympusv2/olympus/algorithms/ma_dreamer/worker.py scan=20ms target_cc=astraea single_flow=1 no_state_pipe=1
[sao-listener] cport=23305 worker=/its/home/mm2350/extra/Olympusv2/olympus/algorithms/ma_dreamer/worker.py scan=20ms target_cc=astraea single_flow=1 no_state_pipe=1
[sao-listener] cport=23306 worker=/its/home/mm2350/extra/Olympusv2/olympus/algorithms/ma_dreamer/worker.py scan=20ms target_cc=astraea single_flow=1 no_state_pipe=1
[worker cport=23900 agent=0] loaded checkpoint step=17958
[worker alg=ma_dreamer reward=tempest_fairness_ma cport=23900 agent=0 group=slot9_ep4 flow=1] started interval=20ms det=1 latent=8x8
[multi_ep_plot] saved -> /its/home/mm2350/extra/Olympusv2/benchmarks/benchmark_responsive_fairness/data/ma_dreamer_20260611-175726/5_flows/run47/ep000047_bw55_d18_n5.pdf  return=1151591.0
[ep_plot] ep=47 -> /its/home/mm2350/extra/Olympusv2/benchmarks/benchmark_responsive_fairness/data/ma_dreamer_20260611-175726/5_flows/run47/ep000047_bw55_d18_n5.pdf  return=1151591.015625
[orch] ep=47 sum-of-agents return=1151591.0
[responsive_fairness] slot=7 ma_dreamer_20260611-175726 flows=7 run=7
[responsive_fairness] ma_dreamer_20260611-175726 flows=5 run=47 done (147/200)
[slot=7] ep=7  flows=7  bw=51Mbps  delay=29ms  duration=345s  delays=[0.0, 7.5, 15.0, 22.5, 30.0, 37.5, 45.0]  lifetimes=[345.0, 337.5, 330.0, 322.5, 315.0, 307.5, 300.0]
[sao-listener] new flow 1 10.0.0.1:23600->10.0.0.8:5207 cc=astraea pid=2258113 child=2261876
[sao-listener] single-flow mode: attached worker; stopping ss scans
[sao-listener flow 1] cport=23600 cc=astraea worker active
[multi_ep_plot] saved -> /its/home/mm2350/extra/Olympusv2/benchmarks/benchmark_responsive_fairness/data/ma_dreamer_20260611-175726/5_flows/run48/ep000048_bw80_d50_n5.pdf  return=1150069.6
[ep_plot] ep=48 -> /its/home/mm2350/extra/Olympusv2/benchmarks/benchmark_responsive_fairness/data/ma_dreamer_20260611-175726/5_flows/run48/ep000048_bw80_d50_n5.pdf  return=1150069.640625
[orch] ep=48 sum-of-agents return=1150069.6
[responsive_fairness] slot=2 ma_dreamer_20260611-175726 flows=7 run=8
[responsive_fairness] ma_dreamer_20260611-175726 flows=5 run=48 done (148/200)
[slot=2] ep=8  flows=7  bw=39Mbps  delay=57ms  duration=345s  delays=[0.0, 7.5, 15.0, 22.5, 30.0, 37.5, 45.0]  lifetimes=[345.0, 337.5, 330.0, 322.5, 315.0, 307.5, 300.0]
[sao-listener] cport=23700 worker=/its/home/mm2350/extra/Olympusv2/olympus/algorithms/ma_dreamer/worker.py scan=20ms target_cc=astraea single_flow=1 no_state_pipe=1
[sao-listener] cport=23701 worker=/its/home/mm2350/extra/Olympusv2/olympus/algorithms/ma_dreamer/worker.py scan=20ms target_cc=astraea single_flow=1 no_state_pipe=1
[sao-listener] cport=23702 worker=/its/home/mm2350/extra/Olympusv2/olympus/algorithms/ma_dreamer/worker.py scan=20ms target_cc=astraea single_flow=1 no_state_pipe=1
[sao-listener] cport=23703 worker=/its/home/mm2350/extra/Olympusv2/olympus/algorithms/ma_dreamer/worker.py scan=20ms target_cc=astraea single_flow=1 no_state_pipe=1
[sao-listener] cport=23704 worker=/its/home/mm2350/extra/Olympusv2/olympus/algorithms/ma_dreamer/worker.py scan=20ms target_cc=astraea single_flow=1 no_state_pipe=1
[sao-listener] cport=23705 worker=/its/home/mm2350/extra/Olympusv2/olympus/algorithms/ma_dreamer/worker.py scan=20ms target_cc=astraea single_flow=1 no_state_pipe=1
[sao-listener] cport=23706 worker=/its/home/mm2350/extra/Olympusv2/olympus/algorithms/ma_dreamer/worker.py scan=20ms target_cc=astraea single_flow=1 no_state_pipe=1
[sao-listener] new flow 1 10.0.0.2:23801->10.0.0.9:5209 cc=astraea pid=2261629 child=2263200
[sao-listener flow 1] cport=23801 cc=astraea worker active
[sao-listener] single-flow mode: attached worker; stopping ss scans
[worker cport=23600 agent=0] loaded checkpoint step=17958
[worker alg=ma_dreamer reward=tempest_fairness_ma cport=23600 agent=0 group=slot6_ep5 flow=1] started interval=20ms det=1 latent=8x8
[sao-listener] cport=23200 worker=/its/home/mm2350/extra/Olympusv2/olympus/algorithms/ma_dreamer/worker.py scan=20ms target_cc=astraea single_flow=1 no_state_pipe=1
[sao-listener] cport=23201 worker=/its/home/mm2350/extra/Olympusv2/olympus/algorithms/ma_dreamer/worker.py scan=20ms target_cc=astraea single_flow=1 no_state_pipe=1
[sao-listener] cport=23202 worker=/its/home/mm2350/extra/Olympusv2/olympus/algorithms/ma_dreamer/worker.py scan=20ms target_cc=astraea single_flow=1 no_state_pipe=1
[sao-listener] cport=23203 worker=/its/home/mm2350/extra/Olympusv2/olympus/algorithms/ma_dreamer/worker.py scan=20ms target_cc=astraea single_flow=1 no_state_pipe=1
[worker cport=23801 agent=1] loaded checkpoint step=17958
[sao-listener] cport=23204 worker=/its/home/mm2350/extra/Olympusv2/olympus/algorithms/ma_dreamer/worker.py scan=20ms target_cc=astraea single_flow=1 no_state_pipe=1
[worker alg=ma_dreamer reward=tempest_fairness_ma cport=23801 agent=1 group=slot8_ep1 flow=1] started interval=20ms det=1 latent=8x8
[sao-listener] cport=23205 worker=/its/home/mm2350/extra/Olympusv2/olympus/algorithms/ma_dreamer/worker.py scan=20ms target_cc=astraea single_flow=1 no_state_pipe=1
[sao-listener] cport=23206 worker=/its/home/mm2350/extra/Olympusv2/olympus/algorithms/ma_dreamer/worker.py scan=20ms target_cc=astraea single_flow=1 no_state_pipe=1
[sao-listener] new flow 1 10.0.0.2:23401->10.0.0.9:5205 cc=astraea pid=2262448 child=2265596
[sao-listener] single-flow mode: attached worker; stopping ss scans
[sao-listener flow 1] cport=23401 cc=astraea worker active
[sao-listener] new flow 1 10.0.0.1:23300->10.0.0.8:5204 cc=astraea pid=2260775 child=2266056
[sao-listener] single-flow mode: attached worker; stopping ss scans
[sao-listener flow 1] cport=23300 cc=astraea worker active
[multi_ep_plot] saved -> /its/home/mm2350/extra/Olympusv2/benchmarks/benchmark_responsive_fairness/data/ma_dreamer_20260611-175726/5_flows/run49/ep000049_bw18_d54_n5.pdf  return=1261452.5
[ep_plot] ep=49 -> /its/home/mm2350/extra/Olympusv2/benchmarks/benchmark_responsive_fairness/data/ma_dreamer_20260611-175726/5_flows/run49/ep000049_bw18_d54_n5.pdf  return=1261452.46875
[orch] ep=49 sum-of-agents return=1261452.5
[responsive_fairness] slot=1 ma_dreamer_20260611-175726 flows=7 run=9
[responsive_fairness] ma_dreamer_20260611-175726 flows=5 run=49 done (149/200)
[slot=1] ep=9  flows=7  bw=69Mbps  delay=88ms  duration=345s  delays=[0.0, 7.5, 15.0, 22.5, 30.0, 37.5, 45.0]  lifetimes=[345.0, 337.5, 330.0, 322.5, 315.0, 307.5, 300.0]
[worker cport=23401 agent=1] loaded checkpoint step=17958
[worker alg=ma_dreamer reward=tempest_fairness_ma cport=23401 agent=1 group=slot4_ep2 flow=1] started interval=20ms det=1 latent=8x8
[sao-listener] new flow 1 10.0.0.2:23601->10.0.0.9:5207 cc=astraea pid=2265698 child=2267115
[sao-listener] single-flow mode: attached worker; stopping ss scans
[sao-listener flow 1] cport=23601 cc=astraea worker active
[worker cport=23300 agent=0] loaded checkpoint step=17958
[worker alg=ma_dreamer reward=tempest_fairness_ma cport=23300 agent=0 group=slot3_ep6 flow=1] started interval=20ms det=1 latent=8x8
[worker cport=23601 agent=1] loaded checkpoint step=17958
[worker alg=ma_dreamer reward=tempest_fairness_ma cport=23601 agent=1 group=slot6_ep5 flow=1] started interval=20ms det=1 latent=8x8
[orch] link change t=15.1s bw=18 delay=42
[sao-listener] cport=23100 worker=/its/home/mm2350/extra/Olympusv2/olympus/algorithms/ma_dreamer/worker.py scan=20ms target_cc=astraea single_flow=1 no_state_pipe=1
[sao-listener] cport=23101 worker=/its/home/mm2350/extra/Olympusv2/olympus/algorithms/ma_dreamer/worker.py scan=20ms target_cc=astraea single_flow=1 no_state_pipe=1
[sao-listener] cport=23102 worker=/its/home/mm2350/extra/Olympusv2/olympus/algorithms/ma_dreamer/worker.py scan=20ms target_cc=astraea single_flow=1 no_state_pipe=1
[sao-listener] cport=23103 worker=/its/home/mm2350/extra/Olympusv2/olympus/algorithms/ma_dreamer/worker.py scan=20ms target_cc=astraea single_flow=1 no_state_pipe=1
[sao-listener] cport=23104 worker=/its/home/mm2350/extra/Olympusv2/olympus/algorithms/ma_dreamer/worker.py scan=20ms target_cc=astraea single_flow=1 no_state_pipe=1
[sao-listener] new flow 1 10.0.0.1:23700->10.0.0.8:5208 cc=astraea pid=2263722 child=2269020
[sao-listener] single-flow mode: attached worker; stopping ss scans
[sao-listener flow 1] cport=23700 cc=astraea worker active
[sao-listener] new flow 1 10.0.0.2:23501->10.0.0.9:5206 cc=astraea pid=2263353 child=2269046
[sao-listener] single-flow mode: attached worker; stopping ss scans
[sao-listener flow 1] cport=23501 cc=astraea worker active
[sao-listener] cport=23105 worker=/its/home/mm2350/extra/Olympusv2/olympus/algorithms/ma_dreamer/worker.py scan=20ms target_cc=astraea single_flow=1 no_state_pipe=1
[sao-listener] cport=23106 worker=/its/home/mm2350/extra/Olympusv2/olympus/algorithms/ma_dreamer/worker.py scan=20ms target_cc=astraea single_flow=1 no_state_pipe=1
[orch] link change t=15.0s bw=20 delay=56
[multi_ep_plot] saved -> /its/home/mm2350/extra/Olympusv2/benchmarks/benchmark_responsive_fairness/data/ma_dreamer_20260611-175726/5_flows/run50/ep000050_bw73_d44_n5.pdf  return=1191794.3
[ep_plot] ep=50 -> /its/home/mm2350/extra/Olympusv2/benchmarks/benchmark_responsive_fairness/data/ma_dreamer_20260611-175726/5_flows/run50/ep000050_bw73_d44_n5.pdf  return=1191794.3125
[orch] ep=50 sum-of-agents return=1191794.3
[responsive_fairness] slot=0 ma_dreamer_20260611-175726 flows=7 run=10
[responsive_fairness] ma_dreamer_20260611-175726 flows=5 run=50 done (150/200)
[slot=0] ep=10  flows=7  bw=83Mbps  delay=14ms  duration=345s  delays=[0.0, 7.5, 15.0, 22.5, 30.0, 37.5, 45.0]  lifetimes=[345.0, 337.5, 330.0, 322.5, 315.0, 307.5, 300.0]
[orch] link change t=15.0s bw=79 delay=26
[sao-listener] new flow 1 10.0.0.2:23901->10.0.0.9:5210 cc=astraea pid=2263943 child=2270053
[sao-listener] single-flow mode: attached worker; stopping ss scans
[sao-listener flow 1] cport=23901 cc=astraea worker active
[orch] link change t=15.0s bw=23 delay=60
[worker cport=23700 agent=0] loaded checkpoint step=17958
[worker alg=ma_dreamer reward=tempest_fairness_ma cport=23700 agent=0 group=slot7_ep7 flow=1] started interval=20ms det=1 latent=8x8
[worker cport=23501 agent=1] loaded checkpoint step=17958
[worker alg=ma_dreamer reward=tempest_fairness_ma cport=23501 agent=1 group=slot5_ep3 flow=1] started interval=20ms det=1 latent=8x8
[sao-listener] new flow 1 10.0.0.1:23200->10.0.0.8:5203 cc=astraea pid=2265330 child=2271515
[sao-listener] single-flow mode: attached worker; stopping ss scans
[sao-listener flow 1] cport=23200 cc=astraea worker active
[worker cport=23901 agent=1] loaded checkpoint step=17958
[worker alg=ma_dreamer reward=tempest_fairness_ma cport=23901 agent=1 group=slot9_ep4 flow=1] started interval=20ms det=1 latent=8x8
[sao-listener] new flow 1 10.0.0.3:23802->10.0.0.10:5209 cc=astraea pid=2269264 child=2271845
[sao-listener] single-flow mode: attached worker; stopping ss scans
[sao-listener flow 1] cport=23802 cc=astraea worker active
[sao-listener] cport=23000 worker=/its/home/mm2350/extra/Olympusv2/olympus/algorithms/ma_dreamer/worker.py scan=20ms target_cc=astraea single_flow=1 no_state_pipe=1
[sao-listener] cport=23001 worker=/its/home/mm2350/extra/Olympusv2/olympus/algorithms/ma_dreamer/worker.py scan=20ms target_cc=astraea single_flow=1 no_state_pipe=1
[sao-listener] cport=23002 worker=/its/home/mm2350/extra/Olympusv2/olympus/algorithms/ma_dreamer/worker.py scan=20ms target_cc=astraea single_flow=1 no_state_pipe=1
[orch] link change t=15.1s bw=55 delay=98
[sao-listener] cport=23003 worker=/its/home/mm2350/extra/Olympusv2/olympus/algorithms/ma_dreamer/worker.py scan=20ms target_cc=astraea single_flow=1 no_state_pipe=1
[sao-listener] cport=23004 worker=/its/home/mm2350/extra/Olympusv2/olympus/algorithms/ma_dreamer/worker.py scan=20ms target_cc=astraea single_flow=1 no_state_pipe=1
[sao-listener] cport=23005 worker=/its/home/mm2350/extra/Olympusv2/olympus/algorithms/ma_dreamer/worker.py scan=20ms target_cc=astraea single_flow=1 no_state_pipe=1
[sao-listener] cport=23006 worker=/its/home/mm2350/extra/Olympusv2/olympus/algorithms/ma_dreamer/worker.py scan=20ms target_cc=astraea single_flow=1 no_state_pipe=1
[sao-listener] new flow 1 10.0.0.2:23301->10.0.0.9:5204 cc=astraea pid=2267955 child=2272372
[sao-listener] single-flow mode: attached worker; stopping ss scans
[sao-listener flow 1] cport=23301 cc=astraea worker active
[worker cport=23200 agent=0] loaded checkpoint step=17958
[worker alg=ma_dreamer reward=tempest_fairness_ma cport=23200 agent=0 group=slot2_ep8 flow=1] started interval=20ms det=1 latent=8x8
[worker cport=23802 agent=2] loaded checkpoint step=17958
[worker alg=ma_dreamer reward=tempest_fairness_ma cport=23802 agent=2 group=slot8_ep1 flow=1] started interval=20ms det=1 latent=8x8
[worker cport=23301 agent=1] loaded checkpoint step=17958
[worker alg=ma_dreamer reward=tempest_fairness_ma cport=23301 agent=1 group=slot3_ep6 flow=1] started interval=20ms det=1 latent=8x8
[sao-listener] new flow 1 10.0.0.3:23402->10.0.0.10:5205 cc=astraea pid=2269779 child=2273962
[sao-listener flow 1] cport=23402 cc=astraea worker active
[sao-listener] single-flow mode: attached worker; stopping ss scans
[orch] link change t=15.1s bw=72 delay=43
[worker cport=23402 agent=2] loaded checkpoint step=17958
[worker alg=ma_dreamer reward=tempest_fairness_ma cport=23402 agent=2 group=slot4_ep2 flow=1] started interval=20ms det=1 latent=8x8
[sao-listener] new flow 1 10.0.0.2:23701->10.0.0.9:5208 cc=astraea pid=2270697 child=2276208
[sao-listener] single-flow mode: attached worker; stopping ss scans
[sao-listener flow 1] cport=23701 cc=astraea worker active
[orch] link change t=15.0s bw=60 delay=93
[sao-listener] new flow 1 10.0.0.3:23502->10.0.0.10:5206 cc=astraea pid=2270411 child=2276555
[sao-listener] single-flow mode: attached worker; stopping ss scans
[sao-listener flow 1] cport=23502 cc=astraea worker active
[sao-listener] new flow 1 10.0.0.1:23100->10.0.0.8:5202 cc=astraea pid=2269601 child=2276669
[sao-listener] single-flow mode: attached worker; stopping ss scans
[sao-listener flow 1] cport=23100 cc=astraea worker active
[sao-listener] new flow 1 10.0.0.3:23602->10.0.0.10:5207 cc=astraea pid=2272801 child=2276831
[sao-listener] single-flow mode: attached worker; stopping ss scans
[sao-listener flow 1] cport=23602 cc=astraea worker active
[sao-listener] new flow 1 10.0.0.4:23503->10.0.0.11:5206 cc=astraea pid=2276902 child=2277088
[sao-listener] single-flow mode: attached worker; stopping ss scans
[sao-listener flow 1] cport=23503 cc=astraea worker active
[worker cport=23701 agent=1] loaded checkpoint step=17958
[worker alg=ma_dreamer reward=tempest_fairness_ma cport=23701 agent=1 group=slot7_ep7 flow=1] started interval=20ms det=1 latent=8x8
[orch] link change t=15.0s bw=58 delay=26
[worker cport=23502 agent=2] loaded checkpoint step=17958
[worker alg=ma_dreamer reward=tempest_fairness_ma cport=23502 agent=2 group=slot5_ep3 flow=1] started interval=20ms det=1 latent=8x8
[worker cport=23100 agent=0] loaded checkpoint step=17958
[worker alg=ma_dreamer reward=tempest_fairness_ma cport=23100 agent=0 group=slot1_ep9 flow=1] started interval=20ms det=1 latent=8x8
[worker cport=23602 agent=2] loaded checkpoint step=17958
[worker alg=ma_dreamer reward=tempest_fairness_ma cport=23602 agent=2 group=slot6_ep5 flow=1] started interval=20ms det=1 latent=8x8
[sao-listener] new flow 1 10.0.0.3:23902->10.0.0.10:5210 cc=astraea pid=2270882 child=2278514
[sao-listener] single-flow mode: attached worker; stopping ss scans
[sao-listener flow 1] cport=23902 cc=astraea worker active
[worker cport=23503 agent=3] loaded checkpoint step=17958
[worker alg=ma_dreamer reward=tempest_fairness_ma cport=23503 agent=3 group=slot5_ep3 flow=1] started interval=20ms det=1 latent=8x8
[sao-listener] new flow 1 10.0.0.3:23202->10.0.0.10:5203 cc=astraea pid=2278613 child=2278995
[sao-listener] single-flow mode: attached worker; stopping ss scans
[sao-listener flow 1] cport=23202 cc=astraea worker active
[sao-listener] new flow 1 10.0.0.3:23302->10.0.0.10:5204 cc=astraea pid=2274790 child=2279063
[sao-listener] single-flow mode: attached worker; stopping ss scans
[sao-listener flow 1] cport=23302 cc=astraea worker active
[sao-listener] new flow 1 10.0.0.4:23903->10.0.0.11:5210 cc=astraea pid=2277367 child=2279517
[sao-listener] single-flow mode: attached worker; stopping ss scans
[sao-listener flow 1] cport=23903 cc=astraea worker active
[sao-listener] new flow 1 10.0.0.2:23201->10.0.0.9:5203 cc=astraea pid=2272284 child=2279778
[sao-listener] single-flow mode: attached worker; stopping ss scans
[sao-listener flow 1] cport=23201 cc=astraea worker active
[sao-listener] new flow 1 10.0.0.1:23000->10.0.0.8:5201 cc=astraea pid=2272827 child=2279785
[sao-listener] single-flow mode: attached worker; stopping ss scans
[sao-listener flow 1] cport=23000 cc=astraea worker active
[worker cport=23902 agent=2] loaded checkpoint step=17958
[worker alg=ma_dreamer reward=tempest_fairness_ma cport=23902 agent=2 group=slot9_ep4 flow=1] started interval=20ms det=1 latent=8x8
[sao-listener] new flow 1 10.0.0.2:23001->10.0.0.9:5201 cc=astraea pid=2278963 child=2279960
[sao-listener] single-flow mode: attached worker; stopping ss scans
[sao-listener flow 1] cport=23001 cc=astraea worker active
[worker cport=23302 agent=2] loaded checkpoint step=17958
[worker cport=23202 agent=2] loaded checkpoint step=17958
[worker alg=ma_dreamer reward=tempest_fairness_ma cport=23202 agent=2 group=slot2_ep8 flow=1] started interval=20ms det=1 latent=8x8
[worker alg=ma_dreamer reward=tempest_fairness_ma cport=23302 agent=2 group=slot3_ep6 flow=1] started interval=20ms det=1 latent=8x8
[sao-listener] new flow 1 10.0.0.4:23803->10.0.0.11:5209 cc=astraea pid=2275659 child=2280555
[sao-listener] single-flow mode: attached worker; stopping ss scans
[sao-listener flow 1] cport=23803 cc=astraea worker active
[worker cport=23903 agent=3] loaded checkpoint step=17958
[worker alg=ma_dreamer reward=tempest_fairness_ma cport=23903 agent=3 group=slot9_ep4 flow=1] started interval=20ms det=1 latent=8x8
[worker cport=23000 agent=0] loaded checkpoint step=17958
[worker alg=ma_dreamer reward=tempest_fairness_ma cport=23000 agent=0 group=slot0_ep10 flow=1] started interval=20ms det=1 latent=8x8
[worker cport=23201 agent=1] loaded checkpoint step=17958
[worker alg=ma_dreamer reward=tempest_fairness_ma cport=23201 agent=1 group=slot2_ep8 flow=1] started interval=20ms det=1 latent=8x8
[worker cport=23001 agent=1] loaded checkpoint step=17958
[worker alg=ma_dreamer reward=tempest_fairness_ma cport=23001 agent=1 group=slot0_ep10 flow=1] started interval=20ms det=1 latent=8x8
[worker cport=23803 agent=3] loaded checkpoint step=17958
[worker alg=ma_dreamer reward=tempest_fairness_ma cport=23803 agent=3 group=slot8_ep1 flow=1] started interval=20ms det=1 latent=8x8
[orch] link change t=30.0s bw=25 delay=73
[orch] link change t=15.0s bw=57 delay=44
[orch] link change t=30.0s bw=31 delay=95
[orch] link change t=30.0s bw=57 delay=87
[sao-listener] new flow 1 10.0.0.4:23403->10.0.0.11:5205 cc=astraea pid=2276200 child=2282689
[sao-listener] single-flow mode: attached worker; stopping ss scans
[sao-listener flow 1] cport=23403 cc=astraea worker active
[sao-listener] new flow 1 10.0.0.3:23702->10.0.0.10:5208 cc=astraea pid=2277224 child=2282901
[sao-listener] single-flow mode: attached worker; stopping ss scans
[sao-listener flow 1] cport=23702 cc=astraea worker active
[orch] link change t=30.0s bw=71 delay=29
[sao-listener] new flow 1 10.0.0.2:23101->10.0.0.9:5202 cc=astraea pid=2276025 child=2283356
[sao-listener] single-flow mode: attached worker; stopping ss scans
[sao-listener flow 1] cport=23101 cc=astraea worker active
[worker cport=23403 agent=3] loaded checkpoint step=17958
[worker alg=ma_dreamer reward=tempest_fairness_ma cport=23403 agent=3 group=slot4_ep2 flow=1] started interval=20ms det=1 latent=8x8
[sao-listener] new flow 1 10.0.0.4:23603->10.0.0.11:5207 cc=astraea pid=2278944 child=2283861
[sao-listener] single-flow mode: attached worker; stopping ss scans
[sao-listener flow 1] cport=23603 cc=astraea worker active
[worker cport=23702 agent=2] loaded checkpoint step=17958
[worker alg=ma_dreamer reward=tempest_fairness_ma cport=23702 agent=2 group=slot7_ep7 flow=1] started interval=20ms det=1 latent=8x8
[worker cport=23101 agent=1] loaded checkpoint step=17958
[worker alg=ma_dreamer reward=tempest_fairness_ma cport=23101 agent=1 group=slot1_ep9 flow=1] started interval=20ms det=1 latent=8x8
[orch] link change t=15.0s bw=64 delay=71
[orch] link change t=30.0s bw=93 delay=77
[sao-listener] new flow 1 10.0.0.3:23102->10.0.0.10:5202 cc=astraea pid=2282510 child=2284581
[sao-listener] single-flow mode: attached worker; stopping ss scans
[sao-listener flow 1] cport=23102 cc=astraea worker active
[worker cport=23603 agent=3] loaded checkpoint step=17958
[worker alg=ma_dreamer reward=tempest_fairness_ma cport=23603 agent=3 group=slot6_ep5 flow=1] started interval=20ms det=1 latent=8x8
[sao-listener] new flow 1 10.0.0.5:23904->10.0.0.12:5210 cc=astraea pid=2283656 child=2284891
[sao-listener] single-flow mode: attached worker; stopping ss scans
[sao-listener flow 1] cport=23904 cc=astraea worker active
[sao-listener] new flow 1 10.0.0.5:23504->10.0.0.12:5206 cc=astraea pid=2283204 child=2285169
[sao-listener] single-flow mode: attached worker; stopping ss scans
[sao-listener flow 1] cport=23504 cc=astraea worker active
[worker cport=23102 agent=2] loaded checkpoint step=17958
[worker alg=ma_dreamer reward=tempest_fairness_ma cport=23102 agent=2 group=slot1_ep9 flow=1] started interval=20ms det=1 latent=8x8
[worker cport=23904 agent=4] loaded checkpoint step=17958
[worker alg=ma_dreamer reward=tempest_fairness_ma cport=23904 agent=4 group=slot9_ep4 flow=1] started interval=20ms det=1 latent=8x8
[worker cport=23504 agent=4] loaded checkpoint step=17958
[worker alg=ma_dreamer reward=tempest_fairness_ma cport=23504 agent=4 group=slot5_ep3 flow=1] started interval=20ms det=1 latent=8x8
[sao-listener] new flow 1 10.0.0.4:23303->10.0.0.11:5204 cc=astraea pid=2281435 child=2286380
[sao-listener] single-flow mode: attached worker; stopping ss scans
[sao-listener flow 1] cport=23303 cc=astraea worker active
[sao-listener] new flow 1 10.0.0.4:23203->10.0.0.11:5203 cc=astraea pid=2284670 child=2286508
[sao-listener] single-flow mode: attached worker; stopping ss scans
[sao-listener flow 1] cport=23203 cc=astraea worker active
[orch] link change t=30.1s bw=14 delay=10
[sao-listener] new flow 1 10.0.0.3:23002->10.0.0.10:5201 cc=astraea pid=2285078 child=2286887
[sao-listener] single-flow mode: attached worker; stopping ss scans
[sao-listener flow 1] cport=23002 cc=astraea worker active
[sao-listener] new flow 1 10.0.0.5:23804->10.0.0.12:5209 cc=astraea pid=2282181 child=2287092
[sao-listener] single-flow mode: attached worker; stopping ss scans
[sao-listener flow 1] cport=23804 cc=astraea worker active
[worker cport=23303 agent=3] loaded checkpoint step=17958
[worker alg=ma_dreamer reward=tempest_fairness_ma cport=23303 agent=3 group=slot3_ep6 flow=1] started interval=20ms det=1 latent=8x8
[worker cport=23203 agent=3] loaded checkpoint step=17958
[worker alg=ma_dreamer reward=tempest_fairness_ma cport=23203 agent=3 group=slot2_ep8 flow=1] started interval=20ms det=1 latent=8x8
[worker cport=23002 agent=2] loaded checkpoint step=17958
[worker alg=ma_dreamer reward=tempest_fairness_ma cport=23002 agent=2 group=slot0_ep10 flow=1] started interval=20ms det=1 latent=8x8
[worker cport=23804 agent=4] loaded checkpoint step=17958
[worker alg=ma_dreamer reward=tempest_fairness_ma cport=23804 agent=4 group=slot8_ep1 flow=1] started interval=20ms det=1 latent=8x8
[sao-listener] new flow 1 10.0.0.5:23404->10.0.0.12:5205 cc=astraea pid=2282653 child=2288089
[sao-listener] single-flow mode: attached worker; stopping ss scans
[sao-listener flow 1] cport=23404 cc=astraea worker active
[orch] link change t=30.0s bw=16 delay=19
[worker cport=23404 agent=4] loaded checkpoint step=17958
[worker alg=ma_dreamer reward=tempest_fairness_ma cport=23404 agent=4 group=slot4_ep2 flow=1] started interval=20ms det=1 latent=8x8
[sao-listener] new flow 1 10.0.0.4:23703->10.0.0.11:5208 cc=astraea pid=2283477 child=2289112
[sao-listener] single-flow mode: attached worker; stopping ss scans
[sao-listener flow 1] cport=23703 cc=astraea worker active
[orch] link change t=30.0s bw=34 delay=100
[sao-listener] new flow 1 10.0.0.5:23604->10.0.0.12:5207 cc=astraea pid=2285045 child=2289550
[sao-listener] single-flow mode: attached worker; stopping ss scans
[sao-listener flow 1] cport=23604 cc=astraea worker active
[sao-listener] new flow 1 10.0.0.4:23103->10.0.0.11:5202 cc=astraea pid=2288082 child=2289643
[sao-listener] single-flow mode: attached worker; stopping ss scans
[sao-listener flow 1] cport=23103 cc=astraea worker active
[sao-listener] new flow 1 10.0.0.5:23704->10.0.0.12:5208 cc=astraea pid=2288866 child=2289831
[sao-listener] single-flow mode: attached worker; stopping ss scans
[sao-listener flow 1] cport=23704 cc=astraea worker active
[worker cport=23703 agent=3] loaded checkpoint step=17958
[worker alg=ma_dreamer reward=tempest_fairness_ma cport=23703 agent=3 group=slot7_ep7 flow=1] started interval=20ms det=1 latent=8x8
[worker cport=23604 agent=4] loaded checkpoint step=17958
[worker alg=ma_dreamer reward=tempest_fairness_ma cport=23604 agent=4 group=slot6_ep5 flow=1] started interval=20ms det=1 latent=8x8
[worker cport=23103 agent=3] loaded checkpoint step=17958
[worker alg=ma_dreamer reward=tempest_fairness_ma cport=23103 agent=3 group=slot1_ep9 flow=1] started interval=20ms det=1 latent=8x8
[worker cport=23704 agent=4] loaded checkpoint step=17958
[worker alg=ma_dreamer reward=tempest_fairness_ma cport=23704 agent=4 group=slot7_ep7 flow=1] started interval=20ms det=1 latent=8x8
[sao-listener] new flow 1 10.0.0.6:23505->10.0.0.13:5206 cc=astraea pid=2288630 child=2290523
[sao-listener] single-flow mode: attached worker; stopping ss scans
[sao-listener flow 1] cport=23505 cc=astraea worker active
[sao-listener] new flow 1 10.0.0.6:23905->10.0.0.13:5210 cc=astraea pid=2288980 child=2290802
[sao-listener] single-flow mode: attached worker; stopping ss scans
[sao-listener flow 1] cport=23905 cc=astraea worker active
[sao-listener] new flow 1 10.0.0.5:23204->10.0.0.12:5203 cc=astraea pid=2289891 child=2291024
[sao-listener] single-flow mode: attached worker; stopping ss scans
[sao-listener flow 1] cport=23204 cc=astraea worker active
[worker cport=23505 agent=5] loaded checkpoint step=17958
[worker alg=ma_dreamer reward=tempest_fairness_ma cport=23505 agent=5 group=slot5_ep3 flow=1] started interval=20ms det=1 latent=8x8
[worker cport=23905 agent=5] loaded checkpoint step=17958
[worker alg=ma_dreamer reward=tempest_fairness_ma cport=23905 agent=5 group=slot9_ep4 flow=1] started interval=20ms det=1 latent=8x8
[worker cport=23204 agent=4] loaded checkpoint step=17958
[worker alg=ma_dreamer reward=tempest_fairness_ma cport=23204 agent=4 group=slot2_ep8 flow=1] started interval=20ms det=1 latent=8x8
[sao-listener] new flow 1 10.0.0.4:23003->10.0.0.11:5201 cc=astraea pid=2290129 child=2291763
[sao-listener] single-flow mode: attached worker; stopping ss scans
[sao-listener flow 1] cport=23003 cc=astraea worker active
[orch] link change t=45.0s bw=67 delay=70
[sao-listener] new flow 1 10.0.0.5:23304->10.0.0.12:5204 cc=astraea pid=2287000 child=2291996
[sao-listener] single-flow mode: attached worker; stopping ss scans
[sao-listener flow 1] cport=23304 cc=astraea worker active
[sao-listener] new flow 1 10.0.0.6:23305->10.0.0.13:5204 cc=astraea pid=2291755 child=2292140
[sao-listener] single-flow mode: attached worker; stopping ss scans
[sao-listener flow 1] cport=23305 cc=astraea worker active
[orch] link change t=30.0s bw=27 delay=33
[worker cport=23003 agent=3] loaded checkpoint step=17958
[worker alg=ma_dreamer reward=tempest_fairness_ma cport=23003 agent=3 group=slot0_ep10 flow=1] started interval=20ms det=1 latent=8x8
[orch] link change t=45.0s bw=49 delay=42
[sao-listener] new flow 1 10.0.0.6:23805->10.0.0.13:5209 cc=astraea pid=2287777 child=2292407
[sao-listener] single-flow mode: attached worker; stopping ss scans
[sao-listener flow 1] cport=23805 cc=astraea worker active
[worker cport=23304 agent=4] loaded checkpoint step=17958
[worker alg=ma_dreamer reward=tempest_fairness_ma cport=23304 agent=4 group=slot3_ep6 flow=1] started interval=20ms det=1 latent=8x8
[worker cport=23305 agent=5] loaded checkpoint step=17958
[worker alg=ma_dreamer reward=tempest_fairness_ma cport=23305 agent=5 group=slot3_ep6 flow=1] started interval=20ms det=1 latent=8x8
[orch] link change t=45.0s bw=70 delay=90
[worker cport=23805 agent=5] loaded checkpoint step=17958
[worker alg=ma_dreamer reward=tempest_fairness_ma cport=23805 agent=5 group=slot8_ep1 flow=1] started interval=20ms det=1 latent=8x8
[orch] link change t=45.0s bw=21 delay=18
[sao-listener] new flow 1 10.0.0.6:23405->10.0.0.13:5205 cc=astraea pid=2288247 child=2293023
[sao-listener] single-flow mode: attached worker; stopping ss scans
[sao-listener flow 1] cport=23405 cc=astraea worker active
[sao-listener] new flow 1 10.0.0.7:23406->10.0.0.14:5205 cc=astraea pid=2292762 child=2293161
[sao-listener] single-flow mode: attached worker; stopping ss scans
[sao-listener flow 1] cport=23406 cc=astraea worker active
[worker cport=23405 agent=5] loaded checkpoint step=17958
[worker alg=ma_dreamer reward=tempest_fairness_ma cport=23405 agent=5 group=slot4_ep2 flow=1] started interval=20ms det=1 latent=8x8
[sao-listener] new flow 1 10.0.0.6:23605->10.0.0.13:5207 cc=astraea pid=2290103 child=2293585
[sao-listener] single-flow mode: attached worker; stopping ss scans
[sao-listener flow 1] cport=23605 cc=astraea worker active
[worker cport=23406 agent=6] loaded checkpoint step=17958
[worker alg=ma_dreamer reward=tempest_fairness_ma cport=23406 agent=6 group=slot4_ep2 flow=1] started interval=20ms det=1 latent=8x8
[sao-listener] new flow 1 10.0.0.6:23705->10.0.0.13:5208 cc=astraea pid=2293259 child=2293644
[sao-listener] single-flow mode: attached worker; stopping ss scans
[sao-listener flow 1] cport=23705 cc=astraea worker active
[sao-listener] new flow 1 10.0.0.5:23104->10.0.0.12:5202 cc=astraea pid=2292632 child=2293813
[sao-listener] single-flow mode: attached worker; stopping ss scans
[sao-listener flow 1] cport=23104 cc=astraea worker active
[orch] link change t=30.0s bw=83 delay=11
[orch] link change t=45.0s bw=13 delay=69
[worker cport=23605 agent=5] loaded checkpoint step=17958
[worker alg=ma_dreamer reward=tempest_fairness_ma cport=23605 agent=5 group=slot6_ep5 flow=1] started interval=20ms det=1 latent=8x8
[worker cport=23705 agent=5] loaded checkpoint step=17958
[worker alg=ma_dreamer reward=tempest_fairness_ma cport=23705 agent=5 group=slot7_ep7 flow=1] started interval=20ms det=1 latent=8x8
[worker cport=23104 agent=4] loaded checkpoint step=17958
[worker alg=ma_dreamer reward=tempest_fairness_ma cport=23104 agent=4 group=slot1_ep9 flow=1] started interval=20ms det=1 latent=8x8
[sao-listener] new flow 1 10.0.0.7:23906->10.0.0.14:5210 cc=astraea pid=2293319 child=2294305
[sao-listener] single-flow mode: attached worker; stopping ss scans
[sao-listener flow 1] cport=23906 cc=astraea worker active
[sao-listener] new flow 1 10.0.0.7:23506->10.0.0.14:5206 cc=astraea pid=2293092 child=2294380
[sao-listener] single-flow mode: attached worker; stopping ss scans
[sao-listener flow 1] cport=23506 cc=astraea worker active
[worker cport=23906 agent=6] loaded checkpoint step=17958
[worker alg=ma_dreamer reward=tempest_fairness_ma cport=23906 agent=6 group=slot9_ep4 flow=1] started interval=20ms det=1 latent=8x8
[worker cport=23506 agent=6] loaded checkpoint step=17958
[worker alg=ma_dreamer reward=tempest_fairness_ma cport=23506 agent=6 group=slot5_ep3 flow=1] started interval=20ms det=1 latent=8x8
[orch] link change t=45.0s bw=28 delay=94
[sao-listener] new flow 1 10.0.0.5:23004->10.0.0.12:5201 cc=astraea pid=2294175 child=2294962
[sao-listener] single-flow mode: attached worker; stopping ss scans
[sao-listener flow 1] cport=23004 cc=astraea worker active
[sao-listener] new flow 1 10.0.0.6:23205->10.0.0.13:5203 cc=astraea pid=2293940 child=2295057
[sao-listener] single-flow mode: attached worker; stopping ss scans
[sao-listener flow 1] cport=23205 cc=astraea worker active
[sao-listener] new flow 1 10.0.0.7:23806->10.0.0.14:5209 cc=astraea pid=2292374 child=2295162
[sao-listener] single-flow mode: attached worker; stopping ss scans
[sao-listener flow 1] cport=23806 cc=astraea worker active
[worker cport=23004 agent=4] loaded checkpoint step=17958
[worker alg=ma_dreamer reward=tempest_fairness_ma cport=23004 agent=4 group=slot0_ep10 flow=1] started interval=20ms det=1 latent=8x8
[worker cport=23205 agent=5] loaded checkpoint step=17958
[worker alg=ma_dreamer reward=tempest_fairness_ma cport=23205 agent=5 group=slot2_ep8 flow=1] started interval=20ms det=1 latent=8x8
[worker cport=23806 agent=6] loaded checkpoint step=17958
[worker alg=ma_dreamer reward=tempest_fairness_ma cport=23806 agent=6 group=slot8_ep1 flow=1] started interval=20ms det=1 latent=8x8
[orch] link change t=45.0s bw=78 delay=22
[orch] link change t=45.0s bw=15 delay=20
[sao-listener] new flow 1 10.0.0.6:23105->10.0.0.13:5202 cc=astraea pid=2295555 child=2295909
[sao-listener] single-flow mode: attached worker; stopping ss scans
[sao-listener flow 1] cport=23105 cc=astraea worker active
[sao-listener] new flow 1 10.0.0.7:23606->10.0.0.14:5207 cc=astraea pid=2294162 child=2295977
[sao-listener] single-flow mode: attached worker; stopping ss scans
[sao-listener flow 1] cport=23606 cc=astraea worker active
[worker cport=23105 agent=5] loaded checkpoint step=17958
[worker alg=ma_dreamer reward=tempest_fairness_ma cport=23105 agent=5 group=slot1_ep9 flow=1] started interval=20ms det=1 latent=8x8
[worker cport=23606 agent=6] loaded checkpoint step=17958
[worker alg=ma_dreamer reward=tempest_fairness_ma cport=23606 agent=6 group=slot6_ep5 flow=1] started interval=20ms det=1 latent=8x8
[sao-listener] new flow 1 10.0.0.7:23706->10.0.0.14:5208 cc=astraea pid=2295757 child=2296356
[sao-listener] single-flow mode: attached worker; stopping ss scans
[sao-listener flow 1] cport=23706 cc=astraea worker active
[sao-listener] new flow 1 10.0.0.7:23206->10.0.0.14:5203 cc=astraea pid=2296079 child=2296496
[sao-listener] single-flow mode: attached worker; stopping ss scans
[sao-listener flow 1] cport=23206 cc=astraea worker active
[worker cport=23706 agent=6] loaded checkpoint step=17958
[worker alg=ma_dreamer reward=tempest_fairness_ma cport=23706 agent=6 group=slot7_ep7 flow=1] started interval=20ms det=1 latent=8x8
[sao-listener] new flow 1 10.0.0.6:23005->10.0.0.13:5201 cc=astraea pid=2296235 child=2296656
[sao-listener] single-flow mode: attached worker; stopping ss scans
[sao-listener flow 1] cport=23005 cc=astraea worker active
[sao-listener] new flow 1 10.0.0.7:23306->10.0.0.14:5204 cc=astraea pid=2295066 child=2296658
[sao-listener] single-flow mode: attached worker; stopping ss scans
[sao-listener flow 1] cport=23306 cc=astraea worker active
[worker cport=23206 agent=6] loaded checkpoint step=17958
[worker alg=ma_dreamer reward=tempest_fairness_ma cport=23206 agent=6 group=slot2_ep8 flow=1] started interval=20ms det=1 latent=8x8
[orch] link change t=60.0s bw=93 delay=58
[orch] link change t=45.0s bw=96 delay=10
[worker cport=23306 agent=6] loaded checkpoint step=17958
[worker alg=ma_dreamer reward=tempest_fairness_ma cport=23306 agent=6 group=slot3_ep6 flow=1] started interval=20ms det=1 latent=8x8
[worker cport=23005 agent=5] loaded checkpoint step=17958
[worker alg=ma_dreamer reward=tempest_fairness_ma cport=23005 agent=5 group=slot0_ep10 flow=1] started interval=20ms det=1 latent=8x8
[orch] link change t=60.0s bw=87 delay=37
[orch] link change t=60.0s bw=84 delay=18
[orch] link change t=60.0s bw=12 delay=61
[sao-listener] new flow 1 10.0.0.7:23106->10.0.0.14:5202 cc=astraea pid=2296972 child=2297082
[sao-listener] single-flow mode: attached worker; stopping ss scans
[sao-listener flow 1] cport=23106 cc=astraea worker active
[orch] link change t=45.0s bw=36 delay=69
[orch] link change t=60.0s bw=41 delay=93
[worker cport=23106 agent=6] loaded checkpoint step=17958
[worker alg=ma_dreamer reward=tempest_fairness_ma cport=23106 agent=6 group=slot1_ep9 flow=1] started interval=20ms det=1 latent=8x8
[orch] link change t=60.0s bw=85 delay=70
[sao-listener] new flow 1 10.0.0.7:23006->10.0.0.14:5201 cc=astraea pid=2297215 child=2297268
[sao-listener] single-flow mode: attached worker; stopping ss scans
[sao-listener flow 1] cport=23006 cc=astraea worker active
[worker cport=23006 agent=6] loaded checkpoint step=17958
[worker alg=ma_dreamer reward=tempest_fairness_ma cport=23006 agent=6 group=slot0_ep10 flow=1] started interval=20ms det=1 latent=8x8
[orch] link change t=60.0s bw=56 delay=84
[orch] link change t=60.0s bw=27 delay=41
[orch] link change t=75.0s bw=36 delay=22
[orch] link change t=60.0s bw=53 delay=74
[orch] link change t=75.0s bw=87 delay=14
[orch] link change t=75.0s bw=87 delay=11
[orch] link change t=75.0s bw=80 delay=47
[orch] link change t=60.0s bw=72 delay=45
[orch] link change t=75.0s bw=16 delay=30
[orch] link change t=75.0s bw=57 delay=50
[orch] link change t=75.0s bw=17 delay=74
[orch] link change t=75.0s bw=74 delay=36
[orch] link change t=90.0s bw=72 delay=13
[orch] link change t=75.0s bw=69 delay=87
[orch] link change t=90.0s bw=84 delay=97
[orch] link change t=90.0s bw=70 delay=43
[orch] link change t=90.0s bw=17 delay=38
[orch] link change t=75.0s bw=93 delay=30
[orch] link change t=90.0s bw=24 delay=57
[orch] link change t=90.0s bw=12 delay=44
[orch] link change t=90.0s bw=37 delay=14
[orch] link change t=90.0s bw=61 delay=92
[orch] link change t=105.0s bw=59 delay=65
[orch] link change t=90.0s bw=20 delay=52
[orch] link change t=105.0s bw=30 delay=65
[orch] link change t=105.0s bw=80 delay=39
[orch] link change t=105.0s bw=76 delay=78
[orch] link change t=90.0s bw=14 delay=76
[orch] link change t=105.0s bw=70 delay=41
[orch] link change t=105.0s bw=72 delay=35
[orch] link change t=105.0s bw=21 delay=65
[orch] link change t=105.0s bw=13 delay=68
[orch] link change t=120.0s bw=87 delay=10
[orch] link change t=105.0s bw=80 delay=88
[orch] link change t=120.0s bw=91 delay=60
[orch] link change t=120.0s bw=34 delay=70
[orch] link change t=120.0s bw=56 delay=45
[orch] link change t=105.0s bw=72 delay=51
[orch] link change t=120.0s bw=58 delay=79
[orch] link change t=120.0s bw=62 delay=78
[orch] link change t=120.0s bw=63 delay=18
[orch] link change t=120.0s bw=72 delay=68
[orch] link change t=135.0s bw=99 delay=67
[orch] link change t=120.0s bw=99 delay=15
[orch] link change t=135.0s bw=75 delay=57
[orch] link change t=135.0s bw=79 delay=80
[orch] link change t=135.0s bw=32 delay=23
[orch] link change t=120.0s bw=19 delay=41
[orch] link change t=135.0s bw=23 delay=83
[orch] link change t=135.0s bw=79 delay=97
[orch] link change t=135.0s bw=40 delay=21
[orch] link change t=135.0s bw=59 delay=73
[orch] link change t=150.0s bw=44 delay=39
[orch] link change t=135.0s bw=58 delay=31
[orch] link change t=150.0s bw=79 delay=66
[orch] link change t=150.0s bw=70 delay=60
[orch] link change t=150.0s bw=43 delay=37
[orch] link change t=135.0s bw=56 delay=15
[orch] link change t=150.0s bw=41 delay=11
[orch] link change t=150.0s bw=22 delay=34
[orch] link change t=150.0s bw=80 delay=64
[orch] link change t=150.0s bw=83 delay=34
[orch] link change t=165.0s bw=85 delay=23
[orch] link change t=150.0s bw=100 delay=67
[orch] link change t=165.0s bw=74 delay=44
[orch] link change t=165.0s bw=91 delay=29
[orch] link change t=165.0s bw=13 delay=92
[orch] link change t=150.0s bw=63 delay=27
[orch] link change t=165.0s bw=37 delay=62
[orch] link change t=165.0s bw=82 delay=80
[orch] link change t=165.0s bw=17 delay=82
[orch] link change t=165.0s bw=61 delay=21
[orch] link change t=180.0s bw=50 delay=13
[orch] link change t=165.0s bw=64 delay=30
[orch] link change t=180.0s bw=14 delay=13
[orch] link change t=180.0s bw=39 delay=91
[orch] link change t=180.0s bw=43 delay=44
[orch] link change t=165.0s bw=87 delay=55
[orch] link change t=180.0s bw=45 delay=33
[orch] link change t=180.0s bw=99 delay=43
[orch] link change t=180.0s bw=25 delay=38
[orch] link change t=180.0s bw=72 delay=39
[orch] link change t=195.0s bw=12 delay=13
[orch] link change t=180.0s bw=31 delay=40
[orch] link change t=195.0s bw=56 delay=69
[orch] link change t=195.0s bw=29 delay=76
[orch] link change t=195.0s bw=34 delay=31
[orch] link change t=180.0s bw=58 delay=63
[orch] link change t=195.0s bw=59 delay=30
[orch] link change t=195.0s bw=94 delay=88
[orch] link change t=195.0s bw=90 delay=90
[orch] link change t=195.0s bw=12 delay=99
[orch] link change t=210.0s bw=93 delay=79
[orch] link change t=195.0s bw=16 delay=24
[orch] link change t=210.0s bw=50 delay=58
[orch] link change t=210.0s bw=59 delay=11
[orch] link change t=210.0s bw=49 delay=47
[orch] link change t=195.0s bw=46 delay=96
[orch] link change t=210.0s bw=19 delay=27
[orch] link change t=210.0s bw=97 delay=21
[orch] link change t=210.0s bw=84 delay=17
[orch] link change t=210.0s bw=44 delay=76
[orch] link change t=225.0s bw=11 delay=58
[orch] link change t=210.0s bw=26 delay=74
[orch] link change t=225.0s bw=64 delay=77
[orch] link change t=225.0s bw=95 delay=18
[orch] link change t=225.0s bw=90 delay=57
[orch] link change t=210.0s bw=43 delay=68
[orch] link change t=225.0s bw=89 delay=89
[orch] link change t=225.0s bw=64 delay=52
[orch] link change t=225.0s bw=83 delay=84
[orch] link change t=225.0s bw=62 delay=70
[orch] link change t=240.0s bw=97 delay=37
[orch] link change t=225.0s bw=85 delay=18
[orch] link change t=240.0s bw=31 delay=81
[orch] link change t=240.0s bw=30 delay=85
[orch] link change t=240.0s bw=21 delay=87
[orch] link change t=225.0s bw=32 delay=97
[orch] link change t=240.0s bw=66 delay=26
[orch] link change t=240.0s bw=21 delay=56
[orch] link change t=240.0s bw=60 delay=16
[orch] link change t=240.0s bw=58 delay=24
[orch] link change t=255.0s bw=64 delay=13
[orch] link change t=240.0s bw=98 delay=59
[orch] link change t=255.0s bw=32 delay=40
[orch] link change t=255.0s bw=15 delay=48
[orch] link change t=255.0s bw=53 delay=95
[orch] link change t=240.0s bw=48 delay=94
[orch] link change t=255.0s bw=26 delay=10
[orch] link change t=255.0s bw=62 delay=42
[orch] link change t=255.0s bw=38 delay=15
[orch] link change t=255.0s bw=94 delay=43
[orch] link change t=270.0s bw=77 delay=38
[orch] link change t=255.0s bw=23 delay=47
[orch] link change t=270.0s bw=39 delay=13
[orch] link change t=270.0s bw=13 delay=44
[orch] link change t=270.0s bw=59 delay=74
[orch] link change t=255.0s bw=56 delay=27
[orch] link change t=270.0s bw=10 delay=36
[orch] link change t=270.0s bw=66 delay=99
[orch] link change t=270.0s bw=81 delay=27
[orch] link change t=270.0s bw=22 delay=18
[orch] link change t=285.0s bw=66 delay=73
[orch] link change t=270.0s bw=36 delay=96
[orch] link change t=285.0s bw=32 delay=51
[orch] link change t=285.0s bw=70 delay=86
[orch] link change t=285.0s bw=41 delay=32
[orch] link change t=270.0s bw=68 delay=40
[orch] link change t=285.0s bw=37 delay=31
[orch] link change t=285.0s bw=22 delay=35
[orch] link change t=285.0s bw=47 delay=63
[orch] link change t=285.0s bw=59 delay=89
[orch] link change t=300.0s bw=80 delay=39
[orch] link change t=285.0s bw=38 delay=63
[orch] link change t=300.0s bw=32 delay=27
[orch] link change t=300.0s bw=59 delay=64
[orch] link change t=300.0s bw=41 delay=70
[orch] link change t=285.0s bw=66 delay=88
[orch] link change t=300.0s bw=31 delay=47
[orch] link change t=300.0s bw=99 delay=91
[orch] link change t=300.0s bw=28 delay=79
[orch] link change t=300.0s bw=58 delay=23
[orch] link change t=315.0s bw=54 delay=39
[orch] link change t=300.0s bw=21 delay=44
[orch] link change t=315.0s bw=75 delay=75
[orch] link change t=315.0s bw=60 delay=83
[orch] link change t=315.0s bw=45 delay=21
[orch] link change t=300.0s bw=58 delay=15
[orch] link change t=315.0s bw=50 delay=35
[orch] link change t=315.0s bw=47 delay=22
[orch] link change t=315.0s bw=25 delay=83
[orch] link change t=315.0s bw=94 delay=17
[orch] link change t=330.0s bw=96 delay=38
[orch] link change t=315.0s bw=36 delay=60
[orch] link change t=330.0s bw=56 delay=75
[orch] link change t=330.0s bw=66 delay=27
[orch] link change t=330.0s bw=80 delay=48
[orch] link change t=315.0s bw=84 delay=10
[orch] link change t=330.0s bw=79 delay=96
[orch] link change t=330.0s bw=15 delay=85
[orch] link change t=330.0s bw=49 delay=81
[orch] link change t=330.0s bw=53 delay=40
[orch] link change t=330.0s bw=45 delay=53
[orch] link change t=330.0s bw=40 delay=27
[multi_ep_plot] saved -> /its/home/mm2350/extra/Olympusv2/benchmarks/benchmark_responsive_fairness/data/ma_dreamer_20260611-175726/7_flows/run1/ep000001_bw27_d82_n7.pdf  return=1634828.2
[ep_plot] ep=1 -> /its/home/mm2350/extra/Olympusv2/benchmarks/benchmark_responsive_fairness/data/ma_dreamer_20260611-175726/7_flows/run1/ep000001_bw27_d82_n7.pdf  return=1634828.25
[orch] ep=1 sum-of-agents return=1634828.2
[responsive_fairness] slot=8 ma_dreamer_20260611-175726 flows=7 run=11
[responsive_fairness] ma_dreamer_20260611-175726 flows=7 run=1 done (151/200)
[slot=8] ep=11  flows=7  bw=67Mbps  delay=81ms  duration=345s  delays=[0.0, 7.5, 15.0, 22.5, 30.0, 37.5, 45.0]  lifetimes=[345.0, 337.5, 330.0, 322.5, 315.0, 307.5, 300.0]
[multi_ep_plot] saved -> /its/home/mm2350/extra/Olympusv2/benchmarks/benchmark_responsive_fairness/data/ma_dreamer_20260611-175726/7_flows/run2/ep000002_bw17_d21_n7.pdf  return=1598173.6
[ep_plot] ep=2 -> /its/home/mm2350/extra/Olympusv2/benchmarks/benchmark_responsive_fairness/data/ma_dreamer_20260611-175726/7_flows/run2/ep000002_bw17_d21_n7.pdf  return=1598173.609375
[orch] ep=2 sum-of-agents return=1598173.6
[responsive_fairness] slot=4 ma_dreamer_20260611-175726 flows=7 run=12
[responsive_fairness] ma_dreamer_20260611-175726 flows=7 run=2 done (152/200)
[slot=4] ep=12  flows=7  bw=70Mbps  delay=44ms  duration=345s  delays=[0.0, 7.5, 15.0, 22.5, 30.0, 37.5, 45.0]  lifetimes=[345.0, 337.5, 330.0, 322.5, 315.0, 307.5, 300.0]
[sao-listener] cport=23800 worker=/its/home/mm2350/extra/Olympusv2/olympus/algorithms/ma_dreamer/worker.py scan=20ms target_cc=astraea single_flow=1 no_state_pipe=1
[sao-listener] cport=23801 worker=/its/home/mm2350/extra/Olympusv2/olympus/algorithms/ma_dreamer/worker.py scan=20ms target_cc=astraea single_flow=1 no_state_pipe=1
[sao-listener] cport=23802 worker=/its/home/mm2350/extra/Olympusv2/olympus/algorithms/ma_dreamer/worker.py scan=20ms target_cc=astraea single_flow=1 no_state_pipe=1
[sao-listener] cport=23803 worker=/its/home/mm2350/extra/Olympusv2/olympus/algorithms/ma_dreamer/worker.py scan=20ms target_cc=astraea single_flow=1 no_state_pipe=1
[sao-listener] cport=23804 worker=/its/home/mm2350/extra/Olympusv2/olympus/algorithms/ma_dreamer/worker.py scan=20ms target_cc=astraea single_flow=1 no_state_pipe=1
[sao-listener] cport=23805 worker=/its/home/mm2350/extra/Olympusv2/olympus/algorithms/ma_dreamer/worker.py scan=20ms target_cc=astraea single_flow=1 no_state_pipe=1
[sao-listener] cport=23806 worker=/its/home/mm2350/extra/Olympusv2/olympus/algorithms/ma_dreamer/worker.py scan=20ms target_cc=astraea single_flow=1 no_state_pipe=1
[multi_ep_plot] saved -> /its/home/mm2350/extra/Olympusv2/benchmarks/benchmark_responsive_fairness/data/ma_dreamer_20260611-175726/7_flows/run3/ep000003_bw40_d85_n7.pdf  return=1516111.9
[ep_plot] ep=3 -> /its/home/mm2350/extra/Olympusv2/benchmarks/benchmark_responsive_fairness/data/ma_dreamer_20260611-175726/7_flows/run3/ep000003_bw40_d85_n7.pdf  return=1516111.921875
[orch] ep=3 sum-of-agents return=1516111.9
[responsive_fairness] slot=5 ma_dreamer_20260611-175726 flows=7 run=13
[responsive_fairness] ma_dreamer_20260611-175726 flows=7 run=3 done (153/200)
[slot=5] ep=13  flows=7  bw=43Mbps  delay=47ms  duration=345s  delays=[0.0, 7.5, 15.0, 22.5, 30.0, 37.5, 45.0]  lifetimes=[345.0, 337.5, 330.0, 322.5, 315.0, 307.5, 300.0]
[sao-listener] cport=23400 worker=/its/home/mm2350/extra/Olympusv2/olympus/algorithms/ma_dreamer/worker.py scan=20ms target_cc=astraea single_flow=1 no_state_pipe=1
[sao-listener] cport=23401 worker=/its/home/mm2350/extra/Olympusv2/olympus/algorithms/ma_dreamer/worker.py scan=20ms target_cc=astraea single_flow=1 no_state_pipe=1
[sao-listener] cport=23402 worker=/its/home/mm2350/extra/Olympusv2/olympus/algorithms/ma_dreamer/worker.py scan=20ms target_cc=astraea single_flow=1 no_state_pipe=1
[sao-listener] cport=23403 worker=/its/home/mm2350/extra/Olympusv2/olympus/algorithms/ma_dreamer/worker.py scan=20ms target_cc=astraea single_flow=1 no_state_pipe=1
[sao-listener] cport=23404 worker=/its/home/mm2350/extra/Olympusv2/olympus/algorithms/ma_dreamer/worker.py scan=20ms target_cc=astraea single_flow=1 no_state_pipe=1
[sao-listener] cport=23405 worker=/its/home/mm2350/extra/Olympusv2/olympus/algorithms/ma_dreamer/worker.py scan=20ms target_cc=astraea single_flow=1 no_state_pipe=1
[sao-listener] cport=23406 worker=/its/home/mm2350/extra/Olympusv2/olympus/algorithms/ma_dreamer/worker.py scan=20ms target_cc=astraea single_flow=1 no_state_pipe=1
[multi_ep_plot] saved -> /its/home/mm2350/extra/Olympusv2/benchmarks/benchmark_responsive_fairness/data/ma_dreamer_20260611-175726/7_flows/run4/ep000004_bw40_d48_n7.pdf  return=1166581.1
[ep_plot] ep=4 -> /its/home/mm2350/extra/Olympusv2/benchmarks/benchmark_responsive_fairness/data/ma_dreamer_20260611-175726/7_flows/run4/ep000004_bw40_d48_n7.pdf  return=1166581.0625
[orch] ep=4 sum-of-agents return=1166581.1
[responsive_fairness] slot=9 ma_dreamer_20260611-175726 flows=7 run=14
[responsive_fairness] ma_dreamer_20260611-175726 flows=7 run=4 done (154/200)
[slot=9] ep=14  flows=7  bw=23Mbps  delay=88ms  duration=345s  delays=[0.0, 7.5, 15.0, 22.5, 30.0, 37.5, 45.0]  lifetimes=[345.0, 337.5, 330.0, 322.5, 315.0, 307.5, 300.0]
[sao-listener] cport=23500 worker=/its/home/mm2350/extra/Olympusv2/olympus/algorithms/ma_dreamer/worker.py scan=20ms target_cc=astraea single_flow=1 no_state_pipe=1
[sao-listener] cport=23501 worker=/its/home/mm2350/extra/Olympusv2/olympus/algorithms/ma_dreamer/worker.py scan=20ms target_cc=astraea single_flow=1 no_state_pipe=1
[sao-listener] cport=23502 worker=/its/home/mm2350/extra/Olympusv2/olympus/algorithms/ma_dreamer/worker.py scan=20ms target_cc=astraea single_flow=1 no_state_pipe=1
[sao-listener] cport=23503 worker=/its/home/mm2350/extra/Olympusv2/olympus/algorithms/ma_dreamer/worker.py scan=20ms target_cc=astraea single_flow=1 no_state_pipe=1
[sao-listener] cport=23504 worker=/its/home/mm2350/extra/Olympusv2/olympus/algorithms/ma_dreamer/worker.py scan=20ms target_cc=astraea single_flow=1 no_state_pipe=1
[sao-listener] cport=23505 worker=/its/home/mm2350/extra/Olympusv2/olympus/algorithms/ma_dreamer/worker.py scan=20ms target_cc=astraea single_flow=1 no_state_pipe=1
[sao-listener] cport=23506 worker=/its/home/mm2350/extra/Olympusv2/olympus/algorithms/ma_dreamer/worker.py scan=20ms target_cc=astraea single_flow=1 no_state_pipe=1
[sao-listener] cport=23900 worker=/its/home/mm2350/extra/Olympusv2/olympus/algorithms/ma_dreamer/worker.py scan=20ms target_cc=astraea single_flow=1 no_state_pipe=1
[sao-listener] cport=23901 worker=/its/home/mm2350/extra/Olympusv2/olympus/algorithms/ma_dreamer/worker.py scan=20ms target_cc=astraea single_flow=1 no_state_pipe=1
[sao-listener] cport=23902 worker=/its/home/mm2350/extra/Olympusv2/olympus/algorithms/ma_dreamer/worker.py scan=20ms target_cc=astraea single_flow=1 no_state_pipe=1
[sao-listener] cport=23903 worker=/its/home/mm2350/extra/Olympusv2/olympus/algorithms/ma_dreamer/worker.py scan=20ms target_cc=astraea single_flow=1 no_state_pipe=1
[sao-listener] cport=23904 worker=/its/home/mm2350/extra/Olympusv2/olympus/algorithms/ma_dreamer/worker.py scan=20ms target_cc=astraea single_flow=1 no_state_pipe=1
[sao-listener] cport=23905 worker=/its/home/mm2350/extra/Olympusv2/olympus/algorithms/ma_dreamer/worker.py scan=20ms target_cc=astraea single_flow=1 no_state_pipe=1
[sao-listener] cport=23906 worker=/its/home/mm2350/extra/Olympusv2/olympus/algorithms/ma_dreamer/worker.py scan=20ms target_cc=astraea single_flow=1 no_state_pipe=1
[multi_ep_plot] saved -> /its/home/mm2350/extra/Olympusv2/benchmarks/benchmark_responsive_fairness/data/ma_dreamer_20260611-175726/7_flows/run5/ep000005_bw89_d42_n7.pdf  return=1334163.1
[ep_plot] ep=5 -> /its/home/mm2350/extra/Olympusv2/benchmarks/benchmark_responsive_fairness/data/ma_dreamer_20260611-175726/7_flows/run5/ep000005_bw89_d42_n7.pdf  return=1334163.09375
[orch] ep=5 sum-of-agents return=1334163.1
[responsive_fairness] slot=6 ma_dreamer_20260611-175726 flows=7 run=15
[responsive_fairness] ma_dreamer_20260611-175726 flows=7 run=5 done (155/200)
[slot=6] ep=15  flows=7  bw=36Mbps  delay=11ms  duration=345s  delays=[0.0, 7.5, 15.0, 22.5, 30.0, 37.5, 45.0]  lifetimes=[345.0, 337.5, 330.0, 322.5, 315.0, 307.5, 300.0]
[sao-listener] new flow 1 10.0.0.1:23800->10.0.0.8:5209 cc=astraea pid=2302162 child=2305003
[sao-listener] single-flow mode: attached worker; stopping ss scans
[sao-listener flow 1] cport=23800 cc=astraea worker active
[sao-listener] cport=23600 worker=/its/home/mm2350/extra/Olympusv2/olympus/algorithms/ma_dreamer/worker.py scan=20ms target_cc=astraea single_flow=1 no_state_pipe=1
[sao-listener] cport=23601 worker=/its/home/mm2350/extra/Olympusv2/olympus/algorithms/ma_dreamer/worker.py scan=20ms target_cc=astraea single_flow=1 no_state_pipe=1
[sao-listener] cport=23602 worker=/its/home/mm2350/extra/Olympusv2/olympus/algorithms/ma_dreamer/worker.py scan=20ms target_cc=astraea single_flow=1 no_state_pipe=1
[sao-listener] cport=23603 worker=/its/home/mm2350/extra/Olympusv2/olympus/algorithms/ma_dreamer/worker.py scan=20ms target_cc=astraea single_flow=1 no_state_pipe=1
[sao-listener] cport=23604 worker=/its/home/mm2350/extra/Olympusv2/olympus/algorithms/ma_dreamer/worker.py scan=20ms target_cc=astraea single_flow=1 no_state_pipe=1
[sao-listener] cport=23605 worker=/its/home/mm2350/extra/Olympusv2/olympus/algorithms/ma_dreamer/worker.py scan=20ms target_cc=astraea single_flow=1 no_state_pipe=1
[worker cport=23800 agent=0] loaded checkpoint step=17958
[worker alg=ma_dreamer reward=tempest_fairness_ma cport=23800 agent=0 group=slot8_ep11 flow=1] started interval=20ms det=1 latent=8x8
[sao-listener] cport=23606 worker=/its/home/mm2350/extra/Olympusv2/olympus/algorithms/ma_dreamer/worker.py scan=20ms target_cc=astraea single_flow=1 no_state_pipe=1
[sao-listener] new flow 1 10.0.0.1:23400->10.0.0.8:5205 cc=astraea pid=2302885 child=2306478
[sao-listener] single-flow mode: attached worker; stopping ss scans
[sao-listener flow 1] cport=23400 cc=astraea worker active
[sao-listener] new flow 1 10.0.0.1:23500->10.0.0.8:5206 cc=astraea pid=2304248 child=2307205
[sao-listener] single-flow mode: attached worker; stopping ss scans
[sao-listener flow 1] cport=23500 cc=astraea worker active
[worker cport=23400 agent=0] loaded checkpoint step=17958
[worker alg=ma_dreamer reward=tempest_fairness_ma cport=23400 agent=0 group=slot4_ep12 flow=1] started interval=20ms det=1 latent=8x8
[multi_ep_plot] saved -> /its/home/mm2350/extra/Olympusv2/benchmarks/benchmark_responsive_fairness/data/ma_dreamer_20260611-175726/7_flows/run6/ep000006_bw83_d20_n7.pdf  return=1508306.2
[ep_plot] ep=6 -> /its/home/mm2350/extra/Olympusv2/benchmarks/benchmark_responsive_fairness/data/ma_dreamer_20260611-175726/7_flows/run6/ep000006_bw83_d20_n7.pdf  return=1508306.171875
[orch] ep=6 sum-of-agents return=1508306.2
[responsive_fairness] slot=3 ma_dreamer_20260611-175726 flows=7 run=16
[responsive_fairness] ma_dreamer_20260611-175726 flows=7 run=6 done (156/200)
[slot=3] ep=16  flows=7  bw=56Mbps  delay=70ms  duration=345s  delays=[0.0, 7.5, 15.0, 22.5, 30.0, 37.5, 45.0]  lifetimes=[345.0, 337.5, 330.0, 322.5, 315.0, 307.5, 300.0]
[worker cport=23500 agent=0] loaded checkpoint step=17958
[worker alg=ma_dreamer reward=tempest_fairness_ma cport=23500 agent=0 group=slot5_ep13 flow=1] started interval=20ms det=1 latent=8x8
[sao-listener] new flow 1 10.0.0.1:23900->10.0.0.8:5210 cc=astraea pid=2304550 child=2308288
[sao-listener] single-flow mode: attached worker; stopping ss scans
[sao-listener flow 1] cport=23900 cc=astraea worker active
[sao-listener] cport=23300 worker=/its/home/mm2350/extra/Olympusv2/olympus/algorithms/ma_dreamer/worker.py scan=20ms target_cc=astraea single_flow=1 no_state_pipe=1
[sao-listener] cport=23301 worker=/its/home/mm2350/extra/Olympusv2/olympus/algorithms/ma_dreamer/worker.py scan=20ms target_cc=astraea single_flow=1 no_state_pipe=1
[sao-listener] cport=23302 worker=/its/home/mm2350/extra/Olympusv2/olympus/algorithms/ma_dreamer/worker.py scan=20ms target_cc=astraea single_flow=1 no_state_pipe=1
[sao-listener] cport=23303 worker=/its/home/mm2350/extra/Olympusv2/olympus/algorithms/ma_dreamer/worker.py scan=20ms target_cc=astraea single_flow=1 no_state_pipe=1
[sao-listener] cport=23304 worker=/its/home/mm2350/extra/Olympusv2/olympus/algorithms/ma_dreamer/worker.py scan=20ms target_cc=astraea single_flow=1 no_state_pipe=1
[sao-listener] cport=23305 worker=/its/home/mm2350/extra/Olympusv2/olympus/algorithms/ma_dreamer/worker.py scan=20ms target_cc=astraea single_flow=1 no_state_pipe=1
[sao-listener] cport=23306 worker=/its/home/mm2350/extra/Olympusv2/olympus/algorithms/ma_dreamer/worker.py scan=20ms target_cc=astraea single_flow=1 no_state_pipe=1
[worker cport=23900 agent=0] loaded checkpoint step=17958
[worker alg=ma_dreamer reward=tempest_fairness_ma cport=23900 agent=0 group=slot9_ep14 flow=1] started interval=20ms det=1 latent=8x8
[sao-listener] new flow 1 10.0.0.1:23600->10.0.0.8:5207 cc=astraea pid=2306589 child=2310612
[sao-listener] single-flow mode: attached worker; stopping ss scans
[sao-listener flow 1] cport=23600 cc=astraea worker active
[multi_ep_plot] saved -> /its/home/mm2350/extra/Olympusv2/benchmarks/benchmark_responsive_fairness/data/ma_dreamer_20260611-175726/7_flows/run7/ep000007_bw51_d29_n7.pdf  return=1411528.3
[ep_plot] ep=7 -> /its/home/mm2350/extra/Olympusv2/benchmarks/benchmark_responsive_fairness/data/ma_dreamer_20260611-175726/7_flows/run7/ep000007_bw51_d29_n7.pdf  return=1411528.28125
[orch] ep=7 sum-of-agents return=1411528.3
[responsive_fairness] slot=7 ma_dreamer_20260611-175726 flows=7 run=17
[responsive_fairness] ma_dreamer_20260611-175726 flows=7 run=7 done (157/200)
[slot=7] ep=17  flows=7  bw=76Mbps  delay=63ms  duration=345s  delays=[0.0, 7.5, 15.0, 22.5, 30.0, 37.5, 45.0]  lifetimes=[345.0, 337.5, 330.0, 322.5, 315.0, 307.5, 300.0]
[worker cport=23600 agent=0] loaded checkpoint step=17958
[worker alg=ma_dreamer reward=tempest_fairness_ma cport=23600 agent=0 group=slot6_ep15 flow=1] started interval=20ms det=1 latent=8x8
[sao-listener] new flow 1 10.0.0.2:23501->10.0.0.9:5206 cc=astraea pid=2311041 child=2311826
[sao-listener] single-flow mode: attached worker; stopping ss scans
[sao-listener flow 1] cport=23501 cc=astraea worker active
[sao-listener] new flow 1 10.0.0.2:23901->10.0.0.9:5210 cc=astraea pid=2311348 child=2312754
[sao-listener] single-flow mode: attached worker; stopping ss scans
[sao-listener flow 1] cport=23901 cc=astraea worker active
[sao-listener] new flow 1 10.0.0.2:23801->10.0.0.9:5209 cc=astraea pid=2309948 child=2313042
[sao-listener] single-flow mode: attached worker; stopping ss scans
[sao-listener flow 1] cport=23801 cc=astraea worker active
[multi_ep_plot] saved -> /its/home/mm2350/extra/Olympusv2/benchmarks/benchmark_responsive_fairness/data/ma_dreamer_20260611-175726/7_flows/run8/ep000008_bw39_d57_n7.pdf  return=1534963.5
[ep_plot] ep=8 -> /its/home/mm2350/extra/Olympusv2/benchmarks/benchmark_responsive_fairness/data/ma_dreamer_20260611-175726/7_flows/run8/ep000008_bw39_d57_n7.pdf  return=1534963.515625
[orch] ep=8 sum-of-agents return=1534963.5
[responsive_fairness] slot=2 ma_dreamer_20260611-175726 flows=7 run=18
[responsive_fairness] ma_dreamer_20260611-175726 flows=7 run=8 done (158/200)
[slot=2] ep=18  flows=7  bw=33Mbps  delay=25ms  duration=345s  delays=[0.0, 7.5, 15.0, 22.5, 30.0, 37.5, 45.0]  lifetimes=[345.0, 337.5, 330.0, 322.5, 315.0, 307.5, 300.0]
[sao-listener] cport=23700 worker=/its/home/mm2350/extra/Olympusv2/olympus/algorithms/ma_dreamer/worker.py scan=20ms target_cc=astraea single_flow=1 no_state_pipe=1
[sao-listener] cport=23701 worker=/its/home/mm2350/extra/Olympusv2/olympus/algorithms/ma_dreamer/worker.py scan=20ms target_cc=astraea single_flow=1 no_state_pipe=1
[sao-listener] cport=23702 worker=/its/home/mm2350/extra/Olympusv2/olympus/algorithms/ma_dreamer/worker.py scan=20ms target_cc=astraea single_flow=1 no_state_pipe=1
[sao-listener] cport=23703 worker=/its/home/mm2350/extra/Olympusv2/olympus/algorithms/ma_dreamer/worker.py scan=20ms target_cc=astraea single_flow=1 no_state_pipe=1
[sao-listener] cport=23704 worker=/its/home/mm2350/extra/Olympusv2/olympus/algorithms/ma_dreamer/worker.py scan=20ms target_cc=astraea single_flow=1 no_state_pipe=1
[sao-listener] cport=23705 worker=/its/home/mm2350/extra/Olympusv2/olympus/algorithms/ma_dreamer/worker.py scan=20ms target_cc=astraea single_flow=1 no_state_pipe=1
[worker cport=23501 agent=1] loaded checkpoint step=17958
[worker alg=ma_dreamer reward=tempest_fairness_ma cport=23501 agent=1 group=slot5_ep13 flow=1] started interval=20ms det=1 latent=8x8
[sao-listener] cport=23706 worker=/its/home/mm2350/extra/Olympusv2/olympus/algorithms/ma_dreamer/worker.py scan=20ms target_cc=astraea single_flow=1 no_state_pipe=1
[worker cport=23901 agent=1] loaded checkpoint step=17958
[worker alg=ma_dreamer reward=tempest_fairness_ma cport=23901 agent=1 group=slot9_ep14 flow=1] started interval=20ms det=1 latent=8x8
[worker cport=23801 agent=1] loaded checkpoint step=17958
[worker alg=ma_dreamer reward=tempest_fairness_ma cport=23801 agent=1 group=slot8_ep11 flow=1] started interval=20ms det=1 latent=8x8
[sao-listener] new flow 1 10.0.0.2:23401->10.0.0.9:5205 cc=astraea pid=2310349 child=2314482
[sao-listener] single-flow mode: attached worker; stopping ss scans
[sao-listener flow 1] cport=23401 cc=astraea worker active
[sao-listener] new flow 1 10.0.0.1:23300->10.0.0.8:5204 cc=astraea pid=2309988 child=2315109
[sao-listener] single-flow mode: attached worker; stopping ss scans
[sao-listener flow 1] cport=23300 cc=astraea worker active
[sao-listener] cport=23200 worker=/its/home/mm2350/extra/Olympusv2/olympus/algorithms/ma_dreamer/worker.py scan=20ms target_cc=astraea single_flow=1 no_state_pipe=1
[sao-listener] cport=23201 worker=/its/home/mm2350/extra/Olympusv2/olympus/algorithms/ma_dreamer/worker.py scan=20ms target_cc=astraea single_flow=1 no_state_pipe=1
[sao-listener] cport=23202 worker=/its/home/mm2350/extra/Olympusv2/olympus/algorithms/ma_dreamer/worker.py scan=20ms target_cc=astraea single_flow=1 no_state_pipe=1
[sao-listener] cport=23203 worker=/its/home/mm2350/extra/Olympusv2/olympus/algorithms/ma_dreamer/worker.py scan=20ms target_cc=astraea single_flow=1 no_state_pipe=1
[sao-listener] cport=23204 worker=/its/home/mm2350/extra/Olympusv2/olympus/algorithms/ma_dreamer/worker.py scan=20ms target_cc=astraea single_flow=1 no_state_pipe=1
[sao-listener] cport=23205 worker=/its/home/mm2350/extra/Olympusv2/olympus/algorithms/ma_dreamer/worker.py scan=20ms target_cc=astraea single_flow=1 no_state_pipe=1
[sao-listener] cport=23206 worker=/its/home/mm2350/extra/Olympusv2/olympus/algorithms/ma_dreamer/worker.py scan=20ms target_cc=astraea single_flow=1 no_state_pipe=1
[worker cport=23401 agent=1] loaded checkpoint step=17958
[worker alg=ma_dreamer reward=tempest_fairness_ma cport=23401 agent=1 group=slot4_ep12 flow=1] started interval=20ms det=1 latent=8x8
[worker cport=23300 agent=0] loaded checkpoint step=17958
[worker alg=ma_dreamer reward=tempest_fairness_ma cport=23300 agent=0 group=slot3_ep16 flow=1] started interval=20ms det=1 latent=8x8
[sao-listener] new flow 1 10.0.0.2:23601->10.0.0.9:5207 cc=astraea pid=2313696 child=2316482
[sao-listener] single-flow mode: attached worker; stopping ss scans
[sao-listener flow 1] cport=23601 cc=astraea worker active
[orch] link change t=15.0s bw=69 delay=67
[orch] link change t=15.0s bw=94 delay=77
[worker cport=23601 agent=1] loaded checkpoint step=17958
[worker alg=ma_dreamer reward=tempest_fairness_ma cport=23601 agent=1 group=slot6_ep15 flow=1] started interval=20ms det=1 latent=8x8
[orch] link change t=15.0s bw=97 delay=97
[orch] link change t=15.0s bw=99 delay=93
[multi_ep_plot] saved -> /its/home/mm2350/extra/Olympusv2/benchmarks/benchmark_responsive_fairness/data/ma_dreamer_20260611-175726/7_flows/run9/ep000009_bw69_d88_n7.pdf  return=1292515.5
[ep_plot] ep=9 -> /its/home/mm2350/extra/Olympusv2/benchmarks/benchmark_responsive_fairness/data/ma_dreamer_20260611-175726/7_flows/run9/ep000009_bw69_d88_n7.pdf  return=1292515.546875
[orch] ep=9 sum-of-agents return=1292515.5
[responsive_fairness] slot=1 ma_dreamer_20260611-175726 flows=7 run=19
[responsive_fairness] ma_dreamer_20260611-175726 flows=7 run=9 done (159/200)
[slot=1] ep=19  flows=7  bw=96Mbps  delay=15ms  duration=345s  delays=[0.0, 7.5, 15.0, 22.5, 30.0, 37.5, 45.0]  lifetimes=[345.0, 337.5, 330.0, 322.5, 315.0, 307.5, 300.0]
[sao-listener] new flow 1 10.0.0.1:23700->10.0.0.8:5208 cc=astraea pid=2313912 child=2318570
[sao-listener] single-flow mode: attached worker; stopping ss scans
[sao-listener flow 1] cport=23700 cc=astraea worker active
[sao-listener] new flow 1 10.0.0.3:23802->10.0.0.10:5209 cc=astraea pid=2317000 child=2319085
[sao-listener] single-flow mode: attached worker; stopping ss scans
[sao-listener flow 1] cport=23802 cc=astraea worker active
[orch] link change t=15.1s bw=76 delay=14
[worker cport=23700 agent=0] loaded checkpoint step=17958
[worker alg=ma_dreamer reward=tempest_fairness_ma cport=23700 agent=0 group=slot7_ep17 flow=1] started interval=20ms det=1 latent=8x8
[sao-listener] new flow 1 10.0.0.2:23301->10.0.0.9:5204 cc=astraea pid=2317046 child=2320227
[sao-listener] single-flow mode: attached worker; stopping ss scans
[sao-listener flow 1] cport=23301 cc=astraea worker active
[sao-listener] cport=23100 worker=/its/home/mm2350/extra/Olympusv2/olympus/algorithms/ma_dreamer/worker.py scan=20ms target_cc=astraea single_flow=1 no_state_pipe=1
[sao-listener] cport=23101 worker=/its/home/mm2350/extra/Olympusv2/olympus/algorithms/ma_dreamer/worker.py scan=20ms target_cc=astraea single_flow=1 no_state_pipe=1
[sao-listener] cport=23102 worker=/its/home/mm2350/extra/Olympusv2/olympus/algorithms/ma_dreamer/worker.py scan=20ms target_cc=astraea single_flow=1 no_state_pipe=1
[sao-listener] cport=23103 worker=/its/home/mm2350/extra/Olympusv2/olympus/algorithms/ma_dreamer/worker.py scan=20ms target_cc=astraea single_flow=1 no_state_pipe=1
[sao-listener] cport=23104 worker=/its/home/mm2350/extra/Olympusv2/olympus/algorithms/ma_dreamer/worker.py scan=20ms target_cc=astraea single_flow=1 no_state_pipe=1
[sao-listener] cport=23105 worker=/its/home/mm2350/extra/Olympusv2/olympus/algorithms/ma_dreamer/worker.py scan=20ms target_cc=astraea single_flow=1 no_state_pipe=1
[sao-listener] cport=23106 worker=/its/home/mm2350/extra/Olympusv2/olympus/algorithms/ma_dreamer/worker.py scan=20ms target_cc=astraea single_flow=1 no_state_pipe=1
[worker cport=23802 agent=2] loaded checkpoint step=17958
[worker alg=ma_dreamer reward=tempest_fairness_ma cport=23802 agent=2 group=slot8_ep11 flow=1] started interval=20ms det=1 latent=8x8
[sao-listener] new flow 1 10.0.0.1:23200->10.0.0.8:5203 cc=astraea pid=2315982 child=2321381
[sao-listener] single-flow mode: attached worker; stopping ss scans
[sao-listener flow 1] cport=23200 cc=astraea worker active
[worker cport=23301 agent=1] loaded checkpoint step=17958
[worker alg=ma_dreamer reward=tempest_fairness_ma cport=23301 agent=1 group=slot3_ep16 flow=1] started interval=20ms det=1 latent=8x8
[multi_ep_plot] saved -> /its/home/mm2350/extra/Olympusv2/benchmarks/benchmark_responsive_fairness/data/ma_dreamer_20260611-175726/7_flows/run10/ep000010_bw83_d14_n7.pdf  return=1631794.9
[ep_plot] ep=10 -> /its/home/mm2350/extra/Olympusv2/benchmarks/benchmark_responsive_fairness/data/ma_dreamer_20260611-175726/7_flows/run10/ep000010_bw83_d14_n7.pdf  return=1631794.9375
[orch] ep=10 sum-of-agents return=1631794.9
[sao-listener] new flow 1 10.0.0.3:23402->10.0.0.10:5205 cc=astraea pid=2317413 child=2321651
[sao-listener] single-flow mode: attached worker; stopping ss scans
[sao-listener flow 1] cport=23402 cc=astraea worker active
[responsive_fairness] ma_dreamer_20260611-175726 flows=7 run=10 done (160/200)
[responsive_fairness] slot=0 ma_dreamer_20260611-175726 flows=7 run=20
[slot=0] ep=20  flows=7  bw=97Mbps  delay=29ms  duration=345s  delays=[0.0, 7.5, 15.0, 22.5, 30.0, 37.5, 45.0]  lifetimes=[345.0, 337.5, 330.0, 322.5, 315.0, 307.5, 300.0]
[sao-listener] new flow 1 10.0.0.3:23602->10.0.0.10:5207 cc=astraea pid=2320809 child=2321904
[sao-listener flow 1] cport=23602 cc=astraea worker active
[sao-listener] single-flow mode: attached worker; stopping ss scans
[worker cport=23200 agent=0] loaded checkpoint step=17958
[worker alg=ma_dreamer reward=tempest_fairness_ma cport=23200 agent=0 group=slot2_ep18 flow=1] started interval=20ms det=1 latent=8x8
[worker cport=23402 agent=2] loaded checkpoint step=17958
[worker alg=ma_dreamer reward=tempest_fairness_ma cport=23402 agent=2 group=slot4_ep12 flow=1] started interval=20ms det=1 latent=8x8
[orch] link change t=15.0s bw=71 delay=46
[worker cport=23602 agent=2] loaded checkpoint step=17958
[worker alg=ma_dreamer reward=tempest_fairness_ma cport=23602 agent=2 group=slot6_ep15 flow=1] started interval=20ms det=1 latent=8x8
[sao-listener] cport=23000 worker=/its/home/mm2350/extra/Olympusv2/olympus/algorithms/ma_dreamer/worker.py scan=20ms target_cc=astraea single_flow=1 no_state_pipe=1
[sao-listener] cport=23001 worker=/its/home/mm2350/extra/Olympusv2/olympus/algorithms/ma_dreamer/worker.py scan=20ms target_cc=astraea single_flow=1 no_state_pipe=1
[sao-listener] cport=23002 worker=/its/home/mm2350/extra/Olympusv2/olympus/algorithms/ma_dreamer/worker.py scan=20ms target_cc=astraea single_flow=1 no_state_pipe=1
[sao-listener] cport=23003 worker=/its/home/mm2350/extra/Olympusv2/olympus/algorithms/ma_dreamer/worker.py scan=20ms target_cc=astraea single_flow=1 no_state_pipe=1
[sao-listener] cport=23004 worker=/its/home/mm2350/extra/Olympusv2/olympus/algorithms/ma_dreamer/worker.py scan=20ms target_cc=astraea single_flow=1 no_state_pipe=1
[sao-listener] cport=23005 worker=/its/home/mm2350/extra/Olympusv2/olympus/algorithms/ma_dreamer/worker.py scan=20ms target_cc=astraea single_flow=1 no_state_pipe=1
[sao-listener] cport=23006 worker=/its/home/mm2350/extra/Olympusv2/olympus/algorithms/ma_dreamer/worker.py scan=20ms target_cc=astraea single_flow=1 no_state_pipe=1
[sao-listener] new flow 1 10.0.0.3:23502->10.0.0.10:5206 cc=astraea pid=2318070 child=2324906
[sao-listener] single-flow mode: attached worker; stopping ss scans
[sao-listener flow 1] cport=23502 cc=astraea worker active
[sao-listener] new flow 1 10.0.0.2:23701->10.0.0.9:5208 cc=astraea pid=2321006 child=2325651
[sao-listener flow 1] cport=23701 cc=astraea worker active
[sao-listener] single-flow mode: attached worker; stopping ss scans
[worker cport=23502 agent=2] loaded checkpoint step=17958
[worker alg=ma_dreamer reward=tempest_fairness_ma cport=23502 agent=2 group=slot5_ep13 flow=1] started interval=20ms det=1 latent=8x8
[sao-listener] new flow 1 10.0.0.3:23902->10.0.0.10:5210 cc=astraea pid=2318441 child=2326062
[sao-listener] single-flow mode: attached worker; stopping ss scans
[sao-listener flow 1] cport=23902 cc=astraea worker active
[sao-listener] new flow 1 10.0.0.4:23903->10.0.0.11:5210 cc=astraea pid=2325412 child=2326416
[sao-listener] single-flow mode: attached worker; stopping ss scans
[sao-listener flow 1] cport=23903 cc=astraea worker active
[orch] link change t=15.0s bw=48 delay=56
[worker cport=23701 agent=1] loaded checkpoint step=17958
[worker alg=ma_dreamer reward=tempest_fairness_ma cport=23701 agent=1 group=slot7_ep17 flow=1] started interval=20ms det=1 latent=8x8
[worker cport=23902 agent=2] loaded checkpoint step=17958
[worker alg=ma_dreamer reward=tempest_fairness_ma cport=23902 agent=2 group=slot9_ep14 flow=1] started interval=20ms det=1 latent=8x8
[worker cport=23903 agent=3] loaded checkpoint step=17958
[worker alg=ma_dreamer reward=tempest_fairness_ma cport=23903 agent=3 group=slot9_ep14 flow=1] started interval=20ms det=1 latent=8x8
[sao-listener] new flow 1 10.0.0.1:23100->10.0.0.8:5202 cc=astraea pid=2320927 child=2327659
[sao-listener] single-flow mode: attached worker; stopping ss scans
[sao-listener flow 1] cport=23100 cc=astraea worker active
[sao-listener] new flow 1 10.0.0.2:23101->10.0.0.9:5202 cc=astraea pid=2327129 child=2327732
[sao-listener] single-flow mode: attached worker; stopping ss scans
[sao-listener flow 1] cport=23101 cc=astraea worker active
[sao-listener] new flow 1 10.0.0.3:23302->10.0.0.10:5204 cc=astraea pid=2323957 child=2327920
[sao-listener] single-flow mode: attached worker; stopping ss scans
[sao-listener flow 1] cport=23302 cc=astraea worker active
[orch] link change t=15.0s bw=94 delay=67
[sao-listener] new flow 1 10.0.0.4:23803->10.0.0.11:5209 cc=astraea pid=2323894 child=2328280
[sao-listener] single-flow mode: attached worker; stopping ss scans
[sao-listener flow 1] cport=23803 cc=astraea worker active
[sao-listener] new flow 1 10.0.0.2:23201->10.0.0.9:5203 cc=astraea pid=2322430 child=2328579
[sao-listener] single-flow mode: attached worker; stopping ss scans
[sao-listener flow 1] cport=23201 cc=astraea worker active
[worker cport=23101 agent=1] loaded checkpoint step=17958
[worker alg=ma_dreamer reward=tempest_fairness_ma cport=23101 agent=1 group=slot1_ep19 flow=1] started interval=20ms det=1 latent=8x8
[worker cport=23100 agent=0] loaded checkpoint step=17958
[worker alg=ma_dreamer reward=tempest_fairness_ma cport=23100 agent=0 group=slot1_ep19 flow=1] started interval=20ms det=1 latent=8x8
[worker cport=23302 agent=2] loaded checkpoint step=17958
[worker alg=ma_dreamer reward=tempest_fairness_ma cport=23302 agent=2 group=slot3_ep16 flow=1] started interval=20ms det=1 latent=8x8
[sao-listener] new flow 1 10.0.0.3:23202->10.0.0.10:5203 cc=astraea pid=2328895 child=2329327
[sao-listener] single-flow mode: attached worker; stopping ss scans
[sao-listener flow 1] cport=23202 cc=astraea worker active
[orch] link change t=30.0s bw=75 delay=85
[sao-listener] new flow 1 10.0.0.4:23603->10.0.0.11:5207 cc=astraea pid=2326974 child=2329607
[sao-listener] single-flow mode: attached worker; stopping ss scans
[sao-listener flow 1] cport=23603 cc=astraea worker active
[worker cport=23803 agent=3] loaded checkpoint step=17958
[worker alg=ma_dreamer reward=tempest_fairness_ma cport=23803 agent=3 group=slot8_ep11 flow=1] started interval=20ms det=1 latent=8x8
[worker cport=23201 agent=1] loaded checkpoint step=17958
[worker alg=ma_dreamer reward=tempest_fairness_ma cport=23201 agent=1 group=slot2_ep18 flow=1] started interval=20ms det=1 latent=8x8
[orch] link change t=30.0s bw=95 delay=54
[sao-listener] new flow 1 10.0.0.4:23403->10.0.0.11:5205 cc=astraea pid=2324429 child=2330125
[sao-listener] single-flow mode: attached worker; stopping ss scans
[sao-listener flow 1] cport=23403 cc=astraea worker active
[worker cport=23202 agent=2] loaded checkpoint step=17958
[worker alg=ma_dreamer reward=tempest_fairness_ma cport=23202 agent=2 group=slot2_ep18 flow=1] started interval=20ms det=1 latent=8x8
[worker cport=23603 agent=3] loaded checkpoint step=17958
[worker alg=ma_dreamer reward=tempest_fairness_ma cport=23603 agent=3 group=slot6_ep15 flow=1] started interval=20ms det=1 latent=8x8
[orch] link change t=30.0s bw=33 delay=93
[worker cport=23403 agent=3] loaded checkpoint step=17958
[worker alg=ma_dreamer reward=tempest_fairness_ma cport=23403 agent=3 group=slot4_ep12 flow=1] started interval=20ms det=1 latent=8x8
[orch] link change t=30.0s bw=77 delay=41
[sao-listener] new flow 1 10.0.0.2:23001->10.0.0.9:5201 cc=astraea pid=2330657 child=2331316
[sao-listener] single-flow mode: attached worker; stopping ss scans
[sao-listener flow 1] cport=23001 cc=astraea worker active
[sao-listener] new flow 1 10.0.0.1:23000->10.0.0.8:5201 cc=astraea pid=2324538 child=2331387
[sao-listener] single-flow mode: attached worker; stopping ss scans
[sao-listener flow 1] cport=23000 cc=astraea worker active
[worker cport=23001 agent=1] loaded checkpoint step=17958
[worker alg=ma_dreamer reward=tempest_fairness_ma cport=23001 agent=1 group=slot0_ep20 flow=1] started interval=20ms det=1 latent=8x8
[worker cport=23000 agent=0] loaded checkpoint step=17958
[worker alg=ma_dreamer reward=tempest_fairness_ma cport=23000 agent=0 group=slot0_ep20 flow=1] started interval=20ms det=1 latent=8x8
[orch] link change t=30.0s bw=30 delay=40
[sao-listener] new flow 1 10.0.0.3:23702->10.0.0.10:5208 cc=astraea pid=2327213 child=2332721
[sao-listener] single-flow mode: attached worker; stopping ss scans
[sao-listener flow 1] cport=23702 cc=astraea worker active
[orch] link change t=15.0s bw=76 delay=25
[sao-listener] new flow 1 10.0.0.4:23503->10.0.0.11:5206 cc=astraea pid=2325110 child=2333019
[sao-listener] single-flow mode: attached worker; stopping ss scans
[sao-listener flow 1] cport=23503 cc=astraea worker active
[sao-listener] new flow 1 10.0.0.5:23504->10.0.0.12:5206 cc=astraea pid=2331240 child=2333094
[sao-listener] single-flow mode: attached worker; stopping ss scans
[sao-listener flow 1] cport=23504 cc=astraea worker active
[worker cport=23702 agent=2] loaded checkpoint step=17958
[worker alg=ma_dreamer reward=tempest_fairness_ma cport=23702 agent=2 group=slot7_ep17 flow=1] started interval=20ms det=1 latent=8x8
[sao-listener] new flow 1 10.0.0.5:23904->10.0.0.12:5210 cc=astraea pid=2331646 child=2333821
[sao-listener] single-flow mode: attached worker; stopping ss scans
[sao-listener flow 1] cport=23904 cc=astraea worker active
[worker cport=23503 agent=3] loaded checkpoint step=17958
[worker alg=ma_dreamer reward=tempest_fairness_ma cport=23503 agent=3 group=slot5_ep13 flow=1] started interval=20ms det=1 latent=8x8
[worker cport=23504 agent=4] loaded checkpoint step=17958
[worker alg=ma_dreamer reward=tempest_fairness_ma cport=23504 agent=4 group=slot5_ep13 flow=1] started interval=20ms det=1 latent=8x8
[sao-listener] new flow 1 10.0.0.3:23102->10.0.0.10:5202 cc=astraea pid=2333334 child=2334285
[sao-listener] single-flow mode: attached worker; stopping ss scans
[sao-listener flow 1] cport=23102 cc=astraea worker active
[sao-listener] new flow 1 10.0.0.4:23303->10.0.0.11:5204 cc=astraea pid=2330110 child=2334758
[sao-listener] single-flow mode: attached worker; stopping ss scans
[sao-listener flow 1] cport=23303 cc=astraea worker active
[worker cport=23904 agent=4] loaded checkpoint step=17958
[worker alg=ma_dreamer reward=tempest_fairness_ma cport=23904 agent=4 group=slot9_ep14 flow=1] started interval=20ms det=1 latent=8x8
[worker cport=23102 agent=2] loaded checkpoint step=17958
[worker alg=ma_dreamer reward=tempest_fairness_ma cport=23102 agent=2 group=slot1_ep19 flow=1] started interval=20ms det=1 latent=8x8
[orch] link change t=30.0s bw=63 delay=39
[worker cport=23303 agent=3] loaded checkpoint step=17958
[worker alg=ma_dreamer reward=tempest_fairness_ma cport=23303 agent=3 group=slot3_ep16 flow=1] started interval=20ms det=1 latent=8x8
[sao-listener] new flow 1 10.0.0.5:23804->10.0.0.12:5209 cc=astraea pid=2330080 child=2335628
[sao-listener] single-flow mode: attached worker; stopping ss scans
[sao-listener flow 1] cport=23804 cc=astraea worker active
[orch] link change t=15.0s bw=43 delay=96
[sao-listener] new flow 1 10.0.0.4:23203->10.0.0.11:5203 cc=astraea pid=2334823 child=2335929
[sao-listener] single-flow mode: attached worker; stopping ss scans
[sao-listener flow 1] cport=23203 cc=astraea worker active
[sao-listener] new flow 1 10.0.0.5:23604->10.0.0.12:5207 cc=astraea pid=2333214 child=2336215
[sao-listener] single-flow mode: attached worker; stopping ss scans
[sao-listener flow 1] cport=23604 cc=astraea worker active
[worker cport=23804 agent=4] loaded checkpoint step=17958
[worker alg=ma_dreamer reward=tempest_fairness_ma cport=23804 agent=4 group=slot8_ep11 flow=1] started interval=20ms det=1 latent=8x8
[sao-listener] new flow 1 10.0.0.5:23404->10.0.0.12:5205 cc=astraea pid=2330527 child=2336513
[sao-listener] single-flow mode: attached worker; stopping ss scans
[sao-listener flow 1] cport=23404 cc=astraea worker active
[worker cport=23203 agent=3] loaded checkpoint step=17958
[worker alg=ma_dreamer reward=tempest_fairness_ma cport=23203 agent=3 group=slot2_ep18 flow=1] started interval=20ms det=1 latent=8x8
[worker cport=23604 agent=4] loaded checkpoint step=17958
[worker alg=ma_dreamer reward=tempest_fairness_ma cport=23604 agent=4 group=slot6_ep15 flow=1] started interval=20ms det=1 latent=8x8
[worker cport=23404 agent=4] loaded checkpoint step=17958
[worker alg=ma_dreamer reward=tempest_fairness_ma cport=23404 agent=4 group=slot4_ep12 flow=1] started interval=20ms det=1 latent=8x8
[sao-listener] new flow 1 10.0.0.3:23002->10.0.0.10:5201 cc=astraea pid=2336292 child=2337431
[sao-listener] single-flow mode: attached worker; stopping ss scans
[sao-listener flow 1] cport=23002 cc=astraea worker active
[worker cport=23002 agent=2] loaded checkpoint step=17958
[worker alg=ma_dreamer reward=tempest_fairness_ma cport=23002 agent=2 group=slot0_ep20 flow=1] started interval=20ms det=1 latent=8x8
[orch] link change t=30.0s bw=47 delay=32
[sao-listener] new flow 1 10.0.0.4:23703->10.0.0.11:5208 cc=astraea pid=2333399 child=2338319
[sao-listener] single-flow mode: attached worker; stopping ss scans
[sao-listener flow 1] cport=23703 cc=astraea worker active
[worker cport=23703 agent=3] loaded checkpoint step=17958
[worker alg=ma_dreamer reward=tempest_fairness_ma cport=23703 agent=3 group=slot7_ep17 flow=1] started interval=20ms det=1 latent=8x8
[sao-listener] new flow 1 10.0.0.6:23505->10.0.0.13:5206 cc=astraea pid=2336849 child=2339016
[sao-listener] single-flow mode: attached worker; stopping ss scans
[sao-listener flow 1] cport=23505 cc=astraea worker active
[orch] link change t=30.0s bw=52 delay=40
[sao-listener] new flow 1 10.0.0.6:23905->10.0.0.13:5210 cc=astraea pid=2337131 child=2339371
[sao-listener] single-flow mode: attached worker; stopping ss scans
[sao-listener flow 1] cport=23905 cc=astraea worker active
[sao-listener] new flow 1 10.0.0.4:23103->10.0.0.11:5202 cc=astraea pid=2338527 child=2339440
[sao-listener] single-flow mode: attached worker; stopping ss scans
[sao-listener flow 1] cport=23103 cc=astraea worker active
[worker cport=23505 agent=5] loaded checkpoint step=17958
[worker alg=ma_dreamer reward=tempest_fairness_ma cport=23505 agent=5 group=slot5_ep13 flow=1] started interval=20ms det=1 latent=8x8
[worker cport=23905 agent=5] loaded checkpoint step=17958
[worker alg=ma_dreamer reward=tempest_fairness_ma cport=23905 agent=5 group=slot9_ep14 flow=1] started interval=20ms det=1 latent=8x8
[worker cport=23103 agent=3] loaded checkpoint step=17958
[worker alg=ma_dreamer reward=tempest_fairness_ma cport=23103 agent=3 group=slot1_ep19 flow=1] started interval=20ms det=1 latent=8x8
[orch] link change t=45.0s bw=34 delay=33
[orch] link change t=45.0s bw=28 delay=58
[sao-listener] new flow 1 10.0.0.5:23304->10.0.0.12:5204 cc=astraea pid=2335798 child=2340441
[sao-listener] single-flow mode: attached worker; stopping ss scans
[sao-listener flow 1] cport=23304 cc=astraea worker active
[sao-listener] new flow 1 10.0.0.6:23805->10.0.0.13:5209 cc=astraea pid=2335758 child=2340571
[sao-listener] single-flow mode: attached worker; stopping ss scans
[sao-listener flow 1] cport=23805 cc=astraea worker active
[sao-listener] new flow 1 10.0.0.5:23204->10.0.0.12:5203 cc=astraea pid=2339717 child=2340676
[sao-listener] single-flow mode: attached worker; stopping ss scans
[sao-listener flow 1] cport=23204 cc=astraea worker active
[orch] link change t=45.0s bw=39 delay=95
[sao-listener] new flow 1 10.0.0.6:23405->10.0.0.13:5205 cc=astraea pid=2336154 child=2340955
[sao-listener] single-flow mode: attached worker; stopping ss scans
[sao-listener flow 1] cport=23405 cc=astraea worker active
[worker cport=23304 agent=4] loaded checkpoint step=17958
[worker alg=ma_dreamer reward=tempest_fairness_ma cport=23304 agent=4 group=slot3_ep16 flow=1] started interval=20ms det=1 latent=8x8
[sao-listener] new flow 1 10.0.0.6:23605->10.0.0.13:5207 cc=astraea pid=2338427 child=2341136
[sao-listener] single-flow mode: attached worker; stopping ss scans
[sao-listener flow 1] cport=23605 cc=astraea worker active
[worker cport=23805 agent=5] loaded checkpoint step=17958
[worker alg=ma_dreamer reward=tempest_fairness_ma cport=23805 agent=5 group=slot8_ep11 flow=1] started interval=20ms det=1 latent=8x8
[worker cport=23204 agent=4] loaded checkpoint step=17958
[worker alg=ma_dreamer reward=tempest_fairness_ma cport=23204 agent=4 group=slot2_ep18 flow=1] started interval=20ms det=1 latent=8x8
[orch] link change t=45.0s bw=44 delay=42
[sao-listener] new flow 1 10.0.0.7:23406->10.0.0.14:5205 cc=astraea pid=2340825 child=2341413
[sao-listener] single-flow mode: attached worker; stopping ss scans
[sao-listener flow 1] cport=23406 cc=astraea worker active
[worker cport=23405 agent=5] loaded checkpoint step=17958
[worker alg=ma_dreamer reward=tempest_fairness_ma cport=23405 agent=5 group=slot4_ep12 flow=1] started interval=20ms det=1 latent=8x8
[worker cport=23605 agent=5] loaded checkpoint step=17958
[worker alg=ma_dreamer reward=tempest_fairness_ma cport=23605 agent=5 group=slot6_ep15 flow=1] started interval=20ms det=1 latent=8x8
[worker cport=23406 agent=6] loaded checkpoint step=17958
[worker alg=ma_dreamer reward=tempest_fairness_ma cport=23406 agent=6 group=slot4_ep12 flow=1] started interval=20ms det=1 latent=8x8
[sao-listener] new flow 1 10.0.0.4:23003->10.0.0.11:5201 cc=astraea pid=2340900 child=2342028
[sao-listener] single-flow mode: attached worker; stopping ss scans
[sao-listener flow 1] cport=23003 cc=astraea worker active
[orch] link change t=45.0s bw=12 delay=17
[orch] link change t=30.0s bw=75 delay=35
[worker cport=23003 agent=3] loaded checkpoint step=17958
[worker alg=ma_dreamer reward=tempest_fairness_ma cport=23003 agent=3 group=slot0_ep20 flow=1] started interval=20ms det=1 latent=8x8
[sao-listener] new flow 1 10.0.0.5:23704->10.0.0.12:5208 cc=astraea pid=2338576 child=2342451
[sao-listener] single-flow mode: attached worker; stopping ss scans
[sao-listener flow 1] cport=23704 cc=astraea worker active
[worker cport=23704 agent=4] loaded checkpoint step=17958
[worker alg=ma_dreamer reward=tempest_fairness_ma cport=23704 agent=4 group=slot7_ep17 flow=1] started interval=20ms det=1 latent=8x8
[sao-listener] new flow 1 10.0.0.7:23906->10.0.0.14:5210 cc=astraea pid=2341680 child=2343216
[sao-listener] single-flow mode: attached worker; stopping ss scans
[sao-listener flow 1] cport=23906 cc=astraea worker active
[sao-listener] new flow 1 10.0.0.7:23506->10.0.0.14:5206 cc=astraea pid=2341479 child=2343225
[sao-listener] single-flow mode: attached worker; stopping ss scans
[sao-listener flow 1] cport=23506 cc=astraea worker active
[worker cport=23906 agent=6] loaded checkpoint step=17958
[worker alg=ma_dreamer reward=tempest_fairness_ma cport=23906 agent=6 group=slot9_ep14 flow=1] started interval=20ms det=1 latent=8x8
[worker cport=23506 agent=6] loaded checkpoint step=17958
[worker alg=ma_dreamer reward=tempest_fairness_ma cport=23506 agent=6 group=slot5_ep13 flow=1] started interval=20ms det=1 latent=8x8
[sao-listener] new flow 1 10.0.0.5:23104->10.0.0.12:5202 cc=astraea pid=2342680 child=2343664
[sao-listener] single-flow mode: attached worker; stopping ss scans
[sao-listener flow 1] cport=23104 cc=astraea worker active
[orch] link change t=45.0s bw=67 delay=10
[sao-listener] new flow 1 10.0.0.7:23806->10.0.0.14:5209 cc=astraea pid=2340453 child=2343826
[sao-listener] single-flow mode: attached worker; stopping ss scans
[sao-listener flow 1] cport=23806 cc=astraea worker active
[sao-listener] new flow 1 10.0.0.6:23305->10.0.0.13:5204 cc=astraea pid=2340524 child=2343897
[sao-listener] single-flow mode: attached worker; stopping ss scans
[sao-listener flow 1] cport=23305 cc=astraea worker active
[orch] link change t=30.0s bw=91 delay=22
[worker cport=23104 agent=4] loaded checkpoint step=17958
[worker alg=ma_dreamer reward=tempest_fairness_ma cport=23104 agent=4 group=slot1_ep19 flow=1] started interval=20ms det=1 latent=8x8
[worker cport=23806 agent=6] loaded checkpoint step=17958
[worker alg=ma_dreamer reward=tempest_fairness_ma cport=23806 agent=6 group=slot8_ep11 flow=1] started interval=20ms det=1 latent=8x8
[sao-listener] new flow 1 10.0.0.6:23205->10.0.0.13:5203 cc=astraea pid=2343422 child=2344242
[sao-listener] single-flow mode: attached worker; stopping ss scans
[sao-listener flow 1] cport=23205 cc=astraea worker active
[worker cport=23305 agent=5] loaded checkpoint step=17958
[worker alg=ma_dreamer reward=tempest_fairness_ma cport=23305 agent=5 group=slot3_ep16 flow=1] started interval=20ms det=1 latent=8x8
[sao-listener] new flow 1 10.0.0.7:23606->10.0.0.14:5207 cc=astraea pid=2342618 child=2344419
[sao-listener] single-flow mode: attached worker; stopping ss scans
[sao-listener flow 1] cport=23606 cc=astraea worker active
[worker cport=23205 agent=5] loaded checkpoint step=17958
[worker alg=ma_dreamer reward=tempest_fairness_ma cport=23205 agent=5 group=slot2_ep18 flow=1] started interval=20ms det=1 latent=8x8
[worker cport=23606 agent=6] loaded checkpoint step=17958
[worker alg=ma_dreamer reward=tempest_fairness_ma cport=23606 agent=6 group=slot6_ep15 flow=1] started interval=20ms det=1 latent=8x8
[sao-listener] new flow 1 10.0.0.5:23004->10.0.0.12:5201 cc=astraea pid=2344359 child=2344907
[sao-listener] single-flow mode: attached worker; stopping ss scans
[sao-listener flow 1] cport=23004 cc=astraea worker active
[orch] link change t=45.0s bw=100 delay=100
[worker cport=23004 agent=4] loaded checkpoint step=17958
[worker alg=ma_dreamer reward=tempest_fairness_ma cport=23004 agent=4 group=slot0_ep20 flow=1] started interval=20ms det=1 latent=8x8
[sao-listener] new flow 1 10.0.0.6:23705->10.0.0.13:5208 cc=astraea pid=2342716 child=2345185
[sao-listener] single-flow mode: attached worker; stopping ss scans
[sao-listener flow 1] cport=23705 cc=astraea worker active
[worker cport=23705 agent=5] loaded checkpoint step=17958
[worker alg=ma_dreamer reward=tempest_fairness_ma cport=23705 agent=5 group=slot7_ep17 flow=1] started interval=20ms det=1 latent=8x8
[orch] link change t=45.0s bw=35 delay=72
[sao-listener] new flow 1 10.0.0.6:23105->10.0.0.13:5202 cc=astraea pid=2345266 child=2345623
[sao-listener] single-flow mode: attached worker; stopping ss scans
[sao-listener flow 1] cport=23105 cc=astraea worker active
[sao-listener] new flow 1 10.0.0.7:23306->10.0.0.14:5204 cc=astraea pid=2344018 child=2345713
[sao-listener] single-flow mode: attached worker; stopping ss scans
[sao-listener flow 1] cport=23306 cc=astraea worker active
[orch] link change t=60.0s bw=75 delay=70
[worker cport=23105 agent=5] loaded checkpoint step=17958
[worker alg=ma_dreamer reward=tempest_fairness_ma cport=23105 agent=5 group=slot1_ep19 flow=1] started interval=20ms det=1 latent=8x8
[orch] link change t=60.0s bw=11 delay=57
[worker cport=23306 agent=6] loaded checkpoint step=17958
[worker alg=ma_dreamer reward=tempest_fairness_ma cport=23306 agent=6 group=slot3_ep16 flow=1] started interval=20ms det=1 latent=8x8
[sao-listener] new flow 1 10.0.0.7:23206->10.0.0.14:5203 cc=astraea pid=2345587 child=2346021
[sao-listener] single-flow mode: attached worker; stopping ss scans
[sao-listener flow 1] cport=23206 cc=astraea worker active
[orch] link change t=60.0s bw=28 delay=38
[orch] link change t=60.0s bw=47 delay=19
[worker cport=23206 agent=6] loaded checkpoint step=17958
[worker alg=ma_dreamer reward=tempest_fairness_ma cport=23206 agent=6 group=slot2_ep18 flow=1] started interval=20ms det=1 latent=8x8
[sao-listener] new flow 1 10.0.0.6:23005->10.0.0.13:5201 cc=astraea pid=2346074 child=2346257
[sao-listener] single-flow mode: attached worker; stopping ss scans
[sao-listener flow 1] cport=23005 cc=astraea worker active
[worker cport=23005 agent=5] loaded checkpoint step=17958
[worker alg=ma_dreamer reward=tempest_fairness_ma cport=23005 agent=5 group=slot0_ep20 flow=1] started interval=20ms det=1 latent=8x8
[orch] link change t=60.0s bw=97 delay=28
[orch] link change t=45.0s bw=60 delay=54
[sao-listener] new flow 1 10.0.0.7:23706->10.0.0.14:5208 cc=astraea pid=2345281 child=2346481
[sao-listener] single-flow mode: attached worker; stopping ss scans
[sao-listener flow 1] cport=23706 cc=astraea worker active
[worker cport=23706 agent=6] loaded checkpoint step=17958
[worker alg=ma_dreamer reward=tempest_fairness_ma cport=23706 agent=6 group=slot7_ep17 flow=1] started interval=20ms det=1 latent=8x8
[sao-listener] new flow 1 10.0.0.7:23106->10.0.0.14:5202 cc=astraea pid=2346480 child=2346643
[sao-listener] single-flow mode: attached worker; stopping ss scans
[sao-listener flow 1] cport=23106 cc=astraea worker active
[worker cport=23106 agent=6] loaded checkpoint step=17958
[worker alg=ma_dreamer reward=tempest_fairness_ma cport=23106 agent=6 group=slot1_ep19 flow=1] started interval=20ms det=1 latent=8x8
[orch] link change t=60.0s bw=62 delay=94
[orch] link change t=45.0s bw=51 delay=83
[sao-listener] new flow 1 10.0.0.7:23006->10.0.0.14:5201 cc=astraea pid=2346804 child=2346852
[sao-listener] single-flow mode: attached worker; stopping ss scans
[sao-listener flow 1] cport=23006 cc=astraea worker active
[worker cport=23006 agent=6] loaded checkpoint step=17958
[worker alg=ma_dreamer reward=tempest_fairness_ma cport=23006 agent=6 group=slot0_ep20 flow=1] started interval=20ms det=1 latent=8x8
[orch] link change t=60.0s bw=79 delay=94
[orch] link change t=60.0s bw=90 delay=73
[orch] link change t=75.0s bw=90 delay=88
[orch] link change t=75.0s bw=71 delay=45
[orch] link change t=75.0s bw=92 delay=33
[orch] link change t=75.0s bw=94 delay=67
[orch] link change t=75.0s bw=98 delay=57
[orch] link change t=60.0s bw=77 delay=47
[orch] link change t=75.0s bw=43 delay=40
[orch] link change t=60.0s bw=31 delay=13
[orch] link change t=75.0s bw=45 delay=24
[orch] link change t=75.0s bw=33 delay=71
[orch] link change t=90.0s bw=33 delay=22
[orch] link change t=90.0s bw=92 delay=68
[orch] link change t=90.0s bw=26 delay=19
[orch] link change t=90.0s bw=48 delay=69
[orch] link change t=90.0s bw=40 delay=24
[orch] link change t=75.0s bw=84 delay=28
[orch] link change t=90.0s bw=91 delay=38
[orch] link change t=75.0s bw=62 delay=62
[orch] link change t=90.0s bw=13 delay=41
[orch] link change t=90.0s bw=47 delay=68
[orch] link change t=105.0s bw=67 delay=48
[orch] link change t=105.0s bw=98 delay=86
[orch] link change t=105.0s bw=78 delay=37
[orch] link change t=105.0s bw=97 delay=60
[orch] link change t=105.0s bw=53 delay=69
[orch] link change t=90.0s bw=86 delay=43
[orch] link change t=105.0s bw=11 delay=47
[orch] link change t=90.0s bw=19 delay=23
[orch] link change t=105.0s bw=59 delay=63
[orch] link change t=105.0s bw=43 delay=35
[orch] link change t=120.0s bw=28 delay=21
[orch] link change t=120.0s bw=39 delay=81
[orch] link change t=120.0s bw=47 delay=13
[orch] link change t=120.0s bw=60 delay=25
[orch] link change t=120.0s bw=100 delay=55
[orch] link change t=105.0s bw=23 delay=43
[orch] link change t=120.0s bw=48 delay=52
[orch] link change t=105.0s bw=26 delay=50
[orch] link change t=120.0s bw=42 delay=74
[orch] link change t=120.0s bw=42 delay=98
[orch] link change t=135.0s bw=78 delay=98
[orch] link change t=135.0s bw=10 delay=94
[orch] link change t=135.0s bw=65 delay=26
[orch] link change t=135.0s bw=43 delay=38
[orch] link change t=135.0s bw=45 delay=60
[orch] link change t=120.0s bw=62 delay=51
[orch] link change t=135.0s bw=95 delay=28
[orch] link change t=120.0s bw=70 delay=84
[orch] link change t=135.0s bw=50 delay=91
[orch] link change t=135.0s bw=25 delay=51
[orch] link change t=150.0s bw=91 delay=15
[orch] link change t=150.0s bw=89 delay=28
[orch] link change t=150.0s bw=97 delay=87
[orch] link change t=150.0s bw=50 delay=55
[orch] link change t=150.0s bw=43 delay=54
[orch] link change t=135.0s bw=44 delay=23
[orch] link change t=150.0s bw=87 delay=49
[orch] link change t=135.0s bw=67 delay=62
[orch] link change t=150.0s bw=97 delay=61
[orch] link change t=150.0s bw=76 delay=96
[orch] link change t=165.0s bw=86 delay=60
[orch] link change t=165.0s bw=66 delay=57
[orch] link change t=165.0s bw=11 delay=45
[orch] link change t=165.0s bw=43 delay=56
[orch] link change t=165.0s bw=39 delay=36
[orch] link change t=150.0s bw=51 delay=49
[orch] link change t=165.0s bw=12 delay=38
[orch] link change t=150.0s bw=36 delay=35
[orch] link change t=165.0s bw=27 delay=80
[orch] link change t=165.0s bw=32 delay=40
[orch] link change t=180.0s bw=67 delay=93
[orch] link change t=180.0s bw=30 delay=53
[orch] link change t=180.0s bw=28 delay=20
[orch] link change t=180.0s bw=90 delay=90
[orch] link change t=180.0s bw=55 delay=50
[orch] link change t=165.0s bw=12 delay=82
[orch] link change t=180.0s bw=87 delay=42
[orch] link change t=165.0s bw=50 delay=90
[orch] link change t=180.0s bw=17 delay=27
[orch] link change t=180.0s bw=31 delay=40
[orch] link change t=195.0s bw=88 delay=93
[orch] link change t=195.0s bw=36 delay=17
[orch] link change t=195.0s bw=43 delay=67
[orch] link change t=195.0s bw=76 delay=29
[orch] link change t=195.0s bw=38 delay=49
[orch] link change t=180.0s bw=89 delay=35
[orch] link change t=195.0s bw=12 delay=29
[orch] link change t=180.0s bw=97 delay=52
[orch] link change t=195.0s bw=35 delay=29
[orch] link change t=195.0s bw=35 delay=56
[orch] link change t=210.0s bw=30 delay=89
[orch] link change t=210.0s bw=83 delay=35
[orch] link change t=210.0s bw=65 delay=27
[orch] link change t=210.0s bw=30 delay=80
[orch] link change t=210.0s bw=75 delay=63
[orch] link change t=195.0s bw=19 delay=35
[orch] link change t=210.0s bw=87 delay=95
[orch] link change t=195.0s bw=52 delay=64
[orch] link change t=210.0s bw=100 delay=78
[orch] link change t=210.0s bw=83 delay=74
[orch] link change t=225.0s bw=11 delay=77
[orch] link change t=225.0s bw=19 delay=75
[orch] link change t=225.0s bw=42 delay=55
[orch] link change t=225.0s bw=95 delay=94
[orch] link change t=225.0s bw=39 delay=83
[orch] link change t=210.0s bw=24 delay=79
[orch] link change t=225.0s bw=90 delay=13
[orch] link change t=210.0s bw=21 delay=90
[orch] link change t=225.0s bw=81 delay=97
[orch] link change t=225.0s bw=35 delay=96
[orch] link change t=240.0s bw=18 delay=17
[orch] link change t=240.0s bw=97 delay=53
[orch] link change t=240.0s bw=39 delay=72
[orch] link change t=240.0s bw=45 delay=31
[orch] link change t=240.0s bw=68 delay=63
[orch] link change t=225.0s bw=68 delay=59
[orch] link change t=240.0s bw=69 delay=68
[orch] link change t=225.0s bw=76 delay=72
[orch] link change t=240.0s bw=36 delay=52
[orch] link change t=240.0s bw=73 delay=37
[orch] link change t=255.0s bw=14 delay=34
[orch] link change t=255.0s bw=97 delay=61
[orch] link change t=255.0s bw=80 delay=82
[orch] link change t=255.0s bw=11 delay=93
[orch] link change t=255.0s bw=72 delay=20
[orch] link change t=240.0s bw=19 delay=22
[orch] link change t=255.0s bw=86 delay=90
[orch] link change t=240.0s bw=61 delay=20
[orch] link change t=255.0s bw=79 delay=25
[orch] link change t=255.0s bw=48 delay=43
[orch] link change t=270.0s bw=40 delay=86
[orch] link change t=270.0s bw=21 delay=12
[orch] link change t=270.0s bw=64 delay=95
[orch] link change t=270.0s bw=18 delay=25
[orch] link change t=270.0s bw=69 delay=82
[orch] link change t=255.0s bw=63 delay=12
[orch] link change t=270.0s bw=100 delay=47
[orch] link change t=255.0s bw=36 delay=83
[orch] link change t=270.0s bw=91 delay=18
[orch] link change t=270.0s bw=10 delay=53
[orch] link change t=285.0s bw=13 delay=69
[orch] link change t=285.0s bw=17 delay=94
[orch] link change t=285.0s bw=56 delay=65
[orch] link change t=285.0s bw=86 delay=53
[orch] link change t=285.0s bw=56 delay=66
[orch] link change t=270.0s bw=22 delay=84
[orch] link change t=285.0s bw=38 delay=49
[orch] link change t=270.0s bw=41 delay=14
[orch] link change t=285.0s bw=49 delay=62
[orch] link change t=285.0s bw=61 delay=38
[orch] link change t=300.0s bw=51 delay=66
[orch] link change t=300.0s bw=75 delay=38
[orch] link change t=300.0s bw=91 delay=50
[orch] link change t=300.0s bw=13 delay=20
[orch] link change t=300.0s bw=82 delay=50
[orch] link change t=285.0s bw=64 delay=60
[orch] link change t=300.0s bw=56 delay=43
[orch] link change t=285.0s bw=35 delay=22
[orch] link change t=300.0s bw=20 delay=74
[orch] link change t=300.0s bw=61 delay=78
[orch] link change t=315.0s bw=85 delay=35
[orch] link change t=315.0s bw=21 delay=64
[orch] link change t=315.0s bw=93 delay=25
[orch] link change t=315.0s bw=45 delay=36
[orch] link change t=315.0s bw=98 delay=92
[orch] link change t=300.0s bw=66 delay=94
[orch] link change t=315.0s bw=63 delay=21
[orch] link change t=300.0s bw=20 delay=34
[orch] link change t=315.0s bw=70 delay=91
[orch] link change t=315.0s bw=54 delay=85
[orch] link change t=330.0s bw=76 delay=39
[orch] link change t=330.0s bw=66 delay=24
[orch] link change t=330.0s bw=54 delay=86
[orch] link change t=330.0s bw=58 delay=61
[orch] link change t=330.0s bw=67 delay=61
[orch] link change t=315.0s bw=48 delay=83
[orch] link change t=330.0s bw=54 delay=73
[orch] link change t=315.0s bw=42 delay=98
[orch] link change t=330.0s bw=86 delay=28
[orch] link change t=330.0s bw=83 delay=77
[orch] link change t=330.0s bw=74 delay=30
[orch] link change t=330.0s bw=46 delay=49
[multi_ep_plot] saved -> /its/home/mm2350/extra/Olympusv2/benchmarks/benchmark_responsive_fairness/data/ma_dreamer_20260611-175726/7_flows/run11/ep000011_bw67_d81_n7.pdf  return=1342742.0
[ep_plot] ep=11 -> /its/home/mm2350/extra/Olympusv2/benchmarks/benchmark_responsive_fairness/data/ma_dreamer_20260611-175726/7_flows/run11/ep000011_bw67_d81_n7.pdf  return=1342742.03125
[orch] ep=11 sum-of-agents return=1342742.0
[responsive_fairness] slot=8 ma_dreamer_20260611-175726 flows=7 run=21
[responsive_fairness] ma_dreamer_20260611-175726 flows=7 run=11 done (161/200)
[slot=8] ep=21  flows=7  bw=31Mbps  delay=63ms  duration=345s  delays=[0.0, 7.5, 15.0, 22.5, 30.0, 37.5, 45.0]  lifetimes=[345.0, 337.5, 330.0, 322.5, 315.0, 307.5, 300.0]
[multi_ep_plot] saved -> /its/home/mm2350/extra/Olympusv2/benchmarks/benchmark_responsive_fairness/data/ma_dreamer_20260611-175726/7_flows/run12/ep000012_bw70_d44_n7.pdf  return=1485373.6
[ep_plot] ep=12 -> /its/home/mm2350/extra/Olympusv2/benchmarks/benchmark_responsive_fairness/data/ma_dreamer_20260611-175726/7_flows/run12/ep000012_bw70_d44_n7.pdf  return=1485373.59375
[orch] ep=12 sum-of-agents return=1485373.6
[responsive_fairness] slot=4 ma_dreamer_20260611-175726 flows=7 run=22
[responsive_fairness] ma_dreamer_20260611-175726 flows=7 run=12 done (162/200)
[slot=4] ep=22  flows=7  bw=27Mbps  delay=41ms  duration=345s  delays=[0.0, 7.5, 15.0, 22.5, 30.0, 37.5, 45.0]  lifetimes=[345.0, 337.5, 330.0, 322.5, 315.0, 307.5, 300.0]
[sao-listener] cport=23800 worker=/its/home/mm2350/extra/Olympusv2/olympus/algorithms/ma_dreamer/worker.py scan=20ms target_cc=astraea single_flow=1 no_state_pipe=1
[sao-listener] cport=23801 worker=/its/home/mm2350/extra/Olympusv2/olympus/algorithms/ma_dreamer/worker.py scan=20ms target_cc=astraea single_flow=1 no_state_pipe=1
[sao-listener] cport=23802 worker=/its/home/mm2350/extra/Olympusv2/olympus/algorithms/ma_dreamer/worker.py scan=20ms target_cc=astraea single_flow=1 no_state_pipe=1
[sao-listener] cport=23803 worker=/its/home/mm2350/extra/Olympusv2/olympus/algorithms/ma_dreamer/worker.py scan=20ms target_cc=astraea single_flow=1 no_state_pipe=1
[multi_ep_plot] saved -> /its/home/mm2350/extra/Olympusv2/benchmarks/benchmark_responsive_fairness/data/ma_dreamer_20260611-175726/7_flows/run13/ep000013_bw43_d47_n7.pdf  return=1568826.1
[ep_plot] ep=13 -> /its/home/mm2350/extra/Olympusv2/benchmarks/benchmark_responsive_fairness/data/ma_dreamer_20260611-175726/7_flows/run13/ep000013_bw43_d47_n7.pdf  return=1568826.125
[orch] ep=13 sum-of-agents return=1568826.1
[sao-listener] cport=23804 worker=/its/home/mm2350/extra/Olympusv2/olympus/algorithms/ma_dreamer/worker.py scan=20ms target_cc=astraea single_flow=1 no_state_pipe=1
[responsive_fairness] slot=5 ma_dreamer_20260611-175726 flows=7 run=23
[responsive_fairness] ma_dreamer_20260611-175726 flows=7 run=13 done (163/200)
[sao-listener] cport=23805 worker=/its/home/mm2350/extra/Olympusv2/olympus/algorithms/ma_dreamer/worker.py scan=20ms target_cc=astraea single_flow=1 no_state_pipe=1
[slot=5] ep=23  flows=7  bw=47Mbps  delay=20ms  duration=345s  delays=[0.0, 7.5, 15.0, 22.5, 30.0, 37.5, 45.0]  lifetimes=[345.0, 337.5, 330.0, 322.5, 315.0, 307.5, 300.0]
[sao-listener] cport=23806 worker=/its/home/mm2350/extra/Olympusv2/olympus/algorithms/ma_dreamer/worker.py scan=20ms target_cc=astraea single_flow=1 no_state_pipe=1
[sao-listener] cport=23400 worker=/its/home/mm2350/extra/Olympusv2/olympus/algorithms/ma_dreamer/worker.py scan=20ms target_cc=astraea single_flow=1 no_state_pipe=1
[sao-listener] cport=23401 worker=/its/home/mm2350/extra/Olympusv2/olympus/algorithms/ma_dreamer/worker.py scan=20ms target_cc=astraea single_flow=1 no_state_pipe=1
[sao-listener] cport=23402 worker=/its/home/mm2350/extra/Olympusv2/olympus/algorithms/ma_dreamer/worker.py scan=20ms target_cc=astraea single_flow=1 no_state_pipe=1
[sao-listener] cport=23403 worker=/its/home/mm2350/extra/Olympusv2/olympus/algorithms/ma_dreamer/worker.py scan=20ms target_cc=astraea single_flow=1 no_state_pipe=1
[sao-listener] cport=23404 worker=/its/home/mm2350/extra/Olympusv2/olympus/algorithms/ma_dreamer/worker.py scan=20ms target_cc=astraea single_flow=1 no_state_pipe=1
[sao-listener] cport=23405 worker=/its/home/mm2350/extra/Olympusv2/olympus/algorithms/ma_dreamer/worker.py scan=20ms target_cc=astraea single_flow=1 no_state_pipe=1
[sao-listener] cport=23406 worker=/its/home/mm2350/extra/Olympusv2/olympus/algorithms/ma_dreamer/worker.py scan=20ms target_cc=astraea single_flow=1 no_state_pipe=1
[multi_ep_plot] saved -> /its/home/mm2350/extra/Olympusv2/benchmarks/benchmark_responsive_fairness/data/ma_dreamer_20260611-175726/7_flows/run14/ep000014_bw23_d88_n7.pdf  return=1639176.9
[ep_plot] ep=14 -> /its/home/mm2350/extra/Olympusv2/benchmarks/benchmark_responsive_fairness/data/ma_dreamer_20260611-175726/7_flows/run14/ep000014_bw23_d88_n7.pdf  return=1639176.9375
[orch] ep=14 sum-of-agents return=1639176.9
[responsive_fairness] slot=9 ma_dreamer_20260611-175726 flows=7 run=24
[responsive_fairness] ma_dreamer_20260611-175726 flows=7 run=14 done (164/200)
[slot=9] ep=24  flows=7  bw=59Mbps  delay=84ms  duration=345s  delays=[0.0, 7.5, 15.0, 22.5, 30.0, 37.5, 45.0]  lifetimes=[345.0, 337.5, 330.0, 322.5, 315.0, 307.5, 300.0]
[sao-listener] cport=23500 worker=/its/home/mm2350/extra/Olympusv2/olympus/algorithms/ma_dreamer/worker.py scan=20ms target_cc=astraea single_flow=1 no_state_pipe=1
[sao-listener] cport=23501 worker=/its/home/mm2350/extra/Olympusv2/olympus/algorithms/ma_dreamer/worker.py scan=20ms target_cc=astraea single_flow=1 no_state_pipe=1
[sao-listener] cport=23502 worker=/its/home/mm2350/extra/Olympusv2/olympus/algorithms/ma_dreamer/worker.py scan=20ms target_cc=astraea single_flow=1 no_state_pipe=1
[sao-listener] cport=23503 worker=/its/home/mm2350/extra/Olympusv2/olympus/algorithms/ma_dreamer/worker.py scan=20ms target_cc=astraea single_flow=1 no_state_pipe=1
[sao-listener] cport=23504 worker=/its/home/mm2350/extra/Olympusv2/olympus/algorithms/ma_dreamer/worker.py scan=20ms target_cc=astraea single_flow=1 no_state_pipe=1
[sao-listener] cport=23505 worker=/its/home/mm2350/extra/Olympusv2/olympus/algorithms/ma_dreamer/worker.py scan=20ms target_cc=astraea single_flow=1 no_state_pipe=1
[sao-listener] cport=23506 worker=/its/home/mm2350/extra/Olympusv2/olympus/algorithms/ma_dreamer/worker.py scan=20ms target_cc=astraea single_flow=1 no_state_pipe=1
[sao-listener] cport=23900 worker=/its/home/mm2350/extra/Olympusv2/olympus/algorithms/ma_dreamer/worker.py scan=20ms target_cc=astraea single_flow=1 no_state_pipe=1
[sao-listener] cport=23901 worker=/its/home/mm2350/extra/Olympusv2/olympus/algorithms/ma_dreamer/worker.py scan=20ms target_cc=astraea single_flow=1 no_state_pipe=1
[sao-listener] cport=23902 worker=/its/home/mm2350/extra/Olympusv2/olympus/algorithms/ma_dreamer/worker.py scan=20ms target_cc=astraea single_flow=1 no_state_pipe=1
[sao-listener] cport=23903 worker=/its/home/mm2350/extra/Olympusv2/olympus/algorithms/ma_dreamer/worker.py scan=20ms target_cc=astraea single_flow=1 no_state_pipe=1
[sao-listener] cport=23904 worker=/its/home/mm2350/extra/Olympusv2/olympus/algorithms/ma_dreamer/worker.py scan=20ms target_cc=astraea single_flow=1 no_state_pipe=1
[sao-listener] cport=23905 worker=/its/home/mm2350/extra/Olympusv2/olympus/algorithms/ma_dreamer/worker.py scan=20ms target_cc=astraea single_flow=1 no_state_pipe=1
[sao-listener] cport=23906 worker=/its/home/mm2350/extra/Olympusv2/olympus/algorithms/ma_dreamer/worker.py scan=20ms target_cc=astraea single_flow=1 no_state_pipe=1
[multi_ep_plot] saved -> /its/home/mm2350/extra/Olympusv2/benchmarks/benchmark_responsive_fairness/data/ma_dreamer_20260611-175726/7_flows/run15/ep000015_bw36_d11_n7.pdf  return=1801274.3
[ep_plot] ep=15 -> /its/home/mm2350/extra/Olympusv2/benchmarks/benchmark_responsive_fairness/data/ma_dreamer_20260611-175726/7_flows/run15/ep000015_bw36_d11_n7.pdf  return=1801274.28125
[orch] ep=15 sum-of-agents return=1801274.3
[responsive_fairness] slot=6 ma_dreamer_20260611-175726 flows=7 run=25
[responsive_fairness] ma_dreamer_20260611-175726 flows=7 run=15 done (165/200)
[slot=6] ep=25  flows=7  bw=58Mbps  delay=11ms  duration=345s  delays=[0.0, 7.5, 15.0, 22.5, 30.0, 37.5, 45.0]  lifetimes=[345.0, 337.5, 330.0, 322.5, 315.0, 307.5, 300.0]
[sao-listener] new flow 1 10.0.0.1:23800->10.0.0.8:5209 cc=astraea pid=2351816 child=2354387
[sao-listener] single-flow mode: attached worker; stopping ss scans
[sao-listener flow 1] cport=23800 cc=astraea worker active
[worker cport=23800 agent=0] loaded checkpoint step=17958
[worker alg=ma_dreamer reward=tempest_fairness_ma cport=23800 agent=0 group=slot8_ep21 flow=1] started interval=20ms det=1 latent=8x8
[sao-listener] cport=23600 worker=/its/home/mm2350/extra/Olympusv2/olympus/algorithms/ma_dreamer/worker.py scan=20ms target_cc=astraea single_flow=1 no_state_pipe=1
[sao-listener] cport=23601 worker=/its/home/mm2350/extra/Olympusv2/olympus/algorithms/ma_dreamer/worker.py scan=20ms target_cc=astraea single_flow=1 no_state_pipe=1
[sao-listener] cport=23602 worker=/its/home/mm2350/extra/Olympusv2/olympus/algorithms/ma_dreamer/worker.py scan=20ms target_cc=astraea single_flow=1 no_state_pipe=1
[sao-listener] cport=23603 worker=/its/home/mm2350/extra/Olympusv2/olympus/algorithms/ma_dreamer/worker.py scan=20ms target_cc=astraea single_flow=1 no_state_pipe=1
[sao-listener] cport=23604 worker=/its/home/mm2350/extra/Olympusv2/olympus/algorithms/ma_dreamer/worker.py scan=20ms target_cc=astraea single_flow=1 no_state_pipe=1
[sao-listener] new flow 1 10.0.0.1:23400->10.0.0.8:5205 cc=astraea pid=2352501 child=2355990
[sao-listener] single-flow mode: attached worker; stopping ss scans
[sao-listener flow 1] cport=23400 cc=astraea worker active
[sao-listener] cport=23605 worker=/its/home/mm2350/extra/Olympusv2/olympus/algorithms/ma_dreamer/worker.py scan=20ms target_cc=astraea single_flow=1 no_state_pipe=1
[sao-listener] cport=23606 worker=/its/home/mm2350/extra/Olympusv2/olympus/algorithms/ma_dreamer/worker.py scan=20ms target_cc=astraea single_flow=1 no_state_pipe=1
[worker cport=23400 agent=0] loaded checkpoint step=17958
[worker alg=ma_dreamer reward=tempest_fairness_ma cport=23400 agent=0 group=slot4_ep22 flow=1] started interval=20ms det=1 latent=8x8
[sao-listener] new flow 1 10.0.0.1:23500->10.0.0.8:5206 cc=astraea pid=2353392 child=2357220
[sao-listener] single-flow mode: attached worker; stopping ss scans
[sao-listener flow 1] cport=23500 cc=astraea worker active
[multi_ep_plot] saved -> /its/home/mm2350/extra/Olympusv2/benchmarks/benchmark_responsive_fairness/data/ma_dreamer_20260611-175726/7_flows/run16/ep000016_bw56_d70_n7.pdf  return=1600897.3
[ep_plot] ep=16 -> /its/home/mm2350/extra/Olympusv2/benchmarks/benchmark_responsive_fairness/data/ma_dreamer_20260611-175726/7_flows/run16/ep000016_bw56_d70_n7.pdf  return=1600897.34375
[orch] ep=16 sum-of-agents return=1600897.3
[responsive_fairness] slot=3 ma_dreamer_20260611-175726 flows=7 run=26
[responsive_fairness] ma_dreamer_20260611-175726 flows=7 run=16 done (166/200)
[slot=3] ep=26  flows=7  bw=35Mbps  delay=94ms  duration=345s  delays=[0.0, 7.5, 15.0, 22.5, 30.0, 37.5, 45.0]  lifetimes=[345.0, 337.5, 330.0, 322.5, 315.0, 307.5, 300.0]
[worker cport=23500 agent=0] loaded checkpoint step=17958
[worker alg=ma_dreamer reward=tempest_fairness_ma cport=23500 agent=0 group=slot5_ep23 flow=1] started interval=20ms det=1 latent=8x8
[sao-listener] new flow 1 10.0.0.1:23900->10.0.0.8:5210 cc=astraea pid=2354134 child=2358479
[sao-listener] single-flow mode: attached worker; stopping ss scans
[sao-listener flow 1] cport=23900 cc=astraea worker active
[sao-listener] cport=23300 worker=/its/home/mm2350/extra/Olympusv2/olympus/algorithms/ma_dreamer/worker.py scan=20ms target_cc=astraea single_flow=1 no_state_pipe=1
[sao-listener] cport=23301 worker=/its/home/mm2350/extra/Olympusv2/olympus/algorithms/ma_dreamer/worker.py scan=20ms target_cc=astraea single_flow=1 no_state_pipe=1
[sao-listener] cport=23302 worker=/its/home/mm2350/extra/Olympusv2/olympus/algorithms/ma_dreamer/worker.py scan=20ms target_cc=astraea single_flow=1 no_state_pipe=1
[sao-listener] cport=23303 worker=/its/home/mm2350/extra/Olympusv2/olympus/algorithms/ma_dreamer/worker.py scan=20ms target_cc=astraea single_flow=1 no_state_pipe=1
[sao-listener] cport=23304 worker=/its/home/mm2350/extra/Olympusv2/olympus/algorithms/ma_dreamer/worker.py scan=20ms target_cc=astraea single_flow=1 no_state_pipe=1
[sao-listener] cport=23305 worker=/its/home/mm2350/extra/Olympusv2/olympus/algorithms/ma_dreamer/worker.py scan=20ms target_cc=astraea single_flow=1 no_state_pipe=1
[sao-listener] cport=23306 worker=/its/home/mm2350/extra/Olympusv2/olympus/algorithms/ma_dreamer/worker.py scan=20ms target_cc=astraea single_flow=1 no_state_pipe=1
[sao-listener] new flow 1 10.0.0.2:23401->10.0.0.9:5205 cc=astraea pid=2359435 child=2359664
[sao-listener] single-flow mode: attached worker; stopping ss scans
[sao-listener flow 1] cport=23401 cc=astraea worker active
[worker cport=23900 agent=0] loaded checkpoint step=17958
[worker alg=ma_dreamer reward=tempest_fairness_ma cport=23900 agent=0 group=slot9_ep24 flow=1] started interval=20ms det=1 latent=8x8
[worker cport=23401 agent=1] loaded checkpoint step=17958
[worker alg=ma_dreamer reward=tempest_fairness_ma cport=23401 agent=1 group=slot4_ep22 flow=1] started interval=20ms det=1 latent=8x8
[sao-listener] new flow 1 10.0.0.1:23600->10.0.0.8:5207 cc=astraea pid=2356391 child=2360766
[sao-listener] single-flow mode: attached worker; stopping ss scans
[sao-listener flow 1] cport=23600 cc=astraea worker active
[sao-listener] new flow 1 10.0.0.2:23501->10.0.0.9:5206 cc=astraea pid=2359999 child=2361544
[sao-listener] single-flow mode: attached worker; stopping ss scans
[sao-listener flow 1] cport=23501 cc=astraea worker active
[worker cport=23600 agent=0] loaded checkpoint step=17958
[worker alg=ma_dreamer reward=tempest_fairness_ma cport=23600 agent=0 group=slot6_ep25 flow=1] started interval=20ms det=1 latent=8x8
[multi_ep_plot] saved -> /its/home/mm2350/extra/Olympusv2/benchmarks/benchmark_responsive_fairness/data/ma_dreamer_20260611-175726/7_flows/run17/ep000017_bw76_d63_n7.pdf  return=1518828.1
[ep_plot] ep=17 -> /its/home/mm2350/extra/Olympusv2/benchmarks/benchmark_responsive_fairness/data/ma_dreamer_20260611-175726/7_flows/run17/ep000017_bw76_d63_n7.pdf  return=1518828.09375
[orch] ep=17 sum-of-agents return=1518828.1
[responsive_fairness] slot=7 ma_dreamer_20260611-175726 flows=7 run=27
[responsive_fairness] ma_dreamer_20260611-175726 flows=7 run=17 done (167/200)
[slot=7] ep=27  flows=7  bw=93Mbps  delay=71ms  duration=345s  delays=[0.0, 7.5, 15.0, 22.5, 30.0, 37.5, 45.0]  lifetimes=[345.0, 337.5, 330.0, 322.5, 315.0, 307.5, 300.0]
[worker cport=23501 agent=1] loaded checkpoint step=17958
[worker alg=ma_dreamer reward=tempest_fairness_ma cport=23501 agent=1 group=slot5_ep23 flow=1] started interval=20ms det=1 latent=8x8
[sao-listener] new flow 1 10.0.0.2:23801->10.0.0.9:5209 cc=astraea pid=2358674 child=2362558
[sao-listener] single-flow mode: attached worker; stopping ss scans
[sao-listener flow 1] cport=23801 cc=astraea worker active
[sao-listener] new flow 1 10.0.0.2:23901->10.0.0.9:5210 cc=astraea pid=2360566 child=2363445
[sao-listener] single-flow mode: attached worker; stopping ss scans
[sao-listener flow 1] cport=23901 cc=astraea worker active
[sao-listener] cport=23700 worker=/its/home/mm2350/extra/Olympusv2/olympus/algorithms/ma_dreamer/worker.py scan=20ms target_cc=astraea single_flow=1 no_state_pipe=1
[sao-listener] cport=23701 worker=/its/home/mm2350/extra/Olympusv2/olympus/algorithms/ma_dreamer/worker.py scan=20ms target_cc=astraea single_flow=1 no_state_pipe=1
[sao-listener] cport=23702 worker=/its/home/mm2350/extra/Olympusv2/olympus/algorithms/ma_dreamer/worker.py scan=20ms target_cc=astraea single_flow=1 no_state_pipe=1
[sao-listener] cport=23703 worker=/its/home/mm2350/extra/Olympusv2/olympus/algorithms/ma_dreamer/worker.py scan=20ms target_cc=astraea single_flow=1 no_state_pipe=1
[sao-listener] cport=23704 worker=/its/home/mm2350/extra/Olympusv2/olympus/algorithms/ma_dreamer/worker.py scan=20ms target_cc=astraea single_flow=1 no_state_pipe=1
[sao-listener] cport=23705 worker=/its/home/mm2350/extra/Olympusv2/olympus/algorithms/ma_dreamer/worker.py scan=20ms target_cc=astraea single_flow=1 no_state_pipe=1
[sao-listener] cport=23706 worker=/its/home/mm2350/extra/Olympusv2/olympus/algorithms/ma_dreamer/worker.py scan=20ms target_cc=astraea single_flow=1 no_state_pipe=1
[worker cport=23801 agent=1] loaded checkpoint step=17958
[worker alg=ma_dreamer reward=tempest_fairness_ma cport=23801 agent=1 group=slot8_ep21 flow=1] started interval=20ms det=1 latent=8x8
[multi_ep_plot] saved -> /its/home/mm2350/extra/Olympusv2/benchmarks/benchmark_responsive_fairness/data/ma_dreamer_20260611-175726/7_flows/run18/ep000018_bw33_d25_n7.pdf  return=1594590.8
[ep_plot] ep=18 -> /its/home/mm2350/extra/Olympusv2/benchmarks/benchmark_responsive_fairness/data/ma_dreamer_20260611-175726/7_flows/run18/ep000018_bw33_d25_n7.pdf  return=1594590.828125
[orch] ep=18 sum-of-agents return=1594590.8
[responsive_fairness] slot=2 ma_dreamer_20260611-175726 flows=7 run=28
[responsive_fairness] ma_dreamer_20260611-175726 flows=7 run=18 done (168/200)
[slot=2] ep=28  flows=7  bw=24Mbps  delay=26ms  duration=345s  delays=[0.0, 7.5, 15.0, 22.5, 30.0, 37.5, 45.0]  lifetimes=[345.0, 337.5, 330.0, 322.5, 315.0, 307.5, 300.0]
[worker cport=23901 agent=1] loaded checkpoint step=17958
[worker alg=ma_dreamer reward=tempest_fairness_ma cport=23901 agent=1 group=slot9_ep24 flow=1] started interval=20ms det=1 latent=8x8
[sao-listener] new flow 1 10.0.0.1:23300->10.0.0.8:5204 cc=astraea pid=2359844 child=2364610
[sao-listener] single-flow mode: attached worker; stopping ss scans
[sao-listener flow 1] cport=23300 cc=astraea worker active
[orch] link change t=15.1s bw=98 delay=63
[orch] link change t=15.0s bw=13 delay=88
[worker cport=23300 agent=0] loaded checkpoint step=17958
[worker alg=ma_dreamer reward=tempest_fairness_ma cport=23300 agent=0 group=slot3_ep26 flow=1] started interval=20ms det=1 latent=8x8
[sao-listener] new flow 1 10.0.0.2:23601->10.0.0.9:5207 cc=astraea pid=2362379 child=2366123
[sao-listener] single-flow mode: attached worker; stopping ss scans
[sao-listener flow 1] cport=23601 cc=astraea worker active
[orch] link change t=15.0s bw=12 delay=85
[sao-listener] cport=23200 worker=/its/home/mm2350/extra/Olympusv2/olympus/algorithms/ma_dreamer/worker.py scan=20ms target_cc=astraea single_flow=1 no_state_pipe=1
[sao-listener] cport=23201 worker=/its/home/mm2350/extra/Olympusv2/olympus/algorithms/ma_dreamer/worker.py scan=20ms target_cc=astraea single_flow=1 no_state_pipe=1
[sao-listener] cport=23202 worker=/its/home/mm2350/extra/Olympusv2/olympus/algorithms/ma_dreamer/worker.py scan=20ms target_cc=astraea single_flow=1 no_state_pipe=1
[sao-listener] cport=23203 worker=/its/home/mm2350/extra/Olympusv2/olympus/algorithms/ma_dreamer/worker.py scan=20ms target_cc=astraea single_flow=1 no_state_pipe=1
[sao-listener] cport=23204 worker=/its/home/mm2350/extra/Olympusv2/olympus/algorithms/ma_dreamer/worker.py scan=20ms target_cc=astraea single_flow=1 no_state_pipe=1
[sao-listener] cport=23205 worker=/its/home/mm2350/extra/Olympusv2/olympus/algorithms/ma_dreamer/worker.py scan=20ms target_cc=astraea single_flow=1 no_state_pipe=1
[sao-listener] cport=23206 worker=/its/home/mm2350/extra/Olympusv2/olympus/algorithms/ma_dreamer/worker.py scan=20ms target_cc=astraea single_flow=1 no_state_pipe=1
[orch] link change t=15.0s bw=33 delay=37
[worker cport=23601 agent=1] loaded checkpoint step=17958
[worker alg=ma_dreamer reward=tempest_fairness_ma cport=23601 agent=1 group=slot6_ep25 flow=1] started interval=20ms det=1 latent=8x8
[sao-listener] new flow 1 10.0.0.3:23502->10.0.0.10:5206 cc=astraea pid=2366825 child=2367377
[sao-listener] single-flow mode: attached worker; stopping ss scans
[sao-listener flow 1] cport=23502 cc=astraea worker active
[worker cport=23502 agent=2] loaded checkpoint step=17958
[worker alg=ma_dreamer reward=tempest_fairness_ma cport=23502 agent=2 group=slot5_ep23 flow=1] started interval=20ms det=1 latent=8x8
[sao-listener] new flow 1 10.0.0.3:23802->10.0.0.10:5209 cc=astraea pid=2365320 child=2368281
[sao-listener flow 1] cport=23802 cc=astraea worker active
[sao-listener] single-flow mode: attached worker; stopping ss scans
[orch] link change t=15.0s bw=37 delay=49
[sao-listener] new flow 1 10.0.0.3:23902->10.0.0.10:5210 cc=astraea pid=2367494 child=2368861
[sao-listener flow 1] cport=23902 cc=astraea worker active
[sao-listener] single-flow mode: attached worker; stopping ss scans
[worker cport=23802 agent=2] loaded checkpoint step=17958
[worker alg=ma_dreamer reward=tempest_fairness_ma cport=23802 agent=2 group=slot8_ep21 flow=1] started interval=20ms det=1 latent=8x8
[multi_ep_plot] saved -> /its/home/mm2350/extra/Olympusv2/benchmarks/benchmark_responsive_fairness/data/ma_dreamer_20260611-175726/7_flows/run19/ep000019_bw96_d15_n7.pdf  return=1566492.1
[ep_plot] ep=19 -> /its/home/mm2350/extra/Olympusv2/benchmarks/benchmark_responsive_fairness/data/ma_dreamer_20260611-175726/7_flows/run19/ep000019_bw96_d15_n7.pdf  return=1566492.140625
[orch] ep=19 sum-of-agents return=1566492.1
[responsive_fairness] slot=1 ma_dreamer_20260611-175726 flows=7 run=29
[responsive_fairness] ma_dreamer_20260611-175726 flows=7 run=19 done (169/200)
[slot=1] ep=29  flows=7  bw=80Mbps  delay=19ms  duration=345s  delays=[0.0, 7.5, 15.0, 22.5, 30.0, 37.5, 45.0]  lifetimes=[345.0, 337.5, 330.0, 322.5, 315.0, 307.5, 300.0]
[sao-listener] new flow 1 10.0.0.1:23700->10.0.0.8:5208 cc=astraea pid=2364287 child=2369684
[sao-listener] single-flow mode: attached worker; stopping ss scans
[sao-listener flow 1] cport=23700 cc=astraea worker active
[sao-listener] new flow 1 10.0.0.2:23301->10.0.0.9:5204 cc=astraea pid=2366663 child=2369824
[sao-listener] single-flow mode: attached worker; stopping ss scans
[sao-listener flow 1] cport=23301 cc=astraea worker active
[sao-listener] new flow 1 10.0.0.3:23402->10.0.0.10:5205 cc=astraea pid=2366070 child=2369884
[sao-listener] single-flow mode: attached worker; stopping ss scans
[sao-listener flow 1] cport=23402 cc=astraea worker active
[worker cport=23902 agent=2] loaded checkpoint step=17958
[worker alg=ma_dreamer reward=tempest_fairness_ma cport=23902 agent=2 group=slot9_ep24 flow=1] started interval=20ms det=1 latent=8x8
[worker cport=23700 agent=0] loaded checkpoint step=17958
[worker alg=ma_dreamer reward=tempest_fairness_ma cport=23700 agent=0 group=slot7_ep27 flow=1] started interval=20ms det=1 latent=8x8
[worker cport=23301 agent=1] loaded checkpoint step=17958
[worker alg=ma_dreamer reward=tempest_fairness_ma cport=23301 agent=1 group=slot3_ep26 flow=1] started interval=20ms det=1 latent=8x8
[worker cport=23402 agent=2] loaded checkpoint step=17958
[worker alg=ma_dreamer reward=tempest_fairness_ma cport=23402 agent=2 group=slot4_ep22 flow=1] started interval=20ms det=1 latent=8x8
[sao-listener] cport=23100 worker=/its/home/mm2350/extra/Olympusv2/olympus/algorithms/ma_dreamer/worker.py scan=20ms target_cc=astraea single_flow=1 no_state_pipe=1
[sao-listener] cport=23101 worker=/its/home/mm2350/extra/Olympusv2/olympus/algorithms/ma_dreamer/worker.py scan=20ms target_cc=astraea single_flow=1 no_state_pipe=1
[sao-listener] cport=23102 worker=/its/home/mm2350/extra/Olympusv2/olympus/algorithms/ma_dreamer/worker.py scan=20ms target_cc=astraea single_flow=1 no_state_pipe=1
[sao-listener] cport=23103 worker=/its/home/mm2350/extra/Olympusv2/olympus/algorithms/ma_dreamer/worker.py scan=20ms target_cc=astraea single_flow=1 no_state_pipe=1
[sao-listener] cport=23104 worker=/its/home/mm2350/extra/Olympusv2/olympus/algorithms/ma_dreamer/worker.py scan=20ms target_cc=astraea single_flow=1 no_state_pipe=1
[sao-listener] new flow 1 10.0.0.3:23602->10.0.0.10:5207 cc=astraea pid=2369033 child=2371865
[sao-listener] single-flow mode: attached worker; stopping ss scans
[sao-listener flow 1] cport=23602 cc=astraea worker active
[sao-listener] cport=23105 worker=/its/home/mm2350/extra/Olympusv2/olympus/algorithms/ma_dreamer/worker.py scan=20ms target_cc=astraea single_flow=1 no_state_pipe=1
[sao-listener] cport=23106 worker=/its/home/mm2350/extra/Olympusv2/olympus/algorithms/ma_dreamer/worker.py scan=20ms target_cc=astraea single_flow=1 no_state_pipe=1
[orch] link change t=15.0s bw=36 delay=65
[sao-listener] new flow 1 10.0.0.1:23200->10.0.0.8:5203 cc=astraea pid=2366963 child=2372435
[sao-listener] single-flow mode: attached worker; stopping ss scans
[sao-listener flow 1] cport=23200 cc=astraea worker active
[worker cport=23602 agent=2] loaded checkpoint step=17958
[worker alg=ma_dreamer reward=tempest_fairness_ma cport=23602 agent=2 group=slot6_ep25 flow=1] started interval=20ms det=1 latent=8x8
[multi_ep_plot] saved -> /its/home/mm2350/extra/Olympusv2/benchmarks/benchmark_responsive_fairness/data/ma_dreamer_20260611-175726/7_flows/run20/ep000020_bw97_d29_n7.pdf  return=1403087.8
[ep_plot] ep=20 -> /its/home/mm2350/extra/Olympusv2/benchmarks/benchmark_responsive_fairness/data/ma_dreamer_20260611-175726/7_flows/run20/ep000020_bw97_d29_n7.pdf  return=1403087.765625
[orch] ep=20 sum-of-agents return=1403087.8
[responsive_fairness] slot=0 ma_dreamer_20260611-175726 flows=7 run=30
[responsive_fairness] ma_dreamer_20260611-175726 flows=7 run=20 done (170/200)
[slot=0] ep=30  flows=7  bw=79Mbps  delay=47ms  duration=345s  delays=[0.0, 7.5, 15.0, 22.5, 30.0, 37.5, 45.0]  lifetimes=[345.0, 337.5, 330.0, 322.5, 315.0, 307.5, 300.0]
[worker cport=23200 agent=0] loaded checkpoint step=17958
[worker alg=ma_dreamer reward=tempest_fairness_ma cport=23200 agent=0 group=slot2_ep28 flow=1] started interval=20ms det=1 latent=8x8
[sao-listener] new flow 1 10.0.0.4:23503->10.0.0.11:5206 cc=astraea pid=2373092 child=2373851
[sao-listener] single-flow mode: attached worker; stopping ss scans
[sao-listener flow 1] cport=23503 cc=astraea worker active
[sao-listener] cport=23000 worker=/its/home/mm2350/extra/Olympusv2/olympus/algorithms/ma_dreamer/worker.py scan=20ms target_cc=astraea single_flow=1 no_state_pipe=1
[sao-listener] cport=23001 worker=/its/home/mm2350/extra/Olympusv2/olympus/algorithms/ma_dreamer/worker.py scan=20ms target_cc=astraea single_flow=1 no_state_pipe=1
[sao-listener] cport=23002 worker=/its/home/mm2350/extra/Olympusv2/olympus/algorithms/ma_dreamer/worker.py scan=20ms target_cc=astraea single_flow=1 no_state_pipe=1
[sao-listener] cport=23003 worker=/its/home/mm2350/extra/Olympusv2/olympus/algorithms/ma_dreamer/worker.py scan=20ms target_cc=astraea single_flow=1 no_state_pipe=1
[sao-listener] cport=23004 worker=/its/home/mm2350/extra/Olympusv2/olympus/algorithms/ma_dreamer/worker.py scan=20ms target_cc=astraea single_flow=1 no_state_pipe=1
[worker cport=23503 agent=3] loaded checkpoint step=17958
[worker alg=ma_dreamer reward=tempest_fairness_ma cport=23503 agent=3 group=slot5_ep23 flow=1] started interval=20ms det=1 latent=8x8
[sao-listener] cport=23005 worker=/its/home/mm2350/extra/Olympusv2/olympus/algorithms/ma_dreamer/worker.py scan=20ms target_cc=astraea single_flow=1 no_state_pipe=1
[sao-listener] cport=23006 worker=/its/home/mm2350/extra/Olympusv2/olympus/algorithms/ma_dreamer/worker.py scan=20ms target_cc=astraea single_flow=1 no_state_pipe=1
[sao-listener] new flow 1 10.0.0.4:23803->10.0.0.11:5209 cc=astraea pid=2372182 child=2375693
[sao-listener] single-flow mode: attached worker; stopping ss scans
[sao-listener flow 1] cport=23803 cc=astraea worker active
[sao-listener] new flow 1 10.0.0.4:23903->10.0.0.11:5210 cc=astraea pid=2373695 child=2376160
[sao-listener] single-flow mode: attached worker; stopping ss scans
[sao-listener flow 1] cport=23903 cc=astraea worker active
[sao-listener] new flow 1 10.0.0.2:23701->10.0.0.9:5208 cc=astraea pid=2371017 child=2376591
[sao-listener] single-flow mode: attached worker; stopping ss scans
[sao-listener flow 1] cport=23701 cc=astraea worker active
[worker cport=23803 agent=3] loaded checkpoint step=17958
[worker alg=ma_dreamer reward=tempest_fairness_ma cport=23803 agent=3 group=slot8_ep21 flow=1] started interval=20ms det=1 latent=8x8
[orch] link change t=15.0s bw=99 delay=45
[worker cport=23903 agent=3] loaded checkpoint step=17958
[worker alg=ma_dreamer reward=tempest_fairness_ma cport=23903 agent=3 group=slot9_ep24 flow=1] started interval=20ms det=1 latent=8x8
[sao-listener] new flow 1 10.0.0.4:23403->10.0.0.11:5205 cc=astraea pid=2372582 child=2377351
[sao-listener] single-flow mode: attached worker; stopping ss scans
[sao-listener flow 1] cport=23403 cc=astraea worker active
[sao-listener] new flow 1 10.0.0.3:23302->10.0.0.10:5204 cc=astraea pid=2372953 child=2377432
[sao-listener] single-flow mode: attached worker; stopping ss scans
[sao-listener flow 1] cport=23302 cc=astraea worker active
[orch] link change t=30.0s bw=91 delay=46
[worker cport=23701 agent=1] loaded checkpoint step=17958
[worker alg=ma_dreamer reward=tempest_fairness_ma cport=23701 agent=1 group=slot7_ep27 flow=1] started interval=20ms det=1 latent=8x8
[orch] link change t=30.0s bw=67 delay=33
[sao-listener] new flow 1 10.0.0.2:23101->10.0.0.9:5202 cc=astraea pid=2378294 child=2378534
[sao-listener] single-flow mode: attached worker; stopping ss scans
[sao-listener flow 1] cport=23101 cc=astraea worker active
[worker cport=23403 agent=3] loaded checkpoint step=17958
[worker alg=ma_dreamer reward=tempest_fairness_ma cport=23403 agent=3 group=slot4_ep22 flow=1] started interval=20ms det=1 latent=8x8
[worker cport=23302 agent=2] loaded checkpoint step=17958
[sao-listener] new flow 1 10.0.0.1:23100->10.0.0.8:5202 cc=astraea pid=2372293 child=2378613
[sao-listener] single-flow mode: attached worker; stopping ss scans
[sao-listener flow 1] cport=23100 cc=astraea worker active
[worker alg=ma_dreamer reward=tempest_fairness_ma cport=23302 agent=2 group=slot3_ep26 flow=1] started interval=20ms det=1 latent=8x8
[orch] link change t=30.0s bw=49 delay=64
[sao-listener] new flow 1 10.0.0.4:23603->10.0.0.11:5207 cc=astraea pid=2375939 child=2378852
[sao-listener] single-flow mode: attached worker; stopping ss scans
[sao-listener flow 1] cport=23603 cc=astraea worker active
[orch] link change t=15.0s bw=79 delay=86
[orch] link change t=30.0s bw=31 delay=34
[sao-listener] new flow 1 10.0.0.2:23201->10.0.0.9:5203 cc=astraea pid=2373197 child=2379483
[sao-listener] single-flow mode: attached worker; stopping ss scans
[sao-listener flow 1] cport=23201 cc=astraea worker active
[worker cport=23100 agent=0] loaded checkpoint step=17958
[worker alg=ma_dreamer reward=tempest_fairness_ma cport=23100 agent=0 group=slot1_ep29 flow=1] started interval=20ms det=1 latent=8x8
[worker cport=23101 agent=1] loaded checkpoint step=17958
[worker alg=ma_dreamer reward=tempest_fairness_ma cport=23101 agent=1 group=slot1_ep29 flow=1] started interval=20ms det=1 latent=8x8
[worker cport=23603 agent=3] loaded checkpoint step=17958
[worker alg=ma_dreamer reward=tempest_fairness_ma cport=23603 agent=3 group=slot6_ep25 flow=1] started interval=20ms det=1 latent=8x8
[worker cport=23201 agent=1] loaded checkpoint step=17958
[worker alg=ma_dreamer reward=tempest_fairness_ma cport=23201 agent=1 group=slot2_ep28 flow=1] started interval=20ms det=1 latent=8x8
[orch] link change t=30.0s bw=91 delay=70
[sao-listener] new flow 1 10.0.0.5:23504->10.0.0.12:5206 cc=astraea pid=2379298 child=2381378
[sao-listener] single-flow mode: attached worker; stopping ss scans
[sao-listener flow 1] cport=23504 cc=astraea worker active
[sao-listener] new flow 1 10.0.0.2:23001->10.0.0.9:5201 cc=astraea pid=2381575 child=2381877
[sao-listener] single-flow mode: attached worker; stopping ss scans
[sao-listener flow 1] cport=23001 cc=astraea worker active
[sao-listener] new flow 1 10.0.0.1:23000->10.0.0.8:5201 cc=astraea pid=2375772 child=2381897
[sao-listener] single-flow mode: attached worker; stopping ss scans
[sao-listener flow 1] cport=23000 cc=astraea worker active
[worker cport=23504 agent=4] loaded checkpoint step=17958
[worker alg=ma_dreamer reward=tempest_fairness_ma cport=23504 agent=4 group=slot5_ep23 flow=1] started interval=20ms det=1 latent=8x8
[worker cport=23001 agent=1] loaded checkpoint step=17958
[worker alg=ma_dreamer reward=tempest_fairness_ma cport=23001 agent=1 group=slot0_ep30 flow=1] started interval=20ms det=1 latent=8x8
[worker cport=23000 agent=0] loaded checkpoint step=17958
[worker alg=ma_dreamer reward=tempest_fairness_ma cport=23000 agent=0 group=slot0_ep30 flow=1] started interval=20ms det=1 latent=8x8
[sao-listener] new flow 1 10.0.0.5:23904->10.0.0.12:5210 cc=astraea pid=2380051 child=2382979
[sao-listener] single-flow mode: attached worker; stopping ss scans
[sao-listener flow 1] cport=23904 cc=astraea worker active
[sao-listener] new flow 1 10.0.0.5:23804->10.0.0.12:5209 cc=astraea pid=2378175 child=2383154
[sao-listener] single-flow mode: attached worker; stopping ss scans
[sao-listener flow 1] cport=23804 cc=astraea worker active
[sao-listener] new flow 1 10.0.0.3:23702->10.0.0.10:5208 cc=astraea pid=2377317 child=2383423
[sao-listener] single-flow mode: attached worker; stopping ss scans
[sao-listener flow 1] cport=23702 cc=astraea worker active
[orch] link change t=15.0s bw=54 delay=86
[worker cport=23904 agent=4] loaded checkpoint step=17958
[worker alg=ma_dreamer reward=tempest_fairness_ma cport=23904 agent=4 group=slot9_ep24 flow=1] started interval=20ms det=1 latent=8x8
[worker cport=23804 agent=4] loaded checkpoint step=17958
[worker alg=ma_dreamer reward=tempest_fairness_ma cport=23804 agent=4 group=slot8_ep21 flow=1] started interval=20ms det=1 latent=8x8
[sao-listener] new flow 1 10.0.0.4:23303->10.0.0.11:5204 cc=astraea pid=2379149 child=2384177
[sao-listener] single-flow mode: attached worker; stopping ss scans
[sao-listener flow 1] cport=23303 cc=astraea worker active
[orch] link change t=30.0s bw=86 delay=79
[worker cport=23702 agent=2] loaded checkpoint step=17958
[worker alg=ma_dreamer reward=tempest_fairness_ma cport=23702 agent=2 group=slot7_ep27 flow=1] started interval=20ms det=1 latent=8x8
[sao-listener] new flow 1 10.0.0.5:23404->10.0.0.12:5205 cc=astraea pid=2378734 child=2384508
[sao-listener] single-flow mode: attached worker; stopping ss scans
[sao-listener flow 1] cport=23404 cc=astraea worker active
[sao-listener] new flow 1 10.0.0.6:23405->10.0.0.13:5205 cc=astraea pid=2384467 child=2384711
[sao-listener] single-flow mode: attached worker; stopping ss scans
[sao-listener flow 1] cport=23405 cc=astraea worker active
[worker cport=23303 agent=3] loaded checkpoint step=17958
[worker alg=ma_dreamer reward=tempest_fairness_ma cport=23303 agent=3 group=slot3_ep26 flow=1] started interval=20ms det=1 latent=8x8
[worker cport=23404 agent=4] loaded checkpoint step=17958
[worker alg=ma_dreamer reward=tempest_fairness_ma cport=23404 agent=4 group=slot4_ep22 flow=1] started interval=20ms det=1 latent=8x8
[sao-listener] new flow 1 10.0.0.3:23202->10.0.0.10:5203 cc=astraea pid=2379444 child=2385405
[sao-listener] single-flow mode: attached worker; stopping ss scans
[sao-listener flow 1] cport=23202 cc=astraea worker active
[sao-listener] new flow 1 10.0.0.3:23102->10.0.0.10:5202 cc=astraea pid=2384138 child=2385428
[sao-listener] single-flow mode: attached worker; stopping ss scans
[sao-listener flow 1] cport=23102 cc=astraea worker active
[worker cport=23405 agent=5] loaded checkpoint step=17958
[worker alg=ma_dreamer reward=tempest_fairness_ma cport=23405 agent=5 group=slot4_ep22 flow=1] started interval=20ms det=1 latent=8x8
[sao-listener] new flow 1 10.0.0.4:23203->10.0.0.11:5203 cc=astraea pid=2385171 child=2385776
[sao-listener] single-flow mode: attached worker; stopping ss scans
[sao-listener flow 1] cport=23203 cc=astraea worker active
[sao-listener] new flow 1 10.0.0.5:23604->10.0.0.12:5207 cc=astraea pid=2381708 child=2385779
[sao-listener] single-flow mode: attached worker; stopping ss scans
[sao-listener flow 1] cport=23604 cc=astraea worker active
[worker cport=23202 agent=2] loaded checkpoint step=17958
[worker alg=ma_dreamer reward=tempest_fairness_ma cport=23202 agent=2 group=slot2_ep28 flow=1] started interval=20ms det=1 latent=8x8
[worker cport=23102 agent=2] loaded checkpoint step=17958
[worker alg=ma_dreamer reward=tempest_fairness_ma cport=23102 agent=2 group=slot1_ep29 flow=1] started interval=20ms det=1 latent=8x8
[worker cport=23203 agent=3] loaded checkpoint step=17958
[worker alg=ma_dreamer reward=tempest_fairness_ma cport=23203 agent=3 group=slot2_ep28 flow=1] started interval=20ms det=1 latent=8x8
[worker cport=23604 agent=4] loaded checkpoint step=17958
[worker alg=ma_dreamer reward=tempest_fairness_ma cport=23604 agent=4 group=slot6_ep25 flow=1] started interval=20ms det=1 latent=8x8
[orch] link change t=15.0s bw=88 delay=13
[sao-listener] new flow 1 10.0.0.6:23505->10.0.0.13:5206 cc=astraea pid=2385045 child=2387718
[sao-listener] single-flow mode: attached worker; stopping ss scans
[sao-listener flow 1] cport=23505 cc=astraea worker active
[sao-listener] new flow 1 10.0.0.3:23002->10.0.0.10:5201 cc=astraea pid=2387110 child=2387815
[sao-listener] single-flow mode: attached worker; stopping ss scans
[sao-listener flow 1] cport=23002 cc=astraea worker active
[orch] link change t=30.0s bw=46 delay=35
[worker cport=23505 agent=5] loaded checkpoint step=17958
[worker alg=ma_dreamer reward=tempest_fairness_ma cport=23505 agent=5 group=slot5_ep23 flow=1] started interval=20ms det=1 latent=8x8
[worker cport=23002 agent=2] loaded checkpoint step=17958
[worker alg=ma_dreamer reward=tempest_fairness_ma cport=23002 agent=2 group=slot0_ep30 flow=1] started interval=20ms det=1 latent=8x8
[orch] link change t=45.0s bw=71 delay=37
[sao-listener] new flow 1 10.0.0.5:23704->10.0.0.12:5208 cc=astraea pid=2388295 child=2388669
[sao-listener] single-flow mode: attached worker; stopping ss scans
[sao-listener flow 1] cport=23704 cc=astraea worker active
[sao-listener] new flow 1 10.0.0.4:23703->10.0.0.11:5208 cc=astraea pid=2383235 child=2388771
[sao-listener] single-flow mode: attached worker; stopping ss scans
[sao-listener flow 1] cport=23703 cc=astraea worker active
[sao-listener] new flow 1 10.0.0.6:23805->10.0.0.13:5209 cc=astraea pid=2384019 child=2388879
[sao-listener] single-flow mode: attached worker; stopping ss scans
[sao-listener flow 1] cport=23805 cc=astraea worker active
[orch] link change t=45.0s bw=99 delay=25
[sao-listener] new flow 1 10.0.0.6:23905->10.0.0.13:5210 cc=astraea pid=2385712 child=2389085
[sao-listener] single-flow mode: attached worker; stopping ss scans
[sao-listener flow 1] cport=23905 cc=astraea worker active
[sao-listener] new flow 1 10.0.0.5:23304->10.0.0.12:5204 cc=astraea pid=2384871 child=2389152
[sao-listener] single-flow mode: attached worker; stopping ss scans
[sao-listener flow 1] cport=23304 cc=astraea worker active
[worker cport=23704 agent=4] loaded checkpoint step=17958
[worker alg=ma_dreamer reward=tempest_fairness_ma cport=23704 agent=4 group=slot7_ep27 flow=1] started interval=20ms det=1 latent=8x8
[orch] link change t=45.0s bw=58 delay=77
[worker cport=23703 agent=3] loaded checkpoint step=17958
[worker alg=ma_dreamer reward=tempest_fairness_ma cport=23703 agent=3 group=slot7_ep27 flow=1] started interval=20ms det=1 latent=8x8
[orch] link change t=30.0s bw=32 delay=38
[worker cport=23805 agent=5] loaded checkpoint step=17958
[worker alg=ma_dreamer reward=tempest_fairness_ma cport=23805 agent=5 group=slot8_ep21 flow=1] started interval=20ms det=1 latent=8x8
[worker cport=23304 agent=4] loaded checkpoint step=17958
[worker alg=ma_dreamer reward=tempest_fairness_ma cport=23304 agent=4 group=slot3_ep26 flow=1] started interval=20ms det=1 latent=8x8
[sao-listener] new flow 1 10.0.0.7:23406->10.0.0.14:5205 cc=astraea pid=2389350 child=2389821
[sao-listener] single-flow mode: attached worker; stopping ss scans
[sao-listener flow 1] cport=23406 cc=astraea worker active
[worker cport=23905 agent=5] loaded checkpoint step=17958
[worker alg=ma_dreamer reward=tempest_fairness_ma cport=23905 agent=5 group=slot9_ep24 flow=1] started interval=20ms det=1 latent=8x8
[sao-listener] new flow 1 10.0.0.4:23103->10.0.0.11:5202 cc=astraea pid=2389147 child=2389964
[sao-listener] single-flow mode: attached worker; stopping ss scans
[sao-listener flow 1] cport=23103 cc=astraea worker active
[orch] link change t=45.0s bw=31 delay=95
[sao-listener] new flow 1 10.0.0.6:23605->10.0.0.13:5207 cc=astraea pid=2387233 child=2390215
[sao-listener] single-flow mode: attached worker; stopping ss scans
[sao-listener flow 1] cport=23605 cc=astraea worker active
[worker cport=23406 agent=6] loaded checkpoint step=17958
[worker alg=ma_dreamer reward=tempest_fairness_ma cport=23406 agent=6 group=slot4_ep22 flow=1] started interval=20ms det=1 latent=8x8
[worker cport=23103 agent=3] loaded checkpoint step=17958
[worker alg=ma_dreamer reward=tempest_fairness_ma cport=23103 agent=3 group=slot1_ep29 flow=1] started interval=20ms det=1 latent=8x8
[worker cport=23605 agent=5] loaded checkpoint step=17958
[worker alg=ma_dreamer reward=tempest_fairness_ma cport=23605 agent=5 group=slot6_ep25 flow=1] started interval=20ms det=1 latent=8x8
[orch] link change t=45.0s bw=15 delay=42
[sao-listener] new flow 1 10.0.0.7:23506->10.0.0.14:5206 cc=astraea pid=2389945 child=2391851
[sao-listener] single-flow mode: attached worker; stopping ss scans
[sao-listener flow 1] cport=23506 cc=astraea worker active
[sao-listener] new flow 1 10.0.0.4:23003->10.0.0.11:5201 cc=astraea pid=2391242 child=2391958
[sao-listener] single-flow mode: attached worker; stopping ss scans
[sao-listener flow 1] cport=23003 cc=astraea worker active
[sao-listener] new flow 1 10.0.0.7:23906->10.0.0.14:5210 cc=astraea pid=2390405 child=2392151
[sao-listener] single-flow mode: attached worker; stopping ss scans
[sao-listener flow 1] cport=23906 cc=astraea worker active
[orch] link change t=30.0s bw=87 delay=46
[worker cport=23506 agent=6] loaded checkpoint step=17958
[worker alg=ma_dreamer reward=tempest_fairness_ma cport=23506 agent=6 group=slot5_ep23 flow=1] started interval=20ms det=1 latent=8x8
[sao-listener] new flow 1 10.0.0.7:23806->10.0.0.14:5209 cc=astraea pid=2389026 child=2392377
[sao-listener] single-flow mode: attached worker; stopping ss scans
[sao-listener flow 1] cport=23806 cc=astraea worker active
[sao-listener] new flow 1 10.0.0.6:23705->10.0.0.13:5208 cc=astraea pid=2392078 child=2392485
[sao-listener] single-flow mode: attached worker; stopping ss scans
[sao-listener flow 1] cport=23705 cc=astraea worker active
[worker cport=23003 agent=3] loaded checkpoint step=17958
[worker alg=ma_dreamer reward=tempest_fairness_ma cport=23003 agent=3 group=slot0_ep30 flow=1] started interval=20ms det=1 latent=8x8
[worker cport=23906 agent=6] loaded checkpoint step=17958
[worker alg=ma_dreamer reward=tempest_fairness_ma cport=23906 agent=6 group=slot9_ep24 flow=1] started interval=20ms det=1 latent=8x8
[orch] link change t=45.0s bw=17 delay=26
[sao-listener] new flow 1 10.0.0.6:23305->10.0.0.13:5204 cc=astraea pid=2389758 child=2392793
[sao-listener] single-flow mode: attached worker; stopping ss scans
[sao-listener flow 1] cport=23305 cc=astraea worker active
[worker cport=23806 agent=6] loaded checkpoint step=17958
[worker alg=ma_dreamer reward=tempest_fairness_ma cport=23806 agent=6 group=slot8_ep21 flow=1] started interval=20ms det=1 latent=8x8
[worker cport=23705 agent=5] loaded checkpoint step=17958
[worker alg=ma_dreamer reward=tempest_fairness_ma cport=23705 agent=5 group=slot7_ep27 flow=1] started interval=20ms det=1 latent=8x8
[worker cport=23305 agent=5] loaded checkpoint step=17958
[worker alg=ma_dreamer reward=tempest_fairness_ma cport=23305 agent=5 group=slot3_ep26 flow=1] started interval=20ms det=1 latent=8x8
[sao-listener] new flow 1 10.0.0.5:23104->10.0.0.12:5202 cc=astraea pid=2392713 child=2393309
[sao-listener] single-flow mode: attached worker; stopping ss scans
[sao-listener flow 1] cport=23104 cc=astraea worker active
[sao-listener] new flow 1 10.0.0.5:23204->10.0.0.12:5203 cc=astraea pid=2390081 child=2393421
[sao-listener] single-flow mode: attached worker; stopping ss scans
[sao-listener flow 1] cport=23204 cc=astraea worker active
[sao-listener] new flow 1 10.0.0.7:23606->10.0.0.14:5207 cc=astraea pid=2391328 child=2393552
[sao-listener] single-flow mode: attached worker; stopping ss scans
[sao-listener flow 1] cport=23606 cc=astraea worker active
[sao-listener] new flow 1 10.0.0.6:23205->10.0.0.13:5203 cc=astraea pid=2393232 child=2393687
[sao-listener] single-flow mode: attached worker; stopping ss scans
[sao-listener flow 1] cport=23205 cc=astraea worker active
[worker cport=23104 agent=4] loaded checkpoint step=17958
[worker alg=ma_dreamer reward=tempest_fairness_ma cport=23104 agent=4 group=slot1_ep29 flow=1] started interval=20ms det=1 latent=8x8
[worker cport=23204 agent=4] loaded checkpoint step=17958
[worker alg=ma_dreamer reward=tempest_fairness_ma cport=23204 agent=4 group=slot2_ep28 flow=1] started interval=20ms det=1 latent=8x8
[worker cport=23606 agent=6] loaded checkpoint step=17958
[worker alg=ma_dreamer reward=tempest_fairness_ma cport=23606 agent=6 group=slot6_ep25 flow=1] started interval=20ms det=1 latent=8x8
[orch] link change t=30.0s bw=89 delay=93
[worker cport=23205 agent=5] loaded checkpoint step=17958
[worker alg=ma_dreamer reward=tempest_fairness_ma cport=23205 agent=5 group=slot2_ep28 flow=1] started interval=20ms det=1 latent=8x8
[orch] link change t=45.0s bw=19 delay=18
[sao-listener] new flow 1 10.0.0.5:23004->10.0.0.12:5201 cc=astraea pid=2394127 child=2394413
[sao-listener] single-flow mode: attached worker; stopping ss scans
[sao-listener flow 1] cport=23004 cc=astraea worker active
[orch] link change t=60.0s bw=70 delay=75
[sao-listener] new flow 1 10.0.0.7:23706->10.0.0.14:5208 cc=astraea pid=2394512 child=2394636
[sao-listener] single-flow mode: attached worker; stopping ss scans
[sao-listener flow 1] cport=23706 cc=astraea worker active
[worker cport=23004 agent=4] loaded checkpoint step=17958
[worker alg=ma_dreamer reward=tempest_fairness_ma cport=23004 agent=4 group=slot0_ep30 flow=1] started interval=20ms det=1 latent=8x8
[orch] link change t=60.0s bw=93 delay=54
[sao-listener] new flow 1 10.0.0.7:23306->10.0.0.14:5204 cc=astraea pid=2393075 child=2394778
[sao-listener] single-flow mode: attached worker; stopping ss scans
[sao-listener flow 1] cport=23306 cc=astraea worker active
[worker cport=23706 agent=6] loaded checkpoint step=17958
[worker alg=ma_dreamer reward=tempest_fairness_ma cport=23706 agent=6 group=slot7_ep27 flow=1] started interval=20ms det=1 latent=8x8
[orch] link change t=60.0s bw=55 delay=26
[orch] link change t=45.0s bw=26 delay=91
[worker cport=23306 agent=6] loaded checkpoint step=17958
[worker alg=ma_dreamer reward=tempest_fairness_ma cport=23306 agent=6 group=slot3_ep26 flow=1] started interval=20ms det=1 latent=8x8
[orch] link change t=60.0s bw=97 delay=21
[sao-listener] new flow 1 10.0.0.6:23105->10.0.0.13:5202 cc=astraea pid=2394776 child=2395091
[sao-listener] single-flow mode: attached worker; stopping ss scans
[sao-listener flow 1] cport=23105 cc=astraea worker active
[sao-listener] new flow 1 10.0.0.7:23206->10.0.0.14:5203 cc=astraea pid=2395078 child=2395190
[sao-listener] single-flow mode: attached worker; stopping ss scans
[sao-listener flow 1] cport=23206 cc=astraea worker active
[worker cport=23105 agent=5] loaded checkpoint step=17958
[worker alg=ma_dreamer reward=tempest_fairness_ma cport=23105 agent=5 group=slot1_ep29 flow=1] started interval=20ms det=1 latent=8x8
[worker cport=23206 agent=6] loaded checkpoint step=17958
[worker alg=ma_dreamer reward=tempest_fairness_ma cport=23206 agent=6 group=slot2_ep28 flow=1] started interval=20ms det=1 latent=8x8
[orch] link change t=60.0s bw=14 delay=49
[sao-listener] new flow 1 10.0.0.6:23005->10.0.0.13:5201 cc=astraea pid=2395468 child=2395570
[sao-listener] single-flow mode: attached worker; stopping ss scans
[sao-listener flow 1] cport=23005 cc=astraea worker active
[worker cport=23005 agent=5] loaded checkpoint step=17958
[worker alg=ma_dreamer reward=tempest_fairness_ma cport=23005 agent=5 group=slot0_ep30 flow=1] started interval=20ms det=1 latent=8x8
[orch] link change t=45.0s bw=21 delay=75
[orch] link change t=60.0s bw=71 delay=15
[sao-listener] new flow 1 10.0.0.7:23106->10.0.0.14:5202 cc=astraea pid=2395751 child=2395813
[sao-listener] single-flow mode: attached worker; stopping ss scans
[sao-listener flow 1] cport=23106 cc=astraea worker active
[worker cport=23106 agent=6] loaded checkpoint step=17958
[worker alg=ma_dreamer reward=tempest_fairness_ma cport=23106 agent=6 group=slot1_ep29 flow=1] started interval=20ms det=1 latent=8x8
[orch] link change t=45.0s bw=36 delay=42
[orch] link change t=60.0s bw=42 delay=79
[sao-listener] new flow 1 10.0.0.7:23006->10.0.0.14:5201 cc=astraea pid=2395978 child=2396018
[sao-listener] single-flow mode: attached worker; stopping ss scans
[sao-listener flow 1] cport=23006 cc=astraea worker active
[orch] link change t=75.0s bw=33 delay=74
[worker cport=23006 agent=6] loaded checkpoint step=17958
[worker alg=ma_dreamer reward=tempest_fairness_ma cport=23006 agent=6 group=slot0_ep30 flow=1] started interval=20ms det=1 latent=8x8
[orch] link change t=75.0s bw=20 delay=39
[orch] link change t=75.0s bw=34 delay=44
[orch] link change t=60.0s bw=69 delay=63
[orch] link change t=75.0s bw=100 delay=29
[orch] link change t=75.0s bw=82 delay=64
[orch] link change t=60.0s bw=54 delay=60
[orch] link change t=75.0s bw=97 delay=89
[orch] link change t=60.0s bw=16 delay=60
[orch] link change t=75.0s bw=52 delay=42
[orch] link change t=90.0s bw=77 delay=40
[orch] link change t=90.0s bw=44 delay=16
[orch] link change t=90.0s bw=66 delay=11
[orch] link change t=75.0s bw=36 delay=37
[orch] link change t=90.0s bw=100 delay=46
[orch] link change t=90.0s bw=22 delay=85
[orch] link change t=75.0s bw=63 delay=12
[orch] link change t=90.0s bw=74 delay=31
[orch] link change t=75.0s bw=58 delay=92
[orch] link change t=90.0s bw=57 delay=61
[orch] link change t=105.0s bw=10 delay=11
[orch] link change t=105.0s bw=50 delay=86
[orch] link change t=105.0s bw=38 delay=89
[orch] link change t=90.0s bw=28 delay=60
[orch] link change t=105.0s bw=11 delay=66
[orch] link change t=105.0s bw=25 delay=83
[orch] link change t=90.0s bw=14 delay=23
[orch] link change t=105.0s bw=91 delay=64
[orch] link change t=90.0s bw=27 delay=20
[orch] link change t=105.0s bw=33 delay=41
[orch] link change t=120.0s bw=57 delay=84
[orch] link change t=120.0s bw=32 delay=80
[orch] link change t=120.0s bw=68 delay=13
[orch] link change t=105.0s bw=30 delay=26
[orch] link change t=120.0s bw=69 delay=91
[orch] link change t=120.0s bw=97 delay=35
[orch] link change t=105.0s bw=66 delay=93
[orch] link change t=120.0s bw=41 delay=62
[orch] link change t=105.0s bw=69 delay=10
[orch] link change t=120.0s bw=40 delay=72
[orch] link change t=135.0s bw=64 delay=18
[orch] link change t=135.0s bw=97 delay=65
[orch] link change t=135.0s bw=23 delay=20
[orch] link change t=120.0s bw=87 delay=34
[orch] link change t=135.0s bw=24 delay=13
[orch] link change t=135.0s bw=75 delay=89
[orch] link change t=120.0s bw=38 delay=54
[orch] link change t=135.0s bw=35 delay=98
[orch] link change t=120.0s bw=76 delay=41
[orch] link change t=135.0s bw=19 delay=91
[orch] link change t=150.0s bw=28 delay=39
[orch] link change t=150.0s bw=100 delay=16
[orch] link change t=150.0s bw=100 delay=73
[orch] link change t=135.0s bw=35 delay=13
[orch] link change t=150.0s bw=76 delay=31
[orch] link change t=150.0s bw=50 delay=33
[orch] link change t=135.0s bw=20 delay=73
[orch] link change t=150.0s bw=13 delay=95
[orch] link change t=135.0s bw=13 delay=19
[orch] link change t=150.0s bw=83 delay=93
[orch] link change t=165.0s bw=39 delay=98
[orch] link change t=165.0s bw=83 delay=12
[orch] link change t=165.0s bw=63 delay=12
[orch] link change t=150.0s bw=62 delay=40
[orch] link change t=165.0s bw=72 delay=66
[orch] link change t=165.0s bw=80 delay=55
[orch] link change t=150.0s bw=52 delay=87
[orch] link change t=165.0s bw=38 delay=28
[orch] link change t=150.0s bw=30 delay=86
[orch] link change t=165.0s bw=20 delay=88
[orch] link change t=180.0s bw=15 delay=65
[orch] link change t=180.0s bw=85 delay=43
[orch] link change t=180.0s bw=75 delay=90
[orch] link change t=165.0s bw=18 delay=22
[orch] link change t=180.0s bw=97 delay=48
[orch] link change t=180.0s bw=75 delay=70
[orch] link change t=165.0s bw=79 delay=63
[orch] link change t=180.0s bw=26 delay=37
[orch] link change t=165.0s bw=77 delay=61
[orch] link change t=180.0s bw=64 delay=63
[orch] link change t=195.0s bw=62 delay=88
[orch] link change t=195.0s bw=49 delay=63
[orch] link change t=195.0s bw=65 delay=55
[orch] link change t=180.0s bw=63 delay=50
[orch] link change t=195.0s bw=73 delay=20
[orch] link change t=195.0s bw=77 delay=23
[orch] link change t=180.0s bw=35 delay=67
[orch] link change t=195.0s bw=86 delay=71
[orch] link change t=180.0s bw=93 delay=54
[orch] link change t=195.0s bw=16 delay=94
[orch] link change t=210.0s bw=66 delay=14
[orch] link change t=210.0s bw=34 delay=33
[orch] link change t=210.0s bw=17 delay=36
[orch] link change t=195.0s bw=99 delay=26
[orch] link change t=210.0s bw=97 delay=42
[orch] link change t=210.0s bw=91 delay=96
[orch] link change t=195.0s bw=31 delay=38
[orch] link change t=210.0s bw=59 delay=56
[orch] link change t=195.0s bw=78 delay=18
[orch] link change t=210.0s bw=66 delay=54
[orch] link change t=225.0s bw=52 delay=79
[orch] link change t=225.0s bw=24 delay=84
[orch] link change t=225.0s bw=14 delay=85
[orch] link change t=210.0s bw=32 delay=74
[orch] link change t=225.0s bw=88 delay=30
[orch] link change t=225.0s bw=22 delay=86
[orch] link change t=210.0s bw=65 delay=62
[orch] link change t=225.0s bw=41 delay=84
[orch] link change t=210.0s bw=61 delay=13
[orch] link change t=225.0s bw=11 delay=92
[orch] link change t=240.0s bw=73 delay=98
[orch] link change t=240.0s bw=77 delay=82
[orch] link change t=240.0s bw=57 delay=94
[orch] link change t=225.0s bw=76 delay=98
[orch] link change t=240.0s bw=97 delay=51
[orch] link change t=240.0s bw=84 delay=55
[orch] link change t=225.0s bw=96 delay=97
[orch] link change t=240.0s bw=13 delay=13
[orch] link change t=225.0s bw=41 delay=82
[orch] link change t=240.0s bw=71 delay=42
[orch] link change t=255.0s bw=24 delay=93
[orch] link change t=255.0s bw=17 delay=99
[orch] link change t=255.0s bw=32 delay=89
[orch] link change t=240.0s bw=94 delay=44
[orch] link change t=255.0s bw=49 delay=19
[orch] link change t=255.0s bw=63 delay=55
[orch] link change t=240.0s bw=82 delay=77
[orch] link change t=255.0s bw=47 delay=79
[orch] link change t=240.0s bw=96 delay=45
[orch] link change t=255.0s bw=27 delay=88
[orch] link change t=270.0s bw=57 delay=12
[orch] link change t=270.0s bw=51 delay=88
[orch] link change t=270.0s bw=37 delay=56
[orch] link change t=255.0s bw=88 delay=39
[orch] link change t=270.0s bw=79 delay=93
[orch] link change t=270.0s bw=34 delay=96
[orch] link change t=255.0s bw=35 delay=79
[orch] link change t=270.0s bw=78 delay=25
[orch] link change t=255.0s bw=64 delay=82
[orch] link change t=270.0s bw=53 delay=88
[orch] link change t=285.0s bw=29 delay=21
[orch] link change t=285.0s bw=52 delay=43
[orch] link change t=285.0s bw=82 delay=57
[orch] link change t=270.0s bw=96 delay=67
[orch] link change t=285.0s bw=56 delay=94
[orch] link change t=285.0s bw=30 delay=89
[orch] link change t=270.0s bw=96 delay=64
[orch] link change t=285.0s bw=75 delay=15
[orch] link change t=270.0s bw=22 delay=96
[orch] link change t=285.0s bw=93 delay=39
[orch] link change t=300.0s bw=25 delay=12
[orch] link change t=300.0s bw=33 delay=60
[orch] link change t=300.0s bw=83 delay=46
[orch] link change t=285.0s bw=26 delay=35
[orch] link change t=300.0s bw=14 delay=37
[orch] link change t=300.0s bw=68 delay=19
[orch] link change t=285.0s bw=48 delay=45
[orch] link change t=300.0s bw=92 delay=10
[orch] link change t=285.0s bw=45 delay=91
[orch] link change t=300.0s bw=100 delay=77
[orch] link change t=315.0s bw=68 delay=30
[orch] link change t=315.0s bw=49 delay=93
[orch] link change t=315.0s bw=94 delay=50
[orch] link change t=300.0s bw=11 delay=46
[orch] link change t=315.0s bw=50 delay=53
[orch] link change t=315.0s bw=19 delay=61
[orch] link change t=300.0s bw=75 delay=38
[orch] link change t=315.0s bw=69 delay=86
[orch] link change t=300.0s bw=81 delay=24
[orch] link change t=315.0s bw=28 delay=22
[orch] link change t=330.0s bw=80 delay=53
[orch] link change t=330.0s bw=75 delay=28
[orch] link change t=330.0s bw=83 delay=20
[orch] link change t=315.0s bw=91 delay=96
[orch] link change t=330.0s bw=18 delay=49
[orch] link change t=330.0s bw=82 delay=18
[orch] link change t=315.0s bw=62 delay=70
[orch] link change t=330.0s bw=94 delay=81
[orch] link change t=315.0s bw=88 delay=73
[orch] link change t=330.0s bw=60 delay=48
[orch] link change t=330.0s bw=43 delay=20
[orch] link change t=330.0s bw=76 delay=28
[orch] link change t=330.0s bw=49 delay=26
[multi_ep_plot] saved -> /its/home/mm2350/extra/Olympusv2/benchmarks/benchmark_responsive_fairness/data/ma_dreamer_20260611-175726/7_flows/run21/ep000021_bw31_d63_n7.pdf  return=1451038.5
[ep_plot] ep=21 -> /its/home/mm2350/extra/Olympusv2/benchmarks/benchmark_responsive_fairness/data/ma_dreamer_20260611-175726/7_flows/run21/ep000021_bw31_d63_n7.pdf  return=1451038.53125
[orch] ep=21 sum-of-agents return=1451038.5
[responsive_fairness] slot=8 ma_dreamer_20260611-175726 flows=7 run=31
[responsive_fairness] ma_dreamer_20260611-175726 flows=7 run=21 done (171/200)
[slot=8] ep=31  flows=7  bw=11Mbps  delay=70ms  duration=345s  delays=[0.0, 7.5, 15.0, 22.5, 30.0, 37.5, 45.0]  lifetimes=[345.0, 337.5, 330.0, 322.5, 315.0, 307.5, 300.0]
[multi_ep_plot] saved -> /its/home/mm2350/extra/Olympusv2/benchmarks/benchmark_responsive_fairness/data/ma_dreamer_20260611-175726/7_flows/run22/ep000022_bw27_d41_n7.pdf  return=1637521.5
[ep_plot] ep=22 -> /its/home/mm2350/extra/Olympusv2/benchmarks/benchmark_responsive_fairness/data/ma_dreamer_20260611-175726/7_flows/run22/ep000022_bw27_d41_n7.pdf  return=1637521.53125
[orch] ep=22 sum-of-agents return=1637521.5
[responsive_fairness] slot=4 ma_dreamer_20260611-175726 flows=7 run=32
[responsive_fairness] ma_dreamer_20260611-175726 flows=7 run=22 done (172/200)
[slot=4] ep=32  flows=7  bw=19Mbps  delay=37ms  duration=345s  delays=[0.0, 7.5, 15.0, 22.5, 30.0, 37.5, 45.0]  lifetimes=[345.0, 337.5, 330.0, 322.5, 315.0, 307.5, 300.0]
[multi_ep_plot] saved -> /its/home/mm2350/extra/Olympusv2/benchmarks/benchmark_responsive_fairness/data/ma_dreamer_20260611-175726/7_flows/run23/ep000023_bw47_d20_n7.pdf  return=1548921.1
[ep_plot] ep=23 -> /its/home/mm2350/extra/Olympusv2/benchmarks/benchmark_responsive_fairness/data/ma_dreamer_20260611-175726/7_flows/run23/ep000023_bw47_d20_n7.pdf  return=1548921.078125
[orch] ep=23 sum-of-agents return=1548921.1
[sao-listener] cport=23800 worker=/its/home/mm2350/extra/Olympusv2/olympus/algorithms/ma_dreamer/worker.py scan=20ms target_cc=astraea single_flow=1 no_state_pipe=1
[sao-listener] cport=23801 worker=/its/home/mm2350/extra/Olympusv2/olympus/algorithms/ma_dreamer/worker.py scan=20ms target_cc=astraea single_flow=1 no_state_pipe=1
[sao-listener] cport=23802 worker=/its/home/mm2350/extra/Olympusv2/olympus/algorithms/ma_dreamer/worker.py scan=20ms target_cc=astraea single_flow=1 no_state_pipe=1
[sao-listener] cport=23803 worker=/its/home/mm2350/extra/Olympusv2/olympus/algorithms/ma_dreamer/worker.py scan=20ms target_cc=astraea single_flow=1 no_state_pipe=1
[sao-listener] cport=23804 worker=/its/home/mm2350/extra/Olympusv2/olympus/algorithms/ma_dreamer/worker.py scan=20ms target_cc=astraea single_flow=1 no_state_pipe=1
[sao-listener] cport=23805 worker=/its/home/mm2350/extra/Olympusv2/olympus/algorithms/ma_dreamer/worker.py scan=20ms target_cc=astraea single_flow=1 no_state_pipe=1
[sao-listener] cport=23806 worker=/its/home/mm2350/extra/Olympusv2/olympus/algorithms/ma_dreamer/worker.py scan=20ms target_cc=astraea single_flow=1 no_state_pipe=1
[responsive_fairness] slot=5 ma_dreamer_20260611-175726 flows=7 run=33
[responsive_fairness] ma_dreamer_20260611-175726 flows=7 run=23 done (173/200)
[slot=5] ep=33  flows=7  bw=83Mbps  delay=31ms  duration=345s  delays=[0.0, 7.5, 15.0, 22.5, 30.0, 37.5, 45.0]  lifetimes=[345.0, 337.5, 330.0, 322.5, 315.0, 307.5, 300.0]
[sao-listener] cport=23400 worker=/its/home/mm2350/extra/Olympusv2/olympus/algorithms/ma_dreamer/worker.py scan=20ms target_cc=astraea single_flow=1 no_state_pipe=1
[sao-listener] cport=23401 worker=/its/home/mm2350/extra/Olympusv2/olympus/algorithms/ma_dreamer/worker.py scan=20ms target_cc=astraea single_flow=1 no_state_pipe=1
[sao-listener] cport=23402 worker=/its/home/mm2350/extra/Olympusv2/olympus/algorithms/ma_dreamer/worker.py scan=20ms target_cc=astraea single_flow=1 no_state_pipe=1
[sao-listener] cport=23403 worker=/its/home/mm2350/extra/Olympusv2/olympus/algorithms/ma_dreamer/worker.py scan=20ms target_cc=astraea single_flow=1 no_state_pipe=1
[sao-listener] cport=23404 worker=/its/home/mm2350/extra/Olympusv2/olympus/algorithms/ma_dreamer/worker.py scan=20ms target_cc=astraea single_flow=1 no_state_pipe=1
[sao-listener] cport=23405 worker=/its/home/mm2350/extra/Olympusv2/olympus/algorithms/ma_dreamer/worker.py scan=20ms target_cc=astraea single_flow=1 no_state_pipe=1
[sao-listener] cport=23406 worker=/its/home/mm2350/extra/Olympusv2/olympus/algorithms/ma_dreamer/worker.py scan=20ms target_cc=astraea single_flow=1 no_state_pipe=1
[multi_ep_plot] saved -> /its/home/mm2350/extra/Olympusv2/benchmarks/benchmark_responsive_fairness/data/ma_dreamer_20260611-175726/7_flows/run24/ep000024_bw59_d84_n7.pdf  return=1656754.4
[ep_plot] ep=24 -> /its/home/mm2350/extra/Olympusv2/benchmarks/benchmark_responsive_fairness/data/ma_dreamer_20260611-175726/7_flows/run24/ep000024_bw59_d84_n7.pdf  return=1656754.4375
[orch] ep=24 sum-of-agents return=1656754.4
[responsive_fairness] slot=9 ma_dreamer_20260611-175726 flows=7 run=34
[responsive_fairness] ma_dreamer_20260611-175726 flows=7 run=24 done (174/200)
[slot=9] ep=34  flows=7  bw=77Mbps  delay=55ms  duration=345s  delays=[0.0, 7.5, 15.0, 22.5, 30.0, 37.5, 45.0]  lifetimes=[345.0, 337.5, 330.0, 322.5, 315.0, 307.5, 300.0]
[sao-listener] cport=23500 worker=/its/home/mm2350/extra/Olympusv2/olympus/algorithms/ma_dreamer/worker.py scan=20ms target_cc=astraea single_flow=1 no_state_pipe=1
[sao-listener] cport=23501 worker=/its/home/mm2350/extra/Olympusv2/olympus/algorithms/ma_dreamer/worker.py scan=20ms target_cc=astraea single_flow=1 no_state_pipe=1
[sao-listener] cport=23502 worker=/its/home/mm2350/extra/Olympusv2/olympus/algorithms/ma_dreamer/worker.py scan=20ms target_cc=astraea single_flow=1 no_state_pipe=1
[sao-listener] cport=23503 worker=/its/home/mm2350/extra/Olympusv2/olympus/algorithms/ma_dreamer/worker.py scan=20ms target_cc=astraea single_flow=1 no_state_pipe=1
[sao-listener] cport=23504 worker=/its/home/mm2350/extra/Olympusv2/olympus/algorithms/ma_dreamer/worker.py scan=20ms target_cc=astraea single_flow=1 no_state_pipe=1
[sao-listener] cport=23505 worker=/its/home/mm2350/extra/Olympusv2/olympus/algorithms/ma_dreamer/worker.py scan=20ms target_cc=astraea single_flow=1 no_state_pipe=1
[sao-listener] cport=23506 worker=/its/home/mm2350/extra/Olympusv2/olympus/algorithms/ma_dreamer/worker.py scan=20ms target_cc=astraea single_flow=1 no_state_pipe=1
[sao-listener] cport=23900 worker=/its/home/mm2350/extra/Olympusv2/olympus/algorithms/ma_dreamer/worker.py scan=20ms target_cc=astraea single_flow=1 no_state_pipe=1
[sao-listener] cport=23901 worker=/its/home/mm2350/extra/Olympusv2/olympus/algorithms/ma_dreamer/worker.py scan=20ms target_cc=astraea single_flow=1 no_state_pipe=1
[sao-listener] cport=23902 worker=/its/home/mm2350/extra/Olympusv2/olympus/algorithms/ma_dreamer/worker.py scan=20ms target_cc=astraea single_flow=1 no_state_pipe=1
[sao-listener] cport=23903 worker=/its/home/mm2350/extra/Olympusv2/olympus/algorithms/ma_dreamer/worker.py scan=20ms target_cc=astraea single_flow=1 no_state_pipe=1
[sao-listener] cport=23904 worker=/its/home/mm2350/extra/Olympusv2/olympus/algorithms/ma_dreamer/worker.py scan=20ms target_cc=astraea single_flow=1 no_state_pipe=1
[sao-listener] cport=23905 worker=/its/home/mm2350/extra/Olympusv2/olympus/algorithms/ma_dreamer/worker.py scan=20ms target_cc=astraea single_flow=1 no_state_pipe=1
[sao-listener] cport=23906 worker=/its/home/mm2350/extra/Olympusv2/olympus/algorithms/ma_dreamer/worker.py scan=20ms target_cc=astraea single_flow=1 no_state_pipe=1
[multi_ep_plot] saved -> /its/home/mm2350/extra/Olympusv2/benchmarks/benchmark_responsive_fairness/data/ma_dreamer_20260611-175726/7_flows/run25/ep000025_bw58_d11_n7.pdf  return=1587679.9
[ep_plot] ep=25 -> /its/home/mm2350/extra/Olympusv2/benchmarks/benchmark_responsive_fairness/data/ma_dreamer_20260611-175726/7_flows/run25/ep000025_bw58_d11_n7.pdf  return=1587679.875
[orch] ep=25 sum-of-agents return=1587679.9
[responsive_fairness] slot=6 ma_dreamer_20260611-175726 flows=7 run=35
[responsive_fairness] ma_dreamer_20260611-175726 flows=7 run=25 done (175/200)
[slot=6] ep=35  flows=7  bw=80Mbps  delay=52ms  duration=345s  delays=[0.0, 7.5, 15.0, 22.5, 30.0, 37.5, 45.0]  lifetimes=[345.0, 337.5, 330.0, 322.5, 315.0, 307.5, 300.0]
[sao-listener] new flow 1 10.0.0.1:23800->10.0.0.8:5209 cc=astraea pid=2400137 child=2402915
[sao-listener] single-flow mode: attached worker; stopping ss scans
[sao-listener flow 1] cport=23800 cc=astraea worker active
[worker cport=23800 agent=0] loaded checkpoint step=17958
[worker alg=ma_dreamer reward=tempest_fairness_ma cport=23800 agent=0 group=slot8_ep31 flow=1] started interval=20ms det=1 latent=8x8
[sao-listener] cport=23600 worker=/its/home/mm2350/extra/Olympusv2/olympus/algorithms/ma_dreamer/worker.py scan=20ms target_cc=astraea single_flow=1 no_state_pipe=1
[sao-listener] cport=23601 worker=/its/home/mm2350/extra/Olympusv2/olympus/algorithms/ma_dreamer/worker.py scan=20ms target_cc=astraea single_flow=1 no_state_pipe=1
[sao-listener] new flow 1 10.0.0.1:23400->10.0.0.8:5205 cc=astraea pid=2401060 child=2404309
[sao-listener] single-flow mode: attached worker; stopping ss scans
[sao-listener flow 1] cport=23400 cc=astraea worker active
[sao-listener] cport=23602 worker=/its/home/mm2350/extra/Olympusv2/olympus/algorithms/ma_dreamer/worker.py scan=20ms target_cc=astraea single_flow=1 no_state_pipe=1
[sao-listener] cport=23603 worker=/its/home/mm2350/extra/Olympusv2/olympus/algorithms/ma_dreamer/worker.py scan=20ms target_cc=astraea single_flow=1 no_state_pipe=1
[sao-listener] cport=23604 worker=/its/home/mm2350/extra/Olympusv2/olympus/algorithms/ma_dreamer/worker.py scan=20ms target_cc=astraea single_flow=1 no_state_pipe=1
[sao-listener] cport=23605 worker=/its/home/mm2350/extra/Olympusv2/olympus/algorithms/ma_dreamer/worker.py scan=20ms target_cc=astraea single_flow=1 no_state_pipe=1
[sao-listener] cport=23606 worker=/its/home/mm2350/extra/Olympusv2/olympus/algorithms/ma_dreamer/worker.py scan=20ms target_cc=astraea single_flow=1 no_state_pipe=1
[worker cport=23400 agent=0] loaded checkpoint step=17958
[worker alg=ma_dreamer reward=tempest_fairness_ma cport=23400 agent=0 group=slot4_ep32 flow=1] started interval=20ms det=1 latent=8x8
[sao-listener] new flow 1 10.0.0.1:23500->10.0.0.8:5206 cc=astraea pid=2401743 child=2405518
[sao-listener] single-flow mode: attached worker; stopping ss scans
[sao-listener flow 1] cport=23500 cc=astraea worker active
[worker cport=23500 agent=0] loaded checkpoint step=17958
[worker alg=ma_dreamer reward=tempest_fairness_ma cport=23500 agent=0 group=slot5_ep33 flow=1] started interval=20ms det=1 latent=8x8
[sao-listener] new flow 1 10.0.0.1:23900->10.0.0.8:5210 cc=astraea pid=2402592 child=2406641
[sao-listener] single-flow mode: attached worker; stopping ss scans
[sao-listener flow 1] cport=23900 cc=astraea worker active
[multi_ep_plot] saved -> /its/home/mm2350/extra/Olympusv2/benchmarks/benchmark_responsive_fairness/data/ma_dreamer_20260611-175726/7_flows/run26/ep000026_bw35_d94_n7.pdf  return=1479086.7
[ep_plot] ep=26 -> /its/home/mm2350/extra/Olympusv2/benchmarks/benchmark_responsive_fairness/data/ma_dreamer_20260611-175726/7_flows/run26/ep000026_bw35_d94_n7.pdf  return=1479086.734375
[orch] ep=26 sum-of-agents return=1479086.7
[responsive_fairness] slot=3 ma_dreamer_20260611-175726 flows=7 run=36
[responsive_fairness] ma_dreamer_20260611-175726 flows=7 run=26 done (176/200)
[slot=3] ep=36  flows=7  bw=52Mbps  delay=17ms  duration=345s  delays=[0.0, 7.5, 15.0, 22.5, 30.0, 37.5, 45.0]  lifetimes=[345.0, 337.5, 330.0, 322.5, 315.0, 307.5, 300.0]
[sao-listener] new flow 1 10.0.0.2:23801->10.0.0.9:5209 cc=astraea pid=2406591 child=2407028
[sao-listener] single-flow mode: attached worker; stopping ss scans
[sao-listener flow 1] cport=23801 cc=astraea worker active
[worker cport=23900 agent=0] loaded checkpoint step=17958
[worker alg=ma_dreamer reward=tempest_fairness_ma cport=23900 agent=0 group=slot9_ep34 flow=1] started interval=20ms det=1 latent=8x8
[worker cport=23801 agent=1] loaded checkpoint step=17958
[worker alg=ma_dreamer reward=tempest_fairness_ma cport=23801 agent=1 group=slot8_ep31 flow=1] started interval=20ms det=1 latent=8x8
[sao-listener] cport=23300 worker=/its/home/mm2350/extra/Olympusv2/olympus/algorithms/ma_dreamer/worker.py scan=20ms target_cc=astraea single_flow=1 no_state_pipe=1
[sao-listener] cport=23301 worker=/its/home/mm2350/extra/Olympusv2/olympus/algorithms/ma_dreamer/worker.py scan=20ms target_cc=astraea single_flow=1 no_state_pipe=1
[sao-listener] cport=23302 worker=/its/home/mm2350/extra/Olympusv2/olympus/algorithms/ma_dreamer/worker.py scan=20ms target_cc=astraea single_flow=1 no_state_pipe=1
[sao-listener] cport=23303 worker=/its/home/mm2350/extra/Olympusv2/olympus/algorithms/ma_dreamer/worker.py scan=20ms target_cc=astraea single_flow=1 no_state_pipe=1
[sao-listener] cport=23304 worker=/its/home/mm2350/extra/Olympusv2/olympus/algorithms/ma_dreamer/worker.py scan=20ms target_cc=astraea single_flow=1 no_state_pipe=1
[sao-listener] cport=23305 worker=/its/home/mm2350/extra/Olympusv2/olympus/algorithms/ma_dreamer/worker.py scan=20ms target_cc=astraea single_flow=1 no_state_pipe=1
[sao-listener] cport=23306 worker=/its/home/mm2350/extra/Olympusv2/olympus/algorithms/ma_dreamer/worker.py scan=20ms target_cc=astraea single_flow=1 no_state_pipe=1
[sao-listener] new flow 1 10.0.0.2:23401->10.0.0.9:5205 cc=astraea pid=2407221 child=2408653
[sao-listener] single-flow mode: attached worker; stopping ss scans
[sao-listener flow 1] cport=23401 cc=astraea worker active
[worker cport=23401 agent=1] loaded checkpoint step=17958
[worker alg=ma_dreamer reward=tempest_fairness_ma cport=23401 agent=1 group=slot4_ep32 flow=1] started interval=20ms det=1 latent=8x8
[sao-listener] new flow 1 10.0.0.1:23600->10.0.0.8:5207 cc=astraea pid=2404826 child=2409771
[sao-listener] single-flow mode: attached worker; stopping ss scans
[sao-listener flow 1] cport=23600 cc=astraea worker active
[sao-listener] new flow 1 10.0.0.2:23501->10.0.0.9:5206 cc=astraea pid=2407804 child=2410044
[sao-listener] single-flow mode: attached worker; stopping ss scans
[sao-listener flow 1] cport=23501 cc=astraea worker active
[worker cport=23600 agent=0] loaded checkpoint step=17958
[worker alg=ma_dreamer reward=tempest_fairness_ma cport=23600 agent=0 group=slot6_ep35 flow=1] started interval=20ms det=1 latent=8x8
[worker cport=23501 agent=1] loaded checkpoint step=17958
[worker alg=ma_dreamer reward=tempest_fairness_ma cport=23501 agent=1 group=slot5_ep33 flow=1] started interval=20ms det=1 latent=8x8
[sao-listener] new flow 1 10.0.0.2:23901->10.0.0.9:5210 cc=astraea pid=2408860 child=2411054
[sao-listener] single-flow mode: attached worker; stopping ss scans
[sao-listener flow 1] cport=23901 cc=astraea worker active
[multi_ep_plot] saved -> /its/home/mm2350/extra/Olympusv2/benchmarks/benchmark_responsive_fairness/data/ma_dreamer_20260611-175726/7_flows/run27/ep000027_bw93_d71_n7.pdf  return=1228228.4
[ep_plot] ep=27 -> /its/home/mm2350/extra/Olympusv2/benchmarks/benchmark_responsive_fairness/data/ma_dreamer_20260611-175726/7_flows/run27/ep000027_bw93_d71_n7.pdf  return=1228228.4375
[orch] ep=27 sum-of-agents return=1228228.4
[responsive_fairness] slot=7 ma_dreamer_20260611-175726 flows=7 run=37
[responsive_fairness] ma_dreamer_20260611-175726 flows=7 run=27 done (177/200)
[slot=7] ep=37  flows=7  bw=97Mbps  delay=87ms  duration=345s  delays=[0.0, 7.5, 15.0, 22.5, 30.0, 37.5, 45.0]  lifetimes=[345.0, 337.5, 330.0, 322.5, 315.0, 307.5, 300.0]
[worker cport=23901 agent=1] loaded checkpoint step=17958
[worker alg=ma_dreamer reward=tempest_fairness_ma cport=23901 agent=1 group=slot9_ep34 flow=1] started interval=20ms det=1 latent=8x8
[orch] link change t=15.0s bw=24 delay=60
[sao-listener] new flow 1 10.0.0.1:23300->10.0.0.8:5204 cc=astraea pid=2408933 child=2412846
[sao-listener] single-flow mode: attached worker; stopping ss scans
[sao-listener flow 1] cport=23300 cc=astraea worker active
[orch] link change t=15.0s bw=28 delay=48
[sao-listener] cport=23700 worker=/its/home/mm2350/extra/Olympusv2/olympus/algorithms/ma_dreamer/worker.py scan=20ms target_cc=astraea single_flow=1 no_state_pipe=1
[sao-listener] cport=23701 worker=/its/home/mm2350/extra/Olympusv2/olympus/algorithms/ma_dreamer/worker.py scan=20ms target_cc=astraea single_flow=1 no_state_pipe=1
[sao-listener] cport=23702 worker=/its/home/mm2350/extra/Olympusv2/olympus/algorithms/ma_dreamer/worker.py scan=20ms target_cc=astraea single_flow=1 no_state_pipe=1
[sao-listener] cport=23703 worker=/its/home/mm2350/extra/Olympusv2/olympus/algorithms/ma_dreamer/worker.py scan=20ms target_cc=astraea single_flow=1 no_state_pipe=1
[sao-listener] cport=23704 worker=/its/home/mm2350/extra/Olympusv2/olympus/algorithms/ma_dreamer/worker.py scan=20ms target_cc=astraea single_flow=1 no_state_pipe=1
[sao-listener] cport=23705 worker=/its/home/mm2350/extra/Olympusv2/olympus/algorithms/ma_dreamer/worker.py scan=20ms target_cc=astraea single_flow=1 no_state_pipe=1
[sao-listener] cport=23706 worker=/its/home/mm2350/extra/Olympusv2/olympus/algorithms/ma_dreamer/worker.py scan=20ms target_cc=astraea single_flow=1 no_state_pipe=1
[orch] link change t=15.0s bw=90 delay=39
[worker cport=23300 agent=0] loaded checkpoint step=17958
[worker alg=ma_dreamer reward=tempest_fairness_ma cport=23300 agent=0 group=slot3_ep36 flow=1] started interval=20ms det=1 latent=8x8
[multi_ep_plot] saved -> /its/home/mm2350/extra/Olympusv2/benchmarks/benchmark_responsive_fairness/data/ma_dreamer_20260611-175726/7_flows/run28/ep000028_bw24_d26_n7.pdf  return=1558211.6
[ep_plot] ep=28 -> /its/home/mm2350/extra/Olympusv2/benchmarks/benchmark_responsive_fairness/data/ma_dreamer_20260611-175726/7_flows/run28/ep000028_bw24_d26_n7.pdf  return=1558211.59375
[orch] ep=28 sum-of-agents return=1558211.6
[responsive_fairness] slot=2 ma_dreamer_20260611-175726 flows=7 run=38
[responsive_fairness] ma_dreamer_20260611-175726 flows=7 run=28 done (178/200)
[slot=2] ep=38  flows=7  bw=91Mbps  delay=63ms  duration=345s  delays=[0.0, 7.5, 15.0, 22.5, 30.0, 37.5, 45.0]  lifetimes=[345.0, 337.5, 330.0, 322.5, 315.0, 307.5, 300.0]
[orch] link change t=15.0s bw=84 delay=13
[sao-listener] new flow 1 10.0.0.3:23502->10.0.0.10:5206 cc=astraea pid=2414415 child=2414681
[sao-listener flow 1] cport=23502 cc=astraea worker active
[sao-listener] single-flow mode: attached worker; stopping ss scans
[sao-listener] new flow 1 10.0.0.2:23601->10.0.0.9:5207 cc=astraea pid=2410647 child=2414882
[sao-listener] single-flow mode: attached worker; stopping ss scans
[sao-listener flow 1] cport=23601 cc=astraea worker active
[worker cport=23502 agent=2] loaded checkpoint step=17958
[worker alg=ma_dreamer reward=tempest_fairness_ma cport=23502 agent=2 group=slot5_ep33 flow=1] started interval=20ms det=1 latent=8x8
[worker cport=23601 agent=1] loaded checkpoint step=17958
[worker alg=ma_dreamer reward=tempest_fairness_ma cport=23601 agent=1 group=slot6_ep35 flow=1] started interval=20ms det=1 latent=8x8
[sao-listener] cport=23200 worker=/its/home/mm2350/extra/Olympusv2/olympus/algorithms/ma_dreamer/worker.py scan=20ms target_cc=astraea single_flow=1 no_state_pipe=1
[sao-listener] cport=23201 worker=/its/home/mm2350/extra/Olympusv2/olympus/algorithms/ma_dreamer/worker.py scan=20ms target_cc=astraea single_flow=1 no_state_pipe=1
[sao-listener] cport=23202 worker=/its/home/mm2350/extra/Olympusv2/olympus/algorithms/ma_dreamer/worker.py scan=20ms target_cc=astraea single_flow=1 no_state_pipe=1
[sao-listener] cport=23203 worker=/its/home/mm2350/extra/Olympusv2/olympus/algorithms/ma_dreamer/worker.py scan=20ms target_cc=astraea single_flow=1 no_state_pipe=1
[sao-listener] cport=23204 worker=/its/home/mm2350/extra/Olympusv2/olympus/algorithms/ma_dreamer/worker.py scan=20ms target_cc=astraea single_flow=1 no_state_pipe=1
[sao-listener] cport=23205 worker=/its/home/mm2350/extra/Olympusv2/olympus/algorithms/ma_dreamer/worker.py scan=20ms target_cc=astraea single_flow=1 no_state_pipe=1
[sao-listener] cport=23206 worker=/its/home/mm2350/extra/Olympusv2/olympus/algorithms/ma_dreamer/worker.py scan=20ms target_cc=astraea single_flow=1 no_state_pipe=1
[sao-listener] new flow 1 10.0.0.3:23902->10.0.0.10:5210 cc=astraea pid=2415100 child=2417261
[sao-listener] single-flow mode: attached worker; stopping ss scans
[sao-listener flow 1] cport=23902 cc=astraea worker active
[orch] link change t=15.0s bw=26 delay=53
[sao-listener] new flow 1 10.0.0.3:23802->10.0.0.10:5209 cc=astraea pid=2412879 child=2417509
[sao-listener] single-flow mode: attached worker; stopping ss scans
[sao-listener flow 1] cport=23802 cc=astraea worker active
[worker cport=23902 agent=2] loaded checkpoint step=17958
[worker alg=ma_dreamer reward=tempest_fairness_ma cport=23902 agent=2 group=slot9_ep34 flow=1] started interval=20ms det=1 latent=8x8
[worker cport=23802 agent=2] loaded checkpoint step=17958
[worker alg=ma_dreamer reward=tempest_fairness_ma cport=23802 agent=2 group=slot8_ep31 flow=1] started interval=20ms det=1 latent=8x8
[sao-listener] new flow 1 10.0.0.3:23402->10.0.0.10:5205 cc=astraea pid=2413929 child=2418827
[sao-listener] single-flow mode: attached worker; stopping ss scans
[sao-listener flow 1] cport=23402 cc=astraea worker active
[sao-listener] new flow 1 10.0.0.2:23301->10.0.0.9:5204 cc=astraea pid=2415222 child=2419143
[sao-listener flow 1] cport=23301 cc=astraea worker active
[sao-listener] single-flow mode: attached worker; stopping ss scans
[sao-listener] new flow 1 10.0.0.1:23700->10.0.0.8:5208 cc=astraea pid=2414323 child=2419468
[sao-listener] single-flow mode: attached worker; stopping ss scans
[sao-listener flow 1] cport=23700 cc=astraea worker active
[worker cport=23402 agent=2] loaded checkpoint step=17958
[worker alg=ma_dreamer reward=tempest_fairness_ma cport=23402 agent=2 group=slot4_ep32 flow=1] started interval=20ms det=1 latent=8x8
[multi_ep_plot] saved -> /its/home/mm2350/extra/Olympusv2/benchmarks/benchmark_responsive_fairness/data/ma_dreamer_20260611-175726/7_flows/run29/ep000029_bw80_d19_n7.pdf  return=1678073.3
[ep_plot] ep=29 -> /its/home/mm2350/extra/Olympusv2/benchmarks/benchmark_responsive_fairness/data/ma_dreamer_20260611-175726/7_flows/run29/ep000029_bw80_d19_n7.pdf  return=1678073.265625
[orch] ep=29 sum-of-agents return=1678073.3
[responsive_fairness] slot=1 ma_dreamer_20260611-175726 flows=7 run=39
[responsive_fairness] ma_dreamer_20260611-175726 flows=7 run=29 done (179/200)
[slot=1] ep=39  flows=7  bw=36Mbps  delay=43ms  duration=345s  delays=[0.0, 7.5, 15.0, 22.5, 30.0, 37.5, 45.0]  lifetimes=[345.0, 337.5, 330.0, 322.5, 315.0, 307.5, 300.0]
[sao-listener] new flow 1 10.0.0.3:23602->10.0.0.10:5207 cc=astraea pid=2417825 child=2420095
[sao-listener] single-flow mode: attached worker; stopping ss scans
[sao-listener flow 1] cport=23602 cc=astraea worker active
[worker cport=23301 agent=1] loaded checkpoint step=17958
[worker alg=ma_dreamer reward=tempest_fairness_ma cport=23301 agent=1 group=slot3_ep36 flow=1] started interval=20ms det=1 latent=8x8
[worker cport=23700 agent=0] loaded checkpoint step=17958
[worker alg=ma_dreamer reward=tempest_fairness_ma cport=23700 agent=0 group=slot7_ep37 flow=1] started interval=20ms det=1 latent=8x8
[worker cport=23602 agent=2] loaded checkpoint step=17958
[worker alg=ma_dreamer reward=tempest_fairness_ma cport=23602 agent=2 group=slot6_ep35 flow=1] started interval=20ms det=1 latent=8x8
[orch] link change t=15.1s bw=12 delay=46
[sao-listener] cport=23100 worker=/its/home/mm2350/extra/Olympusv2/olympus/algorithms/ma_dreamer/worker.py scan=20ms target_cc=astraea single_flow=1 no_state_pipe=1
[sao-listener] cport=23101 worker=/its/home/mm2350/extra/Olympusv2/olympus/algorithms/ma_dreamer/worker.py scan=20ms target_cc=astraea single_flow=1 no_state_pipe=1
[sao-listener] cport=23102 worker=/its/home/mm2350/extra/Olympusv2/olympus/algorithms/ma_dreamer/worker.py scan=20ms target_cc=astraea single_flow=1 no_state_pipe=1
[sao-listener] cport=23103 worker=/its/home/mm2350/extra/Olympusv2/olympus/algorithms/ma_dreamer/worker.py scan=20ms target_cc=astraea single_flow=1 no_state_pipe=1
[sao-listener] cport=23104 worker=/its/home/mm2350/extra/Olympusv2/olympus/algorithms/ma_dreamer/worker.py scan=20ms target_cc=astraea single_flow=1 no_state_pipe=1
[sao-listener] cport=23105 worker=/its/home/mm2350/extra/Olympusv2/olympus/algorithms/ma_dreamer/worker.py scan=20ms target_cc=astraea single_flow=1 no_state_pipe=1
[sao-listener] cport=23106 worker=/its/home/mm2350/extra/Olympusv2/olympus/algorithms/ma_dreamer/worker.py scan=20ms target_cc=astraea single_flow=1 no_state_pipe=1
[sao-listener] new flow 1 10.0.0.1:23200->10.0.0.8:5203 cc=astraea pid=2417282 child=2422517
[sao-listener] single-flow mode: attached worker; stopping ss scans
[sao-listener flow 1] cport=23200 cc=astraea worker active
[sao-listener] new flow 1 10.0.0.4:23903->10.0.0.11:5210 cc=astraea pid=2421976 child=2423166
[sao-listener] single-flow mode: attached worker; stopping ss scans
[sao-listener flow 1] cport=23903 cc=astraea worker active
[worker cport=23200 agent=0] loaded checkpoint step=17958
[worker alg=ma_dreamer reward=tempest_fairness_ma cport=23200 agent=0 group=slot2_ep38 flow=1] started interval=20ms det=1 latent=8x8
[multi_ep_plot] saved -> /its/home/mm2350/extra/Olympusv2/benchmarks/benchmark_responsive_fairness/data/ma_dreamer_20260611-175726/7_flows/run30/ep000030_bw79_d47_n7.pdf  return=1483285.8
[ep_plot] ep=30 -> /its/home/mm2350/extra/Olympusv2/benchmarks/benchmark_responsive_fairness/data/ma_dreamer_20260611-175726/7_flows/run30/ep000030_bw79_d47_n7.pdf  return=1483285.8125
[orch] ep=30 sum-of-agents return=1483285.8
[responsive_fairness] slot=0 ma_dreamer_20260611-175726 flows=7 run=40
[responsive_fairness] ma_dreamer_20260611-175726 flows=7 run=30 done (180/200)
[slot=0] ep=40  flows=7  bw=68Mbps  delay=84ms  duration=345s  delays=[0.0, 7.5, 15.0, 22.5, 30.0, 37.5, 45.0]  lifetimes=[345.0, 337.5, 330.0, 322.5, 315.0, 307.5, 300.0]
[sao-listener] new flow 1 10.0.0.4:23803->10.0.0.11:5209 cc=astraea pid=2419617 child=2423950
[sao-listener] single-flow mode: attached worker; stopping ss scans
[sao-listener flow 1] cport=23803 cc=astraea worker active
[worker cport=23903 agent=3] loaded checkpoint step=17958
[worker alg=ma_dreamer reward=tempest_fairness_ma cport=23903 agent=3 group=slot9_ep34 flow=1] started interval=20ms det=1 latent=8x8
[worker cport=23803 agent=3] loaded checkpoint step=17958
[worker alg=ma_dreamer reward=tempest_fairness_ma cport=23803 agent=3 group=slot8_ep31 flow=1] started interval=20ms det=1 latent=8x8
[sao-listener] new flow 1 10.0.0.3:23302->10.0.0.10:5204 cc=astraea pid=2422090 child=2425513
[sao-listener] single-flow mode: attached worker; stopping ss scans
[sao-listener flow 1] cport=23302 cc=astraea worker active
[sao-listener] new flow 1 10.0.0.4:23403->10.0.0.11:5205 cc=astraea pid=2420271 child=2425797
[sao-listener] single-flow mode: attached worker; stopping ss scans
[sao-listener flow 1] cport=23403 cc=astraea worker active
[orch] link change t=30.1s bw=28 delay=97
[sao-listener] new flow 1 10.0.0.2:23701->10.0.0.9:5208 cc=astraea pid=2420748 child=2426057
[sao-listener] single-flow mode: attached worker; stopping ss scans
[sao-listener flow 1] cport=23701 cc=astraea worker active
[sao-listener] cport=23000 worker=/its/home/mm2350/extra/Olympusv2/olympus/algorithms/ma_dreamer/worker.py scan=20ms target_cc=astraea single_flow=1 no_state_pipe=1
[sao-listener] cport=23001 worker=/its/home/mm2350/extra/Olympusv2/olympus/algorithms/ma_dreamer/worker.py scan=20ms target_cc=astraea single_flow=1 no_state_pipe=1
[sao-listener] cport=23002 worker=/its/home/mm2350/extra/Olympusv2/olympus/algorithms/ma_dreamer/worker.py scan=20ms target_cc=astraea single_flow=1 no_state_pipe=1
[sao-listener] cport=23003 worker=/its/home/mm2350/extra/Olympusv2/olympus/algorithms/ma_dreamer/worker.py scan=20ms target_cc=astraea single_flow=1 no_state_pipe=1
[sao-listener] cport=23004 worker=/its/home/mm2350/extra/Olympusv2/olympus/algorithms/ma_dreamer/worker.py scan=20ms target_cc=astraea single_flow=1 no_state_pipe=1
[sao-listener] cport=23005 worker=/its/home/mm2350/extra/Olympusv2/olympus/algorithms/ma_dreamer/worker.py scan=20ms target_cc=astraea single_flow=1 no_state_pipe=1
[sao-listener] cport=23006 worker=/its/home/mm2350/extra/Olympusv2/olympus/algorithms/ma_dreamer/worker.py scan=20ms target_cc=astraea single_flow=1 no_state_pipe=1
[orch] link change t=30.1s bw=99 delay=40
[worker cport=23302 agent=2] loaded checkpoint step=17958
[worker alg=ma_dreamer reward=tempest_fairness_ma cport=23302 agent=2 group=slot3_ep36 flow=1] started interval=20ms det=1 latent=8x8
[orch] link change t=15.0s bw=21 delay=89
[sao-listener] new flow 1 10.0.0.4:23503->10.0.0.11:5206 cc=astraea pid=2420803 child=2426990
[sao-listener] single-flow mode: attached worker; stopping ss scans
[sao-listener flow 1] cport=23503 cc=astraea worker active
[worker cport=23403 agent=3] loaded checkpoint step=17958
[worker alg=ma_dreamer reward=tempest_fairness_ma cport=23403 agent=3 group=slot4_ep32 flow=1] started interval=20ms det=1 latent=8x8
[orch] link change t=30.0s bw=45 delay=71
[worker cport=23701 agent=1] loaded checkpoint step=17958
[worker alg=ma_dreamer reward=tempest_fairness_ma cport=23701 agent=1 group=slot7_ep37 flow=1] started interval=20ms det=1 latent=8x8
[sao-listener] new flow 1 10.0.0.4:23603->10.0.0.11:5207 cc=astraea pid=2423840 child=2427469
[sao-listener] single-flow mode: attached worker; stopping ss scans
[sao-listener flow 1] cport=23603 cc=astraea worker active
[orch] link change t=30.0s bw=39 delay=13
[worker cport=23503 agent=3] loaded checkpoint step=17958
[worker alg=ma_dreamer reward=tempest_fairness_ma cport=23503 agent=3 group=slot5_ep33 flow=1] started interval=20ms det=1 latent=8x8
[worker cport=23603 agent=3] loaded checkpoint step=17958
[worker alg=ma_dreamer reward=tempest_fairness_ma cport=23603 agent=3 group=slot6_ep35 flow=1] started interval=20ms det=1 latent=8x8
[orch] link change t=15.0s bw=64 delay=23
[sao-listener] new flow 1 10.0.0.1:23100->10.0.0.8:5202 cc=astraea pid=2422702 child=2429001
[sao-listener] single-flow mode: attached worker; stopping ss scans
[sao-listener flow 1] cport=23100 cc=astraea worker active
[sao-listener] new flow 1 10.0.0.2:23201->10.0.0.9:5203 cc=astraea pid=2423422 child=2429440
[sao-listener] single-flow mode: attached worker; stopping ss scans
[sao-listener flow 1] cport=23201 cc=astraea worker active
[orch] link change t=30.0s bw=29 delay=46
[worker cport=23100 agent=0] loaded checkpoint step=17958
[worker alg=ma_dreamer reward=tempest_fairness_ma cport=23100 agent=0 group=slot1_ep39 flow=1] started interval=20ms det=1 latent=8x8
[sao-listener] new flow 1 10.0.0.5:23904->10.0.0.12:5210 cc=astraea pid=2428170 child=2430156
[sao-listener] single-flow mode: attached worker; stopping ss scans
[sao-listener flow 1] cport=23904 cc=astraea worker active
[worker cport=23201 agent=1] loaded checkpoint step=17958
[worker alg=ma_dreamer reward=tempest_fairness_ma cport=23201 agent=1 group=slot2_ep38 flow=1] started interval=20ms det=1 latent=8x8
[worker cport=23904 agent=4] loaded checkpoint step=17958
[worker alg=ma_dreamer reward=tempest_fairness_ma cport=23904 agent=4 group=slot9_ep34 flow=1] started interval=20ms det=1 latent=8x8
[sao-listener] new flow 1 10.0.0.5:23804->10.0.0.12:5209 cc=astraea pid=2426505 child=2431173
[sao-listener] single-flow mode: attached worker; stopping ss scans
[sao-listener flow 1] cport=23804 cc=astraea worker active
[sao-listener] new flow 1 10.0.0.4:23303->10.0.0.11:5204 cc=astraea pid=2428228 child=2431931
[sao-listener] single-flow mode: attached worker; stopping ss scans
[sao-listener flow 1] cport=23303 cc=astraea worker active
[worker cport=23804 agent=4] loaded checkpoint step=17958
[worker alg=ma_dreamer reward=tempest_fairness_ma cport=23804 agent=4 group=slot8_ep31 flow=1] started interval=20ms det=1 latent=8x8
[sao-listener] new flow 1 10.0.0.3:23702->10.0.0.10:5208 cc=astraea pid=2427492 child=2432163
[sao-listener] single-flow mode: attached worker; stopping ss scans
[sao-listener flow 1] cport=23702 cc=astraea worker active
[sao-listener] new flow 1 10.0.0.1:23000->10.0.0.8:5201 cc=astraea pid=2426742 child=2432568
[sao-listener] single-flow mode: attached worker; stopping ss scans
[sao-listener flow 1] cport=23000 cc=astraea worker active
[sao-listener] new flow 1 10.0.0.6:23405->10.0.0.13:5205 cc=astraea pid=2432456 child=2432704
[sao-listener] single-flow mode: attached worker; stopping ss scans
[sao-listener flow 1] cport=23405 cc=astraea worker active
[sao-listener] new flow 1 10.0.0.2:23001->10.0.0.9:5201 cc=astraea pid=2432150 child=2432786
[sao-listener] single-flow mode: attached worker; stopping ss scans
[sao-listener flow 1] cport=23001 cc=astraea worker active
[worker cport=23303 agent=3] loaded checkpoint step=17958
[worker alg=ma_dreamer reward=tempest_fairness_ma cport=23303 agent=3 group=slot3_ep36 flow=1] started interval=20ms det=1 latent=8x8
[sao-listener] new flow 1 10.0.0.5:23404->10.0.0.12:5205 cc=astraea pid=2427100 child=2432987
[sao-listener] single-flow mode: attached worker; stopping ss scans
[sao-listener flow 1] cport=23404 cc=astraea worker active
[worker cport=23702 agent=2] loaded checkpoint step=17958
[worker alg=ma_dreamer reward=tempest_fairness_ma cport=23702 agent=2 group=slot7_ep37 flow=1] started interval=20ms det=1 latent=8x8
[orch] link change t=30.0s bw=20 delay=10
[worker cport=23000 agent=0] loaded checkpoint step=17958
[worker alg=ma_dreamer reward=tempest_fairness_ma cport=23000 agent=0 group=slot0_ep40 flow=1] started interval=20ms det=1 latent=8x8
[worker cport=23405 agent=5] loaded checkpoint step=17958
[worker alg=ma_dreamer reward=tempest_fairness_ma cport=23405 agent=5 group=slot4_ep32 flow=1] started interval=20ms det=1 latent=8x8
[worker cport=23001 agent=1] loaded checkpoint step=17958
[worker alg=ma_dreamer reward=tempest_fairness_ma cport=23001 agent=1 group=slot0_ep40 flow=1] started interval=20ms det=1 latent=8x8
[orch] link change t=15.0s bw=59 delay=13
[worker cport=23404 agent=4] loaded checkpoint step=17958
[worker alg=ma_dreamer reward=tempest_fairness_ma cport=23404 agent=4 group=slot4_ep32 flow=1] started interval=20ms det=1 latent=8x8
[sao-listener] new flow 1 10.0.0.6:23505->10.0.0.13:5206 cc=astraea pid=2433083 child=2434014
[sao-listener] single-flow mode: attached worker; stopping ss scans
[sao-listener flow 1] cport=23505 cc=astraea worker active
[sao-listener] new flow 1 10.0.0.5:23604->10.0.0.12:5207 cc=astraea pid=2430053 child=2434092
[sao-listener] single-flow mode: attached worker; stopping ss scans
[sao-listener flow 1] cport=23604 cc=astraea worker active
[sao-listener] new flow 1 10.0.0.5:23504->10.0.0.12:5206 cc=astraea pid=2427593 child=2434257
[sao-listener] single-flow mode: attached worker; stopping ss scans
[sao-listener flow 1] cport=23504 cc=astraea worker active
[worker cport=23505 agent=5] loaded checkpoint step=17958
[worker alg=ma_dreamer reward=tempest_fairness_ma cport=23505 agent=5 group=slot5_ep33 flow=1] started interval=20ms det=1 latent=8x8
[worker cport=23604 agent=4] loaded checkpoint step=17958
[worker alg=ma_dreamer reward=tempest_fairness_ma cport=23604 agent=4 group=slot6_ep35 flow=1] started interval=20ms det=1 latent=8x8
[worker cport=23504 agent=4] loaded checkpoint step=17958
[worker alg=ma_dreamer reward=tempest_fairness_ma cport=23504 agent=4 group=slot5_ep33 flow=1] started interval=20ms det=1 latent=8x8
[sao-listener] new flow 1 10.0.0.2:23101->10.0.0.9:5202 cc=astraea pid=2428732 child=2435106
[sao-listener] single-flow mode: attached worker; stopping ss scans
[sao-listener flow 1] cport=23101 cc=astraea worker active
[sao-listener] new flow 1 10.0.0.3:23202->10.0.0.10:5203 cc=astraea pid=2429552 child=2435227
[sao-listener] single-flow mode: attached worker; stopping ss scans
[sao-listener flow 1] cport=23202 cc=astraea worker active
[sao-listener] new flow 1 10.0.0.3:23102->10.0.0.10:5202 cc=astraea pid=2434488 child=2435523
[sao-listener] single-flow mode: attached worker; stopping ss scans
[sao-listener flow 1] cport=23102 cc=astraea worker active
[sao-listener] new flow 1 10.0.0.4:23203->10.0.0.11:5203 cc=astraea pid=2435314 child=2435593
[sao-listener] single-flow mode: attached worker; stopping ss scans
[sao-listener flow 1] cport=23203 cc=astraea worker active
[worker cport=23101 agent=1] loaded checkpoint step=17958
[worker alg=ma_dreamer reward=tempest_fairness_ma cport=23101 agent=1 group=slot1_ep39 flow=1] started interval=20ms det=1 latent=8x8
[worker cport=23202 agent=2] loaded checkpoint step=17958
[worker alg=ma_dreamer reward=tempest_fairness_ma cport=23202 agent=2 group=slot2_ep38 flow=1] started interval=20ms det=1 latent=8x8
[worker cport=23102 agent=2] loaded checkpoint step=17958
[worker alg=ma_dreamer reward=tempest_fairness_ma cport=23102 agent=2 group=slot1_ep39 flow=1] started interval=20ms det=1 latent=8x8
[worker cport=23203 agent=3] loaded checkpoint step=17958
[worker alg=ma_dreamer reward=tempest_fairness_ma cport=23203 agent=3 group=slot2_ep38 flow=1] started interval=20ms det=1 latent=8x8
[sao-listener] new flow 1 10.0.0.6:23905->10.0.0.13:5210 cc=astraea pid=2433804 child=2436726
[sao-listener] single-flow mode: attached worker; stopping ss scans
[sao-listener flow 1] cport=23905 cc=astraea worker active
[orch] link change t=45.0s bw=15 delay=27
[orch] link change t=15.0s bw=77 delay=14
[sao-listener] new flow 1 10.0.0.6:23805->10.0.0.13:5209 cc=astraea pid=2431894 child=2437204
[sao-listener] single-flow mode: attached worker; stopping ss scans
[sao-listener flow 1] cport=23805 cc=astraea worker active
[worker cport=23905 agent=5] loaded checkpoint step=17958
[worker alg=ma_dreamer reward=tempest_fairness_ma cport=23905 agent=5 group=slot9_ep34 flow=1] started interval=20ms det=1 latent=8x8
[orch] link change t=45.0s bw=73 delay=13
[orch] link change t=30.0s bw=95 delay=91
[orch] link change t=45.0s bw=93 delay=78
[sao-listener] new flow 1 10.0.0.4:23703->10.0.0.11:5208 cc=astraea pid=2432969 child=2437799
[sao-listener] single-flow mode: attached worker; stopping ss scans
[sao-listener flow 1] cport=23703 cc=astraea worker active
[worker cport=23805 agent=5] loaded checkpoint step=17958
[worker alg=ma_dreamer reward=tempest_fairness_ma cport=23805 agent=5 group=slot8_ep31 flow=1] started interval=20ms det=1 latent=8x8
[sao-listener] new flow 1 10.0.0.5:23304->10.0.0.12:5204 cc=astraea pid=2433925 child=2438031
[sao-listener] single-flow mode: attached worker; stopping ss scans
[sao-listener flow 1] cport=23304 cc=astraea worker active
[sao-listener] new flow 1 10.0.0.7:23406->10.0.0.14:5205 cc=astraea pid=2437756 child=2438251
[sao-listener] single-flow mode: attached worker; stopping ss scans
[sao-listener flow 1] cport=23406 cc=astraea worker active
[orch] link change t=45.0s bw=59 delay=56
[sao-listener] new flow 1 10.0.0.3:23002->10.0.0.10:5201 cc=astraea pid=2437572 child=2438364
[sao-listener] single-flow mode: attached worker; stopping ss scans
[sao-listener flow 1] cport=23002 cc=astraea worker active
[worker cport=23703 agent=3] loaded checkpoint step=17958
[worker alg=ma_dreamer reward=tempest_fairness_ma cport=23703 agent=3 group=slot7_ep37 flow=1] started interval=20ms det=1 latent=8x8
[worker cport=23304 agent=4] loaded checkpoint step=17958
[worker alg=ma_dreamer reward=tempest_fairness_ma cport=23304 agent=4 group=slot3_ep36 flow=1] started interval=20ms det=1 latent=8x8
[worker cport=23406 agent=6] loaded checkpoint step=17958
[worker alg=ma_dreamer reward=tempest_fairness_ma cport=23406 agent=6 group=slot4_ep32 flow=1] started interval=20ms det=1 latent=8x8
[worker cport=23002 agent=2] loaded checkpoint step=17958
[worker alg=ma_dreamer reward=tempest_fairness_ma cport=23002 agent=2 group=slot0_ep40 flow=1] started interval=20ms det=1 latent=8x8
[sao-listener] new flow 1 10.0.0.6:23605->10.0.0.13:5207 cc=astraea pid=2435752 child=2439083
[sao-listener] single-flow mode: attached worker; stopping ss scans
[sao-listener flow 1] cport=23605 cc=astraea worker active
[sao-listener] new flow 1 10.0.0.7:23506->10.0.0.14:5206 cc=astraea pid=2438199 child=2439292
[sao-listener] single-flow mode: attached worker; stopping ss scans
[sao-listener flow 1] cport=23506 cc=astraea worker active
[orch] link change t=30.0s bw=18 delay=56
[worker cport=23605 agent=5] loaded checkpoint step=17958
[worker alg=ma_dreamer reward=tempest_fairness_ma cport=23605 agent=5 group=slot6_ep35 flow=1] started interval=20ms det=1 latent=8x8
[orch] link change t=45.0s bw=65 delay=42
[worker cport=23506 agent=6] loaded checkpoint step=17958
[worker alg=ma_dreamer reward=tempest_fairness_ma cport=23506 agent=6 group=slot5_ep33 flow=1] started interval=20ms det=1 latent=8x8
[sao-listener] new flow 1 10.0.0.4:23103->10.0.0.11:5202 cc=astraea pid=2439247 child=2439949
[sao-listener] single-flow mode: attached worker; stopping ss scans
[sao-listener flow 1] cport=23103 cc=astraea worker active
[worker cport=23103 agent=3] loaded checkpoint step=17958
[worker alg=ma_dreamer reward=tempest_fairness_ma cport=23103 agent=3 group=slot1_ep39 flow=1] started interval=20ms det=1 latent=8x8
[sao-listener] new flow 1 10.0.0.7:23906->10.0.0.14:5210 cc=astraea pid=2438759 child=2440537
[sao-listener] single-flow mode: attached worker; stopping ss scans
[sao-listener flow 1] cport=23906 cc=astraea worker active
[worker cport=23906 agent=6] loaded checkpoint step=17958
[worker alg=ma_dreamer reward=tempest_fairness_ma cport=23906 agent=6 group=slot9_ep34 flow=1] started interval=20ms det=1 latent=8x8
[sao-listener] new flow 1 10.0.0.7:23806->10.0.0.14:5209 cc=astraea pid=2437400 child=2441268
[sao-listener] single-flow mode: attached worker; stopping ss scans
[sao-listener flow 1] cport=23806 cc=astraea worker active
[sao-listener] new flow 1 10.0.0.6:23305->10.0.0.13:5204 cc=astraea pid=2438813 child=2441463
[sao-listener] single-flow mode: attached worker; stopping ss scans
[sao-listener flow 1] cport=23305 cc=astraea worker active
[sao-listener] new flow 1 10.0.0.5:23704->10.0.0.12:5208 cc=astraea pid=2438149 child=2441530
[sao-listener] single-flow mode: attached worker; stopping ss scans
[sao-listener flow 1] cport=23704 cc=astraea worker active
[worker cport=23806 agent=6] loaded checkpoint step=17958
[worker alg=ma_dreamer reward=tempest_fairness_ma cport=23806 agent=6 group=slot8_ep31 flow=1] started interval=20ms det=1 latent=8x8
[sao-listener] new flow 1 10.0.0.4:23003->10.0.0.11:5201 cc=astraea pid=2441197 child=2441813
[sao-listener] single-flow mode: attached worker; stopping ss scans
[sao-listener flow 1] cport=23003 cc=astraea worker active
[orch] link change t=45.0s bw=74 delay=90
[worker cport=23305 agent=5] loaded checkpoint step=17958
[worker alg=ma_dreamer reward=tempest_fairness_ma cport=23305 agent=5 group=slot3_ep36 flow=1] started interval=20ms det=1 latent=8x8
[worker cport=23704 agent=4] loaded checkpoint step=17958
[worker alg=ma_dreamer reward=tempest_fairness_ma cport=23704 agent=4 group=slot7_ep37 flow=1] started interval=20ms det=1 latent=8x8
[orch] link change t=30.0s bw=34 delay=38
[worker cport=23003 agent=3] loaded checkpoint step=17958
[worker alg=ma_dreamer reward=tempest_fairness_ma cport=23003 agent=3 group=slot0_ep40 flow=1] started interval=20ms det=1 latent=8x8
[sao-listener] new flow 1 10.0.0.7:23606->10.0.0.14:5207 cc=astraea pid=2440077 child=2442279
[sao-listener] single-flow mode: attached worker; stopping ss scans
[sao-listener flow 1] cport=23606 cc=astraea worker active
[worker cport=23606 agent=6] loaded checkpoint step=17958
[worker alg=ma_dreamer reward=tempest_fairness_ma cport=23606 agent=6 group=slot6_ep35 flow=1] started interval=20ms det=1 latent=8x8
[sao-listener] new flow 1 10.0.0.5:23204->10.0.0.12:5203 cc=astraea pid=2439793 child=2442796
[sao-listener] single-flow mode: attached worker; stopping ss scans
[sao-listener flow 1] cport=23204 cc=astraea worker active
[sao-listener] new flow 1 10.0.0.6:23205->10.0.0.13:5203 cc=astraea pid=2442718 child=2442918
[sao-listener] single-flow mode: attached worker; stopping ss scans
[sao-listener flow 1] cport=23205 cc=astraea worker active
[sao-listener] new flow 1 10.0.0.5:23104->10.0.0.12:5202 cc=astraea pid=2442417 child=2442926
[sao-listener] single-flow mode: attached worker; stopping ss scans
[sao-listener flow 1] cport=23104 cc=astraea worker active
[worker cport=23204 agent=4] loaded checkpoint step=17958
[worker alg=ma_dreamer reward=tempest_fairness_ma cport=23204 agent=4 group=slot2_ep38 flow=1] started interval=20ms det=1 latent=8x8
[worker cport=23205 agent=5] loaded checkpoint step=17958
[worker alg=ma_dreamer reward=tempest_fairness_ma cport=23205 agent=5 group=slot2_ep38 flow=1] started interval=20ms det=1 latent=8x8
[worker cport=23104 agent=4] loaded checkpoint step=17958
[worker alg=ma_dreamer reward=tempest_fairness_ma cport=23104 agent=4 group=slot1_ep39 flow=1] started interval=20ms det=1 latent=8x8
[orch] link change t=60.0s bw=24 delay=78
[orch] link change t=30.0s bw=41 delay=46
[orch] link change t=60.0s bw=14 delay=22
[orch] link change t=45.0s bw=75 delay=14
[orch] link change t=60.0s bw=77 delay=33
[sao-listener] new flow 1 10.0.0.7:23306->10.0.0.14:5204 cc=astraea pid=2442131 child=2443836
[sao-listener] single-flow mode: attached worker; stopping ss scans
[sao-listener flow 1] cport=23306 cc=astraea worker active
[sao-listener] new flow 1 10.0.0.6:23705->10.0.0.13:5208 cc=astraea pid=2441634 child=2443954
[sao-listener] single-flow mode: attached worker; stopping ss scans
[sao-listener flow 1] cport=23705 cc=astraea worker active
[sao-listener] new flow 1 10.0.0.7:23706->10.0.0.14:5208 cc=astraea pid=2443918 child=2444017
[sao-listener] single-flow mode: attached worker; stopping ss scans
[sao-listener flow 1] cport=23706 cc=astraea worker active
[orch] link change t=60.0s bw=18 delay=64
[sao-listener] new flow 1 10.0.0.5:23004->10.0.0.12:5201 cc=astraea pid=2443696 child=2444095
[sao-listener] single-flow mode: attached worker; stopping ss scans
[sao-listener flow 1] cport=23004 cc=astraea worker active
[worker cport=23306 agent=6] loaded checkpoint step=17958
[worker alg=ma_dreamer reward=tempest_fairness_ma cport=23306 agent=6 group=slot3_ep36 flow=1] started interval=20ms det=1 latent=8x8
[worker cport=23705 agent=5] loaded checkpoint step=17958
[worker alg=ma_dreamer reward=tempest_fairness_ma cport=23705 agent=5 group=slot7_ep37 flow=1] started interval=20ms det=1 latent=8x8
[worker cport=23706 agent=6] loaded checkpoint step=17958
[worker alg=ma_dreamer reward=tempest_fairness_ma cport=23706 agent=6 group=slot7_ep37 flow=1] started interval=20ms det=1 latent=8x8
[worker cport=23004 agent=4] loaded checkpoint step=17958
[worker alg=ma_dreamer reward=tempest_fairness_ma cport=23004 agent=4 group=slot0_ep40 flow=1] started interval=20ms det=1 latent=8x8
[orch] link change t=45.0s bw=99 delay=69
[orch] link change t=60.0s bw=82 delay=17
[sao-listener] new flow 1 10.0.0.6:23105->10.0.0.13:5202 cc=astraea pid=2444472 child=2444626
[sao-listener] single-flow mode: attached worker; stopping ss scans
[sao-listener flow 1] cport=23105 cc=astraea worker active
[sao-listener] new flow 1 10.0.0.7:23206->10.0.0.14:5203 cc=astraea pid=2444599 child=2444711
[sao-listener] single-flow mode: attached worker; stopping ss scans
[sao-listener flow 1] cport=23206 cc=astraea worker active
[worker cport=23105 agent=5] loaded checkpoint step=17958
[worker alg=ma_dreamer reward=tempest_fairness_ma cport=23105 agent=5 group=slot1_ep39 flow=1] started interval=20ms det=1 latent=8x8
[worker cport=23206 agent=6] loaded checkpoint step=17958
[worker alg=ma_dreamer reward=tempest_fairness_ma cport=23206 agent=6 group=slot2_ep38 flow=1] started interval=20ms det=1 latent=8x8
[sao-listener] new flow 1 10.0.0.6:23005->10.0.0.13:5201 cc=astraea pid=2445031 child=2445127
[sao-listener] single-flow mode: attached worker; stopping ss scans
[sao-listener flow 1] cport=23005 cc=astraea worker active
[orch] link change t=60.0s bw=32 delay=41
[orch] link change t=45.0s bw=60 delay=82
[worker cport=23005 agent=5] loaded checkpoint step=17958
[worker alg=ma_dreamer reward=tempest_fairness_ma cport=23005 agent=5 group=slot0_ep40 flow=1] started interval=20ms det=1 latent=8x8
[sao-listener] new flow 1 10.0.0.7:23106->10.0.0.14:5202 cc=astraea pid=2445285 child=2445339
[sao-listener] single-flow mode: attached worker; stopping ss scans
[sao-listener flow 1] cport=23106 cc=astraea worker active
[worker cport=23106 agent=6] loaded checkpoint step=17958
[worker alg=ma_dreamer reward=tempest_fairness_ma cport=23106 agent=6 group=slot1_ep39 flow=1] started interval=20ms det=1 latent=8x8
[orch] link change t=75.0s bw=39 delay=27
[orch] link change t=45.0s bw=95 delay=91
[orch] link change t=75.0s bw=51 delay=75
[orch] link change t=60.0s bw=90 delay=57
[orch] link change t=75.0s bw=93 delay=88
[sao-listener] new flow 1 10.0.0.7:23006->10.0.0.14:5201 cc=astraea pid=2445529 child=2445560
[sao-listener] single-flow mode: attached worker; stopping ss scans
[sao-listener flow 1] cport=23006 cc=astraea worker active
[orch] link change t=75.0s bw=49 delay=53
[worker cport=23006 agent=6] loaded checkpoint step=17958
[worker alg=ma_dreamer reward=tempest_fairness_ma cport=23006 agent=6 group=slot0_ep40 flow=1] started interval=20ms det=1 latent=8x8
[orch] link change t=60.0s bw=57 delay=15
[orch] link change t=75.0s bw=77 delay=45
[orch] link change t=75.0s bw=44 delay=93
[orch] link change t=60.0s bw=10 delay=92
[orch] link change t=90.0s bw=28 delay=14
[orch] link change t=60.0s bw=95 delay=36
[orch] link change t=90.0s bw=52 delay=17
[orch] link change t=75.0s bw=66 delay=77
[orch] link change t=90.0s bw=74 delay=51
[orch] link change t=90.0s bw=22 delay=84
[orch] link change t=75.0s bw=87 delay=95
[orch] link change t=90.0s bw=93 delay=56
[orch] link change t=90.0s bw=65 delay=56
[orch] link change t=75.0s bw=42 delay=96
[orch] link change t=105.0s bw=94 delay=17
[orch] link change t=75.0s bw=26 delay=54
[orch] link change t=105.0s bw=76 delay=98
[orch] link change t=90.0s bw=23 delay=97
[orch] link change t=105.0s bw=97 delay=77
[orch] link change t=105.0s bw=75 delay=29
[orch] link change t=90.0s bw=31 delay=85
[orch] link change t=105.0s bw=84 delay=22
[orch] link change t=105.0s bw=81 delay=44
[orch] link change t=90.0s bw=55 delay=100
[orch] link change t=120.0s bw=27 delay=39
[orch] link change t=90.0s bw=45 delay=66
[orch] link change t=120.0s bw=70 delay=57
[orch] link change t=105.0s bw=68 delay=86
[orch] link change t=120.0s bw=71 delay=66
[orch] link change t=120.0s bw=22 delay=45
[orch] link change t=105.0s bw=54 delay=51
[orch] link change t=120.0s bw=56 delay=11
[orch] link change t=120.0s bw=79 delay=19
[orch] link change t=105.0s bw=32 delay=13
[orch] link change t=135.0s bw=78 delay=67
[orch] link change t=105.0s bw=13 delay=77
[orch] link change t=135.0s bw=86 delay=10
[orch] link change t=120.0s bw=46 delay=58
[orch] link change t=135.0s bw=46 delay=96
[orch] link change t=135.0s bw=54 delay=88
[orch] link change t=120.0s bw=44 delay=100
[orch] link change t=135.0s bw=75 delay=11
[orch] link change t=135.0s bw=83 delay=62
[orch] link change t=120.0s bw=47 delay=96
[orch] link change t=150.0s bw=77 delay=62
[orch] link change t=120.0s bw=26 delay=17
[orch] link change t=150.0s bw=79 delay=26
[orch] link change t=135.0s bw=64 delay=66
[orch] link change t=150.0s bw=91 delay=19
[orch] link change t=150.0s bw=10 delay=29
[orch] link change t=135.0s bw=52 delay=89
[orch] link change t=150.0s bw=22 delay=73
[orch] link change t=150.0s bw=72 delay=59
[orch] link change t=135.0s bw=19 delay=56
[orch] link change t=165.0s bw=36 delay=85
[orch] link change t=135.0s bw=92 delay=35
[orch] link change t=165.0s bw=77 delay=11
[orch] link change t=150.0s bw=28 delay=16
[orch] link change t=165.0s bw=48 delay=62
[orch] link change t=165.0s bw=77 delay=21
[orch] link change t=150.0s bw=49 delay=70
[orch] link change t=165.0s bw=57 delay=13
[orch] link change t=165.0s bw=54 delay=60
[orch] link change t=150.0s bw=11 delay=23
[orch] link change t=180.0s bw=21 delay=25
[orch] link change t=150.0s bw=89 delay=100
[orch] link change t=180.0s bw=72 delay=35
[orch] link change t=165.0s bw=21 delay=62
[orch] link change t=180.0s bw=49 delay=76
[orch] link change t=180.0s bw=17 delay=57
[orch] link change t=165.0s bw=84 delay=61
[orch] link change t=180.0s bw=53 delay=96
[orch] link change t=180.0s bw=41 delay=60
[orch] link change t=165.0s bw=64 delay=54
[orch] link change t=195.0s bw=12 delay=61
[orch] link change t=165.0s bw=68 delay=16
[orch] link change t=195.0s bw=46 delay=35
[orch] link change t=180.0s bw=19 delay=79
[orch] link change t=195.0s bw=73 delay=16
[orch] link change t=195.0s bw=42 delay=80
[orch] link change t=180.0s bw=38 delay=88
[orch] link change t=195.0s bw=73 delay=16
[orch] link change t=195.0s bw=31 delay=25
[orch] link change t=180.0s bw=64 delay=22
[orch] link change t=210.0s bw=53 delay=35
[orch] link change t=180.0s bw=32 delay=87
[orch] link change t=210.0s bw=67 delay=20
[orch] link change t=195.0s bw=46 delay=56
[orch] link change t=210.0s bw=87 delay=96
[orch] link change t=210.0s bw=100 delay=17
[orch] link change t=195.0s bw=20 delay=77
[orch] link change t=210.0s bw=12 delay=40
[orch] link change t=210.0s bw=75 delay=73
[orch] link change t=195.0s bw=60 delay=75
[orch] link change t=225.0s bw=36 delay=52
[orch] link change t=195.0s bw=50 delay=24
[orch] link change t=225.0s bw=52 delay=25
[orch] link change t=210.0s bw=92 delay=100
[orch] link change t=225.0s bw=64 delay=45
[orch] link change t=225.0s bw=59 delay=31
[orch] link change t=210.0s bw=72 delay=28
[orch] link change t=225.0s bw=51 delay=20
[orch] link change t=225.0s bw=99 delay=36
[orch] link change t=210.0s bw=84 delay=48
[orch] link change t=240.0s bw=60 delay=56
[orch] link change t=210.0s bw=42 delay=51
[orch] link change t=240.0s bw=14 delay=77
[orch] link change t=225.0s bw=65 delay=85
[orch] link change t=240.0s bw=50 delay=81
[orch] link change t=240.0s bw=85 delay=91
[orch] link change t=225.0s bw=65 delay=77
[orch] link change t=240.0s bw=30 delay=53
[orch] link change t=240.0s bw=77 delay=47
[orch] link change t=225.0s bw=44 delay=18
[orch] link change t=255.0s bw=86 delay=41
[orch] link change t=225.0s bw=28 delay=75
[orch] link change t=255.0s bw=24 delay=30
[orch] link change t=240.0s bw=82 delay=56
[orch] link change t=255.0s bw=97 delay=41
[orch] link change t=255.0s bw=49 delay=47
[orch] link change t=240.0s bw=41 delay=11
[orch] link change t=255.0s bw=31 delay=82
[orch] link change t=255.0s bw=33 delay=72
[orch] link change t=240.0s bw=68 delay=65
[orch] link change t=270.0s bw=36 delay=37
[orch] link change t=240.0s bw=97 delay=76
[orch] link change t=270.0s bw=66 delay=12
[orch] link change t=255.0s bw=91 delay=100
[orch] link change t=270.0s bw=25 delay=17
[orch] link change t=270.0s bw=58 delay=50
[orch] link change t=255.0s bw=58 delay=57
[orch] link change t=270.0s bw=19 delay=71
[orch] link change t=270.0s bw=100 delay=85
[orch] link change t=255.0s bw=42 delay=83
[orch] link change t=285.0s bw=63 delay=84
[orch] link change t=255.0s bw=22 delay=62
[orch] link change t=285.0s bw=65 delay=16
[orch] link change t=270.0s bw=83 delay=14
[orch] link change t=285.0s bw=50 delay=46
[orch] link change t=285.0s bw=37 delay=36
[orch] link change t=270.0s bw=78 delay=97
[orch] link change t=285.0s bw=56 delay=20
[orch] link change t=285.0s bw=51 delay=80
[orch] link change t=270.0s bw=51 delay=82
[orch] link change t=300.0s bw=94 delay=80
[orch] link change t=270.0s bw=16 delay=50
[orch] link change t=300.0s bw=14 delay=81
[orch] link change t=285.0s bw=77 delay=89
[orch] link change t=300.0s bw=37 delay=18
[orch] link change t=300.0s bw=67 delay=78
[orch] link change t=285.0s bw=88 delay=74
[orch] link change t=300.0s bw=47 delay=30
[orch] link change t=300.0s bw=31 delay=10
[orch] link change t=285.0s bw=10 delay=100
[orch] link change t=315.0s bw=17 delay=16
[orch] link change t=285.0s bw=52 delay=39
[orch] link change t=315.0s bw=55 delay=39
[orch] link change t=300.0s bw=37 delay=74
[orch] link change t=315.0s bw=56 delay=25
[orch] link change t=315.0s bw=32 delay=87
[orch] link change t=300.0s bw=13 delay=28
[orch] link change t=315.0s bw=83 delay=19
[orch] link change t=315.0s bw=86 delay=59
[orch] link change t=300.0s bw=15 delay=93
[orch] link change t=330.0s bw=33 delay=55
[orch] link change t=300.0s bw=29 delay=49
[orch] link change t=330.0s bw=30 delay=69
[orch] link change t=315.0s bw=63 delay=18
[orch] link change t=330.0s bw=93 delay=51
[orch] link change t=330.0s bw=26 delay=83
[orch] link change t=315.0s bw=70 delay=23
[orch] link change t=330.0s bw=96 delay=26
[orch] link change t=330.0s bw=73 delay=27
[orch] link change t=315.0s bw=34 delay=89
[orch] link change t=315.0s bw=30 delay=76
[orch] link change t=330.0s bw=11 delay=10
[orch] link change t=330.0s bw=42 delay=24
[orch] link change t=330.0s bw=89 delay=71
[multi_ep_plot] saved -> /its/home/mm2350/extra/Olympusv2/benchmarks/benchmark_responsive_fairness/data/ma_dreamer_20260611-175726/7_flows/run31/ep000031_bw11_d70_n7.pdf  return=1462317.6
[ep_plot] ep=31 -> /its/home/mm2350/extra/Olympusv2/benchmarks/benchmark_responsive_fairness/data/ma_dreamer_20260611-175726/7_flows/run31/ep000031_bw11_d70_n7.pdf  return=1462317.609375
[orch] ep=31 sum-of-agents return=1462317.6
[responsive_fairness] slot=8 ma_dreamer_20260611-175726 flows=7 run=41
[responsive_fairness] ma_dreamer_20260611-175726 flows=7 run=31 done (181/200)
[slot=8] ep=41  flows=7  bw=58Mbps  delay=52ms  duration=345s  delays=[0.0, 7.5, 15.0, 22.5, 30.0, 37.5, 45.0]  lifetimes=[345.0, 337.5, 330.0, 322.5, 315.0, 307.5, 300.0]
[multi_ep_plot] saved -> /its/home/mm2350/extra/Olympusv2/benchmarks/benchmark_responsive_fairness/data/ma_dreamer_20260611-175726/7_flows/run32/ep000032_bw19_d37_n7.pdf  return=1562578.2
[ep_plot] ep=32 -> /its/home/mm2350/extra/Olympusv2/benchmarks/benchmark_responsive_fairness/data/ma_dreamer_20260611-175726/7_flows/run32/ep000032_bw19_d37_n7.pdf  return=1562578.171875
[orch] ep=32 sum-of-agents return=1562578.2
[responsive_fairness] slot=4 ma_dreamer_20260611-175726 flows=7 run=42
[responsive_fairness] ma_dreamer_20260611-175726 flows=7 run=32 done (182/200)
[slot=4] ep=42  flows=7  bw=91Mbps  delay=24ms  duration=345s  delays=[0.0, 7.5, 15.0, 22.5, 30.0, 37.5, 45.0]  lifetimes=[345.0, 337.5, 330.0, 322.5, 315.0, 307.5, 300.0]
[sao-listener] cport=23800 worker=/its/home/mm2350/extra/Olympusv2/olympus/algorithms/ma_dreamer/worker.py scan=20ms target_cc=astraea single_flow=1 no_state_pipe=1
[sao-listener] cport=23801 worker=/its/home/mm2350/extra/Olympusv2/olympus/algorithms/ma_dreamer/worker.py scan=20ms target_cc=astraea single_flow=1 no_state_pipe=1
[sao-listener] cport=23802 worker=/its/home/mm2350/extra/Olympusv2/olympus/algorithms/ma_dreamer/worker.py scan=20ms target_cc=astraea single_flow=1 no_state_pipe=1
[sao-listener] cport=23803 worker=/its/home/mm2350/extra/Olympusv2/olympus/algorithms/ma_dreamer/worker.py scan=20ms target_cc=astraea single_flow=1 no_state_pipe=1
[sao-listener] cport=23804 worker=/its/home/mm2350/extra/Olympusv2/olympus/algorithms/ma_dreamer/worker.py scan=20ms target_cc=astraea single_flow=1 no_state_pipe=1
[sao-listener] cport=23805 worker=/its/home/mm2350/extra/Olympusv2/olympus/algorithms/ma_dreamer/worker.py scan=20ms target_cc=astraea single_flow=1 no_state_pipe=1
[multi_ep_plot] saved -> /its/home/mm2350/extra/Olympusv2/benchmarks/benchmark_responsive_fairness/data/ma_dreamer_20260611-175726/7_flows/run33/ep000033_bw83_d31_n7.pdf  return=1743841.6
[ep_plot] ep=33 -> /its/home/mm2350/extra/Olympusv2/benchmarks/benchmark_responsive_fairness/data/ma_dreamer_20260611-175726/7_flows/run33/ep000033_bw83_d31_n7.pdf  return=1743841.5625
[orch] ep=33 sum-of-agents return=1743841.6
[sao-listener] cport=23806 worker=/its/home/mm2350/extra/Olympusv2/olympus/algorithms/ma_dreamer/worker.py scan=20ms target_cc=astraea single_flow=1 no_state_pipe=1
[responsive_fairness] slot=5 ma_dreamer_20260611-175726 flows=7 run=43
[responsive_fairness] ma_dreamer_20260611-175726 flows=7 run=33 done (183/200)
[slot=5] ep=43  flows=7  bw=14Mbps  delay=46ms  duration=345s  delays=[0.0, 7.5, 15.0, 22.5, 30.0, 37.5, 45.0]  lifetimes=[345.0, 337.5, 330.0, 322.5, 315.0, 307.5, 300.0]
[sao-listener] cport=23400 worker=/its/home/mm2350/extra/Olympusv2/olympus/algorithms/ma_dreamer/worker.py scan=20ms target_cc=astraea single_flow=1 no_state_pipe=1
[sao-listener] cport=23401 worker=/its/home/mm2350/extra/Olympusv2/olympus/algorithms/ma_dreamer/worker.py scan=20ms target_cc=astraea single_flow=1 no_state_pipe=1
[sao-listener] cport=23402 worker=/its/home/mm2350/extra/Olympusv2/olympus/algorithms/ma_dreamer/worker.py scan=20ms target_cc=astraea single_flow=1 no_state_pipe=1
[sao-listener] cport=23403 worker=/its/home/mm2350/extra/Olympusv2/olympus/algorithms/ma_dreamer/worker.py scan=20ms target_cc=astraea single_flow=1 no_state_pipe=1
[sao-listener] cport=23404 worker=/its/home/mm2350/extra/Olympusv2/olympus/algorithms/ma_dreamer/worker.py scan=20ms target_cc=astraea single_flow=1 no_state_pipe=1
[sao-listener] cport=23405 worker=/its/home/mm2350/extra/Olympusv2/olympus/algorithms/ma_dreamer/worker.py scan=20ms target_cc=astraea single_flow=1 no_state_pipe=1
[sao-listener] cport=23406 worker=/its/home/mm2350/extra/Olympusv2/olympus/algorithms/ma_dreamer/worker.py scan=20ms target_cc=astraea single_flow=1 no_state_pipe=1
[multi_ep_plot] saved -> /its/home/mm2350/extra/Olympusv2/benchmarks/benchmark_responsive_fairness/data/ma_dreamer_20260611-175726/7_flows/run34/ep000034_bw77_d55_n7.pdf  return=1550440.0
[ep_plot] ep=34 -> /its/home/mm2350/extra/Olympusv2/benchmarks/benchmark_responsive_fairness/data/ma_dreamer_20260611-175726/7_flows/run34/ep000034_bw77_d55_n7.pdf  return=1550440.015625
[orch] ep=34 sum-of-agents return=1550440.0
[responsive_fairness] slot=9 ma_dreamer_20260611-175726 flows=7 run=44
[responsive_fairness] ma_dreamer_20260611-175726 flows=7 run=34 done (184/200)
[slot=9] ep=44  flows=7  bw=62Mbps  delay=76ms  duration=345s  delays=[0.0, 7.5, 15.0, 22.5, 30.0, 37.5, 45.0]  lifetimes=[345.0, 337.5, 330.0, 322.5, 315.0, 307.5, 300.0]
[sao-listener] cport=23500 worker=/its/home/mm2350/extra/Olympusv2/olympus/algorithms/ma_dreamer/worker.py scan=20ms target_cc=astraea single_flow=1 no_state_pipe=1
[sao-listener] cport=23501 worker=/its/home/mm2350/extra/Olympusv2/olympus/algorithms/ma_dreamer/worker.py scan=20ms target_cc=astraea single_flow=1 no_state_pipe=1
[sao-listener] cport=23502 worker=/its/home/mm2350/extra/Olympusv2/olympus/algorithms/ma_dreamer/worker.py scan=20ms target_cc=astraea single_flow=1 no_state_pipe=1
[sao-listener] cport=23503 worker=/its/home/mm2350/extra/Olympusv2/olympus/algorithms/ma_dreamer/worker.py scan=20ms target_cc=astraea single_flow=1 no_state_pipe=1
[sao-listener] cport=23504 worker=/its/home/mm2350/extra/Olympusv2/olympus/algorithms/ma_dreamer/worker.py scan=20ms target_cc=astraea single_flow=1 no_state_pipe=1
[sao-listener] cport=23505 worker=/its/home/mm2350/extra/Olympusv2/olympus/algorithms/ma_dreamer/worker.py scan=20ms target_cc=astraea single_flow=1 no_state_pipe=1
[sao-listener] cport=23506 worker=/its/home/mm2350/extra/Olympusv2/olympus/algorithms/ma_dreamer/worker.py scan=20ms target_cc=astraea single_flow=1 no_state_pipe=1
[orch] link change t=330.0s bw=49 delay=99
[sao-listener] cport=23900 worker=/its/home/mm2350/extra/Olympusv2/olympus/algorithms/ma_dreamer/worker.py scan=20ms target_cc=astraea single_flow=1 no_state_pipe=1
[sao-listener] cport=23901 worker=/its/home/mm2350/extra/Olympusv2/olympus/algorithms/ma_dreamer/worker.py scan=20ms target_cc=astraea single_flow=1 no_state_pipe=1
[sao-listener] cport=23902 worker=/its/home/mm2350/extra/Olympusv2/olympus/algorithms/ma_dreamer/worker.py scan=20ms target_cc=astraea single_flow=1 no_state_pipe=1
[sao-listener] cport=23903 worker=/its/home/mm2350/extra/Olympusv2/olympus/algorithms/ma_dreamer/worker.py scan=20ms target_cc=astraea single_flow=1 no_state_pipe=1
[sao-listener] cport=23904 worker=/its/home/mm2350/extra/Olympusv2/olympus/algorithms/ma_dreamer/worker.py scan=20ms target_cc=astraea single_flow=1 no_state_pipe=1
[sao-listener] cport=23905 worker=/its/home/mm2350/extra/Olympusv2/olympus/algorithms/ma_dreamer/worker.py scan=20ms target_cc=astraea single_flow=1 no_state_pipe=1
[sao-listener] cport=23906 worker=/its/home/mm2350/extra/Olympusv2/olympus/algorithms/ma_dreamer/worker.py scan=20ms target_cc=astraea single_flow=1 no_state_pipe=1
[multi_ep_plot] saved -> /its/home/mm2350/extra/Olympusv2/benchmarks/benchmark_responsive_fairness/data/ma_dreamer_20260611-175726/7_flows/run35/ep000035_bw80_d52_n7.pdf  return=1640122.4
[ep_plot] ep=35 -> /its/home/mm2350/extra/Olympusv2/benchmarks/benchmark_responsive_fairness/data/ma_dreamer_20260611-175726/7_flows/run35/ep000035_bw80_d52_n7.pdf  return=1640122.375
[orch] ep=35 sum-of-agents return=1640122.4
[responsive_fairness] slot=6 ma_dreamer_20260611-175726 flows=7 run=45
[responsive_fairness] ma_dreamer_20260611-175726 flows=7 run=35 done (185/200)
[slot=6] ep=45  flows=7  bw=44Mbps  delay=63ms  duration=345s  delays=[0.0, 7.5, 15.0, 22.5, 30.0, 37.5, 45.0]  lifetimes=[345.0, 337.5, 330.0, 322.5, 315.0, 307.5, 300.0]
[sao-listener] new flow 1 10.0.0.1:23800->10.0.0.8:5209 cc=astraea pid=2450765 child=2453885
[sao-listener] single-flow mode: attached worker; stopping ss scans
[sao-listener flow 1] cport=23800 cc=astraea worker active
[worker cport=23800 agent=0] loaded checkpoint step=17958
[worker alg=ma_dreamer reward=tempest_fairness_ma cport=23800 agent=0 group=slot8_ep41 flow=1] started interval=20ms det=1 latent=8x8
[sao-listener] cport=23600 worker=/its/home/mm2350/extra/Olympusv2/olympus/algorithms/ma_dreamer/worker.py scan=20ms target_cc=astraea single_flow=1 no_state_pipe=1
[sao-listener] cport=23601 worker=/its/home/mm2350/extra/Olympusv2/olympus/algorithms/ma_dreamer/worker.py scan=20ms target_cc=astraea single_flow=1 no_state_pipe=1
[sao-listener] cport=23602 worker=/its/home/mm2350/extra/Olympusv2/olympus/algorithms/ma_dreamer/worker.py scan=20ms target_cc=astraea single_flow=1 no_state_pipe=1
[sao-listener] cport=23603 worker=/its/home/mm2350/extra/Olympusv2/olympus/algorithms/ma_dreamer/worker.py scan=20ms target_cc=astraea single_flow=1 no_state_pipe=1
[sao-listener] cport=23604 worker=/its/home/mm2350/extra/Olympusv2/olympus/algorithms/ma_dreamer/worker.py scan=20ms target_cc=astraea single_flow=1 no_state_pipe=1
[sao-listener] cport=23605 worker=/its/home/mm2350/extra/Olympusv2/olympus/algorithms/ma_dreamer/worker.py scan=20ms target_cc=astraea single_flow=1 no_state_pipe=1
[sao-listener] cport=23606 worker=/its/home/mm2350/extra/Olympusv2/olympus/algorithms/ma_dreamer/worker.py scan=20ms target_cc=astraea single_flow=1 no_state_pipe=1
[sao-listener] new flow 1 10.0.0.1:23400->10.0.0.8:5205 cc=astraea pid=2451400 child=2455405
[sao-listener] single-flow mode: attached worker; stopping ss scans
[sao-listener flow 1] cport=23400 cc=astraea worker active
[worker cport=23400 agent=0] loaded checkpoint step=17958
[worker alg=ma_dreamer reward=tempest_fairness_ma cport=23400 agent=0 group=slot4_ep42 flow=1] started interval=20ms det=1 latent=8x8
[sao-listener] new flow 1 10.0.0.1:23500->10.0.0.8:5206 cc=astraea pid=2452315 child=2456278
[sao-listener] single-flow mode: attached worker; stopping ss scans
[sao-listener flow 1] cport=23500 cc=astraea worker active
[worker cport=23500 agent=0] loaded checkpoint step=17958
[worker alg=ma_dreamer reward=tempest_fairness_ma cport=23500 agent=0 group=slot5_ep43 flow=1] started interval=20ms det=1 latent=8x8
[sao-listener] new flow 1 10.0.0.1:23900->10.0.0.8:5210 cc=astraea pid=2453359 child=2457440
[sao-listener] single-flow mode: attached worker; stopping ss scans
[sao-listener flow 1] cport=23900 cc=astraea worker active
[sao-listener] new flow 1 10.0.0.2:23801->10.0.0.9:5209 cc=astraea pid=2456903 child=2457903
[sao-listener] single-flow mode: attached worker; stopping ss scans
[sao-listener flow 1] cport=23801 cc=astraea worker active
[worker cport=23900 agent=0] loaded checkpoint step=17958
[worker alg=ma_dreamer reward=tempest_fairness_ma cport=23900 agent=0 group=slot9_ep44 flow=1] started interval=20ms det=1 latent=8x8
[multi_ep_plot] saved -> /its/home/mm2350/extra/Olympusv2/benchmarks/benchmark_responsive_fairness/data/ma_dreamer_20260611-175726/7_flows/run36/ep000036_bw52_d17_n7.pdf  return=1605153.1
[ep_plot] ep=36 -> /its/home/mm2350/extra/Olympusv2/benchmarks/benchmark_responsive_fairness/data/ma_dreamer_20260611-175726/7_flows/run36/ep000036_bw52_d17_n7.pdf  return=1605153.09375
[orch] ep=36 sum-of-agents return=1605153.1
[responsive_fairness] slot=3 ma_dreamer_20260611-175726 flows=7 run=46
[responsive_fairness] ma_dreamer_20260611-175726 flows=7 run=36 done (186/200)
[slot=3] ep=46  flows=7  bw=19Mbps  delay=61ms  duration=345s  delays=[0.0, 7.5, 15.0, 22.5, 30.0, 37.5, 45.0]  lifetimes=[345.0, 337.5, 330.0, 322.5, 315.0, 307.5, 300.0]
[worker cport=23801 agent=1] loaded checkpoint step=17958
[worker alg=ma_dreamer reward=tempest_fairness_ma cport=23801 agent=1 group=slot8_ep41 flow=1] started interval=20ms det=1 latent=8x8
[sao-listener] cport=23300 worker=/its/home/mm2350/extra/Olympusv2/olympus/algorithms/ma_dreamer/worker.py scan=20ms target_cc=astraea single_flow=1 no_state_pipe=1
[sao-listener] cport=23301 worker=/its/home/mm2350/extra/Olympusv2/olympus/algorithms/ma_dreamer/worker.py scan=20ms target_cc=astraea single_flow=1 no_state_pipe=1
[sao-listener] cport=23302 worker=/its/home/mm2350/extra/Olympusv2/olympus/algorithms/ma_dreamer/worker.py scan=20ms target_cc=astraea single_flow=1 no_state_pipe=1
[sao-listener] cport=23303 worker=/its/home/mm2350/extra/Olympusv2/olympus/algorithms/ma_dreamer/worker.py scan=20ms target_cc=astraea single_flow=1 no_state_pipe=1
[sao-listener] new flow 1 10.0.0.2:23401->10.0.0.9:5205 cc=astraea pid=2457447 child=2459987
[sao-listener] single-flow mode: attached worker; stopping ss scans
[sao-listener flow 1] cport=23401 cc=astraea worker active
[sao-listener] cport=23304 worker=/its/home/mm2350/extra/Olympusv2/olympus/algorithms/ma_dreamer/worker.py scan=20ms target_cc=astraea single_flow=1 no_state_pipe=1
[sao-listener] cport=23305 worker=/its/home/mm2350/extra/Olympusv2/olympus/algorithms/ma_dreamer/worker.py scan=20ms target_cc=astraea single_flow=1 no_state_pipe=1
[sao-listener] cport=23306 worker=/its/home/mm2350/extra/Olympusv2/olympus/algorithms/ma_dreamer/worker.py scan=20ms target_cc=astraea single_flow=1 no_state_pipe=1
[sao-listener] new flow 1 10.0.0.1:23600->10.0.0.8:5207 cc=astraea pid=2455641 child=2460593
[sao-listener] single-flow mode: attached worker; stopping ss scans
[sao-listener flow 1] cport=23600 cc=astraea worker active
[worker cport=23401 agent=1] loaded checkpoint step=17958
[worker alg=ma_dreamer reward=tempest_fairness_ma cport=23401 agent=1 group=slot4_ep42 flow=1] started interval=20ms det=1 latent=8x8
[sao-listener] new flow 1 10.0.0.2:23501->10.0.0.9:5206 cc=astraea pid=2457979 child=2460852
[sao-listener] single-flow mode: attached worker; stopping ss scans
[sao-listener flow 1] cport=23501 cc=astraea worker active
[worker cport=23600 agent=0] loaded checkpoint step=17958
[worker alg=ma_dreamer reward=tempest_fairness_ma cport=23600 agent=0 group=slot6_ep45 flow=1] started interval=20ms det=1 latent=8x8
[worker cport=23501 agent=1] loaded checkpoint step=17958
[worker alg=ma_dreamer reward=tempest_fairness_ma cport=23501 agent=1 group=slot5_ep43 flow=1] started interval=20ms det=1 latent=8x8
[orch] link change t=15.0s bw=39 delay=31
[sao-listener] new flow 1 10.0.0.2:23901->10.0.0.9:5210 cc=astraea pid=2458705 child=2462145
[sao-listener] single-flow mode: attached worker; stopping ss scans
[sao-listener flow 1] cport=23901 cc=astraea worker active
[orch] link change t=15.0s bw=13 delay=45
[sao-listener] new flow 1 10.0.0.3:23802->10.0.0.10:5209 cc=astraea pid=2462528 child=2462784
[sao-listener] single-flow mode: attached worker; stopping ss scans
[sao-listener flow 1] cport=23802 cc=astraea worker active
[worker cport=23901 agent=1] loaded checkpoint step=17958
[worker alg=ma_dreamer reward=tempest_fairness_ma cport=23901 agent=1 group=slot9_ep44 flow=1] started interval=20ms det=1 latent=8x8
[orch] link change t=15.0s bw=99 delay=28
[multi_ep_plot] saved -> /its/home/mm2350/extra/Olympusv2/benchmarks/benchmark_responsive_fairness/data/ma_dreamer_20260611-175726/7_flows/run37/ep000037_bw97_d87_n7.pdf  return=1158388.1
[ep_plot] ep=37 -> /its/home/mm2350/extra/Olympusv2/benchmarks/benchmark_responsive_fairness/data/ma_dreamer_20260611-175726/7_flows/run37/ep000037_bw97_d87_n7.pdf  return=1158388.09375
[orch] ep=37 sum-of-agents return=1158388.1
[responsive_fairness] slot=7 ma_dreamer_20260611-175726 flows=7 run=47
[responsive_fairness] ma_dreamer_20260611-175726 flows=7 run=37 done (187/200)
[slot=7] ep=47  flows=7  bw=55Mbps  delay=18ms  duration=345s  delays=[0.0, 7.5, 15.0, 22.5, 30.0, 37.5, 45.0]  lifetimes=[345.0, 337.5, 330.0, 322.5, 315.0, 307.5, 300.0]
[worker cport=23802 agent=2] loaded checkpoint step=17958
[worker alg=ma_dreamer reward=tempest_fairness_ma cport=23802 agent=2 group=slot8_ep41 flow=1] started interval=20ms det=1 latent=8x8
[orch] link change t=15.0s bw=79 delay=99
[sao-listener] new flow 1 10.0.0.1:23300->10.0.0.8:5204 cc=astraea pid=2460378 child=2464237
[sao-listener] single-flow mode: attached worker; stopping ss scans
[sao-listener flow 1] cport=23300 cc=astraea worker active
[sao-listener] new flow 1 10.0.0.3:23402->10.0.0.10:5205 cc=astraea pid=2463034 child=2464435
[sao-listener] single-flow mode: attached worker; stopping ss scans
[sao-listener flow 1] cport=23402 cc=astraea worker active
[sao-listener] cport=23700 worker=/its/home/mm2350/extra/Olympusv2/olympus/algorithms/ma_dreamer/worker.py scan=20ms target_cc=astraea single_flow=1 no_state_pipe=1
[sao-listener] cport=23701 worker=/its/home/mm2350/extra/Olympusv2/olympus/algorithms/ma_dreamer/worker.py scan=20ms target_cc=astraea single_flow=1 no_state_pipe=1
[sao-listener] new flow 1 10.0.0.2:23601->10.0.0.9:5207 cc=astraea pid=2461291 child=2465499
[sao-listener] single-flow mode: attached worker; stopping ss scans
[sao-listener flow 1] cport=23601 cc=astraea worker active
[sao-listener] cport=23702 worker=/its/home/mm2350/extra/Olympusv2/olympus/algorithms/ma_dreamer/worker.py scan=20ms target_cc=astraea single_flow=1 no_state_pipe=1
[sao-listener] cport=23703 worker=/its/home/mm2350/extra/Olympusv2/olympus/algorithms/ma_dreamer/worker.py scan=20ms target_cc=astraea single_flow=1 no_state_pipe=1
[sao-listener] cport=23704 worker=/its/home/mm2350/extra/Olympusv2/olympus/algorithms/ma_dreamer/worker.py scan=20ms target_cc=astraea single_flow=1 no_state_pipe=1
[sao-listener] cport=23705 worker=/its/home/mm2350/extra/Olympusv2/olympus/algorithms/ma_dreamer/worker.py scan=20ms target_cc=astraea single_flow=1 no_state_pipe=1
[sao-listener] cport=23706 worker=/its/home/mm2350/extra/Olympusv2/olympus/algorithms/ma_dreamer/worker.py scan=20ms target_cc=astraea single_flow=1 no_state_pipe=1
[worker cport=23300 agent=0] loaded checkpoint step=17958
[worker alg=ma_dreamer reward=tempest_fairness_ma cport=23300 agent=0 group=slot3_ep46 flow=1] started interval=20ms det=1 latent=8x8
[sao-listener] new flow 1 10.0.0.3:23502->10.0.0.10:5206 cc=astraea pid=2463694 child=2465823
[sao-listener] single-flow mode: attached worker; stopping ss scans
[sao-listener flow 1] cport=23502 cc=astraea worker active
[worker cport=23402 agent=2] loaded checkpoint step=17958
[worker alg=ma_dreamer reward=tempest_fairness_ma cport=23402 agent=2 group=slot4_ep42 flow=1] started interval=20ms det=1 latent=8x8
[worker cport=23601 agent=1] loaded checkpoint step=17958
[worker alg=ma_dreamer reward=tempest_fairness_ma cport=23601 agent=1 group=slot6_ep45 flow=1] started interval=20ms det=1 latent=8x8
[multi_ep_plot] saved -> /its/home/mm2350/extra/Olympusv2/benchmarks/benchmark_responsive_fairness/data/ma_dreamer_20260611-175726/7_flows/run38/ep000038_bw91_d63_n7.pdf  return=995940.8
[ep_plot] ep=38 -> /its/home/mm2350/extra/Olympusv2/benchmarks/benchmark_responsive_fairness/data/ma_dreamer_20260611-175726/7_flows/run38/ep000038_bw91_d63_n7.pdf  return=995940.7734375
[orch] ep=38 sum-of-agents return=995940.8
[responsive_fairness] slot=2 ma_dreamer_20260611-175726 flows=7 run=48
[responsive_fairness] ma_dreamer_20260611-175726 flows=7 run=38 done (188/200)
[slot=2] ep=48  flows=7  bw=80Mbps  delay=50ms  duration=345s  delays=[0.0, 7.5, 15.0, 22.5, 30.0, 37.5, 45.0]  lifetimes=[345.0, 337.5, 330.0, 322.5, 315.0, 307.5, 300.0]
[worker cport=23502 agent=2] loaded checkpoint step=17958
[worker alg=ma_dreamer reward=tempest_fairness_ma cport=23502 agent=2 group=slot5_ep43 flow=1] started interval=20ms det=1 latent=8x8
[orch] link change t=15.0s bw=72 delay=42
[sao-listener] new flow 1 10.0.0.3:23902->10.0.0.10:5210 cc=astraea pid=2464921 child=2467308
[sao-listener] single-flow mode: attached worker; stopping ss scans
[sao-listener flow 1] cport=23902 cc=astraea worker active
[sao-listener] cport=23200 worker=/its/home/mm2350/extra/Olympusv2/olympus/algorithms/ma_dreamer/worker.py scan=20ms target_cc=astraea single_flow=1 no_state_pipe=1
[sao-listener] cport=23201 worker=/its/home/mm2350/extra/Olympusv2/olympus/algorithms/ma_dreamer/worker.py scan=20ms target_cc=astraea single_flow=1 no_state_pipe=1
[sao-listener] cport=23202 worker=/its/home/mm2350/extra/Olympusv2/olympus/algorithms/ma_dreamer/worker.py scan=20ms target_cc=astraea single_flow=1 no_state_pipe=1
[sao-listener] cport=23203 worker=/its/home/mm2350/extra/Olympusv2/olympus/algorithms/ma_dreamer/worker.py scan=20ms target_cc=astraea single_flow=1 no_state_pipe=1
[sao-listener] cport=23204 worker=/its/home/mm2350/extra/Olympusv2/olympus/algorithms/ma_dreamer/worker.py scan=20ms target_cc=astraea single_flow=1 no_state_pipe=1
[sao-listener] cport=23205 worker=/its/home/mm2350/extra/Olympusv2/olympus/algorithms/ma_dreamer/worker.py scan=20ms target_cc=astraea single_flow=1 no_state_pipe=1
[sao-listener] cport=23206 worker=/its/home/mm2350/extra/Olympusv2/olympus/algorithms/ma_dreamer/worker.py scan=20ms target_cc=astraea single_flow=1 no_state_pipe=1
[worker cport=23902 agent=2] loaded checkpoint step=17958
[worker alg=ma_dreamer reward=tempest_fairness_ma cport=23902 agent=2 group=slot9_ep44 flow=1] started interval=20ms det=1 latent=8x8
[sao-listener] new flow 1 10.0.0.2:23301->10.0.0.9:5204 cc=astraea pid=2466471 child=2470319
[sao-listener] single-flow mode: attached worker; stopping ss scans
[sao-listener flow 1] cport=23301 cc=astraea worker active
[sao-listener] new flow 1 10.0.0.4:23503->10.0.0.11:5206 cc=astraea pid=2470409 child=2470615
[sao-listener] single-flow mode: attached worker; stopping ss scans
[sao-listener flow 1] cport=23503 cc=astraea worker active
[sao-listener] new flow 1 10.0.0.1:23700->10.0.0.8:5208 cc=astraea pid=2466059 child=2470912
[sao-listener] single-flow mode: attached worker; stopping ss scans
[sao-listener flow 1] cport=23700 cc=astraea worker active
[sao-listener] new flow 1 10.0.0.3:23602->10.0.0.10:5207 cc=astraea pid=2467477 child=2470929
[sao-listener] single-flow mode: attached worker; stopping ss scans
[sao-listener flow 1] cport=23602 cc=astraea worker active
[worker cport=23301 agent=1] loaded checkpoint step=17958
[worker alg=ma_dreamer reward=tempest_fairness_ma cport=23301 agent=1 group=slot3_ep46 flow=1] started interval=20ms det=1 latent=8x8
[worker cport=23503 agent=3] loaded checkpoint step=17958
[worker alg=ma_dreamer reward=tempest_fairness_ma cport=23503 agent=3 group=slot5_ep43 flow=1] started interval=20ms det=1 latent=8x8
[orch] link change t=15.0s bw=15 delay=85
[worker cport=23700 agent=0] loaded checkpoint step=17958
[worker cport=23602 agent=2] loaded checkpoint step=17958
[worker alg=ma_dreamer reward=tempest_fairness_ma cport=23700 agent=0 group=slot7_ep47 flow=1] started interval=20ms det=1 latent=8x8
[worker alg=ma_dreamer reward=tempest_fairness_ma cport=23602 agent=2 group=slot6_ep45 flow=1] started interval=20ms det=1 latent=8x8
[multi_ep_plot] saved -> /its/home/mm2350/extra/Olympusv2/benchmarks/benchmark_responsive_fairness/data/ma_dreamer_20260611-175726/7_flows/run39/ep000039_bw36_d43_n7.pdf  return=1244786.5
[ep_plot] ep=39 -> /its/home/mm2350/extra/Olympusv2/benchmarks/benchmark_responsive_fairness/data/ma_dreamer_20260611-175726/7_flows/run39/ep000039_bw36_d43_n7.pdf  return=1244786.53125
[orch] ep=39 sum-of-agents return=1244786.5
[responsive_fairness] slot=1 ma_dreamer_20260611-175726 flows=7 run=49
[responsive_fairness] ma_dreamer_20260611-175726 flows=7 run=39 done (189/200)
[slot=1] ep=49  flows=7  bw=18Mbps  delay=54ms  duration=345s  delays=[0.0, 7.5, 15.0, 22.5, 30.0, 37.5, 45.0]  lifetimes=[345.0, 337.5, 330.0, 322.5, 315.0, 307.5, 300.0]
[sao-listener] new flow 1 10.0.0.4:23903->10.0.0.11:5210 cc=astraea pid=2471138 child=2472323
[sao-listener] single-flow mode: attached worker; stopping ss scans
[sao-listener flow 1] cport=23903 cc=astraea worker active
[worker cport=23903 agent=3] loaded checkpoint step=17958
[worker alg=ma_dreamer reward=tempest_fairness_ma cport=23903 agent=3 group=slot9_ep44 flow=1] started interval=20ms det=1 latent=8x8
[sao-listener] cport=23100 worker=/its/home/mm2350/extra/Olympusv2/olympus/algorithms/ma_dreamer/worker.py scan=20ms target_cc=astraea single_flow=1 no_state_pipe=1
[sao-listener] cport=23101 worker=/its/home/mm2350/extra/Olympusv2/olympus/algorithms/ma_dreamer/worker.py scan=20ms target_cc=astraea single_flow=1 no_state_pipe=1
[sao-listener] cport=23102 worker=/its/home/mm2350/extra/Olympusv2/olympus/algorithms/ma_dreamer/worker.py scan=20ms target_cc=astraea single_flow=1 no_state_pipe=1
[sao-listener] cport=23103 worker=/its/home/mm2350/extra/Olympusv2/olympus/algorithms/ma_dreamer/worker.py scan=20ms target_cc=astraea single_flow=1 no_state_pipe=1
[sao-listener] cport=23104 worker=/its/home/mm2350/extra/Olympusv2/olympus/algorithms/ma_dreamer/worker.py scan=20ms target_cc=astraea single_flow=1 no_state_pipe=1
[sao-listener] cport=23105 worker=/its/home/mm2350/extra/Olympusv2/olympus/algorithms/ma_dreamer/worker.py scan=20ms target_cc=astraea single_flow=1 no_state_pipe=1
[sao-listener] cport=23106 worker=/its/home/mm2350/extra/Olympusv2/olympus/algorithms/ma_dreamer/worker.py scan=20ms target_cc=astraea single_flow=1 no_state_pipe=1
[sao-listener] new flow 1 10.0.0.1:23200->10.0.0.8:5203 cc=astraea pid=2468811 child=2474392
[sao-listener] single-flow mode: attached worker; stopping ss scans
[sao-listener flow 1] cport=23200 cc=astraea worker active
[orch] link change t=30.0s bw=59 delay=83
[sao-listener] new flow 1 10.0.0.4:23803->10.0.0.11:5209 cc=astraea pid=2469468 child=2474984
[sao-listener] single-flow mode: attached worker; stopping ss scans
[sao-listener flow 1] cport=23803 cc=astraea worker active
[worker cport=23200 agent=0] loaded checkpoint step=17958
[worker alg=ma_dreamer reward=tempest_fairness_ma cport=23200 agent=0 group=slot2_ep48 flow=1] started interval=20ms det=1 latent=8x8
[orch] link change t=30.0s bw=41 delay=38
[sao-listener] new flow 1 10.0.0.3:23302->10.0.0.10:5204 cc=astraea pid=2472404 child=2475813
[sao-listener] single-flow mode: attached worker; stopping ss scans
[sao-listener flow 1] cport=23302 cc=astraea worker active
[worker cport=23803 agent=3] loaded checkpoint step=17958
[worker alg=ma_dreamer reward=tempest_fairness_ma cport=23803 agent=3 group=slot8_ep41 flow=1] started interval=20ms det=1 latent=8x8
[orch] link change t=30.0s bw=69 delay=57
[multi_ep_plot] saved -> /its/home/mm2350/extra/Olympusv2/benchmarks/benchmark_responsive_fairness/data/ma_dreamer_20260611-175726/7_flows/run40/ep000040_bw68_d84_n7.pdf  return=1535877.0
[ep_plot] ep=40 -> /its/home/mm2350/extra/Olympusv2/benchmarks/benchmark_responsive_fairness/data/ma_dreamer_20260611-175726/7_flows/run40/ep000040_bw68_d84_n7.pdf  return=1535877.0
[orch] ep=40 sum-of-agents return=1535877.0
[responsive_fairness] slot=0 ma_dreamer_20260611-175726 flows=7 run=50
[responsive_fairness] ma_dreamer_20260611-175726 flows=7 run=40 done (190/200)
[slot=0] ep=50  flows=7  bw=73Mbps  delay=44ms  duration=345s  delays=[0.0, 7.5, 15.0, 22.5, 30.0, 37.5, 45.0]  lifetimes=[345.0, 337.5, 330.0, 322.5, 315.0, 307.5, 300.0]
[sao-listener] new flow 1 10.0.0.4:23403->10.0.0.11:5205 cc=astraea pid=2469858 child=2476195
[sao-listener] single-flow mode: attached worker; stopping ss scans
[sao-listener flow 1] cport=23403 cc=astraea worker active
[sao-listener] new flow 1 10.0.0.5:23404->10.0.0.12:5205 cc=astraea pid=2475689 child=2476382
[sao-listener] single-flow mode: attached worker; stopping ss scans
[sao-listener flow 1] cport=23404 cc=astraea worker active
[sao-listener] new flow 1 10.0.0.2:23701->10.0.0.9:5208 cc=astraea pid=2471892 child=2476644
[sao-listener] single-flow mode: attached worker; stopping ss scans
[sao-listener flow 1] cport=23701 cc=astraea worker active
[orch] link change t=30.0s bw=24 delay=32
[worker cport=23302 agent=2] loaded checkpoint step=17958
[worker alg=ma_dreamer reward=tempest_fairness_ma cport=23302 agent=2 group=slot3_ep46 flow=1] started interval=20ms det=1 latent=8x8
[sao-listener] new flow 1 10.0.0.5:23504->10.0.0.12:5206 cc=astraea pid=2476372 child=2477024
[sao-listener] single-flow mode: attached worker; stopping ss scans
[sao-listener flow 1] cport=23504 cc=astraea worker active
[sao-listener] new flow 1 10.0.0.4:23603->10.0.0.11:5207 cc=astraea pid=2473998 child=2477178
[sao-listener] single-flow mode: attached worker; stopping ss scans
[sao-listener flow 1] cport=23603 cc=astraea worker active
[worker cport=23403 agent=3] loaded checkpoint step=17958
[worker alg=ma_dreamer reward=tempest_fairness_ma cport=23403 agent=3 group=slot4_ep42 flow=1] started interval=20ms det=1 latent=8x8
[worker cport=23404 agent=4] loaded checkpoint step=17958
[worker alg=ma_dreamer reward=tempest_fairness_ma cport=23404 agent=4 group=slot4_ep42 flow=1] started interval=20ms det=1 latent=8x8
[orch] link change t=15.0s bw=65 delay=80
[sao-listener] cport=23000 worker=/its/home/mm2350/extra/Olympusv2/olympus/algorithms/ma_dreamer/worker.py scan=20ms target_cc=astraea single_flow=1 no_state_pipe=1
[sao-listener] cport=23001 worker=/its/home/mm2350/extra/Olympusv2/olympus/algorithms/ma_dreamer/worker.py scan=20ms target_cc=astraea single_flow=1 no_state_pipe=1
[sao-listener] cport=23002 worker=/its/home/mm2350/extra/Olympusv2/olympus/algorithms/ma_dreamer/worker.py scan=20ms target_cc=astraea single_flow=1 no_state_pipe=1
[sao-listener] cport=23003 worker=/its/home/mm2350/extra/Olympusv2/olympus/algorithms/ma_dreamer/worker.py scan=20ms target_cc=astraea single_flow=1 no_state_pipe=1
[sao-listener] cport=23004 worker=/its/home/mm2350/extra/Olympusv2/olympus/algorithms/ma_dreamer/worker.py scan=20ms target_cc=astraea single_flow=1 no_state_pipe=1
[sao-listener] cport=23005 worker=/its/home/mm2350/extra/Olympusv2/olympus/algorithms/ma_dreamer/worker.py scan=20ms target_cc=astraea single_flow=1 no_state_pipe=1
[sao-listener] cport=23006 worker=/its/home/mm2350/extra/Olympusv2/olympus/algorithms/ma_dreamer/worker.py scan=20ms target_cc=astraea single_flow=1 no_state_pipe=1
[worker cport=23701 agent=1] loaded checkpoint step=17958
[worker alg=ma_dreamer reward=tempest_fairness_ma cport=23701 agent=1 group=slot7_ep47 flow=1] started interval=20ms det=1 latent=8x8
[worker cport=23504 agent=4] loaded checkpoint step=17958
[worker alg=ma_dreamer reward=tempest_fairness_ma cport=23504 agent=4 group=slot5_ep43 flow=1] started interval=20ms det=1 latent=8x8
[worker cport=23603 agent=3] loaded checkpoint step=17958
[worker alg=ma_dreamer reward=tempest_fairness_ma cport=23603 agent=3 group=slot6_ep45 flow=1] started interval=20ms det=1 latent=8x8
[sao-listener] new flow 1 10.0.0.5:23904->10.0.0.12:5210 cc=astraea pid=2477718 child=2479441
[sao-listener] single-flow mode: attached worker; stopping ss scans
[sao-listener flow 1] cport=23904 cc=astraea worker active
[orch] link change t=30.0s bw=20 delay=48
[worker cport=23904 agent=4] loaded checkpoint step=17958
[worker alg=ma_dreamer reward=tempest_fairness_ma cport=23904 agent=4 group=slot9_ep44 flow=1] started interval=20ms det=1 latent=8x8
[orch] link change t=15.0s bw=26 delay=81
[sao-listener] new flow 1 10.0.0.1:23100->10.0.0.8:5202 cc=astraea pid=2474365 child=2480345
[sao-listener] single-flow mode: attached worker; stopping ss scans
[sao-listener flow 1] cport=23100 cc=astraea worker active
[sao-listener] new flow 1 10.0.0.2:23101->10.0.0.9:5202 cc=astraea pid=2480319 child=2480735
[sao-listener] single-flow mode: attached worker; stopping ss scans
[sao-listener flow 1] cport=23101 cc=astraea worker active
[sao-listener] new flow 1 10.0.0.2:23201->10.0.0.9:5203 cc=astraea pid=2474809 child=2481059
[sao-listener] single-flow mode: attached worker; stopping ss scans
[sao-listener flow 1] cport=23201 cc=astraea worker active
[worker cport=23100 agent=0] loaded checkpoint step=17958
[worker alg=ma_dreamer reward=tempest_fairness_ma cport=23100 agent=0 group=slot1_ep49 flow=1] started interval=20ms det=1 latent=8x8
[worker cport=23101 agent=1] loaded checkpoint step=17958
[worker alg=ma_dreamer reward=tempest_fairness_ma cport=23101 agent=1 group=slot1_ep49 flow=1] started interval=20ms det=1 latent=8x8
[worker cport=23201 agent=1] loaded checkpoint step=17958
[worker alg=ma_dreamer reward=tempest_fairness_ma cport=23201 agent=1 group=slot2_ep48 flow=1] started interval=20ms det=1 latent=8x8
[sao-listener] new flow 1 10.0.0.5:23804->10.0.0.12:5209 cc=astraea pid=2475332 child=2482001
[sao-listener] single-flow mode: attached worker; stopping ss scans
[sao-listener flow 1] cport=23804 cc=astraea worker active
[sao-listener] new flow 1 10.0.0.6:23805->10.0.0.13:5209 cc=astraea pid=2481292 child=2482081
[sao-listener] single-flow mode: attached worker; stopping ss scans
[sao-listener flow 1] cport=23805 cc=astraea worker active
[sao-listener] new flow 1 10.0.0.4:23303->10.0.0.11:5204 cc=astraea pid=2479158 child=2482358
[sao-listener] single-flow mode: attached worker; stopping ss scans
[sao-listener flow 1] cport=23303 cc=astraea worker active
[worker cport=23804 agent=4] loaded checkpoint step=17958
[worker alg=ma_dreamer reward=tempest_fairness_ma cport=23804 agent=4 group=slot8_ep41 flow=1] started interval=20ms det=1 latent=8x8
[worker cport=23805 agent=5] loaded checkpoint step=17958
[worker alg=ma_dreamer reward=tempest_fairness_ma cport=23805 agent=5 group=slot8_ep41 flow=1] started interval=20ms det=1 latent=8x8
[sao-listener] new flow 1 10.0.0.3:23702->10.0.0.10:5208 cc=astraea pid=2478789 child=2483067
[sao-listener] single-flow mode: attached worker; stopping ss scans
[sao-listener flow 1] cport=23702 cc=astraea worker active
[worker cport=23303 agent=3] loaded checkpoint step=17958
[worker alg=ma_dreamer reward=tempest_fairness_ma cport=23303 agent=3 group=slot3_ep46 flow=1] started interval=20ms det=1 latent=8x8
[sao-listener] new flow 1 10.0.0.6:23405->10.0.0.13:5205 cc=astraea pid=2481696 child=2483583
[sao-listener] single-flow mode: attached worker; stopping ss scans
[sao-listener flow 1] cport=23405 cc=astraea worker active
[sao-listener] new flow 1 10.0.0.5:23604->10.0.0.12:5207 cc=astraea pid=2479926 child=2483814
[sao-listener] single-flow mode: attached worker; stopping ss scans
[sao-listener flow 1] cport=23604 cc=astraea worker active
[orch] link change t=30.0s bw=85 delay=39
[worker cport=23702 agent=2] loaded checkpoint step=17958
[worker alg=ma_dreamer reward=tempest_fairness_ma cport=23702 agent=2 group=slot7_ep47 flow=1] started interval=20ms det=1 latent=8x8
[sao-listener] new flow 1 10.0.0.6:23505->10.0.0.13:5206 cc=astraea pid=2482331 child=2484124
[sao-listener] single-flow mode: attached worker; stopping ss scans
[sao-listener flow 1] cport=23505 cc=astraea worker active
[sao-listener] new flow 1 10.0.0.1:23000->10.0.0.8:5201 cc=astraea pid=2478838 child=2484313
[sao-listener] single-flow mode: attached worker; stopping ss scans
[sao-listener flow 1] cport=23000 cc=astraea worker active
[sao-listener] new flow 1 10.0.0.2:23001->10.0.0.9:5201 cc=astraea pid=2484023 child=2484393
[sao-listener] single-flow mode: attached worker; stopping ss scans
[sao-listener flow 1] cport=23001 cc=astraea worker active
[worker cport=23405 agent=5] loaded checkpoint step=17958
[worker alg=ma_dreamer reward=tempest_fairness_ma cport=23405 agent=5 group=slot4_ep42 flow=1] started interval=20ms det=1 latent=8x8
[worker cport=23604 agent=4] loaded checkpoint step=17958
[worker alg=ma_dreamer reward=tempest_fairness_ma cport=23604 agent=4 group=slot6_ep45 flow=1] started interval=20ms det=1 latent=8x8
[worker cport=23505 agent=5] loaded checkpoint step=17958
[worker alg=ma_dreamer reward=tempest_fairness_ma cport=23505 agent=5 group=slot5_ep43 flow=1] started interval=20ms det=1 latent=8x8
[worker cport=23000 agent=0] loaded checkpoint step=17958
[worker alg=ma_dreamer reward=tempest_fairness_ma cport=23000 agent=0 group=slot0_ep50 flow=1] started interval=20ms det=1 latent=8x8
[worker cport=23001 agent=1] loaded checkpoint step=17958
[worker alg=ma_dreamer reward=tempest_fairness_ma cport=23001 agent=1 group=slot0_ep50 flow=1] started interval=20ms det=1 latent=8x8
[orch] link change t=15.0s bw=62 delay=24
[sao-listener] new flow 1 10.0.0.6:23905->10.0.0.13:5210 cc=astraea pid=2483175 child=2485342
[sao-listener] single-flow mode: attached worker; stopping ss scans
[sao-listener flow 1] cport=23905 cc=astraea worker active
[worker cport=23905 agent=5] loaded checkpoint step=17958
[worker alg=ma_dreamer reward=tempest_fairness_ma cport=23905 agent=5 group=slot9_ep44 flow=1] started interval=20ms det=1 latent=8x8
[sao-listener] new flow 1 10.0.0.3:23102->10.0.0.10:5202 cc=astraea pid=2485725 child=2486115
[sao-listener] single-flow mode: attached worker; stopping ss scans
[sao-listener flow 1] cport=23102 cc=astraea worker active
[orch] link change t=45.0s bw=98 delay=46
[sao-listener] new flow 1 10.0.0.3:23202->10.0.0.10:5203 cc=astraea pid=2480722 child=2486428
[sao-listener] single-flow mode: attached worker; stopping ss scans
[sao-listener flow 1] cport=23202 cc=astraea worker active
[orch] link change t=45.0s bw=27 delay=23
[sao-listener] new flow 1 10.0.0.4:23203->10.0.0.11:5203 cc=astraea pid=2486092 child=2486564
[sao-listener] single-flow mode: attached worker; stopping ss scans
[sao-listener flow 1] cport=23203 cc=astraea worker active
[worker cport=23102 agent=2] loaded checkpoint step=17958
[worker alg=ma_dreamer reward=tempest_fairness_ma cport=23102 agent=2 group=slot1_ep49 flow=1] started interval=20ms det=1 latent=8x8
[orch] link change t=45.0s bw=95 delay=99
[worker cport=23202 agent=2] loaded checkpoint step=17958
[worker alg=ma_dreamer reward=tempest_fairness_ma cport=23202 agent=2 group=slot2_ep48 flow=1] started interval=20ms det=1 latent=8x8
[worker cport=23203 agent=3] loaded checkpoint step=17958
[worker alg=ma_dreamer reward=tempest_fairness_ma cport=23203 agent=3 group=slot2_ep48 flow=1] started interval=20ms det=1 latent=8x8
[orch] link change t=45.0s bw=58 delay=38
[sao-listener] new flow 1 10.0.0.5:23304->10.0.0.12:5204 cc=astraea pid=2484456 child=2487792
[sao-listener] single-flow mode: attached worker; stopping ss scans
[sao-listener flow 1] cport=23304 cc=astraea worker active
[sao-listener] new flow 1 10.0.0.7:23806->10.0.0.14:5209 cc=astraea pid=2486547 child=2487883
[sao-listener] single-flow mode: attached worker; stopping ss scans
[sao-listener flow 1] cport=23806 cc=astraea worker active
[orch] link change t=30.0s bw=68 delay=83
[orch] link change t=15.0s bw=56 delay=91
[sao-listener] new flow 1 10.0.0.4:23703->10.0.0.11:5208 cc=astraea pid=2483969 child=2488292
[sao-listener] single-flow mode: attached worker; stopping ss scans
[sao-listener flow 1] cport=23703 cc=astraea worker active
[worker cport=23304 agent=4] loaded checkpoint step=17958
[worker alg=ma_dreamer reward=tempest_fairness_ma cport=23304 agent=4 group=slot3_ep46 flow=1] started interval=20ms det=1 latent=8x8
[worker cport=23806 agent=6] loaded checkpoint step=17958
[worker alg=ma_dreamer reward=tempest_fairness_ma cport=23806 agent=6 group=slot8_ep41 flow=1] started interval=20ms det=1 latent=8x8
[sao-listener] new flow 1 10.0.0.7:23406->10.0.0.14:5205 cc=astraea pid=2486939 child=2488721
[sao-listener] single-flow mode: attached worker; stopping ss scans
[sao-listener flow 1] cport=23406 cc=astraea worker active
[worker cport=23703 agent=3] loaded checkpoint step=17958
[worker alg=ma_dreamer reward=tempest_fairness_ma cport=23703 agent=3 group=slot7_ep47 flow=1] started interval=20ms det=1 latent=8x8
[sao-listener] new flow 1 10.0.0.7:23506->10.0.0.14:5206 cc=astraea pid=2487424 child=2489019
[sao-listener] single-flow mode: attached worker; stopping ss scans
[sao-listener flow 1] cport=23506 cc=astraea worker active
[sao-listener] new flow 1 10.0.0.6:23605->10.0.0.13:5207 cc=astraea pid=2485418 child=2489097
[sao-listener] single-flow mode: attached worker; stopping ss scans
[sao-listener flow 1] cport=23605 cc=astraea worker active
[sao-listener] new flow 1 10.0.0.3:23002->10.0.0.10:5201 cc=astraea pid=2488638 child=2489235
[sao-listener] single-flow mode: attached worker; stopping ss scans
[sao-listener flow 1] cport=23002 cc=astraea worker active
[orch] link change t=45.0s bw=53 delay=12
[worker cport=23406 agent=6] loaded checkpoint step=17958
[worker alg=ma_dreamer reward=tempest_fairness_ma cport=23406 agent=6 group=slot4_ep42 flow=1] started interval=20ms det=1 latent=8x8
[worker cport=23506 agent=6] loaded checkpoint step=17958
[worker alg=ma_dreamer reward=tempest_fairness_ma cport=23506 agent=6 group=slot5_ep43 flow=1] started interval=20ms det=1 latent=8x8
[worker cport=23605 agent=5] loaded checkpoint step=17958
[worker alg=ma_dreamer reward=tempest_fairness_ma cport=23605 agent=5 group=slot6_ep45 flow=1] started interval=20ms det=1 latent=8x8
[worker cport=23002 agent=2] loaded checkpoint step=17958
[worker alg=ma_dreamer reward=tempest_fairness_ma cport=23002 agent=2 group=slot0_ep50 flow=1] started interval=20ms det=1 latent=8x8
[orch] link change t=30.0s bw=78 delay=48
[sao-listener] new flow 1 10.0.0.7:23906->10.0.0.14:5210 cc=astraea pid=2488020 child=2490077
[sao-listener] single-flow mode: attached worker; stopping ss scans
[sao-listener flow 1] cport=23906 cc=astraea worker active
[sao-listener] new flow 1 10.0.0.4:23103->10.0.0.11:5202 cc=astraea pid=2489965 child=2490374
[sao-listener] single-flow mode: attached worker; stopping ss scans
[sao-listener flow 1] cport=23103 cc=astraea worker active
[worker cport=23906 agent=6] loaded checkpoint step=17958
[worker alg=ma_dreamer reward=tempest_fairness_ma cport=23906 agent=6 group=slot9_ep44 flow=1] started interval=20ms det=1 latent=8x8
[sao-listener] new flow 1 10.0.0.5:23204->10.0.0.12:5203 cc=astraea pid=2490237 child=2490604
[sao-listener] single-flow mode: attached worker; stopping ss scans
[sao-listener flow 1] cport=23204 cc=astraea worker active
[worker cport=23103 agent=3] loaded checkpoint step=17958
[worker alg=ma_dreamer reward=tempest_fairness_ma cport=23103 agent=3 group=slot1_ep49 flow=1] started interval=20ms det=1 latent=8x8
[worker cport=23204 agent=4] loaded checkpoint step=17958
[worker alg=ma_dreamer reward=tempest_fairness_ma cport=23204 agent=4 group=slot2_ep48 flow=1] started interval=20ms det=1 latent=8x8
[sao-listener] new flow 1 10.0.0.6:23305->10.0.0.13:5204 cc=astraea pid=2488949 child=2491488
[sao-listener] single-flow mode: attached worker; stopping ss scans
[sao-listener flow 1] cport=23305 cc=astraea worker active
[sao-listener] new flow 1 10.0.0.5:23704->10.0.0.12:5208 cc=astraea pid=2488597 child=2491699
[sao-listener] single-flow mode: attached worker; stopping ss scans
[sao-listener flow 1] cport=23704 cc=astraea worker active
[worker cport=23305 agent=5] loaded checkpoint step=17958
[worker alg=ma_dreamer reward=tempest_fairness_ma cport=23305 agent=5 group=slot3_ep46 flow=1] started interval=20ms det=1 latent=8x8
[orch] link change t=45.0s bw=91 delay=76
[worker cport=23704 agent=4] loaded checkpoint step=17958
[worker alg=ma_dreamer reward=tempest_fairness_ma cport=23704 agent=4 group=slot7_ep47 flow=1] started interval=20ms det=1 latent=8x8
[sao-listener] new flow 1 10.0.0.7:23606->10.0.0.14:5207 cc=astraea pid=2489711 child=2492113
[sao-listener] single-flow mode: attached worker; stopping ss scans
[sao-listener flow 1] cport=23606 cc=astraea worker active
[sao-listener] new flow 1 10.0.0.4:23003->10.0.0.11:5201 cc=astraea pid=2491907 child=2492292
[sao-listener] single-flow mode: attached worker; stopping ss scans
[sao-listener flow 1] cport=23003 cc=astraea worker active
[worker cport=23606 agent=6] loaded checkpoint step=17958
[worker alg=ma_dreamer reward=tempest_fairness_ma cport=23606 agent=6 group=slot6_ep45 flow=1] started interval=20ms det=1 latent=8x8
[orch] link change t=30.0s bw=51 delay=80
[worker cport=23003 agent=3] loaded checkpoint step=17958
[worker alg=ma_dreamer reward=tempest_fairness_ma cport=23003 agent=3 group=slot0_ep50 flow=1] started interval=20ms det=1 latent=8x8
[orch] link change t=60.0s bw=80 delay=45
[orch] link change t=60.0s bw=96 delay=79
[sao-listener] new flow 1 10.0.0.5:23104->10.0.0.12:5202 cc=astraea pid=2492688 child=2493010
[sao-listener] single-flow mode: attached worker; stopping ss scans
[sao-listener flow 1] cport=23104 cc=astraea worker active
[sao-listener] new flow 1 10.0.0.6:23205->10.0.0.13:5203 cc=astraea pid=2492830 child=2493133
[sao-listener] single-flow mode: attached worker; stopping ss scans
[sao-listener flow 1] cport=23205 cc=astraea worker active
[orch] link change t=60.0s bw=22 delay=68
[worker cport=23104 agent=4] loaded checkpoint step=17958
[worker alg=ma_dreamer reward=tempest_fairness_ma cport=23104 agent=4 group=slot1_ep49 flow=1] started interval=20ms det=1 latent=8x8
[worker cport=23205 agent=5] loaded checkpoint step=17958
[worker alg=ma_dreamer reward=tempest_fairness_ma cport=23205 agent=5 group=slot2_ep48 flow=1] started interval=20ms det=1 latent=8x8
[orch] link change t=60.0s bw=47 delay=13
[orch] link change t=45.0s bw=53 delay=42
[sao-listener] new flow 1 10.0.0.7:23306->10.0.0.14:5204 cc=astraea pid=2492086 child=2493721
[sao-listener] single-flow mode: attached worker; stopping ss scans
[sao-listener flow 1] cport=23306 cc=astraea worker active
[orch] link change t=30.0s bw=41 delay=98
[sao-listener] new flow 1 10.0.0.6:23705->10.0.0.13:5208 cc=astraea pid=2491880 child=2493875
[sao-listener] single-flow mode: attached worker; stopping ss scans
[sao-listener flow 1] cport=23705 cc=astraea worker active
[worker cport=23306 agent=6] loaded checkpoint step=17958
[worker alg=ma_dreamer reward=tempest_fairness_ma cport=23306 agent=6 group=slot3_ep46 flow=1] started interval=20ms det=1 latent=8x8
[worker cport=23705 agent=5] loaded checkpoint step=17958
[worker alg=ma_dreamer reward=tempest_fairness_ma cport=23705 agent=5 group=slot7_ep47 flow=1] started interval=20ms det=1 latent=8x8
[orch] link change t=60.0s bw=19 delay=71
[sao-listener] new flow 1 10.0.0.5:23004->10.0.0.12:5201 cc=astraea pid=2493938 child=2494231
[sao-listener] single-flow mode: attached worker; stopping ss scans
[sao-listener flow 1] cport=23004 cc=astraea worker active
[worker cport=23004 agent=4] loaded checkpoint step=17958
[worker alg=ma_dreamer reward=tempest_fairness_ma cport=23004 agent=4 group=slot0_ep50 flow=1] started interval=20ms det=1 latent=8x8
[orch] link change t=45.0s bw=74 delay=34
[sao-listener] new flow 1 10.0.0.6:23105->10.0.0.13:5202 cc=astraea pid=2494468 child=2494636
[sao-listener] single-flow mode: attached worker; stopping ss scans
[sao-listener flow 1] cport=23105 cc=astraea worker active
[sao-listener] new flow 1 10.0.0.7:23206->10.0.0.14:5203 cc=astraea pid=2494541 child=2494738
[sao-listener] single-flow mode: attached worker; stopping ss scans
[sao-listener flow 1] cport=23206 cc=astraea worker active
[worker cport=23105 agent=5] loaded checkpoint step=17958
[worker alg=ma_dreamer reward=tempest_fairness_ma cport=23105 agent=5 group=slot1_ep49 flow=1] started interval=20ms det=1 latent=8x8
[worker cport=23206 agent=6] loaded checkpoint step=17958
[worker alg=ma_dreamer reward=tempest_fairness_ma cport=23206 agent=6 group=slot2_ep48 flow=1] started interval=20ms det=1 latent=8x8
[orch] link change t=60.0s bw=29 delay=84
[sao-listener] new flow 1 10.0.0.7:23706->10.0.0.14:5208 cc=astraea pid=2493906 child=2495147
[sao-listener] single-flow mode: attached worker; stopping ss scans
[sao-listener flow 1] cport=23706 cc=astraea worker active
[worker cport=23706 agent=6] loaded checkpoint step=17958
[worker alg=ma_dreamer reward=tempest_fairness_ma cport=23706 agent=6 group=slot7_ep47 flow=1] started interval=20ms det=1 latent=8x8
[sao-listener] new flow 1 10.0.0.6:23005->10.0.0.13:5201 cc=astraea pid=2495138 child=2495315
[sao-listener] single-flow mode: attached worker; stopping ss scans
[sao-listener flow 1] cport=23005 cc=astraea worker active
[orch] link change t=45.0s bw=75 delay=16
[worker cport=23005 agent=5] loaded checkpoint step=17958
[worker alg=ma_dreamer reward=tempest_fairness_ma cport=23005 agent=5 group=slot0_ep50 flow=1] started interval=20ms det=1 latent=8x8
[orch] link change t=75.0s bw=59 delay=83
[orch] link change t=75.0s bw=21 delay=85
[sao-listener] new flow 1 10.0.0.7:23106->10.0.0.14:5202 cc=astraea pid=2495457 child=2495537
[sao-listener] single-flow mode: attached worker; stopping ss scans
[sao-listener flow 1] cport=23106 cc=astraea worker active
[orch] link change t=75.0s bw=86 delay=73
[worker cport=23106 agent=6] loaded checkpoint step=17958
[worker alg=ma_dreamer reward=tempest_fairness_ma cport=23106 agent=6 group=slot1_ep49 flow=1] started interval=20ms det=1 latent=8x8
[orch] link change t=75.0s bw=38 delay=24
[orch] link change t=60.0s bw=75 delay=59
[orch] link change t=45.0s bw=70 delay=52
[orch] link change t=75.0s bw=11 delay=24
[sao-listener] new flow 1 10.0.0.7:23006->10.0.0.14:5201 cc=astraea pid=2495736 child=2495785
[sao-listener] single-flow mode: attached worker; stopping ss scans
[sao-listener flow 1] cport=23006 cc=astraea worker active
[orch] link change t=60.0s bw=65 delay=31
[worker cport=23006 agent=6] loaded checkpoint step=17958
[worker alg=ma_dreamer reward=tempest_fairness_ma cport=23006 agent=6 group=slot0_ep50 flow=1] started interval=20ms det=1 latent=8x8
[orch] link change t=75.0s bw=78 delay=14
[orch] link change t=60.0s bw=97 delay=15
[orch] link change t=90.0s bw=11 delay=41
[orch] link change t=90.0s bw=64 delay=14
[orch] link change t=90.0s bw=87 delay=12
[orch] link change t=90.0s bw=82 delay=11
[orch] link change t=75.0s bw=60 delay=88
[orch] link change t=60.0s bw=20 delay=78
[orch] link change t=90.0s bw=46 delay=25
[orch] link change t=75.0s bw=29 delay=94
[orch] link change t=90.0s bw=13 delay=18
[orch] link change t=75.0s bw=45 delay=29
[orch] link change t=105.0s bw=94 delay=12
[orch] link change t=105.0s bw=13 delay=21
[orch] link change t=105.0s bw=75 delay=65
[orch] link change t=105.0s bw=22 delay=30
[orch] link change t=90.0s bw=15 delay=63
[orch] link change t=75.0s bw=50 delay=38
[orch] link change t=105.0s bw=49 delay=93
[orch] link change t=90.0s bw=23 delay=73
[orch] link change t=105.0s bw=50 delay=90
[orch] link change t=90.0s bw=68 delay=15
[orch] link change t=120.0s bw=66 delay=29
[orch] link change t=120.0s bw=37 delay=39
[orch] link change t=120.0s bw=83 delay=57
[orch] link change t=120.0s bw=75 delay=98
[orch] link change t=105.0s bw=94 delay=13
[orch] link change t=90.0s bw=96 delay=81
[orch] link change t=120.0s bw=14 delay=89
[orch] link change t=105.0s bw=93 delay=38
[orch] link change t=120.0s bw=16 delay=13
[orch] link change t=105.0s bw=90 delay=79
[orch] link change t=135.0s bw=29 delay=50
[orch] link change t=135.0s bw=74 delay=87
[orch] link change t=135.0s bw=89 delay=80
[orch] link change t=135.0s bw=48 delay=98
[orch] link change t=120.0s bw=23 delay=10
[orch] link change t=105.0s bw=20 delay=29
[orch] link change t=135.0s bw=18 delay=27
[orch] link change t=120.0s bw=37 delay=75
[orch] link change t=135.0s bw=27 delay=80
[orch] link change t=120.0s bw=74 delay=38
[orch] link change t=150.0s bw=31 delay=42
[orch] link change t=150.0s bw=13 delay=81
[orch] link change t=150.0s bw=65 delay=60
[orch] link change t=150.0s bw=91 delay=58
[orch] link change t=135.0s bw=43 delay=71
[orch] link change t=120.0s bw=54 delay=22
[orch] link change t=150.0s bw=44 delay=29
[orch] link change t=135.0s bw=81 delay=75
[orch] link change t=150.0s bw=47 delay=77
[orch] link change t=135.0s bw=87 delay=46
[orch] link change t=165.0s bw=93 delay=98
[orch] link change t=165.0s bw=35 delay=93
[orch] link change t=165.0s bw=32 delay=17
[orch] link change t=165.0s bw=85 delay=61
[orch] link change t=150.0s bw=79 delay=11
[orch] link change t=135.0s bw=54 delay=50
[orch] link change t=165.0s bw=37 delay=64
[orch] link change t=150.0s bw=29 delay=70
[orch] link change t=165.0s bw=52 delay=21
[orch] link change t=150.0s bw=83 delay=57
[orch] link change t=180.0s bw=89 delay=84
[orch] link change t=180.0s bw=99 delay=79
[orch] link change t=180.0s bw=23 delay=25
[orch] link change t=180.0s bw=98 delay=95
[orch] link change t=165.0s bw=50 delay=82
[orch] link change t=150.0s bw=38 delay=34
[orch] link change t=180.0s bw=19 delay=88
[orch] link change t=165.0s bw=37 delay=13
[orch] link change t=180.0s bw=60 delay=100
[orch] link change t=165.0s bw=61 delay=13
[orch] link change t=195.0s bw=17 delay=25
[orch] link change t=195.0s bw=63 delay=38
[orch] link change t=195.0s bw=58 delay=29
[orch] link change t=195.0s bw=51 delay=55
[orch] link change t=180.0s bw=64 delay=39
[orch] link change t=165.0s bw=18 delay=52
[orch] link change t=195.0s bw=62 delay=28
[orch] link change t=180.0s bw=19 delay=64
[orch] link change t=195.0s bw=71 delay=56
[orch] link change t=180.0s bw=41 delay=27
[orch] link change t=210.0s bw=85 delay=14
[orch] link change t=210.0s bw=67 delay=85
[orch] link change t=210.0s bw=22 delay=30
[orch] link change t=210.0s bw=19 delay=53
[orch] link change t=195.0s bw=40 delay=76
[orch] link change t=180.0s bw=87 delay=87
[orch] link change t=210.0s bw=99 delay=17
[orch] link change t=195.0s bw=18 delay=26
[orch] link change t=210.0s bw=29 delay=70
[orch] link change t=195.0s bw=22 delay=64
[orch] link change t=225.0s bw=65 delay=46
[orch] link change t=225.0s bw=45 delay=10
[orch] link change t=225.0s bw=75 delay=73
[orch] link change t=225.0s bw=46 delay=89
[orch] link change t=210.0s bw=75 delay=55
[orch] link change t=195.0s bw=64 delay=91
[orch] link change t=225.0s bw=14 delay=32
[orch] link change t=210.0s bw=73 delay=96
[orch] link change t=225.0s bw=69 delay=19
[orch] link change t=210.0s bw=58 delay=51
[orch] link change t=240.0s bw=37 delay=19
[orch] link change t=240.0s bw=30 delay=99
[orch] link change t=240.0s bw=26 delay=59
[orch] link change t=240.0s bw=30 delay=24
[orch] link change t=225.0s bw=66 delay=40
[orch] link change t=210.0s bw=21 delay=18
[orch] link change t=240.0s bw=51 delay=42
[orch] link change t=225.0s bw=30 delay=26
[orch] link change t=240.0s bw=68 delay=99
[orch] link change t=225.0s bw=55 delay=44
[orch] link change t=255.0s bw=56 delay=70
[orch] link change t=255.0s bw=64 delay=53
[orch] link change t=255.0s bw=86 delay=74
[orch] link change t=255.0s bw=75 delay=18
[orch] link change t=240.0s bw=14 delay=81
[orch] link change t=225.0s bw=98 delay=87
[orch] link change t=255.0s bw=55 delay=50
[orch] link change t=240.0s bw=17 delay=99
[orch] link change t=255.0s bw=79 delay=89
[orch] link change t=240.0s bw=93 delay=61
[orch] link change t=270.0s bw=26 delay=81
[orch] link change t=270.0s bw=45 delay=29
[orch] link change t=270.0s bw=44 delay=83
[orch] link change t=270.0s bw=85 delay=22
[orch] link change t=255.0s bw=57 delay=98
[orch] link change t=240.0s bw=52 delay=98
[orch] link change t=270.0s bw=22 delay=62
[orch] link change t=255.0s bw=80 delay=47
[orch] link change t=270.0s bw=24 delay=65
[orch] link change t=255.0s bw=88 delay=89
[orch] link change t=285.0s bw=95 delay=12
[orch] link change t=285.0s bw=37 delay=53
[orch] link change t=285.0s bw=33 delay=58
[orch] link change t=285.0s bw=44 delay=50
[orch] link change t=270.0s bw=55 delay=86
[orch] link change t=255.0s bw=92 delay=65
[orch] link change t=285.0s bw=21 delay=12
[orch] link change t=270.0s bw=53 delay=99
[orch] link change t=285.0s bw=38 delay=53
[orch] link change t=270.0s bw=16 delay=94
[orch] link change t=300.0s bw=25 delay=22
[orch] link change t=300.0s bw=23 delay=21
[orch] link change t=300.0s bw=18 delay=16
[orch] link change t=300.0s bw=23 delay=90
[orch] link change t=285.0s bw=53 delay=81
[orch] link change t=270.0s bw=10 delay=39
[orch] link change t=300.0s bw=52 delay=50
[orch] link change t=285.0s bw=53 delay=22
[orch] link change t=300.0s bw=74 delay=66
[orch] link change t=285.0s bw=62 delay=98
[orch] link change t=315.0s bw=28 delay=98
[orch] link change t=315.0s bw=58 delay=22
[orch] link change t=315.0s bw=84 delay=17
[orch] link change t=315.0s bw=47 delay=14
[orch] link change t=300.0s bw=83 delay=35
[orch] link change t=285.0s bw=53 delay=44
[orch] link change t=315.0s bw=59 delay=99
[orch] link change t=300.0s bw=40 delay=44
[orch] link change t=315.0s bw=45 delay=29
[orch] link change t=300.0s bw=79 delay=88
[orch] link change t=330.0s bw=32 delay=16
[orch] link change t=330.0s bw=55 delay=54
[orch] link change t=330.0s bw=33 delay=17
[orch] link change t=330.0s bw=54 delay=59
[orch] link change t=315.0s bw=40 delay=14
[orch] link change t=300.0s bw=65 delay=99
[orch] link change t=330.0s bw=77 delay=94
[orch] link change t=315.0s bw=43 delay=92
[orch] link change t=330.0s bw=23 delay=86
[orch] link change t=315.0s bw=36 delay=93
[orch] link change t=330.0s bw=26 delay=52
[orch] link change t=315.0s bw=23 delay=35
[orch] link change t=330.0s bw=11 delay=83
[multi_ep_plot] saved -> /its/home/mm2350/extra/Olympusv2/benchmarks/benchmark_responsive_fairness/data/ma_dreamer_20260611-175726/7_flows/run41/ep000041_bw58_d52_n7.pdf  return=1420465.8
[ep_plot] ep=41 -> /its/home/mm2350/extra/Olympusv2/benchmarks/benchmark_responsive_fairness/data/ma_dreamer_20260611-175726/7_flows/run41/ep000041_bw58_d52_n7.pdf  return=1420465.796875
[orch] ep=41 sum-of-agents return=1420465.8
[responsive_fairness] ma_dreamer_20260611-175726 flows=7 run=41 done (191/200)
[multi_ep_plot] saved -> /its/home/mm2350/extra/Olympusv2/benchmarks/benchmark_responsive_fairness/data/ma_dreamer_20260611-175726/7_flows/run42/ep000042_bw91_d24_n7.pdf  return=1361517.9
[ep_plot] ep=42 -> /its/home/mm2350/extra/Olympusv2/benchmarks/benchmark_responsive_fairness/data/ma_dreamer_20260611-175726/7_flows/run42/ep000042_bw91_d24_n7.pdf  return=1361517.859375
[orch] ep=42 sum-of-agents return=1361517.9
[responsive_fairness] ma_dreamer_20260611-175726 flows=7 run=42 done (192/200)
[multi_ep_plot] saved -> /its/home/mm2350/extra/Olympusv2/benchmarks/benchmark_responsive_fairness/data/ma_dreamer_20260611-175726/7_flows/run43/ep000043_bw14_d46_n7.pdf  return=1469063.8
[ep_plot] ep=43 -> /its/home/mm2350/extra/Olympusv2/benchmarks/benchmark_responsive_fairness/data/ma_dreamer_20260611-175726/7_flows/run43/ep000043_bw14_d46_n7.pdf  return=1469063.828125
[orch] ep=43 sum-of-agents return=1469063.8
[responsive_fairness] ma_dreamer_20260611-175726 flows=7 run=43 done (193/200)
[orch] link change t=330.0s bw=18 delay=82
[multi_ep_plot] saved -> /its/home/mm2350/extra/Olympusv2/benchmarks/benchmark_responsive_fairness/data/ma_dreamer_20260611-175726/7_flows/run44/ep000044_bw62_d76_n7.pdf  return=1565492.8
[ep_plot] ep=44 -> /its/home/mm2350/extra/Olympusv2/benchmarks/benchmark_responsive_fairness/data/ma_dreamer_20260611-175726/7_flows/run44/ep000044_bw62_d76_n7.pdf  return=1565492.765625
[orch] ep=44 sum-of-agents return=1565492.8
[responsive_fairness] ma_dreamer_20260611-175726 flows=7 run=44 done (194/200)
[multi_ep_plot] saved -> /its/home/mm2350/extra/Olympusv2/benchmarks/benchmark_responsive_fairness/data/ma_dreamer_20260611-175726/7_flows/run45/ep000045_bw44_d63_n7.pdf  return=1295477.9
[ep_plot] ep=45 -> /its/home/mm2350/extra/Olympusv2/benchmarks/benchmark_responsive_fairness/data/ma_dreamer_20260611-175726/7_flows/run45/ep000045_bw44_d63_n7.pdf  return=1295477.9375
[orch] ep=45 sum-of-agents return=1295477.9
[responsive_fairness] ma_dreamer_20260611-175726 flows=7 run=45 done (195/200)
[orch] link change t=330.0s bw=66 delay=44
[multi_ep_plot] saved -> /its/home/mm2350/extra/Olympusv2/benchmarks/benchmark_responsive_fairness/data/ma_dreamer_20260611-175726/7_flows/run46/ep000046_bw19_d61_n7.pdf  return=1344886.0
[ep_plot] ep=46 -> /its/home/mm2350/extra/Olympusv2/benchmarks/benchmark_responsive_fairness/data/ma_dreamer_20260611-175726/7_flows/run46/ep000046_bw19_d61_n7.pdf  return=1344886.015625
[orch] ep=46 sum-of-agents return=1344886.0
[responsive_fairness] ma_dreamer_20260611-175726 flows=7 run=46 done (196/200)
[multi_ep_plot] saved -> /its/home/mm2350/extra/Olympusv2/benchmarks/benchmark_responsive_fairness/data/ma_dreamer_20260611-175726/7_flows/run47/ep000047_bw55_d18_n7.pdf  return=1416847.4
[ep_plot] ep=47 -> /its/home/mm2350/extra/Olympusv2/benchmarks/benchmark_responsive_fairness/data/ma_dreamer_20260611-175726/7_flows/run47/ep000047_bw55_d18_n7.pdf  return=1416847.4375
[orch] ep=47 sum-of-agents return=1416847.4
[responsive_fairness] ma_dreamer_20260611-175726 flows=7 run=47 done (197/200)
[multi_ep_plot] saved -> /its/home/mm2350/extra/Olympusv2/benchmarks/benchmark_responsive_fairness/data/ma_dreamer_20260611-175726/7_flows/run48/ep000048_bw80_d50_n7.pdf  return=1403795.6
[ep_plot] ep=48 -> /its/home/mm2350/extra/Olympusv2/benchmarks/benchmark_responsive_fairness/data/ma_dreamer_20260611-175726/7_flows/run48/ep000048_bw80_d50_n7.pdf  return=1403795.578125
[orch] ep=48 sum-of-agents return=1403795.6
[responsive_fairness] ma_dreamer_20260611-175726 flows=7 run=48 done (198/200)
[multi_ep_plot] saved -> /its/home/mm2350/extra/Olympusv2/benchmarks/benchmark_responsive_fairness/data/ma_dreamer_20260611-175726/7_flows/run49/ep000049_bw18_d54_n7.pdf  return=1429774.0
[ep_plot] ep=49 -> /its/home/mm2350/extra/Olympusv2/benchmarks/benchmark_responsive_fairness/data/ma_dreamer_20260611-175726/7_flows/run49/ep000049_bw18_d54_n7.pdf  return=1429773.96875
[orch] ep=49 sum-of-agents return=1429774.0
[responsive_fairness] ma_dreamer_20260611-175726 flows=7 run=49 done (199/200)
[multi_ep_plot] saved -> /its/home/mm2350/extra/Olympusv2/benchmarks/benchmark_responsive_fairness/data/ma_dreamer_20260611-175726/7_flows/run50/ep000050_bw73_d44_n7.pdf  return=1538054.6
[ep_plot] ep=50 -> /its/home/mm2350/extra/Olympusv2/benchmarks/benchmark_responsive_fairness/data/ma_dreamer_20260611-175726/7_flows/run50/ep000050_bw73_d44_n7.pdf  return=1538054.640625
[orch] ep=50 sum-of-agents return=1538054.6
[responsive_fairness] ma_dreamer_20260611-175726 flows=7 run=50 done (200/200)
[orch] runtime cleanup sweep
[responsive_fairness] done; data checked and missing trials attempted; metrics=/its/home/mm2350/extra/Olympusv2/benchmarks/benchmark_responsive_fairness/data/ma_dreamer_20260611-175726/metrics.csv
